ISO-10303-21;
HEADER;
FILE_DESCRIPTION(('FreeCAD Model'),'2;1');
FILE_NAME('Open CASCADE Shape Model','2026-07-23T00:40:17',('FreeCAD'),(
    'FreeCAD'),'Open CASCADE STEP processor 7.8','FreeCAD','Unknown');
FILE_SCHEMA(('AUTOMOTIVE_DESIGN { 1 0 10303 214 1 1 1 1 }'));
ENDSEC;
DATA;
#1 = APPLICATION_PROTOCOL_DEFINITION('international standard',
  'automotive_design',2000,#2);
#2 = APPLICATION_CONTEXT(
  'core data for automotive mechanical design processes');
#3 = SHAPE_DEFINITION_REPRESENTATION(#4,#10);
#4 = PRODUCT_DEFINITION_SHAPE('','',#5);
#5 = PRODUCT_DEFINITION('design','',#6,#9);
#6 = PRODUCT_DEFINITION_FORMATION('','',#7);
#7 = PRODUCT('Open CASCADE STEP translator 7.8 12',
  'Open CASCADE STEP translator 7.8 12','',(#8));
#8 = PRODUCT_CONTEXT('',#2,'mechanical');
#9 = PRODUCT_DEFINITION_CONTEXT('part definition',#2,'design');
#10 = SHAPE_REPRESENTATION('',(#11,#15,#5431,#6109,#6397,#7389,#8128,
    #8873,#9357),#10302);
#11 = AXIS2_PLACEMENT_3D('',#12,#13,#14);
#12 = CARTESIAN_POINT('',(0.,0.,0.));
#13 = DIRECTION('',(0.,0.,1.));
#14 = DIRECTION('',(1.,0.,-0.));
#15 = MANIFOLD_SOLID_BREP('',#16);
#16 = CLOSED_SHELL('',(#17,#45,#70,#131,#157,#190,#222,#254,#286,#311,
    #335,#359,#412,#429,#441,#458,#470,#516,#541,#1580,#1600,#1631,#1657
    ,#1683,#1709,#1735,#1761,#1787,#1813,#1839,#1865,#1889,#1915,#1941,
    #1967,#1993,#2019,#2045,#2071,#2097,#2121,#2138,#2169,#2193,#2217,
    #2241,#2265,#2289,#2313,#2337,#2361,#2385,#2402,#2433,#2457,#2481,
    #2505,#2529,#2553,#2577,#2601,#2625,#2649,#2673,#2697,#2721,#2745,
    #2769,#2793,#2817,#2841,#2865,#2882,#2913,#2937,#2961,#2987,#3013,
    #3039,#3063,#3087,#3111,#3137,#3163,#3189,#3215,#3241,#3267,#3293,
    #3317,#3334,#3365,#3389,#3415,#3441,#3465,#3491,#3515,#3532,#3565,
    #3591,#3617,#3643,#3669,#3695,#3721,#3747,#3773,#3799,#3825,#3851,
    #3875,#3901,#3927,#3953,#3979,#4005,#4031,#4055,#4081,#4107,#4133,
    #4159,#4185,#4211,#4237,#4254,#4287,#4313,#4339,#4365,#4391,#4417,
    #4443,#4467,#4491,#4515,#4539,#4563,#4587,#4613,#4639,#4665,#4691,
    #4717,#4743,#4769,#4786,#4811,#4840,#4885,#4913,#5013,#5029,#5065,
    #5094,#5103,#5134,#5158,#5175,#5206,#5230,#5254,#5280,#5306,#5332,
    #5358,#5384,#5403,#5414));
#17 = ADVANCED_FACE('',(#18,#29),#40,.F.);
#18 = FACE_BOUND('',#19,.T.);
#19 = EDGE_LOOP('',(#20));
#20 = ORIENTED_EDGE('',*,*,#21,.F.);
#21 = EDGE_CURVE('',#22,#22,#24,.T.);
#22 = VERTEX_POINT('',#23);
#23 = CARTESIAN_POINT('',(15.,0.,0.));
#24 = CIRCLE('',#25,15.);
#25 = AXIS2_PLACEMENT_3D('',#26,#27,#28);
#26 = CARTESIAN_POINT('',(0.,0.,0.));
#27 = DIRECTION('',(0.,0.,1.));
#28 = DIRECTION('',(1.,0.,0.));
#29 = FACE_BOUND('',#30,.T.);
#30 = EDGE_LOOP('',(#31));
#31 = ORIENTED_EDGE('',*,*,#32,.T.);
#32 = EDGE_CURVE('',#33,#33,#35,.T.);
#33 = VERTEX_POINT('',#34);
#34 = CARTESIAN_POINT('',(9.9,-2.424800662312E-15,0.));
#35 = CIRCLE('',#36,9.9);
#36 = AXIS2_PLACEMENT_3D('',#37,#38,#39);
#37 = CARTESIAN_POINT('',(0.,0.,0.));
#38 = DIRECTION('',(0.,0.,1.));
#39 = DIRECTION('',(1.,0.,0.));
#40 = PLANE('',#41);
#41 = AXIS2_PLACEMENT_3D('',#42,#43,#44);
#42 = CARTESIAN_POINT('',(0.,0.,0.));
#43 = DIRECTION('',(0.,0.,1.));
#44 = DIRECTION('',(1.,0.,0.));
#45 = ADVANCED_FACE('',(#46),#65,.T.);
#46 = FACE_BOUND('',#47,.T.);
#47 = EDGE_LOOP('',(#48,#56,#57,#58));
#48 = ORIENTED_EDGE('',*,*,#49,.F.);
#49 = EDGE_CURVE('',#22,#50,#52,.T.);
#50 = VERTEX_POINT('',#51);
#51 = CARTESIAN_POINT('',(15.,-2.E-15,3.125227291513));
#52 = LINE('',#53,#54);
#53 = CARTESIAN_POINT('',(15.,0.,0.));
#54 = VECTOR('',#55,1.);
#55 = DIRECTION('',(0.,0.,1.));
#56 = ORIENTED_EDGE('',*,*,#21,.T.);
#57 = ORIENTED_EDGE('',*,*,#49,.T.);
#58 = ORIENTED_EDGE('',*,*,#59,.F.);
#59 = EDGE_CURVE('',#50,#50,#60,.T.);
#60 = CIRCLE('',#61,15.);
#61 = AXIS2_PLACEMENT_3D('',#62,#63,#64);
#62 = CARTESIAN_POINT('',(0.,0.,3.125227291513));
#63 = DIRECTION('',(-0.,0.,1.));
#64 = DIRECTION('',(0.,-1.,0.));
#65 = CYLINDRICAL_SURFACE('',#66,15.);
#66 = AXIS2_PLACEMENT_3D('',#67,#68,#69);
#67 = CARTESIAN_POINT('',(0.,0.,0.));
#68 = DIRECTION('',(0.,0.,1.));
#69 = DIRECTION('',(1.,0.,0.));
#70 = ADVANCED_FACE('',(#71),#126,.F.);
#71 = FACE_BOUND('',#72,.F.);
#72 = EDGE_LOOP('',(#73,#81,#90,#99,#108,#117,#124,#125));
#73 = ORIENTED_EDGE('',*,*,#74,.T.);
#74 = EDGE_CURVE('',#33,#75,#77,.T.);
#75 = VERTEX_POINT('',#76);
#76 = CARTESIAN_POINT('',(8.7,-2.130885430516E-15,2.5));
#77 = LINE('',#78,#79);
#78 = CARTESIAN_POINT('',(9.9,-2.424800662312E-15,0.));
#79 = VECTOR('',#80,1.);
#80 = DIRECTION('',(-0.432731067585,1.059885433619E-16,0.901523057468));
#81 = ORIENTED_EDGE('',*,*,#82,.F.);
#82 = EDGE_CURVE('',#83,#75,#85,.T.);
#83 = VERTEX_POINT('',#84);
#84 = CARTESIAN_POINT('',(8.109716394548,-3.15,2.5));
#85 = CIRCLE('',#86,8.7);
#86 = AXIS2_PLACEMENT_3D('',#87,#88,#89);
#87 = CARTESIAN_POINT('',(0.,0.,2.5));
#88 = DIRECTION('',(0.,0.,1.));
#89 = DIRECTION('',(1.,0.,0.));
#90 = ORIENTED_EDGE('',*,*,#91,.F.);
#91 = EDGE_CURVE('',#92,#83,#94,.T.);
#92 = VERTEX_POINT('',#93);
#93 = CARTESIAN_POINT('',(-8.109716394548,-3.15,2.5));
#94 = CIRCLE('',#95,8.7);
#95 = AXIS2_PLACEMENT_3D('',#96,#97,#98);
#96 = CARTESIAN_POINT('',(0.,0.,2.5));
#97 = DIRECTION('',(0.,0.,1.));
#98 = DIRECTION('',(1.,0.,0.));
#99 = ORIENTED_EDGE('',*,*,#100,.F.);
#100 = EDGE_CURVE('',#101,#92,#103,.T.);
#101 = VERTEX_POINT('',#102);
#102 = CARTESIAN_POINT('',(-8.109716394548,3.15,2.5));
#103 = CIRCLE('',#104,8.7);
#104 = AXIS2_PLACEMENT_3D('',#105,#106,#107);
#105 = CARTESIAN_POINT('',(0.,0.,2.5));
#106 = DIRECTION('',(0.,0.,1.));
#107 = DIRECTION('',(1.,0.,0.));
#108 = ORIENTED_EDGE('',*,*,#109,.F.);
#109 = EDGE_CURVE('',#110,#101,#112,.T.);
#110 = VERTEX_POINT('',#111);
#111 = CARTESIAN_POINT('',(8.109716394548,3.15,2.5));
#112 = CIRCLE('',#113,8.7);
#113 = AXIS2_PLACEMENT_3D('',#114,#115,#116);
#114 = CARTESIAN_POINT('',(0.,0.,2.5));
#115 = DIRECTION('',(0.,0.,1.));
#116 = DIRECTION('',(1.,0.,0.));
#117 = ORIENTED_EDGE('',*,*,#118,.F.);
#118 = EDGE_CURVE('',#75,#110,#119,.T.);
#119 = CIRCLE('',#120,8.7);
#120 = AXIS2_PLACEMENT_3D('',#121,#122,#123);
#121 = CARTESIAN_POINT('',(0.,0.,2.5));
#122 = DIRECTION('',(0.,0.,1.));
#123 = DIRECTION('',(1.,0.,0.));
#124 = ORIENTED_EDGE('',*,*,#74,.F.);
#125 = ORIENTED_EDGE('',*,*,#32,.T.);
#126 = CONICAL_SURFACE('',#127,9.9,0.447519975157);
#127 = AXIS2_PLACEMENT_3D('',#128,#129,#130);
#128 = CARTESIAN_POINT('',(0.,0.,0.));
#129 = DIRECTION('',(-0.,-0.,-1.));
#130 = DIRECTION('',(1.,0.,0.));
#131 = ADVANCED_FACE('',(#132),#152,.F.);
#132 = FACE_BOUND('',#133,.F.);
#133 = EDGE_LOOP('',(#134,#143,#150,#151));
#134 = ORIENTED_EDGE('',*,*,#135,.T.);
#135 = EDGE_CURVE('',#136,#136,#138,.T.);
#136 = VERTEX_POINT('',#137);
#137 = CARTESIAN_POINT('',(15.,-2.E-15,5.874772708487));
#138 = CIRCLE('',#139,15.);
#139 = AXIS2_PLACEMENT_3D('',#140,#141,#142);
#140 = CARTESIAN_POINT('',(0.,0.,5.874772708487));
#141 = DIRECTION('',(-0.,0.,1.));
#142 = DIRECTION('',(0.,-1.,0.));
#143 = ORIENTED_EDGE('',*,*,#144,.T.);
#144 = EDGE_CURVE('',#136,#50,#145,.T.);
#145 = CIRCLE('',#146,1.5);
#146 = AXIS2_PLACEMENT_3D('',#147,#148,#149);
#147 = CARTESIAN_POINT('',(15.6,-3.82E-15,4.5));
#148 = DIRECTION('',(-2.4E-16,-1.,0.));
#149 = DIRECTION('',(1.,-2.4E-16,0.));
#150 = ORIENTED_EDGE('',*,*,#59,.F.);
#151 = ORIENTED_EDGE('',*,*,#144,.F.);
#152 = TOROIDAL_SURFACE('',#153,15.6,1.5);
#153 = AXIS2_PLACEMENT_3D('',#154,#155,#156);
#154 = CARTESIAN_POINT('',(0.,0.,4.5));
#155 = DIRECTION('',(0.,0.,1.));
#156 = DIRECTION('',(1.,0.,0.));
#157 = ADVANCED_FACE('',(#158),#185,.F.);
#158 = FACE_BOUND('',#159,.T.);
#159 = EDGE_LOOP('',(#160,#168,#177,#183,#184));
#160 = ORIENTED_EDGE('',*,*,#161,.F.);
#161 = EDGE_CURVE('',#162,#83,#164,.T.);
#162 = VERTEX_POINT('',#163);
#163 = CARTESIAN_POINT('',(8.109716394548,-3.15,45.));
#164 = LINE('',#165,#166);
#165 = CARTESIAN_POINT('',(8.109716394548,-3.15,0.));
#166 = VECTOR('',#167,1.);
#167 = DIRECTION('',(-0.,-0.,-1.));
#168 = ORIENTED_EDGE('',*,*,#169,.F.);
#169 = EDGE_CURVE('',#170,#162,#172,.T.);
#170 = VERTEX_POINT('',#171);
#171 = CARTESIAN_POINT('',(8.109716394548,3.15,45.));
#172 = CIRCLE('',#173,8.7);
#173 = AXIS2_PLACEMENT_3D('',#174,#175,#176);
#174 = CARTESIAN_POINT('',(0.,0.,45.));
#175 = DIRECTION('',(0.,0.,-1.));
#176 = DIRECTION('',(1.,0.,0.));
#177 = ORIENTED_EDGE('',*,*,#178,.T.);
#178 = EDGE_CURVE('',#170,#110,#179,.T.);
#179 = LINE('',#180,#181);
#180 = CARTESIAN_POINT('',(8.109716394548,3.15,0.));
#181 = VECTOR('',#182,1.);
#182 = DIRECTION('',(-0.,-0.,-1.));
#183 = ORIENTED_EDGE('',*,*,#118,.F.);
#184 = ORIENTED_EDGE('',*,*,#82,.F.);
#185 = CYLINDRICAL_SURFACE('',#186,8.7);
#186 = AXIS2_PLACEMENT_3D('',#187,#188,#189);
#187 = CARTESIAN_POINT('',(0.,0.,0.));
#188 = DIRECTION('',(-0.,-0.,-1.));
#189 = DIRECTION('',(1.,0.,0.));
#190 = ADVANCED_FACE('',(#191),#217,.F.);
#191 = FACE_BOUND('',#192,.F.);
#192 = EDGE_LOOP('',(#193,#201,#202,#210));
#193 = ORIENTED_EDGE('',*,*,#194,.T.);
#194 = EDGE_CURVE('',#195,#110,#197,.T.);
#195 = VERTEX_POINT('',#196);
#196 = CARTESIAN_POINT('',(5.799784478754,3.15,2.5));
#197 = LINE('',#198,#199);
#198 = CARTESIAN_POINT('',(-4.35,3.15,2.5));
#199 = VECTOR('',#200,1.);
#200 = DIRECTION('',(1.,0.,0.));
#201 = ORIENTED_EDGE('',*,*,#109,.T.);
#202 = ORIENTED_EDGE('',*,*,#203,.T.);
#203 = EDGE_CURVE('',#101,#204,#206,.T.);
#204 = VERTEX_POINT('',#205);
#205 = CARTESIAN_POINT('',(-5.799784478754,3.15,2.5));
#206 = LINE('',#207,#208);
#207 = CARTESIAN_POINT('',(-4.35,3.15,2.5));
#208 = VECTOR('',#209,1.);
#209 = DIRECTION('',(1.,0.,0.));
#210 = ORIENTED_EDGE('',*,*,#211,.T.);
#211 = EDGE_CURVE('',#204,#195,#212,.T.);
#212 = CIRCLE('',#213,6.6);
#213 = AXIS2_PLACEMENT_3D('',#214,#215,#216);
#214 = CARTESIAN_POINT('',(0.,0.,2.5));
#215 = DIRECTION('',(0.,0.,-1.));
#216 = DIRECTION('',(1.,0.,0.));
#217 = PLANE('',#218);
#218 = AXIS2_PLACEMENT_3D('',#219,#220,#221);
#219 = CARTESIAN_POINT('',(0.,0.,2.5));
#220 = DIRECTION('',(0.,0.,1.));
#221 = DIRECTION('',(1.,0.,0.));
#222 = ADVANCED_FACE('',(#223),#249,.F.);
#223 = FACE_BOUND('',#224,.T.);
#224 = EDGE_LOOP('',(#225,#226,#234,#243));
#225 = ORIENTED_EDGE('',*,*,#100,.F.);
#226 = ORIENTED_EDGE('',*,*,#227,.F.);
#227 = EDGE_CURVE('',#228,#101,#230,.T.);
#228 = VERTEX_POINT('',#229);
#229 = CARTESIAN_POINT('',(-8.109716394548,3.15,45.));
#230 = LINE('',#231,#232);
#231 = CARTESIAN_POINT('',(-8.109716394548,3.15,0.));
#232 = VECTOR('',#233,1.);
#233 = DIRECTION('',(-0.,-0.,-1.));
#234 = ORIENTED_EDGE('',*,*,#235,.F.);
#235 = EDGE_CURVE('',#236,#228,#238,.T.);
#236 = VERTEX_POINT('',#237);
#237 = CARTESIAN_POINT('',(-8.109716394548,-3.15,45.));
#238 = CIRCLE('',#239,8.7);
#239 = AXIS2_PLACEMENT_3D('',#240,#241,#242);
#240 = CARTESIAN_POINT('',(0.,0.,45.));
#241 = DIRECTION('',(0.,0.,-1.));
#242 = DIRECTION('',(1.,0.,0.));
#243 = ORIENTED_EDGE('',*,*,#244,.T.);
#244 = EDGE_CURVE('',#236,#92,#245,.T.);
#245 = LINE('',#246,#247);
#246 = CARTESIAN_POINT('',(-8.109716394548,-3.15,0.));
#247 = VECTOR('',#248,1.);
#248 = DIRECTION('',(-0.,-0.,-1.));
#249 = CYLINDRICAL_SURFACE('',#250,8.7);
#250 = AXIS2_PLACEMENT_3D('',#251,#252,#253);
#251 = CARTESIAN_POINT('',(0.,0.,0.));
#252 = DIRECTION('',(-0.,-0.,-1.));
#253 = DIRECTION('',(1.,0.,0.));
#254 = ADVANCED_FACE('',(#255),#281,.F.);
#255 = FACE_BOUND('',#256,.F.);
#256 = EDGE_LOOP('',(#257,#258,#266,#275));
#257 = ORIENTED_EDGE('',*,*,#91,.T.);
#258 = ORIENTED_EDGE('',*,*,#259,.F.);
#259 = EDGE_CURVE('',#260,#83,#262,.T.);
#260 = VERTEX_POINT('',#261);
#261 = CARTESIAN_POINT('',(5.799784478754,-3.15,2.5));
#262 = LINE('',#263,#264);
#263 = CARTESIAN_POINT('',(-4.35,-3.15,2.5));
#264 = VECTOR('',#265,1.);
#265 = DIRECTION('',(1.,0.,0.));
#266 = ORIENTED_EDGE('',*,*,#267,.T.);
#267 = EDGE_CURVE('',#260,#268,#270,.T.);
#268 = VERTEX_POINT('',#269);
#269 = CARTESIAN_POINT('',(-5.799784478754,-3.15,2.5));
#270 = CIRCLE('',#271,6.6);
#271 = AXIS2_PLACEMENT_3D('',#272,#273,#274);
#272 = CARTESIAN_POINT('',(0.,0.,2.5));
#273 = DIRECTION('',(0.,0.,-1.));
#274 = DIRECTION('',(1.,0.,0.));
#275 = ORIENTED_EDGE('',*,*,#276,.F.);
#276 = EDGE_CURVE('',#92,#268,#277,.T.);
#277 = LINE('',#278,#279);
#278 = CARTESIAN_POINT('',(-4.35,-3.15,2.5));
#279 = VECTOR('',#280,1.);
#280 = DIRECTION('',(1.,0.,0.));
#281 = PLANE('',#282);
#282 = AXIS2_PLACEMENT_3D('',#283,#284,#285);
#283 = CARTESIAN_POINT('',(0.,0.,2.5));
#284 = DIRECTION('',(0.,0.,1.));
#285 = DIRECTION('',(1.,0.,0.));
#286 = ADVANCED_FACE('',(#287),#306,.T.);
#287 = FACE_BOUND('',#288,.T.);
#288 = EDGE_LOOP('',(#289,#290,#298,#305));
#289 = ORIENTED_EDGE('',*,*,#135,.T.);
#290 = ORIENTED_EDGE('',*,*,#291,.T.);
#291 = EDGE_CURVE('',#136,#292,#294,.T.);
#292 = VERTEX_POINT('',#293);
#293 = CARTESIAN_POINT('',(15.,0.,8.));
#294 = LINE('',#295,#296);
#295 = CARTESIAN_POINT('',(15.,0.,0.));
#296 = VECTOR('',#297,1.);
#297 = DIRECTION('',(0.,0.,1.));
#298 = ORIENTED_EDGE('',*,*,#299,.F.);
#299 = EDGE_CURVE('',#292,#292,#300,.T.);
#300 = CIRCLE('',#301,15.);
#301 = AXIS2_PLACEMENT_3D('',#302,#303,#304);
#302 = CARTESIAN_POINT('',(0.,0.,8.));
#303 = DIRECTION('',(0.,0.,1.));
#304 = DIRECTION('',(1.,0.,0.));
#305 = ORIENTED_EDGE('',*,*,#291,.F.);
#306 = CYLINDRICAL_SURFACE('',#307,15.);
#307 = AXIS2_PLACEMENT_3D('',#308,#309,#310);
#308 = CARTESIAN_POINT('',(0.,0.,0.));
#309 = DIRECTION('',(0.,0.,1.));
#310 = DIRECTION('',(1.,0.,0.));
#311 = ADVANCED_FACE('',(#312),#330,.T.);
#312 = FACE_BOUND('',#313,.T.);
#313 = EDGE_LOOP('',(#314,#315,#323,#329));
#314 = ORIENTED_EDGE('',*,*,#259,.F.);
#315 = ORIENTED_EDGE('',*,*,#316,.F.);
#316 = EDGE_CURVE('',#317,#260,#319,.T.);
#317 = VERTEX_POINT('',#318);
#318 = CARTESIAN_POINT('',(5.799784478754,-3.15,45.));
#319 = LINE('',#320,#321);
#320 = CARTESIAN_POINT('',(5.799784478754,-3.15,0.));
#321 = VECTOR('',#322,1.);
#322 = DIRECTION('',(-0.,-0.,-1.));
#323 = ORIENTED_EDGE('',*,*,#324,.T.);
#324 = EDGE_CURVE('',#317,#162,#325,.T.);
#325 = LINE('',#326,#327);
#326 = CARTESIAN_POINT('',(-4.35,-3.15,45.));
#327 = VECTOR('',#328,1.);
#328 = DIRECTION('',(1.,0.,0.));
#329 = ORIENTED_EDGE('',*,*,#161,.T.);
#330 = PLANE('',#331);
#331 = AXIS2_PLACEMENT_3D('',#332,#333,#334);
#332 = CARTESIAN_POINT('',(-8.7,-3.15,0.));
#333 = DIRECTION('',(0.,1.,0.));
#334 = DIRECTION('',(0.,0.,1.));
#335 = ADVANCED_FACE('',(#336),#354,.F.);
#336 = FACE_BOUND('',#337,.F.);
#337 = EDGE_LOOP('',(#338,#339,#347,#353));
#338 = ORIENTED_EDGE('',*,*,#194,.F.);
#339 = ORIENTED_EDGE('',*,*,#340,.F.);
#340 = EDGE_CURVE('',#341,#195,#343,.T.);
#341 = VERTEX_POINT('',#342);
#342 = CARTESIAN_POINT('',(5.799784478754,3.15,45.));
#343 = LINE('',#344,#345);
#344 = CARTESIAN_POINT('',(5.799784478754,3.15,0.));
#345 = VECTOR('',#346,1.);
#346 = DIRECTION('',(-0.,-0.,-1.));
#347 = ORIENTED_EDGE('',*,*,#348,.T.);
#348 = EDGE_CURVE('',#341,#170,#349,.T.);
#349 = LINE('',#350,#351);
#350 = CARTESIAN_POINT('',(-4.35,3.15,45.));
#351 = VECTOR('',#352,1.);
#352 = DIRECTION('',(1.,0.,0.));
#353 = ORIENTED_EDGE('',*,*,#178,.T.);
#354 = PLANE('',#355);
#355 = AXIS2_PLACEMENT_3D('',#356,#357,#358);
#356 = CARTESIAN_POINT('',(-8.7,3.15,0.));
#357 = DIRECTION('',(0.,1.,0.));
#358 = DIRECTION('',(0.,0.,1.));
#359 = ADVANCED_FACE('',(#360,#371),#407,.T.);
#360 = FACE_BOUND('',#361,.T.);
#361 = EDGE_LOOP('',(#362));
#362 = ORIENTED_EDGE('',*,*,#363,.T.);
#363 = EDGE_CURVE('',#364,#364,#366,.T.);
#364 = VERTEX_POINT('',#365);
#365 = CARTESIAN_POINT('',(9.,-2.204364238465E-15,45.));
#366 = CIRCLE('',#367,9.);
#367 = AXIS2_PLACEMENT_3D('',#368,#369,#370);
#368 = CARTESIAN_POINT('',(0.,0.,45.));
#369 = DIRECTION('',(0.,0.,1.));
#370 = DIRECTION('',(1.,0.,0.));
#371 = FACE_BOUND('',#372,.T.);
#372 = EDGE_LOOP('',(#373,#381,#382,#390,#397,#398,#399,#400));
#373 = ORIENTED_EDGE('',*,*,#374,.F.);
#374 = EDGE_CURVE('',#236,#375,#377,.T.);
#375 = VERTEX_POINT('',#376);
#376 = CARTESIAN_POINT('',(-5.799784478754,-3.15,45.));
#377 = LINE('',#378,#379);
#378 = CARTESIAN_POINT('',(-4.35,-3.15,45.));
#379 = VECTOR('',#380,1.);
#380 = DIRECTION('',(1.,0.,0.));
#381 = ORIENTED_EDGE('',*,*,#235,.T.);
#382 = ORIENTED_EDGE('',*,*,#383,.T.);
#383 = EDGE_CURVE('',#228,#384,#386,.T.);
#384 = VERTEX_POINT('',#385);
#385 = CARTESIAN_POINT('',(-5.799784478754,3.15,45.));
#386 = LINE('',#387,#388);
#387 = CARTESIAN_POINT('',(-4.35,3.15,45.));
#388 = VECTOR('',#389,1.);
#389 = DIRECTION('',(1.,0.,0.));
#390 = ORIENTED_EDGE('',*,*,#391,.T.);
#391 = EDGE_CURVE('',#384,#341,#392,.T.);
#392 = CIRCLE('',#393,6.6);
#393 = AXIS2_PLACEMENT_3D('',#394,#395,#396);
#394 = CARTESIAN_POINT('',(0.,0.,45.));
#395 = DIRECTION('',(0.,0.,-1.));
#396 = DIRECTION('',(1.,0.,0.));
#397 = ORIENTED_EDGE('',*,*,#348,.T.);
#398 = ORIENTED_EDGE('',*,*,#169,.T.);
#399 = ORIENTED_EDGE('',*,*,#324,.F.);
#400 = ORIENTED_EDGE('',*,*,#401,.T.);
#401 = EDGE_CURVE('',#317,#375,#402,.T.);
#402 = CIRCLE('',#403,6.6);
#403 = AXIS2_PLACEMENT_3D('',#404,#405,#406);
#404 = CARTESIAN_POINT('',(0.,0.,45.));
#405 = DIRECTION('',(0.,0.,-1.));
#406 = DIRECTION('',(1.,0.,0.));
#407 = PLANE('',#408);
#408 = AXIS2_PLACEMENT_3D('',#409,#410,#411);
#409 = CARTESIAN_POINT('',(0.,0.,45.));
#410 = DIRECTION('',(0.,0.,1.));
#411 = DIRECTION('',(1.,0.,0.));
#412 = ADVANCED_FACE('',(#413),#424,.F.);
#413 = FACE_BOUND('',#414,.T.);
#414 = EDGE_LOOP('',(#415,#416,#417,#418));
#415 = ORIENTED_EDGE('',*,*,#211,.T.);
#416 = ORIENTED_EDGE('',*,*,#340,.F.);
#417 = ORIENTED_EDGE('',*,*,#391,.F.);
#418 = ORIENTED_EDGE('',*,*,#419,.T.);
#419 = EDGE_CURVE('',#384,#204,#420,.T.);
#420 = LINE('',#421,#422);
#421 = CARTESIAN_POINT('',(-5.799784478754,3.15,0.));
#422 = VECTOR('',#423,1.);
#423 = DIRECTION('',(-0.,-0.,-1.));
#424 = CYLINDRICAL_SURFACE('',#425,6.6);
#425 = AXIS2_PLACEMENT_3D('',#426,#427,#428);
#426 = CARTESIAN_POINT('',(0.,0.,0.));
#427 = DIRECTION('',(-0.,-0.,-1.));
#428 = DIRECTION('',(1.,0.,0.));
#429 = ADVANCED_FACE('',(#430),#436,.F.);
#430 = FACE_BOUND('',#431,.F.);
#431 = EDGE_LOOP('',(#432,#433,#434,#435));
#432 = ORIENTED_EDGE('',*,*,#203,.F.);
#433 = ORIENTED_EDGE('',*,*,#227,.F.);
#434 = ORIENTED_EDGE('',*,*,#383,.T.);
#435 = ORIENTED_EDGE('',*,*,#419,.T.);
#436 = PLANE('',#437);
#437 = AXIS2_PLACEMENT_3D('',#438,#439,#440);
#438 = CARTESIAN_POINT('',(-8.7,3.15,0.));
#439 = DIRECTION('',(0.,1.,0.));
#440 = DIRECTION('',(0.,0.,1.));
#441 = ADVANCED_FACE('',(#442),#453,.T.);
#442 = FACE_BOUND('',#443,.T.);
#443 = EDGE_LOOP('',(#444,#445,#446,#447));
#444 = ORIENTED_EDGE('',*,*,#276,.F.);
#445 = ORIENTED_EDGE('',*,*,#244,.F.);
#446 = ORIENTED_EDGE('',*,*,#374,.T.);
#447 = ORIENTED_EDGE('',*,*,#448,.T.);
#448 = EDGE_CURVE('',#375,#268,#449,.T.);
#449 = LINE('',#450,#451);
#450 = CARTESIAN_POINT('',(-5.799784478754,-3.15,0.));
#451 = VECTOR('',#452,1.);
#452 = DIRECTION('',(-0.,-0.,-1.));
#453 = PLANE('',#454);
#454 = AXIS2_PLACEMENT_3D('',#455,#456,#457);
#455 = CARTESIAN_POINT('',(-8.7,-3.15,0.));
#456 = DIRECTION('',(0.,1.,0.));
#457 = DIRECTION('',(0.,0.,1.));
#458 = ADVANCED_FACE('',(#459),#465,.F.);
#459 = FACE_BOUND('',#460,.T.);
#460 = EDGE_LOOP('',(#461,#462,#463,#464));
#461 = ORIENTED_EDGE('',*,*,#401,.F.);
#462 = ORIENTED_EDGE('',*,*,#316,.T.);
#463 = ORIENTED_EDGE('',*,*,#267,.T.);
#464 = ORIENTED_EDGE('',*,*,#448,.F.);
#465 = CYLINDRICAL_SURFACE('',#466,6.6);
#466 = AXIS2_PLACEMENT_3D('',#467,#468,#469);
#467 = CARTESIAN_POINT('',(0.,0.,0.));
#468 = DIRECTION('',(-0.,-0.,-1.));
#469 = DIRECTION('',(1.,0.,0.));
#470 = ADVANCED_FACE('',(#471),#499,.T.);
#471 = FACE_BOUND('',#472,.T.);
#472 = EDGE_LOOP('',(#473,#474,#491,#498));
#473 = ORIENTED_EDGE('',*,*,#299,.T.);
#474 = ORIENTED_EDGE('',*,*,#475,.T.);
#475 = EDGE_CURVE('',#292,#476,#478,.T.);
#476 = VERTEX_POINT('',#477);
#477 = CARTESIAN_POINT('',(15.,0.,95.));
#478 = B_SPLINE_CURVE_WITH_KNOTS('',3,(#479,#480,#481,#482,#483,#484,
    #485,#486,#487,#488,#489,#490),.UNSPECIFIED.,.F.,.F.,(4,1,1,1,1,1,1,
    1,1,4),(0.,6.5,19.912307780542,31.150190143337,44.350568925781,
    54.400444546902,64.450320168023,73.791091014157,83.131861860292,
    90.411971749572),.UNSPECIFIED.);
#479 = CARTESIAN_POINT('',(15.,0.,8.));
#480 = CARTESIAN_POINT('',(16.729108882077,0.,9.949953718823));
#481 = CARTESIAN_POINT('',(18.963887218215,0.,16.103979819547));
#482 = CARTESIAN_POINT('',(12.357733937,0.,26.205534193008));
#483 = CARTESIAN_POINT('',(16.277526868866,0.,38.943252505146));
#484 = CARTESIAN_POINT('',(22.690187853381,0.,48.661945048028));
#485 = CARTESIAN_POINT('',(23.212424063149,0.,60.046429044535));
#486 = CARTESIAN_POINT('',(22.429563463414,0.,69.839387006925));
#487 = CARTESIAN_POINT('',(19.400077091844,0.,78.981332238646));
#488 = CARTESIAN_POINT('',(17.218088829962,0.,87.345745785127));
#489 = CARTESIAN_POINT('',(15.679005245841,0.,92.670142961671));
#490 = CARTESIAN_POINT('',(15.,0.,95.));
#491 = ORIENTED_EDGE('',*,*,#492,.F.);
#492 = EDGE_CURVE('',#476,#476,#493,.T.);
#493 = CIRCLE('',#494,15.);
#494 = AXIS2_PLACEMENT_3D('',#495,#496,#497);
#495 = CARTESIAN_POINT('',(0.,0.,95.));
#496 = DIRECTION('',(0.,0.,1.));
#497 = DIRECTION('',(1.,0.,0.));
#498 = ORIENTED_EDGE('',*,*,#475,.F.);
#499 = SURFACE_OF_REVOLUTION('',#500,#513);
#500 = B_SPLINE_CURVE_WITH_KNOTS('',3,(#501,#502,#503,#504,#505,#506,
    #507,#508,#509,#510,#511,#512),.UNSPECIFIED.,.F.,.F.,(4,1,1,1,1,1,1,
    1,1,4),(0.,6.5,19.912307780542,31.150190143337,44.350568925781,
    54.400444546902,64.450320168023,73.791091014157,83.131861860292,
    90.411971749572),.UNSPECIFIED.);
#501 = CARTESIAN_POINT('',(15.,0.,8.));
#502 = CARTESIAN_POINT('',(16.729108882077,0.,9.949953718823));
#503 = CARTESIAN_POINT('',(18.963887218215,0.,16.103979819547));
#504 = CARTESIAN_POINT('',(12.357733937,0.,26.205534193008));
#505 = CARTESIAN_POINT('',(16.277526868866,0.,38.943252505146));
#506 = CARTESIAN_POINT('',(22.690187853381,0.,48.661945048028));
#507 = CARTESIAN_POINT('',(23.212424063149,0.,60.046429044535));
#508 = CARTESIAN_POINT('',(22.429563463414,0.,69.839387006925));
#509 = CARTESIAN_POINT('',(19.400077091844,0.,78.981332238646));
#510 = CARTESIAN_POINT('',(17.218088829962,0.,87.345745785127));
#511 = CARTESIAN_POINT('',(15.679005245841,0.,92.670142961671));
#512 = CARTESIAN_POINT('',(15.,0.,95.));
#513 = AXIS1_PLACEMENT('',#514,#515);
#514 = CARTESIAN_POINT('',(0.,0.,0.));
#515 = DIRECTION('',(0.,0.,1.));
#516 = ADVANCED_FACE('',(#517),#536,.F.);
#517 = FACE_BOUND('',#518,.T.);
#518 = EDGE_LOOP('',(#519,#527,#534,#535));
#519 = ORIENTED_EDGE('',*,*,#520,.T.);
#520 = EDGE_CURVE('',#364,#521,#523,.T.);
#521 = VERTEX_POINT('',#522);
#522 = CARTESIAN_POINT('',(9.,-2.204364238465E-15,55.));
#523 = LINE('',#524,#525);
#524 = CARTESIAN_POINT('',(9.,-2.204364238465E-15,45.));
#525 = VECTOR('',#526,1.);
#526 = DIRECTION('',(0.,0.,1.));
#527 = ORIENTED_EDGE('',*,*,#528,.T.);
#528 = EDGE_CURVE('',#521,#521,#529,.T.);
#529 = CIRCLE('',#530,9.);
#530 = AXIS2_PLACEMENT_3D('',#531,#532,#533);
#531 = CARTESIAN_POINT('',(0.,0.,55.));
#532 = DIRECTION('',(0.,0.,1.));
#533 = DIRECTION('',(1.,0.,0.));
#534 = ORIENTED_EDGE('',*,*,#520,.F.);
#535 = ORIENTED_EDGE('',*,*,#363,.F.);
#536 = CYLINDRICAL_SURFACE('',#537,9.);
#537 = AXIS2_PLACEMENT_3D('',#538,#539,#540);
#538 = CARTESIAN_POINT('',(0.,0.,45.));
#539 = DIRECTION('',(-0.,-0.,-1.));
#540 = DIRECTION('',(1.,0.,0.));
#541 = ADVANCED_FACE('',(#542,#545,#715,#805,#967,#1113,#1179,#1405),
  #1575,.T.);
#542 = FACE_BOUND('',#543,.T.);
#543 = EDGE_LOOP('',(#544));
#544 = ORIENTED_EDGE('',*,*,#492,.T.);
#545 = FACE_BOUND('',#546,.T.);
#546 = EDGE_LOOP('',(#547,#557,#565,#573,#581,#589,#597,#605,#613,#621,
    #629,#637,#645,#653,#661,#669,#677,#685,#693,#701,#709));
#547 = ORIENTED_EDGE('',*,*,#548,.T.);
#548 = EDGE_CURVE('',#549,#551,#553,.T.);
#549 = VERTEX_POINT('',#550);
#550 = CARTESIAN_POINT('',(-6.723133175872,-9.313372093023,95.));
#551 = VERTEX_POINT('',#552);
#552 = CARTESIAN_POINT('',(-4.822242914244,-9.313372093023,95.));
#553 = LINE('',#554,#555);
#554 = CARTESIAN_POINT('',(-6.723133175872,-9.313372093023,95.));
#555 = VECTOR('',#556,1.);
#556 = DIRECTION('',(1.,0.,0.));
#557 = ORIENTED_EDGE('',*,*,#558,.T.);
#558 = EDGE_CURVE('',#551,#559,#561,.T.);
#559 = VERTEX_POINT('',#560);
#560 = CARTESIAN_POINT('',(-4.822242914244,-10.2,95.));
#561 = LINE('',#562,#563);
#562 = CARTESIAN_POINT('',(-4.822242914244,-9.313372093023,95.));
#563 = VECTOR('',#564,1.);
#564 = DIRECTION('',(0.,-1.,0.));
#565 = ORIENTED_EDGE('',*,*,#566,.T.);
#566 = EDGE_CURVE('',#559,#567,#569,.T.);
#567 = VERTEX_POINT('',#568);
#568 = CARTESIAN_POINT('',(-8.177757085756,-10.2,95.));
#569 = LINE('',#570,#571);
#570 = CARTESIAN_POINT('',(-4.822242914244,-10.2,95.));
#571 = VECTOR('',#572,1.);
#572 = DIRECTION('',(-1.,0.,0.));
#573 = ORIENTED_EDGE('',*,*,#574,.T.);
#574 = EDGE_CURVE('',#567,#575,#577,.T.);
#575 = VERTEX_POINT('',#576);
#576 = CARTESIAN_POINT('',(-7.850722202035,-9.242514534884,95.));
#577 = B_SPLINE_CURVE_WITH_KNOTS('',2,(#578,#579,#580),.UNSPECIFIED.,.F.
  ,.F.,(3,3),(0.,1.),.PIECEWISE_BEZIER_KNOTS.);
#578 = CARTESIAN_POINT('',(-8.177757085756,-10.2,95.));
#579 = CARTESIAN_POINT('',(-8.123251271802,-9.69468568314,95.));
#580 = CARTESIAN_POINT('',(-7.850722202035,-9.242514534884,95.));
#581 = ORIENTED_EDGE('',*,*,#582,.T.);
#582 = EDGE_CURVE('',#575,#583,#585,.T.);
#583 = VERTEX_POINT('',#584);
#584 = CARTESIAN_POINT('',(-6.774232376453,-8.042478197674,95.));
#585 = B_SPLINE_CURVE_WITH_KNOTS('',2,(#586,#587,#588),.UNSPECIFIED.,.F.
  ,.F.,(3,3),(0.,1.),.PIECEWISE_BEZIER_KNOTS.);
#586 = CARTESIAN_POINT('',(-7.850722202035,-9.242514534884,95.));
#587 = CARTESIAN_POINT('',(-7.578193132267,-8.79011627907,95.));
#588 = CARTESIAN_POINT('',(-6.774232376453,-8.042478197674,95.));
#589 = ORIENTED_EDGE('',*,*,#590,.T.);
#590 = EDGE_CURVE('',#583,#591,#593,.T.);
#591 = VERTEX_POINT('',#592);
#592 = CARTESIAN_POINT('',(-5.980491460756,-7.223301235465,95.));
#593 = B_SPLINE_CURVE_WITH_KNOTS('',2,(#594,#595,#596),.UNSPECIFIED.,.F.
  ,.F.,(3,3),(0.,1.),.PIECEWISE_BEZIER_KNOTS.);
#594 = CARTESIAN_POINT('',(-6.774232376453,-8.042478197674,95.));
#595 = CARTESIAN_POINT('',(-6.126975835756,-7.438372093023,95.));
#596 = CARTESIAN_POINT('',(-5.980491460756,-7.223301235465,95.));
#597 = ORIENTED_EDGE('',*,*,#598,.T.);
#598 = EDGE_CURVE('',#591,#599,#601,.T.);
#599 = VERTEX_POINT('',#600);
#600 = CARTESIAN_POINT('',(-5.782907885174,-6.636001090116,95.));
#601 = B_SPLINE_CURVE_WITH_KNOTS('',2,(#602,#603,#604),.UNSPECIFIED.,.F.
  ,.F.,(3,3),(0.,1.),.PIECEWISE_BEZIER_KNOTS.);
#602 = CARTESIAN_POINT('',(-5.980491460756,-7.223301235465,95.));
#603 = CARTESIAN_POINT('',(-5.782907885174,-6.926244549419,95.));
#604 = CARTESIAN_POINT('',(-5.782907885174,-6.636001090116,95.));
#605 = ORIENTED_EDGE('',*,*,#606,.T.);
#606 = EDGE_CURVE('',#599,#607,#609,.T.);
#607 = VERTEX_POINT('',#608);
#608 = CARTESIAN_POINT('',(-5.955055414244,-6.142723473837,95.));
#609 = B_SPLINE_CURVE_WITH_KNOTS('',2,(#610,#611,#612),.UNSPECIFIED.,.F.
  ,.F.,(3,3),(0.,1.),.PIECEWISE_BEZIER_KNOTS.);
#610 = CARTESIAN_POINT('',(-5.782907885174,-6.636001090116,95.));
#611 = CARTESIAN_POINT('',(-5.782907885174,-6.315098110465,95.));
#612 = CARTESIAN_POINT('',(-5.955055414244,-6.142723473837,95.));
#613 = ORIENTED_EDGE('',*,*,#614,.T.);
#614 = EDGE_CURVE('',#607,#615,#617,.T.);
#615 = VERTEX_POINT('',#616);
#616 = CARTESIAN_POINT('',(-6.430164425872,-5.970348837209,95.));
#617 = B_SPLINE_CURVE_WITH_KNOTS('',2,(#618,#619,#620),.UNSPECIFIED.,.F.
  ,.F.,(3,3),(0.,1.),.PIECEWISE_BEZIER_KNOTS.);
#618 = CARTESIAN_POINT('',(-5.955055414244,-6.142723473837,95.));
#619 = CARTESIAN_POINT('',(-6.126975835756,-5.970348837209,95.));
#620 = CARTESIAN_POINT('',(-6.430164425872,-5.970348837209,95.));
#621 = ORIENTED_EDGE('',*,*,#622,.T.);
#622 = EDGE_CURVE('',#615,#623,#625,.T.);
#623 = VERTEX_POINT('',#624);
#624 = CARTESIAN_POINT('',(-6.907090297965,-6.152034883721,95.));
#625 = B_SPLINE_CURVE_WITH_KNOTS('',2,(#626,#627,#628),.UNSPECIFIED.,.F.
  ,.F.,(3,3),(0.,1.),.PIECEWISE_BEZIER_KNOTS.);
#626 = CARTESIAN_POINT('',(-6.430164425872,-5.970348837209,95.));
#627 = CARTESIAN_POINT('',(-6.729946402616,-5.970348837209,95.));
#628 = CARTESIAN_POINT('',(-6.907090297965,-6.152034883721,95.));
#629 = ORIENTED_EDGE('',*,*,#630,.T.);
#630 = EDGE_CURVE('',#623,#631,#633,.T.);
#631 = VERTEX_POINT('',#632);
#632 = CARTESIAN_POINT('',(-7.111487100291,-6.75523255814,95.));
#633 = B_SPLINE_CURVE_WITH_KNOTS('',2,(#634,#635,#636),.UNSPECIFIED.,.F.
  ,.F.,(3,3),(0.,1.),.PIECEWISE_BEZIER_KNOTS.);
#634 = CARTESIAN_POINT('',(-6.907090297965,-6.152034883721,95.));
#635 = CARTESIAN_POINT('',(-7.084234193314,-6.333720930233,95.));
#636 = CARTESIAN_POINT('',(-7.111487100291,-6.75523255814,95.));
#637 = ORIENTED_EDGE('',*,*,#638,.T.);
#638 = EDGE_CURVE('',#631,#639,#641,.T.);
#639 = VERTEX_POINT('',#640);
#640 = CARTESIAN_POINT('',(-8.065338844477,-6.659166061047,95.));
#641 = LINE('',#642,#643);
#642 = CARTESIAN_POINT('',(-7.111487100291,-6.75523255814,95.));
#643 = VECTOR('',#644,1.);
#644 = DIRECTION('',(-0.994966576024,0.100207348014,0.));
#645 = ORIENTED_EDGE('',*,*,#646,.T.);
#646 = EDGE_CURVE('',#639,#647,#649,.T.);
#647 = VERTEX_POINT('',#648);
#648 = CARTESIAN_POINT('',(-7.530500545058,-5.517269258721,95.));
#649 = B_SPLINE_CURVE_WITH_KNOTS('',2,(#650,#651,#652),.UNSPECIFIED.,.F.
  ,.F.,(3,3),(0.,1.),.PIECEWISE_BEZIER_KNOTS.);
#650 = CARTESIAN_POINT('',(-8.065338844477,-6.659166061047,95.));
#651 = CARTESIAN_POINT('',(-7.980173510174,-5.863608284884,95.));
#652 = CARTESIAN_POINT('',(-7.530500545058,-5.517269258721,95.));
#653 = ORIENTED_EDGE('',*,*,#654,.T.);
#654 = EDGE_CURVE('',#647,#655,#657,.T.);
#655 = VERTEX_POINT('',#656);
#656 = CARTESIAN_POINT('',(-6.406318132267,-5.170930232558,95.));
#657 = B_SPLINE_CURVE_WITH_KNOTS('',2,(#658,#659,#660),.UNSPECIFIED.,.F.
  ,.F.,(3,3),(0.,1.),.PIECEWISE_BEZIER_KNOTS.);
#658 = CARTESIAN_POINT('',(-7.530500545058,-5.517269258721,95.));
#659 = CARTESIAN_POINT('',(-7.080827579942,-5.170930232558,95.));
#660 = CARTESIAN_POINT('',(-6.406318132267,-5.170930232558,95.));
#661 = ORIENTED_EDGE('',*,*,#662,.T.);
#662 = EDGE_CURVE('',#655,#663,#665,.T.);
#663 = VERTEX_POINT('',#664);
#664 = CARTESIAN_POINT('',(-5.244662972384,-5.57109375,95.));
#665 = B_SPLINE_CURVE_WITH_KNOTS('',2,(#666,#667,#668),.UNSPECIFIED.,.F.
  ,.F.,(3,3),(0.,1.),.PIECEWISE_BEZIER_KNOTS.);
#666 = CARTESIAN_POINT('',(-6.406318132267,-5.170930232558,95.));
#667 = CARTESIAN_POINT('',(-5.667083030523,-5.170930232558,95.));
#668 = CARTESIAN_POINT('',(-5.244662972384,-5.57109375,95.));
#669 = ORIENTED_EDGE('',*,*,#670,.T.);
#670 = EDGE_CURVE('',#663,#671,#673,.T.);
#671 = VERTEX_POINT('',#672);
#672 = CARTESIAN_POINT('',(-4.822242914244,-6.566506177326,95.));
#673 = B_SPLINE_CURVE_WITH_KNOTS('',2,(#674,#675,#676),.UNSPECIFIED.,.F.
  ,.F.,(3,3),(0.,1.),.PIECEWISE_BEZIER_KNOTS.);
#674 = CARTESIAN_POINT('',(-5.244662972384,-5.57109375,95.));
#675 = CARTESIAN_POINT('',(-4.822242914244,-5.971257267442,95.));
#676 = CARTESIAN_POINT('',(-4.822242914244,-6.566506177326,95.));
#677 = ORIENTED_EDGE('',*,*,#678,.T.);
#678 = EDGE_CURVE('',#671,#679,#681,.T.);
#679 = VERTEX_POINT('',#680);
#680 = CARTESIAN_POINT('',(-4.943291242733,-7.211264534884,95.));
#681 = B_SPLINE_CURVE_WITH_KNOTS('',2,(#682,#683,#684),.UNSPECIFIED.,.F.
  ,.F.,(3,3),(0.,1.),.PIECEWISE_BEZIER_KNOTS.);
#682 = CARTESIAN_POINT('',(-4.822242914244,-6.566506177326,95.));
#683 = CARTESIAN_POINT('',(-4.822242914244,-6.905123546512,95.));
#684 = CARTESIAN_POINT('',(-4.943291242733,-7.211264534884,95.));
#685 = ORIENTED_EDGE('',*,*,#686,.T.);
#686 = EDGE_CURVE('',#679,#687,#689,.T.);
#687 = VERTEX_POINT('',#688);
#688 = CARTESIAN_POINT('',(-5.326421693314,-7.852843386628,95.));
#689 = B_SPLINE_CURVE_WITH_KNOTS('',2,(#690,#691,#692),.UNSPECIFIED.,.F.
  ,.F.,(3,3),(0.,1.),.PIECEWISE_BEZIER_KNOTS.);
#690 = CARTESIAN_POINT('',(-4.943291242733,-7.211264534884,95.));
#691 = CARTESIAN_POINT('',(-5.064112463663,-7.517405523256,95.));
#692 = CARTESIAN_POINT('',(-5.326421693314,-7.852843386628,95.));
#693 = ORIENTED_EDGE('',*,*,#694,.T.);
#694 = EDGE_CURVE('',#687,#695,#697,.T.);
#695 = VERTEX_POINT('',#696);
#696 = CARTESIAN_POINT('',(-5.953238553779,-8.492605377907,95.));
#697 = B_SPLINE_CURVE_WITH_KNOTS('',2,(#698,#699,#700),.UNSPECIFIED.,.F.
  ,.F.,(3,3),(0.,1.),.PIECEWISE_BEZIER_KNOTS.);
#698 = CARTESIAN_POINT('',(-5.326421693314,-7.852843386628,95.));
#699 = CARTESIAN_POINT('',(-5.500158975291,-8.075181686047,95.));
#700 = CARTESIAN_POINT('',(-5.953238553779,-8.492605377907,95.));
#701 = ORIENTED_EDGE('',*,*,#702,.T.);
#702 = EDGE_CURVE('',#695,#703,#705,.T.);
#703 = VERTEX_POINT('',#704);
#704 = CARTESIAN_POINT('',(-6.527366460756,-9.046747819767,95.));
#705 = B_SPLINE_CURVE_WITH_KNOTS('',2,(#706,#707,#708),.UNSPECIFIED.,.F.
  ,.F.,(3,3),(0.,1.),.PIECEWISE_BEZIER_KNOTS.);
#706 = CARTESIAN_POINT('',(-5.953238553779,-8.492605377907,95.));
#707 = CARTESIAN_POINT('',(-6.406318132267,-8.909801962209,95.));
#708 = CARTESIAN_POINT('',(-6.527366460756,-9.046747819767,95.));
#709 = ORIENTED_EDGE('',*,*,#710,.T.);
#710 = EDGE_CURVE('',#703,#549,#711,.T.);
#711 = B_SPLINE_CURVE_WITH_KNOTS('',2,(#712,#713,#714),.UNSPECIFIED.,.F.
  ,.F.,(3,3),(0.,1.),.PIECEWISE_BEZIER_KNOTS.);
#712 = CARTESIAN_POINT('',(-6.527366460756,-9.046747819767,95.));
#713 = CARTESIAN_POINT('',(-6.648187681686,-9.183466569767,95.));
#714 = CARTESIAN_POINT('',(-6.723133175872,-9.313372093023,95.));
#715 = FACE_BOUND('',#716,.T.);
#716 = EDGE_LOOP('',(#717,#727,#735,#743,#751,#759,#767,#775,#783,#791,
    #799));
#717 = ORIENTED_EDGE('',*,*,#718,.T.);
#718 = EDGE_CURVE('',#719,#721,#723,.T.);
#719 = VERTEX_POINT('',#720);
#720 = CARTESIAN_POINT('',(1.175281613372,-10.2,95.));
#721 = VERTEX_POINT('',#722);
#722 = CARTESIAN_POINT('',(0.248682776163,-10.2,95.));
#723 = LINE('',#724,#725);
#724 = CARTESIAN_POINT('',(1.175281613372,-10.2,95.));
#725 = VECTOR('',#726,1.);
#726 = DIRECTION('',(-1.,0.,0.));
#727 = ORIENTED_EDGE('',*,*,#728,.T.);
#728 = EDGE_CURVE('',#721,#729,#731,.T.);
#729 = VERTEX_POINT('',#730);
#730 = CARTESIAN_POINT('',(0.248682776163,-9.197093023256,95.));
#731 = LINE('',#732,#733);
#732 = CARTESIAN_POINT('',(0.248682776163,-10.2,95.));
#733 = VECTOR('',#734,1.);
#734 = DIRECTION('',(0.,1.,0.));
#735 = ORIENTED_EDGE('',*,*,#736,.T.);
#736 = EDGE_CURVE('',#729,#737,#739,.T.);
#737 = VERTEX_POINT('',#738);
#738 = CARTESIAN_POINT('',(-1.795285247093,-9.197093023256,95.));
#739 = LINE('',#740,#741);
#740 = CARTESIAN_POINT('',(0.248682776163,-9.197093023256,95.));
#741 = VECTOR('',#742,1.);
#742 = DIRECTION('',(-1.,0.,0.));
#743 = ORIENTED_EDGE('',*,*,#744,.T.);
#744 = EDGE_CURVE('',#737,#745,#747,.T.);
#745 = VERTEX_POINT('',#746);
#746 = CARTESIAN_POINT('',(-1.795285247093,-8.357476380814,95.));
#747 = LINE('',#748,#749);
#748 = CARTESIAN_POINT('',(-1.795285247093,-9.197093023256,95.));
#749 = VECTOR('',#750,1.);
#750 = DIRECTION('',(0.,1.,0.));
#751 = ORIENTED_EDGE('',*,*,#752,.T.);
#752 = EDGE_CURVE('',#745,#753,#755,.T.);
#753 = VERTEX_POINT('',#754);
#754 = CARTESIAN_POINT('',(0.371320857558,-5.185465116279,95.));
#755 = LINE('',#756,#757);
#756 = CARTESIAN_POINT('',(-1.795285247093,-8.357476380814,95.));
#757 = VECTOR('',#758,1.);
#758 = DIRECTION('',(0.564024580147,0.825757999047,0.));
#759 = ORIENTED_EDGE('',*,*,#760,.T.);
#760 = EDGE_CURVE('',#753,#761,#763,.T.);
#761 = VERTEX_POINT('',#762);
#762 = CARTESIAN_POINT('',(1.175281613372,-5.185465116279,95.));
#763 = LINE('',#764,#765);
#764 = CARTESIAN_POINT('',(0.371320857558,-5.185465116279,95.));
#765 = VECTOR('',#766,1.);
#766 = DIRECTION('',(1.,0.,0.));
#767 = ORIENTED_EDGE('',*,*,#768,.T.);
#768 = EDGE_CURVE('',#761,#769,#771,.T.);
#769 = VERTEX_POINT('',#770);
#770 = CARTESIAN_POINT('',(1.175281613372,-8.354069767442,95.));
#771 = LINE('',#772,#773);
#772 = CARTESIAN_POINT('',(1.175281613372,-5.185465116279,95.));
#773 = VECTOR('',#774,1.);
#774 = DIRECTION('',(0.,-1.,0.));
#775 = ORIENTED_EDGE('',*,*,#776,.T.);
#776 = EDGE_CURVE('',#769,#777,#779,.T.);
#777 = VERTEX_POINT('',#778);
#778 = CARTESIAN_POINT('',(1.795285247093,-8.354069767442,95.));
#779 = LINE('',#780,#781);
#780 = CARTESIAN_POINT('',(1.175281613372,-8.354069767442,95.));
#781 = VECTOR('',#782,1.);
#782 = DIRECTION('',(1.,0.,0.));
#783 = ORIENTED_EDGE('',*,*,#784,.T.);
#784 = EDGE_CURVE('',#777,#785,#787,.T.);
#785 = VERTEX_POINT('',#786);
#786 = CARTESIAN_POINT('',(1.795285247093,-9.197093023256,95.));
#787 = LINE('',#788,#789);
#788 = CARTESIAN_POINT('',(1.795285247093,-8.354069767442,95.));
#789 = VECTOR('',#790,1.);
#790 = DIRECTION('',(0.,-1.,0.));
#791 = ORIENTED_EDGE('',*,*,#792,.T.);
#792 = EDGE_CURVE('',#785,#793,#795,.T.);
#793 = VERTEX_POINT('',#794);
#794 = CARTESIAN_POINT('',(1.175281613372,-9.197093023256,95.));
#795 = LINE('',#796,#797);
#796 = CARTESIAN_POINT('',(1.795285247093,-9.197093023256,95.));
#797 = VECTOR('',#798,1.);
#798 = DIRECTION('',(-1.,0.,0.));
#799 = ORIENTED_EDGE('',*,*,#800,.T.);
#800 = EDGE_CURVE('',#793,#719,#801,.T.);
#801 = LINE('',#802,#803);
#802 = CARTESIAN_POINT('',(1.175281613372,-9.197093023256,95.));
#803 = VECTOR('',#804,1.);
#804 = DIRECTION('',(0.,-1.,0.));
#805 = FACE_BOUND('',#806,.T.);
#806 = EDGE_LOOP('',(#807,#817,#825,#833,#841,#849,#857,#865,#873,#881,
    #889,#897,#905,#913,#921,#929,#937,#945,#953,#961));
#807 = ORIENTED_EDGE('',*,*,#808,.T.);
#808 = EDGE_CURVE('',#809,#811,#813,.T.);
#809 = VERTEX_POINT('',#810);
#810 = CARTESIAN_POINT('',(-7.25,-4.,95.));
#811 = VERTEX_POINT('',#812);
#812 = CARTESIAN_POINT('',(-7.25,4.,95.));
#813 = LINE('',#814,#815);
#814 = CARTESIAN_POINT('',(-7.25,-4.,95.));
#815 = VECTOR('',#816,1.);
#816 = DIRECTION('',(0.,1.,0.));
#817 = ORIENTED_EDGE('',*,*,#818,.T.);
#818 = EDGE_CURVE('',#811,#819,#821,.T.);
#819 = VERTEX_POINT('',#820);
#820 = CARTESIAN_POINT('',(-5.75,4.,95.));
#821 = LINE('',#822,#823);
#822 = CARTESIAN_POINT('',(-7.25,4.,95.));
#823 = VECTOR('',#824,1.);
#824 = DIRECTION('',(1.,0.,0.));
#825 = ORIENTED_EDGE('',*,*,#826,.F.);
#826 = EDGE_CURVE('',#827,#819,#829,.T.);
#827 = VERTEX_POINT('',#828);
#828 = CARTESIAN_POINT('',(-5.75,0.75,95.));
#829 = LINE('',#830,#831);
#830 = CARTESIAN_POINT('',(-5.75,-4.,95.));
#831 = VECTOR('',#832,1.);
#832 = DIRECTION('',(0.,1.,0.));
#833 = ORIENTED_EDGE('',*,*,#834,.T.);
#834 = EDGE_CURVE('',#827,#835,#837,.T.);
#835 = VERTEX_POINT('',#836);
#836 = CARTESIAN_POINT('',(-0.75,0.75,95.));
#837 = LINE('',#838,#839);
#838 = CARTESIAN_POINT('',(-7.25,0.75,95.));
#839 = VECTOR('',#840,1.);
#840 = DIRECTION('',(1.,0.,0.));
#841 = ORIENTED_EDGE('',*,*,#842,.T.);
#842 = EDGE_CURVE('',#835,#843,#845,.T.);
#843 = VERTEX_POINT('',#844);
#844 = CARTESIAN_POINT('',(-0.75,4.,95.));
#845 = LINE('',#846,#847);
#846 = CARTESIAN_POINT('',(-0.75,-4.,95.));
#847 = VECTOR('',#848,1.);
#848 = DIRECTION('',(0.,1.,0.));
#849 = ORIENTED_EDGE('',*,*,#850,.T.);
#850 = EDGE_CURVE('',#843,#851,#853,.T.);
#851 = VERTEX_POINT('',#852);
#852 = CARTESIAN_POINT('',(0.75,4.,95.));
#853 = LINE('',#854,#855);
#854 = CARTESIAN_POINT('',(-0.75,4.,95.));
#855 = VECTOR('',#856,1.);
#856 = DIRECTION('',(1.,0.,0.));
#857 = ORIENTED_EDGE('',*,*,#858,.F.);
#858 = EDGE_CURVE('',#859,#851,#861,.T.);
#859 = VERTEX_POINT('',#860);
#860 = CARTESIAN_POINT('',(0.75,0.75,95.));
#861 = LINE('',#862,#863);
#862 = CARTESIAN_POINT('',(0.75,-4.,95.));
#863 = VECTOR('',#864,1.);
#864 = DIRECTION('',(0.,1.,0.));
#865 = ORIENTED_EDGE('',*,*,#866,.T.);
#866 = EDGE_CURVE('',#859,#867,#869,.T.);
#867 = VERTEX_POINT('',#868);
#868 = CARTESIAN_POINT('',(5.75,0.75,95.));
#869 = LINE('',#870,#871);
#870 = CARTESIAN_POINT('',(-7.25,0.75,95.));
#871 = VECTOR('',#872,1.);
#872 = DIRECTION('',(1.,0.,0.));
#873 = ORIENTED_EDGE('',*,*,#874,.T.);
#874 = EDGE_CURVE('',#867,#875,#877,.T.);
#875 = VERTEX_POINT('',#876);
#876 = CARTESIAN_POINT('',(5.75,4.,95.));
#877 = LINE('',#878,#879);
#878 = CARTESIAN_POINT('',(5.75,-4.,95.));
#879 = VECTOR('',#880,1.);
#880 = DIRECTION('',(0.,1.,0.));
#881 = ORIENTED_EDGE('',*,*,#882,.T.);
#882 = EDGE_CURVE('',#875,#883,#885,.T.);
#883 = VERTEX_POINT('',#884);
#884 = CARTESIAN_POINT('',(7.25,4.,95.));
#885 = LINE('',#886,#887);
#886 = CARTESIAN_POINT('',(5.75,4.,95.));
#887 = VECTOR('',#888,1.);
#888 = DIRECTION('',(1.,0.,0.));
#889 = ORIENTED_EDGE('',*,*,#890,.F.);
#890 = EDGE_CURVE('',#891,#883,#893,.T.);
#891 = VERTEX_POINT('',#892);
#892 = CARTESIAN_POINT('',(7.25,-4.,95.));
#893 = LINE('',#894,#895);
#894 = CARTESIAN_POINT('',(7.25,-4.,95.));
#895 = VECTOR('',#896,1.);
#896 = DIRECTION('',(0.,1.,0.));
#897 = ORIENTED_EDGE('',*,*,#898,.F.);
#898 = EDGE_CURVE('',#899,#891,#901,.T.);
#899 = VERTEX_POINT('',#900);
#900 = CARTESIAN_POINT('',(5.75,-4.,95.));
#901 = LINE('',#902,#903);
#902 = CARTESIAN_POINT('',(5.75,-4.,95.));
#903 = VECTOR('',#904,1.);
#904 = DIRECTION('',(1.,0.,0.));
#905 = ORIENTED_EDGE('',*,*,#906,.T.);
#906 = EDGE_CURVE('',#899,#907,#909,.T.);
#907 = VERTEX_POINT('',#908);
#908 = CARTESIAN_POINT('',(5.75,-0.75,95.));
#909 = LINE('',#910,#911);
#910 = CARTESIAN_POINT('',(5.75,-4.,95.));
#911 = VECTOR('',#912,1.);
#912 = DIRECTION('',(0.,1.,0.));
#913 = ORIENTED_EDGE('',*,*,#914,.F.);
#914 = EDGE_CURVE('',#915,#907,#917,.T.);
#915 = VERTEX_POINT('',#916);
#916 = CARTESIAN_POINT('',(0.75,-0.75,95.));
#917 = LINE('',#918,#919);
#918 = CARTESIAN_POINT('',(-7.25,-0.75,95.));
#919 = VECTOR('',#920,1.);
#920 = DIRECTION('',(1.,0.,0.));
#921 = ORIENTED_EDGE('',*,*,#922,.F.);
#922 = EDGE_CURVE('',#923,#915,#925,.T.);
#923 = VERTEX_POINT('',#924);
#924 = CARTESIAN_POINT('',(0.75,-4.,95.));
#925 = LINE('',#926,#927);
#926 = CARTESIAN_POINT('',(0.75,-4.,95.));
#927 = VECTOR('',#928,1.);
#928 = DIRECTION('',(0.,1.,0.));
#929 = ORIENTED_EDGE('',*,*,#930,.F.);
#930 = EDGE_CURVE('',#931,#923,#933,.T.);
#931 = VERTEX_POINT('',#932);
#932 = CARTESIAN_POINT('',(-0.75,-4.,95.));
#933 = LINE('',#934,#935);
#934 = CARTESIAN_POINT('',(-0.75,-4.,95.));
#935 = VECTOR('',#936,1.);
#936 = DIRECTION('',(1.,0.,0.));
#937 = ORIENTED_EDGE('',*,*,#938,.T.);
#938 = EDGE_CURVE('',#931,#939,#941,.T.);
#939 = VERTEX_POINT('',#940);
#940 = CARTESIAN_POINT('',(-0.75,-0.75,95.));
#941 = LINE('',#942,#943);
#942 = CARTESIAN_POINT('',(-0.75,-4.,95.));
#943 = VECTOR('',#944,1.);
#944 = DIRECTION('',(0.,1.,0.));
#945 = ORIENTED_EDGE('',*,*,#946,.F.);
#946 = EDGE_CURVE('',#947,#939,#949,.T.);
#947 = VERTEX_POINT('',#948);
#948 = CARTESIAN_POINT('',(-5.75,-0.75,95.));
#949 = LINE('',#950,#951);
#950 = CARTESIAN_POINT('',(-7.25,-0.75,95.));
#951 = VECTOR('',#952,1.);
#952 = DIRECTION('',(1.,0.,0.));
#953 = ORIENTED_EDGE('',*,*,#954,.F.);
#954 = EDGE_CURVE('',#955,#947,#957,.T.);
#955 = VERTEX_POINT('',#956);
#956 = CARTESIAN_POINT('',(-5.75,-4.,95.));
#957 = LINE('',#958,#959);
#958 = CARTESIAN_POINT('',(-5.75,-4.,95.));
#959 = VECTOR('',#960,1.);
#960 = DIRECTION('',(0.,1.,0.));
#961 = ORIENTED_EDGE('',*,*,#962,.F.);
#962 = EDGE_CURVE('',#809,#955,#963,.T.);
#963 = LINE('',#964,#965);
#964 = CARTESIAN_POINT('',(-7.25,-4.,95.));
#965 = VECTOR('',#966,1.);
#966 = DIRECTION('',(1.,0.,0.));
#967 = FACE_BOUND('',#968,.T.);
#968 = EDGE_LOOP('',(#969,#979,#987,#995,#1003,#1011,#1019,#1027,#1035,
    #1043,#1051,#1059,#1067,#1075,#1083,#1091,#1099,#1107));
#969 = ORIENTED_EDGE('',*,*,#970,.T.);
#970 = EDGE_CURVE('',#971,#973,#975,.T.);
#971 = VERTEX_POINT('',#972);
#972 = CARTESIAN_POINT('',(5.26339934593,-10.2,95.));
#973 = VERTEX_POINT('',#974);
#974 = CARTESIAN_POINT('',(4.255041787791,-10.2,95.));
#975 = LINE('',#976,#977);
#976 = CARTESIAN_POINT('',(5.26339934593,-10.2,95.));
#977 = VECTOR('',#978,1.);
#978 = DIRECTION('',(-1.,0.,0.));
#979 = ORIENTED_EDGE('',*,*,#980,.T.);
#980 = EDGE_CURVE('',#973,#981,#983,.T.);
#981 = VERTEX_POINT('',#982);
#982 = CARTESIAN_POINT('',(4.255041787791,-5.2,95.));
#983 = LINE('',#984,#985);
#984 = CARTESIAN_POINT('',(4.255041787791,-10.2,95.));
#985 = VECTOR('',#986,1.);
#986 = DIRECTION('',(0.,1.,0.));
#987 = ORIENTED_EDGE('',*,*,#988,.T.);
#988 = EDGE_CURVE('',#981,#989,#991,.T.);
#989 = VERTEX_POINT('',#990);
#990 = CARTESIAN_POINT('',(6.377361918605,-5.2,95.));
#991 = LINE('',#992,#993);
#992 = CARTESIAN_POINT('',(4.255041787791,-5.2,95.));
#993 = VECTOR('',#994,1.);
#994 = DIRECTION('',(1.,0.,0.));
#995 = ORIENTED_EDGE('',*,*,#996,.T.);
#996 = EDGE_CURVE('',#989,#997,#999,.T.);
#997 = VERTEX_POINT('',#998);
#998 = CARTESIAN_POINT('',(7.540606831395,-5.334447674419,95.));
#999 = B_SPLINE_CURVE_WITH_KNOTS('',2,(#1000,#1001,#1002),
  .UNSPECIFIED.,.F.,.F.,(3,3),(0.,1.),.PIECEWISE_BEZIER_KNOTS.);
#1000 = CARTESIAN_POINT('',(6.377361918605,-5.2,95.));
#1001 = CARTESIAN_POINT('',(7.177916061047,-5.2,95.));
#1002 = CARTESIAN_POINT('',(7.540606831395,-5.334447674419,95.));
#1003 = ORIENTED_EDGE('',*,*,#1004,.T.);
#1004 = EDGE_CURVE('',#997,#1005,#1007,.T.);
#1005 = VERTEX_POINT('',#1006);
#1006 = CARTESIAN_POINT('',(8.121547965116,-5.81273619186,95.));
#1007 = B_SPLINE_CURVE_WITH_KNOTS('',2,(#1008,#1009,#1010),
  .UNSPECIFIED.,.F.,.F.,(3,3),(0.,1.),.PIECEWISE_BEZIER_KNOTS.);
#1008 = CARTESIAN_POINT('',(7.540606831395,-5.334447674419,95.));
#1009 = CARTESIAN_POINT('',(7.903524709302,-5.468895348837,95.));
#1010 = CARTESIAN_POINT('',(8.121547965116,-5.81273619186,95.));
#1011 = ORIENTED_EDGE('',*,*,#1012,.T.);
#1012 = EDGE_CURVE('',#1005,#1013,#1015,.T.);
#1013 = VERTEX_POINT('',#1014);
#1014 = CARTESIAN_POINT('',(8.33957122093,-6.598755450581,95.));
#1015 = B_SPLINE_CURVE_WITH_KNOTS('',2,(#1016,#1017,#1018),
  .UNSPECIFIED.,.F.,.F.,(3,3),(0.,1.),.PIECEWISE_BEZIER_KNOTS.);
#1016 = CARTESIAN_POINT('',(8.121547965116,-5.81273619186,95.));
#1017 = CARTESIAN_POINT('',(8.33957122093,-6.156349927326,95.));
#1018 = CARTESIAN_POINT('',(8.33957122093,-6.598755450581,95.));
#1019 = ORIENTED_EDGE('',*,*,#1020,.T.);
#1020 = EDGE_CURVE('',#1013,#1021,#1023,.T.);
#1021 = VERTEX_POINT('',#1022);
#1022 = CARTESIAN_POINT('',(8.009129723837,-7.526262718023,95.));
#1023 = B_SPLINE_CURVE_WITH_KNOTS('',2,(#1024,#1025,#1026),
  .UNSPECIFIED.,.F.,.F.,(3,3),(0.,1.),.PIECEWISE_BEZIER_KNOTS.);
#1024 = CARTESIAN_POINT('',(8.33957122093,-6.598755450581,95.));
#1025 = CARTESIAN_POINT('',(8.33957122093,-7.16039244186,95.));
#1026 = CARTESIAN_POINT('',(8.009129723837,-7.526262718023,95.));
#1027 = ORIENTED_EDGE('',*,*,#1028,.T.);
#1028 = EDGE_CURVE('',#1021,#1029,#1031,.T.);
#1029 = VERTEX_POINT('',#1030);
#1030 = CARTESIAN_POINT('',(7.02121184593,-7.987518168605,95.));
#1031 = B_SPLINE_CURVE_WITH_KNOTS('',2,(#1032,#1033,#1034),
  .UNSPECIFIED.,.F.,.F.,(3,3),(0.,1.),.PIECEWISE_BEZIER_KNOTS.);
#1032 = CARTESIAN_POINT('',(8.009129723837,-7.526262718023,95.));
#1033 = CARTESIAN_POINT('',(7.678688226744,-7.892132994186,95.));
#1034 = CARTESIAN_POINT('',(7.02121184593,-7.987518168605,95.));
#1035 = ORIENTED_EDGE('',*,*,#1036,.T.);
#1036 = EDGE_CURVE('',#1029,#1037,#1039,.T.);
#1037 = VERTEX_POINT('',#1038);
#1038 = CARTESIAN_POINT('',(7.561046511628,-8.408121366279,95.));
#1039 = B_SPLINE_CURVE_WITH_KNOTS('',2,(#1040,#1041,#1042),
  .UNSPECIFIED.,.F.,.F.,(3,3),(0.,1.),.PIECEWISE_BEZIER_KNOTS.);
#1040 = CARTESIAN_POINT('',(7.02121184593,-7.987518168605,95.));
#1041 = CARTESIAN_POINT('',(7.348246729651,-8.178969840116,95.));
#1042 = CARTESIAN_POINT('',(7.561046511628,-8.408121366279,95.));
#1043 = ORIENTED_EDGE('',*,*,#1044,.T.);
#1044 = EDGE_CURVE('',#1037,#1045,#1047,.T.);
#1045 = VERTEX_POINT('',#1046);
#1046 = CARTESIAN_POINT('',(8.135174418605,-9.222074854651,95.));
#1047 = B_SPLINE_CURVE_WITH_KNOTS('',2,(#1048,#1049,#1050),
  .UNSPECIFIED.,.F.,.F.,(3,3),(0.,1.),.PIECEWISE_BEZIER_KNOTS.);
#1048 = CARTESIAN_POINT('',(7.561046511628,-8.408121366279,95.));
#1049 = CARTESIAN_POINT('',(7.774073401163,-8.637272892442,95.));
#1050 = CARTESIAN_POINT('',(8.135174418605,-9.222074854651,95.));
#1051 = ORIENTED_EDGE('',*,*,#1052,.T.);
#1052 = EDGE_CURVE('',#1045,#1053,#1055,.T.);
#1053 = VERTEX_POINT('',#1054);
#1054 = CARTESIAN_POINT('',(8.744958212209,-10.2,95.));
#1055 = LINE('',#1056,#1057);
#1056 = CARTESIAN_POINT('',(8.135174418605,-9.222074854651,95.));
#1057 = VECTOR('',#1058,1.);
#1058 = DIRECTION('',(0.529112976501,-0.848551388013,0.));
#1059 = ORIENTED_EDGE('',*,*,#1060,.T.);
#1060 = EDGE_CURVE('',#1053,#1061,#1063,.T.);
#1061 = VERTEX_POINT('',#1062);
#1062 = CARTESIAN_POINT('',(7.539017078488,-10.2,95.));
#1063 = LINE('',#1064,#1065);
#1064 = CARTESIAN_POINT('',(8.744958212209,-10.2,95.));
#1065 = VECTOR('',#1066,1.);
#1066 = DIRECTION('',(-1.,0.,0.));
#1067 = ORIENTED_EDGE('',*,*,#1068,.T.);
#1068 = EDGE_CURVE('',#1061,#1069,#1071,.T.);
#1069 = VERTEX_POINT('',#1070);
#1070 = CARTESIAN_POINT('',(6.81000181686,-9.106704215116,95.));
#1071 = LINE('',#1072,#1073);
#1072 = CARTESIAN_POINT('',(7.539017078488,-10.2,95.));
#1073 = VECTOR('',#1074,1.);
#1074 = DIRECTION('',(-0.554779960745,0.831997112469,0.));
#1075 = ORIENTED_EDGE('',*,*,#1076,.T.);
#1076 = EDGE_CURVE('',#1069,#1077,#1079,.T.);
#1077 = VERTEX_POINT('',#1078);
#1078 = CARTESIAN_POINT('',(6.278570130814,-8.371557049419,95.));
#1079 = B_SPLINE_CURVE_WITH_KNOTS('',2,(#1080,#1081,#1082),
  .UNSPECIFIED.,.F.,.F.,(3,3),(0.,1.),.PIECEWISE_BEZIER_KNOTS.);
#1080 = CARTESIAN_POINT('',(6.81000181686,-9.106704215116,95.));
#1081 = CARTESIAN_POINT('',(6.421647892442,-8.523264898256,95.));
#1082 = CARTESIAN_POINT('',(6.278570130814,-8.371557049419,95.));
#1083 = ORIENTED_EDGE('',*,*,#1084,.T.);
#1084 = EDGE_CURVE('',#1077,#1085,#1087,.T.);
#1085 = VERTEX_POINT('',#1086);
#1086 = CARTESIAN_POINT('',(5.975381540698,-8.163299418605,95.));
#1087 = B_SPLINE_CURVE_WITH_KNOTS('',2,(#1088,#1089,#1090),
  .UNSPECIFIED.,.F.,.F.,(3,3),(0.,1.),.PIECEWISE_BEZIER_KNOTS.);
#1088 = CARTESIAN_POINT('',(6.278570130814,-8.371557049419,95.));
#1089 = CARTESIAN_POINT('',(6.135492369186,-8.219622093023,95.));
#1090 = CARTESIAN_POINT('',(5.975381540698,-8.163299418605,95.));
#1091 = ORIENTED_EDGE('',*,*,#1092,.T.);
#1092 = EDGE_CURVE('',#1085,#1093,#1095,.T.);
#1093 = VERTEX_POINT('',#1094);
#1094 = CARTESIAN_POINT('',(5.467796148256,-8.106976744186,95.));
#1095 = B_SPLINE_CURVE_WITH_KNOTS('',2,(#1096,#1097,#1098),
  .UNSPECIFIED.,.F.,.F.,(3,3),(0.,1.),.PIECEWISE_BEZIER_KNOTS.);
#1096 = CARTESIAN_POINT('',(5.975381540698,-8.163299418605,95.));
#1097 = CARTESIAN_POINT('',(5.815270712209,-8.106976744186,95.));
#1098 = CARTESIAN_POINT('',(5.467796148256,-8.106976744186,95.));
#1099 = ORIENTED_EDGE('',*,*,#1100,.T.);
#1100 = EDGE_CURVE('',#1093,#1101,#1103,.T.);
#1101 = VERTEX_POINT('',#1102);
#1102 = CARTESIAN_POINT('',(5.26339934593,-8.106976744186,95.));
#1103 = LINE('',#1104,#1105);
#1104 = CARTESIAN_POINT('',(5.467796148256,-8.106976744186,95.));
#1105 = VECTOR('',#1106,1.);
#1106 = DIRECTION('',(-1.,0.,0.));
#1107 = ORIENTED_EDGE('',*,*,#1108,.T.);
#1108 = EDGE_CURVE('',#1101,#971,#1109,.T.);
#1109 = LINE('',#1110,#1111);
#1110 = CARTESIAN_POINT('',(5.26339934593,-8.106976744186,95.));
#1111 = VECTOR('',#1112,1.);
#1112 = DIRECTION('',(0.,-1.,0.));
#1113 = FACE_BOUND('',#1114,.T.);
#1114 = EDGE_LOOP('',(#1115,#1125,#1133,#1141,#1149,#1157,#1165,#1173));
#1115 = ORIENTED_EDGE('',*,*,#1116,.T.);
#1116 = EDGE_CURVE('',#1117,#1119,#1121,.T.);
#1117 = VERTEX_POINT('',#1118);
#1118 = CARTESIAN_POINT('',(-5.403070494186,10.229069767442,95.));
#1119 = VERTEX_POINT('',#1120);
#1120 = CARTESIAN_POINT('',(-5.403070494186,5.2,95.));
#1121 = LINE('',#1122,#1123);
#1122 = CARTESIAN_POINT('',(-5.403070494186,10.229069767442,95.));
#1123 = VECTOR('',#1124,1.);
#1124 = DIRECTION('',(0.,-1.,0.));
#1125 = ORIENTED_EDGE('',*,*,#1126,.T.);
#1126 = EDGE_CURVE('',#1119,#1127,#1129,.T.);
#1127 = VERTEX_POINT('',#1128);
#1128 = CARTESIAN_POINT('',(-6.360328851744,5.2,95.));
#1129 = LINE('',#1130,#1131);
#1130 = CARTESIAN_POINT('',(-5.403070494186,5.2,95.));
#1131 = VECTOR('',#1132,1.);
#1132 = DIRECTION('',(-1.,0.,0.));
#1133 = ORIENTED_EDGE('',*,*,#1134,.T.);
#1134 = EDGE_CURVE('',#1127,#1135,#1137,.T.);
#1135 = VERTEX_POINT('',#1136);
#1136 = CARTESIAN_POINT('',(-6.360328851744,8.821002906977,95.));
#1137 = LINE('',#1138,#1139);
#1138 = CARTESIAN_POINT('',(-6.360328851744,5.2,95.));
#1139 = VECTOR('',#1140,1.);
#1140 = DIRECTION('',(0.,1.,0.));
#1141 = ORIENTED_EDGE('',*,*,#1142,.T.);
#1142 = EDGE_CURVE('',#1135,#1143,#1145,.T.);
#1143 = VERTEX_POINT('',#1144);
#1144 = CARTESIAN_POINT('',(-7.596929505814,8.092441860465,95.));
#1145 = B_SPLINE_CURVE_WITH_KNOTS('',2,(#1146,#1147,#1148),
  .UNSPECIFIED.,.F.,.F.,(3,3),(0.,1.),.PIECEWISE_BEZIER_KNOTS.);
#1146 = CARTESIAN_POINT('',(-6.360328851744,8.821002906977,95.));
#1147 = CARTESIAN_POINT('',(-6.884947311047,8.328406613372,95.));
#1148 = CARTESIAN_POINT('',(-7.596929505814,8.092441860465,95.));
#1149 = ORIENTED_EDGE('',*,*,#1150,.T.);
#1150 = EDGE_CURVE('',#1143,#1151,#1153,.T.);
#1151 = VERTEX_POINT('',#1152);
#1152 = CARTESIAN_POINT('',(-7.596929505814,8.964534883721,95.));
#1153 = LINE('',#1154,#1155);
#1154 = CARTESIAN_POINT('',(-7.596929505814,8.092441860465,95.));
#1155 = VECTOR('',#1156,1.);
#1156 = DIRECTION('',(0.,1.,0.));
#1157 = ORIENTED_EDGE('',*,*,#1158,.T.);
#1158 = EDGE_CURVE('',#1151,#1159,#1161,.T.);
#1159 = VERTEX_POINT('',#1160);
#1160 = CARTESIAN_POINT('',(-6.782748909884,9.429651162791,95.));
#1161 = B_SPLINE_CURVE_WITH_KNOTS('',2,(#1162,#1163,#1164),
  .UNSPECIFIED.,.F.,.F.,(3,3),(0.,1.),.PIECEWISE_BEZIER_KNOTS.);
#1162 = CARTESIAN_POINT('',(-7.596929505814,8.964534883721,95.));
#1163 = CARTESIAN_POINT('',(-7.222202034884,9.087172965116,95.));
#1164 = CARTESIAN_POINT('',(-6.782748909884,9.429651162791,95.));
#1165 = ORIENTED_EDGE('',*,*,#1166,.T.);
#1166 = EDGE_CURVE('',#1159,#1167,#1169,.T.);
#1167 = VERTEX_POINT('',#1168);
#1168 = CARTESIAN_POINT('',(-6.179778343023,10.229069767442,95.));
#1169 = B_SPLINE_CURVE_WITH_KNOTS('',2,(#1170,#1171,#1172),
  .UNSPECIFIED.,.F.,.F.,(3,3),(0.,1.),.PIECEWISE_BEZIER_KNOTS.);
#1170 = CARTESIAN_POINT('',(-6.782748909884,9.429651162791,95.));
#1171 = CARTESIAN_POINT('',(-6.343295784884,9.772356468023,95.));
#1172 = CARTESIAN_POINT('',(-6.179778343023,10.229069767442,95.));
#1173 = ORIENTED_EDGE('',*,*,#1174,.T.);
#1174 = EDGE_CURVE('',#1167,#1117,#1175,.T.);
#1175 = LINE('',#1176,#1177);
#1176 = CARTESIAN_POINT('',(-6.179778343023,10.229069767442,95.));
#1177 = VECTOR('',#1178,1.);
#1178 = DIRECTION('',(1.,0.,0.));
#1179 = FACE_BOUND('',#1180,.T.);
#1180 = EDGE_LOOP('',(#1181,#1191,#1199,#1207,#1215,#1223,#1231,#1239,
    #1247,#1255,#1263,#1271,#1279,#1287,#1295,#1303,#1311,#1319,#1327,
    #1335,#1343,#1351,#1359,#1367,#1375,#1383,#1391,#1399));
#1181 = ORIENTED_EDGE('',*,*,#1182,.T.);
#1182 = EDGE_CURVE('',#1183,#1185,#1187,.T.);
#1183 = VERTEX_POINT('',#1184);
#1184 = CARTESIAN_POINT('',(-1.141215479651,5.503869912791,95.));
#1185 = VERTEX_POINT('',#1186);
#1186 = CARTESIAN_POINT('',(-1.659020712209,6.526989462209,95.));
#1187 = B_SPLINE_CURVE_WITH_KNOTS('',2,(#1188,#1189,#1190),
  .UNSPECIFIED.,.F.,.F.,(3,3),(0.,1.),.PIECEWISE_BEZIER_KNOTS.);
#1188 = CARTESIAN_POINT('',(-1.141215479651,5.503869912791,95.));
#1189 = CARTESIAN_POINT('',(-1.587481831395,5.894949127907,95.));
#1190 = CARTESIAN_POINT('',(-1.659020712209,6.526989462209,95.));
#1191 = ORIENTED_EDGE('',*,*,#1192,.T.);
#1192 = EDGE_CURVE('',#1185,#1193,#1195,.T.);
#1193 = VERTEX_POINT('',#1194);
#1194 = CARTESIAN_POINT('',(-0.732421875,6.638953488372,95.));
#1195 = LINE('',#1196,#1197);
#1196 = CARTESIAN_POINT('',(-1.659020712209,6.526989462209,95.));
#1197 = VECTOR('',#1198,1.);
#1198 = DIRECTION('',(0.992778634966,0.119960751725,0.));
#1199 = ORIENTED_EDGE('',*,*,#1200,.T.);
#1200 = EDGE_CURVE('',#1193,#1201,#1203,.T.);
#1201 = VERTEX_POINT('',#1202);
#1202 = CARTESIAN_POINT('',(-0.493958938953,6.098891715116,95.));
#1203 = B_SPLINE_CURVE_WITH_KNOTS('',2,(#1204,#1205,#1206),
  .UNSPECIFIED.,.F.,.F.,(3,3),(0.,1.),.PIECEWISE_BEZIER_KNOTS.);
#1204 = CARTESIAN_POINT('',(-0.732421875,6.638953488372,95.));
#1205 = CARTESIAN_POINT('',(-0.688135901163,6.285801235465,95.));
#1206 = CARTESIAN_POINT('',(-0.493958938953,6.098891715116,95.));
#1207 = ORIENTED_EDGE('',*,*,#1208,.T.);
#1208 = EDGE_CURVE('',#1201,#1209,#1211,.T.);
#1209 = VERTEX_POINT('',#1210);
#1210 = CARTESIAN_POINT('',(-2.384629360465E-02,5.912209302326,95.));
#1211 = B_SPLINE_CURVE_WITH_KNOTS('',2,(#1212,#1213,#1214),
  .UNSPECIFIED.,.F.,.F.,(3,3),(0.,1.),.PIECEWISE_BEZIER_KNOTS.);
#1212 = CARTESIAN_POINT('',(-0.493958938953,6.098891715116,95.));
#1213 = CARTESIAN_POINT('',(-0.299781976744,5.912209302326,95.));
#1214 = CARTESIAN_POINT('',(-2.384629360465E-02,5.912209302326,95.));
#1215 = ORIENTED_EDGE('',*,*,#1216,.T.);
#1216 = EDGE_CURVE('',#1209,#1217,#1219,.T.);
#1217 = VERTEX_POINT('',#1218);
#1218 = CARTESIAN_POINT('',(0.475109011628,6.138862645349,95.));
#1219 = B_SPLINE_CURVE_WITH_KNOTS('',2,(#1220,#1221,#1222),
  .UNSPECIFIED.,.F.,.F.,(3,3),(0.,1.),.PIECEWISE_BEZIER_KNOTS.);
#1220 = CARTESIAN_POINT('',(-2.384629360465E-02,5.912209302326,95.));
#1221 = CARTESIAN_POINT('',(0.272529069767,5.912209302326,95.));
#1222 = CARTESIAN_POINT('',(0.475109011628,6.138862645349,95.));
#1223 = ORIENTED_EDGE('',*,*,#1224,.T.);
#1224 = EDGE_CURVE('',#1217,#1225,#1227,.T.);
#1225 = VERTEX_POINT('',#1226);
#1226 = CARTESIAN_POINT('',(0.677916061047,6.75023619186,95.));
#1227 = B_SPLINE_CURVE_WITH_KNOTS('',2,(#1228,#1229,#1230),
  .UNSPECIFIED.,.F.,.F.,(3,3),(0.,1.),.PIECEWISE_BEZIER_KNOTS.);
#1228 = CARTESIAN_POINT('',(0.475109011628,6.138862645349,95.));
#1229 = CARTESIAN_POINT('',(0.677916061047,6.365515988372,95.));
#1230 = CARTESIAN_POINT('',(0.677916061047,6.75023619186,95.));
#1231 = ORIENTED_EDGE('',*,*,#1232,.T.);
#1232 = EDGE_CURVE('',#1225,#1233,#1235,.T.);
#1233 = VERTEX_POINT('',#1234);
#1234 = CARTESIAN_POINT('',(0.483739098837,7.327089389535,95.));
#1235 = B_SPLINE_CURVE_WITH_KNOTS('',2,(#1236,#1237,#1238),
  .UNSPECIFIED.,.F.,.F.,(3,3),(0.,1.),.PIECEWISE_BEZIER_KNOTS.);
#1236 = CARTESIAN_POINT('',(0.677916061047,6.75023619186,95.));
#1237 = CARTESIAN_POINT('',(0.677916061047,7.114289607558,95.));
#1238 = CARTESIAN_POINT('',(0.483739098837,7.327089389535,95.));
#1239 = ORIENTED_EDGE('',*,*,#1240,.T.);
#1240 = EDGE_CURVE('',#1233,#1241,#1243,.T.);
#1241 = VERTEX_POINT('',#1242);
#1242 = CARTESIAN_POINT('',(1.021984011628E-02,7.54011627907,95.));
#1243 = B_SPLINE_CURVE_WITH_KNOTS('',2,(#1244,#1245,#1246),
  .UNSPECIFIED.,.F.,.F.,(3,3),(0.,1.),.PIECEWISE_BEZIER_KNOTS.);
#1244 = CARTESIAN_POINT('',(0.483739098837,7.327089389535,95.));
#1245 = CARTESIAN_POINT('',(0.289562136628,7.54011627907,95.));
#1246 = CARTESIAN_POINT('',(1.021984011628E-02,7.54011627907,95.));
#1247 = ORIENTED_EDGE('',*,*,#1248,.T.);
#1248 = EDGE_CURVE('',#1241,#1249,#1251,.T.);
#1249 = VERTEX_POINT('',#1250);
#1250 = CARTESIAN_POINT('',(-0.429233284884,7.468577398256,95.));
#1251 = B_SPLINE_CURVE_WITH_KNOTS('',2,(#1252,#1253,#1254),
  .UNSPECIFIED.,.F.,.F.,(3,3),(0.,1.),.PIECEWISE_BEZIER_KNOTS.);
#1252 = CARTESIAN_POINT('',(1.021984011628E-02,7.54011627907,95.));
#1253 = CARTESIAN_POINT('',(-0.173737281977,7.54011627907,95.));
#1254 = CARTESIAN_POINT('',(-0.429233284884,7.468577398256,95.));
#1255 = ORIENTED_EDGE('',*,*,#1256,.T.);
#1256 = EDGE_CURVE('',#1249,#1257,#1259,.T.);
#1257 = VERTEX_POINT('',#1258);
#1258 = CARTESIAN_POINT('',(-0.323628270349,8.237790697674,95.));
#1259 = LINE('',#1260,#1261);
#1260 = CARTESIAN_POINT('',(-0.429233284884,7.468577398256,95.));
#1261 = VECTOR('',#1262,1.);
#1262 = DIRECTION('',(0.136013796445,0.990706943135,0.));
#1263 = ORIENTED_EDGE('',*,*,#1264,.T.);
#1264 = EDGE_CURVE('',#1257,#1265,#1267,.T.);
#1265 = VERTEX_POINT('',#1266);
#1266 = CARTESIAN_POINT('',(0.269122456395,8.405850290698,95.));
#1267 = B_SPLINE_CURVE_WITH_KNOTS('',2,(#1268,#1269,#1270),
  .UNSPECIFIED.,.F.,.F.,(3,3),(0.,1.),.PIECEWISE_BEZIER_KNOTS.);
#1268 = CARTESIAN_POINT('',(-0.323628270349,8.237790697674,95.));
#1269 = CARTESIAN_POINT('',(6.472565406977E-02,8.227570857558,95.));
#1270 = CARTESIAN_POINT('',(0.269122456395,8.405850290698,95.));
#1271 = ORIENTED_EDGE('',*,*,#1272,.T.);
#1272 = EDGE_CURVE('',#1265,#1273,#1275,.T.);
#1273 = VERTEX_POINT('',#1274);
#1274 = CARTESIAN_POINT('',(0.473519258721,8.879596656977,95.));
#1275 = B_SPLINE_CURVE_WITH_KNOTS('',2,(#1276,#1277,#1278),
  .UNSPECIFIED.,.F.,.F.,(3,3),(0.,1.),.PIECEWISE_BEZIER_KNOTS.);
#1276 = CARTESIAN_POINT('',(0.269122456395,8.405850290698,95.));
#1277 = CARTESIAN_POINT('',(0.473519258721,8.584129723837,95.));
#1278 = CARTESIAN_POINT('',(0.473519258721,8.879596656977,95.));
#1279 = ORIENTED_EDGE('',*,*,#1280,.T.);
#1280 = EDGE_CURVE('',#1273,#1281,#1283,.T.);
#1281 = VERTEX_POINT('',#1282);
#1282 = CARTESIAN_POINT('',(0.323628270349,9.280214389535,95.));
#1283 = B_SPLINE_CURVE_WITH_KNOTS('',2,(#1284,#1285,#1286),
  .UNSPECIFIED.,.F.,.F.,(3,3),(0.,1.),.PIECEWISE_BEZIER_KNOTS.);
#1284 = CARTESIAN_POINT('',(0.473519258721,8.879596656977,95.));
#1285 = CARTESIAN_POINT('',(0.473519258721,9.130777616279,95.));
#1286 = CARTESIAN_POINT('',(0.323628270349,9.280214389535,95.));
#1287 = ORIENTED_EDGE('',*,*,#1288,.T.);
#1288 = EDGE_CURVE('',#1281,#1289,#1291,.T.);
#1289 = VERTEX_POINT('',#1290);
#1290 = CARTESIAN_POINT('',(-7.494549418605E-02,9.429651162791,95.));
#1291 = B_SPLINE_CURVE_WITH_KNOTS('',2,(#1292,#1293,#1294),
  .UNSPECIFIED.,.F.,.F.,(3,3),(0.,1.),.PIECEWISE_BEZIER_KNOTS.);
#1292 = CARTESIAN_POINT('',(0.323628270349,9.280214389535,95.));
#1293 = CARTESIAN_POINT('',(0.173737281977,9.429651162791,95.));
#1294 = CARTESIAN_POINT('',(-7.494549418605E-02,9.429651162791,95.));
#1295 = ORIENTED_EDGE('',*,*,#1296,.T.);
#1296 = EDGE_CURVE('',#1289,#1297,#1299,.T.);
#1297 = VERTEX_POINT('',#1298);
#1298 = CARTESIAN_POINT('',(-0.493958938953,9.259093386628,95.));
#1299 = B_SPLINE_CURVE_WITH_KNOTS('',2,(#1300,#1301,#1302),
  .UNSPECIFIED.,.F.,.F.,(3,3),(0.,1.),.PIECEWISE_BEZIER_KNOTS.);
#1300 = CARTESIAN_POINT('',(-7.494549418605E-02,9.429651162791,95.));
#1301 = CARTESIAN_POINT('',(-0.320221656977,9.429651162791,95.));
#1302 = CARTESIAN_POINT('',(-0.493958938953,9.259093386628,95.));
#1303 = ORIENTED_EDGE('',*,*,#1304,.T.);
#1304 = EDGE_CURVE('',#1297,#1305,#1307,.T.);
#1305 = VERTEX_POINT('',#1306);
#1306 = CARTESIAN_POINT('',(-0.705168968023,8.761046511628,95.));
#1307 = B_SPLINE_CURVE_WITH_KNOTS('',2,(#1308,#1309,#1310),
  .UNSPECIFIED.,.F.,.F.,(3,3),(0.,1.),.PIECEWISE_BEZIER_KNOTS.);
#1308 = CARTESIAN_POINT('',(-0.493958938953,9.259093386628,95.));
#1309 = CARTESIAN_POINT('',(-0.66769622093,9.088535610465,95.));
#1310 = CARTESIAN_POINT('',(-0.705168968023,8.761046511628,95.));
#1311 = ORIENTED_EDGE('',*,*,#1312,.T.);
#1312 = EDGE_CURVE('',#1305,#1313,#1315,.T.);
#1313 = VERTEX_POINT('',#1314);
#1314 = CARTESIAN_POINT('',(-1.587481831395,8.911164607558,95.));
#1315 = LINE('',#1316,#1317);
#1316 = CARTESIAN_POINT('',(-0.705168968023,8.761046511628,95.));
#1317 = VECTOR('',#1318,1.);
#1318 = DIRECTION('',(-0.985832777796,0.167731136711,0.));
#1319 = ORIENTED_EDGE('',*,*,#1320,.T.);
#1320 = EDGE_CURVE('',#1313,#1321,#1323,.T.);
#1321 = VERTEX_POINT('',#1322);
#1322 = CARTESIAN_POINT('',(-1.309956395349,9.642223837209,95.));
#1323 = B_SPLINE_CURVE_WITH_KNOTS('',2,(#1324,#1325,#1326),
  .UNSPECIFIED.,.F.,.F.,(3,3),(0.,1.),.PIECEWISE_BEZIER_KNOTS.);
#1324 = CARTESIAN_POINT('',(-1.587481831395,8.911164607558,95.));
#1325 = CARTESIAN_POINT('',(-1.495503270349,9.368786337209,95.));
#1326 = CARTESIAN_POINT('',(-1.309956395349,9.642223837209,95.));
#1327 = ORIENTED_EDGE('',*,*,#1328,.T.);
#1328 = EDGE_CURVE('',#1321,#1329,#1331,.T.);
#1329 = VERTEX_POINT('',#1330);
#1330 = CARTESIAN_POINT('',(-0.792151162791,10.072365552326,95.));
#1331 = B_SPLINE_CURVE_WITH_KNOTS('',2,(#1332,#1333,#1334),
  .UNSPECIFIED.,.F.,.F.,(3,3),(0.,1.),.PIECEWISE_BEZIER_KNOTS.);
#1332 = CARTESIAN_POINT('',(-1.309956395349,9.642223837209,95.));
#1333 = CARTESIAN_POINT('',(-1.124182412791,9.915888444767,95.));
#1334 = CARTESIAN_POINT('',(-0.792151162791,10.072365552326,95.));
#1335 = ORIENTED_EDGE('',*,*,#1336,.T.);
#1336 = EDGE_CURVE('',#1329,#1337,#1339,.T.);
#1337 = VERTEX_POINT('',#1338);
#1338 = CARTESIAN_POINT('',(-4.76925872093E-02,10.229069767442,95.));
#1339 = B_SPLINE_CURVE_WITH_KNOTS('',2,(#1340,#1341,#1342),
  .UNSPECIFIED.,.F.,.F.,(3,3),(0.,1.),.PIECEWISE_BEZIER_KNOTS.);
#1340 = CARTESIAN_POINT('',(-0.792151162791,10.072365552326,95.));
#1341 = CARTESIAN_POINT('',(-0.459892805233,10.229069767442,95.));
#1342 = CARTESIAN_POINT('',(-4.76925872093E-02,10.229069767442,95.));
#1343 = ORIENTED_EDGE('',*,*,#1344,.T.);
#1344 = EDGE_CURVE('',#1337,#1345,#1347,.T.);
#1345 = VERTEX_POINT('',#1346);
#1346 = CARTESIAN_POINT('',(1.083303052326,9.778715479651,95.));
#1347 = B_SPLINE_CURVE_WITH_KNOTS('',2,(#1348,#1349,#1350),
  .UNSPECIFIED.,.F.,.F.,(3,3),(0.,1.),.PIECEWISE_BEZIER_KNOTS.);
#1348 = CARTESIAN_POINT('',(-4.76925872093E-02,10.229069767442,95.));
#1349 = CARTESIAN_POINT('',(0.657476380814,10.229069767442,95.));
#1350 = CARTESIAN_POINT('',(1.083303052326,9.778715479651,95.));
#1351 = ORIENTED_EDGE('',*,*,#1352,.T.);
#1352 = EDGE_CURVE('',#1345,#1353,#1355,.T.);
#1353 = VERTEX_POINT('',#1354);
#1354 = CARTESIAN_POINT('',(1.434184229651,8.94636627907,95.));
#1355 = B_SPLINE_CURVE_WITH_KNOTS('',2,(#1356,#1357,#1358),
  .UNSPECIFIED.,.F.,.F.,(3,3),(0.,1.),.PIECEWISE_BEZIER_KNOTS.);
#1356 = CARTESIAN_POINT('',(1.083303052326,9.778715479651,95.));
#1357 = CARTESIAN_POINT('',(1.434184229651,9.410347020349,95.));
#1358 = CARTESIAN_POINT('',(1.434184229651,8.94636627907,95.));
#1359 = ORIENTED_EDGE('',*,*,#1360,.T.);
#1360 = EDGE_CURVE('',#1353,#1361,#1363,.T.);
#1361 = VERTEX_POINT('',#1362);
#1362 = CARTESIAN_POINT('',(0.71538880814,7.895766715116,95.));
#1363 = B_SPLINE_CURVE_WITH_KNOTS('',2,(#1364,#1365,#1366),
  .UNSPECIFIED.,.F.,.F.,(3,3),(0.,1.),.PIECEWISE_BEZIER_KNOTS.);
#1364 = CARTESIAN_POINT('',(1.434184229651,8.94636627907,95.));
#1365 = CARTESIAN_POINT('',(1.434184229651,8.287981468023,95.));
#1366 = CARTESIAN_POINT('',(0.71538880814,7.895766715116,95.));
#1367 = ORIENTED_EDGE('',*,*,#1368,.T.);
#1368 = EDGE_CURVE('',#1361,#1369,#1371,.T.);
#1369 = VERTEX_POINT('',#1370);
#1370 = CARTESIAN_POINT('',(1.401707848837,7.48152252907,95.));
#1371 = B_SPLINE_CURVE_WITH_KNOTS('',2,(#1372,#1373,#1374),
  .UNSPECIFIED.,.F.,.F.,(3,3),(0.,1.),.PIECEWISE_BEZIER_KNOTS.);
#1372 = CARTESIAN_POINT('',(0.71538880814,7.895766715116,95.));
#1373 = CARTESIAN_POINT('',(1.144622093023,7.803333938953,95.));
#1374 = CARTESIAN_POINT('',(1.401707848837,7.48152252907,95.));
#1375 = ORIENTED_EDGE('',*,*,#1376,.T.);
#1376 = EDGE_CURVE('',#1369,#1377,#1379,.T.);
#1377 = VERTEX_POINT('',#1378);
#1378 = CARTESIAN_POINT('',(1.659020712209,6.704587572674,95.));
#1379 = B_SPLINE_CURVE_WITH_KNOTS('',2,(#1380,#1381,#1382),
  .UNSPECIFIED.,.F.,.F.,(3,3),(0.,1.),.PIECEWISE_BEZIER_KNOTS.);
#1380 = CARTESIAN_POINT('',(1.401707848837,7.48152252907,95.));
#1381 = CARTESIAN_POINT('',(1.659020712209,7.159711119186,95.));
#1382 = CARTESIAN_POINT('',(1.659020712209,6.704587572674,95.));
#1383 = ORIENTED_EDGE('',*,*,#1384,.T.);
#1384 = EDGE_CURVE('',#1377,#1385,#1387,.T.);
#1385 = VERTEX_POINT('',#1386);
#1386 = CARTESIAN_POINT('',(1.178688226744,5.57836119186,95.));
#1387 = B_SPLINE_CURVE_WITH_KNOTS('',2,(#1388,#1389,#1390),
  .UNSPECIFIED.,.F.,.F.,(3,3),(0.,1.),.PIECEWISE_BEZIER_KNOTS.);
#1388 = CARTESIAN_POINT('',(1.659020712209,6.704587572674,95.));
#1389 = CARTESIAN_POINT('',(1.659020712209,6.043931686047,95.));
#1390 = CARTESIAN_POINT('',(1.178688226744,5.57836119186,95.));
#1391 = ORIENTED_EDGE('',*,*,#1392,.T.);
#1392 = EDGE_CURVE('',#1385,#1393,#1395,.T.);
#1393 = VERTEX_POINT('',#1394);
#1394 = CARTESIAN_POINT('',(-1.703306686047E-02,5.112790697674,95.));
#1395 = B_SPLINE_CURVE_WITH_KNOTS('',2,(#1396,#1397,#1398),
  .UNSPECIFIED.,.F.,.F.,(3,3),(0.,1.),.PIECEWISE_BEZIER_KNOTS.);
#1396 = CARTESIAN_POINT('',(1.178688226744,5.57836119186,95.));
#1397 = CARTESIAN_POINT('',(0.698355741279,5.112790697674,95.));
#1398 = CARTESIAN_POINT('',(-1.703306686046E-02,5.112790697674,95.));
#1399 = ORIENTED_EDGE('',*,*,#1400,.T.);
#1400 = EDGE_CURVE('',#1393,#1183,#1401,.T.);
#1401 = B_SPLINE_CURVE_WITH_KNOTS('',2,(#1402,#1403,#1404),
  .UNSPECIFIED.,.F.,.F.,(3,3),(0.,1.),.PIECEWISE_BEZIER_KNOTS.);
#1402 = CARTESIAN_POINT('',(-1.703306686046E-02,5.112790697674,95.));
#1403 = CARTESIAN_POINT('',(-0.694949127907,5.112790697674,95.));
#1404 = CARTESIAN_POINT('',(-1.141215479651,5.503869912791,95.));
#1405 = FACE_BOUND('',#1406,.T.);
#1406 = EDGE_LOOP('',(#1407,#1417,#1425,#1433,#1441,#1449,#1457,#1465,
    #1473,#1481,#1489,#1497,#1505,#1513,#1521,#1529,#1537,#1545,#1553,
    #1561,#1569));
#1407 = ORIENTED_EDGE('',*,*,#1408,.T.);
#1408 = EDGE_CURVE('',#1409,#1411,#1413,.T.);
#1409 = VERTEX_POINT('',#1410);
#1410 = CARTESIAN_POINT('',(5.341751453488,5.484111555233,95.));
#1411 = VERTEX_POINT('',#1412);
#1412 = CARTESIAN_POINT('',(4.820539607558,6.482703488372,95.));
#1413 = B_SPLINE_CURVE_WITH_KNOTS('',2,(#1414,#1415,#1416),
  .UNSPECIFIED.,.F.,.F.,(3,3),(0.,1.),.PIECEWISE_BEZIER_KNOTS.);
#1414 = CARTESIAN_POINT('',(5.341751453488,5.484111555233,95.));
#1415 = CARTESIAN_POINT('',(4.90570494186,5.855659520349,95.));
#1416 = CARTESIAN_POINT('',(4.820539607558,6.482703488372,95.));
#1417 = ORIENTED_EDGE('',*,*,#1418,.T.);
#1418 = EDGE_CURVE('',#1411,#1419,#1421,.T.);
#1419 = VERTEX_POINT('',#1420);
#1420 = CARTESIAN_POINT('',(5.774391351744,6.580813953488,95.));
#1421 = LINE('',#1422,#1423);
#1422 = CARTESIAN_POINT('',(4.820539607558,6.482703488372,95.));
#1423 = VECTOR('',#1424,1.);
#1424 = DIRECTION('',(0.994751810339,0.102317329063,0.));
#1425 = ORIENTED_EDGE('',*,*,#1426,.T.);
#1426 = EDGE_CURVE('',#1419,#1427,#1429,.T.);
#1427 = VERTEX_POINT('',#1428);
#1428 = CARTESIAN_POINT('',(6.016260901163,6.070957485465,95.));
#1429 = B_SPLINE_CURVE_WITH_KNOTS('',2,(#1430,#1431,#1432),
  .UNSPECIFIED.,.F.,.F.,(3,3),(0.,1.),.PIECEWISE_BEZIER_KNOTS.);
#1430 = CARTESIAN_POINT('',(5.774391351744,6.580813953488,95.));
#1431 = CARTESIAN_POINT('',(5.815270712209,6.259002543605,95.));
#1432 = CARTESIAN_POINT('',(6.016260901163,6.070957485465,95.));
#1433 = ORIENTED_EDGE('',*,*,#1434,.T.);
#1434 = EDGE_CURVE('',#1427,#1435,#1437,.T.);
#1435 = VERTEX_POINT('',#1436);
#1436 = CARTESIAN_POINT('',(6.479560319767,5.883139534884,95.));
#1437 = B_SPLINE_CURVE_WITH_KNOTS('',2,(#1438,#1439,#1440),
  .UNSPECIFIED.,.F.,.F.,(3,3),(0.,1.),.PIECEWISE_BEZIER_KNOTS.);
#1438 = CARTESIAN_POINT('',(6.016260901163,6.070957485465,95.));
#1439 = CARTESIAN_POINT('',(6.217251090116,5.883139534884,95.));
#1440 = CARTESIAN_POINT('',(6.479560319767,5.883139534884,95.));
#1441 = ORIENTED_EDGE('',*,*,#1442,.T.);
#1442 = EDGE_CURVE('',#1435,#1443,#1445,.T.);
#1443 = VERTEX_POINT('',#1444);
#1444 = CARTESIAN_POINT('',(6.987145712209,6.127507267442,95.));
#1445 = B_SPLINE_CURVE_WITH_KNOTS('',2,(#1446,#1447,#1448),
  .UNSPECIFIED.,.F.,.F.,(3,3),(0.,1.),.PIECEWISE_BEZIER_KNOTS.);
#1446 = CARTESIAN_POINT('',(6.479560319767,5.883139534884,95.));
#1447 = CARTESIAN_POINT('',(6.779342296512,5.883139534884,95.));
#1448 = CARTESIAN_POINT('',(6.987145712209,6.127507267442,95.));
#1449 = ORIENTED_EDGE('',*,*,#1450,.T.);
#1450 = EDGE_CURVE('',#1443,#1451,#1453,.T.);
#1451 = VERTEX_POINT('',#1452);
#1452 = CARTESIAN_POINT('',(7.194949127907,6.864244186047,95.));
#1453 = B_SPLINE_CURVE_WITH_KNOTS('',2,(#1454,#1455,#1456),
  .UNSPECIFIED.,.F.,.F.,(3,3),(0.,1.),.PIECEWISE_BEZIER_KNOTS.);
#1454 = CARTESIAN_POINT('',(6.987145712209,6.127507267442,95.));
#1455 = CARTESIAN_POINT('',(7.194949127907,6.371875,95.));
#1456 = CARTESIAN_POINT('',(7.194949127907,6.864244186047,95.));
#1457 = ORIENTED_EDGE('',*,*,#1458,.T.);
#1458 = EDGE_CURVE('',#1451,#1459,#1461,.T.);
#1459 = VERTEX_POINT('',#1460);
#1460 = CARTESIAN_POINT('',(6.988735465116,7.556468023256,95.));
#1461 = B_SPLINE_CURVE_WITH_KNOTS('',2,(#1462,#1463,#1464),
  .UNSPECIFIED.,.F.,.F.,(3,3),(0.,1.),.PIECEWISE_BEZIER_KNOTS.);
#1462 = CARTESIAN_POINT('',(7.194949127907,6.864244186047,95.));
#1463 = CARTESIAN_POINT('',(7.194949127907,7.325726744186,95.));
#1464 = CARTESIAN_POINT('',(6.988735465116,7.556468023256,95.));
#1465 = ORIENTED_EDGE('',*,*,#1466,.T.);
#1466 = EDGE_CURVE('',#1459,#1467,#1469,.T.);
#1467 = VERTEX_POINT('',#1468);
#1468 = CARTESIAN_POINT('',(6.452307412791,7.787209302326,95.));
#1469 = B_SPLINE_CURVE_WITH_KNOTS('',2,(#1470,#1471,#1472),
  .UNSPECIFIED.,.F.,.F.,(3,3),(0.,1.),.PIECEWISE_BEZIER_KNOTS.);
#1470 = CARTESIAN_POINT('',(6.988735465116,7.556468023256,95.));
#1471 = CARTESIAN_POINT('',(6.782748909884,7.787209302326,95.));
#1472 = CARTESIAN_POINT('',(6.452307412791,7.787209302326,95.));
#1473 = ORIENTED_EDGE('',*,*,#1474,.T.);
#1474 = EDGE_CURVE('',#1467,#1475,#1477,.T.);
#1475 = VERTEX_POINT('',#1476);
#1476 = CARTESIAN_POINT('',(5.713072311047,7.423837209302,95.));
#1477 = B_SPLINE_CURVE_WITH_KNOTS('',2,(#1478,#1479,#1480),
  .UNSPECIFIED.,.F.,.F.,(3,3),(0.,1.),.PIECEWISE_BEZIER_KNOTS.);
#1478 = CARTESIAN_POINT('',(6.452307412791,7.787209302326,95.));
#1479 = CARTESIAN_POINT('',(6.040107194767,7.787209302326,95.));
#1480 = CARTESIAN_POINT('',(5.713072311047,7.423837209302,95.));
#1481 = ORIENTED_EDGE('',*,*,#1482,.T.);
#1482 = EDGE_CURVE('',#1475,#1483,#1485,.T.);
#1483 = VERTEX_POINT('',#1484);
#1484 = CARTESIAN_POINT('',(4.936364462209,7.535801235465,95.));
#1485 = LINE('',#1486,#1487);
#1486 = CARTESIAN_POINT('',(5.713072311047,7.423837209302,95.));
#1487 = VECTOR('',#1488,1.);
#1488 = DIRECTION('',(-0.989769265001,0.142677265393,0.));
#1489 = ORIENTED_EDGE('',*,*,#1490,.T.);
#1490 = EDGE_CURVE('',#1483,#1491,#1493,.T.);
#1491 = VERTEX_POINT('',#1492);
#1492 = CARTESIAN_POINT('',(5.426916787791,10.141860465116,95.));
#1493 = LINE('',#1494,#1495);
#1494 = CARTESIAN_POINT('',(4.936364462209,7.535801235465,95.));
#1495 = VECTOR('',#1496,1.);
#1496 = DIRECTION('',(0.184986551027,0.982741052332,0.));
#1497 = ORIENTED_EDGE('',*,*,#1498,.T.);
#1498 = EDGE_CURVE('',#1491,#1499,#1501,.T.);
#1499 = VERTEX_POINT('',#1500);
#1500 = CARTESIAN_POINT('',(7.958030523256,10.141860465116,95.));
#1501 = LINE('',#1502,#1503);
#1502 = CARTESIAN_POINT('',(5.426916787791,10.141860465116,95.));
#1503 = VECTOR('',#1504,1.);
#1504 = DIRECTION('',(1.,0.,0.));
#1505 = ORIENTED_EDGE('',*,*,#1506,.T.);
#1506 = EDGE_CURVE('',#1499,#1507,#1509,.T.);
#1507 = VERTEX_POINT('',#1508);
#1508 = CARTESIAN_POINT('',(7.958030523256,9.240697674419,95.));
#1509 = LINE('',#1510,#1511);
#1510 = CARTESIAN_POINT('',(7.958030523256,10.141860465116,95.));
#1511 = VECTOR('',#1512,1.);
#1512 = DIRECTION('',(0.,-1.,0.));
#1513 = ORIENTED_EDGE('',*,*,#1514,.T.);
#1514 = EDGE_CURVE('',#1507,#1515,#1517,.T.);
#1515 = VERTEX_POINT('',#1516);
#1516 = CARTESIAN_POINT('',(6.152525436047,9.240697674419,95.));
#1517 = LINE('',#1518,#1519);
#1518 = CARTESIAN_POINT('',(7.958030523256,9.240697674419,95.));
#1519 = VECTOR('',#1520,1.);
#1520 = DIRECTION('',(-1.,0.,0.));
#1521 = ORIENTED_EDGE('',*,*,#1522,.T.);
#1522 = EDGE_CURVE('',#1515,#1523,#1525,.T.);
#1523 = VERTEX_POINT('',#1524);
#1524 = CARTESIAN_POINT('',(6.002634447674,8.397447311047,95.));
#1525 = LINE('',#1526,#1527);
#1526 = CARTESIAN_POINT('',(6.152525436047,9.240697674419,95.));
#1527 = VECTOR('',#1528,1.);
#1528 = DIRECTION('',(-0.175010486354,-0.984566569444,0.));
#1529 = ORIENTED_EDGE('',*,*,#1530,.T.);
#1530 = EDGE_CURVE('',#1523,#1531,#1533,.T.);
#1531 = VERTEX_POINT('',#1532);
#1532 = CARTESIAN_POINT('',(6.656704215116,8.557558139535,95.));
#1533 = B_SPLINE_CURVE_WITH_KNOTS('',2,(#1534,#1535,#1536),
  .UNSPECIFIED.,.F.,.F.,(3,3),(0.,1.),.PIECEWISE_BEZIER_KNOTS.);
#1534 = CARTESIAN_POINT('',(6.002634447674,8.397447311047,95.));
#1535 = CARTESIAN_POINT('',(6.322856104651,8.557558139535,95.));
#1536 = CARTESIAN_POINT('',(6.656704215116,8.557558139535,95.));
#1537 = ORIENTED_EDGE('',*,*,#1538,.T.);
#1538 = EDGE_CURVE('',#1531,#1539,#1541,.T.);
#1539 = VERTEX_POINT('',#1540);
#1540 = CARTESIAN_POINT('',(7.73660065407,8.091760537791,95.));
#1541 = B_SPLINE_CURVE_WITH_KNOTS('',2,(#1542,#1543,#1544),
  .UNSPECIFIED.,.F.,.F.,(3,3),(0.,1.),.PIECEWISE_BEZIER_KNOTS.);
#1542 = CARTESIAN_POINT('',(6.656704215116,8.557558139535,95.));
#1543 = CARTESIAN_POINT('',(7.293740915698,8.557558139535,95.));
#1544 = CARTESIAN_POINT('',(7.73660065407,8.091760537791,95.));
#1545 = ORIENTED_EDGE('',*,*,#1546,.T.);
#1546 = EDGE_CURVE('',#1539,#1547,#1549,.T.);
#1547 = VERTEX_POINT('',#1548);
#1548 = CARTESIAN_POINT('',(8.179460392442,6.883094113372,95.));
#1549 = B_SPLINE_CURVE_WITH_KNOTS('',2,(#1550,#1551,#1552),
  .UNSPECIFIED.,.F.,.F.,(3,3),(0.,1.),.PIECEWISE_BEZIER_KNOTS.);
#1550 = CARTESIAN_POINT('',(7.73660065407,8.091760537791,95.));
#1551 = CARTESIAN_POINT('',(8.179460392442,7.626190043605,95.));
#1552 = CARTESIAN_POINT('',(8.179460392442,6.883094113372,95.));
#1553 = ORIENTED_EDGE('',*,*,#1554,.T.);
#1554 = EDGE_CURVE('',#1547,#1555,#1557,.T.);
#1555 = VERTEX_POINT('',#1556);
#1556 = CARTESIAN_POINT('',(7.821765988372,5.777080305233,95.));
#1557 = B_SPLINE_CURVE_WITH_KNOTS('',2,(#1558,#1559,#1560),
  .UNSPECIFIED.,.F.,.F.,(3,3),(0.,1.),.PIECEWISE_BEZIER_KNOTS.);
#1558 = CARTESIAN_POINT('',(8.179460392442,6.883094113372,95.));
#1559 = CARTESIAN_POINT('',(8.179460392442,6.263317587209,95.));
#1560 = CARTESIAN_POINT('',(7.821765988372,5.777080305233,95.));
#1561 = ORIENTED_EDGE('',*,*,#1562,.T.);
#1562 = EDGE_CURVE('',#1555,#1563,#1565,.T.);
#1563 = VERTEX_POINT('',#1564);
#1564 = CARTESIAN_POINT('',(6.469340479651,5.112790697674,95.));
#1565 = B_SPLINE_CURVE_WITH_KNOTS('',2,(#1566,#1567,#1568),
  .UNSPECIFIED.,.F.,.F.,(3,3),(0.,1.),.PIECEWISE_BEZIER_KNOTS.);
#1566 = CARTESIAN_POINT('',(7.821765988372,5.777080305233,95.));
#1567 = CARTESIAN_POINT('',(7.334620276163,5.112790697674,95.));
#1568 = CARTESIAN_POINT('',(6.469340479651,5.112790697674,95.));
#1569 = ORIENTED_EDGE('',*,*,#1570,.T.);
#1570 = EDGE_CURVE('',#1563,#1409,#1571,.T.);
#1571 = B_SPLINE_CURVE_WITH_KNOTS('',2,(#1572,#1573,#1574),
  .UNSPECIFIED.,.F.,.F.,(3,3),(0.,1.),.PIECEWISE_BEZIER_KNOTS.);
#1572 = CARTESIAN_POINT('',(6.469340479651,5.112790697674,95.));
#1573 = CARTESIAN_POINT('',(5.777797965116,5.112790697674,95.));
#1574 = CARTESIAN_POINT('',(5.341751453488,5.484111555233,95.));
#1575 = PLANE('',#1576);
#1576 = AXIS2_PLACEMENT_3D('',#1577,#1578,#1579);
#1577 = CARTESIAN_POINT('',(0.,0.,95.));
#1578 = DIRECTION('',(0.,0.,1.));
#1579 = DIRECTION('',(1.,0.,0.));
#1580 = ADVANCED_FACE('',(#1581,#1584),#1595,.F.);
#1581 = FACE_BOUND('',#1582,.F.);
#1582 = EDGE_LOOP('',(#1583));
#1583 = ORIENTED_EDGE('',*,*,#528,.T.);
#1584 = FACE_BOUND('',#1585,.F.);
#1585 = EDGE_LOOP('',(#1586));
#1586 = ORIENTED_EDGE('',*,*,#1587,.T.);
#1587 = EDGE_CURVE('',#1588,#1588,#1590,.T.);
#1588 = VERTEX_POINT('',#1589);
#1589 = CARTESIAN_POINT('',(6.6,-1.616533774875E-15,55.));
#1590 = CIRCLE('',#1591,6.6);
#1591 = AXIS2_PLACEMENT_3D('',#1592,#1593,#1594);
#1592 = CARTESIAN_POINT('',(0.,0.,55.));
#1593 = DIRECTION('',(0.,0.,-1.));
#1594 = DIRECTION('',(1.,0.,0.));
#1595 = PLANE('',#1596);
#1596 = AXIS2_PLACEMENT_3D('',#1597,#1598,#1599);
#1597 = CARTESIAN_POINT('',(0.,0.,55.));
#1598 = DIRECTION('',(0.,0.,1.));
#1599 = DIRECTION('',(1.,0.,0.));
#1600 = ADVANCED_FACE('',(#1601),#1626,.F.);
#1601 = FACE_BOUND('',#1602,.F.);
#1602 = EDGE_LOOP('',(#1603,#1611,#1612,#1620));
#1603 = ORIENTED_EDGE('',*,*,#1604,.T.);
#1604 = EDGE_CURVE('',#1605,#549,#1607,.T.);
#1605 = VERTEX_POINT('',#1606);
#1606 = CARTESIAN_POINT('',(-6.723133175872,-9.313372093023,94.4));
#1607 = LINE('',#1608,#1609);
#1608 = CARTESIAN_POINT('',(-6.723133175872,-9.313372093023,94.4));
#1609 = VECTOR('',#1610,1.);
#1610 = DIRECTION('',(0.,0.,1.));
#1611 = ORIENTED_EDGE('',*,*,#548,.T.);
#1612 = ORIENTED_EDGE('',*,*,#1613,.F.);
#1613 = EDGE_CURVE('',#1614,#551,#1616,.T.);
#1614 = VERTEX_POINT('',#1615);
#1615 = CARTESIAN_POINT('',(-4.822242914244,-9.313372093023,94.4));
#1616 = LINE('',#1617,#1618);
#1617 = CARTESIAN_POINT('',(-4.822242914244,-9.313372093023,94.4));
#1618 = VECTOR('',#1619,1.);
#1619 = DIRECTION('',(0.,0.,1.));
#1620 = ORIENTED_EDGE('',*,*,#1621,.F.);
#1621 = EDGE_CURVE('',#1605,#1614,#1622,.T.);
#1622 = LINE('',#1623,#1624);
#1623 = CARTESIAN_POINT('',(-6.723133175872,-9.313372093023,94.4));
#1624 = VECTOR('',#1625,1.);
#1625 = DIRECTION('',(1.,0.,0.));
#1626 = PLANE('',#1627);
#1627 = AXIS2_PLACEMENT_3D('',#1628,#1629,#1630);
#1628 = CARTESIAN_POINT('',(-6.723133175872,-9.313372093023,94.4));
#1629 = DIRECTION('',(0.,1.,0.));
#1630 = DIRECTION('',(1.,0.,0.));
#1631 = ADVANCED_FACE('',(#1632),#1650,.F.);
#1632 = FACE_BOUND('',#1633,.F.);
#1633 = EDGE_LOOP('',(#1634,#1642,#1643,#1644));
#1634 = ORIENTED_EDGE('',*,*,#1635,.T.);
#1635 = EDGE_CURVE('',#1636,#703,#1638,.T.);
#1636 = VERTEX_POINT('',#1637);
#1637 = CARTESIAN_POINT('',(-6.527366460756,-9.046747819767,94.4));
#1638 = LINE('',#1639,#1640);
#1639 = CARTESIAN_POINT('',(-6.527366460756,-9.046747819767,94.4));
#1640 = VECTOR('',#1641,1.);
#1641 = DIRECTION('',(0.,0.,1.));
#1642 = ORIENTED_EDGE('',*,*,#710,.T.);
#1643 = ORIENTED_EDGE('',*,*,#1604,.F.);
#1644 = ORIENTED_EDGE('',*,*,#1645,.F.);
#1645 = EDGE_CURVE('',#1636,#1605,#1646,.T.);
#1646 = B_SPLINE_CURVE_WITH_KNOTS('',2,(#1647,#1648,#1649),
  .UNSPECIFIED.,.F.,.F.,(3,3),(0.,1.),.PIECEWISE_BEZIER_KNOTS.);
#1647 = CARTESIAN_POINT('',(-6.527366460756,-9.046747819767,94.4));
#1648 = CARTESIAN_POINT('',(-6.648187681686,-9.183466569767,94.4));
#1649 = CARTESIAN_POINT('',(-6.723133175872,-9.313372093023,94.4));
#1650 = SURFACE_OF_LINEAR_EXTRUSION('',#1651,#1655);
#1651 = B_SPLINE_CURVE_WITH_KNOTS('',2,(#1652,#1653,#1654),
  .UNSPECIFIED.,.F.,.F.,(3,3),(0.,1.),.PIECEWISE_BEZIER_KNOTS.);
#1652 = CARTESIAN_POINT('',(-6.527366460756,-9.046747819767,94.4));
#1653 = CARTESIAN_POINT('',(-6.648187681686,-9.183466569767,94.4));
#1654 = CARTESIAN_POINT('',(-6.723133175872,-9.313372093023,94.4));
#1655 = VECTOR('',#1656,1.);
#1656 = DIRECTION('',(-0.,-0.,-1.));
#1657 = ADVANCED_FACE('',(#1658),#1676,.F.);
#1658 = FACE_BOUND('',#1659,.F.);
#1659 = EDGE_LOOP('',(#1660,#1668,#1669,#1670));
#1660 = ORIENTED_EDGE('',*,*,#1661,.T.);
#1661 = EDGE_CURVE('',#1662,#695,#1664,.T.);
#1662 = VERTEX_POINT('',#1663);
#1663 = CARTESIAN_POINT('',(-5.953238553779,-8.492605377907,94.4));
#1664 = LINE('',#1665,#1666);
#1665 = CARTESIAN_POINT('',(-5.953238553779,-8.492605377907,94.4));
#1666 = VECTOR('',#1667,1.);
#1667 = DIRECTION('',(0.,0.,1.));
#1668 = ORIENTED_EDGE('',*,*,#702,.T.);
#1669 = ORIENTED_EDGE('',*,*,#1635,.F.);
#1670 = ORIENTED_EDGE('',*,*,#1671,.F.);
#1671 = EDGE_CURVE('',#1662,#1636,#1672,.T.);
#1672 = B_SPLINE_CURVE_WITH_KNOTS('',2,(#1673,#1674,#1675),
  .UNSPECIFIED.,.F.,.F.,(3,3),(0.,1.),.PIECEWISE_BEZIER_KNOTS.);
#1673 = CARTESIAN_POINT('',(-5.953238553779,-8.492605377907,94.4));
#1674 = CARTESIAN_POINT('',(-6.406318132267,-8.909801962209,94.4));
#1675 = CARTESIAN_POINT('',(-6.527366460756,-9.046747819767,94.4));
#1676 = SURFACE_OF_LINEAR_EXTRUSION('',#1677,#1681);
#1677 = B_SPLINE_CURVE_WITH_KNOTS('',2,(#1678,#1679,#1680),
  .UNSPECIFIED.,.F.,.F.,(3,3),(0.,1.),.PIECEWISE_BEZIER_KNOTS.);
#1678 = CARTESIAN_POINT('',(-5.953238553779,-8.492605377907,94.4));
#1679 = CARTESIAN_POINT('',(-6.406318132267,-8.909801962209,94.4));
#1680 = CARTESIAN_POINT('',(-6.527366460756,-9.046747819767,94.4));
#1681 = VECTOR('',#1682,1.);
#1682 = DIRECTION('',(-0.,-0.,-1.));
#1683 = ADVANCED_FACE('',(#1684),#1702,.F.);
#1684 = FACE_BOUND('',#1685,.F.);
#1685 = EDGE_LOOP('',(#1686,#1694,#1695,#1696));
#1686 = ORIENTED_EDGE('',*,*,#1687,.T.);
#1687 = EDGE_CURVE('',#1688,#687,#1690,.T.);
#1688 = VERTEX_POINT('',#1689);
#1689 = CARTESIAN_POINT('',(-5.326421693314,-7.852843386628,94.4));
#1690 = LINE('',#1691,#1692);
#1691 = CARTESIAN_POINT('',(-5.326421693314,-7.852843386628,94.4));
#1692 = VECTOR('',#1693,1.);
#1693 = DIRECTION('',(0.,0.,1.));
#1694 = ORIENTED_EDGE('',*,*,#694,.T.);
#1695 = ORIENTED_EDGE('',*,*,#1661,.F.);
#1696 = ORIENTED_EDGE('',*,*,#1697,.F.);
#1697 = EDGE_CURVE('',#1688,#1662,#1698,.T.);
#1698 = B_SPLINE_CURVE_WITH_KNOTS('',2,(#1699,#1700,#1701),
  .UNSPECIFIED.,.F.,.F.,(3,3),(0.,1.),.PIECEWISE_BEZIER_KNOTS.);
#1699 = CARTESIAN_POINT('',(-5.326421693314,-7.852843386628,94.4));
#1700 = CARTESIAN_POINT('',(-5.500158975291,-8.075181686047,94.4));
#1701 = CARTESIAN_POINT('',(-5.953238553779,-8.492605377907,94.4));
#1702 = SURFACE_OF_LINEAR_EXTRUSION('',#1703,#1707);
#1703 = B_SPLINE_CURVE_WITH_KNOTS('',2,(#1704,#1705,#1706),
  .UNSPECIFIED.,.F.,.F.,(3,3),(0.,1.),.PIECEWISE_BEZIER_KNOTS.);
#1704 = CARTESIAN_POINT('',(-5.326421693314,-7.852843386628,94.4));
#1705 = CARTESIAN_POINT('',(-5.500158975291,-8.075181686047,94.4));
#1706 = CARTESIAN_POINT('',(-5.953238553779,-8.492605377907,94.4));
#1707 = VECTOR('',#1708,1.);
#1708 = DIRECTION('',(-0.,-0.,-1.));
#1709 = ADVANCED_FACE('',(#1710),#1728,.F.);
#1710 = FACE_BOUND('',#1711,.F.);
#1711 = EDGE_LOOP('',(#1712,#1720,#1721,#1722));
#1712 = ORIENTED_EDGE('',*,*,#1713,.T.);
#1713 = EDGE_CURVE('',#1714,#679,#1716,.T.);
#1714 = VERTEX_POINT('',#1715);
#1715 = CARTESIAN_POINT('',(-4.943291242733,-7.211264534884,94.4));
#1716 = LINE('',#1717,#1718);
#1717 = CARTESIAN_POINT('',(-4.943291242733,-7.211264534884,94.4));
#1718 = VECTOR('',#1719,1.);
#1719 = DIRECTION('',(0.,0.,1.));
#1720 = ORIENTED_EDGE('',*,*,#686,.T.);
#1721 = ORIENTED_EDGE('',*,*,#1687,.F.);
#1722 = ORIENTED_EDGE('',*,*,#1723,.F.);
#1723 = EDGE_CURVE('',#1714,#1688,#1724,.T.);
#1724 = B_SPLINE_CURVE_WITH_KNOTS('',2,(#1725,#1726,#1727),
  .UNSPECIFIED.,.F.,.F.,(3,3),(0.,1.),.PIECEWISE_BEZIER_KNOTS.);
#1725 = CARTESIAN_POINT('',(-4.943291242733,-7.211264534884,94.4));
#1726 = CARTESIAN_POINT('',(-5.064112463663,-7.517405523256,94.4));
#1727 = CARTESIAN_POINT('',(-5.326421693314,-7.852843386628,94.4));
#1728 = SURFACE_OF_LINEAR_EXTRUSION('',#1729,#1733);
#1729 = B_SPLINE_CURVE_WITH_KNOTS('',2,(#1730,#1731,#1732),
  .UNSPECIFIED.,.F.,.F.,(3,3),(0.,1.),.PIECEWISE_BEZIER_KNOTS.);
#1730 = CARTESIAN_POINT('',(-4.943291242733,-7.211264534884,94.4));
#1731 = CARTESIAN_POINT('',(-5.064112463663,-7.517405523256,94.4));
#1732 = CARTESIAN_POINT('',(-5.326421693314,-7.852843386628,94.4));
#1733 = VECTOR('',#1734,1.);
#1734 = DIRECTION('',(-0.,-0.,-1.));
#1735 = ADVANCED_FACE('',(#1736),#1754,.F.);
#1736 = FACE_BOUND('',#1737,.F.);
#1737 = EDGE_LOOP('',(#1738,#1746,#1747,#1748));
#1738 = ORIENTED_EDGE('',*,*,#1739,.T.);
#1739 = EDGE_CURVE('',#1740,#671,#1742,.T.);
#1740 = VERTEX_POINT('',#1741);
#1741 = CARTESIAN_POINT('',(-4.822242914244,-6.566506177326,94.4));
#1742 = LINE('',#1743,#1744);
#1743 = CARTESIAN_POINT('',(-4.822242914244,-6.566506177326,94.4));
#1744 = VECTOR('',#1745,1.);
#1745 = DIRECTION('',(0.,0.,1.));
#1746 = ORIENTED_EDGE('',*,*,#678,.T.);
#1747 = ORIENTED_EDGE('',*,*,#1713,.F.);
#1748 = ORIENTED_EDGE('',*,*,#1749,.F.);
#1749 = EDGE_CURVE('',#1740,#1714,#1750,.T.);
#1750 = B_SPLINE_CURVE_WITH_KNOTS('',2,(#1751,#1752,#1753),
  .UNSPECIFIED.,.F.,.F.,(3,3),(0.,1.),.PIECEWISE_BEZIER_KNOTS.);
#1751 = CARTESIAN_POINT('',(-4.822242914244,-6.566506177326,94.4));
#1752 = CARTESIAN_POINT('',(-4.822242914244,-6.905123546512,94.4));
#1753 = CARTESIAN_POINT('',(-4.943291242733,-7.211264534884,94.4));
#1754 = SURFACE_OF_LINEAR_EXTRUSION('',#1755,#1759);
#1755 = B_SPLINE_CURVE_WITH_KNOTS('',2,(#1756,#1757,#1758),
  .UNSPECIFIED.,.F.,.F.,(3,3),(0.,1.),.PIECEWISE_BEZIER_KNOTS.);
#1756 = CARTESIAN_POINT('',(-4.822242914244,-6.566506177326,94.4));
#1757 = CARTESIAN_POINT('',(-4.822242914244,-6.905123546512,94.4));
#1758 = CARTESIAN_POINT('',(-4.943291242733,-7.211264534884,94.4));
#1759 = VECTOR('',#1760,1.);
#1760 = DIRECTION('',(-0.,-0.,-1.));
#1761 = ADVANCED_FACE('',(#1762),#1780,.F.);
#1762 = FACE_BOUND('',#1763,.F.);
#1763 = EDGE_LOOP('',(#1764,#1772,#1773,#1774));
#1764 = ORIENTED_EDGE('',*,*,#1765,.T.);
#1765 = EDGE_CURVE('',#1766,#663,#1768,.T.);
#1766 = VERTEX_POINT('',#1767);
#1767 = CARTESIAN_POINT('',(-5.244662972384,-5.57109375,94.4));
#1768 = LINE('',#1769,#1770);
#1769 = CARTESIAN_POINT('',(-5.244662972384,-5.57109375,94.4));
#1770 = VECTOR('',#1771,1.);
#1771 = DIRECTION('',(0.,0.,1.));
#1772 = ORIENTED_EDGE('',*,*,#670,.T.);
#1773 = ORIENTED_EDGE('',*,*,#1739,.F.);
#1774 = ORIENTED_EDGE('',*,*,#1775,.F.);
#1775 = EDGE_CURVE('',#1766,#1740,#1776,.T.);
#1776 = B_SPLINE_CURVE_WITH_KNOTS('',2,(#1777,#1778,#1779),
  .UNSPECIFIED.,.F.,.F.,(3,3),(0.,1.),.PIECEWISE_BEZIER_KNOTS.);
#1777 = CARTESIAN_POINT('',(-5.244662972384,-5.57109375,94.4));
#1778 = CARTESIAN_POINT('',(-4.822242914244,-5.971257267442,94.4));
#1779 = CARTESIAN_POINT('',(-4.822242914244,-6.566506177326,94.4));
#1780 = SURFACE_OF_LINEAR_EXTRUSION('',#1781,#1785);
#1781 = B_SPLINE_CURVE_WITH_KNOTS('',2,(#1782,#1783,#1784),
  .UNSPECIFIED.,.F.,.F.,(3,3),(0.,1.),.PIECEWISE_BEZIER_KNOTS.);
#1782 = CARTESIAN_POINT('',(-5.244662972384,-5.57109375,94.4));
#1783 = CARTESIAN_POINT('',(-4.822242914244,-5.971257267442,94.4));
#1784 = CARTESIAN_POINT('',(-4.822242914244,-6.566506177326,94.4));
#1785 = VECTOR('',#1786,1.);
#1786 = DIRECTION('',(-0.,-0.,-1.));
#1787 = ADVANCED_FACE('',(#1788),#1806,.F.);
#1788 = FACE_BOUND('',#1789,.F.);
#1789 = EDGE_LOOP('',(#1790,#1798,#1799,#1800));
#1790 = ORIENTED_EDGE('',*,*,#1791,.T.);
#1791 = EDGE_CURVE('',#1792,#655,#1794,.T.);
#1792 = VERTEX_POINT('',#1793);
#1793 = CARTESIAN_POINT('',(-6.406318132267,-5.170930232558,94.4));
#1794 = LINE('',#1795,#1796);
#1795 = CARTESIAN_POINT('',(-6.406318132267,-5.170930232558,94.4));
#1796 = VECTOR('',#1797,1.);
#1797 = DIRECTION('',(0.,0.,1.));
#1798 = ORIENTED_EDGE('',*,*,#662,.T.);
#1799 = ORIENTED_EDGE('',*,*,#1765,.F.);
#1800 = ORIENTED_EDGE('',*,*,#1801,.F.);
#1801 = EDGE_CURVE('',#1792,#1766,#1802,.T.);
#1802 = B_SPLINE_CURVE_WITH_KNOTS('',2,(#1803,#1804,#1805),
  .UNSPECIFIED.,.F.,.F.,(3,3),(0.,1.),.PIECEWISE_BEZIER_KNOTS.);
#1803 = CARTESIAN_POINT('',(-6.406318132267,-5.170930232558,94.4));
#1804 = CARTESIAN_POINT('',(-5.667083030523,-5.170930232558,94.4));
#1805 = CARTESIAN_POINT('',(-5.244662972384,-5.57109375,94.4));
#1806 = SURFACE_OF_LINEAR_EXTRUSION('',#1807,#1811);
#1807 = B_SPLINE_CURVE_WITH_KNOTS('',2,(#1808,#1809,#1810),
  .UNSPECIFIED.,.F.,.F.,(3,3),(0.,1.),.PIECEWISE_BEZIER_KNOTS.);
#1808 = CARTESIAN_POINT('',(-6.406318132267,-5.170930232558,94.4));
#1809 = CARTESIAN_POINT('',(-5.667083030523,-5.170930232558,94.4));
#1810 = CARTESIAN_POINT('',(-5.244662972384,-5.57109375,94.4));
#1811 = VECTOR('',#1812,1.);
#1812 = DIRECTION('',(-0.,-0.,-1.));
#1813 = ADVANCED_FACE('',(#1814),#1832,.F.);
#1814 = FACE_BOUND('',#1815,.F.);
#1815 = EDGE_LOOP('',(#1816,#1824,#1825,#1826));
#1816 = ORIENTED_EDGE('',*,*,#1817,.T.);
#1817 = EDGE_CURVE('',#1818,#647,#1820,.T.);
#1818 = VERTEX_POINT('',#1819);
#1819 = CARTESIAN_POINT('',(-7.530500545058,-5.517269258721,94.4));
#1820 = LINE('',#1821,#1822);
#1821 = CARTESIAN_POINT('',(-7.530500545058,-5.517269258721,94.4));
#1822 = VECTOR('',#1823,1.);
#1823 = DIRECTION('',(0.,0.,1.));
#1824 = ORIENTED_EDGE('',*,*,#654,.T.);
#1825 = ORIENTED_EDGE('',*,*,#1791,.F.);
#1826 = ORIENTED_EDGE('',*,*,#1827,.F.);
#1827 = EDGE_CURVE('',#1818,#1792,#1828,.T.);
#1828 = B_SPLINE_CURVE_WITH_KNOTS('',2,(#1829,#1830,#1831),
  .UNSPECIFIED.,.F.,.F.,(3,3),(0.,1.),.PIECEWISE_BEZIER_KNOTS.);
#1829 = CARTESIAN_POINT('',(-7.530500545058,-5.517269258721,94.4));
#1830 = CARTESIAN_POINT('',(-7.080827579942,-5.170930232558,94.4));
#1831 = CARTESIAN_POINT('',(-6.406318132267,-5.170930232558,94.4));
#1832 = SURFACE_OF_LINEAR_EXTRUSION('',#1833,#1837);
#1833 = B_SPLINE_CURVE_WITH_KNOTS('',2,(#1834,#1835,#1836),
  .UNSPECIFIED.,.F.,.F.,(3,3),(0.,1.),.PIECEWISE_BEZIER_KNOTS.);
#1834 = CARTESIAN_POINT('',(-7.530500545058,-5.517269258721,94.4));
#1835 = CARTESIAN_POINT('',(-7.080827579942,-5.170930232558,94.4));
#1836 = CARTESIAN_POINT('',(-6.406318132267,-5.170930232558,94.4));
#1837 = VECTOR('',#1838,1.);
#1838 = DIRECTION('',(-0.,-0.,-1.));
#1839 = ADVANCED_FACE('',(#1840),#1858,.F.);
#1840 = FACE_BOUND('',#1841,.F.);
#1841 = EDGE_LOOP('',(#1842,#1850,#1851,#1852));
#1842 = ORIENTED_EDGE('',*,*,#1843,.T.);
#1843 = EDGE_CURVE('',#1844,#639,#1846,.T.);
#1844 = VERTEX_POINT('',#1845);
#1845 = CARTESIAN_POINT('',(-8.065338844477,-6.659166061047,94.4));
#1846 = LINE('',#1847,#1848);
#1847 = CARTESIAN_POINT('',(-8.065338844477,-6.659166061047,94.4));
#1848 = VECTOR('',#1849,1.);
#1849 = DIRECTION('',(0.,0.,1.));
#1850 = ORIENTED_EDGE('',*,*,#646,.T.);
#1851 = ORIENTED_EDGE('',*,*,#1817,.F.);
#1852 = ORIENTED_EDGE('',*,*,#1853,.F.);
#1853 = EDGE_CURVE('',#1844,#1818,#1854,.T.);
#1854 = B_SPLINE_CURVE_WITH_KNOTS('',2,(#1855,#1856,#1857),
  .UNSPECIFIED.,.F.,.F.,(3,3),(0.,1.),.PIECEWISE_BEZIER_KNOTS.);
#1855 = CARTESIAN_POINT('',(-8.065338844477,-6.659166061047,94.4));
#1856 = CARTESIAN_POINT('',(-7.980173510174,-5.863608284884,94.4));
#1857 = CARTESIAN_POINT('',(-7.530500545058,-5.517269258721,94.4));
#1858 = SURFACE_OF_LINEAR_EXTRUSION('',#1859,#1863);
#1859 = B_SPLINE_CURVE_WITH_KNOTS('',2,(#1860,#1861,#1862),
  .UNSPECIFIED.,.F.,.F.,(3,3),(0.,1.),.PIECEWISE_BEZIER_KNOTS.);
#1860 = CARTESIAN_POINT('',(-8.065338844477,-6.659166061047,94.4));
#1861 = CARTESIAN_POINT('',(-7.980173510174,-5.863608284884,94.4));
#1862 = CARTESIAN_POINT('',(-7.530500545058,-5.517269258721,94.4));
#1863 = VECTOR('',#1864,1.);
#1864 = DIRECTION('',(-0.,-0.,-1.));
#1865 = ADVANCED_FACE('',(#1866),#1884,.F.);
#1866 = FACE_BOUND('',#1867,.F.);
#1867 = EDGE_LOOP('',(#1868,#1876,#1877,#1878));
#1868 = ORIENTED_EDGE('',*,*,#1869,.T.);
#1869 = EDGE_CURVE('',#1870,#631,#1872,.T.);
#1870 = VERTEX_POINT('',#1871);
#1871 = CARTESIAN_POINT('',(-7.111487100291,-6.75523255814,94.4));
#1872 = LINE('',#1873,#1874);
#1873 = CARTESIAN_POINT('',(-7.111487100291,-6.75523255814,94.4));
#1874 = VECTOR('',#1875,1.);
#1875 = DIRECTION('',(0.,0.,1.));
#1876 = ORIENTED_EDGE('',*,*,#638,.T.);
#1877 = ORIENTED_EDGE('',*,*,#1843,.F.);
#1878 = ORIENTED_EDGE('',*,*,#1879,.F.);
#1879 = EDGE_CURVE('',#1870,#1844,#1880,.T.);
#1880 = LINE('',#1881,#1882);
#1881 = CARTESIAN_POINT('',(-7.111487100291,-6.75523255814,94.4));
#1882 = VECTOR('',#1883,1.);
#1883 = DIRECTION('',(-0.994966576024,0.100207348014,0.));
#1884 = PLANE('',#1885);
#1885 = AXIS2_PLACEMENT_3D('',#1886,#1887,#1888);
#1886 = CARTESIAN_POINT('',(-7.111487100291,-6.75523255814,94.4));
#1887 = DIRECTION('',(-0.100207348014,-0.994966576024,0.));
#1888 = DIRECTION('',(-0.994966576024,0.100207348014,0.));
#1889 = ADVANCED_FACE('',(#1890),#1908,.F.);
#1890 = FACE_BOUND('',#1891,.F.);
#1891 = EDGE_LOOP('',(#1892,#1900,#1901,#1902));
#1892 = ORIENTED_EDGE('',*,*,#1893,.T.);
#1893 = EDGE_CURVE('',#1894,#623,#1896,.T.);
#1894 = VERTEX_POINT('',#1895);
#1895 = CARTESIAN_POINT('',(-6.907090297965,-6.152034883721,94.4));
#1896 = LINE('',#1897,#1898);
#1897 = CARTESIAN_POINT('',(-6.907090297965,-6.152034883721,94.4));
#1898 = VECTOR('',#1899,1.);
#1899 = DIRECTION('',(0.,0.,1.));
#1900 = ORIENTED_EDGE('',*,*,#630,.T.);
#1901 = ORIENTED_EDGE('',*,*,#1869,.F.);
#1902 = ORIENTED_EDGE('',*,*,#1903,.F.);
#1903 = EDGE_CURVE('',#1894,#1870,#1904,.T.);
#1904 = B_SPLINE_CURVE_WITH_KNOTS('',2,(#1905,#1906,#1907),
  .UNSPECIFIED.,.F.,.F.,(3,3),(0.,1.),.PIECEWISE_BEZIER_KNOTS.);
#1905 = CARTESIAN_POINT('',(-6.907090297965,-6.152034883721,94.4));
#1906 = CARTESIAN_POINT('',(-7.084234193314,-6.333720930233,94.4));
#1907 = CARTESIAN_POINT('',(-7.111487100291,-6.75523255814,94.4));
#1908 = SURFACE_OF_LINEAR_EXTRUSION('',#1909,#1913);
#1909 = B_SPLINE_CURVE_WITH_KNOTS('',2,(#1910,#1911,#1912),
  .UNSPECIFIED.,.F.,.F.,(3,3),(0.,1.),.PIECEWISE_BEZIER_KNOTS.);
#1910 = CARTESIAN_POINT('',(-6.907090297965,-6.152034883721,94.4));
#1911 = CARTESIAN_POINT('',(-7.084234193314,-6.333720930233,94.4));
#1912 = CARTESIAN_POINT('',(-7.111487100291,-6.75523255814,94.4));
#1913 = VECTOR('',#1914,1.);
#1914 = DIRECTION('',(-0.,-0.,-1.));
#1915 = ADVANCED_FACE('',(#1916),#1934,.F.);
#1916 = FACE_BOUND('',#1917,.F.);
#1917 = EDGE_LOOP('',(#1918,#1926,#1927,#1928));
#1918 = ORIENTED_EDGE('',*,*,#1919,.T.);
#1919 = EDGE_CURVE('',#1920,#615,#1922,.T.);
#1920 = VERTEX_POINT('',#1921);
#1921 = CARTESIAN_POINT('',(-6.430164425872,-5.970348837209,94.4));
#1922 = LINE('',#1923,#1924);
#1923 = CARTESIAN_POINT('',(-6.430164425872,-5.970348837209,94.4));
#1924 = VECTOR('',#1925,1.);
#1925 = DIRECTION('',(0.,0.,1.));
#1926 = ORIENTED_EDGE('',*,*,#622,.T.);
#1927 = ORIENTED_EDGE('',*,*,#1893,.F.);
#1928 = ORIENTED_EDGE('',*,*,#1929,.F.);
#1929 = EDGE_CURVE('',#1920,#1894,#1930,.T.);
#1930 = B_SPLINE_CURVE_WITH_KNOTS('',2,(#1931,#1932,#1933),
  .UNSPECIFIED.,.F.,.F.,(3,3),(0.,1.),.PIECEWISE_BEZIER_KNOTS.);
#1931 = CARTESIAN_POINT('',(-6.430164425872,-5.970348837209,94.4));
#1932 = CARTESIAN_POINT('',(-6.729946402616,-5.970348837209,94.4));
#1933 = CARTESIAN_POINT('',(-6.907090297965,-6.152034883721,94.4));
#1934 = SURFACE_OF_LINEAR_EXTRUSION('',#1935,#1939);
#1935 = B_SPLINE_CURVE_WITH_KNOTS('',2,(#1936,#1937,#1938),
  .UNSPECIFIED.,.F.,.F.,(3,3),(0.,1.),.PIECEWISE_BEZIER_KNOTS.);
#1936 = CARTESIAN_POINT('',(-6.430164425872,-5.970348837209,94.4));
#1937 = CARTESIAN_POINT('',(-6.729946402616,-5.970348837209,94.4));
#1938 = CARTESIAN_POINT('',(-6.907090297965,-6.152034883721,94.4));
#1939 = VECTOR('',#1940,1.);
#1940 = DIRECTION('',(-0.,-0.,-1.));
#1941 = ADVANCED_FACE('',(#1942),#1960,.F.);
#1942 = FACE_BOUND('',#1943,.F.);
#1943 = EDGE_LOOP('',(#1944,#1952,#1953,#1954));
#1944 = ORIENTED_EDGE('',*,*,#1945,.T.);
#1945 = EDGE_CURVE('',#1946,#607,#1948,.T.);
#1946 = VERTEX_POINT('',#1947);
#1947 = CARTESIAN_POINT('',(-5.955055414244,-6.142723473837,94.4));
#1948 = LINE('',#1949,#1950);
#1949 = CARTESIAN_POINT('',(-5.955055414244,-6.142723473837,94.4));
#1950 = VECTOR('',#1951,1.);
#1951 = DIRECTION('',(0.,0.,1.));
#1952 = ORIENTED_EDGE('',*,*,#614,.T.);
#1953 = ORIENTED_EDGE('',*,*,#1919,.F.);
#1954 = ORIENTED_EDGE('',*,*,#1955,.F.);
#1955 = EDGE_CURVE('',#1946,#1920,#1956,.T.);
#1956 = B_SPLINE_CURVE_WITH_KNOTS('',2,(#1957,#1958,#1959),
  .UNSPECIFIED.,.F.,.F.,(3,3),(0.,1.),.PIECEWISE_BEZIER_KNOTS.);
#1957 = CARTESIAN_POINT('',(-5.955055414244,-6.142723473837,94.4));
#1958 = CARTESIAN_POINT('',(-6.126975835756,-5.970348837209,94.4));
#1959 = CARTESIAN_POINT('',(-6.430164425872,-5.970348837209,94.4));
#1960 = SURFACE_OF_LINEAR_EXTRUSION('',#1961,#1965);
#1961 = B_SPLINE_CURVE_WITH_KNOTS('',2,(#1962,#1963,#1964),
  .UNSPECIFIED.,.F.,.F.,(3,3),(0.,1.),.PIECEWISE_BEZIER_KNOTS.);
#1962 = CARTESIAN_POINT('',(-5.955055414244,-6.142723473837,94.4));
#1963 = CARTESIAN_POINT('',(-6.126975835756,-5.970348837209,94.4));
#1964 = CARTESIAN_POINT('',(-6.430164425872,-5.970348837209,94.4));
#1965 = VECTOR('',#1966,1.);
#1966 = DIRECTION('',(-0.,-0.,-1.));
#1967 = ADVANCED_FACE('',(#1968),#1986,.F.);
#1968 = FACE_BOUND('',#1969,.F.);
#1969 = EDGE_LOOP('',(#1970,#1978,#1979,#1980));
#1970 = ORIENTED_EDGE('',*,*,#1971,.T.);
#1971 = EDGE_CURVE('',#1972,#599,#1974,.T.);
#1972 = VERTEX_POINT('',#1973);
#1973 = CARTESIAN_POINT('',(-5.782907885174,-6.636001090116,94.4));
#1974 = LINE('',#1975,#1976);
#1975 = CARTESIAN_POINT('',(-5.782907885174,-6.636001090116,94.4));
#1976 = VECTOR('',#1977,1.);
#1977 = DIRECTION('',(0.,0.,1.));
#1978 = ORIENTED_EDGE('',*,*,#606,.T.);
#1979 = ORIENTED_EDGE('',*,*,#1945,.F.);
#1980 = ORIENTED_EDGE('',*,*,#1981,.F.);
#1981 = EDGE_CURVE('',#1972,#1946,#1982,.T.);
#1982 = B_SPLINE_CURVE_WITH_KNOTS('',2,(#1983,#1984,#1985),
  .UNSPECIFIED.,.F.,.F.,(3,3),(0.,1.),.PIECEWISE_BEZIER_KNOTS.);
#1983 = CARTESIAN_POINT('',(-5.782907885174,-6.636001090116,94.4));
#1984 = CARTESIAN_POINT('',(-5.782907885174,-6.315098110465,94.4));
#1985 = CARTESIAN_POINT('',(-5.955055414244,-6.142723473837,94.4));
#1986 = SURFACE_OF_LINEAR_EXTRUSION('',#1987,#1991);
#1987 = B_SPLINE_CURVE_WITH_KNOTS('',2,(#1988,#1989,#1990),
  .UNSPECIFIED.,.F.,.F.,(3,3),(0.,1.),.PIECEWISE_BEZIER_KNOTS.);
#1988 = CARTESIAN_POINT('',(-5.782907885174,-6.636001090116,94.4));
#1989 = CARTESIAN_POINT('',(-5.782907885174,-6.315098110465,94.4));
#1990 = CARTESIAN_POINT('',(-5.955055414244,-6.142723473837,94.4));
#1991 = VECTOR('',#1992,1.);
#1992 = DIRECTION('',(-0.,-0.,-1.));
#1993 = ADVANCED_FACE('',(#1994),#2012,.F.);
#1994 = FACE_BOUND('',#1995,.F.);
#1995 = EDGE_LOOP('',(#1996,#2004,#2005,#2006));
#1996 = ORIENTED_EDGE('',*,*,#1997,.T.);
#1997 = EDGE_CURVE('',#1998,#591,#2000,.T.);
#1998 = VERTEX_POINT('',#1999);
#1999 = CARTESIAN_POINT('',(-5.980491460756,-7.223301235465,94.4));
#2000 = LINE('',#2001,#2002);
#2001 = CARTESIAN_POINT('',(-5.980491460756,-7.223301235465,94.4));
#2002 = VECTOR('',#2003,1.);
#2003 = DIRECTION('',(0.,0.,1.));
#2004 = ORIENTED_EDGE('',*,*,#598,.T.);
#2005 = ORIENTED_EDGE('',*,*,#1971,.F.);
#2006 = ORIENTED_EDGE('',*,*,#2007,.F.);
#2007 = EDGE_CURVE('',#1998,#1972,#2008,.T.);
#2008 = B_SPLINE_CURVE_WITH_KNOTS('',2,(#2009,#2010,#2011),
  .UNSPECIFIED.,.F.,.F.,(3,3),(0.,1.),.PIECEWISE_BEZIER_KNOTS.);
#2009 = CARTESIAN_POINT('',(-5.980491460756,-7.223301235465,94.4));
#2010 = CARTESIAN_POINT('',(-5.782907885174,-6.926244549419,94.4));
#2011 = CARTESIAN_POINT('',(-5.782907885174,-6.636001090116,94.4));
#2012 = SURFACE_OF_LINEAR_EXTRUSION('',#2013,#2017);
#2013 = B_SPLINE_CURVE_WITH_KNOTS('',2,(#2014,#2015,#2016),
  .UNSPECIFIED.,.F.,.F.,(3,3),(0.,1.),.PIECEWISE_BEZIER_KNOTS.);
#2014 = CARTESIAN_POINT('',(-5.980491460756,-7.223301235465,94.4));
#2015 = CARTESIAN_POINT('',(-5.782907885174,-6.926244549419,94.4));
#2016 = CARTESIAN_POINT('',(-5.782907885174,-6.636001090116,94.4));
#2017 = VECTOR('',#2018,1.);
#2018 = DIRECTION('',(-0.,-0.,-1.));
#2019 = ADVANCED_FACE('',(#2020),#2038,.F.);
#2020 = FACE_BOUND('',#2021,.F.);
#2021 = EDGE_LOOP('',(#2022,#2030,#2031,#2032));
#2022 = ORIENTED_EDGE('',*,*,#2023,.T.);
#2023 = EDGE_CURVE('',#2024,#583,#2026,.T.);
#2024 = VERTEX_POINT('',#2025);
#2025 = CARTESIAN_POINT('',(-6.774232376453,-8.042478197674,94.4));
#2026 = LINE('',#2027,#2028);
#2027 = CARTESIAN_POINT('',(-6.774232376453,-8.042478197674,94.4));
#2028 = VECTOR('',#2029,1.);
#2029 = DIRECTION('',(0.,0.,1.));
#2030 = ORIENTED_EDGE('',*,*,#590,.T.);
#2031 = ORIENTED_EDGE('',*,*,#1997,.F.);
#2032 = ORIENTED_EDGE('',*,*,#2033,.F.);
#2033 = EDGE_CURVE('',#2024,#1998,#2034,.T.);
#2034 = B_SPLINE_CURVE_WITH_KNOTS('',2,(#2035,#2036,#2037),
  .UNSPECIFIED.,.F.,.F.,(3,3),(0.,1.),.PIECEWISE_BEZIER_KNOTS.);
#2035 = CARTESIAN_POINT('',(-6.774232376453,-8.042478197674,94.4));
#2036 = CARTESIAN_POINT('',(-6.126975835756,-7.438372093023,94.4));
#2037 = CARTESIAN_POINT('',(-5.980491460756,-7.223301235465,94.4));
#2038 = SURFACE_OF_LINEAR_EXTRUSION('',#2039,#2043);
#2039 = B_SPLINE_CURVE_WITH_KNOTS('',2,(#2040,#2041,#2042),
  .UNSPECIFIED.,.F.,.F.,(3,3),(0.,1.),.PIECEWISE_BEZIER_KNOTS.);
#2040 = CARTESIAN_POINT('',(-6.774232376453,-8.042478197674,94.4));
#2041 = CARTESIAN_POINT('',(-6.126975835756,-7.438372093023,94.4));
#2042 = CARTESIAN_POINT('',(-5.980491460756,-7.223301235465,94.4));
#2043 = VECTOR('',#2044,1.);
#2044 = DIRECTION('',(-0.,-0.,-1.));
#2045 = ADVANCED_FACE('',(#2046),#2064,.F.);
#2046 = FACE_BOUND('',#2047,.F.);
#2047 = EDGE_LOOP('',(#2048,#2056,#2057,#2058));
#2048 = ORIENTED_EDGE('',*,*,#2049,.T.);
#2049 = EDGE_CURVE('',#2050,#575,#2052,.T.);
#2050 = VERTEX_POINT('',#2051);
#2051 = CARTESIAN_POINT('',(-7.850722202035,-9.242514534884,94.4));
#2052 = LINE('',#2053,#2054);
#2053 = CARTESIAN_POINT('',(-7.850722202035,-9.242514534884,94.4));
#2054 = VECTOR('',#2055,1.);
#2055 = DIRECTION('',(0.,0.,1.));
#2056 = ORIENTED_EDGE('',*,*,#582,.T.);
#2057 = ORIENTED_EDGE('',*,*,#2023,.F.);
#2058 = ORIENTED_EDGE('',*,*,#2059,.F.);
#2059 = EDGE_CURVE('',#2050,#2024,#2060,.T.);
#2060 = B_SPLINE_CURVE_WITH_KNOTS('',2,(#2061,#2062,#2063),
  .UNSPECIFIED.,.F.,.F.,(3,3),(0.,1.),.PIECEWISE_BEZIER_KNOTS.);
#2061 = CARTESIAN_POINT('',(-7.850722202035,-9.242514534884,94.4));
#2062 = CARTESIAN_POINT('',(-7.578193132267,-8.79011627907,94.4));
#2063 = CARTESIAN_POINT('',(-6.774232376453,-8.042478197674,94.4));
#2064 = SURFACE_OF_LINEAR_EXTRUSION('',#2065,#2069);
#2065 = B_SPLINE_CURVE_WITH_KNOTS('',2,(#2066,#2067,#2068),
  .UNSPECIFIED.,.F.,.F.,(3,3),(0.,1.),.PIECEWISE_BEZIER_KNOTS.);
#2066 = CARTESIAN_POINT('',(-7.850722202035,-9.242514534884,94.4));
#2067 = CARTESIAN_POINT('',(-7.578193132267,-8.79011627907,94.4));
#2068 = CARTESIAN_POINT('',(-6.774232376453,-8.042478197674,94.4));
#2069 = VECTOR('',#2070,1.);
#2070 = DIRECTION('',(-0.,-0.,-1.));
#2071 = ADVANCED_FACE('',(#2072),#2090,.F.);
#2072 = FACE_BOUND('',#2073,.F.);
#2073 = EDGE_LOOP('',(#2074,#2082,#2083,#2084));
#2074 = ORIENTED_EDGE('',*,*,#2075,.T.);
#2075 = EDGE_CURVE('',#2076,#567,#2078,.T.);
#2076 = VERTEX_POINT('',#2077);
#2077 = CARTESIAN_POINT('',(-8.177757085756,-10.2,94.4));
#2078 = LINE('',#2079,#2080);
#2079 = CARTESIAN_POINT('',(-8.177757085756,-10.2,94.4));
#2080 = VECTOR('',#2081,1.);
#2081 = DIRECTION('',(0.,0.,1.));
#2082 = ORIENTED_EDGE('',*,*,#574,.T.);
#2083 = ORIENTED_EDGE('',*,*,#2049,.F.);
#2084 = ORIENTED_EDGE('',*,*,#2085,.F.);
#2085 = EDGE_CURVE('',#2076,#2050,#2086,.T.);
#2086 = B_SPLINE_CURVE_WITH_KNOTS('',2,(#2087,#2088,#2089),
  .UNSPECIFIED.,.F.,.F.,(3,3),(0.,1.),.PIECEWISE_BEZIER_KNOTS.);
#2087 = CARTESIAN_POINT('',(-8.177757085756,-10.2,94.4));
#2088 = CARTESIAN_POINT('',(-8.123251271802,-9.69468568314,94.4));
#2089 = CARTESIAN_POINT('',(-7.850722202035,-9.242514534884,94.4));
#2090 = SURFACE_OF_LINEAR_EXTRUSION('',#2091,#2095);
#2091 = B_SPLINE_CURVE_WITH_KNOTS('',2,(#2092,#2093,#2094),
  .UNSPECIFIED.,.F.,.F.,(3,3),(0.,1.),.PIECEWISE_BEZIER_KNOTS.);
#2092 = CARTESIAN_POINT('',(-8.177757085756,-10.2,94.4));
#2093 = CARTESIAN_POINT('',(-8.123251271802,-9.69468568314,94.4));
#2094 = CARTESIAN_POINT('',(-7.850722202035,-9.242514534884,94.4));
#2095 = VECTOR('',#2096,1.);
#2096 = DIRECTION('',(-0.,-0.,-1.));
#2097 = ADVANCED_FACE('',(#2098),#2116,.F.);
#2098 = FACE_BOUND('',#2099,.F.);
#2099 = EDGE_LOOP('',(#2100,#2108,#2109,#2110));
#2100 = ORIENTED_EDGE('',*,*,#2101,.T.);
#2101 = EDGE_CURVE('',#2102,#559,#2104,.T.);
#2102 = VERTEX_POINT('',#2103);
#2103 = CARTESIAN_POINT('',(-4.822242914244,-10.2,94.4));
#2104 = LINE('',#2105,#2106);
#2105 = CARTESIAN_POINT('',(-4.822242914244,-10.2,94.4));
#2106 = VECTOR('',#2107,1.);
#2107 = DIRECTION('',(0.,0.,1.));
#2108 = ORIENTED_EDGE('',*,*,#566,.T.);
#2109 = ORIENTED_EDGE('',*,*,#2075,.F.);
#2110 = ORIENTED_EDGE('',*,*,#2111,.F.);
#2111 = EDGE_CURVE('',#2102,#2076,#2112,.T.);
#2112 = LINE('',#2113,#2114);
#2113 = CARTESIAN_POINT('',(-4.822242914244,-10.2,94.4));
#2114 = VECTOR('',#2115,1.);
#2115 = DIRECTION('',(-1.,0.,0.));
#2116 = PLANE('',#2117);
#2117 = AXIS2_PLACEMENT_3D('',#2118,#2119,#2120);
#2118 = CARTESIAN_POINT('',(-4.822242914244,-10.2,94.4));
#2119 = DIRECTION('',(0.,-1.,0.));
#2120 = DIRECTION('',(-1.,0.,0.));
#2121 = ADVANCED_FACE('',(#2122),#2133,.F.);
#2122 = FACE_BOUND('',#2123,.F.);
#2123 = EDGE_LOOP('',(#2124,#2125,#2126,#2127));
#2124 = ORIENTED_EDGE('',*,*,#1613,.T.);
#2125 = ORIENTED_EDGE('',*,*,#558,.T.);
#2126 = ORIENTED_EDGE('',*,*,#2101,.F.);
#2127 = ORIENTED_EDGE('',*,*,#2128,.F.);
#2128 = EDGE_CURVE('',#1614,#2102,#2129,.T.);
#2129 = LINE('',#2130,#2131);
#2130 = CARTESIAN_POINT('',(-4.822242914244,-9.313372093023,94.4));
#2131 = VECTOR('',#2132,1.);
#2132 = DIRECTION('',(0.,-1.,0.));
#2133 = PLANE('',#2134);
#2134 = AXIS2_PLACEMENT_3D('',#2135,#2136,#2137);
#2135 = CARTESIAN_POINT('',(-4.822242914244,-9.313372093023,94.4));
#2136 = DIRECTION('',(1.,0.,0.));
#2137 = DIRECTION('',(0.,-1.,0.));
#2138 = ADVANCED_FACE('',(#2139),#2164,.F.);
#2139 = FACE_BOUND('',#2140,.F.);
#2140 = EDGE_LOOP('',(#2141,#2149,#2150,#2158));
#2141 = ORIENTED_EDGE('',*,*,#2142,.T.);
#2142 = EDGE_CURVE('',#2143,#719,#2145,.T.);
#2143 = VERTEX_POINT('',#2144);
#2144 = CARTESIAN_POINT('',(1.175281613372,-10.2,94.4));
#2145 = LINE('',#2146,#2147);
#2146 = CARTESIAN_POINT('',(1.175281613372,-10.2,94.4));
#2147 = VECTOR('',#2148,1.);
#2148 = DIRECTION('',(0.,0.,1.));
#2149 = ORIENTED_EDGE('',*,*,#718,.T.);
#2150 = ORIENTED_EDGE('',*,*,#2151,.F.);
#2151 = EDGE_CURVE('',#2152,#721,#2154,.T.);
#2152 = VERTEX_POINT('',#2153);
#2153 = CARTESIAN_POINT('',(0.248682776163,-10.2,94.4));
#2154 = LINE('',#2155,#2156);
#2155 = CARTESIAN_POINT('',(0.248682776163,-10.2,94.4));
#2156 = VECTOR('',#2157,1.);
#2157 = DIRECTION('',(0.,0.,1.));
#2158 = ORIENTED_EDGE('',*,*,#2159,.F.);
#2159 = EDGE_CURVE('',#2143,#2152,#2160,.T.);
#2160 = LINE('',#2161,#2162);
#2161 = CARTESIAN_POINT('',(1.175281613372,-10.2,94.4));
#2162 = VECTOR('',#2163,1.);
#2163 = DIRECTION('',(-1.,0.,0.));
#2164 = PLANE('',#2165);
#2165 = AXIS2_PLACEMENT_3D('',#2166,#2167,#2168);
#2166 = CARTESIAN_POINT('',(1.175281613372,-10.2,94.4));
#2167 = DIRECTION('',(0.,-1.,0.));
#2168 = DIRECTION('',(-1.,0.,0.));
#2169 = ADVANCED_FACE('',(#2170),#2188,.F.);
#2170 = FACE_BOUND('',#2171,.F.);
#2171 = EDGE_LOOP('',(#2172,#2180,#2181,#2182));
#2172 = ORIENTED_EDGE('',*,*,#2173,.T.);
#2173 = EDGE_CURVE('',#2174,#793,#2176,.T.);
#2174 = VERTEX_POINT('',#2175);
#2175 = CARTESIAN_POINT('',(1.175281613372,-9.197093023256,94.4));
#2176 = LINE('',#2177,#2178);
#2177 = CARTESIAN_POINT('',(1.175281613372,-9.197093023256,94.4));
#2178 = VECTOR('',#2179,1.);
#2179 = DIRECTION('',(0.,0.,1.));
#2180 = ORIENTED_EDGE('',*,*,#800,.T.);
#2181 = ORIENTED_EDGE('',*,*,#2142,.F.);
#2182 = ORIENTED_EDGE('',*,*,#2183,.F.);
#2183 = EDGE_CURVE('',#2174,#2143,#2184,.T.);
#2184 = LINE('',#2185,#2186);
#2185 = CARTESIAN_POINT('',(1.175281613372,-9.197093023256,94.4));
#2186 = VECTOR('',#2187,1.);
#2187 = DIRECTION('',(0.,-1.,0.));
#2188 = PLANE('',#2189);
#2189 = AXIS2_PLACEMENT_3D('',#2190,#2191,#2192);
#2190 = CARTESIAN_POINT('',(1.175281613372,-9.197093023256,94.4));
#2191 = DIRECTION('',(1.,0.,0.));
#2192 = DIRECTION('',(0.,-1.,0.));
#2193 = ADVANCED_FACE('',(#2194),#2212,.F.);
#2194 = FACE_BOUND('',#2195,.F.);
#2195 = EDGE_LOOP('',(#2196,#2204,#2205,#2206));
#2196 = ORIENTED_EDGE('',*,*,#2197,.T.);
#2197 = EDGE_CURVE('',#2198,#785,#2200,.T.);
#2198 = VERTEX_POINT('',#2199);
#2199 = CARTESIAN_POINT('',(1.795285247093,-9.197093023256,94.4));
#2200 = LINE('',#2201,#2202);
#2201 = CARTESIAN_POINT('',(1.795285247093,-9.197093023256,94.4));
#2202 = VECTOR('',#2203,1.);
#2203 = DIRECTION('',(0.,0.,1.));
#2204 = ORIENTED_EDGE('',*,*,#792,.T.);
#2205 = ORIENTED_EDGE('',*,*,#2173,.F.);
#2206 = ORIENTED_EDGE('',*,*,#2207,.F.);
#2207 = EDGE_CURVE('',#2198,#2174,#2208,.T.);
#2208 = LINE('',#2209,#2210);
#2209 = CARTESIAN_POINT('',(1.795285247093,-9.197093023256,94.4));
#2210 = VECTOR('',#2211,1.);
#2211 = DIRECTION('',(-1.,0.,0.));
#2212 = PLANE('',#2213);
#2213 = AXIS2_PLACEMENT_3D('',#2214,#2215,#2216);
#2214 = CARTESIAN_POINT('',(1.795285247093,-9.197093023256,94.4));
#2215 = DIRECTION('',(0.,-1.,0.));
#2216 = DIRECTION('',(-1.,0.,0.));
#2217 = ADVANCED_FACE('',(#2218),#2236,.F.);
#2218 = FACE_BOUND('',#2219,.F.);
#2219 = EDGE_LOOP('',(#2220,#2228,#2229,#2230));
#2220 = ORIENTED_EDGE('',*,*,#2221,.T.);
#2221 = EDGE_CURVE('',#2222,#777,#2224,.T.);
#2222 = VERTEX_POINT('',#2223);
#2223 = CARTESIAN_POINT('',(1.795285247093,-8.354069767442,94.4));
#2224 = LINE('',#2225,#2226);
#2225 = CARTESIAN_POINT('',(1.795285247093,-8.354069767442,94.4));
#2226 = VECTOR('',#2227,1.);
#2227 = DIRECTION('',(0.,0.,1.));
#2228 = ORIENTED_EDGE('',*,*,#784,.T.);
#2229 = ORIENTED_EDGE('',*,*,#2197,.F.);
#2230 = ORIENTED_EDGE('',*,*,#2231,.F.);
#2231 = EDGE_CURVE('',#2222,#2198,#2232,.T.);
#2232 = LINE('',#2233,#2234);
#2233 = CARTESIAN_POINT('',(1.795285247093,-8.354069767442,94.4));
#2234 = VECTOR('',#2235,1.);
#2235 = DIRECTION('',(0.,-1.,0.));
#2236 = PLANE('',#2237);
#2237 = AXIS2_PLACEMENT_3D('',#2238,#2239,#2240);
#2238 = CARTESIAN_POINT('',(1.795285247093,-8.354069767442,94.4));
#2239 = DIRECTION('',(1.,0.,0.));
#2240 = DIRECTION('',(0.,-1.,0.));
#2241 = ADVANCED_FACE('',(#2242),#2260,.F.);
#2242 = FACE_BOUND('',#2243,.F.);
#2243 = EDGE_LOOP('',(#2244,#2252,#2253,#2254));
#2244 = ORIENTED_EDGE('',*,*,#2245,.T.);
#2245 = EDGE_CURVE('',#2246,#769,#2248,.T.);
#2246 = VERTEX_POINT('',#2247);
#2247 = CARTESIAN_POINT('',(1.175281613372,-8.354069767442,94.4));
#2248 = LINE('',#2249,#2250);
#2249 = CARTESIAN_POINT('',(1.175281613372,-8.354069767442,94.4));
#2250 = VECTOR('',#2251,1.);
#2251 = DIRECTION('',(0.,0.,1.));
#2252 = ORIENTED_EDGE('',*,*,#776,.T.);
#2253 = ORIENTED_EDGE('',*,*,#2221,.F.);
#2254 = ORIENTED_EDGE('',*,*,#2255,.F.);
#2255 = EDGE_CURVE('',#2246,#2222,#2256,.T.);
#2256 = LINE('',#2257,#2258);
#2257 = CARTESIAN_POINT('',(1.175281613372,-8.354069767442,94.4));
#2258 = VECTOR('',#2259,1.);
#2259 = DIRECTION('',(1.,0.,0.));
#2260 = PLANE('',#2261);
#2261 = AXIS2_PLACEMENT_3D('',#2262,#2263,#2264);
#2262 = CARTESIAN_POINT('',(1.175281613372,-8.354069767442,94.4));
#2263 = DIRECTION('',(0.,1.,0.));
#2264 = DIRECTION('',(1.,0.,0.));
#2265 = ADVANCED_FACE('',(#2266),#2284,.F.);
#2266 = FACE_BOUND('',#2267,.F.);
#2267 = EDGE_LOOP('',(#2268,#2276,#2277,#2278));
#2268 = ORIENTED_EDGE('',*,*,#2269,.T.);
#2269 = EDGE_CURVE('',#2270,#761,#2272,.T.);
#2270 = VERTEX_POINT('',#2271);
#2271 = CARTESIAN_POINT('',(1.175281613372,-5.185465116279,94.4));
#2272 = LINE('',#2273,#2274);
#2273 = CARTESIAN_POINT('',(1.175281613372,-5.185465116279,94.4));
#2274 = VECTOR('',#2275,1.);
#2275 = DIRECTION('',(0.,0.,1.));
#2276 = ORIENTED_EDGE('',*,*,#768,.T.);
#2277 = ORIENTED_EDGE('',*,*,#2245,.F.);
#2278 = ORIENTED_EDGE('',*,*,#2279,.F.);
#2279 = EDGE_CURVE('',#2270,#2246,#2280,.T.);
#2280 = LINE('',#2281,#2282);
#2281 = CARTESIAN_POINT('',(1.175281613372,-5.185465116279,94.4));
#2282 = VECTOR('',#2283,1.);
#2283 = DIRECTION('',(0.,-1.,0.));
#2284 = PLANE('',#2285);
#2285 = AXIS2_PLACEMENT_3D('',#2286,#2287,#2288);
#2286 = CARTESIAN_POINT('',(1.175281613372,-5.185465116279,94.4));
#2287 = DIRECTION('',(1.,0.,0.));
#2288 = DIRECTION('',(0.,-1.,0.));
#2289 = ADVANCED_FACE('',(#2290),#2308,.F.);
#2290 = FACE_BOUND('',#2291,.F.);
#2291 = EDGE_LOOP('',(#2292,#2300,#2301,#2302));
#2292 = ORIENTED_EDGE('',*,*,#2293,.T.);
#2293 = EDGE_CURVE('',#2294,#753,#2296,.T.);
#2294 = VERTEX_POINT('',#2295);
#2295 = CARTESIAN_POINT('',(0.371320857558,-5.185465116279,94.4));
#2296 = LINE('',#2297,#2298);
#2297 = CARTESIAN_POINT('',(0.371320857558,-5.185465116279,94.4));
#2298 = VECTOR('',#2299,1.);
#2299 = DIRECTION('',(0.,0.,1.));
#2300 = ORIENTED_EDGE('',*,*,#760,.T.);
#2301 = ORIENTED_EDGE('',*,*,#2269,.F.);
#2302 = ORIENTED_EDGE('',*,*,#2303,.F.);
#2303 = EDGE_CURVE('',#2294,#2270,#2304,.T.);
#2304 = LINE('',#2305,#2306);
#2305 = CARTESIAN_POINT('',(0.371320857558,-5.185465116279,94.4));
#2306 = VECTOR('',#2307,1.);
#2307 = DIRECTION('',(1.,0.,0.));
#2308 = PLANE('',#2309);
#2309 = AXIS2_PLACEMENT_3D('',#2310,#2311,#2312);
#2310 = CARTESIAN_POINT('',(0.371320857558,-5.185465116279,94.4));
#2311 = DIRECTION('',(0.,1.,0.));
#2312 = DIRECTION('',(1.,0.,0.));
#2313 = ADVANCED_FACE('',(#2314),#2332,.F.);
#2314 = FACE_BOUND('',#2315,.F.);
#2315 = EDGE_LOOP('',(#2316,#2324,#2325,#2326));
#2316 = ORIENTED_EDGE('',*,*,#2317,.T.);
#2317 = EDGE_CURVE('',#2318,#745,#2320,.T.);
#2318 = VERTEX_POINT('',#2319);
#2319 = CARTESIAN_POINT('',(-1.795285247093,-8.357476380814,94.4));
#2320 = LINE('',#2321,#2322);
#2321 = CARTESIAN_POINT('',(-1.795285247093,-8.357476380814,94.4));
#2322 = VECTOR('',#2323,1.);
#2323 = DIRECTION('',(0.,0.,1.));
#2324 = ORIENTED_EDGE('',*,*,#752,.T.);
#2325 = ORIENTED_EDGE('',*,*,#2293,.F.);
#2326 = ORIENTED_EDGE('',*,*,#2327,.F.);
#2327 = EDGE_CURVE('',#2318,#2294,#2328,.T.);
#2328 = LINE('',#2329,#2330);
#2329 = CARTESIAN_POINT('',(-1.795285247093,-8.357476380814,94.4));
#2330 = VECTOR('',#2331,1.);
#2331 = DIRECTION('',(0.564024580147,0.825757999047,0.));
#2332 = PLANE('',#2333);
#2333 = AXIS2_PLACEMENT_3D('',#2334,#2335,#2336);
#2334 = CARTESIAN_POINT('',(-1.795285247093,-8.357476380814,94.4));
#2335 = DIRECTION('',(-0.825757999047,0.564024580147,0.));
#2336 = DIRECTION('',(0.564024580147,0.825757999047,0.));
#2337 = ADVANCED_FACE('',(#2338),#2356,.F.);
#2338 = FACE_BOUND('',#2339,.F.);
#2339 = EDGE_LOOP('',(#2340,#2348,#2349,#2350));
#2340 = ORIENTED_EDGE('',*,*,#2341,.T.);
#2341 = EDGE_CURVE('',#2342,#737,#2344,.T.);
#2342 = VERTEX_POINT('',#2343);
#2343 = CARTESIAN_POINT('',(-1.795285247093,-9.197093023256,94.4));
#2344 = LINE('',#2345,#2346);
#2345 = CARTESIAN_POINT('',(-1.795285247093,-9.197093023256,94.4));
#2346 = VECTOR('',#2347,1.);
#2347 = DIRECTION('',(0.,0.,1.));
#2348 = ORIENTED_EDGE('',*,*,#744,.T.);
#2349 = ORIENTED_EDGE('',*,*,#2317,.F.);
#2350 = ORIENTED_EDGE('',*,*,#2351,.F.);
#2351 = EDGE_CURVE('',#2342,#2318,#2352,.T.);
#2352 = LINE('',#2353,#2354);
#2353 = CARTESIAN_POINT('',(-1.795285247093,-9.197093023256,94.4));
#2354 = VECTOR('',#2355,1.);
#2355 = DIRECTION('',(0.,1.,0.));
#2356 = PLANE('',#2357);
#2357 = AXIS2_PLACEMENT_3D('',#2358,#2359,#2360);
#2358 = CARTESIAN_POINT('',(-1.795285247093,-9.197093023256,94.4));
#2359 = DIRECTION('',(-1.,0.,0.));
#2360 = DIRECTION('',(0.,1.,0.));
#2361 = ADVANCED_FACE('',(#2362),#2380,.F.);
#2362 = FACE_BOUND('',#2363,.F.);
#2363 = EDGE_LOOP('',(#2364,#2372,#2373,#2374));
#2364 = ORIENTED_EDGE('',*,*,#2365,.T.);
#2365 = EDGE_CURVE('',#2366,#729,#2368,.T.);
#2366 = VERTEX_POINT('',#2367);
#2367 = CARTESIAN_POINT('',(0.248682776163,-9.197093023256,94.4));
#2368 = LINE('',#2369,#2370);
#2369 = CARTESIAN_POINT('',(0.248682776163,-9.197093023256,94.4));
#2370 = VECTOR('',#2371,1.);
#2371 = DIRECTION('',(0.,0.,1.));
#2372 = ORIENTED_EDGE('',*,*,#736,.T.);
#2373 = ORIENTED_EDGE('',*,*,#2341,.F.);
#2374 = ORIENTED_EDGE('',*,*,#2375,.F.);
#2375 = EDGE_CURVE('',#2366,#2342,#2376,.T.);
#2376 = LINE('',#2377,#2378);
#2377 = CARTESIAN_POINT('',(0.248682776163,-9.197093023256,94.4));
#2378 = VECTOR('',#2379,1.);
#2379 = DIRECTION('',(-1.,0.,0.));
#2380 = PLANE('',#2381);
#2381 = AXIS2_PLACEMENT_3D('',#2382,#2383,#2384);
#2382 = CARTESIAN_POINT('',(0.248682776163,-9.197093023256,94.4));
#2383 = DIRECTION('',(0.,-1.,0.));
#2384 = DIRECTION('',(-1.,0.,0.));
#2385 = ADVANCED_FACE('',(#2386),#2397,.F.);
#2386 = FACE_BOUND('',#2387,.F.);
#2387 = EDGE_LOOP('',(#2388,#2389,#2390,#2391));
#2388 = ORIENTED_EDGE('',*,*,#2151,.T.);
#2389 = ORIENTED_EDGE('',*,*,#728,.T.);
#2390 = ORIENTED_EDGE('',*,*,#2365,.F.);
#2391 = ORIENTED_EDGE('',*,*,#2392,.F.);
#2392 = EDGE_CURVE('',#2152,#2366,#2393,.T.);
#2393 = LINE('',#2394,#2395);
#2394 = CARTESIAN_POINT('',(0.248682776163,-10.2,94.4));
#2395 = VECTOR('',#2396,1.);
#2396 = DIRECTION('',(0.,1.,0.));
#2397 = PLANE('',#2398);
#2398 = AXIS2_PLACEMENT_3D('',#2399,#2400,#2401);
#2399 = CARTESIAN_POINT('',(0.248682776163,-10.2,94.4));
#2400 = DIRECTION('',(-1.,0.,0.));
#2401 = DIRECTION('',(0.,1.,0.));
#2402 = ADVANCED_FACE('',(#2403),#2428,.T.);
#2403 = FACE_BOUND('',#2404,.F.);
#2404 = EDGE_LOOP('',(#2405,#2406,#2414,#2422));
#2405 = ORIENTED_EDGE('',*,*,#808,.T.);
#2406 = ORIENTED_EDGE('',*,*,#2407,.F.);
#2407 = EDGE_CURVE('',#2408,#811,#2410,.T.);
#2408 = VERTEX_POINT('',#2409);
#2409 = CARTESIAN_POINT('',(-7.25,4.,94.4));
#2410 = LINE('',#2411,#2412);
#2411 = CARTESIAN_POINT('',(-7.25,4.,94.4));
#2412 = VECTOR('',#2413,1.);
#2413 = DIRECTION('',(0.,0.,1.));
#2414 = ORIENTED_EDGE('',*,*,#2415,.F.);
#2415 = EDGE_CURVE('',#2416,#2408,#2418,.T.);
#2416 = VERTEX_POINT('',#2417);
#2417 = CARTESIAN_POINT('',(-7.25,-4.,94.4));
#2418 = LINE('',#2419,#2420);
#2419 = CARTESIAN_POINT('',(-7.25,-4.,94.4));
#2420 = VECTOR('',#2421,1.);
#2421 = DIRECTION('',(0.,1.,0.));
#2422 = ORIENTED_EDGE('',*,*,#2423,.T.);
#2423 = EDGE_CURVE('',#2416,#809,#2424,.T.);
#2424 = LINE('',#2425,#2426);
#2425 = CARTESIAN_POINT('',(-7.25,-4.,94.4));
#2426 = VECTOR('',#2427,1.);
#2427 = DIRECTION('',(0.,0.,1.));
#2428 = PLANE('',#2429);
#2429 = AXIS2_PLACEMENT_3D('',#2430,#2431,#2432);
#2430 = CARTESIAN_POINT('',(-7.25,-4.,94.4));
#2431 = DIRECTION('',(1.,0.,0.));
#2432 = DIRECTION('',(0.,0.,1.));
#2433 = ADVANCED_FACE('',(#2434),#2452,.T.);
#2434 = FACE_BOUND('',#2435,.T.);
#2435 = EDGE_LOOP('',(#2436,#2444,#2445,#2446));
#2436 = ORIENTED_EDGE('',*,*,#2437,.F.);
#2437 = EDGE_CURVE('',#2416,#2438,#2440,.T.);
#2438 = VERTEX_POINT('',#2439);
#2439 = CARTESIAN_POINT('',(-5.75,-4.,94.4));
#2440 = LINE('',#2441,#2442);
#2441 = CARTESIAN_POINT('',(-7.25,-4.,94.4));
#2442 = VECTOR('',#2443,1.);
#2443 = DIRECTION('',(1.,0.,0.));
#2444 = ORIENTED_EDGE('',*,*,#2423,.T.);
#2445 = ORIENTED_EDGE('',*,*,#962,.T.);
#2446 = ORIENTED_EDGE('',*,*,#2447,.F.);
#2447 = EDGE_CURVE('',#2438,#955,#2448,.T.);
#2448 = LINE('',#2449,#2450);
#2449 = CARTESIAN_POINT('',(-5.75,-4.,94.4));
#2450 = VECTOR('',#2451,1.);
#2451 = DIRECTION('',(0.,0.,1.));
#2452 = PLANE('',#2453);
#2453 = AXIS2_PLACEMENT_3D('',#2454,#2455,#2456);
#2454 = CARTESIAN_POINT('',(-7.25,-4.,94.4));
#2455 = DIRECTION('',(0.,1.,0.));
#2456 = DIRECTION('',(0.,0.,1.));
#2457 = ADVANCED_FACE('',(#2458),#2476,.F.);
#2458 = FACE_BOUND('',#2459,.F.);
#2459 = EDGE_LOOP('',(#2460,#2461,#2462,#2470));
#2460 = ORIENTED_EDGE('',*,*,#954,.F.);
#2461 = ORIENTED_EDGE('',*,*,#2447,.F.);
#2462 = ORIENTED_EDGE('',*,*,#2463,.T.);
#2463 = EDGE_CURVE('',#2438,#2464,#2466,.T.);
#2464 = VERTEX_POINT('',#2465);
#2465 = CARTESIAN_POINT('',(-5.75,-0.75,94.4));
#2466 = LINE('',#2467,#2468);
#2467 = CARTESIAN_POINT('',(-5.75,-4.,94.4));
#2468 = VECTOR('',#2469,1.);
#2469 = DIRECTION('',(0.,1.,0.));
#2470 = ORIENTED_EDGE('',*,*,#2471,.T.);
#2471 = EDGE_CURVE('',#2464,#947,#2472,.T.);
#2472 = LINE('',#2473,#2474);
#2473 = CARTESIAN_POINT('',(-5.75,-0.75,94.4));
#2474 = VECTOR('',#2475,1.);
#2475 = DIRECTION('',(0.,0.,1.));
#2476 = PLANE('',#2477);
#2477 = AXIS2_PLACEMENT_3D('',#2478,#2479,#2480);
#2478 = CARTESIAN_POINT('',(-5.75,-4.,94.4));
#2479 = DIRECTION('',(1.,0.,0.));
#2480 = DIRECTION('',(0.,0.,1.));
#2481 = ADVANCED_FACE('',(#2482),#2500,.T.);
#2482 = FACE_BOUND('',#2483,.T.);
#2483 = EDGE_LOOP('',(#2484,#2492,#2493,#2494));
#2484 = ORIENTED_EDGE('',*,*,#2485,.F.);
#2485 = EDGE_CURVE('',#2464,#2486,#2488,.T.);
#2486 = VERTEX_POINT('',#2487);
#2487 = CARTESIAN_POINT('',(-0.75,-0.75,94.4));
#2488 = LINE('',#2489,#2490);
#2489 = CARTESIAN_POINT('',(-7.25,-0.75,94.4));
#2490 = VECTOR('',#2491,1.);
#2491 = DIRECTION('',(1.,0.,0.));
#2492 = ORIENTED_EDGE('',*,*,#2471,.T.);
#2493 = ORIENTED_EDGE('',*,*,#946,.T.);
#2494 = ORIENTED_EDGE('',*,*,#2495,.F.);
#2495 = EDGE_CURVE('',#2486,#939,#2496,.T.);
#2496 = LINE('',#2497,#2498);
#2497 = CARTESIAN_POINT('',(-0.75,-0.75,94.4));
#2498 = VECTOR('',#2499,1.);
#2499 = DIRECTION('',(0.,0.,1.));
#2500 = PLANE('',#2501);
#2501 = AXIS2_PLACEMENT_3D('',#2502,#2503,#2504);
#2502 = CARTESIAN_POINT('',(-7.25,-0.75,94.4));
#2503 = DIRECTION('',(0.,1.,0.));
#2504 = DIRECTION('',(0.,0.,1.));
#2505 = ADVANCED_FACE('',(#2506),#2524,.T.);
#2506 = FACE_BOUND('',#2507,.T.);
#2507 = EDGE_LOOP('',(#2508,#2509,#2517,#2523));
#2508 = ORIENTED_EDGE('',*,*,#938,.F.);
#2509 = ORIENTED_EDGE('',*,*,#2510,.F.);
#2510 = EDGE_CURVE('',#2511,#931,#2513,.T.);
#2511 = VERTEX_POINT('',#2512);
#2512 = CARTESIAN_POINT('',(-0.75,-4.,94.4));
#2513 = LINE('',#2514,#2515);
#2514 = CARTESIAN_POINT('',(-0.75,-4.,94.4));
#2515 = VECTOR('',#2516,1.);
#2516 = DIRECTION('',(0.,0.,1.));
#2517 = ORIENTED_EDGE('',*,*,#2518,.T.);
#2518 = EDGE_CURVE('',#2511,#2486,#2519,.T.);
#2519 = LINE('',#2520,#2521);
#2520 = CARTESIAN_POINT('',(-0.75,-4.,94.4));
#2521 = VECTOR('',#2522,1.);
#2522 = DIRECTION('',(0.,1.,0.));
#2523 = ORIENTED_EDGE('',*,*,#2495,.T.);
#2524 = PLANE('',#2525);
#2525 = AXIS2_PLACEMENT_3D('',#2526,#2527,#2528);
#2526 = CARTESIAN_POINT('',(-0.75,-4.,94.4));
#2527 = DIRECTION('',(1.,0.,0.));
#2528 = DIRECTION('',(0.,0.,1.));
#2529 = ADVANCED_FACE('',(#2530),#2548,.T.);
#2530 = FACE_BOUND('',#2531,.T.);
#2531 = EDGE_LOOP('',(#2532,#2540,#2541,#2542));
#2532 = ORIENTED_EDGE('',*,*,#2533,.F.);
#2533 = EDGE_CURVE('',#2511,#2534,#2536,.T.);
#2534 = VERTEX_POINT('',#2535);
#2535 = CARTESIAN_POINT('',(0.75,-4.,94.4));
#2536 = LINE('',#2537,#2538);
#2537 = CARTESIAN_POINT('',(-0.75,-4.,94.4));
#2538 = VECTOR('',#2539,1.);
#2539 = DIRECTION('',(1.,0.,0.));
#2540 = ORIENTED_EDGE('',*,*,#2510,.T.);
#2541 = ORIENTED_EDGE('',*,*,#930,.T.);
#2542 = ORIENTED_EDGE('',*,*,#2543,.F.);
#2543 = EDGE_CURVE('',#2534,#923,#2544,.T.);
#2544 = LINE('',#2545,#2546);
#2545 = CARTESIAN_POINT('',(0.75,-4.,94.4));
#2546 = VECTOR('',#2547,1.);
#2547 = DIRECTION('',(0.,0.,1.));
#2548 = PLANE('',#2549);
#2549 = AXIS2_PLACEMENT_3D('',#2550,#2551,#2552);
#2550 = CARTESIAN_POINT('',(-0.75,-4.,94.4));
#2551 = DIRECTION('',(0.,1.,0.));
#2552 = DIRECTION('',(0.,0.,1.));
#2553 = ADVANCED_FACE('',(#2554),#2572,.F.);
#2554 = FACE_BOUND('',#2555,.F.);
#2555 = EDGE_LOOP('',(#2556,#2557,#2558,#2566));
#2556 = ORIENTED_EDGE('',*,*,#922,.F.);
#2557 = ORIENTED_EDGE('',*,*,#2543,.F.);
#2558 = ORIENTED_EDGE('',*,*,#2559,.T.);
#2559 = EDGE_CURVE('',#2534,#2560,#2562,.T.);
#2560 = VERTEX_POINT('',#2561);
#2561 = CARTESIAN_POINT('',(0.75,-0.75,94.4));
#2562 = LINE('',#2563,#2564);
#2563 = CARTESIAN_POINT('',(0.75,-4.,94.4));
#2564 = VECTOR('',#2565,1.);
#2565 = DIRECTION('',(0.,1.,0.));
#2566 = ORIENTED_EDGE('',*,*,#2567,.T.);
#2567 = EDGE_CURVE('',#2560,#915,#2568,.T.);
#2568 = LINE('',#2569,#2570);
#2569 = CARTESIAN_POINT('',(0.75,-0.75,94.4));
#2570 = VECTOR('',#2571,1.);
#2571 = DIRECTION('',(0.,0.,1.));
#2572 = PLANE('',#2573);
#2573 = AXIS2_PLACEMENT_3D('',#2574,#2575,#2576);
#2574 = CARTESIAN_POINT('',(0.75,-4.,94.4));
#2575 = DIRECTION('',(1.,0.,0.));
#2576 = DIRECTION('',(0.,0.,1.));
#2577 = ADVANCED_FACE('',(#2578),#2596,.T.);
#2578 = FACE_BOUND('',#2579,.T.);
#2579 = EDGE_LOOP('',(#2580,#2588,#2589,#2590));
#2580 = ORIENTED_EDGE('',*,*,#2581,.F.);
#2581 = EDGE_CURVE('',#2560,#2582,#2584,.T.);
#2582 = VERTEX_POINT('',#2583);
#2583 = CARTESIAN_POINT('',(5.75,-0.75,94.4));
#2584 = LINE('',#2585,#2586);
#2585 = CARTESIAN_POINT('',(-7.25,-0.75,94.4));
#2586 = VECTOR('',#2587,1.);
#2587 = DIRECTION('',(1.,0.,0.));
#2588 = ORIENTED_EDGE('',*,*,#2567,.T.);
#2589 = ORIENTED_EDGE('',*,*,#914,.T.);
#2590 = ORIENTED_EDGE('',*,*,#2591,.F.);
#2591 = EDGE_CURVE('',#2582,#907,#2592,.T.);
#2592 = LINE('',#2593,#2594);
#2593 = CARTESIAN_POINT('',(5.75,-0.75,94.4));
#2594 = VECTOR('',#2595,1.);
#2595 = DIRECTION('',(0.,0.,1.));
#2596 = PLANE('',#2597);
#2597 = AXIS2_PLACEMENT_3D('',#2598,#2599,#2600);
#2598 = CARTESIAN_POINT('',(-7.25,-0.75,94.4));
#2599 = DIRECTION('',(0.,1.,0.));
#2600 = DIRECTION('',(0.,0.,1.));
#2601 = ADVANCED_FACE('',(#2602),#2620,.T.);
#2602 = FACE_BOUND('',#2603,.T.);
#2603 = EDGE_LOOP('',(#2604,#2605,#2613,#2619));
#2604 = ORIENTED_EDGE('',*,*,#906,.F.);
#2605 = ORIENTED_EDGE('',*,*,#2606,.F.);
#2606 = EDGE_CURVE('',#2607,#899,#2609,.T.);
#2607 = VERTEX_POINT('',#2608);
#2608 = CARTESIAN_POINT('',(5.75,-4.,94.4));
#2609 = LINE('',#2610,#2611);
#2610 = CARTESIAN_POINT('',(5.75,-4.,94.4));
#2611 = VECTOR('',#2612,1.);
#2612 = DIRECTION('',(0.,0.,1.));
#2613 = ORIENTED_EDGE('',*,*,#2614,.T.);
#2614 = EDGE_CURVE('',#2607,#2582,#2615,.T.);
#2615 = LINE('',#2616,#2617);
#2616 = CARTESIAN_POINT('',(5.75,-4.,94.4));
#2617 = VECTOR('',#2618,1.);
#2618 = DIRECTION('',(0.,1.,0.));
#2619 = ORIENTED_EDGE('',*,*,#2591,.T.);
#2620 = PLANE('',#2621);
#2621 = AXIS2_PLACEMENT_3D('',#2622,#2623,#2624);
#2622 = CARTESIAN_POINT('',(5.75,-4.,94.4));
#2623 = DIRECTION('',(1.,0.,0.));
#2624 = DIRECTION('',(0.,0.,1.));
#2625 = ADVANCED_FACE('',(#2626),#2644,.T.);
#2626 = FACE_BOUND('',#2627,.T.);
#2627 = EDGE_LOOP('',(#2628,#2636,#2637,#2638));
#2628 = ORIENTED_EDGE('',*,*,#2629,.F.);
#2629 = EDGE_CURVE('',#2607,#2630,#2632,.T.);
#2630 = VERTEX_POINT('',#2631);
#2631 = CARTESIAN_POINT('',(7.25,-4.,94.4));
#2632 = LINE('',#2633,#2634);
#2633 = CARTESIAN_POINT('',(5.75,-4.,94.4));
#2634 = VECTOR('',#2635,1.);
#2635 = DIRECTION('',(1.,0.,0.));
#2636 = ORIENTED_EDGE('',*,*,#2606,.T.);
#2637 = ORIENTED_EDGE('',*,*,#898,.T.);
#2638 = ORIENTED_EDGE('',*,*,#2639,.F.);
#2639 = EDGE_CURVE('',#2630,#891,#2640,.T.);
#2640 = LINE('',#2641,#2642);
#2641 = CARTESIAN_POINT('',(7.25,-4.,94.4));
#2642 = VECTOR('',#2643,1.);
#2643 = DIRECTION('',(0.,0.,1.));
#2644 = PLANE('',#2645);
#2645 = AXIS2_PLACEMENT_3D('',#2646,#2647,#2648);
#2646 = CARTESIAN_POINT('',(5.75,-4.,94.4));
#2647 = DIRECTION('',(0.,1.,0.));
#2648 = DIRECTION('',(0.,0.,1.));
#2649 = ADVANCED_FACE('',(#2650),#2668,.F.);
#2650 = FACE_BOUND('',#2651,.F.);
#2651 = EDGE_LOOP('',(#2652,#2653,#2654,#2662));
#2652 = ORIENTED_EDGE('',*,*,#890,.F.);
#2653 = ORIENTED_EDGE('',*,*,#2639,.F.);
#2654 = ORIENTED_EDGE('',*,*,#2655,.T.);
#2655 = EDGE_CURVE('',#2630,#2656,#2658,.T.);
#2656 = VERTEX_POINT('',#2657);
#2657 = CARTESIAN_POINT('',(7.25,4.,94.4));
#2658 = LINE('',#2659,#2660);
#2659 = CARTESIAN_POINT('',(7.25,-4.,94.4));
#2660 = VECTOR('',#2661,1.);
#2661 = DIRECTION('',(0.,1.,0.));
#2662 = ORIENTED_EDGE('',*,*,#2663,.T.);
#2663 = EDGE_CURVE('',#2656,#883,#2664,.T.);
#2664 = LINE('',#2665,#2666);
#2665 = CARTESIAN_POINT('',(7.25,4.,94.4));
#2666 = VECTOR('',#2667,1.);
#2667 = DIRECTION('',(0.,0.,1.));
#2668 = PLANE('',#2669);
#2669 = AXIS2_PLACEMENT_3D('',#2670,#2671,#2672);
#2670 = CARTESIAN_POINT('',(7.25,-4.,94.4));
#2671 = DIRECTION('',(1.,0.,0.));
#2672 = DIRECTION('',(0.,0.,1.));
#2673 = ADVANCED_FACE('',(#2674),#2692,.F.);
#2674 = FACE_BOUND('',#2675,.F.);
#2675 = EDGE_LOOP('',(#2676,#2684,#2690,#2691));
#2676 = ORIENTED_EDGE('',*,*,#2677,.F.);
#2677 = EDGE_CURVE('',#2678,#2656,#2680,.T.);
#2678 = VERTEX_POINT('',#2679);
#2679 = CARTESIAN_POINT('',(5.75,4.,94.4));
#2680 = LINE('',#2681,#2682);
#2681 = CARTESIAN_POINT('',(5.75,4.,94.4));
#2682 = VECTOR('',#2683,1.);
#2683 = DIRECTION('',(1.,0.,0.));
#2684 = ORIENTED_EDGE('',*,*,#2685,.T.);
#2685 = EDGE_CURVE('',#2678,#875,#2686,.T.);
#2686 = LINE('',#2687,#2688);
#2687 = CARTESIAN_POINT('',(5.75,4.,94.4));
#2688 = VECTOR('',#2689,1.);
#2689 = DIRECTION('',(0.,0.,1.));
#2690 = ORIENTED_EDGE('',*,*,#882,.T.);
#2691 = ORIENTED_EDGE('',*,*,#2663,.F.);
#2692 = PLANE('',#2693);
#2693 = AXIS2_PLACEMENT_3D('',#2694,#2695,#2696);
#2694 = CARTESIAN_POINT('',(5.75,4.,94.4));
#2695 = DIRECTION('',(0.,1.,0.));
#2696 = DIRECTION('',(0.,0.,1.));
#2697 = ADVANCED_FACE('',(#2698),#2716,.T.);
#2698 = FACE_BOUND('',#2699,.T.);
#2699 = EDGE_LOOP('',(#2700,#2701,#2709,#2715));
#2700 = ORIENTED_EDGE('',*,*,#874,.F.);
#2701 = ORIENTED_EDGE('',*,*,#2702,.F.);
#2702 = EDGE_CURVE('',#2703,#867,#2705,.T.);
#2703 = VERTEX_POINT('',#2704);
#2704 = CARTESIAN_POINT('',(5.75,0.75,94.4));
#2705 = LINE('',#2706,#2707);
#2706 = CARTESIAN_POINT('',(5.75,0.75,94.4));
#2707 = VECTOR('',#2708,1.);
#2708 = DIRECTION('',(0.,0.,1.));
#2709 = ORIENTED_EDGE('',*,*,#2710,.T.);
#2710 = EDGE_CURVE('',#2703,#2678,#2711,.T.);
#2711 = LINE('',#2712,#2713);
#2712 = CARTESIAN_POINT('',(5.75,-4.,94.4));
#2713 = VECTOR('',#2714,1.);
#2714 = DIRECTION('',(0.,1.,0.));
#2715 = ORIENTED_EDGE('',*,*,#2685,.T.);
#2716 = PLANE('',#2717);
#2717 = AXIS2_PLACEMENT_3D('',#2718,#2719,#2720);
#2718 = CARTESIAN_POINT('',(5.75,-4.,94.4));
#2719 = DIRECTION('',(1.,0.,0.));
#2720 = DIRECTION('',(0.,0.,1.));
#2721 = ADVANCED_FACE('',(#2722),#2740,.F.);
#2722 = FACE_BOUND('',#2723,.F.);
#2723 = EDGE_LOOP('',(#2724,#2732,#2738,#2739));
#2724 = ORIENTED_EDGE('',*,*,#2725,.F.);
#2725 = EDGE_CURVE('',#2726,#2703,#2728,.T.);
#2726 = VERTEX_POINT('',#2727);
#2727 = CARTESIAN_POINT('',(0.75,0.75,94.4));
#2728 = LINE('',#2729,#2730);
#2729 = CARTESIAN_POINT('',(-7.25,0.75,94.4));
#2730 = VECTOR('',#2731,1.);
#2731 = DIRECTION('',(1.,0.,0.));
#2732 = ORIENTED_EDGE('',*,*,#2733,.T.);
#2733 = EDGE_CURVE('',#2726,#859,#2734,.T.);
#2734 = LINE('',#2735,#2736);
#2735 = CARTESIAN_POINT('',(0.75,0.75,94.4));
#2736 = VECTOR('',#2737,1.);
#2737 = DIRECTION('',(0.,0.,1.));
#2738 = ORIENTED_EDGE('',*,*,#866,.T.);
#2739 = ORIENTED_EDGE('',*,*,#2702,.F.);
#2740 = PLANE('',#2741);
#2741 = AXIS2_PLACEMENT_3D('',#2742,#2743,#2744);
#2742 = CARTESIAN_POINT('',(-7.25,0.75,94.4));
#2743 = DIRECTION('',(0.,1.,0.));
#2744 = DIRECTION('',(0.,0.,1.));
#2745 = ADVANCED_FACE('',(#2746),#2764,.F.);
#2746 = FACE_BOUND('',#2747,.F.);
#2747 = EDGE_LOOP('',(#2748,#2749,#2750,#2758));
#2748 = ORIENTED_EDGE('',*,*,#858,.F.);
#2749 = ORIENTED_EDGE('',*,*,#2733,.F.);
#2750 = ORIENTED_EDGE('',*,*,#2751,.T.);
#2751 = EDGE_CURVE('',#2726,#2752,#2754,.T.);
#2752 = VERTEX_POINT('',#2753);
#2753 = CARTESIAN_POINT('',(0.75,4.,94.4));
#2754 = LINE('',#2755,#2756);
#2755 = CARTESIAN_POINT('',(0.75,-4.,94.4));
#2756 = VECTOR('',#2757,1.);
#2757 = DIRECTION('',(0.,1.,0.));
#2758 = ORIENTED_EDGE('',*,*,#2759,.T.);
#2759 = EDGE_CURVE('',#2752,#851,#2760,.T.);
#2760 = LINE('',#2761,#2762);
#2761 = CARTESIAN_POINT('',(0.75,4.,94.4));
#2762 = VECTOR('',#2763,1.);
#2763 = DIRECTION('',(0.,0.,1.));
#2764 = PLANE('',#2765);
#2765 = AXIS2_PLACEMENT_3D('',#2766,#2767,#2768);
#2766 = CARTESIAN_POINT('',(0.75,-4.,94.4));
#2767 = DIRECTION('',(1.,0.,0.));
#2768 = DIRECTION('',(0.,0.,1.));
#2769 = ADVANCED_FACE('',(#2770),#2788,.F.);
#2770 = FACE_BOUND('',#2771,.F.);
#2771 = EDGE_LOOP('',(#2772,#2780,#2786,#2787));
#2772 = ORIENTED_EDGE('',*,*,#2773,.F.);
#2773 = EDGE_CURVE('',#2774,#2752,#2776,.T.);
#2774 = VERTEX_POINT('',#2775);
#2775 = CARTESIAN_POINT('',(-0.75,4.,94.4));
#2776 = LINE('',#2777,#2778);
#2777 = CARTESIAN_POINT('',(-0.75,4.,94.4));
#2778 = VECTOR('',#2779,1.);
#2779 = DIRECTION('',(1.,0.,0.));
#2780 = ORIENTED_EDGE('',*,*,#2781,.T.);
#2781 = EDGE_CURVE('',#2774,#843,#2782,.T.);
#2782 = LINE('',#2783,#2784);
#2783 = CARTESIAN_POINT('',(-0.75,4.,94.4));
#2784 = VECTOR('',#2785,1.);
#2785 = DIRECTION('',(0.,0.,1.));
#2786 = ORIENTED_EDGE('',*,*,#850,.T.);
#2787 = ORIENTED_EDGE('',*,*,#2759,.F.);
#2788 = PLANE('',#2789);
#2789 = AXIS2_PLACEMENT_3D('',#2790,#2791,#2792);
#2790 = CARTESIAN_POINT('',(-0.75,4.,94.4));
#2791 = DIRECTION('',(0.,1.,0.));
#2792 = DIRECTION('',(0.,0.,1.));
#2793 = ADVANCED_FACE('',(#2794),#2812,.T.);
#2794 = FACE_BOUND('',#2795,.T.);
#2795 = EDGE_LOOP('',(#2796,#2797,#2805,#2811));
#2796 = ORIENTED_EDGE('',*,*,#842,.F.);
#2797 = ORIENTED_EDGE('',*,*,#2798,.F.);
#2798 = EDGE_CURVE('',#2799,#835,#2801,.T.);
#2799 = VERTEX_POINT('',#2800);
#2800 = CARTESIAN_POINT('',(-0.75,0.75,94.4));
#2801 = LINE('',#2802,#2803);
#2802 = CARTESIAN_POINT('',(-0.75,0.75,94.4));
#2803 = VECTOR('',#2804,1.);
#2804 = DIRECTION('',(0.,0.,1.));
#2805 = ORIENTED_EDGE('',*,*,#2806,.T.);
#2806 = EDGE_CURVE('',#2799,#2774,#2807,.T.);
#2807 = LINE('',#2808,#2809);
#2808 = CARTESIAN_POINT('',(-0.75,-4.,94.4));
#2809 = VECTOR('',#2810,1.);
#2810 = DIRECTION('',(0.,1.,0.));
#2811 = ORIENTED_EDGE('',*,*,#2781,.T.);
#2812 = PLANE('',#2813);
#2813 = AXIS2_PLACEMENT_3D('',#2814,#2815,#2816);
#2814 = CARTESIAN_POINT('',(-0.75,-4.,94.4));
#2815 = DIRECTION('',(1.,0.,0.));
#2816 = DIRECTION('',(0.,0.,1.));
#2817 = ADVANCED_FACE('',(#2818),#2836,.F.);
#2818 = FACE_BOUND('',#2819,.F.);
#2819 = EDGE_LOOP('',(#2820,#2828,#2834,#2835));
#2820 = ORIENTED_EDGE('',*,*,#2821,.F.);
#2821 = EDGE_CURVE('',#2822,#2799,#2824,.T.);
#2822 = VERTEX_POINT('',#2823);
#2823 = CARTESIAN_POINT('',(-5.75,0.75,94.4));
#2824 = LINE('',#2825,#2826);
#2825 = CARTESIAN_POINT('',(-7.25,0.75,94.4));
#2826 = VECTOR('',#2827,1.);
#2827 = DIRECTION('',(1.,0.,0.));
#2828 = ORIENTED_EDGE('',*,*,#2829,.T.);
#2829 = EDGE_CURVE('',#2822,#827,#2830,.T.);
#2830 = LINE('',#2831,#2832);
#2831 = CARTESIAN_POINT('',(-5.75,0.75,94.4));
#2832 = VECTOR('',#2833,1.);
#2833 = DIRECTION('',(0.,0.,1.));
#2834 = ORIENTED_EDGE('',*,*,#834,.T.);
#2835 = ORIENTED_EDGE('',*,*,#2798,.F.);
#2836 = PLANE('',#2837);
#2837 = AXIS2_PLACEMENT_3D('',#2838,#2839,#2840);
#2838 = CARTESIAN_POINT('',(-7.25,0.75,94.4));
#2839 = DIRECTION('',(0.,1.,0.));
#2840 = DIRECTION('',(0.,0.,1.));
#2841 = ADVANCED_FACE('',(#2842),#2860,.F.);
#2842 = FACE_BOUND('',#2843,.F.);
#2843 = EDGE_LOOP('',(#2844,#2845,#2846,#2854));
#2844 = ORIENTED_EDGE('',*,*,#826,.F.);
#2845 = ORIENTED_EDGE('',*,*,#2829,.F.);
#2846 = ORIENTED_EDGE('',*,*,#2847,.T.);
#2847 = EDGE_CURVE('',#2822,#2848,#2850,.T.);
#2848 = VERTEX_POINT('',#2849);
#2849 = CARTESIAN_POINT('',(-5.75,4.,94.4));
#2850 = LINE('',#2851,#2852);
#2851 = CARTESIAN_POINT('',(-5.75,-4.,94.4));
#2852 = VECTOR('',#2853,1.);
#2853 = DIRECTION('',(0.,1.,0.));
#2854 = ORIENTED_EDGE('',*,*,#2855,.T.);
#2855 = EDGE_CURVE('',#2848,#819,#2856,.T.);
#2856 = LINE('',#2857,#2858);
#2857 = CARTESIAN_POINT('',(-5.75,4.,94.4));
#2858 = VECTOR('',#2859,1.);
#2859 = DIRECTION('',(0.,0.,1.));
#2860 = PLANE('',#2861);
#2861 = AXIS2_PLACEMENT_3D('',#2862,#2863,#2864);
#2862 = CARTESIAN_POINT('',(-5.75,-4.,94.4));
#2863 = DIRECTION('',(1.,0.,0.));
#2864 = DIRECTION('',(0.,0.,1.));
#2865 = ADVANCED_FACE('',(#2866),#2877,.F.);
#2866 = FACE_BOUND('',#2867,.F.);
#2867 = EDGE_LOOP('',(#2868,#2874,#2875,#2876));
#2868 = ORIENTED_EDGE('',*,*,#2869,.F.);
#2869 = EDGE_CURVE('',#2408,#2848,#2870,.T.);
#2870 = LINE('',#2871,#2872);
#2871 = CARTESIAN_POINT('',(-7.25,4.,94.4));
#2872 = VECTOR('',#2873,1.);
#2873 = DIRECTION('',(1.,0.,0.));
#2874 = ORIENTED_EDGE('',*,*,#2407,.T.);
#2875 = ORIENTED_EDGE('',*,*,#818,.T.);
#2876 = ORIENTED_EDGE('',*,*,#2855,.F.);
#2877 = PLANE('',#2878);
#2878 = AXIS2_PLACEMENT_3D('',#2879,#2880,#2881);
#2879 = CARTESIAN_POINT('',(-7.25,4.,94.4));
#2880 = DIRECTION('',(0.,1.,0.));
#2881 = DIRECTION('',(0.,0.,1.));
#2882 = ADVANCED_FACE('',(#2883),#2908,.F.);
#2883 = FACE_BOUND('',#2884,.F.);
#2884 = EDGE_LOOP('',(#2885,#2893,#2894,#2902));
#2885 = ORIENTED_EDGE('',*,*,#2886,.T.);
#2886 = EDGE_CURVE('',#2887,#971,#2889,.T.);
#2887 = VERTEX_POINT('',#2888);
#2888 = CARTESIAN_POINT('',(5.26339934593,-10.2,94.4));
#2889 = LINE('',#2890,#2891);
#2890 = CARTESIAN_POINT('',(5.26339934593,-10.2,94.4));
#2891 = VECTOR('',#2892,1.);
#2892 = DIRECTION('',(0.,0.,1.));
#2893 = ORIENTED_EDGE('',*,*,#970,.T.);
#2894 = ORIENTED_EDGE('',*,*,#2895,.F.);
#2895 = EDGE_CURVE('',#2896,#973,#2898,.T.);
#2896 = VERTEX_POINT('',#2897);
#2897 = CARTESIAN_POINT('',(4.255041787791,-10.2,94.4));
#2898 = LINE('',#2899,#2900);
#2899 = CARTESIAN_POINT('',(4.255041787791,-10.2,94.4));
#2900 = VECTOR('',#2901,1.);
#2901 = DIRECTION('',(0.,0.,1.));
#2902 = ORIENTED_EDGE('',*,*,#2903,.F.);
#2903 = EDGE_CURVE('',#2887,#2896,#2904,.T.);
#2904 = LINE('',#2905,#2906);
#2905 = CARTESIAN_POINT('',(5.26339934593,-10.2,94.4));
#2906 = VECTOR('',#2907,1.);
#2907 = DIRECTION('',(-1.,0.,0.));
#2908 = PLANE('',#2909);
#2909 = AXIS2_PLACEMENT_3D('',#2910,#2911,#2912);
#2910 = CARTESIAN_POINT('',(5.26339934593,-10.2,94.4));
#2911 = DIRECTION('',(0.,-1.,0.));
#2912 = DIRECTION('',(-1.,0.,0.));
#2913 = ADVANCED_FACE('',(#2914),#2932,.F.);
#2914 = FACE_BOUND('',#2915,.F.);
#2915 = EDGE_LOOP('',(#2916,#2924,#2925,#2926));
#2916 = ORIENTED_EDGE('',*,*,#2917,.T.);
#2917 = EDGE_CURVE('',#2918,#1101,#2920,.T.);
#2918 = VERTEX_POINT('',#2919);
#2919 = CARTESIAN_POINT('',(5.26339934593,-8.106976744186,94.4));
#2920 = LINE('',#2921,#2922);
#2921 = CARTESIAN_POINT('',(5.26339934593,-8.106976744186,94.4));
#2922 = VECTOR('',#2923,1.);
#2923 = DIRECTION('',(0.,0.,1.));
#2924 = ORIENTED_EDGE('',*,*,#1108,.T.);
#2925 = ORIENTED_EDGE('',*,*,#2886,.F.);
#2926 = ORIENTED_EDGE('',*,*,#2927,.F.);
#2927 = EDGE_CURVE('',#2918,#2887,#2928,.T.);
#2928 = LINE('',#2929,#2930);
#2929 = CARTESIAN_POINT('',(5.26339934593,-8.106976744186,94.4));
#2930 = VECTOR('',#2931,1.);
#2931 = DIRECTION('',(0.,-1.,0.));
#2932 = PLANE('',#2933);
#2933 = AXIS2_PLACEMENT_3D('',#2934,#2935,#2936);
#2934 = CARTESIAN_POINT('',(5.26339934593,-8.106976744186,94.4));
#2935 = DIRECTION('',(1.,0.,0.));
#2936 = DIRECTION('',(0.,-1.,0.));
#2937 = ADVANCED_FACE('',(#2938),#2956,.F.);
#2938 = FACE_BOUND('',#2939,.F.);
#2939 = EDGE_LOOP('',(#2940,#2948,#2949,#2950));
#2940 = ORIENTED_EDGE('',*,*,#2941,.T.);
#2941 = EDGE_CURVE('',#2942,#1093,#2944,.T.);
#2942 = VERTEX_POINT('',#2943);
#2943 = CARTESIAN_POINT('',(5.467796148256,-8.106976744186,94.4));
#2944 = LINE('',#2945,#2946);
#2945 = CARTESIAN_POINT('',(5.467796148256,-8.106976744186,94.4));
#2946 = VECTOR('',#2947,1.);
#2947 = DIRECTION('',(0.,0.,1.));
#2948 = ORIENTED_EDGE('',*,*,#1100,.T.);
#2949 = ORIENTED_EDGE('',*,*,#2917,.F.);
#2950 = ORIENTED_EDGE('',*,*,#2951,.F.);
#2951 = EDGE_CURVE('',#2942,#2918,#2952,.T.);
#2952 = LINE('',#2953,#2954);
#2953 = CARTESIAN_POINT('',(5.467796148256,-8.106976744186,94.4));
#2954 = VECTOR('',#2955,1.);
#2955 = DIRECTION('',(-1.,0.,0.));
#2956 = PLANE('',#2957);
#2957 = AXIS2_PLACEMENT_3D('',#2958,#2959,#2960);
#2958 = CARTESIAN_POINT('',(5.467796148256,-8.106976744186,94.4));
#2959 = DIRECTION('',(0.,-1.,0.));
#2960 = DIRECTION('',(-1.,0.,0.));
#2961 = ADVANCED_FACE('',(#2962),#2980,.F.);
#2962 = FACE_BOUND('',#2963,.F.);
#2963 = EDGE_LOOP('',(#2964,#2972,#2973,#2974));
#2964 = ORIENTED_EDGE('',*,*,#2965,.T.);
#2965 = EDGE_CURVE('',#2966,#1085,#2968,.T.);
#2966 = VERTEX_POINT('',#2967);
#2967 = CARTESIAN_POINT('',(5.975381540698,-8.163299418605,94.4));
#2968 = LINE('',#2969,#2970);
#2969 = CARTESIAN_POINT('',(5.975381540698,-8.163299418605,94.4));
#2970 = VECTOR('',#2971,1.);
#2971 = DIRECTION('',(0.,0.,1.));
#2972 = ORIENTED_EDGE('',*,*,#1092,.T.);
#2973 = ORIENTED_EDGE('',*,*,#2941,.F.);
#2974 = ORIENTED_EDGE('',*,*,#2975,.F.);
#2975 = EDGE_CURVE('',#2966,#2942,#2976,.T.);
#2976 = B_SPLINE_CURVE_WITH_KNOTS('',2,(#2977,#2978,#2979),
  .UNSPECIFIED.,.F.,.F.,(3,3),(0.,1.),.PIECEWISE_BEZIER_KNOTS.);
#2977 = CARTESIAN_POINT('',(5.975381540698,-8.163299418605,94.4));
#2978 = CARTESIAN_POINT('',(5.815270712209,-8.106976744186,94.4));
#2979 = CARTESIAN_POINT('',(5.467796148256,-8.106976744186,94.4));
#2980 = SURFACE_OF_LINEAR_EXTRUSION('',#2981,#2985);
#2981 = B_SPLINE_CURVE_WITH_KNOTS('',2,(#2982,#2983,#2984),
  .UNSPECIFIED.,.F.,.F.,(3,3),(0.,1.),.PIECEWISE_BEZIER_KNOTS.);
#2982 = CARTESIAN_POINT('',(5.975381540698,-8.163299418605,94.4));
#2983 = CARTESIAN_POINT('',(5.815270712209,-8.106976744186,94.4));
#2984 = CARTESIAN_POINT('',(5.467796148256,-8.106976744186,94.4));
#2985 = VECTOR('',#2986,1.);
#2986 = DIRECTION('',(-0.,-0.,-1.));
#2987 = ADVANCED_FACE('',(#2988),#3006,.F.);
#2988 = FACE_BOUND('',#2989,.F.);
#2989 = EDGE_LOOP('',(#2990,#2998,#2999,#3000));
#2990 = ORIENTED_EDGE('',*,*,#2991,.T.);
#2991 = EDGE_CURVE('',#2992,#1077,#2994,.T.);
#2992 = VERTEX_POINT('',#2993);
#2993 = CARTESIAN_POINT('',(6.278570130814,-8.371557049419,94.4));
#2994 = LINE('',#2995,#2996);
#2995 = CARTESIAN_POINT('',(6.278570130814,-8.371557049419,94.4));
#2996 = VECTOR('',#2997,1.);
#2997 = DIRECTION('',(0.,0.,1.));
#2998 = ORIENTED_EDGE('',*,*,#1084,.T.);
#2999 = ORIENTED_EDGE('',*,*,#2965,.F.);
#3000 = ORIENTED_EDGE('',*,*,#3001,.F.);
#3001 = EDGE_CURVE('',#2992,#2966,#3002,.T.);
#3002 = B_SPLINE_CURVE_WITH_KNOTS('',2,(#3003,#3004,#3005),
  .UNSPECIFIED.,.F.,.F.,(3,3),(0.,1.),.PIECEWISE_BEZIER_KNOTS.);
#3003 = CARTESIAN_POINT('',(6.278570130814,-8.371557049419,94.4));
#3004 = CARTESIAN_POINT('',(6.135492369186,-8.219622093023,94.4));
#3005 = CARTESIAN_POINT('',(5.975381540698,-8.163299418605,94.4));
#3006 = SURFACE_OF_LINEAR_EXTRUSION('',#3007,#3011);
#3007 = B_SPLINE_CURVE_WITH_KNOTS('',2,(#3008,#3009,#3010),
  .UNSPECIFIED.,.F.,.F.,(3,3),(0.,1.),.PIECEWISE_BEZIER_KNOTS.);
#3008 = CARTESIAN_POINT('',(6.278570130814,-8.371557049419,94.4));
#3009 = CARTESIAN_POINT('',(6.135492369186,-8.219622093023,94.4));
#3010 = CARTESIAN_POINT('',(5.975381540698,-8.163299418605,94.4));
#3011 = VECTOR('',#3012,1.);
#3012 = DIRECTION('',(-0.,-0.,-1.));
#3013 = ADVANCED_FACE('',(#3014),#3032,.F.);
#3014 = FACE_BOUND('',#3015,.F.);
#3015 = EDGE_LOOP('',(#3016,#3024,#3025,#3026));
#3016 = ORIENTED_EDGE('',*,*,#3017,.T.);
#3017 = EDGE_CURVE('',#3018,#1069,#3020,.T.);
#3018 = VERTEX_POINT('',#3019);
#3019 = CARTESIAN_POINT('',(6.81000181686,-9.106704215116,94.4));
#3020 = LINE('',#3021,#3022);
#3021 = CARTESIAN_POINT('',(6.81000181686,-9.106704215116,94.4));
#3022 = VECTOR('',#3023,1.);
#3023 = DIRECTION('',(0.,0.,1.));
#3024 = ORIENTED_EDGE('',*,*,#1076,.T.);
#3025 = ORIENTED_EDGE('',*,*,#2991,.F.);
#3026 = ORIENTED_EDGE('',*,*,#3027,.F.);
#3027 = EDGE_CURVE('',#3018,#2992,#3028,.T.);
#3028 = B_SPLINE_CURVE_WITH_KNOTS('',2,(#3029,#3030,#3031),
  .UNSPECIFIED.,.F.,.F.,(3,3),(0.,1.),.PIECEWISE_BEZIER_KNOTS.);
#3029 = CARTESIAN_POINT('',(6.81000181686,-9.106704215116,94.4));
#3030 = CARTESIAN_POINT('',(6.421647892442,-8.523264898256,94.4));
#3031 = CARTESIAN_POINT('',(6.278570130814,-8.371557049419,94.4));
#3032 = SURFACE_OF_LINEAR_EXTRUSION('',#3033,#3037);
#3033 = B_SPLINE_CURVE_WITH_KNOTS('',2,(#3034,#3035,#3036),
  .UNSPECIFIED.,.F.,.F.,(3,3),(0.,1.),.PIECEWISE_BEZIER_KNOTS.);
#3034 = CARTESIAN_POINT('',(6.81000181686,-9.106704215116,94.4));
#3035 = CARTESIAN_POINT('',(6.421647892442,-8.523264898256,94.4));
#3036 = CARTESIAN_POINT('',(6.278570130814,-8.371557049419,94.4));
#3037 = VECTOR('',#3038,1.);
#3038 = DIRECTION('',(-0.,-0.,-1.));
#3039 = ADVANCED_FACE('',(#3040),#3058,.F.);
#3040 = FACE_BOUND('',#3041,.F.);
#3041 = EDGE_LOOP('',(#3042,#3050,#3051,#3052));
#3042 = ORIENTED_EDGE('',*,*,#3043,.T.);
#3043 = EDGE_CURVE('',#3044,#1061,#3046,.T.);
#3044 = VERTEX_POINT('',#3045);
#3045 = CARTESIAN_POINT('',(7.539017078488,-10.2,94.4));
#3046 = LINE('',#3047,#3048);
#3047 = CARTESIAN_POINT('',(7.539017078488,-10.2,94.4));
#3048 = VECTOR('',#3049,1.);
#3049 = DIRECTION('',(0.,0.,1.));
#3050 = ORIENTED_EDGE('',*,*,#1068,.T.);
#3051 = ORIENTED_EDGE('',*,*,#3017,.F.);
#3052 = ORIENTED_EDGE('',*,*,#3053,.F.);
#3053 = EDGE_CURVE('',#3044,#3018,#3054,.T.);
#3054 = LINE('',#3055,#3056);
#3055 = CARTESIAN_POINT('',(7.539017078488,-10.2,94.4));
#3056 = VECTOR('',#3057,1.);
#3057 = DIRECTION('',(-0.554779960745,0.831997112469,0.));
#3058 = PLANE('',#3059);
#3059 = AXIS2_PLACEMENT_3D('',#3060,#3061,#3062);
#3060 = CARTESIAN_POINT('',(7.539017078488,-10.2,94.4));
#3061 = DIRECTION('',(-0.831997112469,-0.554779960745,0.));
#3062 = DIRECTION('',(-0.554779960745,0.831997112469,0.));
#3063 = ADVANCED_FACE('',(#3064),#3082,.F.);
#3064 = FACE_BOUND('',#3065,.F.);
#3065 = EDGE_LOOP('',(#3066,#3074,#3075,#3076));
#3066 = ORIENTED_EDGE('',*,*,#3067,.T.);
#3067 = EDGE_CURVE('',#3068,#1053,#3070,.T.);
#3068 = VERTEX_POINT('',#3069);
#3069 = CARTESIAN_POINT('',(8.744958212209,-10.2,94.4));
#3070 = LINE('',#3071,#3072);
#3071 = CARTESIAN_POINT('',(8.744958212209,-10.2,94.4));
#3072 = VECTOR('',#3073,1.);
#3073 = DIRECTION('',(0.,0.,1.));
#3074 = ORIENTED_EDGE('',*,*,#1060,.T.);
#3075 = ORIENTED_EDGE('',*,*,#3043,.F.);
#3076 = ORIENTED_EDGE('',*,*,#3077,.F.);
#3077 = EDGE_CURVE('',#3068,#3044,#3078,.T.);
#3078 = LINE('',#3079,#3080);
#3079 = CARTESIAN_POINT('',(8.744958212209,-10.2,94.4));
#3080 = VECTOR('',#3081,1.);
#3081 = DIRECTION('',(-1.,0.,0.));
#3082 = PLANE('',#3083);
#3083 = AXIS2_PLACEMENT_3D('',#3084,#3085,#3086);
#3084 = CARTESIAN_POINT('',(8.744958212209,-10.2,94.4));
#3085 = DIRECTION('',(0.,-1.,0.));
#3086 = DIRECTION('',(-1.,0.,0.));
#3087 = ADVANCED_FACE('',(#3088),#3106,.F.);
#3088 = FACE_BOUND('',#3089,.F.);
#3089 = EDGE_LOOP('',(#3090,#3098,#3099,#3100));
#3090 = ORIENTED_EDGE('',*,*,#3091,.T.);
#3091 = EDGE_CURVE('',#3092,#1045,#3094,.T.);
#3092 = VERTEX_POINT('',#3093);
#3093 = CARTESIAN_POINT('',(8.135174418605,-9.222074854651,94.4));
#3094 = LINE('',#3095,#3096);
#3095 = CARTESIAN_POINT('',(8.135174418605,-9.222074854651,94.4));
#3096 = VECTOR('',#3097,1.);
#3097 = DIRECTION('',(0.,0.,1.));
#3098 = ORIENTED_EDGE('',*,*,#1052,.T.);
#3099 = ORIENTED_EDGE('',*,*,#3067,.F.);
#3100 = ORIENTED_EDGE('',*,*,#3101,.F.);
#3101 = EDGE_CURVE('',#3092,#3068,#3102,.T.);
#3102 = LINE('',#3103,#3104);
#3103 = CARTESIAN_POINT('',(8.135174418605,-9.222074854651,94.4));
#3104 = VECTOR('',#3105,1.);
#3105 = DIRECTION('',(0.529112976501,-0.848551388013,0.));
#3106 = PLANE('',#3107);
#3107 = AXIS2_PLACEMENT_3D('',#3108,#3109,#3110);
#3108 = CARTESIAN_POINT('',(8.135174418605,-9.222074854651,94.4));
#3109 = DIRECTION('',(0.848551388013,0.529112976501,0.));
#3110 = DIRECTION('',(0.529112976501,-0.848551388013,0.));
#3111 = ADVANCED_FACE('',(#3112),#3130,.F.);
#3112 = FACE_BOUND('',#3113,.F.);
#3113 = EDGE_LOOP('',(#3114,#3122,#3123,#3124));
#3114 = ORIENTED_EDGE('',*,*,#3115,.T.);
#3115 = EDGE_CURVE('',#3116,#1037,#3118,.T.);
#3116 = VERTEX_POINT('',#3117);
#3117 = CARTESIAN_POINT('',(7.561046511628,-8.408121366279,94.4));
#3118 = LINE('',#3119,#3120);
#3119 = CARTESIAN_POINT('',(7.561046511628,-8.408121366279,94.4));
#3120 = VECTOR('',#3121,1.);
#3121 = DIRECTION('',(0.,0.,1.));
#3122 = ORIENTED_EDGE('',*,*,#1044,.T.);
#3123 = ORIENTED_EDGE('',*,*,#3091,.F.);
#3124 = ORIENTED_EDGE('',*,*,#3125,.F.);
#3125 = EDGE_CURVE('',#3116,#3092,#3126,.T.);
#3126 = B_SPLINE_CURVE_WITH_KNOTS('',2,(#3127,#3128,#3129),
  .UNSPECIFIED.,.F.,.F.,(3,3),(0.,1.),.PIECEWISE_BEZIER_KNOTS.);
#3127 = CARTESIAN_POINT('',(7.561046511628,-8.408121366279,94.4));
#3128 = CARTESIAN_POINT('',(7.774073401163,-8.637272892442,94.4));
#3129 = CARTESIAN_POINT('',(8.135174418605,-9.222074854651,94.4));
#3130 = SURFACE_OF_LINEAR_EXTRUSION('',#3131,#3135);
#3131 = B_SPLINE_CURVE_WITH_KNOTS('',2,(#3132,#3133,#3134),
  .UNSPECIFIED.,.F.,.F.,(3,3),(0.,1.),.PIECEWISE_BEZIER_KNOTS.);
#3132 = CARTESIAN_POINT('',(7.561046511628,-8.408121366279,94.4));
#3133 = CARTESIAN_POINT('',(7.774073401163,-8.637272892442,94.4));
#3134 = CARTESIAN_POINT('',(8.135174418605,-9.222074854651,94.4));
#3135 = VECTOR('',#3136,1.);
#3136 = DIRECTION('',(-0.,-0.,-1.));
#3137 = ADVANCED_FACE('',(#3138),#3156,.F.);
#3138 = FACE_BOUND('',#3139,.F.);
#3139 = EDGE_LOOP('',(#3140,#3148,#3149,#3150));
#3140 = ORIENTED_EDGE('',*,*,#3141,.T.);
#3141 = EDGE_CURVE('',#3142,#1029,#3144,.T.);
#3142 = VERTEX_POINT('',#3143);
#3143 = CARTESIAN_POINT('',(7.02121184593,-7.987518168605,94.4));
#3144 = LINE('',#3145,#3146);
#3145 = CARTESIAN_POINT('',(7.02121184593,-7.987518168605,94.4));
#3146 = VECTOR('',#3147,1.);
#3147 = DIRECTION('',(0.,0.,1.));
#3148 = ORIENTED_EDGE('',*,*,#1036,.T.);
#3149 = ORIENTED_EDGE('',*,*,#3115,.F.);
#3150 = ORIENTED_EDGE('',*,*,#3151,.F.);
#3151 = EDGE_CURVE('',#3142,#3116,#3152,.T.);
#3152 = B_SPLINE_CURVE_WITH_KNOTS('',2,(#3153,#3154,#3155),
  .UNSPECIFIED.,.F.,.F.,(3,3),(0.,1.),.PIECEWISE_BEZIER_KNOTS.);
#3153 = CARTESIAN_POINT('',(7.02121184593,-7.987518168605,94.4));
#3154 = CARTESIAN_POINT('',(7.348246729651,-8.178969840116,94.4));
#3155 = CARTESIAN_POINT('',(7.561046511628,-8.408121366279,94.4));
#3156 = SURFACE_OF_LINEAR_EXTRUSION('',#3157,#3161);
#3157 = B_SPLINE_CURVE_WITH_KNOTS('',2,(#3158,#3159,#3160),
  .UNSPECIFIED.,.F.,.F.,(3,3),(0.,1.),.PIECEWISE_BEZIER_KNOTS.);
#3158 = CARTESIAN_POINT('',(7.02121184593,-7.987518168605,94.4));
#3159 = CARTESIAN_POINT('',(7.348246729651,-8.178969840116,94.4));
#3160 = CARTESIAN_POINT('',(7.561046511628,-8.408121366279,94.4));
#3161 = VECTOR('',#3162,1.);
#3162 = DIRECTION('',(-0.,-0.,-1.));
#3163 = ADVANCED_FACE('',(#3164),#3182,.F.);
#3164 = FACE_BOUND('',#3165,.F.);
#3165 = EDGE_LOOP('',(#3166,#3174,#3175,#3176));
#3166 = ORIENTED_EDGE('',*,*,#3167,.T.);
#3167 = EDGE_CURVE('',#3168,#1021,#3170,.T.);
#3168 = VERTEX_POINT('',#3169);
#3169 = CARTESIAN_POINT('',(8.009129723837,-7.526262718023,94.4));
#3170 = LINE('',#3171,#3172);
#3171 = CARTESIAN_POINT('',(8.009129723837,-7.526262718023,94.4));
#3172 = VECTOR('',#3173,1.);
#3173 = DIRECTION('',(0.,0.,1.));
#3174 = ORIENTED_EDGE('',*,*,#1028,.T.);
#3175 = ORIENTED_EDGE('',*,*,#3141,.F.);
#3176 = ORIENTED_EDGE('',*,*,#3177,.F.);
#3177 = EDGE_CURVE('',#3168,#3142,#3178,.T.);
#3178 = B_SPLINE_CURVE_WITH_KNOTS('',2,(#3179,#3180,#3181),
  .UNSPECIFIED.,.F.,.F.,(3,3),(0.,1.),.PIECEWISE_BEZIER_KNOTS.);
#3179 = CARTESIAN_POINT('',(8.009129723837,-7.526262718023,94.4));
#3180 = CARTESIAN_POINT('',(7.678688226744,-7.892132994186,94.4));
#3181 = CARTESIAN_POINT('',(7.02121184593,-7.987518168605,94.4));
#3182 = SURFACE_OF_LINEAR_EXTRUSION('',#3183,#3187);
#3183 = B_SPLINE_CURVE_WITH_KNOTS('',2,(#3184,#3185,#3186),
  .UNSPECIFIED.,.F.,.F.,(3,3),(0.,1.),.PIECEWISE_BEZIER_KNOTS.);
#3184 = CARTESIAN_POINT('',(8.009129723837,-7.526262718023,94.4));
#3185 = CARTESIAN_POINT('',(7.678688226744,-7.892132994186,94.4));
#3186 = CARTESIAN_POINT('',(7.02121184593,-7.987518168605,94.4));
#3187 = VECTOR('',#3188,1.);
#3188 = DIRECTION('',(-0.,-0.,-1.));
#3189 = ADVANCED_FACE('',(#3190),#3208,.F.);
#3190 = FACE_BOUND('',#3191,.F.);
#3191 = EDGE_LOOP('',(#3192,#3200,#3201,#3202));
#3192 = ORIENTED_EDGE('',*,*,#3193,.T.);
#3193 = EDGE_CURVE('',#3194,#1013,#3196,.T.);
#3194 = VERTEX_POINT('',#3195);
#3195 = CARTESIAN_POINT('',(8.33957122093,-6.598755450581,94.4));
#3196 = LINE('',#3197,#3198);
#3197 = CARTESIAN_POINT('',(8.33957122093,-6.598755450581,94.4));
#3198 = VECTOR('',#3199,1.);
#3199 = DIRECTION('',(0.,0.,1.));
#3200 = ORIENTED_EDGE('',*,*,#1020,.T.);
#3201 = ORIENTED_EDGE('',*,*,#3167,.F.);
#3202 = ORIENTED_EDGE('',*,*,#3203,.F.);
#3203 = EDGE_CURVE('',#3194,#3168,#3204,.T.);
#3204 = B_SPLINE_CURVE_WITH_KNOTS('',2,(#3205,#3206,#3207),
  .UNSPECIFIED.,.F.,.F.,(3,3),(0.,1.),.PIECEWISE_BEZIER_KNOTS.);
#3205 = CARTESIAN_POINT('',(8.33957122093,-6.598755450581,94.4));
#3206 = CARTESIAN_POINT('',(8.33957122093,-7.16039244186,94.4));
#3207 = CARTESIAN_POINT('',(8.009129723837,-7.526262718023,94.4));
#3208 = SURFACE_OF_LINEAR_EXTRUSION('',#3209,#3213);
#3209 = B_SPLINE_CURVE_WITH_KNOTS('',2,(#3210,#3211,#3212),
  .UNSPECIFIED.,.F.,.F.,(3,3),(0.,1.),.PIECEWISE_BEZIER_KNOTS.);
#3210 = CARTESIAN_POINT('',(8.33957122093,-6.598755450581,94.4));
#3211 = CARTESIAN_POINT('',(8.33957122093,-7.16039244186,94.4));
#3212 = CARTESIAN_POINT('',(8.009129723837,-7.526262718023,94.4));
#3213 = VECTOR('',#3214,1.);
#3214 = DIRECTION('',(-0.,-0.,-1.));
#3215 = ADVANCED_FACE('',(#3216),#3234,.F.);
#3216 = FACE_BOUND('',#3217,.F.);
#3217 = EDGE_LOOP('',(#3218,#3226,#3227,#3228));
#3218 = ORIENTED_EDGE('',*,*,#3219,.T.);
#3219 = EDGE_CURVE('',#3220,#1005,#3222,.T.);
#3220 = VERTEX_POINT('',#3221);
#3221 = CARTESIAN_POINT('',(8.121547965116,-5.81273619186,94.4));
#3222 = LINE('',#3223,#3224);
#3223 = CARTESIAN_POINT('',(8.121547965116,-5.81273619186,94.4));
#3224 = VECTOR('',#3225,1.);
#3225 = DIRECTION('',(0.,0.,1.));
#3226 = ORIENTED_EDGE('',*,*,#1012,.T.);
#3227 = ORIENTED_EDGE('',*,*,#3193,.F.);
#3228 = ORIENTED_EDGE('',*,*,#3229,.F.);
#3229 = EDGE_CURVE('',#3220,#3194,#3230,.T.);
#3230 = B_SPLINE_CURVE_WITH_KNOTS('',2,(#3231,#3232,#3233),
  .UNSPECIFIED.,.F.,.F.,(3,3),(0.,1.),.PIECEWISE_BEZIER_KNOTS.);
#3231 = CARTESIAN_POINT('',(8.121547965116,-5.81273619186,94.4));
#3232 = CARTESIAN_POINT('',(8.33957122093,-6.156349927326,94.4));
#3233 = CARTESIAN_POINT('',(8.33957122093,-6.598755450581,94.4));
#3234 = SURFACE_OF_LINEAR_EXTRUSION('',#3235,#3239);
#3235 = B_SPLINE_CURVE_WITH_KNOTS('',2,(#3236,#3237,#3238),
  .UNSPECIFIED.,.F.,.F.,(3,3),(0.,1.),.PIECEWISE_BEZIER_KNOTS.);
#3236 = CARTESIAN_POINT('',(8.121547965116,-5.81273619186,94.4));
#3237 = CARTESIAN_POINT('',(8.33957122093,-6.156349927326,94.4));
#3238 = CARTESIAN_POINT('',(8.33957122093,-6.598755450581,94.4));
#3239 = VECTOR('',#3240,1.);
#3240 = DIRECTION('',(-0.,-0.,-1.));
#3241 = ADVANCED_FACE('',(#3242),#3260,.F.);
#3242 = FACE_BOUND('',#3243,.F.);
#3243 = EDGE_LOOP('',(#3244,#3252,#3253,#3254));
#3244 = ORIENTED_EDGE('',*,*,#3245,.T.);
#3245 = EDGE_CURVE('',#3246,#997,#3248,.T.);
#3246 = VERTEX_POINT('',#3247);
#3247 = CARTESIAN_POINT('',(7.540606831395,-5.334447674419,94.4));
#3248 = LINE('',#3249,#3250);
#3249 = CARTESIAN_POINT('',(7.540606831395,-5.334447674419,94.4));
#3250 = VECTOR('',#3251,1.);
#3251 = DIRECTION('',(0.,0.,1.));
#3252 = ORIENTED_EDGE('',*,*,#1004,.T.);
#3253 = ORIENTED_EDGE('',*,*,#3219,.F.);
#3254 = ORIENTED_EDGE('',*,*,#3255,.F.);
#3255 = EDGE_CURVE('',#3246,#3220,#3256,.T.);
#3256 = B_SPLINE_CURVE_WITH_KNOTS('',2,(#3257,#3258,#3259),
  .UNSPECIFIED.,.F.,.F.,(3,3),(0.,1.),.PIECEWISE_BEZIER_KNOTS.);
#3257 = CARTESIAN_POINT('',(7.540606831395,-5.334447674419,94.4));
#3258 = CARTESIAN_POINT('',(7.903524709302,-5.468895348837,94.4));
#3259 = CARTESIAN_POINT('',(8.121547965116,-5.81273619186,94.4));
#3260 = SURFACE_OF_LINEAR_EXTRUSION('',#3261,#3265);
#3261 = B_SPLINE_CURVE_WITH_KNOTS('',2,(#3262,#3263,#3264),
  .UNSPECIFIED.,.F.,.F.,(3,3),(0.,1.),.PIECEWISE_BEZIER_KNOTS.);
#3262 = CARTESIAN_POINT('',(7.540606831395,-5.334447674419,94.4));
#3263 = CARTESIAN_POINT('',(7.903524709302,-5.468895348837,94.4));
#3264 = CARTESIAN_POINT('',(8.121547965116,-5.81273619186,94.4));
#3265 = VECTOR('',#3266,1.);
#3266 = DIRECTION('',(-0.,-0.,-1.));
#3267 = ADVANCED_FACE('',(#3268),#3286,.F.);
#3268 = FACE_BOUND('',#3269,.F.);
#3269 = EDGE_LOOP('',(#3270,#3278,#3279,#3280));
#3270 = ORIENTED_EDGE('',*,*,#3271,.T.);
#3271 = EDGE_CURVE('',#3272,#989,#3274,.T.);
#3272 = VERTEX_POINT('',#3273);
#3273 = CARTESIAN_POINT('',(6.377361918605,-5.2,94.4));
#3274 = LINE('',#3275,#3276);
#3275 = CARTESIAN_POINT('',(6.377361918605,-5.2,94.4));
#3276 = VECTOR('',#3277,1.);
#3277 = DIRECTION('',(0.,0.,1.));
#3278 = ORIENTED_EDGE('',*,*,#996,.T.);
#3279 = ORIENTED_EDGE('',*,*,#3245,.F.);
#3280 = ORIENTED_EDGE('',*,*,#3281,.F.);
#3281 = EDGE_CURVE('',#3272,#3246,#3282,.T.);
#3282 = B_SPLINE_CURVE_WITH_KNOTS('',2,(#3283,#3284,#3285),
  .UNSPECIFIED.,.F.,.F.,(3,3),(0.,1.),.PIECEWISE_BEZIER_KNOTS.);
#3283 = CARTESIAN_POINT('',(6.377361918605,-5.2,94.4));
#3284 = CARTESIAN_POINT('',(7.177916061047,-5.2,94.4));
#3285 = CARTESIAN_POINT('',(7.540606831395,-5.334447674419,94.4));
#3286 = SURFACE_OF_LINEAR_EXTRUSION('',#3287,#3291);
#3287 = B_SPLINE_CURVE_WITH_KNOTS('',2,(#3288,#3289,#3290),
  .UNSPECIFIED.,.F.,.F.,(3,3),(0.,1.),.PIECEWISE_BEZIER_KNOTS.);
#3288 = CARTESIAN_POINT('',(6.377361918605,-5.2,94.4));
#3289 = CARTESIAN_POINT('',(7.177916061047,-5.2,94.4));
#3290 = CARTESIAN_POINT('',(7.540606831395,-5.334447674419,94.4));
#3291 = VECTOR('',#3292,1.);
#3292 = DIRECTION('',(-0.,-0.,-1.));
#3293 = ADVANCED_FACE('',(#3294),#3312,.F.);
#3294 = FACE_BOUND('',#3295,.F.);
#3295 = EDGE_LOOP('',(#3296,#3304,#3305,#3306));
#3296 = ORIENTED_EDGE('',*,*,#3297,.T.);
#3297 = EDGE_CURVE('',#3298,#981,#3300,.T.);
#3298 = VERTEX_POINT('',#3299);
#3299 = CARTESIAN_POINT('',(4.255041787791,-5.2,94.4));
#3300 = LINE('',#3301,#3302);
#3301 = CARTESIAN_POINT('',(4.255041787791,-5.2,94.4));
#3302 = VECTOR('',#3303,1.);
#3303 = DIRECTION('',(0.,0.,1.));
#3304 = ORIENTED_EDGE('',*,*,#988,.T.);
#3305 = ORIENTED_EDGE('',*,*,#3271,.F.);
#3306 = ORIENTED_EDGE('',*,*,#3307,.F.);
#3307 = EDGE_CURVE('',#3298,#3272,#3308,.T.);
#3308 = LINE('',#3309,#3310);
#3309 = CARTESIAN_POINT('',(4.255041787791,-5.2,94.4));
#3310 = VECTOR('',#3311,1.);
#3311 = DIRECTION('',(1.,0.,0.));
#3312 = PLANE('',#3313);
#3313 = AXIS2_PLACEMENT_3D('',#3314,#3315,#3316);
#3314 = CARTESIAN_POINT('',(4.255041787791,-5.2,94.4));
#3315 = DIRECTION('',(0.,1.,0.));
#3316 = DIRECTION('',(1.,0.,0.));
#3317 = ADVANCED_FACE('',(#3318),#3329,.F.);
#3318 = FACE_BOUND('',#3319,.F.);
#3319 = EDGE_LOOP('',(#3320,#3321,#3322,#3323));
#3320 = ORIENTED_EDGE('',*,*,#2895,.T.);
#3321 = ORIENTED_EDGE('',*,*,#980,.T.);
#3322 = ORIENTED_EDGE('',*,*,#3297,.F.);
#3323 = ORIENTED_EDGE('',*,*,#3324,.F.);
#3324 = EDGE_CURVE('',#2896,#3298,#3325,.T.);
#3325 = LINE('',#3326,#3327);
#3326 = CARTESIAN_POINT('',(4.255041787791,-10.2,94.4));
#3327 = VECTOR('',#3328,1.);
#3328 = DIRECTION('',(0.,1.,0.));
#3329 = PLANE('',#3330);
#3330 = AXIS2_PLACEMENT_3D('',#3331,#3332,#3333);
#3331 = CARTESIAN_POINT('',(4.255041787791,-10.2,94.4));
#3332 = DIRECTION('',(-1.,0.,0.));
#3333 = DIRECTION('',(0.,1.,0.));
#3334 = ADVANCED_FACE('',(#3335),#3360,.F.);
#3335 = FACE_BOUND('',#3336,.F.);
#3336 = EDGE_LOOP('',(#3337,#3345,#3346,#3354));
#3337 = ORIENTED_EDGE('',*,*,#3338,.T.);
#3338 = EDGE_CURVE('',#3339,#1117,#3341,.T.);
#3339 = VERTEX_POINT('',#3340);
#3340 = CARTESIAN_POINT('',(-5.403070494186,10.229069767442,94.4));
#3341 = LINE('',#3342,#3343);
#3342 = CARTESIAN_POINT('',(-5.403070494186,10.229069767442,94.4));
#3343 = VECTOR('',#3344,1.);
#3344 = DIRECTION('',(0.,0.,1.));
#3345 = ORIENTED_EDGE('',*,*,#1116,.T.);
#3346 = ORIENTED_EDGE('',*,*,#3347,.F.);
#3347 = EDGE_CURVE('',#3348,#1119,#3350,.T.);
#3348 = VERTEX_POINT('',#3349);
#3349 = CARTESIAN_POINT('',(-5.403070494186,5.2,94.4));
#3350 = LINE('',#3351,#3352);
#3351 = CARTESIAN_POINT('',(-5.403070494186,5.2,94.4));
#3352 = VECTOR('',#3353,1.);
#3353 = DIRECTION('',(0.,0.,1.));
#3354 = ORIENTED_EDGE('',*,*,#3355,.F.);
#3355 = EDGE_CURVE('',#3339,#3348,#3356,.T.);
#3356 = LINE('',#3357,#3358);
#3357 = CARTESIAN_POINT('',(-5.403070494186,10.229069767442,94.4));
#3358 = VECTOR('',#3359,1.);
#3359 = DIRECTION('',(0.,-1.,0.));
#3360 = PLANE('',#3361);
#3361 = AXIS2_PLACEMENT_3D('',#3362,#3363,#3364);
#3362 = CARTESIAN_POINT('',(-5.403070494186,10.229069767442,94.4));
#3363 = DIRECTION('',(1.,0.,0.));
#3364 = DIRECTION('',(0.,-1.,0.));
#3365 = ADVANCED_FACE('',(#3366),#3384,.F.);
#3366 = FACE_BOUND('',#3367,.F.);
#3367 = EDGE_LOOP('',(#3368,#3376,#3377,#3378));
#3368 = ORIENTED_EDGE('',*,*,#3369,.T.);
#3369 = EDGE_CURVE('',#3370,#1167,#3372,.T.);
#3370 = VERTEX_POINT('',#3371);
#3371 = CARTESIAN_POINT('',(-6.179778343023,10.229069767442,94.4));
#3372 = LINE('',#3373,#3374);
#3373 = CARTESIAN_POINT('',(-6.179778343023,10.229069767442,94.4));
#3374 = VECTOR('',#3375,1.);
#3375 = DIRECTION('',(0.,0.,1.));
#3376 = ORIENTED_EDGE('',*,*,#1174,.T.);
#3377 = ORIENTED_EDGE('',*,*,#3338,.F.);
#3378 = ORIENTED_EDGE('',*,*,#3379,.F.);
#3379 = EDGE_CURVE('',#3370,#3339,#3380,.T.);
#3380 = LINE('',#3381,#3382);
#3381 = CARTESIAN_POINT('',(-6.179778343023,10.229069767442,94.4));
#3382 = VECTOR('',#3383,1.);
#3383 = DIRECTION('',(1.,0.,0.));
#3384 = PLANE('',#3385);
#3385 = AXIS2_PLACEMENT_3D('',#3386,#3387,#3388);
#3386 = CARTESIAN_POINT('',(-6.179778343023,10.229069767442,94.4));
#3387 = DIRECTION('',(0.,1.,0.));
#3388 = DIRECTION('',(1.,0.,0.));
#3389 = ADVANCED_FACE('',(#3390),#3408,.F.);
#3390 = FACE_BOUND('',#3391,.F.);
#3391 = EDGE_LOOP('',(#3392,#3400,#3401,#3402));
#3392 = ORIENTED_EDGE('',*,*,#3393,.T.);
#3393 = EDGE_CURVE('',#3394,#1159,#3396,.T.);
#3394 = VERTEX_POINT('',#3395);
#3395 = CARTESIAN_POINT('',(-6.782748909884,9.429651162791,94.4));
#3396 = LINE('',#3397,#3398);
#3397 = CARTESIAN_POINT('',(-6.782748909884,9.429651162791,94.4));
#3398 = VECTOR('',#3399,1.);
#3399 = DIRECTION('',(0.,0.,1.));
#3400 = ORIENTED_EDGE('',*,*,#1166,.T.);
#3401 = ORIENTED_EDGE('',*,*,#3369,.F.);
#3402 = ORIENTED_EDGE('',*,*,#3403,.F.);
#3403 = EDGE_CURVE('',#3394,#3370,#3404,.T.);
#3404 = B_SPLINE_CURVE_WITH_KNOTS('',2,(#3405,#3406,#3407),
  .UNSPECIFIED.,.F.,.F.,(3,3),(0.,1.),.PIECEWISE_BEZIER_KNOTS.);
#3405 = CARTESIAN_POINT('',(-6.782748909884,9.429651162791,94.4));
#3406 = CARTESIAN_POINT('',(-6.343295784884,9.772356468023,94.4));
#3407 = CARTESIAN_POINT('',(-6.179778343023,10.229069767442,94.4));
#3408 = SURFACE_OF_LINEAR_EXTRUSION('',#3409,#3413);
#3409 = B_SPLINE_CURVE_WITH_KNOTS('',2,(#3410,#3411,#3412),
  .UNSPECIFIED.,.F.,.F.,(3,3),(0.,1.),.PIECEWISE_BEZIER_KNOTS.);
#3410 = CARTESIAN_POINT('',(-6.782748909884,9.429651162791,94.4));
#3411 = CARTESIAN_POINT('',(-6.343295784884,9.772356468023,94.4));
#3412 = CARTESIAN_POINT('',(-6.179778343023,10.229069767442,94.4));
#3413 = VECTOR('',#3414,1.);
#3414 = DIRECTION('',(-0.,-0.,-1.));
#3415 = ADVANCED_FACE('',(#3416),#3434,.F.);
#3416 = FACE_BOUND('',#3417,.F.);
#3417 = EDGE_LOOP('',(#3418,#3426,#3427,#3428));
#3418 = ORIENTED_EDGE('',*,*,#3419,.T.);
#3419 = EDGE_CURVE('',#3420,#1151,#3422,.T.);
#3420 = VERTEX_POINT('',#3421);
#3421 = CARTESIAN_POINT('',(-7.596929505814,8.964534883721,94.4));
#3422 = LINE('',#3423,#3424);
#3423 = CARTESIAN_POINT('',(-7.596929505814,8.964534883721,94.4));
#3424 = VECTOR('',#3425,1.);
#3425 = DIRECTION('',(0.,0.,1.));
#3426 = ORIENTED_EDGE('',*,*,#1158,.T.);
#3427 = ORIENTED_EDGE('',*,*,#3393,.F.);
#3428 = ORIENTED_EDGE('',*,*,#3429,.F.);
#3429 = EDGE_CURVE('',#3420,#3394,#3430,.T.);
#3430 = B_SPLINE_CURVE_WITH_KNOTS('',2,(#3431,#3432,#3433),
  .UNSPECIFIED.,.F.,.F.,(3,3),(0.,1.),.PIECEWISE_BEZIER_KNOTS.);
#3431 = CARTESIAN_POINT('',(-7.596929505814,8.964534883721,94.4));
#3432 = CARTESIAN_POINT('',(-7.222202034884,9.087172965116,94.4));
#3433 = CARTESIAN_POINT('',(-6.782748909884,9.429651162791,94.4));
#3434 = SURFACE_OF_LINEAR_EXTRUSION('',#3435,#3439);
#3435 = B_SPLINE_CURVE_WITH_KNOTS('',2,(#3436,#3437,#3438),
  .UNSPECIFIED.,.F.,.F.,(3,3),(0.,1.),.PIECEWISE_BEZIER_KNOTS.);
#3436 = CARTESIAN_POINT('',(-7.596929505814,8.964534883721,94.4));
#3437 = CARTESIAN_POINT('',(-7.222202034884,9.087172965116,94.4));
#3438 = CARTESIAN_POINT('',(-6.782748909884,9.429651162791,94.4));
#3439 = VECTOR('',#3440,1.);
#3440 = DIRECTION('',(-0.,-0.,-1.));
#3441 = ADVANCED_FACE('',(#3442),#3460,.F.);
#3442 = FACE_BOUND('',#3443,.F.);
#3443 = EDGE_LOOP('',(#3444,#3452,#3453,#3454));
#3444 = ORIENTED_EDGE('',*,*,#3445,.T.);
#3445 = EDGE_CURVE('',#3446,#1143,#3448,.T.);
#3446 = VERTEX_POINT('',#3447);
#3447 = CARTESIAN_POINT('',(-7.596929505814,8.092441860465,94.4));
#3448 = LINE('',#3449,#3450);
#3449 = CARTESIAN_POINT('',(-7.596929505814,8.092441860465,94.4));
#3450 = VECTOR('',#3451,1.);
#3451 = DIRECTION('',(0.,0.,1.));
#3452 = ORIENTED_EDGE('',*,*,#1150,.T.);
#3453 = ORIENTED_EDGE('',*,*,#3419,.F.);
#3454 = ORIENTED_EDGE('',*,*,#3455,.F.);
#3455 = EDGE_CURVE('',#3446,#3420,#3456,.T.);
#3456 = LINE('',#3457,#3458);
#3457 = CARTESIAN_POINT('',(-7.596929505814,8.092441860465,94.4));
#3458 = VECTOR('',#3459,1.);
#3459 = DIRECTION('',(0.,1.,0.));
#3460 = PLANE('',#3461);
#3461 = AXIS2_PLACEMENT_3D('',#3462,#3463,#3464);
#3462 = CARTESIAN_POINT('',(-7.596929505814,8.092441860465,94.4));
#3463 = DIRECTION('',(-1.,0.,0.));
#3464 = DIRECTION('',(0.,1.,0.));
#3465 = ADVANCED_FACE('',(#3466),#3484,.F.);
#3466 = FACE_BOUND('',#3467,.F.);
#3467 = EDGE_LOOP('',(#3468,#3476,#3477,#3478));
#3468 = ORIENTED_EDGE('',*,*,#3469,.T.);
#3469 = EDGE_CURVE('',#3470,#1135,#3472,.T.);
#3470 = VERTEX_POINT('',#3471);
#3471 = CARTESIAN_POINT('',(-6.360328851744,8.821002906977,94.4));
#3472 = LINE('',#3473,#3474);
#3473 = CARTESIAN_POINT('',(-6.360328851744,8.821002906977,94.4));
#3474 = VECTOR('',#3475,1.);
#3475 = DIRECTION('',(0.,0.,1.));
#3476 = ORIENTED_EDGE('',*,*,#1142,.T.);
#3477 = ORIENTED_EDGE('',*,*,#3445,.F.);
#3478 = ORIENTED_EDGE('',*,*,#3479,.F.);
#3479 = EDGE_CURVE('',#3470,#3446,#3480,.T.);
#3480 = B_SPLINE_CURVE_WITH_KNOTS('',2,(#3481,#3482,#3483),
  .UNSPECIFIED.,.F.,.F.,(3,3),(0.,1.),.PIECEWISE_BEZIER_KNOTS.);
#3481 = CARTESIAN_POINT('',(-6.360328851744,8.821002906977,94.4));
#3482 = CARTESIAN_POINT('',(-6.884947311047,8.328406613372,94.4));
#3483 = CARTESIAN_POINT('',(-7.596929505814,8.092441860465,94.4));
#3484 = SURFACE_OF_LINEAR_EXTRUSION('',#3485,#3489);
#3485 = B_SPLINE_CURVE_WITH_KNOTS('',2,(#3486,#3487,#3488),
  .UNSPECIFIED.,.F.,.F.,(3,3),(0.,1.),.PIECEWISE_BEZIER_KNOTS.);
#3486 = CARTESIAN_POINT('',(-6.360328851744,8.821002906977,94.4));
#3487 = CARTESIAN_POINT('',(-6.884947311047,8.328406613372,94.4));
#3488 = CARTESIAN_POINT('',(-7.596929505814,8.092441860465,94.4));
#3489 = VECTOR('',#3490,1.);
#3490 = DIRECTION('',(-0.,-0.,-1.));
#3491 = ADVANCED_FACE('',(#3492),#3510,.F.);
#3492 = FACE_BOUND('',#3493,.F.);
#3493 = EDGE_LOOP('',(#3494,#3502,#3503,#3504));
#3494 = ORIENTED_EDGE('',*,*,#3495,.T.);
#3495 = EDGE_CURVE('',#3496,#1127,#3498,.T.);
#3496 = VERTEX_POINT('',#3497);
#3497 = CARTESIAN_POINT('',(-6.360328851744,5.2,94.4));
#3498 = LINE('',#3499,#3500);
#3499 = CARTESIAN_POINT('',(-6.360328851744,5.2,94.4));
#3500 = VECTOR('',#3501,1.);
#3501 = DIRECTION('',(0.,0.,1.));
#3502 = ORIENTED_EDGE('',*,*,#1134,.T.);
#3503 = ORIENTED_EDGE('',*,*,#3469,.F.);
#3504 = ORIENTED_EDGE('',*,*,#3505,.F.);
#3505 = EDGE_CURVE('',#3496,#3470,#3506,.T.);
#3506 = LINE('',#3507,#3508);
#3507 = CARTESIAN_POINT('',(-6.360328851744,5.2,94.4));
#3508 = VECTOR('',#3509,1.);
#3509 = DIRECTION('',(0.,1.,0.));
#3510 = PLANE('',#3511);
#3511 = AXIS2_PLACEMENT_3D('',#3512,#3513,#3514);
#3512 = CARTESIAN_POINT('',(-6.360328851744,5.2,94.4));
#3513 = DIRECTION('',(-1.,0.,0.));
#3514 = DIRECTION('',(0.,1.,0.));
#3515 = ADVANCED_FACE('',(#3516),#3527,.F.);
#3516 = FACE_BOUND('',#3517,.F.);
#3517 = EDGE_LOOP('',(#3518,#3519,#3520,#3521));
#3518 = ORIENTED_EDGE('',*,*,#3347,.T.);
#3519 = ORIENTED_EDGE('',*,*,#1126,.T.);
#3520 = ORIENTED_EDGE('',*,*,#3495,.F.);
#3521 = ORIENTED_EDGE('',*,*,#3522,.F.);
#3522 = EDGE_CURVE('',#3348,#3496,#3523,.T.);
#3523 = LINE('',#3524,#3525);
#3524 = CARTESIAN_POINT('',(-5.403070494186,5.2,94.4));
#3525 = VECTOR('',#3526,1.);
#3526 = DIRECTION('',(-1.,0.,0.));
#3527 = PLANE('',#3528);
#3528 = AXIS2_PLACEMENT_3D('',#3529,#3530,#3531);
#3529 = CARTESIAN_POINT('',(-5.403070494186,5.2,94.4));
#3530 = DIRECTION('',(0.,-1.,0.));
#3531 = DIRECTION('',(-1.,0.,0.));
#3532 = ADVANCED_FACE('',(#3533),#3558,.F.);
#3533 = FACE_BOUND('',#3534,.F.);
#3534 = EDGE_LOOP('',(#3535,#3543,#3544,#3552));
#3535 = ORIENTED_EDGE('',*,*,#3536,.T.);
#3536 = EDGE_CURVE('',#3537,#1183,#3539,.T.);
#3537 = VERTEX_POINT('',#3538);
#3538 = CARTESIAN_POINT('',(-1.141215479651,5.503869912791,94.4));
#3539 = LINE('',#3540,#3541);
#3540 = CARTESIAN_POINT('',(-1.141215479651,5.503869912791,94.4));
#3541 = VECTOR('',#3542,1.);
#3542 = DIRECTION('',(0.,0.,1.));
#3543 = ORIENTED_EDGE('',*,*,#1182,.T.);
#3544 = ORIENTED_EDGE('',*,*,#3545,.F.);
#3545 = EDGE_CURVE('',#3546,#1185,#3548,.T.);
#3546 = VERTEX_POINT('',#3547);
#3547 = CARTESIAN_POINT('',(-1.659020712209,6.526989462209,94.4));
#3548 = LINE('',#3549,#3550);
#3549 = CARTESIAN_POINT('',(-1.659020712209,6.526989462209,94.4));
#3550 = VECTOR('',#3551,1.);
#3551 = DIRECTION('',(0.,0.,1.));
#3552 = ORIENTED_EDGE('',*,*,#3553,.F.);
#3553 = EDGE_CURVE('',#3537,#3546,#3554,.T.);
#3554 = B_SPLINE_CURVE_WITH_KNOTS('',2,(#3555,#3556,#3557),
  .UNSPECIFIED.,.F.,.F.,(3,3),(0.,1.),.PIECEWISE_BEZIER_KNOTS.);
#3555 = CARTESIAN_POINT('',(-1.141215479651,5.503869912791,94.4));
#3556 = CARTESIAN_POINT('',(-1.587481831395,5.894949127907,94.4));
#3557 = CARTESIAN_POINT('',(-1.659020712209,6.526989462209,94.4));
#3558 = SURFACE_OF_LINEAR_EXTRUSION('',#3559,#3563);
#3559 = B_SPLINE_CURVE_WITH_KNOTS('',2,(#3560,#3561,#3562),
  .UNSPECIFIED.,.F.,.F.,(3,3),(0.,1.),.PIECEWISE_BEZIER_KNOTS.);
#3560 = CARTESIAN_POINT('',(-1.141215479651,5.503869912791,94.4));
#3561 = CARTESIAN_POINT('',(-1.587481831395,5.894949127907,94.4));
#3562 = CARTESIAN_POINT('',(-1.659020712209,6.526989462209,94.4));
#3563 = VECTOR('',#3564,1.);
#3564 = DIRECTION('',(-0.,-0.,-1.));
#3565 = ADVANCED_FACE('',(#3566),#3584,.F.);
#3566 = FACE_BOUND('',#3567,.F.);
#3567 = EDGE_LOOP('',(#3568,#3576,#3577,#3578));
#3568 = ORIENTED_EDGE('',*,*,#3569,.T.);
#3569 = EDGE_CURVE('',#3570,#1393,#3572,.T.);
#3570 = VERTEX_POINT('',#3571);
#3571 = CARTESIAN_POINT('',(-1.703306686047E-02,5.112790697674,94.4));
#3572 = LINE('',#3573,#3574);
#3573 = CARTESIAN_POINT('',(-1.703306686046E-02,5.112790697674,94.4));
#3574 = VECTOR('',#3575,1.);
#3575 = DIRECTION('',(0.,0.,1.));
#3576 = ORIENTED_EDGE('',*,*,#1400,.T.);
#3577 = ORIENTED_EDGE('',*,*,#3536,.F.);
#3578 = ORIENTED_EDGE('',*,*,#3579,.F.);
#3579 = EDGE_CURVE('',#3570,#3537,#3580,.T.);
#3580 = B_SPLINE_CURVE_WITH_KNOTS('',2,(#3581,#3582,#3583),
  .UNSPECIFIED.,.F.,.F.,(3,3),(0.,1.),.PIECEWISE_BEZIER_KNOTS.);
#3581 = CARTESIAN_POINT('',(-1.703306686046E-02,5.112790697674,94.4));
#3582 = CARTESIAN_POINT('',(-0.694949127907,5.112790697674,94.4));
#3583 = CARTESIAN_POINT('',(-1.141215479651,5.503869912791,94.4));
#3584 = SURFACE_OF_LINEAR_EXTRUSION('',#3585,#3589);
#3585 = B_SPLINE_CURVE_WITH_KNOTS('',2,(#3586,#3587,#3588),
  .UNSPECIFIED.,.F.,.F.,(3,3),(0.,1.),.PIECEWISE_BEZIER_KNOTS.);
#3586 = CARTESIAN_POINT('',(-1.703306686046E-02,5.112790697674,94.4));
#3587 = CARTESIAN_POINT('',(-0.694949127907,5.112790697674,94.4));
#3588 = CARTESIAN_POINT('',(-1.141215479651,5.503869912791,94.4));
#3589 = VECTOR('',#3590,1.);
#3590 = DIRECTION('',(-0.,-0.,-1.));
#3591 = ADVANCED_FACE('',(#3592),#3610,.F.);
#3592 = FACE_BOUND('',#3593,.F.);
#3593 = EDGE_LOOP('',(#3594,#3602,#3603,#3604));
#3594 = ORIENTED_EDGE('',*,*,#3595,.T.);
#3595 = EDGE_CURVE('',#3596,#1385,#3598,.T.);
#3596 = VERTEX_POINT('',#3597);
#3597 = CARTESIAN_POINT('',(1.178688226744,5.57836119186,94.4));
#3598 = LINE('',#3599,#3600);
#3599 = CARTESIAN_POINT('',(1.178688226744,5.57836119186,94.4));
#3600 = VECTOR('',#3601,1.);
#3601 = DIRECTION('',(0.,0.,1.));
#3602 = ORIENTED_EDGE('',*,*,#1392,.T.);
#3603 = ORIENTED_EDGE('',*,*,#3569,.F.);
#3604 = ORIENTED_EDGE('',*,*,#3605,.F.);
#3605 = EDGE_CURVE('',#3596,#3570,#3606,.T.);
#3606 = B_SPLINE_CURVE_WITH_KNOTS('',2,(#3607,#3608,#3609),
  .UNSPECIFIED.,.F.,.F.,(3,3),(0.,1.),.PIECEWISE_BEZIER_KNOTS.);
#3607 = CARTESIAN_POINT('',(1.178688226744,5.57836119186,94.4));
#3608 = CARTESIAN_POINT('',(0.698355741279,5.112790697674,94.4));
#3609 = CARTESIAN_POINT('',(-1.703306686046E-02,5.112790697674,94.4));
#3610 = SURFACE_OF_LINEAR_EXTRUSION('',#3611,#3615);
#3611 = B_SPLINE_CURVE_WITH_KNOTS('',2,(#3612,#3613,#3614),
  .UNSPECIFIED.,.F.,.F.,(3,3),(0.,1.),.PIECEWISE_BEZIER_KNOTS.);
#3612 = CARTESIAN_POINT('',(1.178688226744,5.57836119186,94.4));
#3613 = CARTESIAN_POINT('',(0.698355741279,5.112790697674,94.4));
#3614 = CARTESIAN_POINT('',(-1.703306686046E-02,5.112790697674,94.4));
#3615 = VECTOR('',#3616,1.);
#3616 = DIRECTION('',(-0.,-0.,-1.));
#3617 = ADVANCED_FACE('',(#3618),#3636,.F.);
#3618 = FACE_BOUND('',#3619,.F.);
#3619 = EDGE_LOOP('',(#3620,#3628,#3629,#3630));
#3620 = ORIENTED_EDGE('',*,*,#3621,.T.);
#3621 = EDGE_CURVE('',#3622,#1377,#3624,.T.);
#3622 = VERTEX_POINT('',#3623);
#3623 = CARTESIAN_POINT('',(1.659020712209,6.704587572674,94.4));
#3624 = LINE('',#3625,#3626);
#3625 = CARTESIAN_POINT('',(1.659020712209,6.704587572674,94.4));
#3626 = VECTOR('',#3627,1.);
#3627 = DIRECTION('',(0.,0.,1.));
#3628 = ORIENTED_EDGE('',*,*,#1384,.T.);
#3629 = ORIENTED_EDGE('',*,*,#3595,.F.);
#3630 = ORIENTED_EDGE('',*,*,#3631,.F.);
#3631 = EDGE_CURVE('',#3622,#3596,#3632,.T.);
#3632 = B_SPLINE_CURVE_WITH_KNOTS('',2,(#3633,#3634,#3635),
  .UNSPECIFIED.,.F.,.F.,(3,3),(0.,1.),.PIECEWISE_BEZIER_KNOTS.);
#3633 = CARTESIAN_POINT('',(1.659020712209,6.704587572674,94.4));
#3634 = CARTESIAN_POINT('',(1.659020712209,6.043931686047,94.4));
#3635 = CARTESIAN_POINT('',(1.178688226744,5.57836119186,94.4));
#3636 = SURFACE_OF_LINEAR_EXTRUSION('',#3637,#3641);
#3637 = B_SPLINE_CURVE_WITH_KNOTS('',2,(#3638,#3639,#3640),
  .UNSPECIFIED.,.F.,.F.,(3,3),(0.,1.),.PIECEWISE_BEZIER_KNOTS.);
#3638 = CARTESIAN_POINT('',(1.659020712209,6.704587572674,94.4));
#3639 = CARTESIAN_POINT('',(1.659020712209,6.043931686047,94.4));
#3640 = CARTESIAN_POINT('',(1.178688226744,5.57836119186,94.4));
#3641 = VECTOR('',#3642,1.);
#3642 = DIRECTION('',(-0.,-0.,-1.));
#3643 = ADVANCED_FACE('',(#3644),#3662,.F.);
#3644 = FACE_BOUND('',#3645,.F.);
#3645 = EDGE_LOOP('',(#3646,#3654,#3655,#3656));
#3646 = ORIENTED_EDGE('',*,*,#3647,.T.);
#3647 = EDGE_CURVE('',#3648,#1369,#3650,.T.);
#3648 = VERTEX_POINT('',#3649);
#3649 = CARTESIAN_POINT('',(1.401707848837,7.48152252907,94.4));
#3650 = LINE('',#3651,#3652);
#3651 = CARTESIAN_POINT('',(1.401707848837,7.48152252907,94.4));
#3652 = VECTOR('',#3653,1.);
#3653 = DIRECTION('',(0.,0.,1.));
#3654 = ORIENTED_EDGE('',*,*,#1376,.T.);
#3655 = ORIENTED_EDGE('',*,*,#3621,.F.);
#3656 = ORIENTED_EDGE('',*,*,#3657,.F.);
#3657 = EDGE_CURVE('',#3648,#3622,#3658,.T.);
#3658 = B_SPLINE_CURVE_WITH_KNOTS('',2,(#3659,#3660,#3661),
  .UNSPECIFIED.,.F.,.F.,(3,3),(0.,1.),.PIECEWISE_BEZIER_KNOTS.);
#3659 = CARTESIAN_POINT('',(1.401707848837,7.48152252907,94.4));
#3660 = CARTESIAN_POINT('',(1.659020712209,7.159711119186,94.4));
#3661 = CARTESIAN_POINT('',(1.659020712209,6.704587572674,94.4));
#3662 = SURFACE_OF_LINEAR_EXTRUSION('',#3663,#3667);
#3663 = B_SPLINE_CURVE_WITH_KNOTS('',2,(#3664,#3665,#3666),
  .UNSPECIFIED.,.F.,.F.,(3,3),(0.,1.),.PIECEWISE_BEZIER_KNOTS.);
#3664 = CARTESIAN_POINT('',(1.401707848837,7.48152252907,94.4));
#3665 = CARTESIAN_POINT('',(1.659020712209,7.159711119186,94.4));
#3666 = CARTESIAN_POINT('',(1.659020712209,6.704587572674,94.4));
#3667 = VECTOR('',#3668,1.);
#3668 = DIRECTION('',(-0.,-0.,-1.));
#3669 = ADVANCED_FACE('',(#3670),#3688,.F.);
#3670 = FACE_BOUND('',#3671,.F.);
#3671 = EDGE_LOOP('',(#3672,#3680,#3681,#3682));
#3672 = ORIENTED_EDGE('',*,*,#3673,.T.);
#3673 = EDGE_CURVE('',#3674,#1361,#3676,.T.);
#3674 = VERTEX_POINT('',#3675);
#3675 = CARTESIAN_POINT('',(0.71538880814,7.895766715116,94.4));
#3676 = LINE('',#3677,#3678);
#3677 = CARTESIAN_POINT('',(0.71538880814,7.895766715116,94.4));
#3678 = VECTOR('',#3679,1.);
#3679 = DIRECTION('',(0.,0.,1.));
#3680 = ORIENTED_EDGE('',*,*,#1368,.T.);
#3681 = ORIENTED_EDGE('',*,*,#3647,.F.);
#3682 = ORIENTED_EDGE('',*,*,#3683,.F.);
#3683 = EDGE_CURVE('',#3674,#3648,#3684,.T.);
#3684 = B_SPLINE_CURVE_WITH_KNOTS('',2,(#3685,#3686,#3687),
  .UNSPECIFIED.,.F.,.F.,(3,3),(0.,1.),.PIECEWISE_BEZIER_KNOTS.);
#3685 = CARTESIAN_POINT('',(0.71538880814,7.895766715116,94.4));
#3686 = CARTESIAN_POINT('',(1.144622093023,7.803333938953,94.4));
#3687 = CARTESIAN_POINT('',(1.401707848837,7.48152252907,94.4));
#3688 = SURFACE_OF_LINEAR_EXTRUSION('',#3689,#3693);
#3689 = B_SPLINE_CURVE_WITH_KNOTS('',2,(#3690,#3691,#3692),
  .UNSPECIFIED.,.F.,.F.,(3,3),(0.,1.),.PIECEWISE_BEZIER_KNOTS.);
#3690 = CARTESIAN_POINT('',(0.71538880814,7.895766715116,94.4));
#3691 = CARTESIAN_POINT('',(1.144622093023,7.803333938953,94.4));
#3692 = CARTESIAN_POINT('',(1.401707848837,7.48152252907,94.4));
#3693 = VECTOR('',#3694,1.);
#3694 = DIRECTION('',(-0.,-0.,-1.));
#3695 = ADVANCED_FACE('',(#3696),#3714,.F.);
#3696 = FACE_BOUND('',#3697,.F.);
#3697 = EDGE_LOOP('',(#3698,#3706,#3707,#3708));
#3698 = ORIENTED_EDGE('',*,*,#3699,.T.);
#3699 = EDGE_CURVE('',#3700,#1353,#3702,.T.);
#3700 = VERTEX_POINT('',#3701);
#3701 = CARTESIAN_POINT('',(1.434184229651,8.94636627907,94.4));
#3702 = LINE('',#3703,#3704);
#3703 = CARTESIAN_POINT('',(1.434184229651,8.94636627907,94.4));
#3704 = VECTOR('',#3705,1.);
#3705 = DIRECTION('',(0.,0.,1.));
#3706 = ORIENTED_EDGE('',*,*,#1360,.T.);
#3707 = ORIENTED_EDGE('',*,*,#3673,.F.);
#3708 = ORIENTED_EDGE('',*,*,#3709,.F.);
#3709 = EDGE_CURVE('',#3700,#3674,#3710,.T.);
#3710 = B_SPLINE_CURVE_WITH_KNOTS('',2,(#3711,#3712,#3713),
  .UNSPECIFIED.,.F.,.F.,(3,3),(0.,1.),.PIECEWISE_BEZIER_KNOTS.);
#3711 = CARTESIAN_POINT('',(1.434184229651,8.94636627907,94.4));
#3712 = CARTESIAN_POINT('',(1.434184229651,8.287981468023,94.4));
#3713 = CARTESIAN_POINT('',(0.71538880814,7.895766715116,94.4));
#3714 = SURFACE_OF_LINEAR_EXTRUSION('',#3715,#3719);
#3715 = B_SPLINE_CURVE_WITH_KNOTS('',2,(#3716,#3717,#3718),
  .UNSPECIFIED.,.F.,.F.,(3,3),(0.,1.),.PIECEWISE_BEZIER_KNOTS.);
#3716 = CARTESIAN_POINT('',(1.434184229651,8.94636627907,94.4));
#3717 = CARTESIAN_POINT('',(1.434184229651,8.287981468023,94.4));
#3718 = CARTESIAN_POINT('',(0.71538880814,7.895766715116,94.4));
#3719 = VECTOR('',#3720,1.);
#3720 = DIRECTION('',(-0.,-0.,-1.));
#3721 = ADVANCED_FACE('',(#3722),#3740,.F.);
#3722 = FACE_BOUND('',#3723,.F.);
#3723 = EDGE_LOOP('',(#3724,#3732,#3733,#3734));
#3724 = ORIENTED_EDGE('',*,*,#3725,.T.);
#3725 = EDGE_CURVE('',#3726,#1345,#3728,.T.);
#3726 = VERTEX_POINT('',#3727);
#3727 = CARTESIAN_POINT('',(1.083303052326,9.778715479651,94.4));
#3728 = LINE('',#3729,#3730);
#3729 = CARTESIAN_POINT('',(1.083303052326,9.778715479651,94.4));
#3730 = VECTOR('',#3731,1.);
#3731 = DIRECTION('',(0.,0.,1.));
#3732 = ORIENTED_EDGE('',*,*,#1352,.T.);
#3733 = ORIENTED_EDGE('',*,*,#3699,.F.);
#3734 = ORIENTED_EDGE('',*,*,#3735,.F.);
#3735 = EDGE_CURVE('',#3726,#3700,#3736,.T.);
#3736 = B_SPLINE_CURVE_WITH_KNOTS('',2,(#3737,#3738,#3739),
  .UNSPECIFIED.,.F.,.F.,(3,3),(0.,1.),.PIECEWISE_BEZIER_KNOTS.);
#3737 = CARTESIAN_POINT('',(1.083303052326,9.778715479651,94.4));
#3738 = CARTESIAN_POINT('',(1.434184229651,9.410347020349,94.4));
#3739 = CARTESIAN_POINT('',(1.434184229651,8.94636627907,94.4));
#3740 = SURFACE_OF_LINEAR_EXTRUSION('',#3741,#3745);
#3741 = B_SPLINE_CURVE_WITH_KNOTS('',2,(#3742,#3743,#3744),
  .UNSPECIFIED.,.F.,.F.,(3,3),(0.,1.),.PIECEWISE_BEZIER_KNOTS.);
#3742 = CARTESIAN_POINT('',(1.083303052326,9.778715479651,94.4));
#3743 = CARTESIAN_POINT('',(1.434184229651,9.410347020349,94.4));
#3744 = CARTESIAN_POINT('',(1.434184229651,8.94636627907,94.4));
#3745 = VECTOR('',#3746,1.);
#3746 = DIRECTION('',(-0.,-0.,-1.));
#3747 = ADVANCED_FACE('',(#3748),#3766,.F.);
#3748 = FACE_BOUND('',#3749,.F.);
#3749 = EDGE_LOOP('',(#3750,#3758,#3759,#3760));
#3750 = ORIENTED_EDGE('',*,*,#3751,.T.);
#3751 = EDGE_CURVE('',#3752,#1337,#3754,.T.);
#3752 = VERTEX_POINT('',#3753);
#3753 = CARTESIAN_POINT('',(-4.76925872093E-02,10.229069767442,94.4));
#3754 = LINE('',#3755,#3756);
#3755 = CARTESIAN_POINT('',(-4.76925872093E-02,10.229069767442,94.4));
#3756 = VECTOR('',#3757,1.);
#3757 = DIRECTION('',(0.,0.,1.));
#3758 = ORIENTED_EDGE('',*,*,#1344,.T.);
#3759 = ORIENTED_EDGE('',*,*,#3725,.F.);
#3760 = ORIENTED_EDGE('',*,*,#3761,.F.);
#3761 = EDGE_CURVE('',#3752,#3726,#3762,.T.);
#3762 = B_SPLINE_CURVE_WITH_KNOTS('',2,(#3763,#3764,#3765),
  .UNSPECIFIED.,.F.,.F.,(3,3),(0.,1.),.PIECEWISE_BEZIER_KNOTS.);
#3763 = CARTESIAN_POINT('',(-4.76925872093E-02,10.229069767442,94.4));
#3764 = CARTESIAN_POINT('',(0.657476380814,10.229069767442,94.4));
#3765 = CARTESIAN_POINT('',(1.083303052326,9.778715479651,94.4));
#3766 = SURFACE_OF_LINEAR_EXTRUSION('',#3767,#3771);
#3767 = B_SPLINE_CURVE_WITH_KNOTS('',2,(#3768,#3769,#3770),
  .UNSPECIFIED.,.F.,.F.,(3,3),(0.,1.),.PIECEWISE_BEZIER_KNOTS.);
#3768 = CARTESIAN_POINT('',(-4.76925872093E-02,10.229069767442,94.4));
#3769 = CARTESIAN_POINT('',(0.657476380814,10.229069767442,94.4));
#3770 = CARTESIAN_POINT('',(1.083303052326,9.778715479651,94.4));
#3771 = VECTOR('',#3772,1.);
#3772 = DIRECTION('',(-0.,-0.,-1.));
#3773 = ADVANCED_FACE('',(#3774),#3792,.F.);
#3774 = FACE_BOUND('',#3775,.F.);
#3775 = EDGE_LOOP('',(#3776,#3784,#3785,#3786));
#3776 = ORIENTED_EDGE('',*,*,#3777,.T.);
#3777 = EDGE_CURVE('',#3778,#1329,#3780,.T.);
#3778 = VERTEX_POINT('',#3779);
#3779 = CARTESIAN_POINT('',(-0.792151162791,10.072365552326,94.4));
#3780 = LINE('',#3781,#3782);
#3781 = CARTESIAN_POINT('',(-0.792151162791,10.072365552326,94.4));
#3782 = VECTOR('',#3783,1.);
#3783 = DIRECTION('',(0.,0.,1.));
#3784 = ORIENTED_EDGE('',*,*,#1336,.T.);
#3785 = ORIENTED_EDGE('',*,*,#3751,.F.);
#3786 = ORIENTED_EDGE('',*,*,#3787,.F.);
#3787 = EDGE_CURVE('',#3778,#3752,#3788,.T.);
#3788 = B_SPLINE_CURVE_WITH_KNOTS('',2,(#3789,#3790,#3791),
  .UNSPECIFIED.,.F.,.F.,(3,3),(0.,1.),.PIECEWISE_BEZIER_KNOTS.);
#3789 = CARTESIAN_POINT('',(-0.792151162791,10.072365552326,94.4));
#3790 = CARTESIAN_POINT('',(-0.459892805233,10.229069767442,94.4));
#3791 = CARTESIAN_POINT('',(-4.76925872093E-02,10.229069767442,94.4));
#3792 = SURFACE_OF_LINEAR_EXTRUSION('',#3793,#3797);
#3793 = B_SPLINE_CURVE_WITH_KNOTS('',2,(#3794,#3795,#3796),
  .UNSPECIFIED.,.F.,.F.,(3,3),(0.,1.),.PIECEWISE_BEZIER_KNOTS.);
#3794 = CARTESIAN_POINT('',(-0.792151162791,10.072365552326,94.4));
#3795 = CARTESIAN_POINT('',(-0.459892805233,10.229069767442,94.4));
#3796 = CARTESIAN_POINT('',(-4.76925872093E-02,10.229069767442,94.4));
#3797 = VECTOR('',#3798,1.);
#3798 = DIRECTION('',(-0.,-0.,-1.));
#3799 = ADVANCED_FACE('',(#3800),#3818,.F.);
#3800 = FACE_BOUND('',#3801,.F.);
#3801 = EDGE_LOOP('',(#3802,#3810,#3811,#3812));
#3802 = ORIENTED_EDGE('',*,*,#3803,.T.);
#3803 = EDGE_CURVE('',#3804,#1321,#3806,.T.);
#3804 = VERTEX_POINT('',#3805);
#3805 = CARTESIAN_POINT('',(-1.309956395349,9.642223837209,94.4));
#3806 = LINE('',#3807,#3808);
#3807 = CARTESIAN_POINT('',(-1.309956395349,9.642223837209,94.4));
#3808 = VECTOR('',#3809,1.);
#3809 = DIRECTION('',(0.,0.,1.));
#3810 = ORIENTED_EDGE('',*,*,#1328,.T.);
#3811 = ORIENTED_EDGE('',*,*,#3777,.F.);
#3812 = ORIENTED_EDGE('',*,*,#3813,.F.);
#3813 = EDGE_CURVE('',#3804,#3778,#3814,.T.);
#3814 = B_SPLINE_CURVE_WITH_KNOTS('',2,(#3815,#3816,#3817),
  .UNSPECIFIED.,.F.,.F.,(3,3),(0.,1.),.PIECEWISE_BEZIER_KNOTS.);
#3815 = CARTESIAN_POINT('',(-1.309956395349,9.642223837209,94.4));
#3816 = CARTESIAN_POINT('',(-1.124182412791,9.915888444767,94.4));
#3817 = CARTESIAN_POINT('',(-0.792151162791,10.072365552326,94.4));
#3818 = SURFACE_OF_LINEAR_EXTRUSION('',#3819,#3823);
#3819 = B_SPLINE_CURVE_WITH_KNOTS('',2,(#3820,#3821,#3822),
  .UNSPECIFIED.,.F.,.F.,(3,3),(0.,1.),.PIECEWISE_BEZIER_KNOTS.);
#3820 = CARTESIAN_POINT('',(-1.309956395349,9.642223837209,94.4));
#3821 = CARTESIAN_POINT('',(-1.124182412791,9.915888444767,94.4));
#3822 = CARTESIAN_POINT('',(-0.792151162791,10.072365552326,94.4));
#3823 = VECTOR('',#3824,1.);
#3824 = DIRECTION('',(-0.,-0.,-1.));
#3825 = ADVANCED_FACE('',(#3826),#3844,.F.);
#3826 = FACE_BOUND('',#3827,.F.);
#3827 = EDGE_LOOP('',(#3828,#3836,#3837,#3838));
#3828 = ORIENTED_EDGE('',*,*,#3829,.T.);
#3829 = EDGE_CURVE('',#3830,#1313,#3832,.T.);
#3830 = VERTEX_POINT('',#3831);
#3831 = CARTESIAN_POINT('',(-1.587481831395,8.911164607558,94.4));
#3832 = LINE('',#3833,#3834);
#3833 = CARTESIAN_POINT('',(-1.587481831395,8.911164607558,94.4));
#3834 = VECTOR('',#3835,1.);
#3835 = DIRECTION('',(0.,0.,1.));
#3836 = ORIENTED_EDGE('',*,*,#1320,.T.);
#3837 = ORIENTED_EDGE('',*,*,#3803,.F.);
#3838 = ORIENTED_EDGE('',*,*,#3839,.F.);
#3839 = EDGE_CURVE('',#3830,#3804,#3840,.T.);
#3840 = B_SPLINE_CURVE_WITH_KNOTS('',2,(#3841,#3842,#3843),
  .UNSPECIFIED.,.F.,.F.,(3,3),(0.,1.),.PIECEWISE_BEZIER_KNOTS.);
#3841 = CARTESIAN_POINT('',(-1.587481831395,8.911164607558,94.4));
#3842 = CARTESIAN_POINT('',(-1.495503270349,9.368786337209,94.4));
#3843 = CARTESIAN_POINT('',(-1.309956395349,9.642223837209,94.4));
#3844 = SURFACE_OF_LINEAR_EXTRUSION('',#3845,#3849);
#3845 = B_SPLINE_CURVE_WITH_KNOTS('',2,(#3846,#3847,#3848),
  .UNSPECIFIED.,.F.,.F.,(3,3),(0.,1.),.PIECEWISE_BEZIER_KNOTS.);
#3846 = CARTESIAN_POINT('',(-1.587481831395,8.911164607558,94.4));
#3847 = CARTESIAN_POINT('',(-1.495503270349,9.368786337209,94.4));
#3848 = CARTESIAN_POINT('',(-1.309956395349,9.642223837209,94.4));
#3849 = VECTOR('',#3850,1.);
#3850 = DIRECTION('',(-0.,-0.,-1.));
#3851 = ADVANCED_FACE('',(#3852),#3870,.F.);
#3852 = FACE_BOUND('',#3853,.F.);
#3853 = EDGE_LOOP('',(#3854,#3862,#3863,#3864));
#3854 = ORIENTED_EDGE('',*,*,#3855,.T.);
#3855 = EDGE_CURVE('',#3856,#1305,#3858,.T.);
#3856 = VERTEX_POINT('',#3857);
#3857 = CARTESIAN_POINT('',(-0.705168968023,8.761046511628,94.4));
#3858 = LINE('',#3859,#3860);
#3859 = CARTESIAN_POINT('',(-0.705168968023,8.761046511628,94.4));
#3860 = VECTOR('',#3861,1.);
#3861 = DIRECTION('',(0.,0.,1.));
#3862 = ORIENTED_EDGE('',*,*,#1312,.T.);
#3863 = ORIENTED_EDGE('',*,*,#3829,.F.);
#3864 = ORIENTED_EDGE('',*,*,#3865,.F.);
#3865 = EDGE_CURVE('',#3856,#3830,#3866,.T.);
#3866 = LINE('',#3867,#3868);
#3867 = CARTESIAN_POINT('',(-0.705168968023,8.761046511628,94.4));
#3868 = VECTOR('',#3869,1.);
#3869 = DIRECTION('',(-0.985832777796,0.167731136711,0.));
#3870 = PLANE('',#3871);
#3871 = AXIS2_PLACEMENT_3D('',#3872,#3873,#3874);
#3872 = CARTESIAN_POINT('',(-0.705168968023,8.761046511628,94.4));
#3873 = DIRECTION('',(-0.167731136711,-0.985832777796,0.));
#3874 = DIRECTION('',(-0.985832777796,0.167731136711,0.));
#3875 = ADVANCED_FACE('',(#3876),#3894,.F.);
#3876 = FACE_BOUND('',#3877,.F.);
#3877 = EDGE_LOOP('',(#3878,#3886,#3887,#3888));
#3878 = ORIENTED_EDGE('',*,*,#3879,.T.);
#3879 = EDGE_CURVE('',#3880,#1297,#3882,.T.);
#3880 = VERTEX_POINT('',#3881);
#3881 = CARTESIAN_POINT('',(-0.493958938953,9.259093386628,94.4));
#3882 = LINE('',#3883,#3884);
#3883 = CARTESIAN_POINT('',(-0.493958938953,9.259093386628,94.4));
#3884 = VECTOR('',#3885,1.);
#3885 = DIRECTION('',(0.,0.,1.));
#3886 = ORIENTED_EDGE('',*,*,#1304,.T.);
#3887 = ORIENTED_EDGE('',*,*,#3855,.F.);
#3888 = ORIENTED_EDGE('',*,*,#3889,.F.);
#3889 = EDGE_CURVE('',#3880,#3856,#3890,.T.);
#3890 = B_SPLINE_CURVE_WITH_KNOTS('',2,(#3891,#3892,#3893),
  .UNSPECIFIED.,.F.,.F.,(3,3),(0.,1.),.PIECEWISE_BEZIER_KNOTS.);
#3891 = CARTESIAN_POINT('',(-0.493958938953,9.259093386628,94.4));
#3892 = CARTESIAN_POINT('',(-0.66769622093,9.088535610465,94.4));
#3893 = CARTESIAN_POINT('',(-0.705168968023,8.761046511628,94.4));
#3894 = SURFACE_OF_LINEAR_EXTRUSION('',#3895,#3899);
#3895 = B_SPLINE_CURVE_WITH_KNOTS('',2,(#3896,#3897,#3898),
  .UNSPECIFIED.,.F.,.F.,(3,3),(0.,1.),.PIECEWISE_BEZIER_KNOTS.);
#3896 = CARTESIAN_POINT('',(-0.493958938953,9.259093386628,94.4));
#3897 = CARTESIAN_POINT('',(-0.66769622093,9.088535610465,94.4));
#3898 = CARTESIAN_POINT('',(-0.705168968023,8.761046511628,94.4));
#3899 = VECTOR('',#3900,1.);
#3900 = DIRECTION('',(-0.,-0.,-1.));
#3901 = ADVANCED_FACE('',(#3902),#3920,.F.);
#3902 = FACE_BOUND('',#3903,.F.);
#3903 = EDGE_LOOP('',(#3904,#3912,#3913,#3914));
#3904 = ORIENTED_EDGE('',*,*,#3905,.T.);
#3905 = EDGE_CURVE('',#3906,#1289,#3908,.T.);
#3906 = VERTEX_POINT('',#3907);
#3907 = CARTESIAN_POINT('',(-7.494549418605E-02,9.429651162791,94.4));
#3908 = LINE('',#3909,#3910);
#3909 = CARTESIAN_POINT('',(-7.494549418605E-02,9.429651162791,94.4));
#3910 = VECTOR('',#3911,1.);
#3911 = DIRECTION('',(0.,0.,1.));
#3912 = ORIENTED_EDGE('',*,*,#1296,.T.);
#3913 = ORIENTED_EDGE('',*,*,#3879,.F.);
#3914 = ORIENTED_EDGE('',*,*,#3915,.F.);
#3915 = EDGE_CURVE('',#3906,#3880,#3916,.T.);
#3916 = B_SPLINE_CURVE_WITH_KNOTS('',2,(#3917,#3918,#3919),
  .UNSPECIFIED.,.F.,.F.,(3,3),(0.,1.),.PIECEWISE_BEZIER_KNOTS.);
#3917 = CARTESIAN_POINT('',(-7.494549418605E-02,9.429651162791,94.4));
#3918 = CARTESIAN_POINT('',(-0.320221656977,9.429651162791,94.4));
#3919 = CARTESIAN_POINT('',(-0.493958938953,9.259093386628,94.4));
#3920 = SURFACE_OF_LINEAR_EXTRUSION('',#3921,#3925);
#3921 = B_SPLINE_CURVE_WITH_KNOTS('',2,(#3922,#3923,#3924),
  .UNSPECIFIED.,.F.,.F.,(3,3),(0.,1.),.PIECEWISE_BEZIER_KNOTS.);
#3922 = CARTESIAN_POINT('',(-7.494549418605E-02,9.429651162791,94.4));
#3923 = CARTESIAN_POINT('',(-0.320221656977,9.429651162791,94.4));
#3924 = CARTESIAN_POINT('',(-0.493958938953,9.259093386628,94.4));
#3925 = VECTOR('',#3926,1.);
#3926 = DIRECTION('',(-0.,-0.,-1.));
#3927 = ADVANCED_FACE('',(#3928),#3946,.F.);
#3928 = FACE_BOUND('',#3929,.F.);
#3929 = EDGE_LOOP('',(#3930,#3938,#3939,#3940));
#3930 = ORIENTED_EDGE('',*,*,#3931,.T.);
#3931 = EDGE_CURVE('',#3932,#1281,#3934,.T.);
#3932 = VERTEX_POINT('',#3933);
#3933 = CARTESIAN_POINT('',(0.323628270349,9.280214389535,94.4));
#3934 = LINE('',#3935,#3936);
#3935 = CARTESIAN_POINT('',(0.323628270349,9.280214389535,94.4));
#3936 = VECTOR('',#3937,1.);
#3937 = DIRECTION('',(0.,0.,1.));
#3938 = ORIENTED_EDGE('',*,*,#1288,.T.);
#3939 = ORIENTED_EDGE('',*,*,#3905,.F.);
#3940 = ORIENTED_EDGE('',*,*,#3941,.F.);
#3941 = EDGE_CURVE('',#3932,#3906,#3942,.T.);
#3942 = B_SPLINE_CURVE_WITH_KNOTS('',2,(#3943,#3944,#3945),
  .UNSPECIFIED.,.F.,.F.,(3,3),(0.,1.),.PIECEWISE_BEZIER_KNOTS.);
#3943 = CARTESIAN_POINT('',(0.323628270349,9.280214389535,94.4));
#3944 = CARTESIAN_POINT('',(0.173737281977,9.429651162791,94.4));
#3945 = CARTESIAN_POINT('',(-7.494549418605E-02,9.429651162791,94.4));
#3946 = SURFACE_OF_LINEAR_EXTRUSION('',#3947,#3951);
#3947 = B_SPLINE_CURVE_WITH_KNOTS('',2,(#3948,#3949,#3950),
  .UNSPECIFIED.,.F.,.F.,(3,3),(0.,1.),.PIECEWISE_BEZIER_KNOTS.);
#3948 = CARTESIAN_POINT('',(0.323628270349,9.280214389535,94.4));
#3949 = CARTESIAN_POINT('',(0.173737281977,9.429651162791,94.4));
#3950 = CARTESIAN_POINT('',(-7.494549418605E-02,9.429651162791,94.4));
#3951 = VECTOR('',#3952,1.);
#3952 = DIRECTION('',(-0.,-0.,-1.));
#3953 = ADVANCED_FACE('',(#3954),#3972,.F.);
#3954 = FACE_BOUND('',#3955,.F.);
#3955 = EDGE_LOOP('',(#3956,#3964,#3965,#3966));
#3956 = ORIENTED_EDGE('',*,*,#3957,.T.);
#3957 = EDGE_CURVE('',#3958,#1273,#3960,.T.);
#3958 = VERTEX_POINT('',#3959);
#3959 = CARTESIAN_POINT('',(0.473519258721,8.879596656977,94.4));
#3960 = LINE('',#3961,#3962);
#3961 = CARTESIAN_POINT('',(0.473519258721,8.879596656977,94.4));
#3962 = VECTOR('',#3963,1.);
#3963 = DIRECTION('',(0.,0.,1.));
#3964 = ORIENTED_EDGE('',*,*,#1280,.T.);
#3965 = ORIENTED_EDGE('',*,*,#3931,.F.);
#3966 = ORIENTED_EDGE('',*,*,#3967,.F.);
#3967 = EDGE_CURVE('',#3958,#3932,#3968,.T.);
#3968 = B_SPLINE_CURVE_WITH_KNOTS('',2,(#3969,#3970,#3971),
  .UNSPECIFIED.,.F.,.F.,(3,3),(0.,1.),.PIECEWISE_BEZIER_KNOTS.);
#3969 = CARTESIAN_POINT('',(0.473519258721,8.879596656977,94.4));
#3970 = CARTESIAN_POINT('',(0.473519258721,9.130777616279,94.4));
#3971 = CARTESIAN_POINT('',(0.323628270349,9.280214389535,94.4));
#3972 = SURFACE_OF_LINEAR_EXTRUSION('',#3973,#3977);
#3973 = B_SPLINE_CURVE_WITH_KNOTS('',2,(#3974,#3975,#3976),
  .UNSPECIFIED.,.F.,.F.,(3,3),(0.,1.),.PIECEWISE_BEZIER_KNOTS.);
#3974 = CARTESIAN_POINT('',(0.473519258721,8.879596656977,94.4));
#3975 = CARTESIAN_POINT('',(0.473519258721,9.130777616279,94.4));
#3976 = CARTESIAN_POINT('',(0.323628270349,9.280214389535,94.4));
#3977 = VECTOR('',#3978,1.);
#3978 = DIRECTION('',(-0.,-0.,-1.));
#3979 = ADVANCED_FACE('',(#3980),#3998,.F.);
#3980 = FACE_BOUND('',#3981,.F.);
#3981 = EDGE_LOOP('',(#3982,#3990,#3991,#3992));
#3982 = ORIENTED_EDGE('',*,*,#3983,.T.);
#3983 = EDGE_CURVE('',#3984,#1265,#3986,.T.);
#3984 = VERTEX_POINT('',#3985);
#3985 = CARTESIAN_POINT('',(0.269122456395,8.405850290698,94.4));
#3986 = LINE('',#3987,#3988);
#3987 = CARTESIAN_POINT('',(0.269122456395,8.405850290698,94.4));
#3988 = VECTOR('',#3989,1.);
#3989 = DIRECTION('',(0.,0.,1.));
#3990 = ORIENTED_EDGE('',*,*,#1272,.T.);
#3991 = ORIENTED_EDGE('',*,*,#3957,.F.);
#3992 = ORIENTED_EDGE('',*,*,#3993,.F.);
#3993 = EDGE_CURVE('',#3984,#3958,#3994,.T.);
#3994 = B_SPLINE_CURVE_WITH_KNOTS('',2,(#3995,#3996,#3997),
  .UNSPECIFIED.,.F.,.F.,(3,3),(0.,1.),.PIECEWISE_BEZIER_KNOTS.);
#3995 = CARTESIAN_POINT('',(0.269122456395,8.405850290698,94.4));
#3996 = CARTESIAN_POINT('',(0.473519258721,8.584129723837,94.4));
#3997 = CARTESIAN_POINT('',(0.473519258721,8.879596656977,94.4));
#3998 = SURFACE_OF_LINEAR_EXTRUSION('',#3999,#4003);
#3999 = B_SPLINE_CURVE_WITH_KNOTS('',2,(#4000,#4001,#4002),
  .UNSPECIFIED.,.F.,.F.,(3,3),(0.,1.),.PIECEWISE_BEZIER_KNOTS.);
#4000 = CARTESIAN_POINT('',(0.269122456395,8.405850290698,94.4));
#4001 = CARTESIAN_POINT('',(0.473519258721,8.584129723837,94.4));
#4002 = CARTESIAN_POINT('',(0.473519258721,8.879596656977,94.4));
#4003 = VECTOR('',#4004,1.);
#4004 = DIRECTION('',(-0.,-0.,-1.));
#4005 = ADVANCED_FACE('',(#4006),#4024,.F.);
#4006 = FACE_BOUND('',#4007,.F.);
#4007 = EDGE_LOOP('',(#4008,#4016,#4017,#4018));
#4008 = ORIENTED_EDGE('',*,*,#4009,.T.);
#4009 = EDGE_CURVE('',#4010,#1257,#4012,.T.);
#4010 = VERTEX_POINT('',#4011);
#4011 = CARTESIAN_POINT('',(-0.323628270349,8.237790697674,94.4));
#4012 = LINE('',#4013,#4014);
#4013 = CARTESIAN_POINT('',(-0.323628270349,8.237790697674,94.4));
#4014 = VECTOR('',#4015,1.);
#4015 = DIRECTION('',(0.,0.,1.));
#4016 = ORIENTED_EDGE('',*,*,#1264,.T.);
#4017 = ORIENTED_EDGE('',*,*,#3983,.F.);
#4018 = ORIENTED_EDGE('',*,*,#4019,.F.);
#4019 = EDGE_CURVE('',#4010,#3984,#4020,.T.);
#4020 = B_SPLINE_CURVE_WITH_KNOTS('',2,(#4021,#4022,#4023),
  .UNSPECIFIED.,.F.,.F.,(3,3),(0.,1.),.PIECEWISE_BEZIER_KNOTS.);
#4021 = CARTESIAN_POINT('',(-0.323628270349,8.237790697674,94.4));
#4022 = CARTESIAN_POINT('',(6.472565406977E-02,8.227570857558,94.4));
#4023 = CARTESIAN_POINT('',(0.269122456395,8.405850290698,94.4));
#4024 = SURFACE_OF_LINEAR_EXTRUSION('',#4025,#4029);
#4025 = B_SPLINE_CURVE_WITH_KNOTS('',2,(#4026,#4027,#4028),
  .UNSPECIFIED.,.F.,.F.,(3,3),(0.,1.),.PIECEWISE_BEZIER_KNOTS.);
#4026 = CARTESIAN_POINT('',(-0.323628270349,8.237790697674,94.4));
#4027 = CARTESIAN_POINT('',(6.472565406977E-02,8.227570857558,94.4));
#4028 = CARTESIAN_POINT('',(0.269122456395,8.405850290698,94.4));
#4029 = VECTOR('',#4030,1.);
#4030 = DIRECTION('',(-0.,-0.,-1.));
#4031 = ADVANCED_FACE('',(#4032),#4050,.F.);
#4032 = FACE_BOUND('',#4033,.F.);
#4033 = EDGE_LOOP('',(#4034,#4042,#4043,#4044));
#4034 = ORIENTED_EDGE('',*,*,#4035,.T.);
#4035 = EDGE_CURVE('',#4036,#1249,#4038,.T.);
#4036 = VERTEX_POINT('',#4037);
#4037 = CARTESIAN_POINT('',(-0.429233284884,7.468577398256,94.4));
#4038 = LINE('',#4039,#4040);
#4039 = CARTESIAN_POINT('',(-0.429233284884,7.468577398256,94.4));
#4040 = VECTOR('',#4041,1.);
#4041 = DIRECTION('',(0.,0.,1.));
#4042 = ORIENTED_EDGE('',*,*,#1256,.T.);
#4043 = ORIENTED_EDGE('',*,*,#4009,.F.);
#4044 = ORIENTED_EDGE('',*,*,#4045,.F.);
#4045 = EDGE_CURVE('',#4036,#4010,#4046,.T.);
#4046 = LINE('',#4047,#4048);
#4047 = CARTESIAN_POINT('',(-0.429233284884,7.468577398256,94.4));
#4048 = VECTOR('',#4049,1.);
#4049 = DIRECTION('',(0.136013796445,0.990706943135,0.));
#4050 = PLANE('',#4051);
#4051 = AXIS2_PLACEMENT_3D('',#4052,#4053,#4054);
#4052 = CARTESIAN_POINT('',(-0.429233284884,7.468577398256,94.4));
#4053 = DIRECTION('',(-0.990706943135,0.136013796445,0.));
#4054 = DIRECTION('',(0.136013796445,0.990706943135,0.));
#4055 = ADVANCED_FACE('',(#4056),#4074,.F.);
#4056 = FACE_BOUND('',#4057,.F.);
#4057 = EDGE_LOOP('',(#4058,#4066,#4067,#4068));
#4058 = ORIENTED_EDGE('',*,*,#4059,.T.);
#4059 = EDGE_CURVE('',#4060,#1241,#4062,.T.);
#4060 = VERTEX_POINT('',#4061);
#4061 = CARTESIAN_POINT('',(1.021984011628E-02,7.54011627907,94.4));
#4062 = LINE('',#4063,#4064);
#4063 = CARTESIAN_POINT('',(1.021984011628E-02,7.54011627907,94.4));
#4064 = VECTOR('',#4065,1.);
#4065 = DIRECTION('',(0.,0.,1.));
#4066 = ORIENTED_EDGE('',*,*,#1248,.T.);
#4067 = ORIENTED_EDGE('',*,*,#4035,.F.);
#4068 = ORIENTED_EDGE('',*,*,#4069,.F.);
#4069 = EDGE_CURVE('',#4060,#4036,#4070,.T.);
#4070 = B_SPLINE_CURVE_WITH_KNOTS('',2,(#4071,#4072,#4073),
  .UNSPECIFIED.,.F.,.F.,(3,3),(0.,1.),.PIECEWISE_BEZIER_KNOTS.);
#4071 = CARTESIAN_POINT('',(1.021984011628E-02,7.54011627907,94.4));
#4072 = CARTESIAN_POINT('',(-0.173737281977,7.54011627907,94.4));
#4073 = CARTESIAN_POINT('',(-0.429233284884,7.468577398256,94.4));
#4074 = SURFACE_OF_LINEAR_EXTRUSION('',#4075,#4079);
#4075 = B_SPLINE_CURVE_WITH_KNOTS('',2,(#4076,#4077,#4078),
  .UNSPECIFIED.,.F.,.F.,(3,3),(0.,1.),.PIECEWISE_BEZIER_KNOTS.);
#4076 = CARTESIAN_POINT('',(1.021984011628E-02,7.54011627907,94.4));
#4077 = CARTESIAN_POINT('',(-0.173737281977,7.54011627907,94.4));
#4078 = CARTESIAN_POINT('',(-0.429233284884,7.468577398256,94.4));
#4079 = VECTOR('',#4080,1.);
#4080 = DIRECTION('',(-0.,-0.,-1.));
#4081 = ADVANCED_FACE('',(#4082),#4100,.F.);
#4082 = FACE_BOUND('',#4083,.F.);
#4083 = EDGE_LOOP('',(#4084,#4092,#4093,#4094));
#4084 = ORIENTED_EDGE('',*,*,#4085,.T.);
#4085 = EDGE_CURVE('',#4086,#1233,#4088,.T.);
#4086 = VERTEX_POINT('',#4087);
#4087 = CARTESIAN_POINT('',(0.483739098837,7.327089389535,94.4));
#4088 = LINE('',#4089,#4090);
#4089 = CARTESIAN_POINT('',(0.483739098837,7.327089389535,94.4));
#4090 = VECTOR('',#4091,1.);
#4091 = DIRECTION('',(0.,0.,1.));
#4092 = ORIENTED_EDGE('',*,*,#1240,.T.);
#4093 = ORIENTED_EDGE('',*,*,#4059,.F.);
#4094 = ORIENTED_EDGE('',*,*,#4095,.F.);
#4095 = EDGE_CURVE('',#4086,#4060,#4096,.T.);
#4096 = B_SPLINE_CURVE_WITH_KNOTS('',2,(#4097,#4098,#4099),
  .UNSPECIFIED.,.F.,.F.,(3,3),(0.,1.),.PIECEWISE_BEZIER_KNOTS.);
#4097 = CARTESIAN_POINT('',(0.483739098837,7.327089389535,94.4));
#4098 = CARTESIAN_POINT('',(0.289562136628,7.54011627907,94.4));
#4099 = CARTESIAN_POINT('',(1.021984011628E-02,7.54011627907,94.4));
#4100 = SURFACE_OF_LINEAR_EXTRUSION('',#4101,#4105);
#4101 = B_SPLINE_CURVE_WITH_KNOTS('',2,(#4102,#4103,#4104),
  .UNSPECIFIED.,.F.,.F.,(3,3),(0.,1.),.PIECEWISE_BEZIER_KNOTS.);
#4102 = CARTESIAN_POINT('',(0.483739098837,7.327089389535,94.4));
#4103 = CARTESIAN_POINT('',(0.289562136628,7.54011627907,94.4));
#4104 = CARTESIAN_POINT('',(1.021984011628E-02,7.54011627907,94.4));
#4105 = VECTOR('',#4106,1.);
#4106 = DIRECTION('',(-0.,-0.,-1.));
#4107 = ADVANCED_FACE('',(#4108),#4126,.F.);
#4108 = FACE_BOUND('',#4109,.F.);
#4109 = EDGE_LOOP('',(#4110,#4118,#4119,#4120));
#4110 = ORIENTED_EDGE('',*,*,#4111,.T.);
#4111 = EDGE_CURVE('',#4112,#1225,#4114,.T.);
#4112 = VERTEX_POINT('',#4113);
#4113 = CARTESIAN_POINT('',(0.677916061047,6.75023619186,94.4));
#4114 = LINE('',#4115,#4116);
#4115 = CARTESIAN_POINT('',(0.677916061047,6.75023619186,94.4));
#4116 = VECTOR('',#4117,1.);
#4117 = DIRECTION('',(0.,0.,1.));
#4118 = ORIENTED_EDGE('',*,*,#1232,.T.);
#4119 = ORIENTED_EDGE('',*,*,#4085,.F.);
#4120 = ORIENTED_EDGE('',*,*,#4121,.F.);
#4121 = EDGE_CURVE('',#4112,#4086,#4122,.T.);
#4122 = B_SPLINE_CURVE_WITH_KNOTS('',2,(#4123,#4124,#4125),
  .UNSPECIFIED.,.F.,.F.,(3,3),(0.,1.),.PIECEWISE_BEZIER_KNOTS.);
#4123 = CARTESIAN_POINT('',(0.677916061047,6.75023619186,94.4));
#4124 = CARTESIAN_POINT('',(0.677916061047,7.114289607558,94.4));
#4125 = CARTESIAN_POINT('',(0.483739098837,7.327089389535,94.4));
#4126 = SURFACE_OF_LINEAR_EXTRUSION('',#4127,#4131);
#4127 = B_SPLINE_CURVE_WITH_KNOTS('',2,(#4128,#4129,#4130),
  .UNSPECIFIED.,.F.,.F.,(3,3),(0.,1.),.PIECEWISE_BEZIER_KNOTS.);
#4128 = CARTESIAN_POINT('',(0.677916061047,6.75023619186,94.4));
#4129 = CARTESIAN_POINT('',(0.677916061047,7.114289607558,94.4));
#4130 = CARTESIAN_POINT('',(0.483739098837,7.327089389535,94.4));
#4131 = VECTOR('',#4132,1.);
#4132 = DIRECTION('',(-0.,-0.,-1.));
#4133 = ADVANCED_FACE('',(#4134),#4152,.F.);
#4134 = FACE_BOUND('',#4135,.F.);
#4135 = EDGE_LOOP('',(#4136,#4144,#4145,#4146));
#4136 = ORIENTED_EDGE('',*,*,#4137,.T.);
#4137 = EDGE_CURVE('',#4138,#1217,#4140,.T.);
#4138 = VERTEX_POINT('',#4139);
#4139 = CARTESIAN_POINT('',(0.475109011628,6.138862645349,94.4));
#4140 = LINE('',#4141,#4142);
#4141 = CARTESIAN_POINT('',(0.475109011628,6.138862645349,94.4));
#4142 = VECTOR('',#4143,1.);
#4143 = DIRECTION('',(0.,0.,1.));
#4144 = ORIENTED_EDGE('',*,*,#1224,.T.);
#4145 = ORIENTED_EDGE('',*,*,#4111,.F.);
#4146 = ORIENTED_EDGE('',*,*,#4147,.F.);
#4147 = EDGE_CURVE('',#4138,#4112,#4148,.T.);
#4148 = B_SPLINE_CURVE_WITH_KNOTS('',2,(#4149,#4150,#4151),
  .UNSPECIFIED.,.F.,.F.,(3,3),(0.,1.),.PIECEWISE_BEZIER_KNOTS.);
#4149 = CARTESIAN_POINT('',(0.475109011628,6.138862645349,94.4));
#4150 = CARTESIAN_POINT('',(0.677916061047,6.365515988372,94.4));
#4151 = CARTESIAN_POINT('',(0.677916061047,6.75023619186,94.4));
#4152 = SURFACE_OF_LINEAR_EXTRUSION('',#4153,#4157);
#4153 = B_SPLINE_CURVE_WITH_KNOTS('',2,(#4154,#4155,#4156),
  .UNSPECIFIED.,.F.,.F.,(3,3),(0.,1.),.PIECEWISE_BEZIER_KNOTS.);
#4154 = CARTESIAN_POINT('',(0.475109011628,6.138862645349,94.4));
#4155 = CARTESIAN_POINT('',(0.677916061047,6.365515988372,94.4));
#4156 = CARTESIAN_POINT('',(0.677916061047,6.75023619186,94.4));
#4157 = VECTOR('',#4158,1.);
#4158 = DIRECTION('',(-0.,-0.,-1.));
#4159 = ADVANCED_FACE('',(#4160),#4178,.F.);
#4160 = FACE_BOUND('',#4161,.F.);
#4161 = EDGE_LOOP('',(#4162,#4170,#4171,#4172));
#4162 = ORIENTED_EDGE('',*,*,#4163,.T.);
#4163 = EDGE_CURVE('',#4164,#1209,#4166,.T.);
#4164 = VERTEX_POINT('',#4165);
#4165 = CARTESIAN_POINT('',(-2.384629360465E-02,5.912209302326,94.4));
#4166 = LINE('',#4167,#4168);
#4167 = CARTESIAN_POINT('',(-2.384629360465E-02,5.912209302326,94.4));
#4168 = VECTOR('',#4169,1.);
#4169 = DIRECTION('',(0.,0.,1.));
#4170 = ORIENTED_EDGE('',*,*,#1216,.T.);
#4171 = ORIENTED_EDGE('',*,*,#4137,.F.);
#4172 = ORIENTED_EDGE('',*,*,#4173,.F.);
#4173 = EDGE_CURVE('',#4164,#4138,#4174,.T.);
#4174 = B_SPLINE_CURVE_WITH_KNOTS('',2,(#4175,#4176,#4177),
  .UNSPECIFIED.,.F.,.F.,(3,3),(0.,1.),.PIECEWISE_BEZIER_KNOTS.);
#4175 = CARTESIAN_POINT('',(-2.384629360465E-02,5.912209302326,94.4));
#4176 = CARTESIAN_POINT('',(0.272529069767,5.912209302326,94.4));
#4177 = CARTESIAN_POINT('',(0.475109011628,6.138862645349,94.4));
#4178 = SURFACE_OF_LINEAR_EXTRUSION('',#4179,#4183);
#4179 = B_SPLINE_CURVE_WITH_KNOTS('',2,(#4180,#4181,#4182),
  .UNSPECIFIED.,.F.,.F.,(3,3),(0.,1.),.PIECEWISE_BEZIER_KNOTS.);
#4180 = CARTESIAN_POINT('',(-2.384629360465E-02,5.912209302326,94.4));
#4181 = CARTESIAN_POINT('',(0.272529069767,5.912209302326,94.4));
#4182 = CARTESIAN_POINT('',(0.475109011628,6.138862645349,94.4));
#4183 = VECTOR('',#4184,1.);
#4184 = DIRECTION('',(-0.,-0.,-1.));
#4185 = ADVANCED_FACE('',(#4186),#4204,.F.);
#4186 = FACE_BOUND('',#4187,.F.);
#4187 = EDGE_LOOP('',(#4188,#4196,#4197,#4198));
#4188 = ORIENTED_EDGE('',*,*,#4189,.T.);
#4189 = EDGE_CURVE('',#4190,#1201,#4192,.T.);
#4190 = VERTEX_POINT('',#4191);
#4191 = CARTESIAN_POINT('',(-0.493958938953,6.098891715116,94.4));
#4192 = LINE('',#4193,#4194);
#4193 = CARTESIAN_POINT('',(-0.493958938953,6.098891715116,94.4));
#4194 = VECTOR('',#4195,1.);
#4195 = DIRECTION('',(0.,0.,1.));
#4196 = ORIENTED_EDGE('',*,*,#1208,.T.);
#4197 = ORIENTED_EDGE('',*,*,#4163,.F.);
#4198 = ORIENTED_EDGE('',*,*,#4199,.F.);
#4199 = EDGE_CURVE('',#4190,#4164,#4200,.T.);
#4200 = B_SPLINE_CURVE_WITH_KNOTS('',2,(#4201,#4202,#4203),
  .UNSPECIFIED.,.F.,.F.,(3,3),(0.,1.),.PIECEWISE_BEZIER_KNOTS.);
#4201 = CARTESIAN_POINT('',(-0.493958938953,6.098891715116,94.4));
#4202 = CARTESIAN_POINT('',(-0.299781976744,5.912209302326,94.4));
#4203 = CARTESIAN_POINT('',(-2.384629360465E-02,5.912209302326,94.4));
#4204 = SURFACE_OF_LINEAR_EXTRUSION('',#4205,#4209);
#4205 = B_SPLINE_CURVE_WITH_KNOTS('',2,(#4206,#4207,#4208),
  .UNSPECIFIED.,.F.,.F.,(3,3),(0.,1.),.PIECEWISE_BEZIER_KNOTS.);
#4206 = CARTESIAN_POINT('',(-0.493958938953,6.098891715116,94.4));
#4207 = CARTESIAN_POINT('',(-0.299781976744,5.912209302326,94.4));
#4208 = CARTESIAN_POINT('',(-2.384629360465E-02,5.912209302326,94.4));
#4209 = VECTOR('',#4210,1.);
#4210 = DIRECTION('',(-0.,-0.,-1.));
#4211 = ADVANCED_FACE('',(#4212),#4230,.F.);
#4212 = FACE_BOUND('',#4213,.F.);
#4213 = EDGE_LOOP('',(#4214,#4222,#4223,#4224));
#4214 = ORIENTED_EDGE('',*,*,#4215,.T.);
#4215 = EDGE_CURVE('',#4216,#1193,#4218,.T.);
#4216 = VERTEX_POINT('',#4217);
#4217 = CARTESIAN_POINT('',(-0.732421875,6.638953488372,94.4));
#4218 = LINE('',#4219,#4220);
#4219 = CARTESIAN_POINT('',(-0.732421875,6.638953488372,94.4));
#4220 = VECTOR('',#4221,1.);
#4221 = DIRECTION('',(0.,0.,1.));
#4222 = ORIENTED_EDGE('',*,*,#1200,.T.);
#4223 = ORIENTED_EDGE('',*,*,#4189,.F.);
#4224 = ORIENTED_EDGE('',*,*,#4225,.F.);
#4225 = EDGE_CURVE('',#4216,#4190,#4226,.T.);
#4226 = B_SPLINE_CURVE_WITH_KNOTS('',2,(#4227,#4228,#4229),
  .UNSPECIFIED.,.F.,.F.,(3,3),(0.,1.),.PIECEWISE_BEZIER_KNOTS.);
#4227 = CARTESIAN_POINT('',(-0.732421875,6.638953488372,94.4));
#4228 = CARTESIAN_POINT('',(-0.688135901163,6.285801235465,94.4));
#4229 = CARTESIAN_POINT('',(-0.493958938953,6.098891715116,94.4));
#4230 = SURFACE_OF_LINEAR_EXTRUSION('',#4231,#4235);
#4231 = B_SPLINE_CURVE_WITH_KNOTS('',2,(#4232,#4233,#4234),
  .UNSPECIFIED.,.F.,.F.,(3,3),(0.,1.),.PIECEWISE_BEZIER_KNOTS.);
#4232 = CARTESIAN_POINT('',(-0.732421875,6.638953488372,94.4));
#4233 = CARTESIAN_POINT('',(-0.688135901163,6.285801235465,94.4));
#4234 = CARTESIAN_POINT('',(-0.493958938953,6.098891715116,94.4));
#4235 = VECTOR('',#4236,1.);
#4236 = DIRECTION('',(-0.,-0.,-1.));
#4237 = ADVANCED_FACE('',(#4238),#4249,.F.);
#4238 = FACE_BOUND('',#4239,.F.);
#4239 = EDGE_LOOP('',(#4240,#4241,#4242,#4243));
#4240 = ORIENTED_EDGE('',*,*,#3545,.T.);
#4241 = ORIENTED_EDGE('',*,*,#1192,.T.);
#4242 = ORIENTED_EDGE('',*,*,#4215,.F.);
#4243 = ORIENTED_EDGE('',*,*,#4244,.F.);
#4244 = EDGE_CURVE('',#3546,#4216,#4245,.T.);
#4245 = LINE('',#4246,#4247);
#4246 = CARTESIAN_POINT('',(-1.659020712209,6.526989462209,94.4));
#4247 = VECTOR('',#4248,1.);
#4248 = DIRECTION('',(0.992778634966,0.119960751725,0.));
#4249 = PLANE('',#4250);
#4250 = AXIS2_PLACEMENT_3D('',#4251,#4252,#4253);
#4251 = CARTESIAN_POINT('',(-1.659020712209,6.526989462209,94.4));
#4252 = DIRECTION('',(-0.119960751725,0.992778634966,0.));
#4253 = DIRECTION('',(0.992778634966,0.119960751725,0.));
#4254 = ADVANCED_FACE('',(#4255),#4280,.F.);
#4255 = FACE_BOUND('',#4256,.F.);
#4256 = EDGE_LOOP('',(#4257,#4265,#4266,#4274));
#4257 = ORIENTED_EDGE('',*,*,#4258,.T.);
#4258 = EDGE_CURVE('',#4259,#1409,#4261,.T.);
#4259 = VERTEX_POINT('',#4260);
#4260 = CARTESIAN_POINT('',(5.341751453488,5.484111555233,94.4));
#4261 = LINE('',#4262,#4263);
#4262 = CARTESIAN_POINT('',(5.341751453488,5.484111555233,94.4));
#4263 = VECTOR('',#4264,1.);
#4264 = DIRECTION('',(0.,0.,1.));
#4265 = ORIENTED_EDGE('',*,*,#1408,.T.);
#4266 = ORIENTED_EDGE('',*,*,#4267,.F.);
#4267 = EDGE_CURVE('',#4268,#1411,#4270,.T.);
#4268 = VERTEX_POINT('',#4269);
#4269 = CARTESIAN_POINT('',(4.820539607558,6.482703488372,94.4));
#4270 = LINE('',#4271,#4272);
#4271 = CARTESIAN_POINT('',(4.820539607558,6.482703488372,94.4));
#4272 = VECTOR('',#4273,1.);
#4273 = DIRECTION('',(0.,0.,1.));
#4274 = ORIENTED_EDGE('',*,*,#4275,.F.);
#4275 = EDGE_CURVE('',#4259,#4268,#4276,.T.);
#4276 = B_SPLINE_CURVE_WITH_KNOTS('',2,(#4277,#4278,#4279),
  .UNSPECIFIED.,.F.,.F.,(3,3),(0.,1.),.PIECEWISE_BEZIER_KNOTS.);
#4277 = CARTESIAN_POINT('',(5.341751453488,5.484111555233,94.4));
#4278 = CARTESIAN_POINT('',(4.90570494186,5.855659520349,94.4));
#4279 = CARTESIAN_POINT('',(4.820539607558,6.482703488372,94.4));
#4280 = SURFACE_OF_LINEAR_EXTRUSION('',#4281,#4285);
#4281 = B_SPLINE_CURVE_WITH_KNOTS('',2,(#4282,#4283,#4284),
  .UNSPECIFIED.,.F.,.F.,(3,3),(0.,1.),.PIECEWISE_BEZIER_KNOTS.);
#4282 = CARTESIAN_POINT('',(5.341751453488,5.484111555233,94.4));
#4283 = CARTESIAN_POINT('',(4.90570494186,5.855659520349,94.4));
#4284 = CARTESIAN_POINT('',(4.820539607558,6.482703488372,94.4));
#4285 = VECTOR('',#4286,1.);
#4286 = DIRECTION('',(-0.,-0.,-1.));
#4287 = ADVANCED_FACE('',(#4288),#4306,.F.);
#4288 = FACE_BOUND('',#4289,.F.);
#4289 = EDGE_LOOP('',(#4290,#4298,#4299,#4300));
#4290 = ORIENTED_EDGE('',*,*,#4291,.T.);
#4291 = EDGE_CURVE('',#4292,#1563,#4294,.T.);
#4292 = VERTEX_POINT('',#4293);
#4293 = CARTESIAN_POINT('',(6.469340479651,5.112790697674,94.4));
#4294 = LINE('',#4295,#4296);
#4295 = CARTESIAN_POINT('',(6.469340479651,5.112790697674,94.4));
#4296 = VECTOR('',#4297,1.);
#4297 = DIRECTION('',(0.,0.,1.));
#4298 = ORIENTED_EDGE('',*,*,#1570,.T.);
#4299 = ORIENTED_EDGE('',*,*,#4258,.F.);
#4300 = ORIENTED_EDGE('',*,*,#4301,.F.);
#4301 = EDGE_CURVE('',#4292,#4259,#4302,.T.);
#4302 = B_SPLINE_CURVE_WITH_KNOTS('',2,(#4303,#4304,#4305),
  .UNSPECIFIED.,.F.,.F.,(3,3),(0.,1.),.PIECEWISE_BEZIER_KNOTS.);
#4303 = CARTESIAN_POINT('',(6.469340479651,5.112790697674,94.4));
#4304 = CARTESIAN_POINT('',(5.777797965116,5.112790697674,94.4));
#4305 = CARTESIAN_POINT('',(5.341751453488,5.484111555233,94.4));
#4306 = SURFACE_OF_LINEAR_EXTRUSION('',#4307,#4311);
#4307 = B_SPLINE_CURVE_WITH_KNOTS('',2,(#4308,#4309,#4310),
  .UNSPECIFIED.,.F.,.F.,(3,3),(0.,1.),.PIECEWISE_BEZIER_KNOTS.);
#4308 = CARTESIAN_POINT('',(6.469340479651,5.112790697674,94.4));
#4309 = CARTESIAN_POINT('',(5.777797965116,5.112790697674,94.4));
#4310 = CARTESIAN_POINT('',(5.341751453488,5.484111555233,94.4));
#4311 = VECTOR('',#4312,1.);
#4312 = DIRECTION('',(-0.,-0.,-1.));
#4313 = ADVANCED_FACE('',(#4314),#4332,.F.);
#4314 = FACE_BOUND('',#4315,.F.);
#4315 = EDGE_LOOP('',(#4316,#4324,#4325,#4326));
#4316 = ORIENTED_EDGE('',*,*,#4317,.T.);
#4317 = EDGE_CURVE('',#4318,#1555,#4320,.T.);
#4318 = VERTEX_POINT('',#4319);
#4319 = CARTESIAN_POINT('',(7.821765988372,5.777080305233,94.4));
#4320 = LINE('',#4321,#4322);
#4321 = CARTESIAN_POINT('',(7.821765988372,5.777080305233,94.4));
#4322 = VECTOR('',#4323,1.);
#4323 = DIRECTION('',(0.,0.,1.));
#4324 = ORIENTED_EDGE('',*,*,#1562,.T.);
#4325 = ORIENTED_EDGE('',*,*,#4291,.F.);
#4326 = ORIENTED_EDGE('',*,*,#4327,.F.);
#4327 = EDGE_CURVE('',#4318,#4292,#4328,.T.);
#4328 = B_SPLINE_CURVE_WITH_KNOTS('',2,(#4329,#4330,#4331),
  .UNSPECIFIED.,.F.,.F.,(3,3),(0.,1.),.PIECEWISE_BEZIER_KNOTS.);
#4329 = CARTESIAN_POINT('',(7.821765988372,5.777080305233,94.4));
#4330 = CARTESIAN_POINT('',(7.334620276163,5.112790697674,94.4));
#4331 = CARTESIAN_POINT('',(6.469340479651,5.112790697674,94.4));
#4332 = SURFACE_OF_LINEAR_EXTRUSION('',#4333,#4337);
#4333 = B_SPLINE_CURVE_WITH_KNOTS('',2,(#4334,#4335,#4336),
  .UNSPECIFIED.,.F.,.F.,(3,3),(0.,1.),.PIECEWISE_BEZIER_KNOTS.);
#4334 = CARTESIAN_POINT('',(7.821765988372,5.777080305233,94.4));
#4335 = CARTESIAN_POINT('',(7.334620276163,5.112790697674,94.4));
#4336 = CARTESIAN_POINT('',(6.469340479651,5.112790697674,94.4));
#4337 = VECTOR('',#4338,1.);
#4338 = DIRECTION('',(-0.,-0.,-1.));
#4339 = ADVANCED_FACE('',(#4340),#4358,.F.);
#4340 = FACE_BOUND('',#4341,.F.);
#4341 = EDGE_LOOP('',(#4342,#4350,#4351,#4352));
#4342 = ORIENTED_EDGE('',*,*,#4343,.T.);
#4343 = EDGE_CURVE('',#4344,#1547,#4346,.T.);
#4344 = VERTEX_POINT('',#4345);
#4345 = CARTESIAN_POINT('',(8.179460392442,6.883094113372,94.4));
#4346 = LINE('',#4347,#4348);
#4347 = CARTESIAN_POINT('',(8.179460392442,6.883094113372,94.4));
#4348 = VECTOR('',#4349,1.);
#4349 = DIRECTION('',(0.,0.,1.));
#4350 = ORIENTED_EDGE('',*,*,#1554,.T.);
#4351 = ORIENTED_EDGE('',*,*,#4317,.F.);
#4352 = ORIENTED_EDGE('',*,*,#4353,.F.);
#4353 = EDGE_CURVE('',#4344,#4318,#4354,.T.);
#4354 = B_SPLINE_CURVE_WITH_KNOTS('',2,(#4355,#4356,#4357),
  .UNSPECIFIED.,.F.,.F.,(3,3),(0.,1.),.PIECEWISE_BEZIER_KNOTS.);
#4355 = CARTESIAN_POINT('',(8.179460392442,6.883094113372,94.4));
#4356 = CARTESIAN_POINT('',(8.179460392442,6.263317587209,94.4));
#4357 = CARTESIAN_POINT('',(7.821765988372,5.777080305233,94.4));
#4358 = SURFACE_OF_LINEAR_EXTRUSION('',#4359,#4363);
#4359 = B_SPLINE_CURVE_WITH_KNOTS('',2,(#4360,#4361,#4362),
  .UNSPECIFIED.,.F.,.F.,(3,3),(0.,1.),.PIECEWISE_BEZIER_KNOTS.);
#4360 = CARTESIAN_POINT('',(8.179460392442,6.883094113372,94.4));
#4361 = CARTESIAN_POINT('',(8.179460392442,6.263317587209,94.4));
#4362 = CARTESIAN_POINT('',(7.821765988372,5.777080305233,94.4));
#4363 = VECTOR('',#4364,1.);
#4364 = DIRECTION('',(-0.,-0.,-1.));
#4365 = ADVANCED_FACE('',(#4366),#4384,.F.);
#4366 = FACE_BOUND('',#4367,.F.);
#4367 = EDGE_LOOP('',(#4368,#4376,#4377,#4378));
#4368 = ORIENTED_EDGE('',*,*,#4369,.T.);
#4369 = EDGE_CURVE('',#4370,#1539,#4372,.T.);
#4370 = VERTEX_POINT('',#4371);
#4371 = CARTESIAN_POINT('',(7.73660065407,8.091760537791,94.4));
#4372 = LINE('',#4373,#4374);
#4373 = CARTESIAN_POINT('',(7.73660065407,8.091760537791,94.4));
#4374 = VECTOR('',#4375,1.);
#4375 = DIRECTION('',(0.,0.,1.));
#4376 = ORIENTED_EDGE('',*,*,#1546,.T.);
#4377 = ORIENTED_EDGE('',*,*,#4343,.F.);
#4378 = ORIENTED_EDGE('',*,*,#4379,.F.);
#4379 = EDGE_CURVE('',#4370,#4344,#4380,.T.);
#4380 = B_SPLINE_CURVE_WITH_KNOTS('',2,(#4381,#4382,#4383),
  .UNSPECIFIED.,.F.,.F.,(3,3),(0.,1.),.PIECEWISE_BEZIER_KNOTS.);
#4381 = CARTESIAN_POINT('',(7.73660065407,8.091760537791,94.4));
#4382 = CARTESIAN_POINT('',(8.179460392442,7.626190043605,94.4));
#4383 = CARTESIAN_POINT('',(8.179460392442,6.883094113372,94.4));
#4384 = SURFACE_OF_LINEAR_EXTRUSION('',#4385,#4389);
#4385 = B_SPLINE_CURVE_WITH_KNOTS('',2,(#4386,#4387,#4388),
  .UNSPECIFIED.,.F.,.F.,(3,3),(0.,1.),.PIECEWISE_BEZIER_KNOTS.);
#4386 = CARTESIAN_POINT('',(7.73660065407,8.091760537791,94.4));
#4387 = CARTESIAN_POINT('',(8.179460392442,7.626190043605,94.4));
#4388 = CARTESIAN_POINT('',(8.179460392442,6.883094113372,94.4));
#4389 = VECTOR('',#4390,1.);
#4390 = DIRECTION('',(-0.,-0.,-1.));
#4391 = ADVANCED_FACE('',(#4392),#4410,.F.);
#4392 = FACE_BOUND('',#4393,.F.);
#4393 = EDGE_LOOP('',(#4394,#4402,#4403,#4404));
#4394 = ORIENTED_EDGE('',*,*,#4395,.T.);
#4395 = EDGE_CURVE('',#4396,#1531,#4398,.T.);
#4396 = VERTEX_POINT('',#4397);
#4397 = CARTESIAN_POINT('',(6.656704215116,8.557558139535,94.4));
#4398 = LINE('',#4399,#4400);
#4399 = CARTESIAN_POINT('',(6.656704215116,8.557558139535,94.4));
#4400 = VECTOR('',#4401,1.);
#4401 = DIRECTION('',(0.,0.,1.));
#4402 = ORIENTED_EDGE('',*,*,#1538,.T.);
#4403 = ORIENTED_EDGE('',*,*,#4369,.F.);
#4404 = ORIENTED_EDGE('',*,*,#4405,.F.);
#4405 = EDGE_CURVE('',#4396,#4370,#4406,.T.);
#4406 = B_SPLINE_CURVE_WITH_KNOTS('',2,(#4407,#4408,#4409),
  .UNSPECIFIED.,.F.,.F.,(3,3),(0.,1.),.PIECEWISE_BEZIER_KNOTS.);
#4407 = CARTESIAN_POINT('',(6.656704215116,8.557558139535,94.4));
#4408 = CARTESIAN_POINT('',(7.293740915698,8.557558139535,94.4));
#4409 = CARTESIAN_POINT('',(7.73660065407,8.091760537791,94.4));
#4410 = SURFACE_OF_LINEAR_EXTRUSION('',#4411,#4415);
#4411 = B_SPLINE_CURVE_WITH_KNOTS('',2,(#4412,#4413,#4414),
  .UNSPECIFIED.,.F.,.F.,(3,3),(0.,1.),.PIECEWISE_BEZIER_KNOTS.);
#4412 = CARTESIAN_POINT('',(6.656704215116,8.557558139535,94.4));
#4413 = CARTESIAN_POINT('',(7.293740915698,8.557558139535,94.4));
#4414 = CARTESIAN_POINT('',(7.73660065407,8.091760537791,94.4));
#4415 = VECTOR('',#4416,1.);
#4416 = DIRECTION('',(-0.,-0.,-1.));
#4417 = ADVANCED_FACE('',(#4418),#4436,.F.);
#4418 = FACE_BOUND('',#4419,.F.);
#4419 = EDGE_LOOP('',(#4420,#4428,#4429,#4430));
#4420 = ORIENTED_EDGE('',*,*,#4421,.T.);
#4421 = EDGE_CURVE('',#4422,#1523,#4424,.T.);
#4422 = VERTEX_POINT('',#4423);
#4423 = CARTESIAN_POINT('',(6.002634447674,8.397447311047,94.4));
#4424 = LINE('',#4425,#4426);
#4425 = CARTESIAN_POINT('',(6.002634447674,8.397447311047,94.4));
#4426 = VECTOR('',#4427,1.);
#4427 = DIRECTION('',(0.,0.,1.));
#4428 = ORIENTED_EDGE('',*,*,#1530,.T.);
#4429 = ORIENTED_EDGE('',*,*,#4395,.F.);
#4430 = ORIENTED_EDGE('',*,*,#4431,.F.);
#4431 = EDGE_CURVE('',#4422,#4396,#4432,.T.);
#4432 = B_SPLINE_CURVE_WITH_KNOTS('',2,(#4433,#4434,#4435),
  .UNSPECIFIED.,.F.,.F.,(3,3),(0.,1.),.PIECEWISE_BEZIER_KNOTS.);
#4433 = CARTESIAN_POINT('',(6.002634447674,8.397447311047,94.4));
#4434 = CARTESIAN_POINT('',(6.322856104651,8.557558139535,94.4));
#4435 = CARTESIAN_POINT('',(6.656704215116,8.557558139535,94.4));
#4436 = SURFACE_OF_LINEAR_EXTRUSION('',#4437,#4441);
#4437 = B_SPLINE_CURVE_WITH_KNOTS('',2,(#4438,#4439,#4440),
  .UNSPECIFIED.,.F.,.F.,(3,3),(0.,1.),.PIECEWISE_BEZIER_KNOTS.);
#4438 = CARTESIAN_POINT('',(6.002634447674,8.397447311047,94.4));
#4439 = CARTESIAN_POINT('',(6.322856104651,8.557558139535,94.4));
#4440 = CARTESIAN_POINT('',(6.656704215116,8.557558139535,94.4));
#4441 = VECTOR('',#4442,1.);
#4442 = DIRECTION('',(-0.,-0.,-1.));
#4443 = ADVANCED_FACE('',(#4444),#4462,.F.);
#4444 = FACE_BOUND('',#4445,.F.);
#4445 = EDGE_LOOP('',(#4446,#4454,#4455,#4456));
#4446 = ORIENTED_EDGE('',*,*,#4447,.T.);
#4447 = EDGE_CURVE('',#4448,#1515,#4450,.T.);
#4448 = VERTEX_POINT('',#4449);
#4449 = CARTESIAN_POINT('',(6.152525436047,9.240697674419,94.4));
#4450 = LINE('',#4451,#4452);
#4451 = CARTESIAN_POINT('',(6.152525436047,9.240697674419,94.4));
#4452 = VECTOR('',#4453,1.);
#4453 = DIRECTION('',(0.,0.,1.));
#4454 = ORIENTED_EDGE('',*,*,#1522,.T.);
#4455 = ORIENTED_EDGE('',*,*,#4421,.F.);
#4456 = ORIENTED_EDGE('',*,*,#4457,.F.);
#4457 = EDGE_CURVE('',#4448,#4422,#4458,.T.);
#4458 = LINE('',#4459,#4460);
#4459 = CARTESIAN_POINT('',(6.152525436047,9.240697674419,94.4));
#4460 = VECTOR('',#4461,1.);
#4461 = DIRECTION('',(-0.175010486354,-0.984566569444,0.));
#4462 = PLANE('',#4463);
#4463 = AXIS2_PLACEMENT_3D('',#4464,#4465,#4466);
#4464 = CARTESIAN_POINT('',(6.152525436047,9.240697674419,94.4));
#4465 = DIRECTION('',(0.984566569444,-0.175010486354,0.));
#4466 = DIRECTION('',(-0.175010486354,-0.984566569444,0.));
#4467 = ADVANCED_FACE('',(#4468),#4486,.F.);
#4468 = FACE_BOUND('',#4469,.F.);
#4469 = EDGE_LOOP('',(#4470,#4478,#4479,#4480));
#4470 = ORIENTED_EDGE('',*,*,#4471,.T.);
#4471 = EDGE_CURVE('',#4472,#1507,#4474,.T.);
#4472 = VERTEX_POINT('',#4473);
#4473 = CARTESIAN_POINT('',(7.958030523256,9.240697674419,94.4));
#4474 = LINE('',#4475,#4476);
#4475 = CARTESIAN_POINT('',(7.958030523256,9.240697674419,94.4));
#4476 = VECTOR('',#4477,1.);
#4477 = DIRECTION('',(0.,0.,1.));
#4478 = ORIENTED_EDGE('',*,*,#1514,.T.);
#4479 = ORIENTED_EDGE('',*,*,#4447,.F.);
#4480 = ORIENTED_EDGE('',*,*,#4481,.F.);
#4481 = EDGE_CURVE('',#4472,#4448,#4482,.T.);
#4482 = LINE('',#4483,#4484);
#4483 = CARTESIAN_POINT('',(7.958030523256,9.240697674419,94.4));
#4484 = VECTOR('',#4485,1.);
#4485 = DIRECTION('',(-1.,0.,0.));
#4486 = PLANE('',#4487);
#4487 = AXIS2_PLACEMENT_3D('',#4488,#4489,#4490);
#4488 = CARTESIAN_POINT('',(7.958030523256,9.240697674419,94.4));
#4489 = DIRECTION('',(0.,-1.,0.));
#4490 = DIRECTION('',(-1.,0.,0.));
#4491 = ADVANCED_FACE('',(#4492),#4510,.F.);
#4492 = FACE_BOUND('',#4493,.F.);
#4493 = EDGE_LOOP('',(#4494,#4502,#4503,#4504));
#4494 = ORIENTED_EDGE('',*,*,#4495,.T.);
#4495 = EDGE_CURVE('',#4496,#1499,#4498,.T.);
#4496 = VERTEX_POINT('',#4497);
#4497 = CARTESIAN_POINT('',(7.958030523256,10.141860465116,94.4));
#4498 = LINE('',#4499,#4500);
#4499 = CARTESIAN_POINT('',(7.958030523256,10.141860465116,94.4));
#4500 = VECTOR('',#4501,1.);
#4501 = DIRECTION('',(0.,0.,1.));
#4502 = ORIENTED_EDGE('',*,*,#1506,.T.);
#4503 = ORIENTED_EDGE('',*,*,#4471,.F.);
#4504 = ORIENTED_EDGE('',*,*,#4505,.F.);
#4505 = EDGE_CURVE('',#4496,#4472,#4506,.T.);
#4506 = LINE('',#4507,#4508);
#4507 = CARTESIAN_POINT('',(7.958030523256,10.141860465116,94.4));
#4508 = VECTOR('',#4509,1.);
#4509 = DIRECTION('',(0.,-1.,0.));
#4510 = PLANE('',#4511);
#4511 = AXIS2_PLACEMENT_3D('',#4512,#4513,#4514);
#4512 = CARTESIAN_POINT('',(7.958030523256,10.141860465116,94.4));
#4513 = DIRECTION('',(1.,0.,0.));
#4514 = DIRECTION('',(0.,-1.,0.));
#4515 = ADVANCED_FACE('',(#4516),#4534,.F.);
#4516 = FACE_BOUND('',#4517,.F.);
#4517 = EDGE_LOOP('',(#4518,#4526,#4527,#4528));
#4518 = ORIENTED_EDGE('',*,*,#4519,.T.);
#4519 = EDGE_CURVE('',#4520,#1491,#4522,.T.);
#4520 = VERTEX_POINT('',#4521);
#4521 = CARTESIAN_POINT('',(5.426916787791,10.141860465116,94.4));
#4522 = LINE('',#4523,#4524);
#4523 = CARTESIAN_POINT('',(5.426916787791,10.141860465116,94.4));
#4524 = VECTOR('',#4525,1.);
#4525 = DIRECTION('',(0.,0.,1.));
#4526 = ORIENTED_EDGE('',*,*,#1498,.T.);
#4527 = ORIENTED_EDGE('',*,*,#4495,.F.);
#4528 = ORIENTED_EDGE('',*,*,#4529,.F.);
#4529 = EDGE_CURVE('',#4520,#4496,#4530,.T.);
#4530 = LINE('',#4531,#4532);
#4531 = CARTESIAN_POINT('',(5.426916787791,10.141860465116,94.4));
#4532 = VECTOR('',#4533,1.);
#4533 = DIRECTION('',(1.,0.,0.));
#4534 = PLANE('',#4535);
#4535 = AXIS2_PLACEMENT_3D('',#4536,#4537,#4538);
#4536 = CARTESIAN_POINT('',(5.426916787791,10.141860465116,94.4));
#4537 = DIRECTION('',(0.,1.,0.));
#4538 = DIRECTION('',(1.,0.,0.));
#4539 = ADVANCED_FACE('',(#4540),#4558,.F.);
#4540 = FACE_BOUND('',#4541,.F.);
#4541 = EDGE_LOOP('',(#4542,#4550,#4551,#4552));
#4542 = ORIENTED_EDGE('',*,*,#4543,.T.);
#4543 = EDGE_CURVE('',#4544,#1483,#4546,.T.);
#4544 = VERTEX_POINT('',#4545);
#4545 = CARTESIAN_POINT('',(4.936364462209,7.535801235465,94.4));
#4546 = LINE('',#4547,#4548);
#4547 = CARTESIAN_POINT('',(4.936364462209,7.535801235465,94.4));
#4548 = VECTOR('',#4549,1.);
#4549 = DIRECTION('',(0.,0.,1.));
#4550 = ORIENTED_EDGE('',*,*,#1490,.T.);
#4551 = ORIENTED_EDGE('',*,*,#4519,.F.);
#4552 = ORIENTED_EDGE('',*,*,#4553,.F.);
#4553 = EDGE_CURVE('',#4544,#4520,#4554,.T.);
#4554 = LINE('',#4555,#4556);
#4555 = CARTESIAN_POINT('',(4.936364462209,7.535801235465,94.4));
#4556 = VECTOR('',#4557,1.);
#4557 = DIRECTION('',(0.184986551027,0.982741052332,0.));
#4558 = PLANE('',#4559);
#4559 = AXIS2_PLACEMENT_3D('',#4560,#4561,#4562);
#4560 = CARTESIAN_POINT('',(4.936364462209,7.535801235465,94.4));
#4561 = DIRECTION('',(-0.982741052332,0.184986551027,0.));
#4562 = DIRECTION('',(0.184986551027,0.982741052332,0.));
#4563 = ADVANCED_FACE('',(#4564),#4582,.F.);
#4564 = FACE_BOUND('',#4565,.F.);
#4565 = EDGE_LOOP('',(#4566,#4574,#4575,#4576));
#4566 = ORIENTED_EDGE('',*,*,#4567,.T.);
#4567 = EDGE_CURVE('',#4568,#1475,#4570,.T.);
#4568 = VERTEX_POINT('',#4569);
#4569 = CARTESIAN_POINT('',(5.713072311047,7.423837209302,94.4));
#4570 = LINE('',#4571,#4572);
#4571 = CARTESIAN_POINT('',(5.713072311047,7.423837209302,94.4));
#4572 = VECTOR('',#4573,1.);
#4573 = DIRECTION('',(0.,0.,1.));
#4574 = ORIENTED_EDGE('',*,*,#1482,.T.);
#4575 = ORIENTED_EDGE('',*,*,#4543,.F.);
#4576 = ORIENTED_EDGE('',*,*,#4577,.F.);
#4577 = EDGE_CURVE('',#4568,#4544,#4578,.T.);
#4578 = LINE('',#4579,#4580);
#4579 = CARTESIAN_POINT('',(5.713072311047,7.423837209302,94.4));
#4580 = VECTOR('',#4581,1.);
#4581 = DIRECTION('',(-0.989769265001,0.142677265393,0.));
#4582 = PLANE('',#4583);
#4583 = AXIS2_PLACEMENT_3D('',#4584,#4585,#4586);
#4584 = CARTESIAN_POINT('',(5.713072311047,7.423837209302,94.4));
#4585 = DIRECTION('',(-0.142677265393,-0.989769265001,0.));
#4586 = DIRECTION('',(-0.989769265001,0.142677265393,0.));
#4587 = ADVANCED_FACE('',(#4588),#4606,.F.);
#4588 = FACE_BOUND('',#4589,.F.);
#4589 = EDGE_LOOP('',(#4590,#4598,#4599,#4600));
#4590 = ORIENTED_EDGE('',*,*,#4591,.T.);
#4591 = EDGE_CURVE('',#4592,#1467,#4594,.T.);
#4592 = VERTEX_POINT('',#4593);
#4593 = CARTESIAN_POINT('',(6.452307412791,7.787209302326,94.4));
#4594 = LINE('',#4595,#4596);
#4595 = CARTESIAN_POINT('',(6.452307412791,7.787209302326,94.4));
#4596 = VECTOR('',#4597,1.);
#4597 = DIRECTION('',(0.,0.,1.));
#4598 = ORIENTED_EDGE('',*,*,#1474,.T.);
#4599 = ORIENTED_EDGE('',*,*,#4567,.F.);
#4600 = ORIENTED_EDGE('',*,*,#4601,.F.);
#4601 = EDGE_CURVE('',#4592,#4568,#4602,.T.);
#4602 = B_SPLINE_CURVE_WITH_KNOTS('',2,(#4603,#4604,#4605),
  .UNSPECIFIED.,.F.,.F.,(3,3),(0.,1.),.PIECEWISE_BEZIER_KNOTS.);
#4603 = CARTESIAN_POINT('',(6.452307412791,7.787209302326,94.4));
#4604 = CARTESIAN_POINT('',(6.040107194767,7.787209302326,94.4));
#4605 = CARTESIAN_POINT('',(5.713072311047,7.423837209302,94.4));
#4606 = SURFACE_OF_LINEAR_EXTRUSION('',#4607,#4611);
#4607 = B_SPLINE_CURVE_WITH_KNOTS('',2,(#4608,#4609,#4610),
  .UNSPECIFIED.,.F.,.F.,(3,3),(0.,1.),.PIECEWISE_BEZIER_KNOTS.);
#4608 = CARTESIAN_POINT('',(6.452307412791,7.787209302326,94.4));
#4609 = CARTESIAN_POINT('',(6.040107194767,7.787209302326,94.4));
#4610 = CARTESIAN_POINT('',(5.713072311047,7.423837209302,94.4));
#4611 = VECTOR('',#4612,1.);
#4612 = DIRECTION('',(-0.,-0.,-1.));
#4613 = ADVANCED_FACE('',(#4614),#4632,.F.);
#4614 = FACE_BOUND('',#4615,.F.);
#4615 = EDGE_LOOP('',(#4616,#4624,#4625,#4626));
#4616 = ORIENTED_EDGE('',*,*,#4617,.T.);
#4617 = EDGE_CURVE('',#4618,#1459,#4620,.T.);
#4618 = VERTEX_POINT('',#4619);
#4619 = CARTESIAN_POINT('',(6.988735465116,7.556468023256,94.4));
#4620 = LINE('',#4621,#4622);
#4621 = CARTESIAN_POINT('',(6.988735465116,7.556468023256,94.4));
#4622 = VECTOR('',#4623,1.);
#4623 = DIRECTION('',(0.,0.,1.));
#4624 = ORIENTED_EDGE('',*,*,#1466,.T.);
#4625 = ORIENTED_EDGE('',*,*,#4591,.F.);
#4626 = ORIENTED_EDGE('',*,*,#4627,.F.);
#4627 = EDGE_CURVE('',#4618,#4592,#4628,.T.);
#4628 = B_SPLINE_CURVE_WITH_KNOTS('',2,(#4629,#4630,#4631),
  .UNSPECIFIED.,.F.,.F.,(3,3),(0.,1.),.PIECEWISE_BEZIER_KNOTS.);
#4629 = CARTESIAN_POINT('',(6.988735465116,7.556468023256,94.4));
#4630 = CARTESIAN_POINT('',(6.782748909884,7.787209302326,94.4));
#4631 = CARTESIAN_POINT('',(6.452307412791,7.787209302326,94.4));
#4632 = SURFACE_OF_LINEAR_EXTRUSION('',#4633,#4637);
#4633 = B_SPLINE_CURVE_WITH_KNOTS('',2,(#4634,#4635,#4636),
  .UNSPECIFIED.,.F.,.F.,(3,3),(0.,1.),.PIECEWISE_BEZIER_KNOTS.);
#4634 = CARTESIAN_POINT('',(6.988735465116,7.556468023256,94.4));
#4635 = CARTESIAN_POINT('',(6.782748909884,7.787209302326,94.4));
#4636 = CARTESIAN_POINT('',(6.452307412791,7.787209302326,94.4));
#4637 = VECTOR('',#4638,1.);
#4638 = DIRECTION('',(-0.,-0.,-1.));
#4639 = ADVANCED_FACE('',(#4640),#4658,.F.);
#4640 = FACE_BOUND('',#4641,.F.);
#4641 = EDGE_LOOP('',(#4642,#4650,#4651,#4652));
#4642 = ORIENTED_EDGE('',*,*,#4643,.T.);
#4643 = EDGE_CURVE('',#4644,#1451,#4646,.T.);
#4644 = VERTEX_POINT('',#4645);
#4645 = CARTESIAN_POINT('',(7.194949127907,6.864244186047,94.4));
#4646 = LINE('',#4647,#4648);
#4647 = CARTESIAN_POINT('',(7.194949127907,6.864244186047,94.4));
#4648 = VECTOR('',#4649,1.);
#4649 = DIRECTION('',(0.,0.,1.));
#4650 = ORIENTED_EDGE('',*,*,#1458,.T.);
#4651 = ORIENTED_EDGE('',*,*,#4617,.F.);
#4652 = ORIENTED_EDGE('',*,*,#4653,.F.);
#4653 = EDGE_CURVE('',#4644,#4618,#4654,.T.);
#4654 = B_SPLINE_CURVE_WITH_KNOTS('',2,(#4655,#4656,#4657),
  .UNSPECIFIED.,.F.,.F.,(3,3),(0.,1.),.PIECEWISE_BEZIER_KNOTS.);
#4655 = CARTESIAN_POINT('',(7.194949127907,6.864244186047,94.4));
#4656 = CARTESIAN_POINT('',(7.194949127907,7.325726744186,94.4));
#4657 = CARTESIAN_POINT('',(6.988735465116,7.556468023256,94.4));
#4658 = SURFACE_OF_LINEAR_EXTRUSION('',#4659,#4663);
#4659 = B_SPLINE_CURVE_WITH_KNOTS('',2,(#4660,#4661,#4662),
  .UNSPECIFIED.,.F.,.F.,(3,3),(0.,1.),.PIECEWISE_BEZIER_KNOTS.);
#4660 = CARTESIAN_POINT('',(7.194949127907,6.864244186047,94.4));
#4661 = CARTESIAN_POINT('',(7.194949127907,7.325726744186,94.4));
#4662 = CARTESIAN_POINT('',(6.988735465116,7.556468023256,94.4));
#4663 = VECTOR('',#4664,1.);
#4664 = DIRECTION('',(-0.,-0.,-1.));
#4665 = ADVANCED_FACE('',(#4666),#4684,.F.);
#4666 = FACE_BOUND('',#4667,.F.);
#4667 = EDGE_LOOP('',(#4668,#4676,#4677,#4678));
#4668 = ORIENTED_EDGE('',*,*,#4669,.T.);
#4669 = EDGE_CURVE('',#4670,#1443,#4672,.T.);
#4670 = VERTEX_POINT('',#4671);
#4671 = CARTESIAN_POINT('',(6.987145712209,6.127507267442,94.4));
#4672 = LINE('',#4673,#4674);
#4673 = CARTESIAN_POINT('',(6.987145712209,6.127507267442,94.4));
#4674 = VECTOR('',#4675,1.);
#4675 = DIRECTION('',(0.,0.,1.));
#4676 = ORIENTED_EDGE('',*,*,#1450,.T.);
#4677 = ORIENTED_EDGE('',*,*,#4643,.F.);
#4678 = ORIENTED_EDGE('',*,*,#4679,.F.);
#4679 = EDGE_CURVE('',#4670,#4644,#4680,.T.);
#4680 = B_SPLINE_CURVE_WITH_KNOTS('',2,(#4681,#4682,#4683),
  .UNSPECIFIED.,.F.,.F.,(3,3),(0.,1.),.PIECEWISE_BEZIER_KNOTS.);
#4681 = CARTESIAN_POINT('',(6.987145712209,6.127507267442,94.4));
#4682 = CARTESIAN_POINT('',(7.194949127907,6.371875,94.4));
#4683 = CARTESIAN_POINT('',(7.194949127907,6.864244186047,94.4));
#4684 = SURFACE_OF_LINEAR_EXTRUSION('',#4685,#4689);
#4685 = B_SPLINE_CURVE_WITH_KNOTS('',2,(#4686,#4687,#4688),
  .UNSPECIFIED.,.F.,.F.,(3,3),(0.,1.),.PIECEWISE_BEZIER_KNOTS.);
#4686 = CARTESIAN_POINT('',(6.987145712209,6.127507267442,94.4));
#4687 = CARTESIAN_POINT('',(7.194949127907,6.371875,94.4));
#4688 = CARTESIAN_POINT('',(7.194949127907,6.864244186047,94.4));
#4689 = VECTOR('',#4690,1.);
#4690 = DIRECTION('',(-0.,-0.,-1.));
#4691 = ADVANCED_FACE('',(#4692),#4710,.F.);
#4692 = FACE_BOUND('',#4693,.F.);
#4693 = EDGE_LOOP('',(#4694,#4702,#4703,#4704));
#4694 = ORIENTED_EDGE('',*,*,#4695,.T.);
#4695 = EDGE_CURVE('',#4696,#1435,#4698,.T.);
#4696 = VERTEX_POINT('',#4697);
#4697 = CARTESIAN_POINT('',(6.479560319767,5.883139534884,94.4));
#4698 = LINE('',#4699,#4700);
#4699 = CARTESIAN_POINT('',(6.479560319767,5.883139534884,94.4));
#4700 = VECTOR('',#4701,1.);
#4701 = DIRECTION('',(0.,0.,1.));
#4702 = ORIENTED_EDGE('',*,*,#1442,.T.);
#4703 = ORIENTED_EDGE('',*,*,#4669,.F.);
#4704 = ORIENTED_EDGE('',*,*,#4705,.F.);
#4705 = EDGE_CURVE('',#4696,#4670,#4706,.T.);
#4706 = B_SPLINE_CURVE_WITH_KNOTS('',2,(#4707,#4708,#4709),
  .UNSPECIFIED.,.F.,.F.,(3,3),(0.,1.),.PIECEWISE_BEZIER_KNOTS.);
#4707 = CARTESIAN_POINT('',(6.479560319767,5.883139534884,94.4));
#4708 = CARTESIAN_POINT('',(6.779342296512,5.883139534884,94.4));
#4709 = CARTESIAN_POINT('',(6.987145712209,6.127507267442,94.4));
#4710 = SURFACE_OF_LINEAR_EXTRUSION('',#4711,#4715);
#4711 = B_SPLINE_CURVE_WITH_KNOTS('',2,(#4712,#4713,#4714),
  .UNSPECIFIED.,.F.,.F.,(3,3),(0.,1.),.PIECEWISE_BEZIER_KNOTS.);
#4712 = CARTESIAN_POINT('',(6.479560319767,5.883139534884,94.4));
#4713 = CARTESIAN_POINT('',(6.779342296512,5.883139534884,94.4));
#4714 = CARTESIAN_POINT('',(6.987145712209,6.127507267442,94.4));
#4715 = VECTOR('',#4716,1.);
#4716 = DIRECTION('',(-0.,-0.,-1.));
#4717 = ADVANCED_FACE('',(#4718),#4736,.F.);
#4718 = FACE_BOUND('',#4719,.F.);
#4719 = EDGE_LOOP('',(#4720,#4728,#4729,#4730));
#4720 = ORIENTED_EDGE('',*,*,#4721,.T.);
#4721 = EDGE_CURVE('',#4722,#1427,#4724,.T.);
#4722 = VERTEX_POINT('',#4723);
#4723 = CARTESIAN_POINT('',(6.016260901163,6.070957485465,94.4));
#4724 = LINE('',#4725,#4726);
#4725 = CARTESIAN_POINT('',(6.016260901163,6.070957485465,94.4));
#4726 = VECTOR('',#4727,1.);
#4727 = DIRECTION('',(0.,0.,1.));
#4728 = ORIENTED_EDGE('',*,*,#1434,.T.);
#4729 = ORIENTED_EDGE('',*,*,#4695,.F.);
#4730 = ORIENTED_EDGE('',*,*,#4731,.F.);
#4731 = EDGE_CURVE('',#4722,#4696,#4732,.T.);
#4732 = B_SPLINE_CURVE_WITH_KNOTS('',2,(#4733,#4734,#4735),
  .UNSPECIFIED.,.F.,.F.,(3,3),(0.,1.),.PIECEWISE_BEZIER_KNOTS.);
#4733 = CARTESIAN_POINT('',(6.016260901163,6.070957485465,94.4));
#4734 = CARTESIAN_POINT('',(6.217251090116,5.883139534884,94.4));
#4735 = CARTESIAN_POINT('',(6.479560319767,5.883139534884,94.4));
#4736 = SURFACE_OF_LINEAR_EXTRUSION('',#4737,#4741);
#4737 = B_SPLINE_CURVE_WITH_KNOTS('',2,(#4738,#4739,#4740),
  .UNSPECIFIED.,.F.,.F.,(3,3),(0.,1.),.PIECEWISE_BEZIER_KNOTS.);
#4738 = CARTESIAN_POINT('',(6.016260901163,6.070957485465,94.4));
#4739 = CARTESIAN_POINT('',(6.217251090116,5.883139534884,94.4));
#4740 = CARTESIAN_POINT('',(6.479560319767,5.883139534884,94.4));
#4741 = VECTOR('',#4742,1.);
#4742 = DIRECTION('',(-0.,-0.,-1.));
#4743 = ADVANCED_FACE('',(#4744),#4762,.F.);
#4744 = FACE_BOUND('',#4745,.F.);
#4745 = EDGE_LOOP('',(#4746,#4754,#4755,#4756));
#4746 = ORIENTED_EDGE('',*,*,#4747,.T.);
#4747 = EDGE_CURVE('',#4748,#1419,#4750,.T.);
#4748 = VERTEX_POINT('',#4749);
#4749 = CARTESIAN_POINT('',(5.774391351744,6.580813953488,94.4));
#4750 = LINE('',#4751,#4752);
#4751 = CARTESIAN_POINT('',(5.774391351744,6.580813953488,94.4));
#4752 = VECTOR('',#4753,1.);
#4753 = DIRECTION('',(0.,0.,1.));
#4754 = ORIENTED_EDGE('',*,*,#1426,.T.);
#4755 = ORIENTED_EDGE('',*,*,#4721,.F.);
#4756 = ORIENTED_EDGE('',*,*,#4757,.F.);
#4757 = EDGE_CURVE('',#4748,#4722,#4758,.T.);
#4758 = B_SPLINE_CURVE_WITH_KNOTS('',2,(#4759,#4760,#4761),
  .UNSPECIFIED.,.F.,.F.,(3,3),(0.,1.),.PIECEWISE_BEZIER_KNOTS.);
#4759 = CARTESIAN_POINT('',(5.774391351744,6.580813953488,94.4));
#4760 = CARTESIAN_POINT('',(5.815270712209,6.259002543605,94.4));
#4761 = CARTESIAN_POINT('',(6.016260901163,6.070957485465,94.4));
#4762 = SURFACE_OF_LINEAR_EXTRUSION('',#4763,#4767);
#4763 = B_SPLINE_CURVE_WITH_KNOTS('',2,(#4764,#4765,#4766),
  .UNSPECIFIED.,.F.,.F.,(3,3),(0.,1.),.PIECEWISE_BEZIER_KNOTS.);
#4764 = CARTESIAN_POINT('',(5.774391351744,6.580813953488,94.4));
#4765 = CARTESIAN_POINT('',(5.815270712209,6.259002543605,94.4));
#4766 = CARTESIAN_POINT('',(6.016260901163,6.070957485465,94.4));
#4767 = VECTOR('',#4768,1.);
#4768 = DIRECTION('',(-0.,-0.,-1.));
#4769 = ADVANCED_FACE('',(#4770),#4781,.F.);
#4770 = FACE_BOUND('',#4771,.F.);
#4771 = EDGE_LOOP('',(#4772,#4773,#4774,#4775));
#4772 = ORIENTED_EDGE('',*,*,#4267,.T.);
#4773 = ORIENTED_EDGE('',*,*,#1418,.T.);
#4774 = ORIENTED_EDGE('',*,*,#4747,.F.);
#4775 = ORIENTED_EDGE('',*,*,#4776,.F.);
#4776 = EDGE_CURVE('',#4268,#4748,#4777,.T.);
#4777 = LINE('',#4778,#4779);
#4778 = CARTESIAN_POINT('',(4.820539607558,6.482703488372,94.4));
#4779 = VECTOR('',#4780,1.);
#4780 = DIRECTION('',(0.994751810339,0.102317329063,0.));
#4781 = PLANE('',#4782);
#4782 = AXIS2_PLACEMENT_3D('',#4783,#4784,#4785);
#4783 = CARTESIAN_POINT('',(4.820539607558,6.482703488372,94.4));
#4784 = DIRECTION('',(-0.102317329063,0.994751810339,0.));
#4785 = DIRECTION('',(0.994751810339,0.102317329063,0.));
#4786 = ADVANCED_FACE('',(#4787),#4806,.F.);
#4787 = FACE_BOUND('',#4788,.T.);
#4788 = EDGE_LOOP('',(#4789,#4790,#4798,#4805));
#4789 = ORIENTED_EDGE('',*,*,#1587,.T.);
#4790 = ORIENTED_EDGE('',*,*,#4791,.T.);
#4791 = EDGE_CURVE('',#1588,#4792,#4794,.T.);
#4792 = VERTEX_POINT('',#4793);
#4793 = CARTESIAN_POINT('',(6.6,-1.616533774875E-15,74.));
#4794 = LINE('',#4795,#4796);
#4795 = CARTESIAN_POINT('',(6.6,-1.616533774875E-15,0.));
#4796 = VECTOR('',#4797,1.);
#4797 = DIRECTION('',(0.,0.,1.));
#4798 = ORIENTED_EDGE('',*,*,#4799,.T.);
#4799 = EDGE_CURVE('',#4792,#4792,#4800,.T.);
#4800 = CIRCLE('',#4801,6.6);
#4801 = AXIS2_PLACEMENT_3D('',#4802,#4803,#4804);
#4802 = CARTESIAN_POINT('',(0.,0.,74.));
#4803 = DIRECTION('',(0.,0.,1.));
#4804 = DIRECTION('',(1.,0.,0.));
#4805 = ORIENTED_EDGE('',*,*,#4791,.F.);
#4806 = CYLINDRICAL_SURFACE('',#4807,6.6);
#4807 = AXIS2_PLACEMENT_3D('',#4808,#4809,#4810);
#4808 = CARTESIAN_POINT('',(0.,0.,0.));
#4809 = DIRECTION('',(-0.,-0.,-1.));
#4810 = DIRECTION('',(1.,0.,0.));
#4811 = ADVANCED_FACE('',(#4812),#4835,.T.);
#4812 = FACE_BOUND('',#4813,.T.);
#4813 = EDGE_LOOP('',(#4814,#4815,#4816,#4817,#4818,#4819,#4820,#4821,
    #4822,#4823,#4824,#4825,#4826,#4827,#4828,#4829,#4830,#4831,#4832,
    #4833,#4834));
#4814 = ORIENTED_EDGE('',*,*,#2128,.F.);
#4815 = ORIENTED_EDGE('',*,*,#1621,.F.);
#4816 = ORIENTED_EDGE('',*,*,#1645,.F.);
#4817 = ORIENTED_EDGE('',*,*,#1671,.F.);
#4818 = ORIENTED_EDGE('',*,*,#1697,.F.);
#4819 = ORIENTED_EDGE('',*,*,#1723,.F.);
#4820 = ORIENTED_EDGE('',*,*,#1749,.F.);
#4821 = ORIENTED_EDGE('',*,*,#1775,.F.);
#4822 = ORIENTED_EDGE('',*,*,#1801,.F.);
#4823 = ORIENTED_EDGE('',*,*,#1827,.F.);
#4824 = ORIENTED_EDGE('',*,*,#1853,.F.);
#4825 = ORIENTED_EDGE('',*,*,#1879,.F.);
#4826 = ORIENTED_EDGE('',*,*,#1903,.F.);
#4827 = ORIENTED_EDGE('',*,*,#1929,.F.);
#4828 = ORIENTED_EDGE('',*,*,#1955,.F.);
#4829 = ORIENTED_EDGE('',*,*,#1981,.F.);
#4830 = ORIENTED_EDGE('',*,*,#2007,.F.);
#4831 = ORIENTED_EDGE('',*,*,#2033,.F.);
#4832 = ORIENTED_EDGE('',*,*,#2059,.F.);
#4833 = ORIENTED_EDGE('',*,*,#2085,.F.);
#4834 = ORIENTED_EDGE('',*,*,#2111,.F.);
#4835 = PLANE('',#4836);
#4836 = AXIS2_PLACEMENT_3D('',#4837,#4838,#4839);
#4837 = CARTESIAN_POINT('',(-6.37204498041,-7.854708914133,94.4));
#4838 = DIRECTION('',(0.,0.,1.));
#4839 = DIRECTION('',(1.,0.,0.));
#4840 = ADVANCED_FACE('',(#4841,#4854),#4880,.T.);
#4841 = FACE_BOUND('',#4842,.T.);
#4842 = EDGE_LOOP('',(#4843,#4844,#4845,#4846,#4847,#4848,#4849,#4850,
    #4851,#4852,#4853));
#4843 = ORIENTED_EDGE('',*,*,#2392,.F.);
#4844 = ORIENTED_EDGE('',*,*,#2159,.F.);
#4845 = ORIENTED_EDGE('',*,*,#2183,.F.);
#4846 = ORIENTED_EDGE('',*,*,#2207,.F.);
#4847 = ORIENTED_EDGE('',*,*,#2231,.F.);
#4848 = ORIENTED_EDGE('',*,*,#2255,.F.);
#4849 = ORIENTED_EDGE('',*,*,#2279,.F.);
#4850 = ORIENTED_EDGE('',*,*,#2303,.F.);
#4851 = ORIENTED_EDGE('',*,*,#2327,.F.);
#4852 = ORIENTED_EDGE('',*,*,#2351,.F.);
#4853 = ORIENTED_EDGE('',*,*,#2375,.F.);
#4854 = FACE_BOUND('',#4855,.T.);
#4855 = EDGE_LOOP('',(#4856,#4866,#4874));
#4856 = ORIENTED_EDGE('',*,*,#4857,.F.);
#4857 = EDGE_CURVE('',#4858,#4860,#4862,.T.);
#4858 = VERTEX_POINT('',#4859);
#4859 = CARTESIAN_POINT('',(0.248682776163,-8.354069767442,94.4));
#4860 = VERTEX_POINT('',#4861);
#4861 = CARTESIAN_POINT('',(0.248682776163,-6.673246729651,94.4));
#4862 = LINE('',#4863,#4864);
#4863 = CARTESIAN_POINT('',(0.248682776163,-8.354069767442,94.4));
#4864 = VECTOR('',#4865,1.);
#4865 = DIRECTION('',(0.,1.,0.));
#4866 = ORIENTED_EDGE('',*,*,#4867,.F.);
#4867 = EDGE_CURVE('',#4868,#4858,#4870,.T.);
#4868 = VERTEX_POINT('',#4869);
#4869 = CARTESIAN_POINT('',(-0.899345930233,-8.354069767442,94.4));
#4870 = LINE('',#4871,#4872);
#4871 = CARTESIAN_POINT('',(-0.899345930233,-8.354069767442,94.4));
#4872 = VECTOR('',#4873,1.);
#4873 = DIRECTION('',(1.,0.,0.));
#4874 = ORIENTED_EDGE('',*,*,#4875,.F.);
#4875 = EDGE_CURVE('',#4860,#4868,#4876,.T.);
#4876 = LINE('',#4877,#4878);
#4877 = CARTESIAN_POINT('',(0.248682776163,-6.673246729651,94.4));
#4878 = VECTOR('',#4879,1.);
#4879 = DIRECTION('',(-0.564011752037,-0.825766760995,0.));
#4880 = PLANE('',#4881);
#4881 = AXIS2_PLACEMENT_3D('',#4882,#4883,#4884);
#4882 = CARTESIAN_POINT('',(0.162711079544,-7.896949028133,94.4));
#4883 = DIRECTION('',(0.,0.,1.));
#4884 = DIRECTION('',(1.,0.,0.));
#4885 = ADVANCED_FACE('',(#4886),#4908,.F.);
#4886 = FACE_BOUND('',#4887,.F.);
#4887 = EDGE_LOOP('',(#4888,#4889,#4890,#4891,#4892,#4893,#4894,#4895,
    #4896,#4897,#4898,#4899,#4900,#4901,#4902,#4903,#4904,#4905,#4906,
    #4907));
#4888 = ORIENTED_EDGE('',*,*,#2415,.T.);
#4889 = ORIENTED_EDGE('',*,*,#2869,.T.);
#4890 = ORIENTED_EDGE('',*,*,#2847,.F.);
#4891 = ORIENTED_EDGE('',*,*,#2821,.T.);
#4892 = ORIENTED_EDGE('',*,*,#2806,.T.);
#4893 = ORIENTED_EDGE('',*,*,#2773,.T.);
#4894 = ORIENTED_EDGE('',*,*,#2751,.F.);
#4895 = ORIENTED_EDGE('',*,*,#2725,.T.);
#4896 = ORIENTED_EDGE('',*,*,#2710,.T.);
#4897 = ORIENTED_EDGE('',*,*,#2677,.T.);
#4898 = ORIENTED_EDGE('',*,*,#2655,.F.);
#4899 = ORIENTED_EDGE('',*,*,#2629,.F.);
#4900 = ORIENTED_EDGE('',*,*,#2614,.T.);
#4901 = ORIENTED_EDGE('',*,*,#2581,.F.);
#4902 = ORIENTED_EDGE('',*,*,#2559,.F.);
#4903 = ORIENTED_EDGE('',*,*,#2533,.F.);
#4904 = ORIENTED_EDGE('',*,*,#2518,.T.);
#4905 = ORIENTED_EDGE('',*,*,#2485,.F.);
#4906 = ORIENTED_EDGE('',*,*,#2463,.F.);
#4907 = ORIENTED_EDGE('',*,*,#2437,.F.);
#4908 = PLANE('',#4909);
#4909 = AXIS2_PLACEMENT_3D('',#4910,#4911,#4912);
#4910 = CARTESIAN_POINT('',(0.,0.,94.4));
#4911 = DIRECTION('',(-0.,-0.,-1.));
#4912 = DIRECTION('',(-1.,0.,0.));
#4913 = ADVANCED_FACE('',(#4914,#4934),#5008,.T.);
#4914 = FACE_BOUND('',#4915,.T.);
#4915 = EDGE_LOOP('',(#4916,#4917,#4918,#4919,#4920,#4921,#4922,#4923,
    #4924,#4925,#4926,#4927,#4928,#4929,#4930,#4931,#4932,#4933));
#4916 = ORIENTED_EDGE('',*,*,#3324,.F.);
#4917 = ORIENTED_EDGE('',*,*,#2903,.F.);
#4918 = ORIENTED_EDGE('',*,*,#2927,.F.);
#4919 = ORIENTED_EDGE('',*,*,#2951,.F.);
#4920 = ORIENTED_EDGE('',*,*,#2975,.F.);
#4921 = ORIENTED_EDGE('',*,*,#3001,.F.);
#4922 = ORIENTED_EDGE('',*,*,#3027,.F.);
#4923 = ORIENTED_EDGE('',*,*,#3053,.F.);
#4924 = ORIENTED_EDGE('',*,*,#3077,.F.);
#4925 = ORIENTED_EDGE('',*,*,#3101,.F.);
#4926 = ORIENTED_EDGE('',*,*,#3125,.F.);
#4927 = ORIENTED_EDGE('',*,*,#3151,.F.);
#4928 = ORIENTED_EDGE('',*,*,#3177,.F.);
#4929 = ORIENTED_EDGE('',*,*,#3203,.F.);
#4930 = ORIENTED_EDGE('',*,*,#3229,.F.);
#4931 = ORIENTED_EDGE('',*,*,#3255,.F.);
#4932 = ORIENTED_EDGE('',*,*,#3281,.F.);
#4933 = ORIENTED_EDGE('',*,*,#3307,.F.);
#4934 = FACE_BOUND('',#4935,.T.);
#4935 = EDGE_LOOP('',(#4936,#4946,#4954,#4962,#4970,#4978,#4986,#4994,
    #5002));
#4936 = ORIENTED_EDGE('',*,*,#4937,.F.);
#4937 = EDGE_CURVE('',#4938,#4940,#4942,.T.);
#4938 = VERTEX_POINT('',#4939);
#4939 = CARTESIAN_POINT('',(5.26339934593,-7.307558139535,94.4));
#4940 = VERTEX_POINT('',#4941);
#4941 = CARTESIAN_POINT('',(6.009447674419,-7.307558139535,94.4));
#4942 = LINE('',#4943,#4944);
#4943 = CARTESIAN_POINT('',(5.26339934593,-7.307558139535,94.4));
#4944 = VECTOR('',#4945,1.);
#4945 = DIRECTION('',(1.,0.,0.));
#4946 = ORIENTED_EDGE('',*,*,#4947,.F.);
#4947 = EDGE_CURVE('',#4948,#4938,#4950,.T.);
#4948 = VERTEX_POINT('',#4949);
#4949 = CARTESIAN_POINT('',(5.26339934593,-6.043023255814,94.4));
#4950 = LINE('',#4951,#4952);
#4951 = CARTESIAN_POINT('',(5.26339934593,-6.043023255814,94.4));
#4952 = VECTOR('',#4953,1.);
#4953 = DIRECTION('',(0.,-1.,0.));
#4954 = ORIENTED_EDGE('',*,*,#4955,.F.);
#4955 = EDGE_CURVE('',#4956,#4948,#4958,.T.);
#4956 = VERTEX_POINT('',#4957);
#4957 = CARTESIAN_POINT('',(6.050327034884,-6.043023255814,94.4));
#4958 = LINE('',#4959,#4960);
#4959 = CARTESIAN_POINT('',(6.050327034884,-6.043023255814,94.4));
#4960 = VECTOR('',#4961,1.);
#4961 = DIRECTION('',(-1.,0.,0.));
#4962 = ORIENTED_EDGE('',*,*,#4963,.F.);
#4963 = EDGE_CURVE('',#4964,#4956,#4966,.T.);
#4964 = VERTEX_POINT('',#4965);
#4965 = CARTESIAN_POINT('',(6.786155523256,-6.060056322674,94.4));
#4966 = B_SPLINE_CURVE_WITH_KNOTS('',2,(#4967,#4968,#4969),
  .UNSPECIFIED.,.F.,.F.,(3,3),(0.,1.),.PIECEWISE_BEZIER_KNOTS.);
#4967 = CARTESIAN_POINT('',(6.786155523256,-6.060056322674,94.4));
#4968 = CARTESIAN_POINT('',(6.66351744186,-6.043023255814,94.4));
#4969 = CARTESIAN_POINT('',(6.050327034884,-6.043023255814,94.4));
#4970 = ORIENTED_EDGE('',*,*,#4971,.F.);
#4971 = EDGE_CURVE('',#4972,#4964,#4974,.T.);
#4972 = VERTEX_POINT('',#4973);
#4973 = CARTESIAN_POINT('',(7.165879360465,-6.255595930233,94.4));
#4974 = B_SPLINE_CURVE_WITH_KNOTS('',2,(#4975,#4976,#4977),
  .UNSPECIFIED.,.F.,.F.,(3,3),(0.,1.),.PIECEWISE_BEZIER_KNOTS.);
#4975 = CARTESIAN_POINT('',(7.165879360465,-6.255595930233,94.4));
#4976 = CARTESIAN_POINT('',(7.031431686047,-6.100708575581,94.4));
#4977 = CARTESIAN_POINT('',(6.786155523256,-6.060056322674,94.4));
#4978 = ORIENTED_EDGE('',*,*,#4979,.F.);
#4979 = EDGE_CURVE('',#4980,#4972,#4982,.T.);
#4980 = VERTEX_POINT('',#4981);
#4981 = CARTESIAN_POINT('',(7.300554142442,-6.661664244186,94.4));
#4982 = B_SPLINE_CURVE_WITH_KNOTS('',2,(#4983,#4984,#4985),
  .UNSPECIFIED.,.F.,.F.,(3,3),(0.,1.),.PIECEWISE_BEZIER_KNOTS.);
#4983 = CARTESIAN_POINT('',(7.300554142442,-6.661664244186,94.4));
#4984 = CARTESIAN_POINT('',(7.300554142442,-6.410256177326,94.4));
#4985 = CARTESIAN_POINT('',(7.165879360465,-6.255595930233,94.4));
#4986 = ORIENTED_EDGE('',*,*,#4987,.F.);
#4987 = EDGE_CURVE('',#4988,#4980,#4990,.T.);
#4988 = VERTEX_POINT('',#4989);
#4989 = CARTESIAN_POINT('',(7.198355741279,-7.035710392442,94.4));
#4990 = B_SPLINE_CURVE_WITH_KNOTS('',2,(#4991,#4992,#4993),
  .UNSPECIFIED.,.F.,.F.,(3,3),(0.,1.),.PIECEWISE_BEZIER_KNOTS.);
#4991 = CARTESIAN_POINT('',(7.198355741279,-7.035710392442,94.4));
#4992 = CARTESIAN_POINT('',(7.300554142442,-6.886046511628,94.4));
#4993 = CARTESIAN_POINT('',(7.300554142442,-6.661664244186,94.4));
#4994 = ORIENTED_EDGE('',*,*,#4995,.F.);
#4995 = EDGE_CURVE('',#4996,#4988,#4998,.T.);
#4996 = VERTEX_POINT('',#4997);
#4997 = CARTESIAN_POINT('',(6.915606831395,-7.246466206395,94.4));
#4998 = B_SPLINE_CURVE_WITH_KNOTS('',2,(#4999,#5000,#5001),
  .UNSPECIFIED.,.F.,.F.,(3,3),(0.,1.),.PIECEWISE_BEZIER_KNOTS.);
#4999 = CARTESIAN_POINT('',(6.915606831395,-7.246466206395,94.4));
#5000 = CARTESIAN_POINT('',(7.096157340116,-7.185147165698,94.4));
#5001 = CARTESIAN_POINT('',(7.198355741279,-7.035710392442,94.4));
#5002 = ORIENTED_EDGE('',*,*,#5003,.F.);
#5003 = EDGE_CURVE('',#4940,#4996,#5004,.T.);
#5004 = B_SPLINE_CURVE_WITH_KNOTS('',2,(#5005,#5006,#5007),
  .UNSPECIFIED.,.F.,.F.,(3,3),(0.,1.),.PIECEWISE_BEZIER_KNOTS.);
#5005 = CARTESIAN_POINT('',(6.009447674419,-7.307558139535,94.4));
#5006 = CARTESIAN_POINT('',(6.735056322674,-7.307558139535,94.4));
#5007 = CARTESIAN_POINT('',(6.915606831395,-7.246466206395,94.4));
#5008 = PLANE('',#5009);
#5009 = AXIS2_PLACEMENT_3D('',#5010,#5011,#5012);
#5010 = CARTESIAN_POINT('',(6.225331867389,-7.648732379564,94.4));
#5011 = DIRECTION('',(0.,0.,1.));
#5012 = DIRECTION('',(1.,0.,0.));
#5013 = ADVANCED_FACE('',(#5014),#5024,.T.);
#5014 = FACE_BOUND('',#5015,.T.);
#5015 = EDGE_LOOP('',(#5016,#5017,#5018,#5019,#5020,#5021,#5022,#5023));
#5016 = ORIENTED_EDGE('',*,*,#3522,.F.);
#5017 = ORIENTED_EDGE('',*,*,#3355,.F.);
#5018 = ORIENTED_EDGE('',*,*,#3379,.F.);
#5019 = ORIENTED_EDGE('',*,*,#3403,.F.);
#5020 = ORIENTED_EDGE('',*,*,#3429,.F.);
#5021 = ORIENTED_EDGE('',*,*,#3455,.F.);
#5022 = ORIENTED_EDGE('',*,*,#3479,.F.);
#5023 = ORIENTED_EDGE('',*,*,#3505,.F.);
#5024 = PLANE('',#5025);
#5025 = AXIS2_PLACEMENT_3D('',#5026,#5027,#5028);
#5026 = CARTESIAN_POINT('',(-6.161906960514,7.866428850546,94.4));
#5027 = DIRECTION('',(0.,0.,1.));
#5028 = DIRECTION('',(1.,0.,0.));
#5029 = ADVANCED_FACE('',(#5030),#5060,.T.);
#5030 = FACE_BOUND('',#5031,.T.);
#5031 = EDGE_LOOP('',(#5032,#5033,#5034,#5035,#5036,#5037,#5038,#5039,
    #5040,#5041,#5042,#5043,#5044,#5045,#5046,#5047,#5048,#5049,#5050,
    #5051,#5052,#5053,#5054,#5055,#5056,#5057,#5058,#5059));
#5032 = ORIENTED_EDGE('',*,*,#4244,.F.);
#5033 = ORIENTED_EDGE('',*,*,#3553,.F.);
#5034 = ORIENTED_EDGE('',*,*,#3579,.F.);
#5035 = ORIENTED_EDGE('',*,*,#3605,.F.);
#5036 = ORIENTED_EDGE('',*,*,#3631,.F.);
#5037 = ORIENTED_EDGE('',*,*,#3657,.F.);
#5038 = ORIENTED_EDGE('',*,*,#3683,.F.);
#5039 = ORIENTED_EDGE('',*,*,#3709,.F.);
#5040 = ORIENTED_EDGE('',*,*,#3735,.F.);
#5041 = ORIENTED_EDGE('',*,*,#3761,.F.);
#5042 = ORIENTED_EDGE('',*,*,#3787,.F.);
#5043 = ORIENTED_EDGE('',*,*,#3813,.F.);
#5044 = ORIENTED_EDGE('',*,*,#3839,.F.);
#5045 = ORIENTED_EDGE('',*,*,#3865,.F.);
#5046 = ORIENTED_EDGE('',*,*,#3889,.F.);
#5047 = ORIENTED_EDGE('',*,*,#3915,.F.);
#5048 = ORIENTED_EDGE('',*,*,#3941,.F.);
#5049 = ORIENTED_EDGE('',*,*,#3967,.F.);
#5050 = ORIENTED_EDGE('',*,*,#3993,.F.);
#5051 = ORIENTED_EDGE('',*,*,#4019,.F.);
#5052 = ORIENTED_EDGE('',*,*,#4045,.F.);
#5053 = ORIENTED_EDGE('',*,*,#4069,.F.);
#5054 = ORIENTED_EDGE('',*,*,#4095,.F.);
#5055 = ORIENTED_EDGE('',*,*,#4121,.F.);
#5056 = ORIENTED_EDGE('',*,*,#4147,.F.);
#5057 = ORIENTED_EDGE('',*,*,#4173,.F.);
#5058 = ORIENTED_EDGE('',*,*,#4199,.F.);
#5059 = ORIENTED_EDGE('',*,*,#4225,.F.);
#5060 = PLANE('',#5061);
#5061 = AXIS2_PLACEMENT_3D('',#5062,#5063,#5064);
#5062 = CARTESIAN_POINT('',(7.140216298785E-02,7.659259966364,94.4));
#5063 = DIRECTION('',(0.,0.,1.));
#5064 = DIRECTION('',(1.,0.,0.));
#5065 = ADVANCED_FACE('',(#5066),#5089,.T.);
#5066 = FACE_BOUND('',#5067,.T.);
#5067 = EDGE_LOOP('',(#5068,#5069,#5070,#5071,#5072,#5073,#5074,#5075,
    #5076,#5077,#5078,#5079,#5080,#5081,#5082,#5083,#5084,#5085,#5086,
    #5087,#5088));
#5068 = ORIENTED_EDGE('',*,*,#4776,.F.);
#5069 = ORIENTED_EDGE('',*,*,#4275,.F.);
#5070 = ORIENTED_EDGE('',*,*,#4301,.F.);
#5071 = ORIENTED_EDGE('',*,*,#4327,.F.);
#5072 = ORIENTED_EDGE('',*,*,#4353,.F.);
#5073 = ORIENTED_EDGE('',*,*,#4379,.F.);
#5074 = ORIENTED_EDGE('',*,*,#4405,.F.);
#5075 = ORIENTED_EDGE('',*,*,#4431,.F.);
#5076 = ORIENTED_EDGE('',*,*,#4457,.F.);
#5077 = ORIENTED_EDGE('',*,*,#4481,.F.);
#5078 = ORIENTED_EDGE('',*,*,#4505,.F.);
#5079 = ORIENTED_EDGE('',*,*,#4529,.F.);
#5080 = ORIENTED_EDGE('',*,*,#4553,.F.);
#5081 = ORIENTED_EDGE('',*,*,#4577,.F.);
#5082 = ORIENTED_EDGE('',*,*,#4601,.F.);
#5083 = ORIENTED_EDGE('',*,*,#4627,.F.);
#5084 = ORIENTED_EDGE('',*,*,#4653,.F.);
#5085 = ORIENTED_EDGE('',*,*,#4679,.F.);
#5086 = ORIENTED_EDGE('',*,*,#4705,.F.);
#5087 = ORIENTED_EDGE('',*,*,#4731,.F.);
#5088 = ORIENTED_EDGE('',*,*,#4757,.F.);
#5089 = PLANE('',#5090);
#5090 = AXIS2_PLACEMENT_3D('',#5091,#5092,#5093);
#5091 = CARTESIAN_POINT('',(6.519055218525,7.713170318944,94.4));
#5092 = DIRECTION('',(0.,0.,1.));
#5093 = DIRECTION('',(1.,0.,0.));
#5094 = ADVANCED_FACE('',(#5095),#5098,.F.);
#5095 = FACE_BOUND('',#5096,.T.);
#5096 = EDGE_LOOP('',(#5097));
#5097 = ORIENTED_EDGE('',*,*,#4799,.F.);
#5098 = PLANE('',#5099);
#5099 = AXIS2_PLACEMENT_3D('',#5100,#5101,#5102);
#5100 = CARTESIAN_POINT('',(0.,0.,74.));
#5101 = DIRECTION('',(0.,0.,1.));
#5102 = DIRECTION('',(1.,0.,0.));
#5103 = ADVANCED_FACE('',(#5104),#5129,.F.);
#5104 = FACE_BOUND('',#5105,.F.);
#5105 = EDGE_LOOP('',(#5106,#5114,#5122,#5128));
#5106 = ORIENTED_EDGE('',*,*,#5107,.T.);
#5107 = EDGE_CURVE('',#4858,#5108,#5110,.T.);
#5108 = VERTEX_POINT('',#5109);
#5109 = CARTESIAN_POINT('',(0.248682776163,-8.354069767442,95.));
#5110 = LINE('',#5111,#5112);
#5111 = CARTESIAN_POINT('',(0.248682776163,-8.354069767442,94.4));
#5112 = VECTOR('',#5113,1.);
#5113 = DIRECTION('',(0.,0.,1.));
#5114 = ORIENTED_EDGE('',*,*,#5115,.T.);
#5115 = EDGE_CURVE('',#5108,#5116,#5118,.T.);
#5116 = VERTEX_POINT('',#5117);
#5117 = CARTESIAN_POINT('',(0.248682776163,-6.673246729651,95.));
#5118 = LINE('',#5119,#5120);
#5119 = CARTESIAN_POINT('',(0.248682776163,-8.354069767442,95.));
#5120 = VECTOR('',#5121,1.);
#5121 = DIRECTION('',(0.,1.,0.));
#5122 = ORIENTED_EDGE('',*,*,#5123,.F.);
#5123 = EDGE_CURVE('',#4860,#5116,#5124,.T.);
#5124 = LINE('',#5125,#5126);
#5125 = CARTESIAN_POINT('',(0.248682776163,-6.673246729651,94.4));
#5126 = VECTOR('',#5127,1.);
#5127 = DIRECTION('',(0.,0.,1.));
#5128 = ORIENTED_EDGE('',*,*,#4857,.F.);
#5129 = PLANE('',#5130);
#5130 = AXIS2_PLACEMENT_3D('',#5131,#5132,#5133);
#5131 = CARTESIAN_POINT('',(0.248682776163,-8.354069767442,94.4));
#5132 = DIRECTION('',(-1.,0.,0.));
#5133 = DIRECTION('',(0.,1.,0.));
#5134 = ADVANCED_FACE('',(#5135),#5153,.F.);
#5135 = FACE_BOUND('',#5136,.F.);
#5136 = EDGE_LOOP('',(#5137,#5145,#5151,#5152));
#5137 = ORIENTED_EDGE('',*,*,#5138,.T.);
#5138 = EDGE_CURVE('',#4868,#5139,#5141,.T.);
#5139 = VERTEX_POINT('',#5140);
#5140 = CARTESIAN_POINT('',(-0.899345930233,-8.354069767442,95.));
#5141 = LINE('',#5142,#5143);
#5142 = CARTESIAN_POINT('',(-0.899345930233,-8.354069767442,94.4));
#5143 = VECTOR('',#5144,1.);
#5144 = DIRECTION('',(0.,0.,1.));
#5145 = ORIENTED_EDGE('',*,*,#5146,.T.);
#5146 = EDGE_CURVE('',#5139,#5108,#5147,.T.);
#5147 = LINE('',#5148,#5149);
#5148 = CARTESIAN_POINT('',(-0.899345930233,-8.354069767442,95.));
#5149 = VECTOR('',#5150,1.);
#5150 = DIRECTION('',(1.,0.,0.));
#5151 = ORIENTED_EDGE('',*,*,#5107,.F.);
#5152 = ORIENTED_EDGE('',*,*,#4867,.F.);
#5153 = PLANE('',#5154);
#5154 = AXIS2_PLACEMENT_3D('',#5155,#5156,#5157);
#5155 = CARTESIAN_POINT('',(-0.899345930233,-8.354069767442,94.4));
#5156 = DIRECTION('',(0.,1.,0.));
#5157 = DIRECTION('',(1.,0.,0.));
#5158 = ADVANCED_FACE('',(#5159),#5170,.F.);
#5159 = FACE_BOUND('',#5160,.F.);
#5160 = EDGE_LOOP('',(#5161,#5162,#5168,#5169));
#5161 = ORIENTED_EDGE('',*,*,#5123,.T.);
#5162 = ORIENTED_EDGE('',*,*,#5163,.T.);
#5163 = EDGE_CURVE('',#5116,#5139,#5164,.T.);
#5164 = LINE('',#5165,#5166);
#5165 = CARTESIAN_POINT('',(0.248682776163,-6.673246729651,95.));
#5166 = VECTOR('',#5167,1.);
#5167 = DIRECTION('',(-0.564011752037,-0.825766760995,0.));
#5168 = ORIENTED_EDGE('',*,*,#5138,.F.);
#5169 = ORIENTED_EDGE('',*,*,#4875,.F.);
#5170 = PLANE('',#5171);
#5171 = AXIS2_PLACEMENT_3D('',#5172,#5173,#5174);
#5172 = CARTESIAN_POINT('',(0.248682776163,-6.673246729651,94.4));
#5173 = DIRECTION('',(0.825766760995,-0.564011752037,0.));
#5174 = DIRECTION('',(-0.564011752037,-0.825766760995,0.));
#5175 = ADVANCED_FACE('',(#5176),#5201,.F.);
#5176 = FACE_BOUND('',#5177,.F.);
#5177 = EDGE_LOOP('',(#5178,#5186,#5194,#5200));
#5178 = ORIENTED_EDGE('',*,*,#5179,.T.);
#5179 = EDGE_CURVE('',#4938,#5180,#5182,.T.);
#5180 = VERTEX_POINT('',#5181);
#5181 = CARTESIAN_POINT('',(5.26339934593,-7.307558139535,95.));
#5182 = LINE('',#5183,#5184);
#5183 = CARTESIAN_POINT('',(5.26339934593,-7.307558139535,94.4));
#5184 = VECTOR('',#5185,1.);
#5185 = DIRECTION('',(0.,0.,1.));
#5186 = ORIENTED_EDGE('',*,*,#5187,.T.);
#5187 = EDGE_CURVE('',#5180,#5188,#5190,.T.);
#5188 = VERTEX_POINT('',#5189);
#5189 = CARTESIAN_POINT('',(6.009447674419,-7.307558139535,95.));
#5190 = LINE('',#5191,#5192);
#5191 = CARTESIAN_POINT('',(5.26339934593,-7.307558139535,95.));
#5192 = VECTOR('',#5193,1.);
#5193 = DIRECTION('',(1.,0.,0.));
#5194 = ORIENTED_EDGE('',*,*,#5195,.F.);
#5195 = EDGE_CURVE('',#4940,#5188,#5196,.T.);
#5196 = LINE('',#5197,#5198);
#5197 = CARTESIAN_POINT('',(6.009447674419,-7.307558139535,94.4));
#5198 = VECTOR('',#5199,1.);
#5199 = DIRECTION('',(0.,0.,1.));
#5200 = ORIENTED_EDGE('',*,*,#4937,.F.);
#5201 = PLANE('',#5202);
#5202 = AXIS2_PLACEMENT_3D('',#5203,#5204,#5205);
#5203 = CARTESIAN_POINT('',(5.26339934593,-7.307558139535,94.4));
#5204 = DIRECTION('',(0.,1.,0.));
#5205 = DIRECTION('',(1.,0.,0.));
#5206 = ADVANCED_FACE('',(#5207),#5225,.F.);
#5207 = FACE_BOUND('',#5208,.F.);
#5208 = EDGE_LOOP('',(#5209,#5217,#5223,#5224));
#5209 = ORIENTED_EDGE('',*,*,#5210,.T.);
#5210 = EDGE_CURVE('',#4948,#5211,#5213,.T.);
#5211 = VERTEX_POINT('',#5212);
#5212 = CARTESIAN_POINT('',(5.26339934593,-6.043023255814,95.));
#5213 = LINE('',#5214,#5215);
#5214 = CARTESIAN_POINT('',(5.26339934593,-6.043023255814,94.4));
#5215 = VECTOR('',#5216,1.);
#5216 = DIRECTION('',(0.,0.,1.));
#5217 = ORIENTED_EDGE('',*,*,#5218,.T.);
#5218 = EDGE_CURVE('',#5211,#5180,#5219,.T.);
#5219 = LINE('',#5220,#5221);
#5220 = CARTESIAN_POINT('',(5.26339934593,-6.043023255814,95.));
#5221 = VECTOR('',#5222,1.);
#5222 = DIRECTION('',(0.,-1.,0.));
#5223 = ORIENTED_EDGE('',*,*,#5179,.F.);
#5224 = ORIENTED_EDGE('',*,*,#4947,.F.);
#5225 = PLANE('',#5226);
#5226 = AXIS2_PLACEMENT_3D('',#5227,#5228,#5229);
#5227 = CARTESIAN_POINT('',(5.26339934593,-6.043023255814,94.4));
#5228 = DIRECTION('',(1.,0.,0.));
#5229 = DIRECTION('',(0.,-1.,0.));
#5230 = ADVANCED_FACE('',(#5231),#5249,.F.);
#5231 = FACE_BOUND('',#5232,.F.);
#5232 = EDGE_LOOP('',(#5233,#5241,#5247,#5248));
#5233 = ORIENTED_EDGE('',*,*,#5234,.T.);
#5234 = EDGE_CURVE('',#4956,#5235,#5237,.T.);
#5235 = VERTEX_POINT('',#5236);
#5236 = CARTESIAN_POINT('',(6.050327034884,-6.043023255814,95.));
#5237 = LINE('',#5238,#5239);
#5238 = CARTESIAN_POINT('',(6.050327034884,-6.043023255814,94.4));
#5239 = VECTOR('',#5240,1.);
#5240 = DIRECTION('',(0.,0.,1.));
#5241 = ORIENTED_EDGE('',*,*,#5242,.T.);
#5242 = EDGE_CURVE('',#5235,#5211,#5243,.T.);
#5243 = LINE('',#5244,#5245);
#5244 = CARTESIAN_POINT('',(6.050327034884,-6.043023255814,95.));
#5245 = VECTOR('',#5246,1.);
#5246 = DIRECTION('',(-1.,0.,0.));
#5247 = ORIENTED_EDGE('',*,*,#5210,.F.);
#5248 = ORIENTED_EDGE('',*,*,#4955,.F.);
#5249 = PLANE('',#5250);
#5250 = AXIS2_PLACEMENT_3D('',#5251,#5252,#5253);
#5251 = CARTESIAN_POINT('',(6.050327034884,-6.043023255814,94.4));
#5252 = DIRECTION('',(0.,-1.,0.));
#5253 = DIRECTION('',(-1.,0.,0.));
#5254 = ADVANCED_FACE('',(#5255),#5273,.F.);
#5255 = FACE_BOUND('',#5256,.F.);
#5256 = EDGE_LOOP('',(#5257,#5265,#5271,#5272));
#5257 = ORIENTED_EDGE('',*,*,#5258,.T.);
#5258 = EDGE_CURVE('',#4964,#5259,#5261,.T.);
#5259 = VERTEX_POINT('',#5260);
#5260 = CARTESIAN_POINT('',(6.786155523256,-6.060056322674,95.));
#5261 = LINE('',#5262,#5263);
#5262 = CARTESIAN_POINT('',(6.786155523256,-6.060056322674,94.4));
#5263 = VECTOR('',#5264,1.);
#5264 = DIRECTION('',(0.,0.,1.));
#5265 = ORIENTED_EDGE('',*,*,#5266,.T.);
#5266 = EDGE_CURVE('',#5259,#5235,#5267,.T.);
#5267 = B_SPLINE_CURVE_WITH_KNOTS('',2,(#5268,#5269,#5270),
  .UNSPECIFIED.,.F.,.F.,(3,3),(0.,1.),.PIECEWISE_BEZIER_KNOTS.);
#5268 = CARTESIAN_POINT('',(6.786155523256,-6.060056322674,95.));
#5269 = CARTESIAN_POINT('',(6.66351744186,-6.043023255814,95.));
#5270 = CARTESIAN_POINT('',(6.050327034884,-6.043023255814,95.));
#5271 = ORIENTED_EDGE('',*,*,#5234,.F.);
#5272 = ORIENTED_EDGE('',*,*,#4963,.F.);
#5273 = SURFACE_OF_LINEAR_EXTRUSION('',#5274,#5278);
#5274 = B_SPLINE_CURVE_WITH_KNOTS('',2,(#5275,#5276,#5277),
  .UNSPECIFIED.,.F.,.F.,(3,3),(0.,1.),.PIECEWISE_BEZIER_KNOTS.);
#5275 = CARTESIAN_POINT('',(6.786155523256,-6.060056322674,94.4));
#5276 = CARTESIAN_POINT('',(6.66351744186,-6.043023255814,94.4));
#5277 = CARTESIAN_POINT('',(6.050327034884,-6.043023255814,94.4));
#5278 = VECTOR('',#5279,1.);
#5279 = DIRECTION('',(-0.,-0.,-1.));
#5280 = ADVANCED_FACE('',(#5281),#5299,.F.);
#5281 = FACE_BOUND('',#5282,.F.);
#5282 = EDGE_LOOP('',(#5283,#5291,#5297,#5298));
#5283 = ORIENTED_EDGE('',*,*,#5284,.T.);
#5284 = EDGE_CURVE('',#4972,#5285,#5287,.T.);
#5285 = VERTEX_POINT('',#5286);
#5286 = CARTESIAN_POINT('',(7.165879360465,-6.255595930233,95.));
#5287 = LINE('',#5288,#5289);
#5288 = CARTESIAN_POINT('',(7.165879360465,-6.255595930233,94.4));
#5289 = VECTOR('',#5290,1.);
#5290 = DIRECTION('',(0.,0.,1.));
#5291 = ORIENTED_EDGE('',*,*,#5292,.T.);
#5292 = EDGE_CURVE('',#5285,#5259,#5293,.T.);
#5293 = B_SPLINE_CURVE_WITH_KNOTS('',2,(#5294,#5295,#5296),
  .UNSPECIFIED.,.F.,.F.,(3,3),(0.,1.),.PIECEWISE_BEZIER_KNOTS.);
#5294 = CARTESIAN_POINT('',(7.165879360465,-6.255595930233,95.));
#5295 = CARTESIAN_POINT('',(7.031431686047,-6.100708575581,95.));
#5296 = CARTESIAN_POINT('',(6.786155523256,-6.060056322674,95.));
#5297 = ORIENTED_EDGE('',*,*,#5258,.F.);
#5298 = ORIENTED_EDGE('',*,*,#4971,.F.);
#5299 = SURFACE_OF_LINEAR_EXTRUSION('',#5300,#5304);
#5300 = B_SPLINE_CURVE_WITH_KNOTS('',2,(#5301,#5302,#5303),
  .UNSPECIFIED.,.F.,.F.,(3,3),(0.,1.),.PIECEWISE_BEZIER_KNOTS.);
#5301 = CARTESIAN_POINT('',(7.165879360465,-6.255595930233,94.4));
#5302 = CARTESIAN_POINT('',(7.031431686047,-6.100708575581,94.4));
#5303 = CARTESIAN_POINT('',(6.786155523256,-6.060056322674,94.4));
#5304 = VECTOR('',#5305,1.);
#5305 = DIRECTION('',(-0.,-0.,-1.));
#5306 = ADVANCED_FACE('',(#5307),#5325,.F.);
#5307 = FACE_BOUND('',#5308,.F.);
#5308 = EDGE_LOOP('',(#5309,#5317,#5323,#5324));
#5309 = ORIENTED_EDGE('',*,*,#5310,.T.);
#5310 = EDGE_CURVE('',#4980,#5311,#5313,.T.);
#5311 = VERTEX_POINT('',#5312);
#5312 = CARTESIAN_POINT('',(7.300554142442,-6.661664244186,95.));
#5313 = LINE('',#5314,#5315);
#5314 = CARTESIAN_POINT('',(7.300554142442,-6.661664244186,94.4));
#5315 = VECTOR('',#5316,1.);
#5316 = DIRECTION('',(0.,0.,1.));
#5317 = ORIENTED_EDGE('',*,*,#5318,.T.);
#5318 = EDGE_CURVE('',#5311,#5285,#5319,.T.);
#5319 = B_SPLINE_CURVE_WITH_KNOTS('',2,(#5320,#5321,#5322),
  .UNSPECIFIED.,.F.,.F.,(3,3),(0.,1.),.PIECEWISE_BEZIER_KNOTS.);
#5320 = CARTESIAN_POINT('',(7.300554142442,-6.661664244186,95.));
#5321 = CARTESIAN_POINT('',(7.300554142442,-6.410256177326,95.));
#5322 = CARTESIAN_POINT('',(7.165879360465,-6.255595930233,95.));
#5323 = ORIENTED_EDGE('',*,*,#5284,.F.);
#5324 = ORIENTED_EDGE('',*,*,#4979,.F.);
#5325 = SURFACE_OF_LINEAR_EXTRUSION('',#5326,#5330);
#5326 = B_SPLINE_CURVE_WITH_KNOTS('',2,(#5327,#5328,#5329),
  .UNSPECIFIED.,.F.,.F.,(3,3),(0.,1.),.PIECEWISE_BEZIER_KNOTS.);
#5327 = CARTESIAN_POINT('',(7.300554142442,-6.661664244186,94.4));
#5328 = CARTESIAN_POINT('',(7.300554142442,-6.410256177326,94.4));
#5329 = CARTESIAN_POINT('',(7.165879360465,-6.255595930233,94.4));
#5330 = VECTOR('',#5331,1.);
#5331 = DIRECTION('',(-0.,-0.,-1.));
#5332 = ADVANCED_FACE('',(#5333),#5351,.F.);
#5333 = FACE_BOUND('',#5334,.F.);
#5334 = EDGE_LOOP('',(#5335,#5343,#5349,#5350));
#5335 = ORIENTED_EDGE('',*,*,#5336,.T.);
#5336 = EDGE_CURVE('',#4988,#5337,#5339,.T.);
#5337 = VERTEX_POINT('',#5338);
#5338 = CARTESIAN_POINT('',(7.198355741279,-7.035710392442,95.));
#5339 = LINE('',#5340,#5341);
#5340 = CARTESIAN_POINT('',(7.198355741279,-7.035710392442,94.4));
#5341 = VECTOR('',#5342,1.);
#5342 = DIRECTION('',(0.,0.,1.));
#5343 = ORIENTED_EDGE('',*,*,#5344,.T.);
#5344 = EDGE_CURVE('',#5337,#5311,#5345,.T.);
#5345 = B_SPLINE_CURVE_WITH_KNOTS('',2,(#5346,#5347,#5348),
  .UNSPECIFIED.,.F.,.F.,(3,3),(0.,1.),.PIECEWISE_BEZIER_KNOTS.);
#5346 = CARTESIAN_POINT('',(7.198355741279,-7.035710392442,95.));
#5347 = CARTESIAN_POINT('',(7.300554142442,-6.886046511628,95.));
#5348 = CARTESIAN_POINT('',(7.300554142442,-6.661664244186,95.));
#5349 = ORIENTED_EDGE('',*,*,#5310,.F.);
#5350 = ORIENTED_EDGE('',*,*,#4987,.F.);
#5351 = SURFACE_OF_LINEAR_EXTRUSION('',#5352,#5356);
#5352 = B_SPLINE_CURVE_WITH_KNOTS('',2,(#5353,#5354,#5355),
  .UNSPECIFIED.,.F.,.F.,(3,3),(0.,1.),.PIECEWISE_BEZIER_KNOTS.);
#5353 = CARTESIAN_POINT('',(7.198355741279,-7.035710392442,94.4));
#5354 = CARTESIAN_POINT('',(7.300554142442,-6.886046511628,94.4));
#5355 = CARTESIAN_POINT('',(7.300554142442,-6.661664244186,94.4));
#5356 = VECTOR('',#5357,1.);
#5357 = DIRECTION('',(-0.,-0.,-1.));
#5358 = ADVANCED_FACE('',(#5359),#5377,.F.);
#5359 = FACE_BOUND('',#5360,.F.);
#5360 = EDGE_LOOP('',(#5361,#5369,#5375,#5376));
#5361 = ORIENTED_EDGE('',*,*,#5362,.T.);
#5362 = EDGE_CURVE('',#4996,#5363,#5365,.T.);
#5363 = VERTEX_POINT('',#5364);
#5364 = CARTESIAN_POINT('',(6.915606831395,-7.246466206395,95.));
#5365 = LINE('',#5366,#5367);
#5366 = CARTESIAN_POINT('',(6.915606831395,-7.246466206395,94.4));
#5367 = VECTOR('',#5368,1.);
#5368 = DIRECTION('',(0.,0.,1.));
#5369 = ORIENTED_EDGE('',*,*,#5370,.T.);
#5370 = EDGE_CURVE('',#5363,#5337,#5371,.T.);
#5371 = B_SPLINE_CURVE_WITH_KNOTS('',2,(#5372,#5373,#5374),
  .UNSPECIFIED.,.F.,.F.,(3,3),(0.,1.),.PIECEWISE_BEZIER_KNOTS.);
#5372 = CARTESIAN_POINT('',(6.915606831395,-7.246466206395,95.));
#5373 = CARTESIAN_POINT('',(7.096157340116,-7.185147165698,95.));
#5374 = CARTESIAN_POINT('',(7.198355741279,-7.035710392442,95.));
#5375 = ORIENTED_EDGE('',*,*,#5336,.F.);
#5376 = ORIENTED_EDGE('',*,*,#4995,.F.);
#5377 = SURFACE_OF_LINEAR_EXTRUSION('',#5378,#5382);
#5378 = B_SPLINE_CURVE_WITH_KNOTS('',2,(#5379,#5380,#5381),
  .UNSPECIFIED.,.F.,.F.,(3,3),(0.,1.),.PIECEWISE_BEZIER_KNOTS.);
#5379 = CARTESIAN_POINT('',(6.915606831395,-7.246466206395,94.4));
#5380 = CARTESIAN_POINT('',(7.096157340116,-7.185147165698,94.4));
#5381 = CARTESIAN_POINT('',(7.198355741279,-7.035710392442,94.4));
#5382 = VECTOR('',#5383,1.);
#5383 = DIRECTION('',(-0.,-0.,-1.));
#5384 = ADVANCED_FACE('',(#5385),#5396,.F.);
#5385 = FACE_BOUND('',#5386,.F.);
#5386 = EDGE_LOOP('',(#5387,#5388,#5394,#5395));
#5387 = ORIENTED_EDGE('',*,*,#5195,.T.);
#5388 = ORIENTED_EDGE('',*,*,#5389,.T.);
#5389 = EDGE_CURVE('',#5188,#5363,#5390,.T.);
#5390 = B_SPLINE_CURVE_WITH_KNOTS('',2,(#5391,#5392,#5393),
  .UNSPECIFIED.,.F.,.F.,(3,3),(0.,1.),.PIECEWISE_BEZIER_KNOTS.);
#5391 = CARTESIAN_POINT('',(6.009447674419,-7.307558139535,95.));
#5392 = CARTESIAN_POINT('',(6.735056322674,-7.307558139535,95.));
#5393 = CARTESIAN_POINT('',(6.915606831395,-7.246466206395,95.));
#5394 = ORIENTED_EDGE('',*,*,#5362,.F.);
#5395 = ORIENTED_EDGE('',*,*,#5003,.F.);
#5396 = SURFACE_OF_LINEAR_EXTRUSION('',#5397,#5401);
#5397 = B_SPLINE_CURVE_WITH_KNOTS('',2,(#5398,#5399,#5400),
  .UNSPECIFIED.,.F.,.F.,(3,3),(0.,1.),.PIECEWISE_BEZIER_KNOTS.);
#5398 = CARTESIAN_POINT('',(6.009447674419,-7.307558139535,94.4));
#5399 = CARTESIAN_POINT('',(6.735056322674,-7.307558139535,94.4));
#5400 = CARTESIAN_POINT('',(6.915606831395,-7.246466206395,94.4));
#5401 = VECTOR('',#5402,1.);
#5402 = DIRECTION('',(-0.,-0.,-1.));
#5403 = ADVANCED_FACE('',(#5404),#5409,.T.);
#5404 = FACE_BOUND('',#5405,.T.);
#5405 = EDGE_LOOP('',(#5406,#5407,#5408));
#5406 = ORIENTED_EDGE('',*,*,#5146,.T.);
#5407 = ORIENTED_EDGE('',*,*,#5115,.T.);
#5408 = ORIENTED_EDGE('',*,*,#5163,.T.);
#5409 = PLANE('',#5410);
#5410 = AXIS2_PLACEMENT_3D('',#5411,#5412,#5413);
#5411 = CARTESIAN_POINT('',(0.,0.,95.));
#5412 = DIRECTION('',(0.,0.,1.));
#5413 = DIRECTION('',(1.,0.,0.));
#5414 = ADVANCED_FACE('',(#5415),#5426,.T.);
#5415 = FACE_BOUND('',#5416,.T.);
#5416 = EDGE_LOOP('',(#5417,#5418,#5419,#5420,#5421,#5422,#5423,#5424,
    #5425));
#5417 = ORIENTED_EDGE('',*,*,#5218,.T.);
#5418 = ORIENTED_EDGE('',*,*,#5187,.T.);
#5419 = ORIENTED_EDGE('',*,*,#5389,.T.);
#5420 = ORIENTED_EDGE('',*,*,#5370,.T.);
#5421 = ORIENTED_EDGE('',*,*,#5344,.T.);
#5422 = ORIENTED_EDGE('',*,*,#5318,.T.);
#5423 = ORIENTED_EDGE('',*,*,#5292,.T.);
#5424 = ORIENTED_EDGE('',*,*,#5266,.T.);
#5425 = ORIENTED_EDGE('',*,*,#5242,.T.);
#5426 = PLANE('',#5427);
#5427 = AXIS2_PLACEMENT_3D('',#5428,#5429,#5430);
#5428 = CARTESIAN_POINT('',(0.,0.,95.));
#5429 = DIRECTION('',(0.,0.,1.));
#5430 = DIRECTION('',(1.,0.,0.));
#5431 = MANIFOLD_SOLID_BREP('',#5432);
#5432 = CLOSED_SHELL('',(#5433,#5473,#5504,#5535,#5566,#5597,#5628,#5659
    ,#5690,#5721,#5752,#5792,#5823,#5854,#5885,#5916,#5947,#5969,#6000,
    #6031,#6064,#6097));
#5433 = ADVANCED_FACE('',(#5434),#5468,.T.);
#5434 = FACE_BOUND('',#5435,.T.);
#5435 = EDGE_LOOP('',(#5436,#5446,#5454,#5462));
#5436 = ORIENTED_EDGE('',*,*,#5437,.F.);
#5437 = EDGE_CURVE('',#5438,#5440,#5442,.T.);
#5438 = VERTEX_POINT('',#5439);
#5439 = CARTESIAN_POINT('',(-7.25,4.,94.4));
#5440 = VERTEX_POINT('',#5441);
#5441 = CARTESIAN_POINT('',(-5.75,4.,94.4));
#5442 = LINE('',#5443,#5444);
#5443 = CARTESIAN_POINT('',(-7.25,4.,94.4));
#5444 = VECTOR('',#5445,1.);
#5445 = DIRECTION('',(1.,0.,0.));
#5446 = ORIENTED_EDGE('',*,*,#5447,.T.);
#5447 = EDGE_CURVE('',#5438,#5448,#5450,.T.);
#5448 = VERTEX_POINT('',#5449);
#5449 = CARTESIAN_POINT('',(-7.25,4.,95.));
#5450 = LINE('',#5451,#5452);
#5451 = CARTESIAN_POINT('',(-7.25,4.,94.4));
#5452 = VECTOR('',#5453,1.);
#5453 = DIRECTION('',(0.,0.,1.));
#5454 = ORIENTED_EDGE('',*,*,#5455,.T.);
#5455 = EDGE_CURVE('',#5448,#5456,#5458,.T.);
#5456 = VERTEX_POINT('',#5457);
#5457 = CARTESIAN_POINT('',(-5.75,4.,95.));
#5458 = LINE('',#5459,#5460);
#5459 = CARTESIAN_POINT('',(-7.25,4.,95.));
#5460 = VECTOR('',#5461,1.);
#5461 = DIRECTION('',(1.,0.,0.));
#5462 = ORIENTED_EDGE('',*,*,#5463,.F.);
#5463 = EDGE_CURVE('',#5440,#5456,#5464,.T.);
#5464 = LINE('',#5465,#5466);
#5465 = CARTESIAN_POINT('',(-5.75,4.,94.4));
#5466 = VECTOR('',#5467,1.);
#5467 = DIRECTION('',(0.,0.,1.));
#5468 = PLANE('',#5469);
#5469 = AXIS2_PLACEMENT_3D('',#5470,#5471,#5472);
#5470 = CARTESIAN_POINT('',(-7.25,4.,94.4));
#5471 = DIRECTION('',(0.,1.,0.));
#5472 = DIRECTION('',(0.,0.,1.));
#5473 = ADVANCED_FACE('',(#5474),#5499,.T.);
#5474 = FACE_BOUND('',#5475,.T.);
#5475 = EDGE_LOOP('',(#5476,#5484,#5492,#5498));
#5476 = ORIENTED_EDGE('',*,*,#5477,.F.);
#5477 = EDGE_CURVE('',#5478,#5456,#5480,.T.);
#5478 = VERTEX_POINT('',#5479);
#5479 = CARTESIAN_POINT('',(-5.75,0.75,95.));
#5480 = LINE('',#5481,#5482);
#5481 = CARTESIAN_POINT('',(-5.75,-4.,95.));
#5482 = VECTOR('',#5483,1.);
#5483 = DIRECTION('',(0.,1.,0.));
#5484 = ORIENTED_EDGE('',*,*,#5485,.F.);
#5485 = EDGE_CURVE('',#5486,#5478,#5488,.T.);
#5486 = VERTEX_POINT('',#5487);
#5487 = CARTESIAN_POINT('',(-5.75,0.75,94.4));
#5488 = LINE('',#5489,#5490);
#5489 = CARTESIAN_POINT('',(-5.75,0.75,94.4));
#5490 = VECTOR('',#5491,1.);
#5491 = DIRECTION('',(0.,0.,1.));
#5492 = ORIENTED_EDGE('',*,*,#5493,.T.);
#5493 = EDGE_CURVE('',#5486,#5440,#5494,.T.);
#5494 = LINE('',#5495,#5496);
#5495 = CARTESIAN_POINT('',(-5.75,-4.,94.4));
#5496 = VECTOR('',#5497,1.);
#5497 = DIRECTION('',(0.,1.,0.));
#5498 = ORIENTED_EDGE('',*,*,#5463,.T.);
#5499 = PLANE('',#5500);
#5500 = AXIS2_PLACEMENT_3D('',#5501,#5502,#5503);
#5501 = CARTESIAN_POINT('',(-5.75,-4.,94.4));
#5502 = DIRECTION('',(1.,0.,0.));
#5503 = DIRECTION('',(0.,0.,1.));
#5504 = ADVANCED_FACE('',(#5505),#5530,.T.);
#5505 = FACE_BOUND('',#5506,.T.);
#5506 = EDGE_LOOP('',(#5507,#5515,#5516,#5524));
#5507 = ORIENTED_EDGE('',*,*,#5508,.F.);
#5508 = EDGE_CURVE('',#5486,#5509,#5511,.T.);
#5509 = VERTEX_POINT('',#5510);
#5510 = CARTESIAN_POINT('',(-0.75,0.75,94.4));
#5511 = LINE('',#5512,#5513);
#5512 = CARTESIAN_POINT('',(-7.25,0.75,94.4));
#5513 = VECTOR('',#5514,1.);
#5514 = DIRECTION('',(1.,0.,0.));
#5515 = ORIENTED_EDGE('',*,*,#5485,.T.);
#5516 = ORIENTED_EDGE('',*,*,#5517,.T.);
#5517 = EDGE_CURVE('',#5478,#5518,#5520,.T.);
#5518 = VERTEX_POINT('',#5519);
#5519 = CARTESIAN_POINT('',(-0.75,0.75,95.));
#5520 = LINE('',#5521,#5522);
#5521 = CARTESIAN_POINT('',(-7.25,0.75,95.));
#5522 = VECTOR('',#5523,1.);
#5523 = DIRECTION('',(1.,0.,0.));
#5524 = ORIENTED_EDGE('',*,*,#5525,.F.);
#5525 = EDGE_CURVE('',#5509,#5518,#5526,.T.);
#5526 = LINE('',#5527,#5528);
#5527 = CARTESIAN_POINT('',(-0.75,0.75,94.4));
#5528 = VECTOR('',#5529,1.);
#5529 = DIRECTION('',(0.,0.,1.));
#5530 = PLANE('',#5531);
#5531 = AXIS2_PLACEMENT_3D('',#5532,#5533,#5534);
#5532 = CARTESIAN_POINT('',(-7.25,0.75,94.4));
#5533 = DIRECTION('',(0.,1.,0.));
#5534 = DIRECTION('',(0.,0.,1.));
#5535 = ADVANCED_FACE('',(#5536),#5561,.F.);
#5536 = FACE_BOUND('',#5537,.F.);
#5537 = EDGE_LOOP('',(#5538,#5546,#5547,#5555));
#5538 = ORIENTED_EDGE('',*,*,#5539,.F.);
#5539 = EDGE_CURVE('',#5518,#5540,#5542,.T.);
#5540 = VERTEX_POINT('',#5541);
#5541 = CARTESIAN_POINT('',(-0.75,4.,95.));
#5542 = LINE('',#5543,#5544);
#5543 = CARTESIAN_POINT('',(-0.75,-4.,95.));
#5544 = VECTOR('',#5545,1.);
#5545 = DIRECTION('',(0.,1.,0.));
#5546 = ORIENTED_EDGE('',*,*,#5525,.F.);
#5547 = ORIENTED_EDGE('',*,*,#5548,.T.);
#5548 = EDGE_CURVE('',#5509,#5549,#5551,.T.);
#5549 = VERTEX_POINT('',#5550);
#5550 = CARTESIAN_POINT('',(-0.75,4.,94.4));
#5551 = LINE('',#5552,#5553);
#5552 = CARTESIAN_POINT('',(-0.75,-4.,94.4));
#5553 = VECTOR('',#5554,1.);
#5554 = DIRECTION('',(0.,1.,0.));
#5555 = ORIENTED_EDGE('',*,*,#5556,.T.);
#5556 = EDGE_CURVE('',#5549,#5540,#5557,.T.);
#5557 = LINE('',#5558,#5559);
#5558 = CARTESIAN_POINT('',(-0.75,4.,94.4));
#5559 = VECTOR('',#5560,1.);
#5560 = DIRECTION('',(0.,0.,1.));
#5561 = PLANE('',#5562);
#5562 = AXIS2_PLACEMENT_3D('',#5563,#5564,#5565);
#5563 = CARTESIAN_POINT('',(-0.75,-4.,94.4));
#5564 = DIRECTION('',(1.,0.,0.));
#5565 = DIRECTION('',(0.,0.,1.));
#5566 = ADVANCED_FACE('',(#5567),#5592,.T.);
#5567 = FACE_BOUND('',#5568,.T.);
#5568 = EDGE_LOOP('',(#5569,#5577,#5578,#5586));
#5569 = ORIENTED_EDGE('',*,*,#5570,.F.);
#5570 = EDGE_CURVE('',#5549,#5571,#5573,.T.);
#5571 = VERTEX_POINT('',#5572);
#5572 = CARTESIAN_POINT('',(0.75,4.,94.4));
#5573 = LINE('',#5574,#5575);
#5574 = CARTESIAN_POINT('',(-0.75,4.,94.4));
#5575 = VECTOR('',#5576,1.);
#5576 = DIRECTION('',(1.,0.,0.));
#5577 = ORIENTED_EDGE('',*,*,#5556,.T.);
#5578 = ORIENTED_EDGE('',*,*,#5579,.T.);
#5579 = EDGE_CURVE('',#5540,#5580,#5582,.T.);
#5580 = VERTEX_POINT('',#5581);
#5581 = CARTESIAN_POINT('',(0.75,4.,95.));
#5582 = LINE('',#5583,#5584);
#5583 = CARTESIAN_POINT('',(-0.75,4.,95.));
#5584 = VECTOR('',#5585,1.);
#5585 = DIRECTION('',(1.,0.,0.));
#5586 = ORIENTED_EDGE('',*,*,#5587,.F.);
#5587 = EDGE_CURVE('',#5571,#5580,#5588,.T.);
#5588 = LINE('',#5589,#5590);
#5589 = CARTESIAN_POINT('',(0.75,4.,94.4));
#5590 = VECTOR('',#5591,1.);
#5591 = DIRECTION('',(0.,0.,1.));
#5592 = PLANE('',#5593);
#5593 = AXIS2_PLACEMENT_3D('',#5594,#5595,#5596);
#5594 = CARTESIAN_POINT('',(-0.75,4.,94.4));
#5595 = DIRECTION('',(0.,1.,0.));
#5596 = DIRECTION('',(0.,0.,1.));
#5597 = ADVANCED_FACE('',(#5598),#5623,.T.);
#5598 = FACE_BOUND('',#5599,.T.);
#5599 = EDGE_LOOP('',(#5600,#5608,#5616,#5622));
#5600 = ORIENTED_EDGE('',*,*,#5601,.F.);
#5601 = EDGE_CURVE('',#5602,#5580,#5604,.T.);
#5602 = VERTEX_POINT('',#5603);
#5603 = CARTESIAN_POINT('',(0.75,0.75,95.));
#5604 = LINE('',#5605,#5606);
#5605 = CARTESIAN_POINT('',(0.75,-4.,95.));
#5606 = VECTOR('',#5607,1.);
#5607 = DIRECTION('',(0.,1.,0.));
#5608 = ORIENTED_EDGE('',*,*,#5609,.F.);
#5609 = EDGE_CURVE('',#5610,#5602,#5612,.T.);
#5610 = VERTEX_POINT('',#5611);
#5611 = CARTESIAN_POINT('',(0.75,0.75,94.4));
#5612 = LINE('',#5613,#5614);
#5613 = CARTESIAN_POINT('',(0.75,0.75,94.4));
#5614 = VECTOR('',#5615,1.);
#5615 = DIRECTION('',(0.,0.,1.));
#5616 = ORIENTED_EDGE('',*,*,#5617,.T.);
#5617 = EDGE_CURVE('',#5610,#5571,#5618,.T.);
#5618 = LINE('',#5619,#5620);
#5619 = CARTESIAN_POINT('',(0.75,-4.,94.4));
#5620 = VECTOR('',#5621,1.);
#5621 = DIRECTION('',(0.,1.,0.));
#5622 = ORIENTED_EDGE('',*,*,#5587,.T.);
#5623 = PLANE('',#5624);
#5624 = AXIS2_PLACEMENT_3D('',#5625,#5626,#5627);
#5625 = CARTESIAN_POINT('',(0.75,-4.,94.4));
#5626 = DIRECTION('',(1.,0.,0.));
#5627 = DIRECTION('',(0.,0.,1.));
#5628 = ADVANCED_FACE('',(#5629),#5654,.T.);
#5629 = FACE_BOUND('',#5630,.T.);
#5630 = EDGE_LOOP('',(#5631,#5639,#5640,#5648));
#5631 = ORIENTED_EDGE('',*,*,#5632,.F.);
#5632 = EDGE_CURVE('',#5610,#5633,#5635,.T.);
#5633 = VERTEX_POINT('',#5634);
#5634 = CARTESIAN_POINT('',(5.75,0.75,94.4));
#5635 = LINE('',#5636,#5637);
#5636 = CARTESIAN_POINT('',(-7.25,0.75,94.4));
#5637 = VECTOR('',#5638,1.);
#5638 = DIRECTION('',(1.,0.,0.));
#5639 = ORIENTED_EDGE('',*,*,#5609,.T.);
#5640 = ORIENTED_EDGE('',*,*,#5641,.T.);
#5641 = EDGE_CURVE('',#5602,#5642,#5644,.T.);
#5642 = VERTEX_POINT('',#5643);
#5643 = CARTESIAN_POINT('',(5.75,0.75,95.));
#5644 = LINE('',#5645,#5646);
#5645 = CARTESIAN_POINT('',(-7.25,0.75,95.));
#5646 = VECTOR('',#5647,1.);
#5647 = DIRECTION('',(1.,0.,0.));
#5648 = ORIENTED_EDGE('',*,*,#5649,.F.);
#5649 = EDGE_CURVE('',#5633,#5642,#5650,.T.);
#5650 = LINE('',#5651,#5652);
#5651 = CARTESIAN_POINT('',(5.75,0.75,94.4));
#5652 = VECTOR('',#5653,1.);
#5653 = DIRECTION('',(0.,0.,1.));
#5654 = PLANE('',#5655);
#5655 = AXIS2_PLACEMENT_3D('',#5656,#5657,#5658);
#5656 = CARTESIAN_POINT('',(-7.25,0.75,94.4));
#5657 = DIRECTION('',(0.,1.,0.));
#5658 = DIRECTION('',(0.,0.,1.));
#5659 = ADVANCED_FACE('',(#5660),#5685,.F.);
#5660 = FACE_BOUND('',#5661,.F.);
#5661 = EDGE_LOOP('',(#5662,#5670,#5671,#5679));
#5662 = ORIENTED_EDGE('',*,*,#5663,.F.);
#5663 = EDGE_CURVE('',#5642,#5664,#5666,.T.);
#5664 = VERTEX_POINT('',#5665);
#5665 = CARTESIAN_POINT('',(5.75,4.,95.));
#5666 = LINE('',#5667,#5668);
#5667 = CARTESIAN_POINT('',(5.75,-4.,95.));
#5668 = VECTOR('',#5669,1.);
#5669 = DIRECTION('',(0.,1.,0.));
#5670 = ORIENTED_EDGE('',*,*,#5649,.F.);
#5671 = ORIENTED_EDGE('',*,*,#5672,.T.);
#5672 = EDGE_CURVE('',#5633,#5673,#5675,.T.);
#5673 = VERTEX_POINT('',#5674);
#5674 = CARTESIAN_POINT('',(5.75,4.,94.4));
#5675 = LINE('',#5676,#5677);
#5676 = CARTESIAN_POINT('',(5.75,-4.,94.4));
#5677 = VECTOR('',#5678,1.);
#5678 = DIRECTION('',(0.,1.,0.));
#5679 = ORIENTED_EDGE('',*,*,#5680,.T.);
#5680 = EDGE_CURVE('',#5673,#5664,#5681,.T.);
#5681 = LINE('',#5682,#5683);
#5682 = CARTESIAN_POINT('',(5.75,4.,94.4));
#5683 = VECTOR('',#5684,1.);
#5684 = DIRECTION('',(0.,0.,1.));
#5685 = PLANE('',#5686);
#5686 = AXIS2_PLACEMENT_3D('',#5687,#5688,#5689);
#5687 = CARTESIAN_POINT('',(5.75,-4.,94.4));
#5688 = DIRECTION('',(1.,0.,0.));
#5689 = DIRECTION('',(0.,0.,1.));
#5690 = ADVANCED_FACE('',(#5691),#5716,.T.);
#5691 = FACE_BOUND('',#5692,.T.);
#5692 = EDGE_LOOP('',(#5693,#5701,#5702,#5710));
#5693 = ORIENTED_EDGE('',*,*,#5694,.F.);
#5694 = EDGE_CURVE('',#5673,#5695,#5697,.T.);
#5695 = VERTEX_POINT('',#5696);
#5696 = CARTESIAN_POINT('',(7.25,4.,94.4));
#5697 = LINE('',#5698,#5699);
#5698 = CARTESIAN_POINT('',(5.75,4.,94.4));
#5699 = VECTOR('',#5700,1.);
#5700 = DIRECTION('',(1.,0.,0.));
#5701 = ORIENTED_EDGE('',*,*,#5680,.T.);
#5702 = ORIENTED_EDGE('',*,*,#5703,.T.);
#5703 = EDGE_CURVE('',#5664,#5704,#5706,.T.);
#5704 = VERTEX_POINT('',#5705);
#5705 = CARTESIAN_POINT('',(7.25,4.,95.));
#5706 = LINE('',#5707,#5708);
#5707 = CARTESIAN_POINT('',(5.75,4.,95.));
#5708 = VECTOR('',#5709,1.);
#5709 = DIRECTION('',(1.,0.,0.));
#5710 = ORIENTED_EDGE('',*,*,#5711,.F.);
#5711 = EDGE_CURVE('',#5695,#5704,#5712,.T.);
#5712 = LINE('',#5713,#5714);
#5713 = CARTESIAN_POINT('',(7.25,4.,94.4));
#5714 = VECTOR('',#5715,1.);
#5715 = DIRECTION('',(0.,0.,1.));
#5716 = PLANE('',#5717);
#5717 = AXIS2_PLACEMENT_3D('',#5718,#5719,#5720);
#5718 = CARTESIAN_POINT('',(5.75,4.,94.4));
#5719 = DIRECTION('',(0.,1.,0.));
#5720 = DIRECTION('',(0.,0.,1.));
#5721 = ADVANCED_FACE('',(#5722),#5747,.F.);
#5722 = FACE_BOUND('',#5723,.T.);
#5723 = EDGE_LOOP('',(#5724,#5732,#5733,#5741));
#5724 = ORIENTED_EDGE('',*,*,#5725,.T.);
#5725 = EDGE_CURVE('',#5726,#5448,#5728,.T.);
#5726 = VERTEX_POINT('',#5727);
#5727 = CARTESIAN_POINT('',(-7.25,-4.,95.));
#5728 = LINE('',#5729,#5730);
#5729 = CARTESIAN_POINT('',(-7.25,-4.,95.));
#5730 = VECTOR('',#5731,1.);
#5731 = DIRECTION('',(0.,1.,0.));
#5732 = ORIENTED_EDGE('',*,*,#5447,.F.);
#5733 = ORIENTED_EDGE('',*,*,#5734,.F.);
#5734 = EDGE_CURVE('',#5735,#5438,#5737,.T.);
#5735 = VERTEX_POINT('',#5736);
#5736 = CARTESIAN_POINT('',(-7.25,-4.,94.4));
#5737 = LINE('',#5738,#5739);
#5738 = CARTESIAN_POINT('',(-7.25,-4.,94.4));
#5739 = VECTOR('',#5740,1.);
#5740 = DIRECTION('',(0.,1.,0.));
#5741 = ORIENTED_EDGE('',*,*,#5742,.T.);
#5742 = EDGE_CURVE('',#5735,#5726,#5743,.T.);
#5743 = LINE('',#5744,#5745);
#5744 = CARTESIAN_POINT('',(-7.25,-4.,94.4));
#5745 = VECTOR('',#5746,1.);
#5746 = DIRECTION('',(0.,0.,1.));
#5747 = PLANE('',#5748);
#5748 = AXIS2_PLACEMENT_3D('',#5749,#5750,#5751);
#5749 = CARTESIAN_POINT('',(-7.25,-4.,94.4));
#5750 = DIRECTION('',(1.,0.,0.));
#5751 = DIRECTION('',(0.,0.,1.));
#5752 = ADVANCED_FACE('',(#5753),#5787,.F.);
#5753 = FACE_BOUND('',#5754,.F.);
#5754 = EDGE_LOOP('',(#5755,#5765,#5773,#5781));
#5755 = ORIENTED_EDGE('',*,*,#5756,.F.);
#5756 = EDGE_CURVE('',#5757,#5759,#5761,.T.);
#5757 = VERTEX_POINT('',#5758);
#5758 = CARTESIAN_POINT('',(0.75,-0.75,94.4));
#5759 = VERTEX_POINT('',#5760);
#5760 = CARTESIAN_POINT('',(5.75,-0.75,94.4));
#5761 = LINE('',#5762,#5763);
#5762 = CARTESIAN_POINT('',(-7.25,-0.75,94.4));
#5763 = VECTOR('',#5764,1.);
#5764 = DIRECTION('',(1.,0.,0.));
#5765 = ORIENTED_EDGE('',*,*,#5766,.T.);
#5766 = EDGE_CURVE('',#5757,#5767,#5769,.T.);
#5767 = VERTEX_POINT('',#5768);
#5768 = CARTESIAN_POINT('',(0.75,-0.75,95.));
#5769 = LINE('',#5770,#5771);
#5770 = CARTESIAN_POINT('',(0.75,-0.75,94.4));
#5771 = VECTOR('',#5772,1.);
#5772 = DIRECTION('',(0.,0.,1.));
#5773 = ORIENTED_EDGE('',*,*,#5774,.T.);
#5774 = EDGE_CURVE('',#5767,#5775,#5777,.T.);
#5775 = VERTEX_POINT('',#5776);
#5776 = CARTESIAN_POINT('',(5.75,-0.75,95.));
#5777 = LINE('',#5778,#5779);
#5778 = CARTESIAN_POINT('',(-7.25,-0.75,95.));
#5779 = VECTOR('',#5780,1.);
#5780 = DIRECTION('',(1.,0.,0.));
#5781 = ORIENTED_EDGE('',*,*,#5782,.F.);
#5782 = EDGE_CURVE('',#5759,#5775,#5783,.T.);
#5783 = LINE('',#5784,#5785);
#5784 = CARTESIAN_POINT('',(5.75,-0.75,94.4));
#5785 = VECTOR('',#5786,1.);
#5786 = DIRECTION('',(0.,0.,1.));
#5787 = PLANE('',#5788);
#5788 = AXIS2_PLACEMENT_3D('',#5789,#5790,#5791);
#5789 = CARTESIAN_POINT('',(-7.25,-0.75,94.4));
#5790 = DIRECTION('',(0.,1.,0.));
#5791 = DIRECTION('',(0.,0.,1.));
#5792 = ADVANCED_FACE('',(#5793),#5818,.T.);
#5793 = FACE_BOUND('',#5794,.T.);
#5794 = EDGE_LOOP('',(#5795,#5803,#5811,#5817));
#5795 = ORIENTED_EDGE('',*,*,#5796,.F.);
#5796 = EDGE_CURVE('',#5797,#5767,#5799,.T.);
#5797 = VERTEX_POINT('',#5798);
#5798 = CARTESIAN_POINT('',(0.75,-4.,95.));
#5799 = LINE('',#5800,#5801);
#5800 = CARTESIAN_POINT('',(0.75,-4.,95.));
#5801 = VECTOR('',#5802,1.);
#5802 = DIRECTION('',(0.,1.,0.));
#5803 = ORIENTED_EDGE('',*,*,#5804,.F.);
#5804 = EDGE_CURVE('',#5805,#5797,#5807,.T.);
#5805 = VERTEX_POINT('',#5806);
#5806 = CARTESIAN_POINT('',(0.75,-4.,94.4));
#5807 = LINE('',#5808,#5809);
#5808 = CARTESIAN_POINT('',(0.75,-4.,94.4));
#5809 = VECTOR('',#5810,1.);
#5810 = DIRECTION('',(0.,0.,1.));
#5811 = ORIENTED_EDGE('',*,*,#5812,.T.);
#5812 = EDGE_CURVE('',#5805,#5757,#5813,.T.);
#5813 = LINE('',#5814,#5815);
#5814 = CARTESIAN_POINT('',(0.75,-4.,94.4));
#5815 = VECTOR('',#5816,1.);
#5816 = DIRECTION('',(0.,1.,0.));
#5817 = ORIENTED_EDGE('',*,*,#5766,.T.);
#5818 = PLANE('',#5819);
#5819 = AXIS2_PLACEMENT_3D('',#5820,#5821,#5822);
#5820 = CARTESIAN_POINT('',(0.75,-4.,94.4));
#5821 = DIRECTION('',(1.,0.,0.));
#5822 = DIRECTION('',(0.,0.,1.));
#5823 = ADVANCED_FACE('',(#5824),#5849,.F.);
#5824 = FACE_BOUND('',#5825,.F.);
#5825 = EDGE_LOOP('',(#5826,#5834,#5835,#5843));
#5826 = ORIENTED_EDGE('',*,*,#5827,.F.);
#5827 = EDGE_CURVE('',#5735,#5828,#5830,.T.);
#5828 = VERTEX_POINT('',#5829);
#5829 = CARTESIAN_POINT('',(-5.75,-4.,94.4));
#5830 = LINE('',#5831,#5832);
#5831 = CARTESIAN_POINT('',(-7.25,-4.,94.4));
#5832 = VECTOR('',#5833,1.);
#5833 = DIRECTION('',(1.,0.,0.));
#5834 = ORIENTED_EDGE('',*,*,#5742,.T.);
#5835 = ORIENTED_EDGE('',*,*,#5836,.T.);
#5836 = EDGE_CURVE('',#5726,#5837,#5839,.T.);
#5837 = VERTEX_POINT('',#5838);
#5838 = CARTESIAN_POINT('',(-5.75,-4.,95.));
#5839 = LINE('',#5840,#5841);
#5840 = CARTESIAN_POINT('',(-7.25,-4.,95.));
#5841 = VECTOR('',#5842,1.);
#5842 = DIRECTION('',(1.,0.,0.));
#5843 = ORIENTED_EDGE('',*,*,#5844,.F.);
#5844 = EDGE_CURVE('',#5828,#5837,#5845,.T.);
#5845 = LINE('',#5846,#5847);
#5846 = CARTESIAN_POINT('',(-5.75,-4.,94.4));
#5847 = VECTOR('',#5848,1.);
#5848 = DIRECTION('',(0.,0.,1.));
#5849 = PLANE('',#5850);
#5850 = AXIS2_PLACEMENT_3D('',#5851,#5852,#5853);
#5851 = CARTESIAN_POINT('',(-7.25,-4.,94.4));
#5852 = DIRECTION('',(0.,1.,0.));
#5853 = DIRECTION('',(0.,0.,1.));
#5854 = ADVANCED_FACE('',(#5855),#5880,.T.);
#5855 = FACE_BOUND('',#5856,.T.);
#5856 = EDGE_LOOP('',(#5857,#5865,#5866,#5874));
#5857 = ORIENTED_EDGE('',*,*,#5858,.F.);
#5858 = EDGE_CURVE('',#5837,#5859,#5861,.T.);
#5859 = VERTEX_POINT('',#5860);
#5860 = CARTESIAN_POINT('',(-5.75,-0.75,95.));
#5861 = LINE('',#5862,#5863);
#5862 = CARTESIAN_POINT('',(-5.75,-4.,95.));
#5863 = VECTOR('',#5864,1.);
#5864 = DIRECTION('',(0.,1.,0.));
#5865 = ORIENTED_EDGE('',*,*,#5844,.F.);
#5866 = ORIENTED_EDGE('',*,*,#5867,.T.);
#5867 = EDGE_CURVE('',#5828,#5868,#5870,.T.);
#5868 = VERTEX_POINT('',#5869);
#5869 = CARTESIAN_POINT('',(-5.75,-0.75,94.4));
#5870 = LINE('',#5871,#5872);
#5871 = CARTESIAN_POINT('',(-5.75,-4.,94.4));
#5872 = VECTOR('',#5873,1.);
#5873 = DIRECTION('',(0.,1.,0.));
#5874 = ORIENTED_EDGE('',*,*,#5875,.T.);
#5875 = EDGE_CURVE('',#5868,#5859,#5876,.T.);
#5876 = LINE('',#5877,#5878);
#5877 = CARTESIAN_POINT('',(-5.75,-0.75,94.4));
#5878 = VECTOR('',#5879,1.);
#5879 = DIRECTION('',(0.,0.,1.));
#5880 = PLANE('',#5881);
#5881 = AXIS2_PLACEMENT_3D('',#5882,#5883,#5884);
#5882 = CARTESIAN_POINT('',(-5.75,-4.,94.4));
#5883 = DIRECTION('',(1.,0.,0.));
#5884 = DIRECTION('',(0.,0.,1.));
#5885 = ADVANCED_FACE('',(#5886),#5911,.F.);
#5886 = FACE_BOUND('',#5887,.F.);
#5887 = EDGE_LOOP('',(#5888,#5896,#5897,#5905));
#5888 = ORIENTED_EDGE('',*,*,#5889,.F.);
#5889 = EDGE_CURVE('',#5868,#5890,#5892,.T.);
#5890 = VERTEX_POINT('',#5891);
#5891 = CARTESIAN_POINT('',(-0.75,-0.75,94.4));
#5892 = LINE('',#5893,#5894);
#5893 = CARTESIAN_POINT('',(-7.25,-0.75,94.4));
#5894 = VECTOR('',#5895,1.);
#5895 = DIRECTION('',(1.,0.,0.));
#5896 = ORIENTED_EDGE('',*,*,#5875,.T.);
#5897 = ORIENTED_EDGE('',*,*,#5898,.T.);
#5898 = EDGE_CURVE('',#5859,#5899,#5901,.T.);
#5899 = VERTEX_POINT('',#5900);
#5900 = CARTESIAN_POINT('',(-0.75,-0.75,95.));
#5901 = LINE('',#5902,#5903);
#5902 = CARTESIAN_POINT('',(-7.25,-0.75,95.));
#5903 = VECTOR('',#5904,1.);
#5904 = DIRECTION('',(1.,0.,0.));
#5905 = ORIENTED_EDGE('',*,*,#5906,.F.);
#5906 = EDGE_CURVE('',#5890,#5899,#5907,.T.);
#5907 = LINE('',#5908,#5909);
#5908 = CARTESIAN_POINT('',(-0.75,-0.75,94.4));
#5909 = VECTOR('',#5910,1.);
#5910 = DIRECTION('',(0.,0.,1.));
#5911 = PLANE('',#5912);
#5912 = AXIS2_PLACEMENT_3D('',#5913,#5914,#5915);
#5913 = CARTESIAN_POINT('',(-7.25,-0.75,94.4));
#5914 = DIRECTION('',(0.,1.,0.));
#5915 = DIRECTION('',(0.,0.,1.));
#5916 = ADVANCED_FACE('',(#5917),#5942,.F.);
#5917 = FACE_BOUND('',#5918,.F.);
#5918 = EDGE_LOOP('',(#5919,#5927,#5935,#5941));
#5919 = ORIENTED_EDGE('',*,*,#5920,.F.);
#5920 = EDGE_CURVE('',#5921,#5899,#5923,.T.);
#5921 = VERTEX_POINT('',#5922);
#5922 = CARTESIAN_POINT('',(-0.75,-4.,95.));
#5923 = LINE('',#5924,#5925);
#5924 = CARTESIAN_POINT('',(-0.75,-4.,95.));
#5925 = VECTOR('',#5926,1.);
#5926 = DIRECTION('',(0.,1.,0.));
#5927 = ORIENTED_EDGE('',*,*,#5928,.F.);
#5928 = EDGE_CURVE('',#5929,#5921,#5931,.T.);
#5929 = VERTEX_POINT('',#5930);
#5930 = CARTESIAN_POINT('',(-0.75,-4.,94.4));
#5931 = LINE('',#5932,#5933);
#5932 = CARTESIAN_POINT('',(-0.75,-4.,94.4));
#5933 = VECTOR('',#5934,1.);
#5934 = DIRECTION('',(0.,0.,1.));
#5935 = ORIENTED_EDGE('',*,*,#5936,.T.);
#5936 = EDGE_CURVE('',#5929,#5890,#5937,.T.);
#5937 = LINE('',#5938,#5939);
#5938 = CARTESIAN_POINT('',(-0.75,-4.,94.4));
#5939 = VECTOR('',#5940,1.);
#5940 = DIRECTION('',(0.,1.,0.));
#5941 = ORIENTED_EDGE('',*,*,#5906,.T.);
#5942 = PLANE('',#5943);
#5943 = AXIS2_PLACEMENT_3D('',#5944,#5945,#5946);
#5944 = CARTESIAN_POINT('',(-0.75,-4.,94.4));
#5945 = DIRECTION('',(1.,0.,0.));
#5946 = DIRECTION('',(0.,0.,1.));
#5947 = ADVANCED_FACE('',(#5948),#5964,.F.);
#5948 = FACE_BOUND('',#5949,.F.);
#5949 = EDGE_LOOP('',(#5950,#5956,#5957,#5963));
#5950 = ORIENTED_EDGE('',*,*,#5951,.F.);
#5951 = EDGE_CURVE('',#5929,#5805,#5952,.T.);
#5952 = LINE('',#5953,#5954);
#5953 = CARTESIAN_POINT('',(-0.75,-4.,94.4));
#5954 = VECTOR('',#5955,1.);
#5955 = DIRECTION('',(1.,0.,0.));
#5956 = ORIENTED_EDGE('',*,*,#5928,.T.);
#5957 = ORIENTED_EDGE('',*,*,#5958,.T.);
#5958 = EDGE_CURVE('',#5921,#5797,#5959,.T.);
#5959 = LINE('',#5960,#5961);
#5960 = CARTESIAN_POINT('',(-0.75,-4.,95.));
#5961 = VECTOR('',#5962,1.);
#5962 = DIRECTION('',(1.,0.,0.));
#5963 = ORIENTED_EDGE('',*,*,#5804,.F.);
#5964 = PLANE('',#5965);
#5965 = AXIS2_PLACEMENT_3D('',#5966,#5967,#5968);
#5966 = CARTESIAN_POINT('',(-0.75,-4.,94.4));
#5967 = DIRECTION('',(0.,1.,0.));
#5968 = DIRECTION('',(0.,0.,1.));
#5969 = ADVANCED_FACE('',(#5970),#5995,.F.);
#5970 = FACE_BOUND('',#5971,.F.);
#5971 = EDGE_LOOP('',(#5972,#5980,#5988,#5994));
#5972 = ORIENTED_EDGE('',*,*,#5973,.F.);
#5973 = EDGE_CURVE('',#5974,#5775,#5976,.T.);
#5974 = VERTEX_POINT('',#5975);
#5975 = CARTESIAN_POINT('',(5.75,-4.,95.));
#5976 = LINE('',#5977,#5978);
#5977 = CARTESIAN_POINT('',(5.75,-4.,95.));
#5978 = VECTOR('',#5979,1.);
#5979 = DIRECTION('',(0.,1.,0.));
#5980 = ORIENTED_EDGE('',*,*,#5981,.F.);
#5981 = EDGE_CURVE('',#5982,#5974,#5984,.T.);
#5982 = VERTEX_POINT('',#5983);
#5983 = CARTESIAN_POINT('',(5.75,-4.,94.4));
#5984 = LINE('',#5985,#5986);
#5985 = CARTESIAN_POINT('',(5.75,-4.,94.4));
#5986 = VECTOR('',#5987,1.);
#5987 = DIRECTION('',(0.,0.,1.));
#5988 = ORIENTED_EDGE('',*,*,#5989,.T.);
#5989 = EDGE_CURVE('',#5982,#5759,#5990,.T.);
#5990 = LINE('',#5991,#5992);
#5991 = CARTESIAN_POINT('',(5.75,-4.,94.4));
#5992 = VECTOR('',#5993,1.);
#5993 = DIRECTION('',(0.,1.,0.));
#5994 = ORIENTED_EDGE('',*,*,#5782,.T.);
#5995 = PLANE('',#5996);
#5996 = AXIS2_PLACEMENT_3D('',#5997,#5998,#5999);
#5997 = CARTESIAN_POINT('',(5.75,-4.,94.4));
#5998 = DIRECTION('',(1.,0.,0.));
#5999 = DIRECTION('',(0.,0.,1.));
#6000 = ADVANCED_FACE('',(#6001),#6026,.F.);
#6001 = FACE_BOUND('',#6002,.F.);
#6002 = EDGE_LOOP('',(#6003,#6011,#6012,#6020));
#6003 = ORIENTED_EDGE('',*,*,#6004,.F.);
#6004 = EDGE_CURVE('',#5982,#6005,#6007,.T.);
#6005 = VERTEX_POINT('',#6006);
#6006 = CARTESIAN_POINT('',(7.25,-4.,94.4));
#6007 = LINE('',#6008,#6009);
#6008 = CARTESIAN_POINT('',(5.75,-4.,94.4));
#6009 = VECTOR('',#6010,1.);
#6010 = DIRECTION('',(1.,0.,0.));
#6011 = ORIENTED_EDGE('',*,*,#5981,.T.);
#6012 = ORIENTED_EDGE('',*,*,#6013,.T.);
#6013 = EDGE_CURVE('',#5974,#6014,#6016,.T.);
#6014 = VERTEX_POINT('',#6015);
#6015 = CARTESIAN_POINT('',(7.25,-4.,95.));
#6016 = LINE('',#6017,#6018);
#6017 = CARTESIAN_POINT('',(5.75,-4.,95.));
#6018 = VECTOR('',#6019,1.);
#6019 = DIRECTION('',(1.,0.,0.));
#6020 = ORIENTED_EDGE('',*,*,#6021,.F.);
#6021 = EDGE_CURVE('',#6005,#6014,#6022,.T.);
#6022 = LINE('',#6023,#6024);
#6023 = CARTESIAN_POINT('',(7.25,-4.,94.4));
#6024 = VECTOR('',#6025,1.);
#6025 = DIRECTION('',(0.,0.,1.));
#6026 = PLANE('',#6027);
#6027 = AXIS2_PLACEMENT_3D('',#6028,#6029,#6030);
#6028 = CARTESIAN_POINT('',(5.75,-4.,94.4));
#6029 = DIRECTION('',(0.,1.,0.));
#6030 = DIRECTION('',(0.,0.,1.));
#6031 = ADVANCED_FACE('',(#6032),#6059,.T.);
#6032 = FACE_BOUND('',#6033,.T.);
#6033 = EDGE_LOOP('',(#6034,#6035,#6036,#6037,#6038,#6039,#6040,#6041,
    #6042,#6043,#6044,#6050,#6051,#6052,#6053,#6054,#6055,#6056,#6057,
    #6058));
#6034 = ORIENTED_EDGE('',*,*,#5725,.F.);
#6035 = ORIENTED_EDGE('',*,*,#5836,.T.);
#6036 = ORIENTED_EDGE('',*,*,#5858,.T.);
#6037 = ORIENTED_EDGE('',*,*,#5898,.T.);
#6038 = ORIENTED_EDGE('',*,*,#5920,.F.);
#6039 = ORIENTED_EDGE('',*,*,#5958,.T.);
#6040 = ORIENTED_EDGE('',*,*,#5796,.T.);
#6041 = ORIENTED_EDGE('',*,*,#5774,.T.);
#6042 = ORIENTED_EDGE('',*,*,#5973,.F.);
#6043 = ORIENTED_EDGE('',*,*,#6013,.T.);
#6044 = ORIENTED_EDGE('',*,*,#6045,.T.);
#6045 = EDGE_CURVE('',#6014,#5704,#6046,.T.);
#6046 = LINE('',#6047,#6048);
#6047 = CARTESIAN_POINT('',(7.25,-4.,95.));
#6048 = VECTOR('',#6049,1.);
#6049 = DIRECTION('',(0.,1.,0.));
#6050 = ORIENTED_EDGE('',*,*,#5703,.F.);
#6051 = ORIENTED_EDGE('',*,*,#5663,.F.);
#6052 = ORIENTED_EDGE('',*,*,#5641,.F.);
#6053 = ORIENTED_EDGE('',*,*,#5601,.T.);
#6054 = ORIENTED_EDGE('',*,*,#5579,.F.);
#6055 = ORIENTED_EDGE('',*,*,#5539,.F.);
#6056 = ORIENTED_EDGE('',*,*,#5517,.F.);
#6057 = ORIENTED_EDGE('',*,*,#5477,.T.);
#6058 = ORIENTED_EDGE('',*,*,#5455,.F.);
#6059 = PLANE('',#6060);
#6060 = AXIS2_PLACEMENT_3D('',#6061,#6062,#6063);
#6061 = CARTESIAN_POINT('',(0.,0.,95.));
#6062 = DIRECTION('',(0.,0.,1.));
#6063 = DIRECTION('',(1.,0.,0.));
#6064 = ADVANCED_FACE('',(#6065),#6092,.T.);
#6065 = FACE_BOUND('',#6066,.T.);
#6066 = EDGE_LOOP('',(#6067,#6068,#6069,#6070,#6071,#6072,#6073,#6074,
    #6075,#6076,#6077,#6083,#6084,#6085,#6086,#6087,#6088,#6089,#6090,
    #6091));
#6067 = ORIENTED_EDGE('',*,*,#5734,.T.);
#6068 = ORIENTED_EDGE('',*,*,#5437,.T.);
#6069 = ORIENTED_EDGE('',*,*,#5493,.F.);
#6070 = ORIENTED_EDGE('',*,*,#5508,.T.);
#6071 = ORIENTED_EDGE('',*,*,#5548,.T.);
#6072 = ORIENTED_EDGE('',*,*,#5570,.T.);
#6073 = ORIENTED_EDGE('',*,*,#5617,.F.);
#6074 = ORIENTED_EDGE('',*,*,#5632,.T.);
#6075 = ORIENTED_EDGE('',*,*,#5672,.T.);
#6076 = ORIENTED_EDGE('',*,*,#5694,.T.);
#6077 = ORIENTED_EDGE('',*,*,#6078,.F.);
#6078 = EDGE_CURVE('',#6005,#5695,#6079,.T.);
#6079 = LINE('',#6080,#6081);
#6080 = CARTESIAN_POINT('',(7.25,-4.,94.4));
#6081 = VECTOR('',#6082,1.);
#6082 = DIRECTION('',(0.,1.,0.));
#6083 = ORIENTED_EDGE('',*,*,#6004,.F.);
#6084 = ORIENTED_EDGE('',*,*,#5989,.T.);
#6085 = ORIENTED_EDGE('',*,*,#5756,.F.);
#6086 = ORIENTED_EDGE('',*,*,#5812,.F.);
#6087 = ORIENTED_EDGE('',*,*,#5951,.F.);
#6088 = ORIENTED_EDGE('',*,*,#5936,.T.);
#6089 = ORIENTED_EDGE('',*,*,#5889,.F.);
#6090 = ORIENTED_EDGE('',*,*,#5867,.F.);
#6091 = ORIENTED_EDGE('',*,*,#5827,.F.);
#6092 = PLANE('',#6093);
#6093 = AXIS2_PLACEMENT_3D('',#6094,#6095,#6096);
#6094 = CARTESIAN_POINT('',(0.,0.,94.4));
#6095 = DIRECTION('',(-0.,-0.,-1.));
#6096 = DIRECTION('',(-1.,0.,0.));
#6097 = ADVANCED_FACE('',(#6098),#6104,.T.);
#6098 = FACE_BOUND('',#6099,.T.);
#6099 = EDGE_LOOP('',(#6100,#6101,#6102,#6103));
#6100 = ORIENTED_EDGE('',*,*,#6045,.F.);
#6101 = ORIENTED_EDGE('',*,*,#6021,.F.);
#6102 = ORIENTED_EDGE('',*,*,#6078,.T.);
#6103 = ORIENTED_EDGE('',*,*,#5711,.T.);
#6104 = PLANE('',#6105);
#6105 = AXIS2_PLACEMENT_3D('',#6106,#6107,#6108);
#6106 = CARTESIAN_POINT('',(7.25,-4.,94.4));
#6107 = DIRECTION('',(1.,0.,0.));
#6108 = DIRECTION('',(0.,0.,1.));
#6109 = MANIFOLD_SOLID_BREP('',#6110);
#6110 = CLOSED_SHELL('',(#6111,#6151,#6182,#6213,#6246,#6279,#6310,#6343
    ,#6365,#6381));
#6111 = ADVANCED_FACE('',(#6112),#6146,.T.);
#6112 = FACE_BOUND('',#6113,.T.);
#6113 = EDGE_LOOP('',(#6114,#6124,#6132,#6140));
#6114 = ORIENTED_EDGE('',*,*,#6115,.T.);
#6115 = EDGE_CURVE('',#6116,#6118,#6120,.T.);
#6116 = VERTEX_POINT('',#6117);
#6117 = CARTESIAN_POINT('',(-5.403070494186,5.2,94.4));
#6118 = VERTEX_POINT('',#6119);
#6119 = CARTESIAN_POINT('',(-5.403070494186,5.2,95.));
#6120 = LINE('',#6121,#6122);
#6121 = CARTESIAN_POINT('',(-5.403070494186,5.2,94.4));
#6122 = VECTOR('',#6123,1.);
#6123 = DIRECTION('',(0.,0.,1.));
#6124 = ORIENTED_EDGE('',*,*,#6125,.T.);
#6125 = EDGE_CURVE('',#6118,#6126,#6128,.T.);
#6126 = VERTEX_POINT('',#6127);
#6127 = CARTESIAN_POINT('',(-6.360328851744,5.2,95.));
#6128 = LINE('',#6129,#6130);
#6129 = CARTESIAN_POINT('',(-5.403070494186,5.2,95.));
#6130 = VECTOR('',#6131,1.);
#6131 = DIRECTION('',(-1.,0.,0.));
#6132 = ORIENTED_EDGE('',*,*,#6133,.F.);
#6133 = EDGE_CURVE('',#6134,#6126,#6136,.T.);
#6134 = VERTEX_POINT('',#6135);
#6135 = CARTESIAN_POINT('',(-6.360328851744,5.2,94.4));
#6136 = LINE('',#6137,#6138);
#6137 = CARTESIAN_POINT('',(-6.360328851744,5.2,94.4));
#6138 = VECTOR('',#6139,1.);
#6139 = DIRECTION('',(0.,0.,1.));
#6140 = ORIENTED_EDGE('',*,*,#6141,.F.);
#6141 = EDGE_CURVE('',#6116,#6134,#6142,.T.);
#6142 = LINE('',#6143,#6144);
#6143 = CARTESIAN_POINT('',(-5.403070494186,5.2,94.4));
#6144 = VECTOR('',#6145,1.);
#6145 = DIRECTION('',(-1.,0.,0.));
#6146 = PLANE('',#6147);
#6147 = AXIS2_PLACEMENT_3D('',#6148,#6149,#6150);
#6148 = CARTESIAN_POINT('',(-5.403070494186,5.2,94.4));
#6149 = DIRECTION('',(0.,-1.,0.));
#6150 = DIRECTION('',(-1.,0.,0.));
#6151 = ADVANCED_FACE('',(#6152),#6177,.T.);
#6152 = FACE_BOUND('',#6153,.T.);
#6153 = EDGE_LOOP('',(#6154,#6164,#6170,#6171));
#6154 = ORIENTED_EDGE('',*,*,#6155,.T.);
#6155 = EDGE_CURVE('',#6156,#6158,#6160,.T.);
#6156 = VERTEX_POINT('',#6157);
#6157 = CARTESIAN_POINT('',(-5.403070494186,10.229069767442,94.4));
#6158 = VERTEX_POINT('',#6159);
#6159 = CARTESIAN_POINT('',(-5.403070494186,10.229069767442,95.));
#6160 = LINE('',#6161,#6162);
#6161 = CARTESIAN_POINT('',(-5.403070494186,10.229069767442,94.4));
#6162 = VECTOR('',#6163,1.);
#6163 = DIRECTION('',(0.,0.,1.));
#6164 = ORIENTED_EDGE('',*,*,#6165,.T.);
#6165 = EDGE_CURVE('',#6158,#6118,#6166,.T.);
#6166 = LINE('',#6167,#6168);
#6167 = CARTESIAN_POINT('',(-5.403070494186,10.229069767442,95.));
#6168 = VECTOR('',#6169,1.);
#6169 = DIRECTION('',(0.,-1.,0.));
#6170 = ORIENTED_EDGE('',*,*,#6115,.F.);
#6171 = ORIENTED_EDGE('',*,*,#6172,.F.);
#6172 = EDGE_CURVE('',#6156,#6116,#6173,.T.);
#6173 = LINE('',#6174,#6175);
#6174 = CARTESIAN_POINT('',(-5.403070494186,10.229069767442,94.4));
#6175 = VECTOR('',#6176,1.);
#6176 = DIRECTION('',(0.,-1.,0.));
#6177 = PLANE('',#6178);
#6178 = AXIS2_PLACEMENT_3D('',#6179,#6180,#6181);
#6179 = CARTESIAN_POINT('',(-5.403070494186,10.229069767442,94.4));
#6180 = DIRECTION('',(1.,0.,0.));
#6181 = DIRECTION('',(0.,-1.,0.));
#6182 = ADVANCED_FACE('',(#6183),#6208,.T.);
#6183 = FACE_BOUND('',#6184,.T.);
#6184 = EDGE_LOOP('',(#6185,#6195,#6201,#6202));
#6185 = ORIENTED_EDGE('',*,*,#6186,.T.);
#6186 = EDGE_CURVE('',#6187,#6189,#6191,.T.);
#6187 = VERTEX_POINT('',#6188);
#6188 = CARTESIAN_POINT('',(-6.179778343023,10.229069767442,94.4));
#6189 = VERTEX_POINT('',#6190);
#6190 = CARTESIAN_POINT('',(-6.179778343023,10.229069767442,95.));
#6191 = LINE('',#6192,#6193);
#6192 = CARTESIAN_POINT('',(-6.179778343023,10.229069767442,94.4));
#6193 = VECTOR('',#6194,1.);
#6194 = DIRECTION('',(0.,0.,1.));
#6195 = ORIENTED_EDGE('',*,*,#6196,.T.);
#6196 = EDGE_CURVE('',#6189,#6158,#6197,.T.);
#6197 = LINE('',#6198,#6199);
#6198 = CARTESIAN_POINT('',(-6.179778343023,10.229069767442,95.));
#6199 = VECTOR('',#6200,1.);
#6200 = DIRECTION('',(1.,0.,0.));
#6201 = ORIENTED_EDGE('',*,*,#6155,.F.);
#6202 = ORIENTED_EDGE('',*,*,#6203,.F.);
#6203 = EDGE_CURVE('',#6187,#6156,#6204,.T.);
#6204 = LINE('',#6205,#6206);
#6205 = CARTESIAN_POINT('',(-6.179778343023,10.229069767442,94.4));
#6206 = VECTOR('',#6207,1.);
#6207 = DIRECTION('',(1.,0.,0.));
#6208 = PLANE('',#6209);
#6209 = AXIS2_PLACEMENT_3D('',#6210,#6211,#6212);
#6210 = CARTESIAN_POINT('',(-6.179778343023,10.229069767442,94.4));
#6211 = DIRECTION('',(0.,1.,0.));
#6212 = DIRECTION('',(1.,0.,0.));
#6213 = ADVANCED_FACE('',(#6214),#6239,.T.);
#6214 = FACE_BOUND('',#6215,.T.);
#6215 = EDGE_LOOP('',(#6216,#6226,#6232,#6233));
#6216 = ORIENTED_EDGE('',*,*,#6217,.T.);
#6217 = EDGE_CURVE('',#6218,#6220,#6222,.T.);
#6218 = VERTEX_POINT('',#6219);
#6219 = CARTESIAN_POINT('',(-6.782748909884,9.429651162791,94.4));
#6220 = VERTEX_POINT('',#6221);
#6221 = CARTESIAN_POINT('',(-6.782748909884,9.429651162791,95.));
#6222 = LINE('',#6223,#6224);
#6223 = CARTESIAN_POINT('',(-6.782748909884,9.429651162791,94.4));
#6224 = VECTOR('',#6225,1.);
#6225 = DIRECTION('',(0.,0.,1.));
#6226 = ORIENTED_EDGE('',*,*,#6227,.T.);
#6227 = EDGE_CURVE('',#6220,#6189,#6228,.T.);
#6228 = B_SPLINE_CURVE_WITH_KNOTS('',2,(#6229,#6230,#6231),
  .UNSPECIFIED.,.F.,.F.,(3,3),(0.,1.),.PIECEWISE_BEZIER_KNOTS.);
#6229 = CARTESIAN_POINT('',(-6.782748909884,9.429651162791,95.));
#6230 = CARTESIAN_POINT('',(-6.343295784884,9.772356468023,95.));
#6231 = CARTESIAN_POINT('',(-6.179778343023,10.229069767442,95.));
#6232 = ORIENTED_EDGE('',*,*,#6186,.F.);
#6233 = ORIENTED_EDGE('',*,*,#6234,.F.);
#6234 = EDGE_CURVE('',#6218,#6187,#6235,.T.);
#6235 = B_SPLINE_CURVE_WITH_KNOTS('',2,(#6236,#6237,#6238),
  .UNSPECIFIED.,.F.,.F.,(3,3),(0.,1.),.PIECEWISE_BEZIER_KNOTS.);
#6236 = CARTESIAN_POINT('',(-6.782748909884,9.429651162791,94.4));
#6237 = CARTESIAN_POINT('',(-6.343295784884,9.772356468023,94.4));
#6238 = CARTESIAN_POINT('',(-6.179778343023,10.229069767442,94.4));
#6239 = SURFACE_OF_LINEAR_EXTRUSION('',#6240,#6244);
#6240 = B_SPLINE_CURVE_WITH_KNOTS('',2,(#6241,#6242,#6243),
  .UNSPECIFIED.,.F.,.F.,(3,3),(0.,1.),.PIECEWISE_BEZIER_KNOTS.);
#6241 = CARTESIAN_POINT('',(-6.782748909884,9.429651162791,94.4));
#6242 = CARTESIAN_POINT('',(-6.343295784884,9.772356468023,94.4));
#6243 = CARTESIAN_POINT('',(-6.179778343023,10.229069767442,94.4));
#6244 = VECTOR('',#6245,1.);
#6245 = DIRECTION('',(-0.,-0.,-1.));
#6246 = ADVANCED_FACE('',(#6247),#6272,.T.);
#6247 = FACE_BOUND('',#6248,.T.);
#6248 = EDGE_LOOP('',(#6249,#6259,#6265,#6266));
#6249 = ORIENTED_EDGE('',*,*,#6250,.T.);
#6250 = EDGE_CURVE('',#6251,#6253,#6255,.T.);
#6251 = VERTEX_POINT('',#6252);
#6252 = CARTESIAN_POINT('',(-7.596929505814,8.964534883721,94.4));
#6253 = VERTEX_POINT('',#6254);
#6254 = CARTESIAN_POINT('',(-7.596929505814,8.964534883721,95.));
#6255 = LINE('',#6256,#6257);
#6256 = CARTESIAN_POINT('',(-7.596929505814,8.964534883721,94.4));
#6257 = VECTOR('',#6258,1.);
#6258 = DIRECTION('',(0.,0.,1.));
#6259 = ORIENTED_EDGE('',*,*,#6260,.T.);
#6260 = EDGE_CURVE('',#6253,#6220,#6261,.T.);
#6261 = B_SPLINE_CURVE_WITH_KNOTS('',2,(#6262,#6263,#6264),
  .UNSPECIFIED.,.F.,.F.,(3,3),(0.,1.),.PIECEWISE_BEZIER_KNOTS.);
#6262 = CARTESIAN_POINT('',(-7.596929505814,8.964534883721,95.));
#6263 = CARTESIAN_POINT('',(-7.222202034884,9.087172965116,95.));
#6264 = CARTESIAN_POINT('',(-6.782748909884,9.429651162791,95.));
#6265 = ORIENTED_EDGE('',*,*,#6217,.F.);
#6266 = ORIENTED_EDGE('',*,*,#6267,.F.);
#6267 = EDGE_CURVE('',#6251,#6218,#6268,.T.);
#6268 = B_SPLINE_CURVE_WITH_KNOTS('',2,(#6269,#6270,#6271),
  .UNSPECIFIED.,.F.,.F.,(3,3),(0.,1.),.PIECEWISE_BEZIER_KNOTS.);
#6269 = CARTESIAN_POINT('',(-7.596929505814,8.964534883721,94.4));
#6270 = CARTESIAN_POINT('',(-7.222202034884,9.087172965116,94.4));
#6271 = CARTESIAN_POINT('',(-6.782748909884,9.429651162791,94.4));
#6272 = SURFACE_OF_LINEAR_EXTRUSION('',#6273,#6277);
#6273 = B_SPLINE_CURVE_WITH_KNOTS('',2,(#6274,#6275,#6276),
  .UNSPECIFIED.,.F.,.F.,(3,3),(0.,1.),.PIECEWISE_BEZIER_KNOTS.);
#6274 = CARTESIAN_POINT('',(-7.596929505814,8.964534883721,94.4));
#6275 = CARTESIAN_POINT('',(-7.222202034884,9.087172965116,94.4));
#6276 = CARTESIAN_POINT('',(-6.782748909884,9.429651162791,94.4));
#6277 = VECTOR('',#6278,1.);
#6278 = DIRECTION('',(-0.,-0.,-1.));
#6279 = ADVANCED_FACE('',(#6280),#6305,.T.);
#6280 = FACE_BOUND('',#6281,.T.);
#6281 = EDGE_LOOP('',(#6282,#6292,#6298,#6299));
#6282 = ORIENTED_EDGE('',*,*,#6283,.T.);
#6283 = EDGE_CURVE('',#6284,#6286,#6288,.T.);
#6284 = VERTEX_POINT('',#6285);
#6285 = CARTESIAN_POINT('',(-7.596929505814,8.092441860465,94.4));
#6286 = VERTEX_POINT('',#6287);
#6287 = CARTESIAN_POINT('',(-7.596929505814,8.092441860465,95.));
#6288 = LINE('',#6289,#6290);
#6289 = CARTESIAN_POINT('',(-7.596929505814,8.092441860465,94.4));
#6290 = VECTOR('',#6291,1.);
#6291 = DIRECTION('',(0.,0.,1.));
#6292 = ORIENTED_EDGE('',*,*,#6293,.T.);
#6293 = EDGE_CURVE('',#6286,#6253,#6294,.T.);
#6294 = LINE('',#6295,#6296);
#6295 = CARTESIAN_POINT('',(-7.596929505814,8.092441860465,95.));
#6296 = VECTOR('',#6297,1.);
#6297 = DIRECTION('',(0.,1.,0.));
#6298 = ORIENTED_EDGE('',*,*,#6250,.F.);
#6299 = ORIENTED_EDGE('',*,*,#6300,.F.);
#6300 = EDGE_CURVE('',#6284,#6251,#6301,.T.);
#6301 = LINE('',#6302,#6303);
#6302 = CARTESIAN_POINT('',(-7.596929505814,8.092441860465,94.4));
#6303 = VECTOR('',#6304,1.);
#6304 = DIRECTION('',(0.,1.,0.));
#6305 = PLANE('',#6306);
#6306 = AXIS2_PLACEMENT_3D('',#6307,#6308,#6309);
#6307 = CARTESIAN_POINT('',(-7.596929505814,8.092441860465,94.4));
#6308 = DIRECTION('',(-1.,0.,0.));
#6309 = DIRECTION('',(0.,1.,0.));
#6310 = ADVANCED_FACE('',(#6311),#6336,.T.);
#6311 = FACE_BOUND('',#6312,.T.);
#6312 = EDGE_LOOP('',(#6313,#6323,#6329,#6330));
#6313 = ORIENTED_EDGE('',*,*,#6314,.T.);
#6314 = EDGE_CURVE('',#6315,#6317,#6319,.T.);
#6315 = VERTEX_POINT('',#6316);
#6316 = CARTESIAN_POINT('',(-6.360328851744,8.821002906977,94.4));
#6317 = VERTEX_POINT('',#6318);
#6318 = CARTESIAN_POINT('',(-6.360328851744,8.821002906977,95.));
#6319 = LINE('',#6320,#6321);
#6320 = CARTESIAN_POINT('',(-6.360328851744,8.821002906977,94.4));
#6321 = VECTOR('',#6322,1.);
#6322 = DIRECTION('',(0.,0.,1.));
#6323 = ORIENTED_EDGE('',*,*,#6324,.T.);
#6324 = EDGE_CURVE('',#6317,#6286,#6325,.T.);
#6325 = B_SPLINE_CURVE_WITH_KNOTS('',2,(#6326,#6327,#6328),
  .UNSPECIFIED.,.F.,.F.,(3,3),(0.,1.),.PIECEWISE_BEZIER_KNOTS.);
#6326 = CARTESIAN_POINT('',(-6.360328851744,8.821002906977,95.));
#6327 = CARTESIAN_POINT('',(-6.884947311047,8.328406613372,95.));
#6328 = CARTESIAN_POINT('',(-7.596929505814,8.092441860465,95.));
#6329 = ORIENTED_EDGE('',*,*,#6283,.F.);
#6330 = ORIENTED_EDGE('',*,*,#6331,.F.);
#6331 = EDGE_CURVE('',#6315,#6284,#6332,.T.);
#6332 = B_SPLINE_CURVE_WITH_KNOTS('',2,(#6333,#6334,#6335),
  .UNSPECIFIED.,.F.,.F.,(3,3),(0.,1.),.PIECEWISE_BEZIER_KNOTS.);
#6333 = CARTESIAN_POINT('',(-6.360328851744,8.821002906977,94.4));
#6334 = CARTESIAN_POINT('',(-6.884947311047,8.328406613372,94.4));
#6335 = CARTESIAN_POINT('',(-7.596929505814,8.092441860465,94.4));
#6336 = SURFACE_OF_LINEAR_EXTRUSION('',#6337,#6341);
#6337 = B_SPLINE_CURVE_WITH_KNOTS('',2,(#6338,#6339,#6340),
  .UNSPECIFIED.,.F.,.F.,(3,3),(0.,1.),.PIECEWISE_BEZIER_KNOTS.);
#6338 = CARTESIAN_POINT('',(-6.360328851744,8.821002906977,94.4));
#6339 = CARTESIAN_POINT('',(-6.884947311047,8.328406613372,94.4));
#6340 = CARTESIAN_POINT('',(-7.596929505814,8.092441860465,94.4));
#6341 = VECTOR('',#6342,1.);
#6342 = DIRECTION('',(-0.,-0.,-1.));
#6343 = ADVANCED_FACE('',(#6344),#6360,.T.);
#6344 = FACE_BOUND('',#6345,.T.);
#6345 = EDGE_LOOP('',(#6346,#6347,#6353,#6354));
#6346 = ORIENTED_EDGE('',*,*,#6133,.T.);
#6347 = ORIENTED_EDGE('',*,*,#6348,.T.);
#6348 = EDGE_CURVE('',#6126,#6317,#6349,.T.);
#6349 = LINE('',#6350,#6351);
#6350 = CARTESIAN_POINT('',(-6.360328851744,5.2,95.));
#6351 = VECTOR('',#6352,1.);
#6352 = DIRECTION('',(0.,1.,0.));
#6353 = ORIENTED_EDGE('',*,*,#6314,.F.);
#6354 = ORIENTED_EDGE('',*,*,#6355,.F.);
#6355 = EDGE_CURVE('',#6134,#6315,#6356,.T.);
#6356 = LINE('',#6357,#6358);
#6357 = CARTESIAN_POINT('',(-6.360328851744,5.2,94.4));
#6358 = VECTOR('',#6359,1.);
#6359 = DIRECTION('',(0.,1.,0.));
#6360 = PLANE('',#6361);
#6361 = AXIS2_PLACEMENT_3D('',#6362,#6363,#6364);
#6362 = CARTESIAN_POINT('',(-6.360328851744,5.2,94.4));
#6363 = DIRECTION('',(-1.,0.,0.));
#6364 = DIRECTION('',(0.,1.,0.));
#6365 = ADVANCED_FACE('',(#6366),#6376,.F.);
#6366 = FACE_BOUND('',#6367,.F.);
#6367 = EDGE_LOOP('',(#6368,#6369,#6370,#6371,#6372,#6373,#6374,#6375));
#6368 = ORIENTED_EDGE('',*,*,#6141,.F.);
#6369 = ORIENTED_EDGE('',*,*,#6172,.F.);
#6370 = ORIENTED_EDGE('',*,*,#6203,.F.);
#6371 = ORIENTED_EDGE('',*,*,#6234,.F.);
#6372 = ORIENTED_EDGE('',*,*,#6267,.F.);
#6373 = ORIENTED_EDGE('',*,*,#6300,.F.);
#6374 = ORIENTED_EDGE('',*,*,#6331,.F.);
#6375 = ORIENTED_EDGE('',*,*,#6355,.F.);
#6376 = PLANE('',#6377);
#6377 = AXIS2_PLACEMENT_3D('',#6378,#6379,#6380);
#6378 = CARTESIAN_POINT('',(-6.161906960514,7.866428850546,94.4));
#6379 = DIRECTION('',(0.,0.,1.));
#6380 = DIRECTION('',(1.,0.,0.));
#6381 = ADVANCED_FACE('',(#6382),#6392,.T.);
#6382 = FACE_BOUND('',#6383,.T.);
#6383 = EDGE_LOOP('',(#6384,#6385,#6386,#6387,#6388,#6389,#6390,#6391));
#6384 = ORIENTED_EDGE('',*,*,#6125,.F.);
#6385 = ORIENTED_EDGE('',*,*,#6165,.F.);
#6386 = ORIENTED_EDGE('',*,*,#6196,.F.);
#6387 = ORIENTED_EDGE('',*,*,#6227,.F.);
#6388 = ORIENTED_EDGE('',*,*,#6260,.F.);
#6389 = ORIENTED_EDGE('',*,*,#6293,.F.);
#6390 = ORIENTED_EDGE('',*,*,#6324,.F.);
#6391 = ORIENTED_EDGE('',*,*,#6348,.F.);
#6392 = PLANE('',#6393);
#6393 = AXIS2_PLACEMENT_3D('',#6394,#6395,#6396);
#6394 = CARTESIAN_POINT('',(-6.161906960514,7.866428850546,95.));
#6395 = DIRECTION('',(0.,0.,1.));
#6396 = DIRECTION('',(1.,0.,0.));
#6397 = MANIFOLD_SOLID_BREP('',#6398);
#6398 = CLOSED_SHELL('',(#6399,#6439,#6472,#6505,#6538,#6571,#6604,#6637
    ,#6670,#6703,#6736,#6769,#6802,#6835,#6866,#6899,#6932,#6965,#6998,
    #7031,#7064,#7095,#7128,#7161,#7194,#7227,#7260,#7293,#7317,#7353));
#6399 = ADVANCED_FACE('',(#6400),#6434,.T.);
#6400 = FACE_BOUND('',#6401,.T.);
#6401 = EDGE_LOOP('',(#6402,#6412,#6420,#6428));
#6402 = ORIENTED_EDGE('',*,*,#6403,.T.);
#6403 = EDGE_CURVE('',#6404,#6406,#6408,.T.);
#6404 = VERTEX_POINT('',#6405);
#6405 = CARTESIAN_POINT('',(-1.659020712209,6.526989462209,94.4));
#6406 = VERTEX_POINT('',#6407);
#6407 = CARTESIAN_POINT('',(-1.659020712209,6.526989462209,95.));
#6408 = LINE('',#6409,#6410);
#6409 = CARTESIAN_POINT('',(-1.659020712209,6.526989462209,94.4));
#6410 = VECTOR('',#6411,1.);
#6411 = DIRECTION('',(0.,0.,1.));
#6412 = ORIENTED_EDGE('',*,*,#6413,.T.);
#6413 = EDGE_CURVE('',#6406,#6414,#6416,.T.);
#6414 = VERTEX_POINT('',#6415);
#6415 = CARTESIAN_POINT('',(-0.732421875,6.638953488372,95.));
#6416 = LINE('',#6417,#6418);
#6417 = CARTESIAN_POINT('',(-1.659020712209,6.526989462209,95.));
#6418 = VECTOR('',#6419,1.);
#6419 = DIRECTION('',(0.992778634966,0.119960751725,0.));
#6420 = ORIENTED_EDGE('',*,*,#6421,.F.);
#6421 = EDGE_CURVE('',#6422,#6414,#6424,.T.);
#6422 = VERTEX_POINT('',#6423);
#6423 = CARTESIAN_POINT('',(-0.732421875,6.638953488372,94.4));
#6424 = LINE('',#6425,#6426);
#6425 = CARTESIAN_POINT('',(-0.732421875,6.638953488372,94.4));
#6426 = VECTOR('',#6427,1.);
#6427 = DIRECTION('',(0.,0.,1.));
#6428 = ORIENTED_EDGE('',*,*,#6429,.F.);
#6429 = EDGE_CURVE('',#6404,#6422,#6430,.T.);
#6430 = LINE('',#6431,#6432);
#6431 = CARTESIAN_POINT('',(-1.659020712209,6.526989462209,94.4));
#6432 = VECTOR('',#6433,1.);
#6433 = DIRECTION('',(0.992778634966,0.119960751725,0.));
#6434 = PLANE('',#6435);
#6435 = AXIS2_PLACEMENT_3D('',#6436,#6437,#6438);
#6436 = CARTESIAN_POINT('',(-1.659020712209,6.526989462209,94.4));
#6437 = DIRECTION('',(-0.119960751725,0.992778634966,0.));
#6438 = DIRECTION('',(0.992778634966,0.119960751725,0.));
#6439 = ADVANCED_FACE('',(#6440),#6465,.T.);
#6440 = FACE_BOUND('',#6441,.T.);
#6441 = EDGE_LOOP('',(#6442,#6452,#6458,#6459));
#6442 = ORIENTED_EDGE('',*,*,#6443,.T.);
#6443 = EDGE_CURVE('',#6444,#6446,#6448,.T.);
#6444 = VERTEX_POINT('',#6445);
#6445 = CARTESIAN_POINT('',(-1.141215479651,5.503869912791,94.4));
#6446 = VERTEX_POINT('',#6447);
#6447 = CARTESIAN_POINT('',(-1.141215479651,5.503869912791,95.));
#6448 = LINE('',#6449,#6450);
#6449 = CARTESIAN_POINT('',(-1.141215479651,5.503869912791,94.4));
#6450 = VECTOR('',#6451,1.);
#6451 = DIRECTION('',(0.,0.,1.));
#6452 = ORIENTED_EDGE('',*,*,#6453,.T.);
#6453 = EDGE_CURVE('',#6446,#6406,#6454,.T.);
#6454 = B_SPLINE_CURVE_WITH_KNOTS('',2,(#6455,#6456,#6457),
  .UNSPECIFIED.,.F.,.F.,(3,3),(0.,1.),.PIECEWISE_BEZIER_KNOTS.);
#6455 = CARTESIAN_POINT('',(-1.141215479651,5.503869912791,95.));
#6456 = CARTESIAN_POINT('',(-1.587481831395,5.894949127907,95.));
#6457 = CARTESIAN_POINT('',(-1.659020712209,6.526989462209,95.));
#6458 = ORIENTED_EDGE('',*,*,#6403,.F.);
#6459 = ORIENTED_EDGE('',*,*,#6460,.F.);
#6460 = EDGE_CURVE('',#6444,#6404,#6461,.T.);
#6461 = B_SPLINE_CURVE_WITH_KNOTS('',2,(#6462,#6463,#6464),
  .UNSPECIFIED.,.F.,.F.,(3,3),(0.,1.),.PIECEWISE_BEZIER_KNOTS.);
#6462 = CARTESIAN_POINT('',(-1.141215479651,5.503869912791,94.4));
#6463 = CARTESIAN_POINT('',(-1.587481831395,5.894949127907,94.4));
#6464 = CARTESIAN_POINT('',(-1.659020712209,6.526989462209,94.4));
#6465 = SURFACE_OF_LINEAR_EXTRUSION('',#6466,#6470);
#6466 = B_SPLINE_CURVE_WITH_KNOTS('',2,(#6467,#6468,#6469),
  .UNSPECIFIED.,.F.,.F.,(3,3),(0.,1.),.PIECEWISE_BEZIER_KNOTS.);
#6467 = CARTESIAN_POINT('',(-1.141215479651,5.503869912791,94.4));
#6468 = CARTESIAN_POINT('',(-1.587481831395,5.894949127907,94.4));
#6469 = CARTESIAN_POINT('',(-1.659020712209,6.526989462209,94.4));
#6470 = VECTOR('',#6471,1.);
#6471 = DIRECTION('',(-0.,-0.,-1.));
#6472 = ADVANCED_FACE('',(#6473),#6498,.T.);
#6473 = FACE_BOUND('',#6474,.T.);
#6474 = EDGE_LOOP('',(#6475,#6485,#6491,#6492));
#6475 = ORIENTED_EDGE('',*,*,#6476,.T.);
#6476 = EDGE_CURVE('',#6477,#6479,#6481,.T.);
#6477 = VERTEX_POINT('',#6478);
#6478 = CARTESIAN_POINT('',(-1.703306686046E-02,5.112790697674,94.4));
#6479 = VERTEX_POINT('',#6480);
#6480 = CARTESIAN_POINT('',(-1.703306686046E-02,5.112790697674,95.));
#6481 = LINE('',#6482,#6483);
#6482 = CARTESIAN_POINT('',(-1.703306686046E-02,5.112790697674,94.4));
#6483 = VECTOR('',#6484,1.);
#6484 = DIRECTION('',(0.,0.,1.));
#6485 = ORIENTED_EDGE('',*,*,#6486,.T.);
#6486 = EDGE_CURVE('',#6479,#6446,#6487,.T.);
#6487 = B_SPLINE_CURVE_WITH_KNOTS('',2,(#6488,#6489,#6490),
  .UNSPECIFIED.,.F.,.F.,(3,3),(0.,1.),.PIECEWISE_BEZIER_KNOTS.);
#6488 = CARTESIAN_POINT('',(-1.703306686046E-02,5.112790697674,95.));
#6489 = CARTESIAN_POINT('',(-0.694949127907,5.112790697674,95.));
#6490 = CARTESIAN_POINT('',(-1.141215479651,5.503869912791,95.));
#6491 = ORIENTED_EDGE('',*,*,#6443,.F.);
#6492 = ORIENTED_EDGE('',*,*,#6493,.F.);
#6493 = EDGE_CURVE('',#6477,#6444,#6494,.T.);
#6494 = B_SPLINE_CURVE_WITH_KNOTS('',2,(#6495,#6496,#6497),
  .UNSPECIFIED.,.F.,.F.,(3,3),(0.,1.),.PIECEWISE_BEZIER_KNOTS.);
#6495 = CARTESIAN_POINT('',(-1.703306686046E-02,5.112790697674,94.4));
#6496 = CARTESIAN_POINT('',(-0.694949127907,5.112790697674,94.4));
#6497 = CARTESIAN_POINT('',(-1.141215479651,5.503869912791,94.4));
#6498 = SURFACE_OF_LINEAR_EXTRUSION('',#6499,#6503);
#6499 = B_SPLINE_CURVE_WITH_KNOTS('',2,(#6500,#6501,#6502),
  .UNSPECIFIED.,.F.,.F.,(3,3),(0.,1.),.PIECEWISE_BEZIER_KNOTS.);
#6500 = CARTESIAN_POINT('',(-1.703306686046E-02,5.112790697674,94.4));
#6501 = CARTESIAN_POINT('',(-0.694949127907,5.112790697674,94.4));
#6502 = CARTESIAN_POINT('',(-1.141215479651,5.503869912791,94.4));
#6503 = VECTOR('',#6504,1.);
#6504 = DIRECTION('',(-0.,-0.,-1.));
#6505 = ADVANCED_FACE('',(#6506),#6531,.T.);
#6506 = FACE_BOUND('',#6507,.T.);
#6507 = EDGE_LOOP('',(#6508,#6518,#6524,#6525));
#6508 = ORIENTED_EDGE('',*,*,#6509,.T.);
#6509 = EDGE_CURVE('',#6510,#6512,#6514,.T.);
#6510 = VERTEX_POINT('',#6511);
#6511 = CARTESIAN_POINT('',(1.178688226744,5.57836119186,94.4));
#6512 = VERTEX_POINT('',#6513);
#6513 = CARTESIAN_POINT('',(1.178688226744,5.57836119186,95.));
#6514 = LINE('',#6515,#6516);
#6515 = CARTESIAN_POINT('',(1.178688226744,5.57836119186,94.4));
#6516 = VECTOR('',#6517,1.);
#6517 = DIRECTION('',(0.,0.,1.));
#6518 = ORIENTED_EDGE('',*,*,#6519,.T.);
#6519 = EDGE_CURVE('',#6512,#6479,#6520,.T.);
#6520 = B_SPLINE_CURVE_WITH_KNOTS('',2,(#6521,#6522,#6523),
  .UNSPECIFIED.,.F.,.F.,(3,3),(0.,1.),.PIECEWISE_BEZIER_KNOTS.);
#6521 = CARTESIAN_POINT('',(1.178688226744,5.57836119186,95.));
#6522 = CARTESIAN_POINT('',(0.698355741279,5.112790697674,95.));
#6523 = CARTESIAN_POINT('',(-1.703306686046E-02,5.112790697674,95.));
#6524 = ORIENTED_EDGE('',*,*,#6476,.F.);
#6525 = ORIENTED_EDGE('',*,*,#6526,.F.);
#6526 = EDGE_CURVE('',#6510,#6477,#6527,.T.);
#6527 = B_SPLINE_CURVE_WITH_KNOTS('',2,(#6528,#6529,#6530),
  .UNSPECIFIED.,.F.,.F.,(3,3),(0.,1.),.PIECEWISE_BEZIER_KNOTS.);
#6528 = CARTESIAN_POINT('',(1.178688226744,5.57836119186,94.4));
#6529 = CARTESIAN_POINT('',(0.698355741279,5.112790697674,94.4));
#6530 = CARTESIAN_POINT('',(-1.703306686046E-02,5.112790697674,94.4));
#6531 = SURFACE_OF_LINEAR_EXTRUSION('',#6532,#6536);
#6532 = B_SPLINE_CURVE_WITH_KNOTS('',2,(#6533,#6534,#6535),
  .UNSPECIFIED.,.F.,.F.,(3,3),(0.,1.),.PIECEWISE_BEZIER_KNOTS.);
#6533 = CARTESIAN_POINT('',(1.178688226744,5.57836119186,94.4));
#6534 = CARTESIAN_POINT('',(0.698355741279,5.112790697674,94.4));
#6535 = CARTESIAN_POINT('',(-1.703306686046E-02,5.112790697674,94.4));
#6536 = VECTOR('',#6537,1.);
#6537 = DIRECTION('',(-0.,-0.,-1.));
#6538 = ADVANCED_FACE('',(#6539),#6564,.T.);
#6539 = FACE_BOUND('',#6540,.T.);
#6540 = EDGE_LOOP('',(#6541,#6551,#6557,#6558));
#6541 = ORIENTED_EDGE('',*,*,#6542,.T.);
#6542 = EDGE_CURVE('',#6543,#6545,#6547,.T.);
#6543 = VERTEX_POINT('',#6544);
#6544 = CARTESIAN_POINT('',(1.659020712209,6.704587572674,94.4));
#6545 = VERTEX_POINT('',#6546);
#6546 = CARTESIAN_POINT('',(1.659020712209,6.704587572674,95.));
#6547 = LINE('',#6548,#6549);
#6548 = CARTESIAN_POINT('',(1.659020712209,6.704587572674,94.4));
#6549 = VECTOR('',#6550,1.);
#6550 = DIRECTION('',(0.,0.,1.));
#6551 = ORIENTED_EDGE('',*,*,#6552,.T.);
#6552 = EDGE_CURVE('',#6545,#6512,#6553,.T.);
#6553 = B_SPLINE_CURVE_WITH_KNOTS('',2,(#6554,#6555,#6556),
  .UNSPECIFIED.,.F.,.F.,(3,3),(0.,1.),.PIECEWISE_BEZIER_KNOTS.);
#6554 = CARTESIAN_POINT('',(1.659020712209,6.704587572674,95.));
#6555 = CARTESIAN_POINT('',(1.659020712209,6.043931686047,95.));
#6556 = CARTESIAN_POINT('',(1.178688226744,5.57836119186,95.));
#6557 = ORIENTED_EDGE('',*,*,#6509,.F.);
#6558 = ORIENTED_EDGE('',*,*,#6559,.F.);
#6559 = EDGE_CURVE('',#6543,#6510,#6560,.T.);
#6560 = B_SPLINE_CURVE_WITH_KNOTS('',2,(#6561,#6562,#6563),
  .UNSPECIFIED.,.F.,.F.,(3,3),(0.,1.),.PIECEWISE_BEZIER_KNOTS.);
#6561 = CARTESIAN_POINT('',(1.659020712209,6.704587572674,94.4));
#6562 = CARTESIAN_POINT('',(1.659020712209,6.043931686047,94.4));
#6563 = CARTESIAN_POINT('',(1.178688226744,5.57836119186,94.4));
#6564 = SURFACE_OF_LINEAR_EXTRUSION('',#6565,#6569);
#6565 = B_SPLINE_CURVE_WITH_KNOTS('',2,(#6566,#6567,#6568),
  .UNSPECIFIED.,.F.,.F.,(3,3),(0.,1.),.PIECEWISE_BEZIER_KNOTS.);
#6566 = CARTESIAN_POINT('',(1.659020712209,6.704587572674,94.4));
#6567 = CARTESIAN_POINT('',(1.659020712209,6.043931686047,94.4));
#6568 = CARTESIAN_POINT('',(1.178688226744,5.57836119186,94.4));
#6569 = VECTOR('',#6570,1.);
#6570 = DIRECTION('',(-0.,-0.,-1.));
#6571 = ADVANCED_FACE('',(#6572),#6597,.T.);
#6572 = FACE_BOUND('',#6573,.T.);
#6573 = EDGE_LOOP('',(#6574,#6584,#6590,#6591));
#6574 = ORIENTED_EDGE('',*,*,#6575,.T.);
#6575 = EDGE_CURVE('',#6576,#6578,#6580,.T.);
#6576 = VERTEX_POINT('',#6577);
#6577 = CARTESIAN_POINT('',(1.401707848837,7.48152252907,94.4));
#6578 = VERTEX_POINT('',#6579);
#6579 = CARTESIAN_POINT('',(1.401707848837,7.48152252907,95.));
#6580 = LINE('',#6581,#6582);
#6581 = CARTESIAN_POINT('',(1.401707848837,7.48152252907,94.4));
#6582 = VECTOR('',#6583,1.);
#6583 = DIRECTION('',(0.,0.,1.));
#6584 = ORIENTED_EDGE('',*,*,#6585,.T.);
#6585 = EDGE_CURVE('',#6578,#6545,#6586,.T.);
#6586 = B_SPLINE_CURVE_WITH_KNOTS('',2,(#6587,#6588,#6589),
  .UNSPECIFIED.,.F.,.F.,(3,3),(0.,1.),.PIECEWISE_BEZIER_KNOTS.);
#6587 = CARTESIAN_POINT('',(1.401707848837,7.48152252907,95.));
#6588 = CARTESIAN_POINT('',(1.659020712209,7.159711119186,95.));
#6589 = CARTESIAN_POINT('',(1.659020712209,6.704587572674,95.));
#6590 = ORIENTED_EDGE('',*,*,#6542,.F.);
#6591 = ORIENTED_EDGE('',*,*,#6592,.F.);
#6592 = EDGE_CURVE('',#6576,#6543,#6593,.T.);
#6593 = B_SPLINE_CURVE_WITH_KNOTS('',2,(#6594,#6595,#6596),
  .UNSPECIFIED.,.F.,.F.,(3,3),(0.,1.),.PIECEWISE_BEZIER_KNOTS.);
#6594 = CARTESIAN_POINT('',(1.401707848837,7.48152252907,94.4));
#6595 = CARTESIAN_POINT('',(1.659020712209,7.159711119186,94.4));
#6596 = CARTESIAN_POINT('',(1.659020712209,6.704587572674,94.4));
#6597 = SURFACE_OF_LINEAR_EXTRUSION('',#6598,#6602);
#6598 = B_SPLINE_CURVE_WITH_KNOTS('',2,(#6599,#6600,#6601),
  .UNSPECIFIED.,.F.,.F.,(3,3),(0.,1.),.PIECEWISE_BEZIER_KNOTS.);
#6599 = CARTESIAN_POINT('',(1.401707848837,7.48152252907,94.4));
#6600 = CARTESIAN_POINT('',(1.659020712209,7.159711119186,94.4));
#6601 = CARTESIAN_POINT('',(1.659020712209,6.704587572674,94.4));
#6602 = VECTOR('',#6603,1.);
#6603 = DIRECTION('',(-0.,-0.,-1.));
#6604 = ADVANCED_FACE('',(#6605),#6630,.T.);
#6605 = FACE_BOUND('',#6606,.T.);
#6606 = EDGE_LOOP('',(#6607,#6617,#6623,#6624));
#6607 = ORIENTED_EDGE('',*,*,#6608,.T.);
#6608 = EDGE_CURVE('',#6609,#6611,#6613,.T.);
#6609 = VERTEX_POINT('',#6610);
#6610 = CARTESIAN_POINT('',(0.71538880814,7.895766715116,94.4));
#6611 = VERTEX_POINT('',#6612);
#6612 = CARTESIAN_POINT('',(0.71538880814,7.895766715116,95.));
#6613 = LINE('',#6614,#6615);
#6614 = CARTESIAN_POINT('',(0.71538880814,7.895766715116,94.4));
#6615 = VECTOR('',#6616,1.);
#6616 = DIRECTION('',(0.,0.,1.));
#6617 = ORIENTED_EDGE('',*,*,#6618,.T.);
#6618 = EDGE_CURVE('',#6611,#6578,#6619,.T.);
#6619 = B_SPLINE_CURVE_WITH_KNOTS('',2,(#6620,#6621,#6622),
  .UNSPECIFIED.,.F.,.F.,(3,3),(0.,1.),.PIECEWISE_BEZIER_KNOTS.);
#6620 = CARTESIAN_POINT('',(0.71538880814,7.895766715116,95.));
#6621 = CARTESIAN_POINT('',(1.144622093023,7.803333938953,95.));
#6622 = CARTESIAN_POINT('',(1.401707848837,7.48152252907,95.));
#6623 = ORIENTED_EDGE('',*,*,#6575,.F.);
#6624 = ORIENTED_EDGE('',*,*,#6625,.F.);
#6625 = EDGE_CURVE('',#6609,#6576,#6626,.T.);
#6626 = B_SPLINE_CURVE_WITH_KNOTS('',2,(#6627,#6628,#6629),
  .UNSPECIFIED.,.F.,.F.,(3,3),(0.,1.),.PIECEWISE_BEZIER_KNOTS.);
#6627 = CARTESIAN_POINT('',(0.71538880814,7.895766715116,94.4));
#6628 = CARTESIAN_POINT('',(1.144622093023,7.803333938953,94.4));
#6629 = CARTESIAN_POINT('',(1.401707848837,7.48152252907,94.4));
#6630 = SURFACE_OF_LINEAR_EXTRUSION('',#6631,#6635);
#6631 = B_SPLINE_CURVE_WITH_KNOTS('',2,(#6632,#6633,#6634),
  .UNSPECIFIED.,.F.,.F.,(3,3),(0.,1.),.PIECEWISE_BEZIER_KNOTS.);
#6632 = CARTESIAN_POINT('',(0.71538880814,7.895766715116,94.4));
#6633 = CARTESIAN_POINT('',(1.144622093023,7.803333938953,94.4));
#6634 = CARTESIAN_POINT('',(1.401707848837,7.48152252907,94.4));
#6635 = VECTOR('',#6636,1.);
#6636 = DIRECTION('',(-0.,-0.,-1.));
#6637 = ADVANCED_FACE('',(#6638),#6663,.T.);
#6638 = FACE_BOUND('',#6639,.T.);
#6639 = EDGE_LOOP('',(#6640,#6650,#6656,#6657));
#6640 = ORIENTED_EDGE('',*,*,#6641,.T.);
#6641 = EDGE_CURVE('',#6642,#6644,#6646,.T.);
#6642 = VERTEX_POINT('',#6643);
#6643 = CARTESIAN_POINT('',(1.434184229651,8.94636627907,94.4));
#6644 = VERTEX_POINT('',#6645);
#6645 = CARTESIAN_POINT('',(1.434184229651,8.94636627907,95.));
#6646 = LINE('',#6647,#6648);
#6647 = CARTESIAN_POINT('',(1.434184229651,8.94636627907,94.4));
#6648 = VECTOR('',#6649,1.);
#6649 = DIRECTION('',(0.,0.,1.));
#6650 = ORIENTED_EDGE('',*,*,#6651,.T.);
#6651 = EDGE_CURVE('',#6644,#6611,#6652,.T.);
#6652 = B_SPLINE_CURVE_WITH_KNOTS('',2,(#6653,#6654,#6655),
  .UNSPECIFIED.,.F.,.F.,(3,3),(0.,1.),.PIECEWISE_BEZIER_KNOTS.);
#6653 = CARTESIAN_POINT('',(1.434184229651,8.94636627907,95.));
#6654 = CARTESIAN_POINT('',(1.434184229651,8.287981468023,95.));
#6655 = CARTESIAN_POINT('',(0.71538880814,7.895766715116,95.));
#6656 = ORIENTED_EDGE('',*,*,#6608,.F.);
#6657 = ORIENTED_EDGE('',*,*,#6658,.F.);
#6658 = EDGE_CURVE('',#6642,#6609,#6659,.T.);
#6659 = B_SPLINE_CURVE_WITH_KNOTS('',2,(#6660,#6661,#6662),
  .UNSPECIFIED.,.F.,.F.,(3,3),(0.,1.),.PIECEWISE_BEZIER_KNOTS.);
#6660 = CARTESIAN_POINT('',(1.434184229651,8.94636627907,94.4));
#6661 = CARTESIAN_POINT('',(1.434184229651,8.287981468023,94.4));
#6662 = CARTESIAN_POINT('',(0.71538880814,7.895766715116,94.4));
#6663 = SURFACE_OF_LINEAR_EXTRUSION('',#6664,#6668);
#6664 = B_SPLINE_CURVE_WITH_KNOTS('',2,(#6665,#6666,#6667),
  .UNSPECIFIED.,.F.,.F.,(3,3),(0.,1.),.PIECEWISE_BEZIER_KNOTS.);
#6665 = CARTESIAN_POINT('',(1.434184229651,8.94636627907,94.4));
#6666 = CARTESIAN_POINT('',(1.434184229651,8.287981468023,94.4));
#6667 = CARTESIAN_POINT('',(0.71538880814,7.895766715116,94.4));
#6668 = VECTOR('',#6669,1.);
#6669 = DIRECTION('',(-0.,-0.,-1.));
#6670 = ADVANCED_FACE('',(#6671),#6696,.T.);
#6671 = FACE_BOUND('',#6672,.T.);
#6672 = EDGE_LOOP('',(#6673,#6683,#6689,#6690));
#6673 = ORIENTED_EDGE('',*,*,#6674,.T.);
#6674 = EDGE_CURVE('',#6675,#6677,#6679,.T.);
#6675 = VERTEX_POINT('',#6676);
#6676 = CARTESIAN_POINT('',(1.083303052326,9.778715479651,94.4));
#6677 = VERTEX_POINT('',#6678);
#6678 = CARTESIAN_POINT('',(1.083303052326,9.778715479651,95.));
#6679 = LINE('',#6680,#6681);
#6680 = CARTESIAN_POINT('',(1.083303052326,9.778715479651,94.4));
#6681 = VECTOR('',#6682,1.);
#6682 = DIRECTION('',(0.,0.,1.));
#6683 = ORIENTED_EDGE('',*,*,#6684,.T.);
#6684 = EDGE_CURVE('',#6677,#6644,#6685,.T.);
#6685 = B_SPLINE_CURVE_WITH_KNOTS('',2,(#6686,#6687,#6688),
  .UNSPECIFIED.,.F.,.F.,(3,3),(0.,1.),.PIECEWISE_BEZIER_KNOTS.);
#6686 = CARTESIAN_POINT('',(1.083303052326,9.778715479651,95.));
#6687 = CARTESIAN_POINT('',(1.434184229651,9.410347020349,95.));
#6688 = CARTESIAN_POINT('',(1.434184229651,8.94636627907,95.));
#6689 = ORIENTED_EDGE('',*,*,#6641,.F.);
#6690 = ORIENTED_EDGE('',*,*,#6691,.F.);
#6691 = EDGE_CURVE('',#6675,#6642,#6692,.T.);
#6692 = B_SPLINE_CURVE_WITH_KNOTS('',2,(#6693,#6694,#6695),
  .UNSPECIFIED.,.F.,.F.,(3,3),(0.,1.),.PIECEWISE_BEZIER_KNOTS.);
#6693 = CARTESIAN_POINT('',(1.083303052326,9.778715479651,94.4));
#6694 = CARTESIAN_POINT('',(1.434184229651,9.410347020349,94.4));
#6695 = CARTESIAN_POINT('',(1.434184229651,8.94636627907,94.4));
#6696 = SURFACE_OF_LINEAR_EXTRUSION('',#6697,#6701);
#6697 = B_SPLINE_CURVE_WITH_KNOTS('',2,(#6698,#6699,#6700),
  .UNSPECIFIED.,.F.,.F.,(3,3),(0.,1.),.PIECEWISE_BEZIER_KNOTS.);
#6698 = CARTESIAN_POINT('',(1.083303052326,9.778715479651,94.4));
#6699 = CARTESIAN_POINT('',(1.434184229651,9.410347020349,94.4));
#6700 = CARTESIAN_POINT('',(1.434184229651,8.94636627907,94.4));
#6701 = VECTOR('',#6702,1.);
#6702 = DIRECTION('',(-0.,-0.,-1.));
#6703 = ADVANCED_FACE('',(#6704),#6729,.T.);
#6704 = FACE_BOUND('',#6705,.T.);
#6705 = EDGE_LOOP('',(#6706,#6716,#6722,#6723));
#6706 = ORIENTED_EDGE('',*,*,#6707,.T.);
#6707 = EDGE_CURVE('',#6708,#6710,#6712,.T.);
#6708 = VERTEX_POINT('',#6709);
#6709 = CARTESIAN_POINT('',(-4.76925872093E-02,10.229069767442,94.4));
#6710 = VERTEX_POINT('',#6711);
#6711 = CARTESIAN_POINT('',(-4.76925872093E-02,10.229069767442,95.));
#6712 = LINE('',#6713,#6714);
#6713 = CARTESIAN_POINT('',(-4.76925872093E-02,10.229069767442,94.4));
#6714 = VECTOR('',#6715,1.);
#6715 = DIRECTION('',(0.,0.,1.));
#6716 = ORIENTED_EDGE('',*,*,#6717,.T.);
#6717 = EDGE_CURVE('',#6710,#6677,#6718,.T.);
#6718 = B_SPLINE_CURVE_WITH_KNOTS('',2,(#6719,#6720,#6721),
  .UNSPECIFIED.,.F.,.F.,(3,3),(0.,1.),.PIECEWISE_BEZIER_KNOTS.);
#6719 = CARTESIAN_POINT('',(-4.76925872093E-02,10.229069767442,95.));
#6720 = CARTESIAN_POINT('',(0.657476380814,10.229069767442,95.));
#6721 = CARTESIAN_POINT('',(1.083303052326,9.778715479651,95.));
#6722 = ORIENTED_EDGE('',*,*,#6674,.F.);
#6723 = ORIENTED_EDGE('',*,*,#6724,.F.);
#6724 = EDGE_CURVE('',#6708,#6675,#6725,.T.);
#6725 = B_SPLINE_CURVE_WITH_KNOTS('',2,(#6726,#6727,#6728),
  .UNSPECIFIED.,.F.,.F.,(3,3),(0.,1.),.PIECEWISE_BEZIER_KNOTS.);
#6726 = CARTESIAN_POINT('',(-4.76925872093E-02,10.229069767442,94.4));
#6727 = CARTESIAN_POINT('',(0.657476380814,10.229069767442,94.4));
#6728 = CARTESIAN_POINT('',(1.083303052326,9.778715479651,94.4));
#6729 = SURFACE_OF_LINEAR_EXTRUSION('',#6730,#6734);
#6730 = B_SPLINE_CURVE_WITH_KNOTS('',2,(#6731,#6732,#6733),
  .UNSPECIFIED.,.F.,.F.,(3,3),(0.,1.),.PIECEWISE_BEZIER_KNOTS.);
#6731 = CARTESIAN_POINT('',(-4.76925872093E-02,10.229069767442,94.4));
#6732 = CARTESIAN_POINT('',(0.657476380814,10.229069767442,94.4));
#6733 = CARTESIAN_POINT('',(1.083303052326,9.778715479651,94.4));
#6734 = VECTOR('',#6735,1.);
#6735 = DIRECTION('',(-0.,-0.,-1.));
#6736 = ADVANCED_FACE('',(#6737),#6762,.T.);
#6737 = FACE_BOUND('',#6738,.T.);
#6738 = EDGE_LOOP('',(#6739,#6749,#6755,#6756));
#6739 = ORIENTED_EDGE('',*,*,#6740,.T.);
#6740 = EDGE_CURVE('',#6741,#6743,#6745,.T.);
#6741 = VERTEX_POINT('',#6742);
#6742 = CARTESIAN_POINT('',(-0.792151162791,10.072365552326,94.4));
#6743 = VERTEX_POINT('',#6744);
#6744 = CARTESIAN_POINT('',(-0.792151162791,10.072365552326,95.));
#6745 = LINE('',#6746,#6747);
#6746 = CARTESIAN_POINT('',(-0.792151162791,10.072365552326,94.4));
#6747 = VECTOR('',#6748,1.);
#6748 = DIRECTION('',(0.,0.,1.));
#6749 = ORIENTED_EDGE('',*,*,#6750,.T.);
#6750 = EDGE_CURVE('',#6743,#6710,#6751,.T.);
#6751 = B_SPLINE_CURVE_WITH_KNOTS('',2,(#6752,#6753,#6754),
  .UNSPECIFIED.,.F.,.F.,(3,3),(0.,1.),.PIECEWISE_BEZIER_KNOTS.);
#6752 = CARTESIAN_POINT('',(-0.792151162791,10.072365552326,95.));
#6753 = CARTESIAN_POINT('',(-0.459892805233,10.229069767442,95.));
#6754 = CARTESIAN_POINT('',(-4.76925872093E-02,10.229069767442,95.));
#6755 = ORIENTED_EDGE('',*,*,#6707,.F.);
#6756 = ORIENTED_EDGE('',*,*,#6757,.F.);
#6757 = EDGE_CURVE('',#6741,#6708,#6758,.T.);
#6758 = B_SPLINE_CURVE_WITH_KNOTS('',2,(#6759,#6760,#6761),
  .UNSPECIFIED.,.F.,.F.,(3,3),(0.,1.),.PIECEWISE_BEZIER_KNOTS.);
#6759 = CARTESIAN_POINT('',(-0.792151162791,10.072365552326,94.4));
#6760 = CARTESIAN_POINT('',(-0.459892805233,10.229069767442,94.4));
#6761 = CARTESIAN_POINT('',(-4.76925872093E-02,10.229069767442,94.4));
#6762 = SURFACE_OF_LINEAR_EXTRUSION('',#6763,#6767);
#6763 = B_SPLINE_CURVE_WITH_KNOTS('',2,(#6764,#6765,#6766),
  .UNSPECIFIED.,.F.,.F.,(3,3),(0.,1.),.PIECEWISE_BEZIER_KNOTS.);
#6764 = CARTESIAN_POINT('',(-0.792151162791,10.072365552326,94.4));
#6765 = CARTESIAN_POINT('',(-0.459892805233,10.229069767442,94.4));
#6766 = CARTESIAN_POINT('',(-4.76925872093E-02,10.229069767442,94.4));
#6767 = VECTOR('',#6768,1.);
#6768 = DIRECTION('',(-0.,-0.,-1.));
#6769 = ADVANCED_FACE('',(#6770),#6795,.T.);
#6770 = FACE_BOUND('',#6771,.T.);
#6771 = EDGE_LOOP('',(#6772,#6782,#6788,#6789));
#6772 = ORIENTED_EDGE('',*,*,#6773,.T.);
#6773 = EDGE_CURVE('',#6774,#6776,#6778,.T.);
#6774 = VERTEX_POINT('',#6775);
#6775 = CARTESIAN_POINT('',(-1.309956395349,9.642223837209,94.4));
#6776 = VERTEX_POINT('',#6777);
#6777 = CARTESIAN_POINT('',(-1.309956395349,9.642223837209,95.));
#6778 = LINE('',#6779,#6780);
#6779 = CARTESIAN_POINT('',(-1.309956395349,9.642223837209,94.4));
#6780 = VECTOR('',#6781,1.);
#6781 = DIRECTION('',(0.,0.,1.));
#6782 = ORIENTED_EDGE('',*,*,#6783,.T.);
#6783 = EDGE_CURVE('',#6776,#6743,#6784,.T.);
#6784 = B_SPLINE_CURVE_WITH_KNOTS('',2,(#6785,#6786,#6787),
  .UNSPECIFIED.,.F.,.F.,(3,3),(0.,1.),.PIECEWISE_BEZIER_KNOTS.);
#6785 = CARTESIAN_POINT('',(-1.309956395349,9.642223837209,95.));
#6786 = CARTESIAN_POINT('',(-1.124182412791,9.915888444767,95.));
#6787 = CARTESIAN_POINT('',(-0.792151162791,10.072365552326,95.));
#6788 = ORIENTED_EDGE('',*,*,#6740,.F.);
#6789 = ORIENTED_EDGE('',*,*,#6790,.F.);
#6790 = EDGE_CURVE('',#6774,#6741,#6791,.T.);
#6791 = B_SPLINE_CURVE_WITH_KNOTS('',2,(#6792,#6793,#6794),
  .UNSPECIFIED.,.F.,.F.,(3,3),(0.,1.),.PIECEWISE_BEZIER_KNOTS.);
#6792 = CARTESIAN_POINT('',(-1.309956395349,9.642223837209,94.4));
#6793 = CARTESIAN_POINT('',(-1.124182412791,9.915888444767,94.4));
#6794 = CARTESIAN_POINT('',(-0.792151162791,10.072365552326,94.4));
#6795 = SURFACE_OF_LINEAR_EXTRUSION('',#6796,#6800);
#6796 = B_SPLINE_CURVE_WITH_KNOTS('',2,(#6797,#6798,#6799),
  .UNSPECIFIED.,.F.,.F.,(3,3),(0.,1.),.PIECEWISE_BEZIER_KNOTS.);
#6797 = CARTESIAN_POINT('',(-1.309956395349,9.642223837209,94.4));
#6798 = CARTESIAN_POINT('',(-1.124182412791,9.915888444767,94.4));
#6799 = CARTESIAN_POINT('',(-0.792151162791,10.072365552326,94.4));
#6800 = VECTOR('',#6801,1.);
#6801 = DIRECTION('',(-0.,-0.,-1.));
#6802 = ADVANCED_FACE('',(#6803),#6828,.T.);
#6803 = FACE_BOUND('',#6804,.T.);
#6804 = EDGE_LOOP('',(#6805,#6815,#6821,#6822));
#6805 = ORIENTED_EDGE('',*,*,#6806,.T.);
#6806 = EDGE_CURVE('',#6807,#6809,#6811,.T.);
#6807 = VERTEX_POINT('',#6808);
#6808 = CARTESIAN_POINT('',(-1.587481831395,8.911164607558,94.4));
#6809 = VERTEX_POINT('',#6810);
#6810 = CARTESIAN_POINT('',(-1.587481831395,8.911164607558,95.));
#6811 = LINE('',#6812,#6813);
#6812 = CARTESIAN_POINT('',(-1.587481831395,8.911164607558,94.4));
#6813 = VECTOR('',#6814,1.);
#6814 = DIRECTION('',(0.,0.,1.));
#6815 = ORIENTED_EDGE('',*,*,#6816,.T.);
#6816 = EDGE_CURVE('',#6809,#6776,#6817,.T.);
#6817 = B_SPLINE_CURVE_WITH_KNOTS('',2,(#6818,#6819,#6820),
  .UNSPECIFIED.,.F.,.F.,(3,3),(0.,1.),.PIECEWISE_BEZIER_KNOTS.);
#6818 = CARTESIAN_POINT('',(-1.587481831395,8.911164607558,95.));
#6819 = CARTESIAN_POINT('',(-1.495503270349,9.368786337209,95.));
#6820 = CARTESIAN_POINT('',(-1.309956395349,9.642223837209,95.));
#6821 = ORIENTED_EDGE('',*,*,#6773,.F.);
#6822 = ORIENTED_EDGE('',*,*,#6823,.F.);
#6823 = EDGE_CURVE('',#6807,#6774,#6824,.T.);
#6824 = B_SPLINE_CURVE_WITH_KNOTS('',2,(#6825,#6826,#6827),
  .UNSPECIFIED.,.F.,.F.,(3,3),(0.,1.),.PIECEWISE_BEZIER_KNOTS.);
#6825 = CARTESIAN_POINT('',(-1.587481831395,8.911164607558,94.4));
#6826 = CARTESIAN_POINT('',(-1.495503270349,9.368786337209,94.4));
#6827 = CARTESIAN_POINT('',(-1.309956395349,9.642223837209,94.4));
#6828 = SURFACE_OF_LINEAR_EXTRUSION('',#6829,#6833);
#6829 = B_SPLINE_CURVE_WITH_KNOTS('',2,(#6830,#6831,#6832),
  .UNSPECIFIED.,.F.,.F.,(3,3),(0.,1.),.PIECEWISE_BEZIER_KNOTS.);
#6830 = CARTESIAN_POINT('',(-1.587481831395,8.911164607558,94.4));
#6831 = CARTESIAN_POINT('',(-1.495503270349,9.368786337209,94.4));
#6832 = CARTESIAN_POINT('',(-1.309956395349,9.642223837209,94.4));
#6833 = VECTOR('',#6834,1.);
#6834 = DIRECTION('',(-0.,-0.,-1.));
#6835 = ADVANCED_FACE('',(#6836),#6861,.T.);
#6836 = FACE_BOUND('',#6837,.T.);
#6837 = EDGE_LOOP('',(#6838,#6848,#6854,#6855));
#6838 = ORIENTED_EDGE('',*,*,#6839,.T.);
#6839 = EDGE_CURVE('',#6840,#6842,#6844,.T.);
#6840 = VERTEX_POINT('',#6841);
#6841 = CARTESIAN_POINT('',(-0.705168968023,8.761046511628,94.4));
#6842 = VERTEX_POINT('',#6843);
#6843 = CARTESIAN_POINT('',(-0.705168968023,8.761046511628,95.));
#6844 = LINE('',#6845,#6846);
#6845 = CARTESIAN_POINT('',(-0.705168968023,8.761046511628,94.4));
#6846 = VECTOR('',#6847,1.);
#6847 = DIRECTION('',(0.,0.,1.));
#6848 = ORIENTED_EDGE('',*,*,#6849,.T.);
#6849 = EDGE_CURVE('',#6842,#6809,#6850,.T.);
#6850 = LINE('',#6851,#6852);
#6851 = CARTESIAN_POINT('',(-0.705168968023,8.761046511628,95.));
#6852 = VECTOR('',#6853,1.);
#6853 = DIRECTION('',(-0.985832777796,0.167731136711,0.));
#6854 = ORIENTED_EDGE('',*,*,#6806,.F.);
#6855 = ORIENTED_EDGE('',*,*,#6856,.F.);
#6856 = EDGE_CURVE('',#6840,#6807,#6857,.T.);
#6857 = LINE('',#6858,#6859);
#6858 = CARTESIAN_POINT('',(-0.705168968023,8.761046511628,94.4));
#6859 = VECTOR('',#6860,1.);
#6860 = DIRECTION('',(-0.985832777796,0.167731136711,0.));
#6861 = PLANE('',#6862);
#6862 = AXIS2_PLACEMENT_3D('',#6863,#6864,#6865);
#6863 = CARTESIAN_POINT('',(-0.705168968023,8.761046511628,94.4));
#6864 = DIRECTION('',(-0.167731136711,-0.985832777796,0.));
#6865 = DIRECTION('',(-0.985832777796,0.167731136711,0.));
#6866 = ADVANCED_FACE('',(#6867),#6892,.T.);
#6867 = FACE_BOUND('',#6868,.T.);
#6868 = EDGE_LOOP('',(#6869,#6879,#6885,#6886));
#6869 = ORIENTED_EDGE('',*,*,#6870,.T.);
#6870 = EDGE_CURVE('',#6871,#6873,#6875,.T.);
#6871 = VERTEX_POINT('',#6872);
#6872 = CARTESIAN_POINT('',(-0.493958938953,9.259093386628,94.4));
#6873 = VERTEX_POINT('',#6874);
#6874 = CARTESIAN_POINT('',(-0.493958938953,9.259093386628,95.));
#6875 = LINE('',#6876,#6877);
#6876 = CARTESIAN_POINT('',(-0.493958938953,9.259093386628,94.4));
#6877 = VECTOR('',#6878,1.);
#6878 = DIRECTION('',(0.,0.,1.));
#6879 = ORIENTED_EDGE('',*,*,#6880,.T.);
#6880 = EDGE_CURVE('',#6873,#6842,#6881,.T.);
#6881 = B_SPLINE_CURVE_WITH_KNOTS('',2,(#6882,#6883,#6884),
  .UNSPECIFIED.,.F.,.F.,(3,3),(0.,1.),.PIECEWISE_BEZIER_KNOTS.);
#6882 = CARTESIAN_POINT('',(-0.493958938953,9.259093386628,95.));
#6883 = CARTESIAN_POINT('',(-0.66769622093,9.088535610465,95.));
#6884 = CARTESIAN_POINT('',(-0.705168968023,8.761046511628,95.));
#6885 = ORIENTED_EDGE('',*,*,#6839,.F.);
#6886 = ORIENTED_EDGE('',*,*,#6887,.F.);
#6887 = EDGE_CURVE('',#6871,#6840,#6888,.T.);
#6888 = B_SPLINE_CURVE_WITH_KNOTS('',2,(#6889,#6890,#6891),
  .UNSPECIFIED.,.F.,.F.,(3,3),(0.,1.),.PIECEWISE_BEZIER_KNOTS.);
#6889 = CARTESIAN_POINT('',(-0.493958938953,9.259093386628,94.4));
#6890 = CARTESIAN_POINT('',(-0.66769622093,9.088535610465,94.4));
#6891 = CARTESIAN_POINT('',(-0.705168968023,8.761046511628,94.4));
#6892 = SURFACE_OF_LINEAR_EXTRUSION('',#6893,#6897);
#6893 = B_SPLINE_CURVE_WITH_KNOTS('',2,(#6894,#6895,#6896),
  .UNSPECIFIED.,.F.,.F.,(3,3),(0.,1.),.PIECEWISE_BEZIER_KNOTS.);
#6894 = CARTESIAN_POINT('',(-0.493958938953,9.259093386628,94.4));
#6895 = CARTESIAN_POINT('',(-0.66769622093,9.088535610465,94.4));
#6896 = CARTESIAN_POINT('',(-0.705168968023,8.761046511628,94.4));
#6897 = VECTOR('',#6898,1.);
#6898 = DIRECTION('',(-0.,-0.,-1.));
#6899 = ADVANCED_FACE('',(#6900),#6925,.T.);
#6900 = FACE_BOUND('',#6901,.T.);
#6901 = EDGE_LOOP('',(#6902,#6912,#6918,#6919));
#6902 = ORIENTED_EDGE('',*,*,#6903,.T.);
#6903 = EDGE_CURVE('',#6904,#6906,#6908,.T.);
#6904 = VERTEX_POINT('',#6905);
#6905 = CARTESIAN_POINT('',(-7.494549418605E-02,9.429651162791,94.4));
#6906 = VERTEX_POINT('',#6907);
#6907 = CARTESIAN_POINT('',(-7.494549418605E-02,9.429651162791,95.));
#6908 = LINE('',#6909,#6910);
#6909 = CARTESIAN_POINT('',(-7.494549418605E-02,9.429651162791,94.4));
#6910 = VECTOR('',#6911,1.);
#6911 = DIRECTION('',(0.,0.,1.));
#6912 = ORIENTED_EDGE('',*,*,#6913,.T.);
#6913 = EDGE_CURVE('',#6906,#6873,#6914,.T.);
#6914 = B_SPLINE_CURVE_WITH_KNOTS('',2,(#6915,#6916,#6917),
  .UNSPECIFIED.,.F.,.F.,(3,3),(0.,1.),.PIECEWISE_BEZIER_KNOTS.);
#6915 = CARTESIAN_POINT('',(-7.494549418605E-02,9.429651162791,95.));
#6916 = CARTESIAN_POINT('',(-0.320221656977,9.429651162791,95.));
#6917 = CARTESIAN_POINT('',(-0.493958938953,9.259093386628,95.));
#6918 = ORIENTED_EDGE('',*,*,#6870,.F.);
#6919 = ORIENTED_EDGE('',*,*,#6920,.F.);
#6920 = EDGE_CURVE('',#6904,#6871,#6921,.T.);
#6921 = B_SPLINE_CURVE_WITH_KNOTS('',2,(#6922,#6923,#6924),
  .UNSPECIFIED.,.F.,.F.,(3,3),(0.,1.),.PIECEWISE_BEZIER_KNOTS.);
#6922 = CARTESIAN_POINT('',(-7.494549418605E-02,9.429651162791,94.4));
#6923 = CARTESIAN_POINT('',(-0.320221656977,9.429651162791,94.4));
#6924 = CARTESIAN_POINT('',(-0.493958938953,9.259093386628,94.4));
#6925 = SURFACE_OF_LINEAR_EXTRUSION('',#6926,#6930);
#6926 = B_SPLINE_CURVE_WITH_KNOTS('',2,(#6927,#6928,#6929),
  .UNSPECIFIED.,.F.,.F.,(3,3),(0.,1.),.PIECEWISE_BEZIER_KNOTS.);
#6927 = CARTESIAN_POINT('',(-7.494549418605E-02,9.429651162791,94.4));
#6928 = CARTESIAN_POINT('',(-0.320221656977,9.429651162791,94.4));
#6929 = CARTESIAN_POINT('',(-0.493958938953,9.259093386628,94.4));
#6930 = VECTOR('',#6931,1.);
#6931 = DIRECTION('',(-0.,-0.,-1.));
#6932 = ADVANCED_FACE('',(#6933),#6958,.T.);
#6933 = FACE_BOUND('',#6934,.T.);
#6934 = EDGE_LOOP('',(#6935,#6945,#6951,#6952));
#6935 = ORIENTED_EDGE('',*,*,#6936,.T.);
#6936 = EDGE_CURVE('',#6937,#6939,#6941,.T.);
#6937 = VERTEX_POINT('',#6938);
#6938 = CARTESIAN_POINT('',(0.323628270349,9.280214389535,94.4));
#6939 = VERTEX_POINT('',#6940);
#6940 = CARTESIAN_POINT('',(0.323628270349,9.280214389535,95.));
#6941 = LINE('',#6942,#6943);
#6942 = CARTESIAN_POINT('',(0.323628270349,9.280214389535,94.4));
#6943 = VECTOR('',#6944,1.);
#6944 = DIRECTION('',(0.,0.,1.));
#6945 = ORIENTED_EDGE('',*,*,#6946,.T.);
#6946 = EDGE_CURVE('',#6939,#6906,#6947,.T.);
#6947 = B_SPLINE_CURVE_WITH_KNOTS('',2,(#6948,#6949,#6950),
  .UNSPECIFIED.,.F.,.F.,(3,3),(0.,1.),.PIECEWISE_BEZIER_KNOTS.);
#6948 = CARTESIAN_POINT('',(0.323628270349,9.280214389535,95.));
#6949 = CARTESIAN_POINT('',(0.173737281977,9.429651162791,95.));
#6950 = CARTESIAN_POINT('',(-7.494549418605E-02,9.429651162791,95.));
#6951 = ORIENTED_EDGE('',*,*,#6903,.F.);
#6952 = ORIENTED_EDGE('',*,*,#6953,.F.);
#6953 = EDGE_CURVE('',#6937,#6904,#6954,.T.);
#6954 = B_SPLINE_CURVE_WITH_KNOTS('',2,(#6955,#6956,#6957),
  .UNSPECIFIED.,.F.,.F.,(3,3),(0.,1.),.PIECEWISE_BEZIER_KNOTS.);
#6955 = CARTESIAN_POINT('',(0.323628270349,9.280214389535,94.4));
#6956 = CARTESIAN_POINT('',(0.173737281977,9.429651162791,94.4));
#6957 = CARTESIAN_POINT('',(-7.494549418605E-02,9.429651162791,94.4));
#6958 = SURFACE_OF_LINEAR_EXTRUSION('',#6959,#6963);
#6959 = B_SPLINE_CURVE_WITH_KNOTS('',2,(#6960,#6961,#6962),
  .UNSPECIFIED.,.F.,.F.,(3,3),(0.,1.),.PIECEWISE_BEZIER_KNOTS.);
#6960 = CARTESIAN_POINT('',(0.323628270349,9.280214389535,94.4));
#6961 = CARTESIAN_POINT('',(0.173737281977,9.429651162791,94.4));
#6962 = CARTESIAN_POINT('',(-7.494549418605E-02,9.429651162791,94.4));
#6963 = VECTOR('',#6964,1.);
#6964 = DIRECTION('',(-0.,-0.,-1.));
#6965 = ADVANCED_FACE('',(#6966),#6991,.T.);
#6966 = FACE_BOUND('',#6967,.T.);
#6967 = EDGE_LOOP('',(#6968,#6978,#6984,#6985));
#6968 = ORIENTED_EDGE('',*,*,#6969,.T.);
#6969 = EDGE_CURVE('',#6970,#6972,#6974,.T.);
#6970 = VERTEX_POINT('',#6971);
#6971 = CARTESIAN_POINT('',(0.473519258721,8.879596656977,94.4));
#6972 = VERTEX_POINT('',#6973);
#6973 = CARTESIAN_POINT('',(0.473519258721,8.879596656977,95.));
#6974 = LINE('',#6975,#6976);
#6975 = CARTESIAN_POINT('',(0.473519258721,8.879596656977,94.4));
#6976 = VECTOR('',#6977,1.);
#6977 = DIRECTION('',(0.,0.,1.));
#6978 = ORIENTED_EDGE('',*,*,#6979,.T.);
#6979 = EDGE_CURVE('',#6972,#6939,#6980,.T.);
#6980 = B_SPLINE_CURVE_WITH_KNOTS('',2,(#6981,#6982,#6983),
  .UNSPECIFIED.,.F.,.F.,(3,3),(0.,1.),.PIECEWISE_BEZIER_KNOTS.);
#6981 = CARTESIAN_POINT('',(0.473519258721,8.879596656977,95.));
#6982 = CARTESIAN_POINT('',(0.473519258721,9.130777616279,95.));
#6983 = CARTESIAN_POINT('',(0.323628270349,9.280214389535,95.));
#6984 = ORIENTED_EDGE('',*,*,#6936,.F.);
#6985 = ORIENTED_EDGE('',*,*,#6986,.F.);
#6986 = EDGE_CURVE('',#6970,#6937,#6987,.T.);
#6987 = B_SPLINE_CURVE_WITH_KNOTS('',2,(#6988,#6989,#6990),
  .UNSPECIFIED.,.F.,.F.,(3,3),(0.,1.),.PIECEWISE_BEZIER_KNOTS.);
#6988 = CARTESIAN_POINT('',(0.473519258721,8.879596656977,94.4));
#6989 = CARTESIAN_POINT('',(0.473519258721,9.130777616279,94.4));
#6990 = CARTESIAN_POINT('',(0.323628270349,9.280214389535,94.4));
#6991 = SURFACE_OF_LINEAR_EXTRUSION('',#6992,#6996);
#6992 = B_SPLINE_CURVE_WITH_KNOTS('',2,(#6993,#6994,#6995),
  .UNSPECIFIED.,.F.,.F.,(3,3),(0.,1.),.PIECEWISE_BEZIER_KNOTS.);
#6993 = CARTESIAN_POINT('',(0.473519258721,8.879596656977,94.4));
#6994 = CARTESIAN_POINT('',(0.473519258721,9.130777616279,94.4));
#6995 = CARTESIAN_POINT('',(0.323628270349,9.280214389535,94.4));
#6996 = VECTOR('',#6997,1.);
#6997 = DIRECTION('',(-0.,-0.,-1.));
#6998 = ADVANCED_FACE('',(#6999),#7024,.T.);
#6999 = FACE_BOUND('',#7000,.T.);
#7000 = EDGE_LOOP('',(#7001,#7011,#7017,#7018));
#7001 = ORIENTED_EDGE('',*,*,#7002,.T.);
#7002 = EDGE_CURVE('',#7003,#7005,#7007,.T.);
#7003 = VERTEX_POINT('',#7004);
#7004 = CARTESIAN_POINT('',(0.269122456395,8.405850290698,94.4));
#7005 = VERTEX_POINT('',#7006);
#7006 = CARTESIAN_POINT('',(0.269122456395,8.405850290698,95.));
#7007 = LINE('',#7008,#7009);
#7008 = CARTESIAN_POINT('',(0.269122456395,8.405850290698,94.4));
#7009 = VECTOR('',#7010,1.);
#7010 = DIRECTION('',(0.,0.,1.));
#7011 = ORIENTED_EDGE('',*,*,#7012,.T.);
#7012 = EDGE_CURVE('',#7005,#6972,#7013,.T.);
#7013 = B_SPLINE_CURVE_WITH_KNOTS('',2,(#7014,#7015,#7016),
  .UNSPECIFIED.,.F.,.F.,(3,3),(0.,1.),.PIECEWISE_BEZIER_KNOTS.);
#7014 = CARTESIAN_POINT('',(0.269122456395,8.405850290698,95.));
#7015 = CARTESIAN_POINT('',(0.473519258721,8.584129723837,95.));
#7016 = CARTESIAN_POINT('',(0.473519258721,8.879596656977,95.));
#7017 = ORIENTED_EDGE('',*,*,#6969,.F.);
#7018 = ORIENTED_EDGE('',*,*,#7019,.F.);
#7019 = EDGE_CURVE('',#7003,#6970,#7020,.T.);
#7020 = B_SPLINE_CURVE_WITH_KNOTS('',2,(#7021,#7022,#7023),
  .UNSPECIFIED.,.F.,.F.,(3,3),(0.,1.),.PIECEWISE_BEZIER_KNOTS.);
#7021 = CARTESIAN_POINT('',(0.269122456395,8.405850290698,94.4));
#7022 = CARTESIAN_POINT('',(0.473519258721,8.584129723837,94.4));
#7023 = CARTESIAN_POINT('',(0.473519258721,8.879596656977,94.4));
#7024 = SURFACE_OF_LINEAR_EXTRUSION('',#7025,#7029);
#7025 = B_SPLINE_CURVE_WITH_KNOTS('',2,(#7026,#7027,#7028),
  .UNSPECIFIED.,.F.,.F.,(3,3),(0.,1.),.PIECEWISE_BEZIER_KNOTS.);
#7026 = CARTESIAN_POINT('',(0.269122456395,8.405850290698,94.4));
#7027 = CARTESIAN_POINT('',(0.473519258721,8.584129723837,94.4));
#7028 = CARTESIAN_POINT('',(0.473519258721,8.879596656977,94.4));
#7029 = VECTOR('',#7030,1.);
#7030 = DIRECTION('',(-0.,-0.,-1.));
#7031 = ADVANCED_FACE('',(#7032),#7057,.T.);
#7032 = FACE_BOUND('',#7033,.T.);
#7033 = EDGE_LOOP('',(#7034,#7044,#7050,#7051));
#7034 = ORIENTED_EDGE('',*,*,#7035,.T.);
#7035 = EDGE_CURVE('',#7036,#7038,#7040,.T.);
#7036 = VERTEX_POINT('',#7037);
#7037 = CARTESIAN_POINT('',(-0.323628270349,8.237790697674,94.4));
#7038 = VERTEX_POINT('',#7039);
#7039 = CARTESIAN_POINT('',(-0.323628270349,8.237790697674,95.));
#7040 = LINE('',#7041,#7042);
#7041 = CARTESIAN_POINT('',(-0.323628270349,8.237790697674,94.4));
#7042 = VECTOR('',#7043,1.);
#7043 = DIRECTION('',(0.,0.,1.));
#7044 = ORIENTED_EDGE('',*,*,#7045,.T.);
#7045 = EDGE_CURVE('',#7038,#7005,#7046,.T.);
#7046 = B_SPLINE_CURVE_WITH_KNOTS('',2,(#7047,#7048,#7049),
  .UNSPECIFIED.,.F.,.F.,(3,3),(0.,1.),.PIECEWISE_BEZIER_KNOTS.);
#7047 = CARTESIAN_POINT('',(-0.323628270349,8.237790697674,95.));
#7048 = CARTESIAN_POINT('',(6.472565406977E-02,8.227570857558,95.));
#7049 = CARTESIAN_POINT('',(0.269122456395,8.405850290698,95.));
#7050 = ORIENTED_EDGE('',*,*,#7002,.F.);
#7051 = ORIENTED_EDGE('',*,*,#7052,.F.);
#7052 = EDGE_CURVE('',#7036,#7003,#7053,.T.);
#7053 = B_SPLINE_CURVE_WITH_KNOTS('',2,(#7054,#7055,#7056),
  .UNSPECIFIED.,.F.,.F.,(3,3),(0.,1.),.PIECEWISE_BEZIER_KNOTS.);
#7054 = CARTESIAN_POINT('',(-0.323628270349,8.237790697674,94.4));
#7055 = CARTESIAN_POINT('',(6.472565406977E-02,8.227570857558,94.4));
#7056 = CARTESIAN_POINT('',(0.269122456395,8.405850290698,94.4));
#7057 = SURFACE_OF_LINEAR_EXTRUSION('',#7058,#7062);
#7058 = B_SPLINE_CURVE_WITH_KNOTS('',2,(#7059,#7060,#7061),
  .UNSPECIFIED.,.F.,.F.,(3,3),(0.,1.),.PIECEWISE_BEZIER_KNOTS.);
#7059 = CARTESIAN_POINT('',(-0.323628270349,8.237790697674,94.4));
#7060 = CARTESIAN_POINT('',(6.472565406977E-02,8.227570857558,94.4));
#7061 = CARTESIAN_POINT('',(0.269122456395,8.405850290698,94.4));
#7062 = VECTOR('',#7063,1.);
#7063 = DIRECTION('',(-0.,-0.,-1.));
#7064 = ADVANCED_FACE('',(#7065),#7090,.T.);
#7065 = FACE_BOUND('',#7066,.T.);
#7066 = EDGE_LOOP('',(#7067,#7077,#7083,#7084));
#7067 = ORIENTED_EDGE('',*,*,#7068,.T.);
#7068 = EDGE_CURVE('',#7069,#7071,#7073,.T.);
#7069 = VERTEX_POINT('',#7070);
#7070 = CARTESIAN_POINT('',(-0.429233284884,7.468577398256,94.4));
#7071 = VERTEX_POINT('',#7072);
#7072 = CARTESIAN_POINT('',(-0.429233284884,7.468577398256,95.));
#7073 = LINE('',#7074,#7075);
#7074 = CARTESIAN_POINT('',(-0.429233284884,7.468577398256,94.4));
#7075 = VECTOR('',#7076,1.);
#7076 = DIRECTION('',(0.,0.,1.));
#7077 = ORIENTED_EDGE('',*,*,#7078,.T.);
#7078 = EDGE_CURVE('',#7071,#7038,#7079,.T.);
#7079 = LINE('',#7080,#7081);
#7080 = CARTESIAN_POINT('',(-0.429233284884,7.468577398256,95.));
#7081 = VECTOR('',#7082,1.);
#7082 = DIRECTION('',(0.136013796445,0.990706943135,0.));
#7083 = ORIENTED_EDGE('',*,*,#7035,.F.);
#7084 = ORIENTED_EDGE('',*,*,#7085,.F.);
#7085 = EDGE_CURVE('',#7069,#7036,#7086,.T.);
#7086 = LINE('',#7087,#7088);
#7087 = CARTESIAN_POINT('',(-0.429233284884,7.468577398256,94.4));
#7088 = VECTOR('',#7089,1.);
#7089 = DIRECTION('',(0.136013796445,0.990706943135,0.));
#7090 = PLANE('',#7091);
#7091 = AXIS2_PLACEMENT_3D('',#7092,#7093,#7094);
#7092 = CARTESIAN_POINT('',(-0.429233284884,7.468577398256,94.4));
#7093 = DIRECTION('',(-0.990706943135,0.136013796445,0.));
#7094 = DIRECTION('',(0.136013796445,0.990706943135,0.));
#7095 = ADVANCED_FACE('',(#7096),#7121,.T.);
#7096 = FACE_BOUND('',#7097,.T.);
#7097 = EDGE_LOOP('',(#7098,#7108,#7114,#7115));
#7098 = ORIENTED_EDGE('',*,*,#7099,.T.);
#7099 = EDGE_CURVE('',#7100,#7102,#7104,.T.);
#7100 = VERTEX_POINT('',#7101);
#7101 = CARTESIAN_POINT('',(1.021984011628E-02,7.54011627907,94.4));
#7102 = VERTEX_POINT('',#7103);
#7103 = CARTESIAN_POINT('',(1.021984011628E-02,7.54011627907,95.));
#7104 = LINE('',#7105,#7106);
#7105 = CARTESIAN_POINT('',(1.021984011628E-02,7.54011627907,94.4));
#7106 = VECTOR('',#7107,1.);
#7107 = DIRECTION('',(0.,0.,1.));
#7108 = ORIENTED_EDGE('',*,*,#7109,.T.);
#7109 = EDGE_CURVE('',#7102,#7071,#7110,.T.);
#7110 = B_SPLINE_CURVE_WITH_KNOTS('',2,(#7111,#7112,#7113),
  .UNSPECIFIED.,.F.,.F.,(3,3),(0.,1.),.PIECEWISE_BEZIER_KNOTS.);
#7111 = CARTESIAN_POINT('',(1.021984011628E-02,7.54011627907,95.));
#7112 = CARTESIAN_POINT('',(-0.173737281977,7.54011627907,95.));
#7113 = CARTESIAN_POINT('',(-0.429233284884,7.468577398256,95.));
#7114 = ORIENTED_EDGE('',*,*,#7068,.F.);
#7115 = ORIENTED_EDGE('',*,*,#7116,.F.);
#7116 = EDGE_CURVE('',#7100,#7069,#7117,.T.);
#7117 = B_SPLINE_CURVE_WITH_KNOTS('',2,(#7118,#7119,#7120),
  .UNSPECIFIED.,.F.,.F.,(3,3),(0.,1.),.PIECEWISE_BEZIER_KNOTS.);
#7118 = CARTESIAN_POINT('',(1.021984011628E-02,7.54011627907,94.4));
#7119 = CARTESIAN_POINT('',(-0.173737281977,7.54011627907,94.4));
#7120 = CARTESIAN_POINT('',(-0.429233284884,7.468577398256,94.4));
#7121 = SURFACE_OF_LINEAR_EXTRUSION('',#7122,#7126);
#7122 = B_SPLINE_CURVE_WITH_KNOTS('',2,(#7123,#7124,#7125),
  .UNSPECIFIED.,.F.,.F.,(3,3),(0.,1.),.PIECEWISE_BEZIER_KNOTS.);
#7123 = CARTESIAN_POINT('',(1.021984011628E-02,7.54011627907,94.4));
#7124 = CARTESIAN_POINT('',(-0.173737281977,7.54011627907,94.4));
#7125 = CARTESIAN_POINT('',(-0.429233284884,7.468577398256,94.4));
#7126 = VECTOR('',#7127,1.);
#7127 = DIRECTION('',(-0.,-0.,-1.));
#7128 = ADVANCED_FACE('',(#7129),#7154,.T.);
#7129 = FACE_BOUND('',#7130,.T.);
#7130 = EDGE_LOOP('',(#7131,#7141,#7147,#7148));
#7131 = ORIENTED_EDGE('',*,*,#7132,.T.);
#7132 = EDGE_CURVE('',#7133,#7135,#7137,.T.);
#7133 = VERTEX_POINT('',#7134);
#7134 = CARTESIAN_POINT('',(0.483739098837,7.327089389535,94.4));
#7135 = VERTEX_POINT('',#7136);
#7136 = CARTESIAN_POINT('',(0.483739098837,7.327089389535,95.));
#7137 = LINE('',#7138,#7139);
#7138 = CARTESIAN_POINT('',(0.483739098837,7.327089389535,94.4));
#7139 = VECTOR('',#7140,1.);
#7140 = DIRECTION('',(0.,0.,1.));
#7141 = ORIENTED_EDGE('',*,*,#7142,.T.);
#7142 = EDGE_CURVE('',#7135,#7102,#7143,.T.);
#7143 = B_SPLINE_CURVE_WITH_KNOTS('',2,(#7144,#7145,#7146),
  .UNSPECIFIED.,.F.,.F.,(3,3),(0.,1.),.PIECEWISE_BEZIER_KNOTS.);
#7144 = CARTESIAN_POINT('',(0.483739098837,7.327089389535,95.));
#7145 = CARTESIAN_POINT('',(0.289562136628,7.54011627907,95.));
#7146 = CARTESIAN_POINT('',(1.021984011628E-02,7.54011627907,95.));
#7147 = ORIENTED_EDGE('',*,*,#7099,.F.);
#7148 = ORIENTED_EDGE('',*,*,#7149,.F.);
#7149 = EDGE_CURVE('',#7133,#7100,#7150,.T.);
#7150 = B_SPLINE_CURVE_WITH_KNOTS('',2,(#7151,#7152,#7153),
  .UNSPECIFIED.,.F.,.F.,(3,3),(0.,1.),.PIECEWISE_BEZIER_KNOTS.);
#7151 = CARTESIAN_POINT('',(0.483739098837,7.327089389535,94.4));
#7152 = CARTESIAN_POINT('',(0.289562136628,7.54011627907,94.4));
#7153 = CARTESIAN_POINT('',(1.021984011628E-02,7.54011627907,94.4));
#7154 = SURFACE_OF_LINEAR_EXTRUSION('',#7155,#7159);
#7155 = B_SPLINE_CURVE_WITH_KNOTS('',2,(#7156,#7157,#7158),
  .UNSPECIFIED.,.F.,.F.,(3,3),(0.,1.),.PIECEWISE_BEZIER_KNOTS.);
#7156 = CARTESIAN_POINT('',(0.483739098837,7.327089389535,94.4));
#7157 = CARTESIAN_POINT('',(0.289562136628,7.54011627907,94.4));
#7158 = CARTESIAN_POINT('',(1.021984011628E-02,7.54011627907,94.4));
#7159 = VECTOR('',#7160,1.);
#7160 = DIRECTION('',(-0.,-0.,-1.));
#7161 = ADVANCED_FACE('',(#7162),#7187,.T.);
#7162 = FACE_BOUND('',#7163,.T.);
#7163 = EDGE_LOOP('',(#7164,#7174,#7180,#7181));
#7164 = ORIENTED_EDGE('',*,*,#7165,.T.);
#7165 = EDGE_CURVE('',#7166,#7168,#7170,.T.);
#7166 = VERTEX_POINT('',#7167);
#7167 = CARTESIAN_POINT('',(0.677916061047,6.75023619186,94.4));
#7168 = VERTEX_POINT('',#7169);
#7169 = CARTESIAN_POINT('',(0.677916061047,6.75023619186,95.));
#7170 = LINE('',#7171,#7172);
#7171 = CARTESIAN_POINT('',(0.677916061047,6.75023619186,94.4));
#7172 = VECTOR('',#7173,1.);
#7173 = DIRECTION('',(0.,0.,1.));
#7174 = ORIENTED_EDGE('',*,*,#7175,.T.);
#7175 = EDGE_CURVE('',#7168,#7135,#7176,.T.);
#7176 = B_SPLINE_CURVE_WITH_KNOTS('',2,(#7177,#7178,#7179),
  .UNSPECIFIED.,.F.,.F.,(3,3),(0.,1.),.PIECEWISE_BEZIER_KNOTS.);
#7177 = CARTESIAN_POINT('',(0.677916061047,6.75023619186,95.));
#7178 = CARTESIAN_POINT('',(0.677916061047,7.114289607558,95.));
#7179 = CARTESIAN_POINT('',(0.483739098837,7.327089389535,95.));
#7180 = ORIENTED_EDGE('',*,*,#7132,.F.);
#7181 = ORIENTED_EDGE('',*,*,#7182,.F.);
#7182 = EDGE_CURVE('',#7166,#7133,#7183,.T.);
#7183 = B_SPLINE_CURVE_WITH_KNOTS('',2,(#7184,#7185,#7186),
  .UNSPECIFIED.,.F.,.F.,(3,3),(0.,1.),.PIECEWISE_BEZIER_KNOTS.);
#7184 = CARTESIAN_POINT('',(0.677916061047,6.75023619186,94.4));
#7185 = CARTESIAN_POINT('',(0.677916061047,7.114289607558,94.4));
#7186 = CARTESIAN_POINT('',(0.483739098837,7.327089389535,94.4));
#7187 = SURFACE_OF_LINEAR_EXTRUSION('',#7188,#7192);
#7188 = B_SPLINE_CURVE_WITH_KNOTS('',2,(#7189,#7190,#7191),
  .UNSPECIFIED.,.F.,.F.,(3,3),(0.,1.),.PIECEWISE_BEZIER_KNOTS.);
#7189 = CARTESIAN_POINT('',(0.677916061047,6.75023619186,94.4));
#7190 = CARTESIAN_POINT('',(0.677916061047,7.114289607558,94.4));
#7191 = CARTESIAN_POINT('',(0.483739098837,7.327089389535,94.4));
#7192 = VECTOR('',#7193,1.);
#7193 = DIRECTION('',(-0.,-0.,-1.));
#7194 = ADVANCED_FACE('',(#7195),#7220,.T.);
#7195 = FACE_BOUND('',#7196,.T.);
#7196 = EDGE_LOOP('',(#7197,#7207,#7213,#7214));
#7197 = ORIENTED_EDGE('',*,*,#7198,.T.);
#7198 = EDGE_CURVE('',#7199,#7201,#7203,.T.);
#7199 = VERTEX_POINT('',#7200);
#7200 = CARTESIAN_POINT('',(0.475109011628,6.138862645349,94.4));
#7201 = VERTEX_POINT('',#7202);
#7202 = CARTESIAN_POINT('',(0.475109011628,6.138862645349,95.));
#7203 = LINE('',#7204,#7205);
#7204 = CARTESIAN_POINT('',(0.475109011628,6.138862645349,94.4));
#7205 = VECTOR('',#7206,1.);
#7206 = DIRECTION('',(0.,0.,1.));
#7207 = ORIENTED_EDGE('',*,*,#7208,.T.);
#7208 = EDGE_CURVE('',#7201,#7168,#7209,.T.);
#7209 = B_SPLINE_CURVE_WITH_KNOTS('',2,(#7210,#7211,#7212),
  .UNSPECIFIED.,.F.,.F.,(3,3),(0.,1.),.PIECEWISE_BEZIER_KNOTS.);
#7210 = CARTESIAN_POINT('',(0.475109011628,6.138862645349,95.));
#7211 = CARTESIAN_POINT('',(0.677916061047,6.365515988372,95.));
#7212 = CARTESIAN_POINT('',(0.677916061047,6.75023619186,95.));
#7213 = ORIENTED_EDGE('',*,*,#7165,.F.);
#7214 = ORIENTED_EDGE('',*,*,#7215,.F.);
#7215 = EDGE_CURVE('',#7199,#7166,#7216,.T.);
#7216 = B_SPLINE_CURVE_WITH_KNOTS('',2,(#7217,#7218,#7219),
  .UNSPECIFIED.,.F.,.F.,(3,3),(0.,1.),.PIECEWISE_BEZIER_KNOTS.);
#7217 = CARTESIAN_POINT('',(0.475109011628,6.138862645349,94.4));
#7218 = CARTESIAN_POINT('',(0.677916061047,6.365515988372,94.4));
#7219 = CARTESIAN_POINT('',(0.677916061047,6.75023619186,94.4));
#7220 = SURFACE_OF_LINEAR_EXTRUSION('',#7221,#7225);
#7221 = B_SPLINE_CURVE_WITH_KNOTS('',2,(#7222,#7223,#7224),
  .UNSPECIFIED.,.F.,.F.,(3,3),(0.,1.),.PIECEWISE_BEZIER_KNOTS.);
#7222 = CARTESIAN_POINT('',(0.475109011628,6.138862645349,94.4));
#7223 = CARTESIAN_POINT('',(0.677916061047,6.365515988372,94.4));
#7224 = CARTESIAN_POINT('',(0.677916061047,6.75023619186,94.4));
#7225 = VECTOR('',#7226,1.);
#7226 = DIRECTION('',(-0.,-0.,-1.));
#7227 = ADVANCED_FACE('',(#7228),#7253,.T.);
#7228 = FACE_BOUND('',#7229,.T.);
#7229 = EDGE_LOOP('',(#7230,#7240,#7246,#7247));
#7230 = ORIENTED_EDGE('',*,*,#7231,.T.);
#7231 = EDGE_CURVE('',#7232,#7234,#7236,.T.);
#7232 = VERTEX_POINT('',#7233);
#7233 = CARTESIAN_POINT('',(-2.384629360465E-02,5.912209302326,94.4));
#7234 = VERTEX_POINT('',#7235);
#7235 = CARTESIAN_POINT('',(-2.384629360465E-02,5.912209302326,95.));
#7236 = LINE('',#7237,#7238);
#7237 = CARTESIAN_POINT('',(-2.384629360465E-02,5.912209302326,94.4));
#7238 = VECTOR('',#7239,1.);
#7239 = DIRECTION('',(0.,0.,1.));
#7240 = ORIENTED_EDGE('',*,*,#7241,.T.);
#7241 = EDGE_CURVE('',#7234,#7201,#7242,.T.);
#7242 = B_SPLINE_CURVE_WITH_KNOTS('',2,(#7243,#7244,#7245),
  .UNSPECIFIED.,.F.,.F.,(3,3),(0.,1.),.PIECEWISE_BEZIER_KNOTS.);
#7243 = CARTESIAN_POINT('',(-2.384629360465E-02,5.912209302326,95.));
#7244 = CARTESIAN_POINT('',(0.272529069767,5.912209302326,95.));
#7245 = CARTESIAN_POINT('',(0.475109011628,6.138862645349,95.));
#7246 = ORIENTED_EDGE('',*,*,#7198,.F.);
#7247 = ORIENTED_EDGE('',*,*,#7248,.F.);
#7248 = EDGE_CURVE('',#7232,#7199,#7249,.T.);
#7249 = B_SPLINE_CURVE_WITH_KNOTS('',2,(#7250,#7251,#7252),
  .UNSPECIFIED.,.F.,.F.,(3,3),(0.,1.),.PIECEWISE_BEZIER_KNOTS.);
#7250 = CARTESIAN_POINT('',(-2.384629360465E-02,5.912209302326,94.4));
#7251 = CARTESIAN_POINT('',(0.272529069767,5.912209302326,94.4));
#7252 = CARTESIAN_POINT('',(0.475109011628,6.138862645349,94.4));
#7253 = SURFACE_OF_LINEAR_EXTRUSION('',#7254,#7258);
#7254 = B_SPLINE_CURVE_WITH_KNOTS('',2,(#7255,#7256,#7257),
  .UNSPECIFIED.,.F.,.F.,(3,3),(0.,1.),.PIECEWISE_BEZIER_KNOTS.);
#7255 = CARTESIAN_POINT('',(-2.384629360465E-02,5.912209302326,94.4));
#7256 = CARTESIAN_POINT('',(0.272529069767,5.912209302326,94.4));
#7257 = CARTESIAN_POINT('',(0.475109011628,6.138862645349,94.4));
#7258 = VECTOR('',#7259,1.);
#7259 = DIRECTION('',(-0.,-0.,-1.));
#7260 = ADVANCED_FACE('',(#7261),#7286,.T.);
#7261 = FACE_BOUND('',#7262,.T.);
#7262 = EDGE_LOOP('',(#7263,#7273,#7279,#7280));
#7263 = ORIENTED_EDGE('',*,*,#7264,.T.);
#7264 = EDGE_CURVE('',#7265,#7267,#7269,.T.);
#7265 = VERTEX_POINT('',#7266);
#7266 = CARTESIAN_POINT('',(-0.493958938953,6.098891715116,94.4));
#7267 = VERTEX_POINT('',#7268);
#7268 = CARTESIAN_POINT('',(-0.493958938953,6.098891715116,95.));
#7269 = LINE('',#7270,#7271);
#7270 = CARTESIAN_POINT('',(-0.493958938953,6.098891715116,94.4));
#7271 = VECTOR('',#7272,1.);
#7272 = DIRECTION('',(0.,0.,1.));
#7273 = ORIENTED_EDGE('',*,*,#7274,.T.);
#7274 = EDGE_CURVE('',#7267,#7234,#7275,.T.);
#7275 = B_SPLINE_CURVE_WITH_KNOTS('',2,(#7276,#7277,#7278),
  .UNSPECIFIED.,.F.,.F.,(3,3),(0.,1.),.PIECEWISE_BEZIER_KNOTS.);
#7276 = CARTESIAN_POINT('',(-0.493958938953,6.098891715116,95.));
#7277 = CARTESIAN_POINT('',(-0.299781976744,5.912209302326,95.));
#7278 = CARTESIAN_POINT('',(-2.384629360465E-02,5.912209302326,95.));
#7279 = ORIENTED_EDGE('',*,*,#7231,.F.);
#7280 = ORIENTED_EDGE('',*,*,#7281,.F.);
#7281 = EDGE_CURVE('',#7265,#7232,#7282,.T.);
#7282 = B_SPLINE_CURVE_WITH_KNOTS('',2,(#7283,#7284,#7285),
  .UNSPECIFIED.,.F.,.F.,(3,3),(0.,1.),.PIECEWISE_BEZIER_KNOTS.);
#7283 = CARTESIAN_POINT('',(-0.493958938953,6.098891715116,94.4));
#7284 = CARTESIAN_POINT('',(-0.299781976744,5.912209302326,94.4));
#7285 = CARTESIAN_POINT('',(-2.384629360465E-02,5.912209302326,94.4));
#7286 = SURFACE_OF_LINEAR_EXTRUSION('',#7287,#7291);
#7287 = B_SPLINE_CURVE_WITH_KNOTS('',2,(#7288,#7289,#7290),
  .UNSPECIFIED.,.F.,.F.,(3,3),(0.,1.),.PIECEWISE_BEZIER_KNOTS.);
#7288 = CARTESIAN_POINT('',(-0.493958938953,6.098891715116,94.4));
#7289 = CARTESIAN_POINT('',(-0.299781976744,5.912209302326,94.4));
#7290 = CARTESIAN_POINT('',(-2.384629360465E-02,5.912209302326,94.4));
#7291 = VECTOR('',#7292,1.);
#7292 = DIRECTION('',(-0.,-0.,-1.));
#7293 = ADVANCED_FACE('',(#7294),#7310,.T.);
#7294 = FACE_BOUND('',#7295,.T.);
#7295 = EDGE_LOOP('',(#7296,#7297,#7303,#7304));
#7296 = ORIENTED_EDGE('',*,*,#6421,.T.);
#7297 = ORIENTED_EDGE('',*,*,#7298,.T.);
#7298 = EDGE_CURVE('',#6414,#7267,#7299,.T.);
#7299 = B_SPLINE_CURVE_WITH_KNOTS('',2,(#7300,#7301,#7302),
  .UNSPECIFIED.,.F.,.F.,(3,3),(0.,1.),.PIECEWISE_BEZIER_KNOTS.);
#7300 = CARTESIAN_POINT('',(-0.732421875,6.638953488372,95.));
#7301 = CARTESIAN_POINT('',(-0.688135901163,6.285801235465,95.));
#7302 = CARTESIAN_POINT('',(-0.493958938953,6.098891715116,95.));
#7303 = ORIENTED_EDGE('',*,*,#7264,.F.);
#7304 = ORIENTED_EDGE('',*,*,#7305,.F.);
#7305 = EDGE_CURVE('',#6422,#7265,#7306,.T.);
#7306 = B_SPLINE_CURVE_WITH_KNOTS('',2,(#7307,#7308,#7309),
  .UNSPECIFIED.,.F.,.F.,(3,3),(0.,1.),.PIECEWISE_BEZIER_KNOTS.);
#7307 = CARTESIAN_POINT('',(-0.732421875,6.638953488372,94.4));
#7308 = CARTESIAN_POINT('',(-0.688135901163,6.285801235465,94.4));
#7309 = CARTESIAN_POINT('',(-0.493958938953,6.098891715116,94.4));
#7310 = SURFACE_OF_LINEAR_EXTRUSION('',#7311,#7315);
#7311 = B_SPLINE_CURVE_WITH_KNOTS('',2,(#7312,#7313,#7314),
  .UNSPECIFIED.,.F.,.F.,(3,3),(0.,1.),.PIECEWISE_BEZIER_KNOTS.);
#7312 = CARTESIAN_POINT('',(-0.732421875,6.638953488372,94.4));
#7313 = CARTESIAN_POINT('',(-0.688135901163,6.285801235465,94.4));
#7314 = CARTESIAN_POINT('',(-0.493958938953,6.098891715116,94.4));
#7315 = VECTOR('',#7316,1.);
#7316 = DIRECTION('',(-0.,-0.,-1.));
#7317 = ADVANCED_FACE('',(#7318),#7348,.F.);
#7318 = FACE_BOUND('',#7319,.F.);
#7319 = EDGE_LOOP('',(#7320,#7321,#7322,#7323,#7324,#7325,#7326,#7327,
    #7328,#7329,#7330,#7331,#7332,#7333,#7334,#7335,#7336,#7337,#7338,
    #7339,#7340,#7341,#7342,#7343,#7344,#7345,#7346,#7347));
#7320 = ORIENTED_EDGE('',*,*,#6429,.F.);
#7321 = ORIENTED_EDGE('',*,*,#6460,.F.);
#7322 = ORIENTED_EDGE('',*,*,#6493,.F.);
#7323 = ORIENTED_EDGE('',*,*,#6526,.F.);
#7324 = ORIENTED_EDGE('',*,*,#6559,.F.);
#7325 = ORIENTED_EDGE('',*,*,#6592,.F.);
#7326 = ORIENTED_EDGE('',*,*,#6625,.F.);
#7327 = ORIENTED_EDGE('',*,*,#6658,.F.);
#7328 = ORIENTED_EDGE('',*,*,#6691,.F.);
#7329 = ORIENTED_EDGE('',*,*,#6724,.F.);
#7330 = ORIENTED_EDGE('',*,*,#6757,.F.);
#7331 = ORIENTED_EDGE('',*,*,#6790,.F.);
#7332 = ORIENTED_EDGE('',*,*,#6823,.F.);
#7333 = ORIENTED_EDGE('',*,*,#6856,.F.);
#7334 = ORIENTED_EDGE('',*,*,#6887,.F.);
#7335 = ORIENTED_EDGE('',*,*,#6920,.F.);
#7336 = ORIENTED_EDGE('',*,*,#6953,.F.);
#7337 = ORIENTED_EDGE('',*,*,#6986,.F.);
#7338 = ORIENTED_EDGE('',*,*,#7019,.F.);
#7339 = ORIENTED_EDGE('',*,*,#7052,.F.);
#7340 = ORIENTED_EDGE('',*,*,#7085,.F.);
#7341 = ORIENTED_EDGE('',*,*,#7116,.F.);
#7342 = ORIENTED_EDGE('',*,*,#7149,.F.);
#7343 = ORIENTED_EDGE('',*,*,#7182,.F.);
#7344 = ORIENTED_EDGE('',*,*,#7215,.F.);
#7345 = ORIENTED_EDGE('',*,*,#7248,.F.);
#7346 = ORIENTED_EDGE('',*,*,#7281,.F.);
#7347 = ORIENTED_EDGE('',*,*,#7305,.F.);
#7348 = PLANE('',#7349);
#7349 = AXIS2_PLACEMENT_3D('',#7350,#7351,#7352);
#7350 = CARTESIAN_POINT('',(7.140216298785E-02,7.659259966364,94.4));
#7351 = DIRECTION('',(0.,0.,1.));
#7352 = DIRECTION('',(1.,0.,0.));
#7353 = ADVANCED_FACE('',(#7354),#7384,.T.);
#7354 = FACE_BOUND('',#7355,.T.);
#7355 = EDGE_LOOP('',(#7356,#7357,#7358,#7359,#7360,#7361,#7362,#7363,
    #7364,#7365,#7366,#7367,#7368,#7369,#7370,#7371,#7372,#7373,#7374,
    #7375,#7376,#7377,#7378,#7379,#7380,#7381,#7382,#7383));
#7356 = ORIENTED_EDGE('',*,*,#6413,.F.);
#7357 = ORIENTED_EDGE('',*,*,#6453,.F.);
#7358 = ORIENTED_EDGE('',*,*,#6486,.F.);
#7359 = ORIENTED_EDGE('',*,*,#6519,.F.);
#7360 = ORIENTED_EDGE('',*,*,#6552,.F.);
#7361 = ORIENTED_EDGE('',*,*,#6585,.F.);
#7362 = ORIENTED_EDGE('',*,*,#6618,.F.);
#7363 = ORIENTED_EDGE('',*,*,#6651,.F.);
#7364 = ORIENTED_EDGE('',*,*,#6684,.F.);
#7365 = ORIENTED_EDGE('',*,*,#6717,.F.);
#7366 = ORIENTED_EDGE('',*,*,#6750,.F.);
#7367 = ORIENTED_EDGE('',*,*,#6783,.F.);
#7368 = ORIENTED_EDGE('',*,*,#6816,.F.);
#7369 = ORIENTED_EDGE('',*,*,#6849,.F.);
#7370 = ORIENTED_EDGE('',*,*,#6880,.F.);
#7371 = ORIENTED_EDGE('',*,*,#6913,.F.);
#7372 = ORIENTED_EDGE('',*,*,#6946,.F.);
#7373 = ORIENTED_EDGE('',*,*,#6979,.F.);
#7374 = ORIENTED_EDGE('',*,*,#7012,.F.);
#7375 = ORIENTED_EDGE('',*,*,#7045,.F.);
#7376 = ORIENTED_EDGE('',*,*,#7078,.F.);
#7377 = ORIENTED_EDGE('',*,*,#7109,.F.);
#7378 = ORIENTED_EDGE('',*,*,#7142,.F.);
#7379 = ORIENTED_EDGE('',*,*,#7175,.F.);
#7380 = ORIENTED_EDGE('',*,*,#7208,.F.);
#7381 = ORIENTED_EDGE('',*,*,#7241,.F.);
#7382 = ORIENTED_EDGE('',*,*,#7274,.F.);
#7383 = ORIENTED_EDGE('',*,*,#7298,.F.);
#7384 = PLANE('',#7385);
#7385 = AXIS2_PLACEMENT_3D('',#7386,#7387,#7388);
#7386 = CARTESIAN_POINT('',(7.140216298785E-02,7.659259966364,95.));
#7387 = DIRECTION('',(0.,0.,1.));
#7388 = DIRECTION('',(1.,0.,0.));
#7389 = MANIFOLD_SOLID_BREP('',#7390);
#7390 = CLOSED_SHELL('',(#7391,#7431,#7464,#7497,#7530,#7563,#7596,#7629
    ,#7662,#7693,#7724,#7755,#7786,#7817,#7848,#7881,#7914,#7947,#7980,
    #8013,#8046,#8070,#8099));
#7391 = ADVANCED_FACE('',(#7392),#7426,.T.);
#7392 = FACE_BOUND('',#7393,.T.);
#7393 = EDGE_LOOP('',(#7394,#7404,#7412,#7420));
#7394 = ORIENTED_EDGE('',*,*,#7395,.T.);
#7395 = EDGE_CURVE('',#7396,#7398,#7400,.T.);
#7396 = VERTEX_POINT('',#7397);
#7397 = CARTESIAN_POINT('',(4.820539607558,6.482703488372,94.4));
#7398 = VERTEX_POINT('',#7399);
#7399 = CARTESIAN_POINT('',(4.820539607558,6.482703488372,95.));
#7400 = LINE('',#7401,#7402);
#7401 = CARTESIAN_POINT('',(4.820539607558,6.482703488372,94.4));
#7402 = VECTOR('',#7403,1.);
#7403 = DIRECTION('',(0.,0.,1.));
#7404 = ORIENTED_EDGE('',*,*,#7405,.T.);
#7405 = EDGE_CURVE('',#7398,#7406,#7408,.T.);
#7406 = VERTEX_POINT('',#7407);
#7407 = CARTESIAN_POINT('',(5.774391351744,6.580813953488,95.));
#7408 = LINE('',#7409,#7410);
#7409 = CARTESIAN_POINT('',(4.820539607558,6.482703488372,95.));
#7410 = VECTOR('',#7411,1.);
#7411 = DIRECTION('',(0.994751810339,0.102317329063,0.));
#7412 = ORIENTED_EDGE('',*,*,#7413,.F.);
#7413 = EDGE_CURVE('',#7414,#7406,#7416,.T.);
#7414 = VERTEX_POINT('',#7415);
#7415 = CARTESIAN_POINT('',(5.774391351744,6.580813953488,94.4));
#7416 = LINE('',#7417,#7418);
#7417 = CARTESIAN_POINT('',(5.774391351744,6.580813953488,94.4));
#7418 = VECTOR('',#7419,1.);
#7419 = DIRECTION('',(0.,0.,1.));
#7420 = ORIENTED_EDGE('',*,*,#7421,.F.);
#7421 = EDGE_CURVE('',#7396,#7414,#7422,.T.);
#7422 = LINE('',#7423,#7424);
#7423 = CARTESIAN_POINT('',(4.820539607558,6.482703488372,94.4));
#7424 = VECTOR('',#7425,1.);
#7425 = DIRECTION('',(0.994751810339,0.102317329063,0.));
#7426 = PLANE('',#7427);
#7427 = AXIS2_PLACEMENT_3D('',#7428,#7429,#7430);
#7428 = CARTESIAN_POINT('',(4.820539607558,6.482703488372,94.4));
#7429 = DIRECTION('',(-0.102317329063,0.994751810339,0.));
#7430 = DIRECTION('',(0.994751810339,0.102317329063,0.));
#7431 = ADVANCED_FACE('',(#7432),#7457,.T.);
#7432 = FACE_BOUND('',#7433,.T.);
#7433 = EDGE_LOOP('',(#7434,#7444,#7450,#7451));
#7434 = ORIENTED_EDGE('',*,*,#7435,.T.);
#7435 = EDGE_CURVE('',#7436,#7438,#7440,.T.);
#7436 = VERTEX_POINT('',#7437);
#7437 = CARTESIAN_POINT('',(5.341751453488,5.484111555233,94.4));
#7438 = VERTEX_POINT('',#7439);
#7439 = CARTESIAN_POINT('',(5.341751453488,5.484111555233,95.));
#7440 = LINE('',#7441,#7442);
#7441 = CARTESIAN_POINT('',(5.341751453488,5.484111555233,94.4));
#7442 = VECTOR('',#7443,1.);
#7443 = DIRECTION('',(0.,0.,1.));
#7444 = ORIENTED_EDGE('',*,*,#7445,.T.);
#7445 = EDGE_CURVE('',#7438,#7398,#7446,.T.);
#7446 = B_SPLINE_CURVE_WITH_KNOTS('',2,(#7447,#7448,#7449),
  .UNSPECIFIED.,.F.,.F.,(3,3),(0.,1.),.PIECEWISE_BEZIER_KNOTS.);
#7447 = CARTESIAN_POINT('',(5.341751453488,5.484111555233,95.));
#7448 = CARTESIAN_POINT('',(4.90570494186,5.855659520349,95.));
#7449 = CARTESIAN_POINT('',(4.820539607558,6.482703488372,95.));
#7450 = ORIENTED_EDGE('',*,*,#7395,.F.);
#7451 = ORIENTED_EDGE('',*,*,#7452,.F.);
#7452 = EDGE_CURVE('',#7436,#7396,#7453,.T.);
#7453 = B_SPLINE_CURVE_WITH_KNOTS('',2,(#7454,#7455,#7456),
  .UNSPECIFIED.,.F.,.F.,(3,3),(0.,1.),.PIECEWISE_BEZIER_KNOTS.);
#7454 = CARTESIAN_POINT('',(5.341751453488,5.484111555233,94.4));
#7455 = CARTESIAN_POINT('',(4.90570494186,5.855659520349,94.4));
#7456 = CARTESIAN_POINT('',(4.820539607558,6.482703488372,94.4));
#7457 = SURFACE_OF_LINEAR_EXTRUSION('',#7458,#7462);
#7458 = B_SPLINE_CURVE_WITH_KNOTS('',2,(#7459,#7460,#7461),
  .UNSPECIFIED.,.F.,.F.,(3,3),(0.,1.),.PIECEWISE_BEZIER_KNOTS.);
#7459 = CARTESIAN_POINT('',(5.341751453488,5.484111555233,94.4));
#7460 = CARTESIAN_POINT('',(4.90570494186,5.855659520349,94.4));
#7461 = CARTESIAN_POINT('',(4.820539607558,6.482703488372,94.4));
#7462 = VECTOR('',#7463,1.);
#7463 = DIRECTION('',(-0.,-0.,-1.));
#7464 = ADVANCED_FACE('',(#7465),#7490,.T.);
#7465 = FACE_BOUND('',#7466,.T.);
#7466 = EDGE_LOOP('',(#7467,#7477,#7483,#7484));
#7467 = ORIENTED_EDGE('',*,*,#7468,.T.);
#7468 = EDGE_CURVE('',#7469,#7471,#7473,.T.);
#7469 = VERTEX_POINT('',#7470);
#7470 = CARTESIAN_POINT('',(6.469340479651,5.112790697674,94.4));
#7471 = VERTEX_POINT('',#7472);
#7472 = CARTESIAN_POINT('',(6.469340479651,5.112790697674,95.));
#7473 = LINE('',#7474,#7475);
#7474 = CARTESIAN_POINT('',(6.469340479651,5.112790697674,94.4));
#7475 = VECTOR('',#7476,1.);
#7476 = DIRECTION('',(0.,0.,1.));
#7477 = ORIENTED_EDGE('',*,*,#7478,.T.);
#7478 = EDGE_CURVE('',#7471,#7438,#7479,.T.);
#7479 = B_SPLINE_CURVE_WITH_KNOTS('',2,(#7480,#7481,#7482),
  .UNSPECIFIED.,.F.,.F.,(3,3),(0.,1.),.PIECEWISE_BEZIER_KNOTS.);
#7480 = CARTESIAN_POINT('',(6.469340479651,5.112790697674,95.));
#7481 = CARTESIAN_POINT('',(5.777797965116,5.112790697674,95.));
#7482 = CARTESIAN_POINT('',(5.341751453488,5.484111555233,95.));
#7483 = ORIENTED_EDGE('',*,*,#7435,.F.);
#7484 = ORIENTED_EDGE('',*,*,#7485,.F.);
#7485 = EDGE_CURVE('',#7469,#7436,#7486,.T.);
#7486 = B_SPLINE_CURVE_WITH_KNOTS('',2,(#7487,#7488,#7489),
  .UNSPECIFIED.,.F.,.F.,(3,3),(0.,1.),.PIECEWISE_BEZIER_KNOTS.);
#7487 = CARTESIAN_POINT('',(6.469340479651,5.112790697674,94.4));
#7488 = CARTESIAN_POINT('',(5.777797965116,5.112790697674,94.4));
#7489 = CARTESIAN_POINT('',(5.341751453488,5.484111555233,94.4));
#7490 = SURFACE_OF_LINEAR_EXTRUSION('',#7491,#7495);
#7491 = B_SPLINE_CURVE_WITH_KNOTS('',2,(#7492,#7493,#7494),
  .UNSPECIFIED.,.F.,.F.,(3,3),(0.,1.),.PIECEWISE_BEZIER_KNOTS.);
#7492 = CARTESIAN_POINT('',(6.469340479651,5.112790697674,94.4));
#7493 = CARTESIAN_POINT('',(5.777797965116,5.112790697674,94.4));
#7494 = CARTESIAN_POINT('',(5.341751453488,5.484111555233,94.4));
#7495 = VECTOR('',#7496,1.);
#7496 = DIRECTION('',(-0.,-0.,-1.));
#7497 = ADVANCED_FACE('',(#7498),#7523,.T.);
#7498 = FACE_BOUND('',#7499,.T.);
#7499 = EDGE_LOOP('',(#7500,#7510,#7516,#7517));
#7500 = ORIENTED_EDGE('',*,*,#7501,.T.);
#7501 = EDGE_CURVE('',#7502,#7504,#7506,.T.);
#7502 = VERTEX_POINT('',#7503);
#7503 = CARTESIAN_POINT('',(7.821765988372,5.777080305233,94.4));
#7504 = VERTEX_POINT('',#7505);
#7505 = CARTESIAN_POINT('',(7.821765988372,5.777080305233,95.));
#7506 = LINE('',#7507,#7508);
#7507 = CARTESIAN_POINT('',(7.821765988372,5.777080305233,94.4));
#7508 = VECTOR('',#7509,1.);
#7509 = DIRECTION('',(0.,0.,1.));
#7510 = ORIENTED_EDGE('',*,*,#7511,.T.);
#7511 = EDGE_CURVE('',#7504,#7471,#7512,.T.);
#7512 = B_SPLINE_CURVE_WITH_KNOTS('',2,(#7513,#7514,#7515),
  .UNSPECIFIED.,.F.,.F.,(3,3),(0.,1.),.PIECEWISE_BEZIER_KNOTS.);
#7513 = CARTESIAN_POINT('',(7.821765988372,5.777080305233,95.));
#7514 = CARTESIAN_POINT('',(7.334620276163,5.112790697674,95.));
#7515 = CARTESIAN_POINT('',(6.469340479651,5.112790697674,95.));
#7516 = ORIENTED_EDGE('',*,*,#7468,.F.);
#7517 = ORIENTED_EDGE('',*,*,#7518,.F.);
#7518 = EDGE_CURVE('',#7502,#7469,#7519,.T.);
#7519 = B_SPLINE_CURVE_WITH_KNOTS('',2,(#7520,#7521,#7522),
  .UNSPECIFIED.,.F.,.F.,(3,3),(0.,1.),.PIECEWISE_BEZIER_KNOTS.);
#7520 = CARTESIAN_POINT('',(7.821765988372,5.777080305233,94.4));
#7521 = CARTESIAN_POINT('',(7.334620276163,5.112790697674,94.4));
#7522 = CARTESIAN_POINT('',(6.469340479651,5.112790697674,94.4));
#7523 = SURFACE_OF_LINEAR_EXTRUSION('',#7524,#7528);
#7524 = B_SPLINE_CURVE_WITH_KNOTS('',2,(#7525,#7526,#7527),
  .UNSPECIFIED.,.F.,.F.,(3,3),(0.,1.),.PIECEWISE_BEZIER_KNOTS.);
#7525 = CARTESIAN_POINT('',(7.821765988372,5.777080305233,94.4));
#7526 = CARTESIAN_POINT('',(7.334620276163,5.112790697674,94.4));
#7527 = CARTESIAN_POINT('',(6.469340479651,5.112790697674,94.4));
#7528 = VECTOR('',#7529,1.);
#7529 = DIRECTION('',(-0.,-0.,-1.));
#7530 = ADVANCED_FACE('',(#7531),#7556,.T.);
#7531 = FACE_BOUND('',#7532,.T.);
#7532 = EDGE_LOOP('',(#7533,#7543,#7549,#7550));
#7533 = ORIENTED_EDGE('',*,*,#7534,.T.);
#7534 = EDGE_CURVE('',#7535,#7537,#7539,.T.);
#7535 = VERTEX_POINT('',#7536);
#7536 = CARTESIAN_POINT('',(8.179460392442,6.883094113372,94.4));
#7537 = VERTEX_POINT('',#7538);
#7538 = CARTESIAN_POINT('',(8.179460392442,6.883094113372,95.));
#7539 = LINE('',#7540,#7541);
#7540 = CARTESIAN_POINT('',(8.179460392442,6.883094113372,94.4));
#7541 = VECTOR('',#7542,1.);
#7542 = DIRECTION('',(0.,0.,1.));
#7543 = ORIENTED_EDGE('',*,*,#7544,.T.);
#7544 = EDGE_CURVE('',#7537,#7504,#7545,.T.);
#7545 = B_SPLINE_CURVE_WITH_KNOTS('',2,(#7546,#7547,#7548),
  .UNSPECIFIED.,.F.,.F.,(3,3),(0.,1.),.PIECEWISE_BEZIER_KNOTS.);
#7546 = CARTESIAN_POINT('',(8.179460392442,6.883094113372,95.));
#7547 = CARTESIAN_POINT('',(8.179460392442,6.263317587209,95.));
#7548 = CARTESIAN_POINT('',(7.821765988372,5.777080305233,95.));
#7549 = ORIENTED_EDGE('',*,*,#7501,.F.);
#7550 = ORIENTED_EDGE('',*,*,#7551,.F.);
#7551 = EDGE_CURVE('',#7535,#7502,#7552,.T.);
#7552 = B_SPLINE_CURVE_WITH_KNOTS('',2,(#7553,#7554,#7555),
  .UNSPECIFIED.,.F.,.F.,(3,3),(0.,1.),.PIECEWISE_BEZIER_KNOTS.);
#7553 = CARTESIAN_POINT('',(8.179460392442,6.883094113372,94.4));
#7554 = CARTESIAN_POINT('',(8.179460392442,6.263317587209,94.4));
#7555 = CARTESIAN_POINT('',(7.821765988372,5.777080305233,94.4));
#7556 = SURFACE_OF_LINEAR_EXTRUSION('',#7557,#7561);
#7557 = B_SPLINE_CURVE_WITH_KNOTS('',2,(#7558,#7559,#7560),
  .UNSPECIFIED.,.F.,.F.,(3,3),(0.,1.),.PIECEWISE_BEZIER_KNOTS.);
#7558 = CARTESIAN_POINT('',(8.179460392442,6.883094113372,94.4));
#7559 = CARTESIAN_POINT('',(8.179460392442,6.263317587209,94.4));
#7560 = CARTESIAN_POINT('',(7.821765988372,5.777080305233,94.4));
#7561 = VECTOR('',#7562,1.);
#7562 = DIRECTION('',(-0.,-0.,-1.));
#7563 = ADVANCED_FACE('',(#7564),#7589,.T.);
#7564 = FACE_BOUND('',#7565,.T.);
#7565 = EDGE_LOOP('',(#7566,#7576,#7582,#7583));
#7566 = ORIENTED_EDGE('',*,*,#7567,.T.);
#7567 = EDGE_CURVE('',#7568,#7570,#7572,.T.);
#7568 = VERTEX_POINT('',#7569);
#7569 = CARTESIAN_POINT('',(7.73660065407,8.091760537791,94.4));
#7570 = VERTEX_POINT('',#7571);
#7571 = CARTESIAN_POINT('',(7.73660065407,8.091760537791,95.));
#7572 = LINE('',#7573,#7574);
#7573 = CARTESIAN_POINT('',(7.73660065407,8.091760537791,94.4));
#7574 = VECTOR('',#7575,1.);
#7575 = DIRECTION('',(0.,0.,1.));
#7576 = ORIENTED_EDGE('',*,*,#7577,.T.);
#7577 = EDGE_CURVE('',#7570,#7537,#7578,.T.);
#7578 = B_SPLINE_CURVE_WITH_KNOTS('',2,(#7579,#7580,#7581),
  .UNSPECIFIED.,.F.,.F.,(3,3),(0.,1.),.PIECEWISE_BEZIER_KNOTS.);
#7579 = CARTESIAN_POINT('',(7.73660065407,8.091760537791,95.));
#7580 = CARTESIAN_POINT('',(8.179460392442,7.626190043605,95.));
#7581 = CARTESIAN_POINT('',(8.179460392442,6.883094113372,95.));
#7582 = ORIENTED_EDGE('',*,*,#7534,.F.);
#7583 = ORIENTED_EDGE('',*,*,#7584,.F.);
#7584 = EDGE_CURVE('',#7568,#7535,#7585,.T.);
#7585 = B_SPLINE_CURVE_WITH_KNOTS('',2,(#7586,#7587,#7588),
  .UNSPECIFIED.,.F.,.F.,(3,3),(0.,1.),.PIECEWISE_BEZIER_KNOTS.);
#7586 = CARTESIAN_POINT('',(7.73660065407,8.091760537791,94.4));
#7587 = CARTESIAN_POINT('',(8.179460392442,7.626190043605,94.4));
#7588 = CARTESIAN_POINT('',(8.179460392442,6.883094113372,94.4));
#7589 = SURFACE_OF_LINEAR_EXTRUSION('',#7590,#7594);
#7590 = B_SPLINE_CURVE_WITH_KNOTS('',2,(#7591,#7592,#7593),
  .UNSPECIFIED.,.F.,.F.,(3,3),(0.,1.),.PIECEWISE_BEZIER_KNOTS.);
#7591 = CARTESIAN_POINT('',(7.73660065407,8.091760537791,94.4));
#7592 = CARTESIAN_POINT('',(8.179460392442,7.626190043605,94.4));
#7593 = CARTESIAN_POINT('',(8.179460392442,6.883094113372,94.4));
#7594 = VECTOR('',#7595,1.);
#7595 = DIRECTION('',(-0.,-0.,-1.));
#7596 = ADVANCED_FACE('',(#7597),#7622,.T.);
#7597 = FACE_BOUND('',#7598,.T.);
#7598 = EDGE_LOOP('',(#7599,#7609,#7615,#7616));
#7599 = ORIENTED_EDGE('',*,*,#7600,.T.);
#7600 = EDGE_CURVE('',#7601,#7603,#7605,.T.);
#7601 = VERTEX_POINT('',#7602);
#7602 = CARTESIAN_POINT('',(6.656704215116,8.557558139535,94.4));
#7603 = VERTEX_POINT('',#7604);
#7604 = CARTESIAN_POINT('',(6.656704215116,8.557558139535,95.));
#7605 = LINE('',#7606,#7607);
#7606 = CARTESIAN_POINT('',(6.656704215116,8.557558139535,94.4));
#7607 = VECTOR('',#7608,1.);
#7608 = DIRECTION('',(0.,0.,1.));
#7609 = ORIENTED_EDGE('',*,*,#7610,.T.);
#7610 = EDGE_CURVE('',#7603,#7570,#7611,.T.);
#7611 = B_SPLINE_CURVE_WITH_KNOTS('',2,(#7612,#7613,#7614),
  .UNSPECIFIED.,.F.,.F.,(3,3),(0.,1.),.PIECEWISE_BEZIER_KNOTS.);
#7612 = CARTESIAN_POINT('',(6.656704215116,8.557558139535,95.));
#7613 = CARTESIAN_POINT('',(7.293740915698,8.557558139535,95.));
#7614 = CARTESIAN_POINT('',(7.73660065407,8.091760537791,95.));
#7615 = ORIENTED_EDGE('',*,*,#7567,.F.);
#7616 = ORIENTED_EDGE('',*,*,#7617,.F.);
#7617 = EDGE_CURVE('',#7601,#7568,#7618,.T.);
#7618 = B_SPLINE_CURVE_WITH_KNOTS('',2,(#7619,#7620,#7621),
  .UNSPECIFIED.,.F.,.F.,(3,3),(0.,1.),.PIECEWISE_BEZIER_KNOTS.);
#7619 = CARTESIAN_POINT('',(6.656704215116,8.557558139535,94.4));
#7620 = CARTESIAN_POINT('',(7.293740915698,8.557558139535,94.4));
#7621 = CARTESIAN_POINT('',(7.73660065407,8.091760537791,94.4));
#7622 = SURFACE_OF_LINEAR_EXTRUSION('',#7623,#7627);
#7623 = B_SPLINE_CURVE_WITH_KNOTS('',2,(#7624,#7625,#7626),
  .UNSPECIFIED.,.F.,.F.,(3,3),(0.,1.),.PIECEWISE_BEZIER_KNOTS.);
#7624 = CARTESIAN_POINT('',(6.656704215116,8.557558139535,94.4));
#7625 = CARTESIAN_POINT('',(7.293740915698,8.557558139535,94.4));
#7626 = CARTESIAN_POINT('',(7.73660065407,8.091760537791,94.4));
#7627 = VECTOR('',#7628,1.);
#7628 = DIRECTION('',(-0.,-0.,-1.));
#7629 = ADVANCED_FACE('',(#7630),#7655,.T.);
#7630 = FACE_BOUND('',#7631,.T.);
#7631 = EDGE_LOOP('',(#7632,#7642,#7648,#7649));
#7632 = ORIENTED_EDGE('',*,*,#7633,.T.);
#7633 = EDGE_CURVE('',#7634,#7636,#7638,.T.);
#7634 = VERTEX_POINT('',#7635);
#7635 = CARTESIAN_POINT('',(6.002634447674,8.397447311047,94.4));
#7636 = VERTEX_POINT('',#7637);
#7637 = CARTESIAN_POINT('',(6.002634447674,8.397447311047,95.));
#7638 = LINE('',#7639,#7640);
#7639 = CARTESIAN_POINT('',(6.002634447674,8.397447311047,94.4));
#7640 = VECTOR('',#7641,1.);
#7641 = DIRECTION('',(0.,0.,1.));
#7642 = ORIENTED_EDGE('',*,*,#7643,.T.);
#7643 = EDGE_CURVE('',#7636,#7603,#7644,.T.);
#7644 = B_SPLINE_CURVE_WITH_KNOTS('',2,(#7645,#7646,#7647),
  .UNSPECIFIED.,.F.,.F.,(3,3),(0.,1.),.PIECEWISE_BEZIER_KNOTS.);
#7645 = CARTESIAN_POINT('',(6.002634447674,8.397447311047,95.));
#7646 = CARTESIAN_POINT('',(6.322856104651,8.557558139535,95.));
#7647 = CARTESIAN_POINT('',(6.656704215116,8.557558139535,95.));
#7648 = ORIENTED_EDGE('',*,*,#7600,.F.);
#7649 = ORIENTED_EDGE('',*,*,#7650,.F.);
#7650 = EDGE_CURVE('',#7634,#7601,#7651,.T.);
#7651 = B_SPLINE_CURVE_WITH_KNOTS('',2,(#7652,#7653,#7654),
  .UNSPECIFIED.,.F.,.F.,(3,3),(0.,1.),.PIECEWISE_BEZIER_KNOTS.);
#7652 = CARTESIAN_POINT('',(6.002634447674,8.397447311047,94.4));
#7653 = CARTESIAN_POINT('',(6.322856104651,8.557558139535,94.4));
#7654 = CARTESIAN_POINT('',(6.656704215116,8.557558139535,94.4));
#7655 = SURFACE_OF_LINEAR_EXTRUSION('',#7656,#7660);
#7656 = B_SPLINE_CURVE_WITH_KNOTS('',2,(#7657,#7658,#7659),
  .UNSPECIFIED.,.F.,.F.,(3,3),(0.,1.),.PIECEWISE_BEZIER_KNOTS.);
#7657 = CARTESIAN_POINT('',(6.002634447674,8.397447311047,94.4));
#7658 = CARTESIAN_POINT('',(6.322856104651,8.557558139535,94.4));
#7659 = CARTESIAN_POINT('',(6.656704215116,8.557558139535,94.4));
#7660 = VECTOR('',#7661,1.);
#7661 = DIRECTION('',(-0.,-0.,-1.));
#7662 = ADVANCED_FACE('',(#7663),#7688,.T.);
#7663 = FACE_BOUND('',#7664,.T.);
#7664 = EDGE_LOOP('',(#7665,#7675,#7681,#7682));
#7665 = ORIENTED_EDGE('',*,*,#7666,.T.);
#7666 = EDGE_CURVE('',#7667,#7669,#7671,.T.);
#7667 = VERTEX_POINT('',#7668);
#7668 = CARTESIAN_POINT('',(6.152525436047,9.240697674419,94.4));
#7669 = VERTEX_POINT('',#7670);
#7670 = CARTESIAN_POINT('',(6.152525436047,9.240697674419,95.));
#7671 = LINE('',#7672,#7673);
#7672 = CARTESIAN_POINT('',(6.152525436047,9.240697674419,94.4));
#7673 = VECTOR('',#7674,1.);
#7674 = DIRECTION('',(0.,0.,1.));
#7675 = ORIENTED_EDGE('',*,*,#7676,.T.);
#7676 = EDGE_CURVE('',#7669,#7636,#7677,.T.);
#7677 = LINE('',#7678,#7679);
#7678 = CARTESIAN_POINT('',(6.152525436047,9.240697674419,95.));
#7679 = VECTOR('',#7680,1.);
#7680 = DIRECTION('',(-0.175010486354,-0.984566569444,0.));
#7681 = ORIENTED_EDGE('',*,*,#7633,.F.);
#7682 = ORIENTED_EDGE('',*,*,#7683,.F.);
#7683 = EDGE_CURVE('',#7667,#7634,#7684,.T.);
#7684 = LINE('',#7685,#7686);
#7685 = CARTESIAN_POINT('',(6.152525436047,9.240697674419,94.4));
#7686 = VECTOR('',#7687,1.);
#7687 = DIRECTION('',(-0.175010486354,-0.984566569444,0.));
#7688 = PLANE('',#7689);
#7689 = AXIS2_PLACEMENT_3D('',#7690,#7691,#7692);
#7690 = CARTESIAN_POINT('',(6.152525436047,9.240697674419,94.4));
#7691 = DIRECTION('',(0.984566569444,-0.175010486354,0.));
#7692 = DIRECTION('',(-0.175010486354,-0.984566569444,0.));
#7693 = ADVANCED_FACE('',(#7694),#7719,.T.);
#7694 = FACE_BOUND('',#7695,.T.);
#7695 = EDGE_LOOP('',(#7696,#7706,#7712,#7713));
#7696 = ORIENTED_EDGE('',*,*,#7697,.T.);
#7697 = EDGE_CURVE('',#7698,#7700,#7702,.T.);
#7698 = VERTEX_POINT('',#7699);
#7699 = CARTESIAN_POINT('',(7.958030523256,9.240697674419,94.4));
#7700 = VERTEX_POINT('',#7701);
#7701 = CARTESIAN_POINT('',(7.958030523256,9.240697674419,95.));
#7702 = LINE('',#7703,#7704);
#7703 = CARTESIAN_POINT('',(7.958030523256,9.240697674419,94.4));
#7704 = VECTOR('',#7705,1.);
#7705 = DIRECTION('',(0.,0.,1.));
#7706 = ORIENTED_EDGE('',*,*,#7707,.T.);
#7707 = EDGE_CURVE('',#7700,#7669,#7708,.T.);
#7708 = LINE('',#7709,#7710);
#7709 = CARTESIAN_POINT('',(7.958030523256,9.240697674419,95.));
#7710 = VECTOR('',#7711,1.);
#7711 = DIRECTION('',(-1.,0.,0.));
#7712 = ORIENTED_EDGE('',*,*,#7666,.F.);
#7713 = ORIENTED_EDGE('',*,*,#7714,.F.);
#7714 = EDGE_CURVE('',#7698,#7667,#7715,.T.);
#7715 = LINE('',#7716,#7717);
#7716 = CARTESIAN_POINT('',(7.958030523256,9.240697674419,94.4));
#7717 = VECTOR('',#7718,1.);
#7718 = DIRECTION('',(-1.,0.,0.));
#7719 = PLANE('',#7720);
#7720 = AXIS2_PLACEMENT_3D('',#7721,#7722,#7723);
#7721 = CARTESIAN_POINT('',(7.958030523256,9.240697674419,94.4));
#7722 = DIRECTION('',(0.,-1.,0.));
#7723 = DIRECTION('',(-1.,0.,0.));
#7724 = ADVANCED_FACE('',(#7725),#7750,.T.);
#7725 = FACE_BOUND('',#7726,.T.);
#7726 = EDGE_LOOP('',(#7727,#7737,#7743,#7744));
#7727 = ORIENTED_EDGE('',*,*,#7728,.T.);
#7728 = EDGE_CURVE('',#7729,#7731,#7733,.T.);
#7729 = VERTEX_POINT('',#7730);
#7730 = CARTESIAN_POINT('',(7.958030523256,10.141860465116,94.4));
#7731 = VERTEX_POINT('',#7732);
#7732 = CARTESIAN_POINT('',(7.958030523256,10.141860465116,95.));
#7733 = LINE('',#7734,#7735);
#7734 = CARTESIAN_POINT('',(7.958030523256,10.141860465116,94.4));
#7735 = VECTOR('',#7736,1.);
#7736 = DIRECTION('',(0.,0.,1.));
#7737 = ORIENTED_EDGE('',*,*,#7738,.T.);
#7738 = EDGE_CURVE('',#7731,#7700,#7739,.T.);
#7739 = LINE('',#7740,#7741);
#7740 = CARTESIAN_POINT('',(7.958030523256,10.141860465116,95.));
#7741 = VECTOR('',#7742,1.);
#7742 = DIRECTION('',(0.,-1.,0.));
#7743 = ORIENTED_EDGE('',*,*,#7697,.F.);
#7744 = ORIENTED_EDGE('',*,*,#7745,.F.);
#7745 = EDGE_CURVE('',#7729,#7698,#7746,.T.);
#7746 = LINE('',#7747,#7748);
#7747 = CARTESIAN_POINT('',(7.958030523256,10.141860465116,94.4));
#7748 = VECTOR('',#7749,1.);
#7749 = DIRECTION('',(0.,-1.,0.));
#7750 = PLANE('',#7751);
#7751 = AXIS2_PLACEMENT_3D('',#7752,#7753,#7754);
#7752 = CARTESIAN_POINT('',(7.958030523256,10.141860465116,94.4));
#7753 = DIRECTION('',(1.,0.,0.));
#7754 = DIRECTION('',(0.,-1.,0.));
#7755 = ADVANCED_FACE('',(#7756),#7781,.T.);
#7756 = FACE_BOUND('',#7757,.T.);
#7757 = EDGE_LOOP('',(#7758,#7768,#7774,#7775));
#7758 = ORIENTED_EDGE('',*,*,#7759,.T.);
#7759 = EDGE_CURVE('',#7760,#7762,#7764,.T.);
#7760 = VERTEX_POINT('',#7761);
#7761 = CARTESIAN_POINT('',(5.426916787791,10.141860465116,94.4));
#7762 = VERTEX_POINT('',#7763);
#7763 = CARTESIAN_POINT('',(5.426916787791,10.141860465116,95.));
#7764 = LINE('',#7765,#7766);
#7765 = CARTESIAN_POINT('',(5.426916787791,10.141860465116,94.4));
#7766 = VECTOR('',#7767,1.);
#7767 = DIRECTION('',(0.,0.,1.));
#7768 = ORIENTED_EDGE('',*,*,#7769,.T.);
#7769 = EDGE_CURVE('',#7762,#7731,#7770,.T.);
#7770 = LINE('',#7771,#7772);
#7771 = CARTESIAN_POINT('',(5.426916787791,10.141860465116,95.));
#7772 = VECTOR('',#7773,1.);
#7773 = DIRECTION('',(1.,0.,0.));
#7774 = ORIENTED_EDGE('',*,*,#7728,.F.);
#7775 = ORIENTED_EDGE('',*,*,#7776,.F.);
#7776 = EDGE_CURVE('',#7760,#7729,#7777,.T.);
#7777 = LINE('',#7778,#7779);
#7778 = CARTESIAN_POINT('',(5.426916787791,10.141860465116,94.4));
#7779 = VECTOR('',#7780,1.);
#7780 = DIRECTION('',(1.,0.,0.));
#7781 = PLANE('',#7782);
#7782 = AXIS2_PLACEMENT_3D('',#7783,#7784,#7785);
#7783 = CARTESIAN_POINT('',(5.426916787791,10.141860465116,94.4));
#7784 = DIRECTION('',(0.,1.,0.));
#7785 = DIRECTION('',(1.,0.,0.));
#7786 = ADVANCED_FACE('',(#7787),#7812,.T.);
#7787 = FACE_BOUND('',#7788,.T.);
#7788 = EDGE_LOOP('',(#7789,#7799,#7805,#7806));
#7789 = ORIENTED_EDGE('',*,*,#7790,.T.);
#7790 = EDGE_CURVE('',#7791,#7793,#7795,.T.);
#7791 = VERTEX_POINT('',#7792);
#7792 = CARTESIAN_POINT('',(4.936364462209,7.535801235465,94.4));
#7793 = VERTEX_POINT('',#7794);
#7794 = CARTESIAN_POINT('',(4.936364462209,7.535801235465,95.));
#7795 = LINE('',#7796,#7797);
#7796 = CARTESIAN_POINT('',(4.936364462209,7.535801235465,94.4));
#7797 = VECTOR('',#7798,1.);
#7798 = DIRECTION('',(0.,0.,1.));
#7799 = ORIENTED_EDGE('',*,*,#7800,.T.);
#7800 = EDGE_CURVE('',#7793,#7762,#7801,.T.);
#7801 = LINE('',#7802,#7803);
#7802 = CARTESIAN_POINT('',(4.936364462209,7.535801235465,95.));
#7803 = VECTOR('',#7804,1.);
#7804 = DIRECTION('',(0.184986551027,0.982741052332,0.));
#7805 = ORIENTED_EDGE('',*,*,#7759,.F.);
#7806 = ORIENTED_EDGE('',*,*,#7807,.F.);
#7807 = EDGE_CURVE('',#7791,#7760,#7808,.T.);
#7808 = LINE('',#7809,#7810);
#7809 = CARTESIAN_POINT('',(4.936364462209,7.535801235465,94.4));
#7810 = VECTOR('',#7811,1.);
#7811 = DIRECTION('',(0.184986551027,0.982741052332,0.));
#7812 = PLANE('',#7813);
#7813 = AXIS2_PLACEMENT_3D('',#7814,#7815,#7816);
#7814 = CARTESIAN_POINT('',(4.936364462209,7.535801235465,94.4));
#7815 = DIRECTION('',(-0.982741052332,0.184986551027,0.));
#7816 = DIRECTION('',(0.184986551027,0.982741052332,0.));
#7817 = ADVANCED_FACE('',(#7818),#7843,.T.);
#7818 = FACE_BOUND('',#7819,.T.);
#7819 = EDGE_LOOP('',(#7820,#7830,#7836,#7837));
#7820 = ORIENTED_EDGE('',*,*,#7821,.T.);
#7821 = EDGE_CURVE('',#7822,#7824,#7826,.T.);
#7822 = VERTEX_POINT('',#7823);
#7823 = CARTESIAN_POINT('',(5.713072311047,7.423837209302,94.4));
#7824 = VERTEX_POINT('',#7825);
#7825 = CARTESIAN_POINT('',(5.713072311047,7.423837209302,95.));
#7826 = LINE('',#7827,#7828);
#7827 = CARTESIAN_POINT('',(5.713072311047,7.423837209302,94.4));
#7828 = VECTOR('',#7829,1.);
#7829 = DIRECTION('',(0.,0.,1.));
#7830 = ORIENTED_EDGE('',*,*,#7831,.T.);
#7831 = EDGE_CURVE('',#7824,#7793,#7832,.T.);
#7832 = LINE('',#7833,#7834);
#7833 = CARTESIAN_POINT('',(5.713072311047,7.423837209302,95.));
#7834 = VECTOR('',#7835,1.);
#7835 = DIRECTION('',(-0.989769265001,0.142677265393,0.));
#7836 = ORIENTED_EDGE('',*,*,#7790,.F.);
#7837 = ORIENTED_EDGE('',*,*,#7838,.F.);
#7838 = EDGE_CURVE('',#7822,#7791,#7839,.T.);
#7839 = LINE('',#7840,#7841);
#7840 = CARTESIAN_POINT('',(5.713072311047,7.423837209302,94.4));
#7841 = VECTOR('',#7842,1.);
#7842 = DIRECTION('',(-0.989769265001,0.142677265393,0.));
#7843 = PLANE('',#7844);
#7844 = AXIS2_PLACEMENT_3D('',#7845,#7846,#7847);
#7845 = CARTESIAN_POINT('',(5.713072311047,7.423837209302,94.4));
#7846 = DIRECTION('',(-0.142677265393,-0.989769265001,0.));
#7847 = DIRECTION('',(-0.989769265001,0.142677265393,0.));
#7848 = ADVANCED_FACE('',(#7849),#7874,.T.);
#7849 = FACE_BOUND('',#7850,.T.);
#7850 = EDGE_LOOP('',(#7851,#7861,#7867,#7868));
#7851 = ORIENTED_EDGE('',*,*,#7852,.T.);
#7852 = EDGE_CURVE('',#7853,#7855,#7857,.T.);
#7853 = VERTEX_POINT('',#7854);
#7854 = CARTESIAN_POINT('',(6.452307412791,7.787209302326,94.4));
#7855 = VERTEX_POINT('',#7856);
#7856 = CARTESIAN_POINT('',(6.452307412791,7.787209302326,95.));
#7857 = LINE('',#7858,#7859);
#7858 = CARTESIAN_POINT('',(6.452307412791,7.787209302326,94.4));
#7859 = VECTOR('',#7860,1.);
#7860 = DIRECTION('',(0.,0.,1.));
#7861 = ORIENTED_EDGE('',*,*,#7862,.T.);
#7862 = EDGE_CURVE('',#7855,#7824,#7863,.T.);
#7863 = B_SPLINE_CURVE_WITH_KNOTS('',2,(#7864,#7865,#7866),
  .UNSPECIFIED.,.F.,.F.,(3,3),(0.,1.),.PIECEWISE_BEZIER_KNOTS.);
#7864 = CARTESIAN_POINT('',(6.452307412791,7.787209302326,95.));
#7865 = CARTESIAN_POINT('',(6.040107194767,7.787209302326,95.));
#7866 = CARTESIAN_POINT('',(5.713072311047,7.423837209302,95.));
#7867 = ORIENTED_EDGE('',*,*,#7821,.F.);
#7868 = ORIENTED_EDGE('',*,*,#7869,.F.);
#7869 = EDGE_CURVE('',#7853,#7822,#7870,.T.);
#7870 = B_SPLINE_CURVE_WITH_KNOTS('',2,(#7871,#7872,#7873),
  .UNSPECIFIED.,.F.,.F.,(3,3),(0.,1.),.PIECEWISE_BEZIER_KNOTS.);
#7871 = CARTESIAN_POINT('',(6.452307412791,7.787209302326,94.4));
#7872 = CARTESIAN_POINT('',(6.040107194767,7.787209302326,94.4));
#7873 = CARTESIAN_POINT('',(5.713072311047,7.423837209302,94.4));
#7874 = SURFACE_OF_LINEAR_EXTRUSION('',#7875,#7879);
#7875 = B_SPLINE_CURVE_WITH_KNOTS('',2,(#7876,#7877,#7878),
  .UNSPECIFIED.,.F.,.F.,(3,3),(0.,1.),.PIECEWISE_BEZIER_KNOTS.);
#7876 = CARTESIAN_POINT('',(6.452307412791,7.787209302326,94.4));
#7877 = CARTESIAN_POINT('',(6.040107194767,7.787209302326,94.4));
#7878 = CARTESIAN_POINT('',(5.713072311047,7.423837209302,94.4));
#7879 = VECTOR('',#7880,1.);
#7880 = DIRECTION('',(-0.,-0.,-1.));
#7881 = ADVANCED_FACE('',(#7882),#7907,.T.);
#7882 = FACE_BOUND('',#7883,.T.);
#7883 = EDGE_LOOP('',(#7884,#7894,#7900,#7901));
#7884 = ORIENTED_EDGE('',*,*,#7885,.T.);
#7885 = EDGE_CURVE('',#7886,#7888,#7890,.T.);
#7886 = VERTEX_POINT('',#7887);
#7887 = CARTESIAN_POINT('',(6.988735465116,7.556468023256,94.4));
#7888 = VERTEX_POINT('',#7889);
#7889 = CARTESIAN_POINT('',(6.988735465116,7.556468023256,95.));
#7890 = LINE('',#7891,#7892);
#7891 = CARTESIAN_POINT('',(6.988735465116,7.556468023256,94.4));
#7892 = VECTOR('',#7893,1.);
#7893 = DIRECTION('',(0.,0.,1.));
#7894 = ORIENTED_EDGE('',*,*,#7895,.T.);
#7895 = EDGE_CURVE('',#7888,#7855,#7896,.T.);
#7896 = B_SPLINE_CURVE_WITH_KNOTS('',2,(#7897,#7898,#7899),
  .UNSPECIFIED.,.F.,.F.,(3,3),(0.,1.),.PIECEWISE_BEZIER_KNOTS.);
#7897 = CARTESIAN_POINT('',(6.988735465116,7.556468023256,95.));
#7898 = CARTESIAN_POINT('',(6.782748909884,7.787209302326,95.));
#7899 = CARTESIAN_POINT('',(6.452307412791,7.787209302326,95.));
#7900 = ORIENTED_EDGE('',*,*,#7852,.F.);
#7901 = ORIENTED_EDGE('',*,*,#7902,.F.);
#7902 = EDGE_CURVE('',#7886,#7853,#7903,.T.);
#7903 = B_SPLINE_CURVE_WITH_KNOTS('',2,(#7904,#7905,#7906),
  .UNSPECIFIED.,.F.,.F.,(3,3),(0.,1.),.PIECEWISE_BEZIER_KNOTS.);
#7904 = CARTESIAN_POINT('',(6.988735465116,7.556468023256,94.4));
#7905 = CARTESIAN_POINT('',(6.782748909884,7.787209302326,94.4));
#7906 = CARTESIAN_POINT('',(6.452307412791,7.787209302326,94.4));
#7907 = SURFACE_OF_LINEAR_EXTRUSION('',#7908,#7912);
#7908 = B_SPLINE_CURVE_WITH_KNOTS('',2,(#7909,#7910,#7911),
  .UNSPECIFIED.,.F.,.F.,(3,3),(0.,1.),.PIECEWISE_BEZIER_KNOTS.);
#7909 = CARTESIAN_POINT('',(6.988735465116,7.556468023256,94.4));
#7910 = CARTESIAN_POINT('',(6.782748909884,7.787209302326,94.4));
#7911 = CARTESIAN_POINT('',(6.452307412791,7.787209302326,94.4));
#7912 = VECTOR('',#7913,1.);
#7913 = DIRECTION('',(-0.,-0.,-1.));
#7914 = ADVANCED_FACE('',(#7915),#7940,.T.);
#7915 = FACE_BOUND('',#7916,.T.);
#7916 = EDGE_LOOP('',(#7917,#7927,#7933,#7934));
#7917 = ORIENTED_EDGE('',*,*,#7918,.T.);
#7918 = EDGE_CURVE('',#7919,#7921,#7923,.T.);
#7919 = VERTEX_POINT('',#7920);
#7920 = CARTESIAN_POINT('',(7.194949127907,6.864244186047,94.4));
#7921 = VERTEX_POINT('',#7922);
#7922 = CARTESIAN_POINT('',(7.194949127907,6.864244186047,95.));
#7923 = LINE('',#7924,#7925);
#7924 = CARTESIAN_POINT('',(7.194949127907,6.864244186047,94.4));
#7925 = VECTOR('',#7926,1.);
#7926 = DIRECTION('',(0.,0.,1.));
#7927 = ORIENTED_EDGE('',*,*,#7928,.T.);
#7928 = EDGE_CURVE('',#7921,#7888,#7929,.T.);
#7929 = B_SPLINE_CURVE_WITH_KNOTS('',2,(#7930,#7931,#7932),
  .UNSPECIFIED.,.F.,.F.,(3,3),(0.,1.),.PIECEWISE_BEZIER_KNOTS.);
#7930 = CARTESIAN_POINT('',(7.194949127907,6.864244186047,95.));
#7931 = CARTESIAN_POINT('',(7.194949127907,7.325726744186,95.));
#7932 = CARTESIAN_POINT('',(6.988735465116,7.556468023256,95.));
#7933 = ORIENTED_EDGE('',*,*,#7885,.F.);
#7934 = ORIENTED_EDGE('',*,*,#7935,.F.);
#7935 = EDGE_CURVE('',#7919,#7886,#7936,.T.);
#7936 = B_SPLINE_CURVE_WITH_KNOTS('',2,(#7937,#7938,#7939),
  .UNSPECIFIED.,.F.,.F.,(3,3),(0.,1.),.PIECEWISE_BEZIER_KNOTS.);
#7937 = CARTESIAN_POINT('',(7.194949127907,6.864244186047,94.4));
#7938 = CARTESIAN_POINT('',(7.194949127907,7.325726744186,94.4));
#7939 = CARTESIAN_POINT('',(6.988735465116,7.556468023256,94.4));
#7940 = SURFACE_OF_LINEAR_EXTRUSION('',#7941,#7945);
#7941 = B_SPLINE_CURVE_WITH_KNOTS('',2,(#7942,#7943,#7944),
  .UNSPECIFIED.,.F.,.F.,(3,3),(0.,1.),.PIECEWISE_BEZIER_KNOTS.);
#7942 = CARTESIAN_POINT('',(7.194949127907,6.864244186047,94.4));
#7943 = CARTESIAN_POINT('',(7.194949127907,7.325726744186,94.4));
#7944 = CARTESIAN_POINT('',(6.988735465116,7.556468023256,94.4));
#7945 = VECTOR('',#7946,1.);
#7946 = DIRECTION('',(-0.,-0.,-1.));
#7947 = ADVANCED_FACE('',(#7948),#7973,.T.);
#7948 = FACE_BOUND('',#7949,.T.);
#7949 = EDGE_LOOP('',(#7950,#7960,#7966,#7967));
#7950 = ORIENTED_EDGE('',*,*,#7951,.T.);
#7951 = EDGE_CURVE('',#7952,#7954,#7956,.T.);
#7952 = VERTEX_POINT('',#7953);
#7953 = CARTESIAN_POINT('',(6.987145712209,6.127507267442,94.4));
#7954 = VERTEX_POINT('',#7955);
#7955 = CARTESIAN_POINT('',(6.987145712209,6.127507267442,95.));
#7956 = LINE('',#7957,#7958);
#7957 = CARTESIAN_POINT('',(6.987145712209,6.127507267442,94.4));
#7958 = VECTOR('',#7959,1.);
#7959 = DIRECTION('',(0.,0.,1.));
#7960 = ORIENTED_EDGE('',*,*,#7961,.T.);
#7961 = EDGE_CURVE('',#7954,#7921,#7962,.T.);
#7962 = B_SPLINE_CURVE_WITH_KNOTS('',2,(#7963,#7964,#7965),
  .UNSPECIFIED.,.F.,.F.,(3,3),(0.,1.),.PIECEWISE_BEZIER_KNOTS.);
#7963 = CARTESIAN_POINT('',(6.987145712209,6.127507267442,95.));
#7964 = CARTESIAN_POINT('',(7.194949127907,6.371875,95.));
#7965 = CARTESIAN_POINT('',(7.194949127907,6.864244186047,95.));
#7966 = ORIENTED_EDGE('',*,*,#7918,.F.);
#7967 = ORIENTED_EDGE('',*,*,#7968,.F.);
#7968 = EDGE_CURVE('',#7952,#7919,#7969,.T.);
#7969 = B_SPLINE_CURVE_WITH_KNOTS('',2,(#7970,#7971,#7972),
  .UNSPECIFIED.,.F.,.F.,(3,3),(0.,1.),.PIECEWISE_BEZIER_KNOTS.);
#7970 = CARTESIAN_POINT('',(6.987145712209,6.127507267442,94.4));
#7971 = CARTESIAN_POINT('',(7.194949127907,6.371875,94.4));
#7972 = CARTESIAN_POINT('',(7.194949127907,6.864244186047,94.4));
#7973 = SURFACE_OF_LINEAR_EXTRUSION('',#7974,#7978);
#7974 = B_SPLINE_CURVE_WITH_KNOTS('',2,(#7975,#7976,#7977),
  .UNSPECIFIED.,.F.,.F.,(3,3),(0.,1.),.PIECEWISE_BEZIER_KNOTS.);
#7975 = CARTESIAN_POINT('',(6.987145712209,6.127507267442,94.4));
#7976 = CARTESIAN_POINT('',(7.194949127907,6.371875,94.4));
#7977 = CARTESIAN_POINT('',(7.194949127907,6.864244186047,94.4));
#7978 = VECTOR('',#7979,1.);
#7979 = DIRECTION('',(-0.,-0.,-1.));
#7980 = ADVANCED_FACE('',(#7981),#8006,.T.);
#7981 = FACE_BOUND('',#7982,.T.);
#7982 = EDGE_LOOP('',(#7983,#7993,#7999,#8000));
#7983 = ORIENTED_EDGE('',*,*,#7984,.T.);
#7984 = EDGE_CURVE('',#7985,#7987,#7989,.T.);
#7985 = VERTEX_POINT('',#7986);
#7986 = CARTESIAN_POINT('',(6.479560319767,5.883139534884,94.4));
#7987 = VERTEX_POINT('',#7988);
#7988 = CARTESIAN_POINT('',(6.479560319767,5.883139534884,95.));
#7989 = LINE('',#7990,#7991);
#7990 = CARTESIAN_POINT('',(6.479560319767,5.883139534884,94.4));
#7991 = VECTOR('',#7992,1.);
#7992 = DIRECTION('',(0.,0.,1.));
#7993 = ORIENTED_EDGE('',*,*,#7994,.T.);
#7994 = EDGE_CURVE('',#7987,#7954,#7995,.T.);
#7995 = B_SPLINE_CURVE_WITH_KNOTS('',2,(#7996,#7997,#7998),
  .UNSPECIFIED.,.F.,.F.,(3,3),(0.,1.),.PIECEWISE_BEZIER_KNOTS.);
#7996 = CARTESIAN_POINT('',(6.479560319767,5.883139534884,95.));
#7997 = CARTESIAN_POINT('',(6.779342296512,5.883139534884,95.));
#7998 = CARTESIAN_POINT('',(6.987145712209,6.127507267442,95.));
#7999 = ORIENTED_EDGE('',*,*,#7951,.F.);
#8000 = ORIENTED_EDGE('',*,*,#8001,.F.);
#8001 = EDGE_CURVE('',#7985,#7952,#8002,.T.);
#8002 = B_SPLINE_CURVE_WITH_KNOTS('',2,(#8003,#8004,#8005),
  .UNSPECIFIED.,.F.,.F.,(3,3),(0.,1.),.PIECEWISE_BEZIER_KNOTS.);
#8003 = CARTESIAN_POINT('',(6.479560319767,5.883139534884,94.4));
#8004 = CARTESIAN_POINT('',(6.779342296512,5.883139534884,94.4));
#8005 = CARTESIAN_POINT('',(6.987145712209,6.127507267442,94.4));
#8006 = SURFACE_OF_LINEAR_EXTRUSION('',#8007,#8011);
#8007 = B_SPLINE_CURVE_WITH_KNOTS('',2,(#8008,#8009,#8010),
  .UNSPECIFIED.,.F.,.F.,(3,3),(0.,1.),.PIECEWISE_BEZIER_KNOTS.);
#8008 = CARTESIAN_POINT('',(6.479560319767,5.883139534884,94.4));
#8009 = CARTESIAN_POINT('',(6.779342296512,5.883139534884,94.4));
#8010 = CARTESIAN_POINT('',(6.987145712209,6.127507267442,94.4));
#8011 = VECTOR('',#8012,1.);
#8012 = DIRECTION('',(-0.,-0.,-1.));
#8013 = ADVANCED_FACE('',(#8014),#8039,.T.);
#8014 = FACE_BOUND('',#8015,.T.);
#8015 = EDGE_LOOP('',(#8016,#8026,#8032,#8033));
#8016 = ORIENTED_EDGE('',*,*,#8017,.T.);
#8017 = EDGE_CURVE('',#8018,#8020,#8022,.T.);
#8018 = VERTEX_POINT('',#8019);
#8019 = CARTESIAN_POINT('',(6.016260901163,6.070957485465,94.4));
#8020 = VERTEX_POINT('',#8021);
#8021 = CARTESIAN_POINT('',(6.016260901163,6.070957485465,95.));
#8022 = LINE('',#8023,#8024);
#8023 = CARTESIAN_POINT('',(6.016260901163,6.070957485465,94.4));
#8024 = VECTOR('',#8025,1.);
#8025 = DIRECTION('',(0.,0.,1.));
#8026 = ORIENTED_EDGE('',*,*,#8027,.T.);
#8027 = EDGE_CURVE('',#8020,#7987,#8028,.T.);
#8028 = B_SPLINE_CURVE_WITH_KNOTS('',2,(#8029,#8030,#8031),
  .UNSPECIFIED.,.F.,.F.,(3,3),(0.,1.),.PIECEWISE_BEZIER_KNOTS.);
#8029 = CARTESIAN_POINT('',(6.016260901163,6.070957485465,95.));
#8030 = CARTESIAN_POINT('',(6.217251090116,5.883139534884,95.));
#8031 = CARTESIAN_POINT('',(6.479560319767,5.883139534884,95.));
#8032 = ORIENTED_EDGE('',*,*,#7984,.F.);
#8033 = ORIENTED_EDGE('',*,*,#8034,.F.);
#8034 = EDGE_CURVE('',#8018,#7985,#8035,.T.);
#8035 = B_SPLINE_CURVE_WITH_KNOTS('',2,(#8036,#8037,#8038),
  .UNSPECIFIED.,.F.,.F.,(3,3),(0.,1.),.PIECEWISE_BEZIER_KNOTS.);
#8036 = CARTESIAN_POINT('',(6.016260901163,6.070957485465,94.4));
#8037 = CARTESIAN_POINT('',(6.217251090116,5.883139534884,94.4));
#8038 = CARTESIAN_POINT('',(6.479560319767,5.883139534884,94.4));
#8039 = SURFACE_OF_LINEAR_EXTRUSION('',#8040,#8044);
#8040 = B_SPLINE_CURVE_WITH_KNOTS('',2,(#8041,#8042,#8043),
  .UNSPECIFIED.,.F.,.F.,(3,3),(0.,1.),.PIECEWISE_BEZIER_KNOTS.);
#8041 = CARTESIAN_POINT('',(6.016260901163,6.070957485465,94.4));
#8042 = CARTESIAN_POINT('',(6.217251090116,5.883139534884,94.4));
#8043 = CARTESIAN_POINT('',(6.479560319767,5.883139534884,94.4));
#8044 = VECTOR('',#8045,1.);
#8045 = DIRECTION('',(-0.,-0.,-1.));
#8046 = ADVANCED_FACE('',(#8047),#8063,.T.);
#8047 = FACE_BOUND('',#8048,.T.);
#8048 = EDGE_LOOP('',(#8049,#8050,#8056,#8057));
#8049 = ORIENTED_EDGE('',*,*,#7413,.T.);
#8050 = ORIENTED_EDGE('',*,*,#8051,.T.);
#8051 = EDGE_CURVE('',#7406,#8020,#8052,.T.);
#8052 = B_SPLINE_CURVE_WITH_KNOTS('',2,(#8053,#8054,#8055),
  .UNSPECIFIED.,.F.,.F.,(3,3),(0.,1.),.PIECEWISE_BEZIER_KNOTS.);
#8053 = CARTESIAN_POINT('',(5.774391351744,6.580813953488,95.));
#8054 = CARTESIAN_POINT('',(5.815270712209,6.259002543605,95.));
#8055 = CARTESIAN_POINT('',(6.016260901163,6.070957485465,95.));
#8056 = ORIENTED_EDGE('',*,*,#8017,.F.);
#8057 = ORIENTED_EDGE('',*,*,#8058,.F.);
#8058 = EDGE_CURVE('',#7414,#8018,#8059,.T.);
#8059 = B_SPLINE_CURVE_WITH_KNOTS('',2,(#8060,#8061,#8062),
  .UNSPECIFIED.,.F.,.F.,(3,3),(0.,1.),.PIECEWISE_BEZIER_KNOTS.);
#8060 = CARTESIAN_POINT('',(5.774391351744,6.580813953488,94.4));
#8061 = CARTESIAN_POINT('',(5.815270712209,6.259002543605,94.4));
#8062 = CARTESIAN_POINT('',(6.016260901163,6.070957485465,94.4));
#8063 = SURFACE_OF_LINEAR_EXTRUSION('',#8064,#8068);
#8064 = B_SPLINE_CURVE_WITH_KNOTS('',2,(#8065,#8066,#8067),
  .UNSPECIFIED.,.F.,.F.,(3,3),(0.,1.),.PIECEWISE_BEZIER_KNOTS.);
#8065 = CARTESIAN_POINT('',(5.774391351744,6.580813953488,94.4));
#8066 = CARTESIAN_POINT('',(5.815270712209,6.259002543605,94.4));
#8067 = CARTESIAN_POINT('',(6.016260901163,6.070957485465,94.4));
#8068 = VECTOR('',#8069,1.);
#8069 = DIRECTION('',(-0.,-0.,-1.));
#8070 = ADVANCED_FACE('',(#8071),#8094,.F.);
#8071 = FACE_BOUND('',#8072,.F.);
#8072 = EDGE_LOOP('',(#8073,#8074,#8075,#8076,#8077,#8078,#8079,#8080,
    #8081,#8082,#8083,#8084,#8085,#8086,#8087,#8088,#8089,#8090,#8091,
    #8092,#8093));
#8073 = ORIENTED_EDGE('',*,*,#7421,.F.);
#8074 = ORIENTED_EDGE('',*,*,#7452,.F.);
#8075 = ORIENTED_EDGE('',*,*,#7485,.F.);
#8076 = ORIENTED_EDGE('',*,*,#7518,.F.);
#8077 = ORIENTED_EDGE('',*,*,#7551,.F.);
#8078 = ORIENTED_EDGE('',*,*,#7584,.F.);
#8079 = ORIENTED_EDGE('',*,*,#7617,.F.);
#8080 = ORIENTED_EDGE('',*,*,#7650,.F.);
#8081 = ORIENTED_EDGE('',*,*,#7683,.F.);
#8082 = ORIENTED_EDGE('',*,*,#7714,.F.);
#8083 = ORIENTED_EDGE('',*,*,#7745,.F.);
#8084 = ORIENTED_EDGE('',*,*,#7776,.F.);
#8085 = ORIENTED_EDGE('',*,*,#7807,.F.);
#8086 = ORIENTED_EDGE('',*,*,#7838,.F.);
#8087 = ORIENTED_EDGE('',*,*,#7869,.F.);
#8088 = ORIENTED_EDGE('',*,*,#7902,.F.);
#8089 = ORIENTED_EDGE('',*,*,#7935,.F.);
#8090 = ORIENTED_EDGE('',*,*,#7968,.F.);
#8091 = ORIENTED_EDGE('',*,*,#8001,.F.);
#8092 = ORIENTED_EDGE('',*,*,#8034,.F.);
#8093 = ORIENTED_EDGE('',*,*,#8058,.F.);
#8094 = PLANE('',#8095);
#8095 = AXIS2_PLACEMENT_3D('',#8096,#8097,#8098);
#8096 = CARTESIAN_POINT('',(6.519055218525,7.713170318944,94.4));
#8097 = DIRECTION('',(0.,0.,1.));
#8098 = DIRECTION('',(1.,0.,0.));
#8099 = ADVANCED_FACE('',(#8100),#8123,.T.);
#8100 = FACE_BOUND('',#8101,.T.);
#8101 = EDGE_LOOP('',(#8102,#8103,#8104,#8105,#8106,#8107,#8108,#8109,
    #8110,#8111,#8112,#8113,#8114,#8115,#8116,#8117,#8118,#8119,#8120,
    #8121,#8122));
#8102 = ORIENTED_EDGE('',*,*,#7405,.F.);
#8103 = ORIENTED_EDGE('',*,*,#7445,.F.);
#8104 = ORIENTED_EDGE('',*,*,#7478,.F.);
#8105 = ORIENTED_EDGE('',*,*,#7511,.F.);
#8106 = ORIENTED_EDGE('',*,*,#7544,.F.);
#8107 = ORIENTED_EDGE('',*,*,#7577,.F.);
#8108 = ORIENTED_EDGE('',*,*,#7610,.F.);
#8109 = ORIENTED_EDGE('',*,*,#7643,.F.);
#8110 = ORIENTED_EDGE('',*,*,#7676,.F.);
#8111 = ORIENTED_EDGE('',*,*,#7707,.F.);
#8112 = ORIENTED_EDGE('',*,*,#7738,.F.);
#8113 = ORIENTED_EDGE('',*,*,#7769,.F.);
#8114 = ORIENTED_EDGE('',*,*,#7800,.F.);
#8115 = ORIENTED_EDGE('',*,*,#7831,.F.);
#8116 = ORIENTED_EDGE('',*,*,#7862,.F.);
#8117 = ORIENTED_EDGE('',*,*,#7895,.F.);
#8118 = ORIENTED_EDGE('',*,*,#7928,.F.);
#8119 = ORIENTED_EDGE('',*,*,#7961,.F.);
#8120 = ORIENTED_EDGE('',*,*,#7994,.F.);
#8121 = ORIENTED_EDGE('',*,*,#8027,.F.);
#8122 = ORIENTED_EDGE('',*,*,#8051,.F.);
#8123 = PLANE('',#8124);
#8124 = AXIS2_PLACEMENT_3D('',#8125,#8126,#8127);
#8125 = CARTESIAN_POINT('',(6.519055218525,7.713170318944,95.));
#8126 = DIRECTION('',(0.,0.,1.));
#8127 = DIRECTION('',(1.,0.,0.));
#8128 = MANIFOLD_SOLID_BREP('',#8129);
#8129 = CLOSED_SHELL('',(#8130,#8170,#8201,#8234,#8267,#8300,#8333,#8366
    ,#8399,#8432,#8465,#8498,#8529,#8562,#8595,#8628,#8661,#8694,#8727,
    #8760,#8793,#8815,#8844));
#8130 = ADVANCED_FACE('',(#8131),#8165,.T.);
#8131 = FACE_BOUND('',#8132,.T.);
#8132 = EDGE_LOOP('',(#8133,#8143,#8151,#8159));
#8133 = ORIENTED_EDGE('',*,*,#8134,.T.);
#8134 = EDGE_CURVE('',#8135,#8137,#8139,.T.);
#8135 = VERTEX_POINT('',#8136);
#8136 = CARTESIAN_POINT('',(-4.822242914244,-9.313372093023,94.4));
#8137 = VERTEX_POINT('',#8138);
#8138 = CARTESIAN_POINT('',(-4.822242914244,-9.313372093023,95.));
#8139 = LINE('',#8140,#8141);
#8140 = CARTESIAN_POINT('',(-4.822242914244,-9.313372093023,94.4));
#8141 = VECTOR('',#8142,1.);
#8142 = DIRECTION('',(0.,0.,1.));
#8143 = ORIENTED_EDGE('',*,*,#8144,.T.);
#8144 = EDGE_CURVE('',#8137,#8145,#8147,.T.);
#8145 = VERTEX_POINT('',#8146);
#8146 = CARTESIAN_POINT('',(-4.822242914244,-10.2,95.));
#8147 = LINE('',#8148,#8149);
#8148 = CARTESIAN_POINT('',(-4.822242914244,-9.313372093023,95.));
#8149 = VECTOR('',#8150,1.);
#8150 = DIRECTION('',(0.,-1.,0.));
#8151 = ORIENTED_EDGE('',*,*,#8152,.F.);
#8152 = EDGE_CURVE('',#8153,#8145,#8155,.T.);
#8153 = VERTEX_POINT('',#8154);
#8154 = CARTESIAN_POINT('',(-4.822242914244,-10.2,94.4));
#8155 = LINE('',#8156,#8157);
#8156 = CARTESIAN_POINT('',(-4.822242914244,-10.2,94.4));
#8157 = VECTOR('',#8158,1.);
#8158 = DIRECTION('',(0.,0.,1.));
#8159 = ORIENTED_EDGE('',*,*,#8160,.F.);
#8160 = EDGE_CURVE('',#8135,#8153,#8161,.T.);
#8161 = LINE('',#8162,#8163);
#8162 = CARTESIAN_POINT('',(-4.822242914244,-9.313372093023,94.4));
#8163 = VECTOR('',#8164,1.);
#8164 = DIRECTION('',(0.,-1.,0.));
#8165 = PLANE('',#8166);
#8166 = AXIS2_PLACEMENT_3D('',#8167,#8168,#8169);
#8167 = CARTESIAN_POINT('',(-4.822242914244,-9.313372093023,94.4));
#8168 = DIRECTION('',(1.,0.,0.));
#8169 = DIRECTION('',(0.,-1.,0.));
#8170 = ADVANCED_FACE('',(#8171),#8196,.T.);
#8171 = FACE_BOUND('',#8172,.T.);
#8172 = EDGE_LOOP('',(#8173,#8183,#8189,#8190));
#8173 = ORIENTED_EDGE('',*,*,#8174,.T.);
#8174 = EDGE_CURVE('',#8175,#8177,#8179,.T.);
#8175 = VERTEX_POINT('',#8176);
#8176 = CARTESIAN_POINT('',(-6.723133175872,-9.313372093023,94.4));
#8177 = VERTEX_POINT('',#8178);
#8178 = CARTESIAN_POINT('',(-6.723133175872,-9.313372093023,95.));
#8179 = LINE('',#8180,#8181);
#8180 = CARTESIAN_POINT('',(-6.723133175872,-9.313372093023,94.4));
#8181 = VECTOR('',#8182,1.);
#8182 = DIRECTION('',(0.,0.,1.));
#8183 = ORIENTED_EDGE('',*,*,#8184,.T.);
#8184 = EDGE_CURVE('',#8177,#8137,#8185,.T.);
#8185 = LINE('',#8186,#8187);
#8186 = CARTESIAN_POINT('',(-6.723133175872,-9.313372093023,95.));
#8187 = VECTOR('',#8188,1.);
#8188 = DIRECTION('',(1.,0.,0.));
#8189 = ORIENTED_EDGE('',*,*,#8134,.F.);
#8190 = ORIENTED_EDGE('',*,*,#8191,.F.);
#8191 = EDGE_CURVE('',#8175,#8135,#8192,.T.);
#8192 = LINE('',#8193,#8194);
#8193 = CARTESIAN_POINT('',(-6.723133175872,-9.313372093023,94.4));
#8194 = VECTOR('',#8195,1.);
#8195 = DIRECTION('',(1.,0.,0.));
#8196 = PLANE('',#8197);
#8197 = AXIS2_PLACEMENT_3D('',#8198,#8199,#8200);
#8198 = CARTESIAN_POINT('',(-6.723133175872,-9.313372093023,94.4));
#8199 = DIRECTION('',(0.,1.,0.));
#8200 = DIRECTION('',(1.,0.,0.));
#8201 = ADVANCED_FACE('',(#8202),#8227,.T.);
#8202 = FACE_BOUND('',#8203,.T.);
#8203 = EDGE_LOOP('',(#8204,#8214,#8220,#8221));
#8204 = ORIENTED_EDGE('',*,*,#8205,.T.);
#8205 = EDGE_CURVE('',#8206,#8208,#8210,.T.);
#8206 = VERTEX_POINT('',#8207);
#8207 = CARTESIAN_POINT('',(-6.527366460756,-9.046747819767,94.4));
#8208 = VERTEX_POINT('',#8209);
#8209 = CARTESIAN_POINT('',(-6.527366460756,-9.046747819767,95.));
#8210 = LINE('',#8211,#8212);
#8211 = CARTESIAN_POINT('',(-6.527366460756,-9.046747819767,94.4));
#8212 = VECTOR('',#8213,1.);
#8213 = DIRECTION('',(0.,0.,1.));
#8214 = ORIENTED_EDGE('',*,*,#8215,.T.);
#8215 = EDGE_CURVE('',#8208,#8177,#8216,.T.);
#8216 = B_SPLINE_CURVE_WITH_KNOTS('',2,(#8217,#8218,#8219),
  .UNSPECIFIED.,.F.,.F.,(3,3),(0.,1.),.PIECEWISE_BEZIER_KNOTS.);
#8217 = CARTESIAN_POINT('',(-6.527366460756,-9.046747819767,95.));
#8218 = CARTESIAN_POINT('',(-6.648187681686,-9.183466569767,95.));
#8219 = CARTESIAN_POINT('',(-6.723133175872,-9.313372093023,95.));
#8220 = ORIENTED_EDGE('',*,*,#8174,.F.);
#8221 = ORIENTED_EDGE('',*,*,#8222,.F.);
#8222 = EDGE_CURVE('',#8206,#8175,#8223,.T.);
#8223 = B_SPLINE_CURVE_WITH_KNOTS('',2,(#8224,#8225,#8226),
  .UNSPECIFIED.,.F.,.F.,(3,3),(0.,1.),.PIECEWISE_BEZIER_KNOTS.);
#8224 = CARTESIAN_POINT('',(-6.527366460756,-9.046747819767,94.4));
#8225 = CARTESIAN_POINT('',(-6.648187681686,-9.183466569767,94.4));
#8226 = CARTESIAN_POINT('',(-6.723133175872,-9.313372093023,94.4));
#8227 = SURFACE_OF_LINEAR_EXTRUSION('',#8228,#8232);
#8228 = B_SPLINE_CURVE_WITH_KNOTS('',2,(#8229,#8230,#8231),
  .UNSPECIFIED.,.F.,.F.,(3,3),(0.,1.),.PIECEWISE_BEZIER_KNOTS.);
#8229 = CARTESIAN_POINT('',(-6.527366460756,-9.046747819767,94.4));
#8230 = CARTESIAN_POINT('',(-6.648187681686,-9.183466569767,94.4));
#8231 = CARTESIAN_POINT('',(-6.723133175872,-9.313372093023,94.4));
#8232 = VECTOR('',#8233,1.);
#8233 = DIRECTION('',(-0.,-0.,-1.));
#8234 = ADVANCED_FACE('',(#8235),#8260,.T.);
#8235 = FACE_BOUND('',#8236,.T.);
#8236 = EDGE_LOOP('',(#8237,#8247,#8253,#8254));
#8237 = ORIENTED_EDGE('',*,*,#8238,.T.);
#8238 = EDGE_CURVE('',#8239,#8241,#8243,.T.);
#8239 = VERTEX_POINT('',#8240);
#8240 = CARTESIAN_POINT('',(-5.953238553779,-8.492605377907,94.4));
#8241 = VERTEX_POINT('',#8242);
#8242 = CARTESIAN_POINT('',(-5.953238553779,-8.492605377907,95.));
#8243 = LINE('',#8244,#8245);
#8244 = CARTESIAN_POINT('',(-5.953238553779,-8.492605377907,94.4));
#8245 = VECTOR('',#8246,1.);
#8246 = DIRECTION('',(0.,0.,1.));
#8247 = ORIENTED_EDGE('',*,*,#8248,.T.);
#8248 = EDGE_CURVE('',#8241,#8208,#8249,.T.);
#8249 = B_SPLINE_CURVE_WITH_KNOTS('',2,(#8250,#8251,#8252),
  .UNSPECIFIED.,.F.,.F.,(3,3),(0.,1.),.PIECEWISE_BEZIER_KNOTS.);
#8250 = CARTESIAN_POINT('',(-5.953238553779,-8.492605377907,95.));
#8251 = CARTESIAN_POINT('',(-6.406318132267,-8.909801962209,95.));
#8252 = CARTESIAN_POINT('',(-6.527366460756,-9.046747819767,95.));
#8253 = ORIENTED_EDGE('',*,*,#8205,.F.);
#8254 = ORIENTED_EDGE('',*,*,#8255,.F.);
#8255 = EDGE_CURVE('',#8239,#8206,#8256,.T.);
#8256 = B_SPLINE_CURVE_WITH_KNOTS('',2,(#8257,#8258,#8259),
  .UNSPECIFIED.,.F.,.F.,(3,3),(0.,1.),.PIECEWISE_BEZIER_KNOTS.);
#8257 = CARTESIAN_POINT('',(-5.953238553779,-8.492605377907,94.4));
#8258 = CARTESIAN_POINT('',(-6.406318132267,-8.909801962209,94.4));
#8259 = CARTESIAN_POINT('',(-6.527366460756,-9.046747819767,94.4));
#8260 = SURFACE_OF_LINEAR_EXTRUSION('',#8261,#8265);
#8261 = B_SPLINE_CURVE_WITH_KNOTS('',2,(#8262,#8263,#8264),
  .UNSPECIFIED.,.F.,.F.,(3,3),(0.,1.),.PIECEWISE_BEZIER_KNOTS.);
#8262 = CARTESIAN_POINT('',(-5.953238553779,-8.492605377907,94.4));
#8263 = CARTESIAN_POINT('',(-6.406318132267,-8.909801962209,94.4));
#8264 = CARTESIAN_POINT('',(-6.527366460756,-9.046747819767,94.4));
#8265 = VECTOR('',#8266,1.);
#8266 = DIRECTION('',(-0.,-0.,-1.));
#8267 = ADVANCED_FACE('',(#8268),#8293,.T.);
#8268 = FACE_BOUND('',#8269,.T.);
#8269 = EDGE_LOOP('',(#8270,#8280,#8286,#8287));
#8270 = ORIENTED_EDGE('',*,*,#8271,.T.);
#8271 = EDGE_CURVE('',#8272,#8274,#8276,.T.);
#8272 = VERTEX_POINT('',#8273);
#8273 = CARTESIAN_POINT('',(-5.326421693314,-7.852843386628,94.4));
#8274 = VERTEX_POINT('',#8275);
#8275 = CARTESIAN_POINT('',(-5.326421693314,-7.852843386628,95.));
#8276 = LINE('',#8277,#8278);
#8277 = CARTESIAN_POINT('',(-5.326421693314,-7.852843386628,94.4));
#8278 = VECTOR('',#8279,1.);
#8279 = DIRECTION('',(0.,0.,1.));
#8280 = ORIENTED_EDGE('',*,*,#8281,.T.);
#8281 = EDGE_CURVE('',#8274,#8241,#8282,.T.);
#8282 = B_SPLINE_CURVE_WITH_KNOTS('',2,(#8283,#8284,#8285),
  .UNSPECIFIED.,.F.,.F.,(3,3),(0.,1.),.PIECEWISE_BEZIER_KNOTS.);
#8283 = CARTESIAN_POINT('',(-5.326421693314,-7.852843386628,95.));
#8284 = CARTESIAN_POINT('',(-5.500158975291,-8.075181686047,95.));
#8285 = CARTESIAN_POINT('',(-5.953238553779,-8.492605377907,95.));
#8286 = ORIENTED_EDGE('',*,*,#8238,.F.);
#8287 = ORIENTED_EDGE('',*,*,#8288,.F.);
#8288 = EDGE_CURVE('',#8272,#8239,#8289,.T.);
#8289 = B_SPLINE_CURVE_WITH_KNOTS('',2,(#8290,#8291,#8292),
  .UNSPECIFIED.,.F.,.F.,(3,3),(0.,1.),.PIECEWISE_BEZIER_KNOTS.);
#8290 = CARTESIAN_POINT('',(-5.326421693314,-7.852843386628,94.4));
#8291 = CARTESIAN_POINT('',(-5.500158975291,-8.075181686047,94.4));
#8292 = CARTESIAN_POINT('',(-5.953238553779,-8.492605377907,94.4));
#8293 = SURFACE_OF_LINEAR_EXTRUSION('',#8294,#8298);
#8294 = B_SPLINE_CURVE_WITH_KNOTS('',2,(#8295,#8296,#8297),
  .UNSPECIFIED.,.F.,.F.,(3,3),(0.,1.),.PIECEWISE_BEZIER_KNOTS.);
#8295 = CARTESIAN_POINT('',(-5.326421693314,-7.852843386628,94.4));
#8296 = CARTESIAN_POINT('',(-5.500158975291,-8.075181686047,94.4));
#8297 = CARTESIAN_POINT('',(-5.953238553779,-8.492605377907,94.4));
#8298 = VECTOR('',#8299,1.);
#8299 = DIRECTION('',(-0.,-0.,-1.));
#8300 = ADVANCED_FACE('',(#8301),#8326,.T.);
#8301 = FACE_BOUND('',#8302,.T.);
#8302 = EDGE_LOOP('',(#8303,#8313,#8319,#8320));
#8303 = ORIENTED_EDGE('',*,*,#8304,.T.);
#8304 = EDGE_CURVE('',#8305,#8307,#8309,.T.);
#8305 = VERTEX_POINT('',#8306);
#8306 = CARTESIAN_POINT('',(-4.943291242733,-7.211264534884,94.4));
#8307 = VERTEX_POINT('',#8308);
#8308 = CARTESIAN_POINT('',(-4.943291242733,-7.211264534884,95.));
#8309 = LINE('',#8310,#8311);
#8310 = CARTESIAN_POINT('',(-4.943291242733,-7.211264534884,94.4));
#8311 = VECTOR('',#8312,1.);
#8312 = DIRECTION('',(0.,0.,1.));
#8313 = ORIENTED_EDGE('',*,*,#8314,.T.);
#8314 = EDGE_CURVE('',#8307,#8274,#8315,.T.);
#8315 = B_SPLINE_CURVE_WITH_KNOTS('',2,(#8316,#8317,#8318),
  .UNSPECIFIED.,.F.,.F.,(3,3),(0.,1.),.PIECEWISE_BEZIER_KNOTS.);
#8316 = CARTESIAN_POINT('',(-4.943291242733,-7.211264534884,95.));
#8317 = CARTESIAN_POINT('',(-5.064112463663,-7.517405523256,95.));
#8318 = CARTESIAN_POINT('',(-5.326421693314,-7.852843386628,95.));
#8319 = ORIENTED_EDGE('',*,*,#8271,.F.);
#8320 = ORIENTED_EDGE('',*,*,#8321,.F.);
#8321 = EDGE_CURVE('',#8305,#8272,#8322,.T.);
#8322 = B_SPLINE_CURVE_WITH_KNOTS('',2,(#8323,#8324,#8325),
  .UNSPECIFIED.,.F.,.F.,(3,3),(0.,1.),.PIECEWISE_BEZIER_KNOTS.);
#8323 = CARTESIAN_POINT('',(-4.943291242733,-7.211264534884,94.4));
#8324 = CARTESIAN_POINT('',(-5.064112463663,-7.517405523256,94.4));
#8325 = CARTESIAN_POINT('',(-5.326421693314,-7.852843386628,94.4));
#8326 = SURFACE_OF_LINEAR_EXTRUSION('',#8327,#8331);
#8327 = B_SPLINE_CURVE_WITH_KNOTS('',2,(#8328,#8329,#8330),
  .UNSPECIFIED.,.F.,.F.,(3,3),(0.,1.),.PIECEWISE_BEZIER_KNOTS.);
#8328 = CARTESIAN_POINT('',(-4.943291242733,-7.211264534884,94.4));
#8329 = CARTESIAN_POINT('',(-5.064112463663,-7.517405523256,94.4));
#8330 = CARTESIAN_POINT('',(-5.326421693314,-7.852843386628,94.4));
#8331 = VECTOR('',#8332,1.);
#8332 = DIRECTION('',(-0.,-0.,-1.));
#8333 = ADVANCED_FACE('',(#8334),#8359,.T.);
#8334 = FACE_BOUND('',#8335,.T.);
#8335 = EDGE_LOOP('',(#8336,#8346,#8352,#8353));
#8336 = ORIENTED_EDGE('',*,*,#8337,.T.);
#8337 = EDGE_CURVE('',#8338,#8340,#8342,.T.);
#8338 = VERTEX_POINT('',#8339);
#8339 = CARTESIAN_POINT('',(-4.822242914244,-6.566506177326,94.4));
#8340 = VERTEX_POINT('',#8341);
#8341 = CARTESIAN_POINT('',(-4.822242914244,-6.566506177326,95.));
#8342 = LINE('',#8343,#8344);
#8343 = CARTESIAN_POINT('',(-4.822242914244,-6.566506177326,94.4));
#8344 = VECTOR('',#8345,1.);
#8345 = DIRECTION('',(0.,0.,1.));
#8346 = ORIENTED_EDGE('',*,*,#8347,.T.);
#8347 = EDGE_CURVE('',#8340,#8307,#8348,.T.);
#8348 = B_SPLINE_CURVE_WITH_KNOTS('',2,(#8349,#8350,#8351),
  .UNSPECIFIED.,.F.,.F.,(3,3),(0.,1.),.PIECEWISE_BEZIER_KNOTS.);
#8349 = CARTESIAN_POINT('',(-4.822242914244,-6.566506177326,95.));
#8350 = CARTESIAN_POINT('',(-4.822242914244,-6.905123546512,95.));
#8351 = CARTESIAN_POINT('',(-4.943291242733,-7.211264534884,95.));
#8352 = ORIENTED_EDGE('',*,*,#8304,.F.);
#8353 = ORIENTED_EDGE('',*,*,#8354,.F.);
#8354 = EDGE_CURVE('',#8338,#8305,#8355,.T.);
#8355 = B_SPLINE_CURVE_WITH_KNOTS('',2,(#8356,#8357,#8358),
  .UNSPECIFIED.,.F.,.F.,(3,3),(0.,1.),.PIECEWISE_BEZIER_KNOTS.);
#8356 = CARTESIAN_POINT('',(-4.822242914244,-6.566506177326,94.4));
#8357 = CARTESIAN_POINT('',(-4.822242914244,-6.905123546512,94.4));
#8358 = CARTESIAN_POINT('',(-4.943291242733,-7.211264534884,94.4));
#8359 = SURFACE_OF_LINEAR_EXTRUSION('',#8360,#8364);
#8360 = B_SPLINE_CURVE_WITH_KNOTS('',2,(#8361,#8362,#8363),
  .UNSPECIFIED.,.F.,.F.,(3,3),(0.,1.),.PIECEWISE_BEZIER_KNOTS.);
#8361 = CARTESIAN_POINT('',(-4.822242914244,-6.566506177326,94.4));
#8362 = CARTESIAN_POINT('',(-4.822242914244,-6.905123546512,94.4));
#8363 = CARTESIAN_POINT('',(-4.943291242733,-7.211264534884,94.4));
#8364 = VECTOR('',#8365,1.);
#8365 = DIRECTION('',(-0.,-0.,-1.));
#8366 = ADVANCED_FACE('',(#8367),#8392,.T.);
#8367 = FACE_BOUND('',#8368,.T.);
#8368 = EDGE_LOOP('',(#8369,#8379,#8385,#8386));
#8369 = ORIENTED_EDGE('',*,*,#8370,.T.);
#8370 = EDGE_CURVE('',#8371,#8373,#8375,.T.);
#8371 = VERTEX_POINT('',#8372);
#8372 = CARTESIAN_POINT('',(-5.244662972384,-5.57109375,94.4));
#8373 = VERTEX_POINT('',#8374);
#8374 = CARTESIAN_POINT('',(-5.244662972384,-5.57109375,95.));
#8375 = LINE('',#8376,#8377);
#8376 = CARTESIAN_POINT('',(-5.244662972384,-5.57109375,94.4));
#8377 = VECTOR('',#8378,1.);
#8378 = DIRECTION('',(0.,0.,1.));
#8379 = ORIENTED_EDGE('',*,*,#8380,.T.);
#8380 = EDGE_CURVE('',#8373,#8340,#8381,.T.);
#8381 = B_SPLINE_CURVE_WITH_KNOTS('',2,(#8382,#8383,#8384),
  .UNSPECIFIED.,.F.,.F.,(3,3),(0.,1.),.PIECEWISE_BEZIER_KNOTS.);
#8382 = CARTESIAN_POINT('',(-5.244662972384,-5.57109375,95.));
#8383 = CARTESIAN_POINT('',(-4.822242914244,-5.971257267442,95.));
#8384 = CARTESIAN_POINT('',(-4.822242914244,-6.566506177326,95.));
#8385 = ORIENTED_EDGE('',*,*,#8337,.F.);
#8386 = ORIENTED_EDGE('',*,*,#8387,.F.);
#8387 = EDGE_CURVE('',#8371,#8338,#8388,.T.);
#8388 = B_SPLINE_CURVE_WITH_KNOTS('',2,(#8389,#8390,#8391),
  .UNSPECIFIED.,.F.,.F.,(3,3),(0.,1.),.PIECEWISE_BEZIER_KNOTS.);
#8389 = CARTESIAN_POINT('',(-5.244662972384,-5.57109375,94.4));
#8390 = CARTESIAN_POINT('',(-4.822242914244,-5.971257267442,94.4));
#8391 = CARTESIAN_POINT('',(-4.822242914244,-6.566506177326,94.4));
#8392 = SURFACE_OF_LINEAR_EXTRUSION('',#8393,#8397);
#8393 = B_SPLINE_CURVE_WITH_KNOTS('',2,(#8394,#8395,#8396),
  .UNSPECIFIED.,.F.,.F.,(3,3),(0.,1.),.PIECEWISE_BEZIER_KNOTS.);
#8394 = CARTESIAN_POINT('',(-5.244662972384,-5.57109375,94.4));
#8395 = CARTESIAN_POINT('',(-4.822242914244,-5.971257267442,94.4));
#8396 = CARTESIAN_POINT('',(-4.822242914244,-6.566506177326,94.4));
#8397 = VECTOR('',#8398,1.);
#8398 = DIRECTION('',(-0.,-0.,-1.));
#8399 = ADVANCED_FACE('',(#8400),#8425,.T.);
#8400 = FACE_BOUND('',#8401,.T.);
#8401 = EDGE_LOOP('',(#8402,#8412,#8418,#8419));
#8402 = ORIENTED_EDGE('',*,*,#8403,.T.);
#8403 = EDGE_CURVE('',#8404,#8406,#8408,.T.);
#8404 = VERTEX_POINT('',#8405);
#8405 = CARTESIAN_POINT('',(-6.406318132267,-5.170930232558,94.4));
#8406 = VERTEX_POINT('',#8407);
#8407 = CARTESIAN_POINT('',(-6.406318132267,-5.170930232558,95.));
#8408 = LINE('',#8409,#8410);
#8409 = CARTESIAN_POINT('',(-6.406318132267,-5.170930232558,94.4));
#8410 = VECTOR('',#8411,1.);
#8411 = DIRECTION('',(0.,0.,1.));
#8412 = ORIENTED_EDGE('',*,*,#8413,.T.);
#8413 = EDGE_CURVE('',#8406,#8373,#8414,.T.);
#8414 = B_SPLINE_CURVE_WITH_KNOTS('',2,(#8415,#8416,#8417),
  .UNSPECIFIED.,.F.,.F.,(3,3),(0.,1.),.PIECEWISE_BEZIER_KNOTS.);
#8415 = CARTESIAN_POINT('',(-6.406318132267,-5.170930232558,95.));
#8416 = CARTESIAN_POINT('',(-5.667083030523,-5.170930232558,95.));
#8417 = CARTESIAN_POINT('',(-5.244662972384,-5.57109375,95.));
#8418 = ORIENTED_EDGE('',*,*,#8370,.F.);
#8419 = ORIENTED_EDGE('',*,*,#8420,.F.);
#8420 = EDGE_CURVE('',#8404,#8371,#8421,.T.);
#8421 = B_SPLINE_CURVE_WITH_KNOTS('',2,(#8422,#8423,#8424),
  .UNSPECIFIED.,.F.,.F.,(3,3),(0.,1.),.PIECEWISE_BEZIER_KNOTS.);
#8422 = CARTESIAN_POINT('',(-6.406318132267,-5.170930232558,94.4));
#8423 = CARTESIAN_POINT('',(-5.667083030523,-5.170930232558,94.4));
#8424 = CARTESIAN_POINT('',(-5.244662972384,-5.57109375,94.4));
#8425 = SURFACE_OF_LINEAR_EXTRUSION('',#8426,#8430);
#8426 = B_SPLINE_CURVE_WITH_KNOTS('',2,(#8427,#8428,#8429),
  .UNSPECIFIED.,.F.,.F.,(3,3),(0.,1.),.PIECEWISE_BEZIER_KNOTS.);
#8427 = CARTESIAN_POINT('',(-6.406318132267,-5.170930232558,94.4));
#8428 = CARTESIAN_POINT('',(-5.667083030523,-5.170930232558,94.4));
#8429 = CARTESIAN_POINT('',(-5.244662972384,-5.57109375,94.4));
#8430 = VECTOR('',#8431,1.);
#8431 = DIRECTION('',(-0.,-0.,-1.));
#8432 = ADVANCED_FACE('',(#8433),#8458,.T.);
#8433 = FACE_BOUND('',#8434,.T.);
#8434 = EDGE_LOOP('',(#8435,#8445,#8451,#8452));
#8435 = ORIENTED_EDGE('',*,*,#8436,.T.);
#8436 = EDGE_CURVE('',#8437,#8439,#8441,.T.);
#8437 = VERTEX_POINT('',#8438);
#8438 = CARTESIAN_POINT('',(-7.530500545058,-5.517269258721,94.4));
#8439 = VERTEX_POINT('',#8440);
#8440 = CARTESIAN_POINT('',(-7.530500545058,-5.517269258721,95.));
#8441 = LINE('',#8442,#8443);
#8442 = CARTESIAN_POINT('',(-7.530500545058,-5.517269258721,94.4));
#8443 = VECTOR('',#8444,1.);
#8444 = DIRECTION('',(0.,0.,1.));
#8445 = ORIENTED_EDGE('',*,*,#8446,.T.);
#8446 = EDGE_CURVE('',#8439,#8406,#8447,.T.);
#8447 = B_SPLINE_CURVE_WITH_KNOTS('',2,(#8448,#8449,#8450),
  .UNSPECIFIED.,.F.,.F.,(3,3),(0.,1.),.PIECEWISE_BEZIER_KNOTS.);
#8448 = CARTESIAN_POINT('',(-7.530500545058,-5.517269258721,95.));
#8449 = CARTESIAN_POINT('',(-7.080827579942,-5.170930232558,95.));
#8450 = CARTESIAN_POINT('',(-6.406318132267,-5.170930232558,95.));
#8451 = ORIENTED_EDGE('',*,*,#8403,.F.);
#8452 = ORIENTED_EDGE('',*,*,#8453,.F.);
#8453 = EDGE_CURVE('',#8437,#8404,#8454,.T.);
#8454 = B_SPLINE_CURVE_WITH_KNOTS('',2,(#8455,#8456,#8457),
  .UNSPECIFIED.,.F.,.F.,(3,3),(0.,1.),.PIECEWISE_BEZIER_KNOTS.);
#8455 = CARTESIAN_POINT('',(-7.530500545058,-5.517269258721,94.4));
#8456 = CARTESIAN_POINT('',(-7.080827579942,-5.170930232558,94.4));
#8457 = CARTESIAN_POINT('',(-6.406318132267,-5.170930232558,94.4));
#8458 = SURFACE_OF_LINEAR_EXTRUSION('',#8459,#8463);
#8459 = B_SPLINE_CURVE_WITH_KNOTS('',2,(#8460,#8461,#8462),
  .UNSPECIFIED.,.F.,.F.,(3,3),(0.,1.),.PIECEWISE_BEZIER_KNOTS.);
#8460 = CARTESIAN_POINT('',(-7.530500545058,-5.517269258721,94.4));
#8461 = CARTESIAN_POINT('',(-7.080827579942,-5.170930232558,94.4));
#8462 = CARTESIAN_POINT('',(-6.406318132267,-5.170930232558,94.4));
#8463 = VECTOR('',#8464,1.);
#8464 = DIRECTION('',(-0.,-0.,-1.));
#8465 = ADVANCED_FACE('',(#8466),#8491,.T.);
#8466 = FACE_BOUND('',#8467,.T.);
#8467 = EDGE_LOOP('',(#8468,#8478,#8484,#8485));
#8468 = ORIENTED_EDGE('',*,*,#8469,.T.);
#8469 = EDGE_CURVE('',#8470,#8472,#8474,.T.);
#8470 = VERTEX_POINT('',#8471);
#8471 = CARTESIAN_POINT('',(-8.065338844477,-6.659166061047,94.4));
#8472 = VERTEX_POINT('',#8473);
#8473 = CARTESIAN_POINT('',(-8.065338844477,-6.659166061047,95.));
#8474 = LINE('',#8475,#8476);
#8475 = CARTESIAN_POINT('',(-8.065338844477,-6.659166061047,94.4));
#8476 = VECTOR('',#8477,1.);
#8477 = DIRECTION('',(0.,0.,1.));
#8478 = ORIENTED_EDGE('',*,*,#8479,.T.);
#8479 = EDGE_CURVE('',#8472,#8439,#8480,.T.);
#8480 = B_SPLINE_CURVE_WITH_KNOTS('',2,(#8481,#8482,#8483),
  .UNSPECIFIED.,.F.,.F.,(3,3),(0.,1.),.PIECEWISE_BEZIER_KNOTS.);
#8481 = CARTESIAN_POINT('',(-8.065338844477,-6.659166061047,95.));
#8482 = CARTESIAN_POINT('',(-7.980173510174,-5.863608284884,95.));
#8483 = CARTESIAN_POINT('',(-7.530500545058,-5.517269258721,95.));
#8484 = ORIENTED_EDGE('',*,*,#8436,.F.);
#8485 = ORIENTED_EDGE('',*,*,#8486,.F.);
#8486 = EDGE_CURVE('',#8470,#8437,#8487,.T.);
#8487 = B_SPLINE_CURVE_WITH_KNOTS('',2,(#8488,#8489,#8490),
  .UNSPECIFIED.,.F.,.F.,(3,3),(0.,1.),.PIECEWISE_BEZIER_KNOTS.);
#8488 = CARTESIAN_POINT('',(-8.065338844477,-6.659166061047,94.4));
#8489 = CARTESIAN_POINT('',(-7.980173510174,-5.863608284884,94.4));
#8490 = CARTESIAN_POINT('',(-7.530500545058,-5.517269258721,94.4));
#8491 = SURFACE_OF_LINEAR_EXTRUSION('',#8492,#8496);
#8492 = B_SPLINE_CURVE_WITH_KNOTS('',2,(#8493,#8494,#8495),
  .UNSPECIFIED.,.F.,.F.,(3,3),(0.,1.),.PIECEWISE_BEZIER_KNOTS.);
#8493 = CARTESIAN_POINT('',(-8.065338844477,-6.659166061047,94.4));
#8494 = CARTESIAN_POINT('',(-7.980173510174,-5.863608284884,94.4));
#8495 = CARTESIAN_POINT('',(-7.530500545058,-5.517269258721,94.4));
#8496 = VECTOR('',#8497,1.);
#8497 = DIRECTION('',(-0.,-0.,-1.));
#8498 = ADVANCED_FACE('',(#8499),#8524,.T.);
#8499 = FACE_BOUND('',#8500,.T.);
#8500 = EDGE_LOOP('',(#8501,#8511,#8517,#8518));
#8501 = ORIENTED_EDGE('',*,*,#8502,.T.);
#8502 = EDGE_CURVE('',#8503,#8505,#8507,.T.);
#8503 = VERTEX_POINT('',#8504);
#8504 = CARTESIAN_POINT('',(-7.111487100291,-6.75523255814,94.4));
#8505 = VERTEX_POINT('',#8506);
#8506 = CARTESIAN_POINT('',(-7.111487100291,-6.75523255814,95.));
#8507 = LINE('',#8508,#8509);
#8508 = CARTESIAN_POINT('',(-7.111487100291,-6.75523255814,94.4));
#8509 = VECTOR('',#8510,1.);
#8510 = DIRECTION('',(0.,0.,1.));
#8511 = ORIENTED_EDGE('',*,*,#8512,.T.);
#8512 = EDGE_CURVE('',#8505,#8472,#8513,.T.);
#8513 = LINE('',#8514,#8515);
#8514 = CARTESIAN_POINT('',(-7.111487100291,-6.75523255814,95.));
#8515 = VECTOR('',#8516,1.);
#8516 = DIRECTION('',(-0.994966576024,0.100207348014,0.));
#8517 = ORIENTED_EDGE('',*,*,#8469,.F.);
#8518 = ORIENTED_EDGE('',*,*,#8519,.F.);
#8519 = EDGE_CURVE('',#8503,#8470,#8520,.T.);
#8520 = LINE('',#8521,#8522);
#8521 = CARTESIAN_POINT('',(-7.111487100291,-6.75523255814,94.4));
#8522 = VECTOR('',#8523,1.);
#8523 = DIRECTION('',(-0.994966576024,0.100207348014,0.));
#8524 = PLANE('',#8525);
#8525 = AXIS2_PLACEMENT_3D('',#8526,#8527,#8528);
#8526 = CARTESIAN_POINT('',(-7.111487100291,-6.75523255814,94.4));
#8527 = DIRECTION('',(-0.100207348014,-0.994966576024,0.));
#8528 = DIRECTION('',(-0.994966576024,0.100207348014,0.));
#8529 = ADVANCED_FACE('',(#8530),#8555,.T.);
#8530 = FACE_BOUND('',#8531,.T.);
#8531 = EDGE_LOOP('',(#8532,#8542,#8548,#8549));
#8532 = ORIENTED_EDGE('',*,*,#8533,.T.);
#8533 = EDGE_CURVE('',#8534,#8536,#8538,.T.);
#8534 = VERTEX_POINT('',#8535);
#8535 = CARTESIAN_POINT('',(-6.907090297965,-6.152034883721,94.4));
#8536 = VERTEX_POINT('',#8537);
#8537 = CARTESIAN_POINT('',(-6.907090297965,-6.152034883721,95.));
#8538 = LINE('',#8539,#8540);
#8539 = CARTESIAN_POINT('',(-6.907090297965,-6.152034883721,94.4));
#8540 = VECTOR('',#8541,1.);
#8541 = DIRECTION('',(0.,0.,1.));
#8542 = ORIENTED_EDGE('',*,*,#8543,.T.);
#8543 = EDGE_CURVE('',#8536,#8505,#8544,.T.);
#8544 = B_SPLINE_CURVE_WITH_KNOTS('',2,(#8545,#8546,#8547),
  .UNSPECIFIED.,.F.,.F.,(3,3),(0.,1.),.PIECEWISE_BEZIER_KNOTS.);
#8545 = CARTESIAN_POINT('',(-6.907090297965,-6.152034883721,95.));
#8546 = CARTESIAN_POINT('',(-7.084234193314,-6.333720930233,95.));
#8547 = CARTESIAN_POINT('',(-7.111487100291,-6.75523255814,95.));
#8548 = ORIENTED_EDGE('',*,*,#8502,.F.);
#8549 = ORIENTED_EDGE('',*,*,#8550,.F.);
#8550 = EDGE_CURVE('',#8534,#8503,#8551,.T.);
#8551 = B_SPLINE_CURVE_WITH_KNOTS('',2,(#8552,#8553,#8554),
  .UNSPECIFIED.,.F.,.F.,(3,3),(0.,1.),.PIECEWISE_BEZIER_KNOTS.);
#8552 = CARTESIAN_POINT('',(-6.907090297965,-6.152034883721,94.4));
#8553 = CARTESIAN_POINT('',(-7.084234193314,-6.333720930233,94.4));
#8554 = CARTESIAN_POINT('',(-7.111487100291,-6.75523255814,94.4));
#8555 = SURFACE_OF_LINEAR_EXTRUSION('',#8556,#8560);
#8556 = B_SPLINE_CURVE_WITH_KNOTS('',2,(#8557,#8558,#8559),
  .UNSPECIFIED.,.F.,.F.,(3,3),(0.,1.),.PIECEWISE_BEZIER_KNOTS.);
#8557 = CARTESIAN_POINT('',(-6.907090297965,-6.152034883721,94.4));
#8558 = CARTESIAN_POINT('',(-7.084234193314,-6.333720930233,94.4));
#8559 = CARTESIAN_POINT('',(-7.111487100291,-6.75523255814,94.4));
#8560 = VECTOR('',#8561,1.);
#8561 = DIRECTION('',(-0.,-0.,-1.));
#8562 = ADVANCED_FACE('',(#8563),#8588,.T.);
#8563 = FACE_BOUND('',#8564,.T.);
#8564 = EDGE_LOOP('',(#8565,#8575,#8581,#8582));
#8565 = ORIENTED_EDGE('',*,*,#8566,.T.);
#8566 = EDGE_CURVE('',#8567,#8569,#8571,.T.);
#8567 = VERTEX_POINT('',#8568);
#8568 = CARTESIAN_POINT('',(-6.430164425872,-5.970348837209,94.4));
#8569 = VERTEX_POINT('',#8570);
#8570 = CARTESIAN_POINT('',(-6.430164425872,-5.970348837209,95.));
#8571 = LINE('',#8572,#8573);
#8572 = CARTESIAN_POINT('',(-6.430164425872,-5.970348837209,94.4));
#8573 = VECTOR('',#8574,1.);
#8574 = DIRECTION('',(0.,0.,1.));
#8575 = ORIENTED_EDGE('',*,*,#8576,.T.);
#8576 = EDGE_CURVE('',#8569,#8536,#8577,.T.);
#8577 = B_SPLINE_CURVE_WITH_KNOTS('',2,(#8578,#8579,#8580),
  .UNSPECIFIED.,.F.,.F.,(3,3),(0.,1.),.PIECEWISE_BEZIER_KNOTS.);
#8578 = CARTESIAN_POINT('',(-6.430164425872,-5.970348837209,95.));
#8579 = CARTESIAN_POINT('',(-6.729946402616,-5.970348837209,95.));
#8580 = CARTESIAN_POINT('',(-6.907090297965,-6.152034883721,95.));
#8581 = ORIENTED_EDGE('',*,*,#8533,.F.);
#8582 = ORIENTED_EDGE('',*,*,#8583,.F.);
#8583 = EDGE_CURVE('',#8567,#8534,#8584,.T.);
#8584 = B_SPLINE_CURVE_WITH_KNOTS('',2,(#8585,#8586,#8587),
  .UNSPECIFIED.,.F.,.F.,(3,3),(0.,1.),.PIECEWISE_BEZIER_KNOTS.);
#8585 = CARTESIAN_POINT('',(-6.430164425872,-5.970348837209,94.4));
#8586 = CARTESIAN_POINT('',(-6.729946402616,-5.970348837209,94.4));
#8587 = CARTESIAN_POINT('',(-6.907090297965,-6.152034883721,94.4));
#8588 = SURFACE_OF_LINEAR_EXTRUSION('',#8589,#8593);
#8589 = B_SPLINE_CURVE_WITH_KNOTS('',2,(#8590,#8591,#8592),
  .UNSPECIFIED.,.F.,.F.,(3,3),(0.,1.),.PIECEWISE_BEZIER_KNOTS.);
#8590 = CARTESIAN_POINT('',(-6.430164425872,-5.970348837209,94.4));
#8591 = CARTESIAN_POINT('',(-6.729946402616,-5.970348837209,94.4));
#8592 = CARTESIAN_POINT('',(-6.907090297965,-6.152034883721,94.4));
#8593 = VECTOR('',#8594,1.);
#8594 = DIRECTION('',(-0.,-0.,-1.));
#8595 = ADVANCED_FACE('',(#8596),#8621,.T.);
#8596 = FACE_BOUND('',#8597,.T.);
#8597 = EDGE_LOOP('',(#8598,#8608,#8614,#8615));
#8598 = ORIENTED_EDGE('',*,*,#8599,.T.);
#8599 = EDGE_CURVE('',#8600,#8602,#8604,.T.);
#8600 = VERTEX_POINT('',#8601);
#8601 = CARTESIAN_POINT('',(-5.955055414244,-6.142723473837,94.4));
#8602 = VERTEX_POINT('',#8603);
#8603 = CARTESIAN_POINT('',(-5.955055414244,-6.142723473837,95.));
#8604 = LINE('',#8605,#8606);
#8605 = CARTESIAN_POINT('',(-5.955055414244,-6.142723473837,94.4));
#8606 = VECTOR('',#8607,1.);
#8607 = DIRECTION('',(0.,0.,1.));
#8608 = ORIENTED_EDGE('',*,*,#8609,.T.);
#8609 = EDGE_CURVE('',#8602,#8569,#8610,.T.);
#8610 = B_SPLINE_CURVE_WITH_KNOTS('',2,(#8611,#8612,#8613),
  .UNSPECIFIED.,.F.,.F.,(3,3),(0.,1.),.PIECEWISE_BEZIER_KNOTS.);
#8611 = CARTESIAN_POINT('',(-5.955055414244,-6.142723473837,95.));
#8612 = CARTESIAN_POINT('',(-6.126975835756,-5.970348837209,95.));
#8613 = CARTESIAN_POINT('',(-6.430164425872,-5.970348837209,95.));
#8614 = ORIENTED_EDGE('',*,*,#8566,.F.);
#8615 = ORIENTED_EDGE('',*,*,#8616,.F.);
#8616 = EDGE_CURVE('',#8600,#8567,#8617,.T.);
#8617 = B_SPLINE_CURVE_WITH_KNOTS('',2,(#8618,#8619,#8620),
  .UNSPECIFIED.,.F.,.F.,(3,3),(0.,1.),.PIECEWISE_BEZIER_KNOTS.);
#8618 = CARTESIAN_POINT('',(-5.955055414244,-6.142723473837,94.4));
#8619 = CARTESIAN_POINT('',(-6.126975835756,-5.970348837209,94.4));
#8620 = CARTESIAN_POINT('',(-6.430164425872,-5.970348837209,94.4));
#8621 = SURFACE_OF_LINEAR_EXTRUSION('',#8622,#8626);
#8622 = B_SPLINE_CURVE_WITH_KNOTS('',2,(#8623,#8624,#8625),
  .UNSPECIFIED.,.F.,.F.,(3,3),(0.,1.),.PIECEWISE_BEZIER_KNOTS.);
#8623 = CARTESIAN_POINT('',(-5.955055414244,-6.142723473837,94.4));
#8624 = CARTESIAN_POINT('',(-6.126975835756,-5.970348837209,94.4));
#8625 = CARTESIAN_POINT('',(-6.430164425872,-5.970348837209,94.4));
#8626 = VECTOR('',#8627,1.);
#8627 = DIRECTION('',(-0.,-0.,-1.));
#8628 = ADVANCED_FACE('',(#8629),#8654,.T.);
#8629 = FACE_BOUND('',#8630,.T.);
#8630 = EDGE_LOOP('',(#8631,#8641,#8647,#8648));
#8631 = ORIENTED_EDGE('',*,*,#8632,.T.);
#8632 = EDGE_CURVE('',#8633,#8635,#8637,.T.);
#8633 = VERTEX_POINT('',#8634);
#8634 = CARTESIAN_POINT('',(-5.782907885174,-6.636001090116,94.4));
#8635 = VERTEX_POINT('',#8636);
#8636 = CARTESIAN_POINT('',(-5.782907885174,-6.636001090116,95.));
#8637 = LINE('',#8638,#8639);
#8638 = CARTESIAN_POINT('',(-5.782907885174,-6.636001090116,94.4));
#8639 = VECTOR('',#8640,1.);
#8640 = DIRECTION('',(0.,0.,1.));
#8641 = ORIENTED_EDGE('',*,*,#8642,.T.);
#8642 = EDGE_CURVE('',#8635,#8602,#8643,.T.);
#8643 = B_SPLINE_CURVE_WITH_KNOTS('',2,(#8644,#8645,#8646),
  .UNSPECIFIED.,.F.,.F.,(3,3),(0.,1.),.PIECEWISE_BEZIER_KNOTS.);
#8644 = CARTESIAN_POINT('',(-5.782907885174,-6.636001090116,95.));
#8645 = CARTESIAN_POINT('',(-5.782907885174,-6.315098110465,95.));
#8646 = CARTESIAN_POINT('',(-5.955055414244,-6.142723473837,95.));
#8647 = ORIENTED_EDGE('',*,*,#8599,.F.);
#8648 = ORIENTED_EDGE('',*,*,#8649,.F.);
#8649 = EDGE_CURVE('',#8633,#8600,#8650,.T.);
#8650 = B_SPLINE_CURVE_WITH_KNOTS('',2,(#8651,#8652,#8653),
  .UNSPECIFIED.,.F.,.F.,(3,3),(0.,1.),.PIECEWISE_BEZIER_KNOTS.);
#8651 = CARTESIAN_POINT('',(-5.782907885174,-6.636001090116,94.4));
#8652 = CARTESIAN_POINT('',(-5.782907885174,-6.315098110465,94.4));
#8653 = CARTESIAN_POINT('',(-5.955055414244,-6.142723473837,94.4));
#8654 = SURFACE_OF_LINEAR_EXTRUSION('',#8655,#8659);
#8655 = B_SPLINE_CURVE_WITH_KNOTS('',2,(#8656,#8657,#8658),
  .UNSPECIFIED.,.F.,.F.,(3,3),(0.,1.),.PIECEWISE_BEZIER_KNOTS.);
#8656 = CARTESIAN_POINT('',(-5.782907885174,-6.636001090116,94.4));
#8657 = CARTESIAN_POINT('',(-5.782907885174,-6.315098110465,94.4));
#8658 = CARTESIAN_POINT('',(-5.955055414244,-6.142723473837,94.4));
#8659 = VECTOR('',#8660,1.);
#8660 = DIRECTION('',(-0.,-0.,-1.));
#8661 = ADVANCED_FACE('',(#8662),#8687,.T.);
#8662 = FACE_BOUND('',#8663,.T.);
#8663 = EDGE_LOOP('',(#8664,#8674,#8680,#8681));
#8664 = ORIENTED_EDGE('',*,*,#8665,.T.);
#8665 = EDGE_CURVE('',#8666,#8668,#8670,.T.);
#8666 = VERTEX_POINT('',#8667);
#8667 = CARTESIAN_POINT('',(-5.980491460756,-7.223301235465,94.4));
#8668 = VERTEX_POINT('',#8669);
#8669 = CARTESIAN_POINT('',(-5.980491460756,-7.223301235465,95.));
#8670 = LINE('',#8671,#8672);
#8671 = CARTESIAN_POINT('',(-5.980491460756,-7.223301235465,94.4));
#8672 = VECTOR('',#8673,1.);
#8673 = DIRECTION('',(0.,0.,1.));
#8674 = ORIENTED_EDGE('',*,*,#8675,.T.);
#8675 = EDGE_CURVE('',#8668,#8635,#8676,.T.);
#8676 = B_SPLINE_CURVE_WITH_KNOTS('',2,(#8677,#8678,#8679),
  .UNSPECIFIED.,.F.,.F.,(3,3),(0.,1.),.PIECEWISE_BEZIER_KNOTS.);
#8677 = CARTESIAN_POINT('',(-5.980491460756,-7.223301235465,95.));
#8678 = CARTESIAN_POINT('',(-5.782907885174,-6.926244549419,95.));
#8679 = CARTESIAN_POINT('',(-5.782907885174,-6.636001090116,95.));
#8680 = ORIENTED_EDGE('',*,*,#8632,.F.);
#8681 = ORIENTED_EDGE('',*,*,#8682,.F.);
#8682 = EDGE_CURVE('',#8666,#8633,#8683,.T.);
#8683 = B_SPLINE_CURVE_WITH_KNOTS('',2,(#8684,#8685,#8686),
  .UNSPECIFIED.,.F.,.F.,(3,3),(0.,1.),.PIECEWISE_BEZIER_KNOTS.);
#8684 = CARTESIAN_POINT('',(-5.980491460756,-7.223301235465,94.4));
#8685 = CARTESIAN_POINT('',(-5.782907885174,-6.926244549419,94.4));
#8686 = CARTESIAN_POINT('',(-5.782907885174,-6.636001090116,94.4));
#8687 = SURFACE_OF_LINEAR_EXTRUSION('',#8688,#8692);
#8688 = B_SPLINE_CURVE_WITH_KNOTS('',2,(#8689,#8690,#8691),
  .UNSPECIFIED.,.F.,.F.,(3,3),(0.,1.),.PIECEWISE_BEZIER_KNOTS.);
#8689 = CARTESIAN_POINT('',(-5.980491460756,-7.223301235465,94.4));
#8690 = CARTESIAN_POINT('',(-5.782907885174,-6.926244549419,94.4));
#8691 = CARTESIAN_POINT('',(-5.782907885174,-6.636001090116,94.4));
#8692 = VECTOR('',#8693,1.);
#8693 = DIRECTION('',(-0.,-0.,-1.));
#8694 = ADVANCED_FACE('',(#8695),#8720,.T.);
#8695 = FACE_BOUND('',#8696,.T.);
#8696 = EDGE_LOOP('',(#8697,#8707,#8713,#8714));
#8697 = ORIENTED_EDGE('',*,*,#8698,.T.);
#8698 = EDGE_CURVE('',#8699,#8701,#8703,.T.);
#8699 = VERTEX_POINT('',#8700);
#8700 = CARTESIAN_POINT('',(-6.774232376453,-8.042478197674,94.4));
#8701 = VERTEX_POINT('',#8702);
#8702 = CARTESIAN_POINT('',(-6.774232376453,-8.042478197674,95.));
#8703 = LINE('',#8704,#8705);
#8704 = CARTESIAN_POINT('',(-6.774232376453,-8.042478197674,94.4));
#8705 = VECTOR('',#8706,1.);
#8706 = DIRECTION('',(0.,0.,1.));
#8707 = ORIENTED_EDGE('',*,*,#8708,.T.);
#8708 = EDGE_CURVE('',#8701,#8668,#8709,.T.);
#8709 = B_SPLINE_CURVE_WITH_KNOTS('',2,(#8710,#8711,#8712),
  .UNSPECIFIED.,.F.,.F.,(3,3),(0.,1.),.PIECEWISE_BEZIER_KNOTS.);
#8710 = CARTESIAN_POINT('',(-6.774232376453,-8.042478197674,95.));
#8711 = CARTESIAN_POINT('',(-6.126975835756,-7.438372093023,95.));
#8712 = CARTESIAN_POINT('',(-5.980491460756,-7.223301235465,95.));
#8713 = ORIENTED_EDGE('',*,*,#8665,.F.);
#8714 = ORIENTED_EDGE('',*,*,#8715,.F.);
#8715 = EDGE_CURVE('',#8699,#8666,#8716,.T.);
#8716 = B_SPLINE_CURVE_WITH_KNOTS('',2,(#8717,#8718,#8719),
  .UNSPECIFIED.,.F.,.F.,(3,3),(0.,1.),.PIECEWISE_BEZIER_KNOTS.);
#8717 = CARTESIAN_POINT('',(-6.774232376453,-8.042478197674,94.4));
#8718 = CARTESIAN_POINT('',(-6.126975835756,-7.438372093023,94.4));
#8719 = CARTESIAN_POINT('',(-5.980491460756,-7.223301235465,94.4));
#8720 = SURFACE_OF_LINEAR_EXTRUSION('',#8721,#8725);
#8721 = B_SPLINE_CURVE_WITH_KNOTS('',2,(#8722,#8723,#8724),
  .UNSPECIFIED.,.F.,.F.,(3,3),(0.,1.),.PIECEWISE_BEZIER_KNOTS.);
#8722 = CARTESIAN_POINT('',(-6.774232376453,-8.042478197674,94.4));
#8723 = CARTESIAN_POINT('',(-6.126975835756,-7.438372093023,94.4));
#8724 = CARTESIAN_POINT('',(-5.980491460756,-7.223301235465,94.4));
#8725 = VECTOR('',#8726,1.);
#8726 = DIRECTION('',(-0.,-0.,-1.));
#8727 = ADVANCED_FACE('',(#8728),#8753,.T.);
#8728 = FACE_BOUND('',#8729,.T.);
#8729 = EDGE_LOOP('',(#8730,#8740,#8746,#8747));
#8730 = ORIENTED_EDGE('',*,*,#8731,.T.);
#8731 = EDGE_CURVE('',#8732,#8734,#8736,.T.);
#8732 = VERTEX_POINT('',#8733);
#8733 = CARTESIAN_POINT('',(-7.850722202035,-9.242514534884,94.4));
#8734 = VERTEX_POINT('',#8735);
#8735 = CARTESIAN_POINT('',(-7.850722202035,-9.242514534884,95.));
#8736 = LINE('',#8737,#8738);
#8737 = CARTESIAN_POINT('',(-7.850722202035,-9.242514534884,94.4));
#8738 = VECTOR('',#8739,1.);
#8739 = DIRECTION('',(0.,0.,1.));
#8740 = ORIENTED_EDGE('',*,*,#8741,.T.);
#8741 = EDGE_CURVE('',#8734,#8701,#8742,.T.);
#8742 = B_SPLINE_CURVE_WITH_KNOTS('',2,(#8743,#8744,#8745),
  .UNSPECIFIED.,.F.,.F.,(3,3),(0.,1.),.PIECEWISE_BEZIER_KNOTS.);
#8743 = CARTESIAN_POINT('',(-7.850722202035,-9.242514534884,95.));
#8744 = CARTESIAN_POINT('',(-7.578193132267,-8.79011627907,95.));
#8745 = CARTESIAN_POINT('',(-6.774232376453,-8.042478197674,95.));
#8746 = ORIENTED_EDGE('',*,*,#8698,.F.);
#8747 = ORIENTED_EDGE('',*,*,#8748,.F.);
#8748 = EDGE_CURVE('',#8732,#8699,#8749,.T.);
#8749 = B_SPLINE_CURVE_WITH_KNOTS('',2,(#8750,#8751,#8752),
  .UNSPECIFIED.,.F.,.F.,(3,3),(0.,1.),.PIECEWISE_BEZIER_KNOTS.);
#8750 = CARTESIAN_POINT('',(-7.850722202035,-9.242514534884,94.4));
#8751 = CARTESIAN_POINT('',(-7.578193132267,-8.79011627907,94.4));
#8752 = CARTESIAN_POINT('',(-6.774232376453,-8.042478197674,94.4));
#8753 = SURFACE_OF_LINEAR_EXTRUSION('',#8754,#8758);
#8754 = B_SPLINE_CURVE_WITH_KNOTS('',2,(#8755,#8756,#8757),
  .UNSPECIFIED.,.F.,.F.,(3,3),(0.,1.),.PIECEWISE_BEZIER_KNOTS.);
#8755 = CARTESIAN_POINT('',(-7.850722202035,-9.242514534884,94.4));
#8756 = CARTESIAN_POINT('',(-7.578193132267,-8.79011627907,94.4));
#8757 = CARTESIAN_POINT('',(-6.774232376453,-8.042478197674,94.4));
#8758 = VECTOR('',#8759,1.);
#8759 = DIRECTION('',(-0.,-0.,-1.));
#8760 = ADVANCED_FACE('',(#8761),#8786,.T.);
#8761 = FACE_BOUND('',#8762,.T.);
#8762 = EDGE_LOOP('',(#8763,#8773,#8779,#8780));
#8763 = ORIENTED_EDGE('',*,*,#8764,.T.);
#8764 = EDGE_CURVE('',#8765,#8767,#8769,.T.);
#8765 = VERTEX_POINT('',#8766);
#8766 = CARTESIAN_POINT('',(-8.177757085756,-10.2,94.4));
#8767 = VERTEX_POINT('',#8768);
#8768 = CARTESIAN_POINT('',(-8.177757085756,-10.2,95.));
#8769 = LINE('',#8770,#8771);
#8770 = CARTESIAN_POINT('',(-8.177757085756,-10.2,94.4));
#8771 = VECTOR('',#8772,1.);
#8772 = DIRECTION('',(0.,0.,1.));
#8773 = ORIENTED_EDGE('',*,*,#8774,.T.);
#8774 = EDGE_CURVE('',#8767,#8734,#8775,.T.);
#8775 = B_SPLINE_CURVE_WITH_KNOTS('',2,(#8776,#8777,#8778),
  .UNSPECIFIED.,.F.,.F.,(3,3),(0.,1.),.PIECEWISE_BEZIER_KNOTS.);
#8776 = CARTESIAN_POINT('',(-8.177757085756,-10.2,95.));
#8777 = CARTESIAN_POINT('',(-8.123251271802,-9.69468568314,95.));
#8778 = CARTESIAN_POINT('',(-7.850722202035,-9.242514534884,95.));
#8779 = ORIENTED_EDGE('',*,*,#8731,.F.);
#8780 = ORIENTED_EDGE('',*,*,#8781,.F.);
#8781 = EDGE_CURVE('',#8765,#8732,#8782,.T.);
#8782 = B_SPLINE_CURVE_WITH_KNOTS('',2,(#8783,#8784,#8785),
  .UNSPECIFIED.,.F.,.F.,(3,3),(0.,1.),.PIECEWISE_BEZIER_KNOTS.);
#8783 = CARTESIAN_POINT('',(-8.177757085756,-10.2,94.4));
#8784 = CARTESIAN_POINT('',(-8.123251271802,-9.69468568314,94.4));
#8785 = CARTESIAN_POINT('',(-7.850722202035,-9.242514534884,94.4));
#8786 = SURFACE_OF_LINEAR_EXTRUSION('',#8787,#8791);
#8787 = B_SPLINE_CURVE_WITH_KNOTS('',2,(#8788,#8789,#8790),
  .UNSPECIFIED.,.F.,.F.,(3,3),(0.,1.),.PIECEWISE_BEZIER_KNOTS.);
#8788 = CARTESIAN_POINT('',(-8.177757085756,-10.2,94.4));
#8789 = CARTESIAN_POINT('',(-8.123251271802,-9.69468568314,94.4));
#8790 = CARTESIAN_POINT('',(-7.850722202035,-9.242514534884,94.4));
#8791 = VECTOR('',#8792,1.);
#8792 = DIRECTION('',(-0.,-0.,-1.));
#8793 = ADVANCED_FACE('',(#8794),#8810,.T.);
#8794 = FACE_BOUND('',#8795,.T.);
#8795 = EDGE_LOOP('',(#8796,#8797,#8803,#8804));
#8796 = ORIENTED_EDGE('',*,*,#8152,.T.);
#8797 = ORIENTED_EDGE('',*,*,#8798,.T.);
#8798 = EDGE_CURVE('',#8145,#8767,#8799,.T.);
#8799 = LINE('',#8800,#8801);
#8800 = CARTESIAN_POINT('',(-4.822242914244,-10.2,95.));
#8801 = VECTOR('',#8802,1.);
#8802 = DIRECTION('',(-1.,0.,0.));
#8803 = ORIENTED_EDGE('',*,*,#8764,.F.);
#8804 = ORIENTED_EDGE('',*,*,#8805,.F.);
#8805 = EDGE_CURVE('',#8153,#8765,#8806,.T.);
#8806 = LINE('',#8807,#8808);
#8807 = CARTESIAN_POINT('',(-4.822242914244,-10.2,94.4));
#8808 = VECTOR('',#8809,1.);
#8809 = DIRECTION('',(-1.,0.,0.));
#8810 = PLANE('',#8811);
#8811 = AXIS2_PLACEMENT_3D('',#8812,#8813,#8814);
#8812 = CARTESIAN_POINT('',(-4.822242914244,-10.2,94.4));
#8813 = DIRECTION('',(0.,-1.,0.));
#8814 = DIRECTION('',(-1.,0.,0.));
#8815 = ADVANCED_FACE('',(#8816),#8839,.F.);
#8816 = FACE_BOUND('',#8817,.F.);
#8817 = EDGE_LOOP('',(#8818,#8819,#8820,#8821,#8822,#8823,#8824,#8825,
    #8826,#8827,#8828,#8829,#8830,#8831,#8832,#8833,#8834,#8835,#8836,
    #8837,#8838));
#8818 = ORIENTED_EDGE('',*,*,#8160,.F.);
#8819 = ORIENTED_EDGE('',*,*,#8191,.F.);
#8820 = ORIENTED_EDGE('',*,*,#8222,.F.);
#8821 = ORIENTED_EDGE('',*,*,#8255,.F.);
#8822 = ORIENTED_EDGE('',*,*,#8288,.F.);
#8823 = ORIENTED_EDGE('',*,*,#8321,.F.);
#8824 = ORIENTED_EDGE('',*,*,#8354,.F.);
#8825 = ORIENTED_EDGE('',*,*,#8387,.F.);
#8826 = ORIENTED_EDGE('',*,*,#8420,.F.);
#8827 = ORIENTED_EDGE('',*,*,#8453,.F.);
#8828 = ORIENTED_EDGE('',*,*,#8486,.F.);
#8829 = ORIENTED_EDGE('',*,*,#8519,.F.);
#8830 = ORIENTED_EDGE('',*,*,#8550,.F.);
#8831 = ORIENTED_EDGE('',*,*,#8583,.F.);
#8832 = ORIENTED_EDGE('',*,*,#8616,.F.);
#8833 = ORIENTED_EDGE('',*,*,#8649,.F.);
#8834 = ORIENTED_EDGE('',*,*,#8682,.F.);
#8835 = ORIENTED_EDGE('',*,*,#8715,.F.);
#8836 = ORIENTED_EDGE('',*,*,#8748,.F.);
#8837 = ORIENTED_EDGE('',*,*,#8781,.F.);
#8838 = ORIENTED_EDGE('',*,*,#8805,.F.);
#8839 = PLANE('',#8840);
#8840 = AXIS2_PLACEMENT_3D('',#8841,#8842,#8843);
#8841 = CARTESIAN_POINT('',(-6.37204498041,-7.854708914133,94.4));
#8842 = DIRECTION('',(0.,0.,1.));
#8843 = DIRECTION('',(1.,0.,0.));
#8844 = ADVANCED_FACE('',(#8845),#8868,.T.);
#8845 = FACE_BOUND('',#8846,.T.);
#8846 = EDGE_LOOP('',(#8847,#8848,#8849,#8850,#8851,#8852,#8853,#8854,
    #8855,#8856,#8857,#8858,#8859,#8860,#8861,#8862,#8863,#8864,#8865,
    #8866,#8867));
#8847 = ORIENTED_EDGE('',*,*,#8144,.F.);
#8848 = ORIENTED_EDGE('',*,*,#8184,.F.);
#8849 = ORIENTED_EDGE('',*,*,#8215,.F.);
#8850 = ORIENTED_EDGE('',*,*,#8248,.F.);
#8851 = ORIENTED_EDGE('',*,*,#8281,.F.);
#8852 = ORIENTED_EDGE('',*,*,#8314,.F.);
#8853 = ORIENTED_EDGE('',*,*,#8347,.F.);
#8854 = ORIENTED_EDGE('',*,*,#8380,.F.);
#8855 = ORIENTED_EDGE('',*,*,#8413,.F.);
#8856 = ORIENTED_EDGE('',*,*,#8446,.F.);
#8857 = ORIENTED_EDGE('',*,*,#8479,.F.);
#8858 = ORIENTED_EDGE('',*,*,#8512,.F.);
#8859 = ORIENTED_EDGE('',*,*,#8543,.F.);
#8860 = ORIENTED_EDGE('',*,*,#8576,.F.);
#8861 = ORIENTED_EDGE('',*,*,#8609,.F.);
#8862 = ORIENTED_EDGE('',*,*,#8642,.F.);
#8863 = ORIENTED_EDGE('',*,*,#8675,.F.);
#8864 = ORIENTED_EDGE('',*,*,#8708,.F.);
#8865 = ORIENTED_EDGE('',*,*,#8741,.F.);
#8866 = ORIENTED_EDGE('',*,*,#8774,.F.);
#8867 = ORIENTED_EDGE('',*,*,#8798,.F.);
#8868 = PLANE('',#8869);
#8869 = AXIS2_PLACEMENT_3D('',#8870,#8871,#8872);
#8870 = CARTESIAN_POINT('',(-6.37204498041,-7.854708914133,95.));
#8871 = DIRECTION('',(0.,0.,1.));
#8872 = DIRECTION('',(1.,0.,0.));
#8873 = MANIFOLD_SOLID_BREP('',#8874);
#8874 = CLOSED_SHELL('',(#8875,#8915,#8946,#8977,#9008,#9039,#9070,#9101
    ,#9132,#9163,#9194,#9216,#9256,#9287,#9309,#9333));
#8875 = ADVANCED_FACE('',(#8876),#8910,.T.);
#8876 = FACE_BOUND('',#8877,.T.);
#8877 = EDGE_LOOP('',(#8878,#8888,#8896,#8904));
#8878 = ORIENTED_EDGE('',*,*,#8879,.T.);
#8879 = EDGE_CURVE('',#8880,#8882,#8884,.T.);
#8880 = VERTEX_POINT('',#8881);
#8881 = CARTESIAN_POINT('',(0.248682776163,-10.2,94.4));
#8882 = VERTEX_POINT('',#8883);
#8883 = CARTESIAN_POINT('',(0.248682776163,-10.2,95.));
#8884 = LINE('',#8885,#8886);
#8885 = CARTESIAN_POINT('',(0.248682776163,-10.2,94.4));
#8886 = VECTOR('',#8887,1.);
#8887 = DIRECTION('',(0.,0.,1.));
#8888 = ORIENTED_EDGE('',*,*,#8889,.T.);
#8889 = EDGE_CURVE('',#8882,#8890,#8892,.T.);
#8890 = VERTEX_POINT('',#8891);
#8891 = CARTESIAN_POINT('',(0.248682776163,-9.197093023256,95.));
#8892 = LINE('',#8893,#8894);
#8893 = CARTESIAN_POINT('',(0.248682776163,-10.2,95.));
#8894 = VECTOR('',#8895,1.);
#8895 = DIRECTION('',(0.,1.,0.));
#8896 = ORIENTED_EDGE('',*,*,#8897,.F.);
#8897 = EDGE_CURVE('',#8898,#8890,#8900,.T.);
#8898 = VERTEX_POINT('',#8899);
#8899 = CARTESIAN_POINT('',(0.248682776163,-9.197093023256,94.4));
#8900 = LINE('',#8901,#8902);
#8901 = CARTESIAN_POINT('',(0.248682776163,-9.197093023256,94.4));
#8902 = VECTOR('',#8903,1.);
#8903 = DIRECTION('',(0.,0.,1.));
#8904 = ORIENTED_EDGE('',*,*,#8905,.F.);
#8905 = EDGE_CURVE('',#8880,#8898,#8906,.T.);
#8906 = LINE('',#8907,#8908);
#8907 = CARTESIAN_POINT('',(0.248682776163,-10.2,94.4));
#8908 = VECTOR('',#8909,1.);
#8909 = DIRECTION('',(0.,1.,0.));
#8910 = PLANE('',#8911);
#8911 = AXIS2_PLACEMENT_3D('',#8912,#8913,#8914);
#8912 = CARTESIAN_POINT('',(0.248682776163,-10.2,94.4));
#8913 = DIRECTION('',(-1.,0.,0.));
#8914 = DIRECTION('',(0.,1.,0.));
#8915 = ADVANCED_FACE('',(#8916),#8941,.T.);
#8916 = FACE_BOUND('',#8917,.T.);
#8917 = EDGE_LOOP('',(#8918,#8928,#8934,#8935));
#8918 = ORIENTED_EDGE('',*,*,#8919,.T.);
#8919 = EDGE_CURVE('',#8920,#8922,#8924,.T.);
#8920 = VERTEX_POINT('',#8921);
#8921 = CARTESIAN_POINT('',(1.175281613372,-10.2,94.4));
#8922 = VERTEX_POINT('',#8923);
#8923 = CARTESIAN_POINT('',(1.175281613372,-10.2,95.));
#8924 = LINE('',#8925,#8926);
#8925 = CARTESIAN_POINT('',(1.175281613372,-10.2,94.4));
#8926 = VECTOR('',#8927,1.);
#8927 = DIRECTION('',(0.,0.,1.));
#8928 = ORIENTED_EDGE('',*,*,#8929,.T.);
#8929 = EDGE_CURVE('',#8922,#8882,#8930,.T.);
#8930 = LINE('',#8931,#8932);
#8931 = CARTESIAN_POINT('',(1.175281613372,-10.2,95.));
#8932 = VECTOR('',#8933,1.);
#8933 = DIRECTION('',(-1.,0.,0.));
#8934 = ORIENTED_EDGE('',*,*,#8879,.F.);
#8935 = ORIENTED_EDGE('',*,*,#8936,.F.);
#8936 = EDGE_CURVE('',#8920,#8880,#8937,.T.);
#8937 = LINE('',#8938,#8939);
#8938 = CARTESIAN_POINT('',(1.175281613372,-10.2,94.4));
#8939 = VECTOR('',#8940,1.);
#8940 = DIRECTION('',(-1.,0.,0.));
#8941 = PLANE('',#8942);
#8942 = AXIS2_PLACEMENT_3D('',#8943,#8944,#8945);
#8943 = CARTESIAN_POINT('',(1.175281613372,-10.2,94.4));
#8944 = DIRECTION('',(0.,-1.,0.));
#8945 = DIRECTION('',(-1.,0.,0.));
#8946 = ADVANCED_FACE('',(#8947),#8972,.T.);
#8947 = FACE_BOUND('',#8948,.T.);
#8948 = EDGE_LOOP('',(#8949,#8959,#8965,#8966));
#8949 = ORIENTED_EDGE('',*,*,#8950,.T.);
#8950 = EDGE_CURVE('',#8951,#8953,#8955,.T.);
#8951 = VERTEX_POINT('',#8952);
#8952 = CARTESIAN_POINT('',(1.175281613372,-9.197093023256,94.4));
#8953 = VERTEX_POINT('',#8954);
#8954 = CARTESIAN_POINT('',(1.175281613372,-9.197093023256,95.));
#8955 = LINE('',#8956,#8957);
#8956 = CARTESIAN_POINT('',(1.175281613372,-9.197093023256,94.4));
#8957 = VECTOR('',#8958,1.);
#8958 = DIRECTION('',(0.,0.,1.));
#8959 = ORIENTED_EDGE('',*,*,#8960,.T.);
#8960 = EDGE_CURVE('',#8953,#8922,#8961,.T.);
#8961 = LINE('',#8962,#8963);
#8962 = CARTESIAN_POINT('',(1.175281613372,-9.197093023256,95.));
#8963 = VECTOR('',#8964,1.);
#8964 = DIRECTION('',(0.,-1.,0.));
#8965 = ORIENTED_EDGE('',*,*,#8919,.F.);
#8966 = ORIENTED_EDGE('',*,*,#8967,.F.);
#8967 = EDGE_CURVE('',#8951,#8920,#8968,.T.);
#8968 = LINE('',#8969,#8970);
#8969 = CARTESIAN_POINT('',(1.175281613372,-9.197093023256,94.4));
#8970 = VECTOR('',#8971,1.);
#8971 = DIRECTION('',(0.,-1.,0.));
#8972 = PLANE('',#8973);
#8973 = AXIS2_PLACEMENT_3D('',#8974,#8975,#8976);
#8974 = CARTESIAN_POINT('',(1.175281613372,-9.197093023256,94.4));
#8975 = DIRECTION('',(1.,0.,0.));
#8976 = DIRECTION('',(0.,-1.,0.));
#8977 = ADVANCED_FACE('',(#8978),#9003,.T.);
#8978 = FACE_BOUND('',#8979,.T.);
#8979 = EDGE_LOOP('',(#8980,#8990,#8996,#8997));
#8980 = ORIENTED_EDGE('',*,*,#8981,.T.);
#8981 = EDGE_CURVE('',#8982,#8984,#8986,.T.);
#8982 = VERTEX_POINT('',#8983);
#8983 = CARTESIAN_POINT('',(1.795285247093,-9.197093023256,94.4));
#8984 = VERTEX_POINT('',#8985);
#8985 = CARTESIAN_POINT('',(1.795285247093,-9.197093023256,95.));
#8986 = LINE('',#8987,#8988);
#8987 = CARTESIAN_POINT('',(1.795285247093,-9.197093023256,94.4));
#8988 = VECTOR('',#8989,1.);
#8989 = DIRECTION('',(0.,0.,1.));
#8990 = ORIENTED_EDGE('',*,*,#8991,.T.);
#8991 = EDGE_CURVE('',#8984,#8953,#8992,.T.);
#8992 = LINE('',#8993,#8994);
#8993 = CARTESIAN_POINT('',(1.795285247093,-9.197093023256,95.));
#8994 = VECTOR('',#8995,1.);
#8995 = DIRECTION('',(-1.,0.,0.));
#8996 = ORIENTED_EDGE('',*,*,#8950,.F.);
#8997 = ORIENTED_EDGE('',*,*,#8998,.F.);
#8998 = EDGE_CURVE('',#8982,#8951,#8999,.T.);
#8999 = LINE('',#9000,#9001);
#9000 = CARTESIAN_POINT('',(1.795285247093,-9.197093023256,94.4));
#9001 = VECTOR('',#9002,1.);
#9002 = DIRECTION('',(-1.,0.,0.));
#9003 = PLANE('',#9004);
#9004 = AXIS2_PLACEMENT_3D('',#9005,#9006,#9007);
#9005 = CARTESIAN_POINT('',(1.795285247093,-9.197093023256,94.4));
#9006 = DIRECTION('',(0.,-1.,0.));
#9007 = DIRECTION('',(-1.,0.,0.));
#9008 = ADVANCED_FACE('',(#9009),#9034,.T.);
#9009 = FACE_BOUND('',#9010,.T.);
#9010 = EDGE_LOOP('',(#9011,#9021,#9027,#9028));
#9011 = ORIENTED_EDGE('',*,*,#9012,.T.);
#9012 = EDGE_CURVE('',#9013,#9015,#9017,.T.);
#9013 = VERTEX_POINT('',#9014);
#9014 = CARTESIAN_POINT('',(1.795285247093,-8.354069767442,94.4));
#9015 = VERTEX_POINT('',#9016);
#9016 = CARTESIAN_POINT('',(1.795285247093,-8.354069767442,95.));
#9017 = LINE('',#9018,#9019);
#9018 = CARTESIAN_POINT('',(1.795285247093,-8.354069767442,94.4));
#9019 = VECTOR('',#9020,1.);
#9020 = DIRECTION('',(0.,0.,1.));
#9021 = ORIENTED_EDGE('',*,*,#9022,.T.);
#9022 = EDGE_CURVE('',#9015,#8984,#9023,.T.);
#9023 = LINE('',#9024,#9025);
#9024 = CARTESIAN_POINT('',(1.795285247093,-8.354069767442,95.));
#9025 = VECTOR('',#9026,1.);
#9026 = DIRECTION('',(0.,-1.,0.));
#9027 = ORIENTED_EDGE('',*,*,#8981,.F.);
#9028 = ORIENTED_EDGE('',*,*,#9029,.F.);
#9029 = EDGE_CURVE('',#9013,#8982,#9030,.T.);
#9030 = LINE('',#9031,#9032);
#9031 = CARTESIAN_POINT('',(1.795285247093,-8.354069767442,94.4));
#9032 = VECTOR('',#9033,1.);
#9033 = DIRECTION('',(0.,-1.,0.));
#9034 = PLANE('',#9035);
#9035 = AXIS2_PLACEMENT_3D('',#9036,#9037,#9038);
#9036 = CARTESIAN_POINT('',(1.795285247093,-8.354069767442,94.4));
#9037 = DIRECTION('',(1.,0.,0.));
#9038 = DIRECTION('',(0.,-1.,0.));
#9039 = ADVANCED_FACE('',(#9040),#9065,.T.);
#9040 = FACE_BOUND('',#9041,.T.);
#9041 = EDGE_LOOP('',(#9042,#9052,#9058,#9059));
#9042 = ORIENTED_EDGE('',*,*,#9043,.T.);
#9043 = EDGE_CURVE('',#9044,#9046,#9048,.T.);
#9044 = VERTEX_POINT('',#9045);
#9045 = CARTESIAN_POINT('',(1.175281613372,-8.354069767442,94.4));
#9046 = VERTEX_POINT('',#9047);
#9047 = CARTESIAN_POINT('',(1.175281613372,-8.354069767442,95.));
#9048 = LINE('',#9049,#9050);
#9049 = CARTESIAN_POINT('',(1.175281613372,-8.354069767442,94.4));
#9050 = VECTOR('',#9051,1.);
#9051 = DIRECTION('',(0.,0.,1.));
#9052 = ORIENTED_EDGE('',*,*,#9053,.T.);
#9053 = EDGE_CURVE('',#9046,#9015,#9054,.T.);
#9054 = LINE('',#9055,#9056);
#9055 = CARTESIAN_POINT('',(1.175281613372,-8.354069767442,95.));
#9056 = VECTOR('',#9057,1.);
#9057 = DIRECTION('',(1.,0.,0.));
#9058 = ORIENTED_EDGE('',*,*,#9012,.F.);
#9059 = ORIENTED_EDGE('',*,*,#9060,.F.);
#9060 = EDGE_CURVE('',#9044,#9013,#9061,.T.);
#9061 = LINE('',#9062,#9063);
#9062 = CARTESIAN_POINT('',(1.175281613372,-8.354069767442,94.4));
#9063 = VECTOR('',#9064,1.);
#9064 = DIRECTION('',(1.,0.,0.));
#9065 = PLANE('',#9066);
#9066 = AXIS2_PLACEMENT_3D('',#9067,#9068,#9069);
#9067 = CARTESIAN_POINT('',(1.175281613372,-8.354069767442,94.4));
#9068 = DIRECTION('',(0.,1.,0.));
#9069 = DIRECTION('',(1.,0.,0.));
#9070 = ADVANCED_FACE('',(#9071),#9096,.T.);
#9071 = FACE_BOUND('',#9072,.T.);
#9072 = EDGE_LOOP('',(#9073,#9083,#9089,#9090));
#9073 = ORIENTED_EDGE('',*,*,#9074,.T.);
#9074 = EDGE_CURVE('',#9075,#9077,#9079,.T.);
#9075 = VERTEX_POINT('',#9076);
#9076 = CARTESIAN_POINT('',(1.175281613372,-5.185465116279,94.4));
#9077 = VERTEX_POINT('',#9078);
#9078 = CARTESIAN_POINT('',(1.175281613372,-5.185465116279,95.));
#9079 = LINE('',#9080,#9081);
#9080 = CARTESIAN_POINT('',(1.175281613372,-5.185465116279,94.4));
#9081 = VECTOR('',#9082,1.);
#9082 = DIRECTION('',(0.,0.,1.));
#9083 = ORIENTED_EDGE('',*,*,#9084,.T.);
#9084 = EDGE_CURVE('',#9077,#9046,#9085,.T.);
#9085 = LINE('',#9086,#9087);
#9086 = CARTESIAN_POINT('',(1.175281613372,-5.185465116279,95.));
#9087 = VECTOR('',#9088,1.);
#9088 = DIRECTION('',(0.,-1.,0.));
#9089 = ORIENTED_EDGE('',*,*,#9043,.F.);
#9090 = ORIENTED_EDGE('',*,*,#9091,.F.);
#9091 = EDGE_CURVE('',#9075,#9044,#9092,.T.);
#9092 = LINE('',#9093,#9094);
#9093 = CARTESIAN_POINT('',(1.175281613372,-5.185465116279,94.4));
#9094 = VECTOR('',#9095,1.);
#9095 = DIRECTION('',(0.,-1.,0.));
#9096 = PLANE('',#9097);
#9097 = AXIS2_PLACEMENT_3D('',#9098,#9099,#9100);
#9098 = CARTESIAN_POINT('',(1.175281613372,-5.185465116279,94.4));
#9099 = DIRECTION('',(1.,0.,0.));
#9100 = DIRECTION('',(0.,-1.,0.));
#9101 = ADVANCED_FACE('',(#9102),#9127,.T.);
#9102 = FACE_BOUND('',#9103,.T.);
#9103 = EDGE_LOOP('',(#9104,#9114,#9120,#9121));
#9104 = ORIENTED_EDGE('',*,*,#9105,.T.);
#9105 = EDGE_CURVE('',#9106,#9108,#9110,.T.);
#9106 = VERTEX_POINT('',#9107);
#9107 = CARTESIAN_POINT('',(0.371320857558,-5.185465116279,94.4));
#9108 = VERTEX_POINT('',#9109);
#9109 = CARTESIAN_POINT('',(0.371320857558,-5.185465116279,95.));
#9110 = LINE('',#9111,#9112);
#9111 = CARTESIAN_POINT('',(0.371320857558,-5.185465116279,94.4));
#9112 = VECTOR('',#9113,1.);
#9113 = DIRECTION('',(0.,0.,1.));
#9114 = ORIENTED_EDGE('',*,*,#9115,.T.);
#9115 = EDGE_CURVE('',#9108,#9077,#9116,.T.);
#9116 = LINE('',#9117,#9118);
#9117 = CARTESIAN_POINT('',(0.371320857558,-5.185465116279,95.));
#9118 = VECTOR('',#9119,1.);
#9119 = DIRECTION('',(1.,0.,0.));
#9120 = ORIENTED_EDGE('',*,*,#9074,.F.);
#9121 = ORIENTED_EDGE('',*,*,#9122,.F.);
#9122 = EDGE_CURVE('',#9106,#9075,#9123,.T.);
#9123 = LINE('',#9124,#9125);
#9124 = CARTESIAN_POINT('',(0.371320857558,-5.185465116279,94.4));
#9125 = VECTOR('',#9126,1.);
#9126 = DIRECTION('',(1.,0.,0.));
#9127 = PLANE('',#9128);
#9128 = AXIS2_PLACEMENT_3D('',#9129,#9130,#9131);
#9129 = CARTESIAN_POINT('',(0.371320857558,-5.185465116279,94.4));
#9130 = DIRECTION('',(0.,1.,0.));
#9131 = DIRECTION('',(1.,0.,0.));
#9132 = ADVANCED_FACE('',(#9133),#9158,.T.);
#9133 = FACE_BOUND('',#9134,.T.);
#9134 = EDGE_LOOP('',(#9135,#9145,#9151,#9152));
#9135 = ORIENTED_EDGE('',*,*,#9136,.T.);
#9136 = EDGE_CURVE('',#9137,#9139,#9141,.T.);
#9137 = VERTEX_POINT('',#9138);
#9138 = CARTESIAN_POINT('',(-1.795285247093,-8.357476380814,94.4));
#9139 = VERTEX_POINT('',#9140);
#9140 = CARTESIAN_POINT('',(-1.795285247093,-8.357476380814,95.));
#9141 = LINE('',#9142,#9143);
#9142 = CARTESIAN_POINT('',(-1.795285247093,-8.357476380814,94.4));
#9143 = VECTOR('',#9144,1.);
#9144 = DIRECTION('',(0.,0.,1.));
#9145 = ORIENTED_EDGE('',*,*,#9146,.T.);
#9146 = EDGE_CURVE('',#9139,#9108,#9147,.T.);
#9147 = LINE('',#9148,#9149);
#9148 = CARTESIAN_POINT('',(-1.795285247093,-8.357476380814,95.));
#9149 = VECTOR('',#9150,1.);
#9150 = DIRECTION('',(0.564024580147,0.825757999047,0.));
#9151 = ORIENTED_EDGE('',*,*,#9105,.F.);
#9152 = ORIENTED_EDGE('',*,*,#9153,.F.);
#9153 = EDGE_CURVE('',#9137,#9106,#9154,.T.);
#9154 = LINE('',#9155,#9156);
#9155 = CARTESIAN_POINT('',(-1.795285247093,-8.357476380814,94.4));
#9156 = VECTOR('',#9157,1.);
#9157 = DIRECTION('',(0.564024580147,0.825757999047,0.));
#9158 = PLANE('',#9159);
#9159 = AXIS2_PLACEMENT_3D('',#9160,#9161,#9162);
#9160 = CARTESIAN_POINT('',(-1.795285247093,-8.357476380814,94.4));
#9161 = DIRECTION('',(-0.825757999047,0.564024580147,0.));
#9162 = DIRECTION('',(0.564024580147,0.825757999047,0.));
#9163 = ADVANCED_FACE('',(#9164),#9189,.T.);
#9164 = FACE_BOUND('',#9165,.T.);
#9165 = EDGE_LOOP('',(#9166,#9176,#9182,#9183));
#9166 = ORIENTED_EDGE('',*,*,#9167,.T.);
#9167 = EDGE_CURVE('',#9168,#9170,#9172,.T.);
#9168 = VERTEX_POINT('',#9169);
#9169 = CARTESIAN_POINT('',(-1.795285247093,-9.197093023256,94.4));
#9170 = VERTEX_POINT('',#9171);
#9171 = CARTESIAN_POINT('',(-1.795285247093,-9.197093023256,95.));
#9172 = LINE('',#9173,#9174);
#9173 = CARTESIAN_POINT('',(-1.795285247093,-9.197093023256,94.4));
#9174 = VECTOR('',#9175,1.);
#9175 = DIRECTION('',(0.,0.,1.));
#9176 = ORIENTED_EDGE('',*,*,#9177,.T.);
#9177 = EDGE_CURVE('',#9170,#9139,#9178,.T.);
#9178 = LINE('',#9179,#9180);
#9179 = CARTESIAN_POINT('',(-1.795285247093,-9.197093023256,95.));
#9180 = VECTOR('',#9181,1.);
#9181 = DIRECTION('',(0.,1.,0.));
#9182 = ORIENTED_EDGE('',*,*,#9136,.F.);
#9183 = ORIENTED_EDGE('',*,*,#9184,.F.);
#9184 = EDGE_CURVE('',#9168,#9137,#9185,.T.);
#9185 = LINE('',#9186,#9187);
#9186 = CARTESIAN_POINT('',(-1.795285247093,-9.197093023256,94.4));
#9187 = VECTOR('',#9188,1.);
#9188 = DIRECTION('',(0.,1.,0.));
#9189 = PLANE('',#9190);
#9190 = AXIS2_PLACEMENT_3D('',#9191,#9192,#9193);
#9191 = CARTESIAN_POINT('',(-1.795285247093,-9.197093023256,94.4));
#9192 = DIRECTION('',(-1.,0.,0.));
#9193 = DIRECTION('',(0.,1.,0.));
#9194 = ADVANCED_FACE('',(#9195),#9211,.T.);
#9195 = FACE_BOUND('',#9196,.T.);
#9196 = EDGE_LOOP('',(#9197,#9198,#9204,#9205));
#9197 = ORIENTED_EDGE('',*,*,#8897,.T.);
#9198 = ORIENTED_EDGE('',*,*,#9199,.T.);
#9199 = EDGE_CURVE('',#8890,#9170,#9200,.T.);
#9200 = LINE('',#9201,#9202);
#9201 = CARTESIAN_POINT('',(0.248682776163,-9.197093023256,95.));
#9202 = VECTOR('',#9203,1.);
#9203 = DIRECTION('',(-1.,0.,0.));
#9204 = ORIENTED_EDGE('',*,*,#9167,.F.);
#9205 = ORIENTED_EDGE('',*,*,#9206,.F.);
#9206 = EDGE_CURVE('',#8898,#9168,#9207,.T.);
#9207 = LINE('',#9208,#9209);
#9208 = CARTESIAN_POINT('',(0.248682776163,-9.197093023256,94.4));
#9209 = VECTOR('',#9210,1.);
#9210 = DIRECTION('',(-1.,0.,0.));
#9211 = PLANE('',#9212);
#9212 = AXIS2_PLACEMENT_3D('',#9213,#9214,#9215);
#9213 = CARTESIAN_POINT('',(0.248682776163,-9.197093023256,94.4));
#9214 = DIRECTION('',(0.,-1.,0.));
#9215 = DIRECTION('',(-1.,0.,0.));
#9216 = ADVANCED_FACE('',(#9217),#9251,.T.);
#9217 = FACE_BOUND('',#9218,.T.);
#9218 = EDGE_LOOP('',(#9219,#9229,#9237,#9245));
#9219 = ORIENTED_EDGE('',*,*,#9220,.T.);
#9220 = EDGE_CURVE('',#9221,#9223,#9225,.T.);
#9221 = VERTEX_POINT('',#9222);
#9222 = CARTESIAN_POINT('',(0.248682776163,-8.354069767442,94.4));
#9223 = VERTEX_POINT('',#9224);
#9224 = CARTESIAN_POINT('',(0.248682776163,-8.354069767442,95.));
#9225 = LINE('',#9226,#9227);
#9226 = CARTESIAN_POINT('',(0.248682776163,-8.354069767442,94.4));
#9227 = VECTOR('',#9228,1.);
#9228 = DIRECTION('',(0.,0.,1.));
#9229 = ORIENTED_EDGE('',*,*,#9230,.T.);
#9230 = EDGE_CURVE('',#9223,#9231,#9233,.T.);
#9231 = VERTEX_POINT('',#9232);
#9232 = CARTESIAN_POINT('',(0.248682776163,-6.673246729651,95.));
#9233 = LINE('',#9234,#9235);
#9234 = CARTESIAN_POINT('',(0.248682776163,-8.354069767442,95.));
#9235 = VECTOR('',#9236,1.);
#9236 = DIRECTION('',(0.,1.,0.));
#9237 = ORIENTED_EDGE('',*,*,#9238,.F.);
#9238 = EDGE_CURVE('',#9239,#9231,#9241,.T.);
#9239 = VERTEX_POINT('',#9240);
#9240 = CARTESIAN_POINT('',(0.248682776163,-6.673246729651,94.4));
#9241 = LINE('',#9242,#9243);
#9242 = CARTESIAN_POINT('',(0.248682776163,-6.673246729651,94.4));
#9243 = VECTOR('',#9244,1.);
#9244 = DIRECTION('',(0.,0.,1.));
#9245 = ORIENTED_EDGE('',*,*,#9246,.F.);
#9246 = EDGE_CURVE('',#9221,#9239,#9247,.T.);
#9247 = LINE('',#9248,#9249);
#9248 = CARTESIAN_POINT('',(0.248682776163,-8.354069767442,94.4));
#9249 = VECTOR('',#9250,1.);
#9250 = DIRECTION('',(0.,1.,0.));
#9251 = PLANE('',#9252);
#9252 = AXIS2_PLACEMENT_3D('',#9253,#9254,#9255);
#9253 = CARTESIAN_POINT('',(0.248682776163,-8.354069767442,94.4));
#9254 = DIRECTION('',(-1.,0.,0.));
#9255 = DIRECTION('',(0.,1.,0.));
#9256 = ADVANCED_FACE('',(#9257),#9282,.T.);
#9257 = FACE_BOUND('',#9258,.T.);
#9258 = EDGE_LOOP('',(#9259,#9269,#9275,#9276));
#9259 = ORIENTED_EDGE('',*,*,#9260,.T.);
#9260 = EDGE_CURVE('',#9261,#9263,#9265,.T.);
#9261 = VERTEX_POINT('',#9262);
#9262 = CARTESIAN_POINT('',(-0.899345930233,-8.354069767442,94.4));
#9263 = VERTEX_POINT('',#9264);
#9264 = CARTESIAN_POINT('',(-0.899345930233,-8.354069767442,95.));
#9265 = LINE('',#9266,#9267);
#9266 = CARTESIAN_POINT('',(-0.899345930233,-8.354069767442,94.4));
#9267 = VECTOR('',#9268,1.);
#9268 = DIRECTION('',(0.,0.,1.));
#9269 = ORIENTED_EDGE('',*,*,#9270,.T.);
#9270 = EDGE_CURVE('',#9263,#9223,#9271,.T.);
#9271 = LINE('',#9272,#9273);
#9272 = CARTESIAN_POINT('',(-0.899345930233,-8.354069767442,95.));
#9273 = VECTOR('',#9274,1.);
#9274 = DIRECTION('',(1.,0.,0.));
#9275 = ORIENTED_EDGE('',*,*,#9220,.F.);
#9276 = ORIENTED_EDGE('',*,*,#9277,.F.);
#9277 = EDGE_CURVE('',#9261,#9221,#9278,.T.);
#9278 = LINE('',#9279,#9280);
#9279 = CARTESIAN_POINT('',(-0.899345930233,-8.354069767442,94.4));
#9280 = VECTOR('',#9281,1.);
#9281 = DIRECTION('',(1.,0.,0.));
#9282 = PLANE('',#9283);
#9283 = AXIS2_PLACEMENT_3D('',#9284,#9285,#9286);
#9284 = CARTESIAN_POINT('',(-0.899345930233,-8.354069767442,94.4));
#9285 = DIRECTION('',(0.,1.,0.));
#9286 = DIRECTION('',(1.,0.,0.));
#9287 = ADVANCED_FACE('',(#9288),#9304,.T.);
#9288 = FACE_BOUND('',#9289,.T.);
#9289 = EDGE_LOOP('',(#9290,#9291,#9297,#9298));
#9290 = ORIENTED_EDGE('',*,*,#9238,.T.);
#9291 = ORIENTED_EDGE('',*,*,#9292,.T.);
#9292 = EDGE_CURVE('',#9231,#9263,#9293,.T.);
#9293 = LINE('',#9294,#9295);
#9294 = CARTESIAN_POINT('',(0.248682776163,-6.673246729651,95.));
#9295 = VECTOR('',#9296,1.);
#9296 = DIRECTION('',(-0.564011752037,-0.825766760995,0.));
#9297 = ORIENTED_EDGE('',*,*,#9260,.F.);
#9298 = ORIENTED_EDGE('',*,*,#9299,.F.);
#9299 = EDGE_CURVE('',#9239,#9261,#9300,.T.);
#9300 = LINE('',#9301,#9302);
#9301 = CARTESIAN_POINT('',(0.248682776163,-6.673246729651,94.4));
#9302 = VECTOR('',#9303,1.);
#9303 = DIRECTION('',(-0.564011752037,-0.825766760995,0.));
#9304 = PLANE('',#9305);
#9305 = AXIS2_PLACEMENT_3D('',#9306,#9307,#9308);
#9306 = CARTESIAN_POINT('',(0.248682776163,-6.673246729651,94.4));
#9307 = DIRECTION('',(0.825766760995,-0.564011752037,0.));
#9308 = DIRECTION('',(-0.564011752037,-0.825766760995,0.));
#9309 = ADVANCED_FACE('',(#9310,#9323),#9328,.F.);
#9310 = FACE_BOUND('',#9311,.F.);
#9311 = EDGE_LOOP('',(#9312,#9313,#9314,#9315,#9316,#9317,#9318,#9319,
    #9320,#9321,#9322));
#9312 = ORIENTED_EDGE('',*,*,#8905,.F.);
#9313 = ORIENTED_EDGE('',*,*,#8936,.F.);
#9314 = ORIENTED_EDGE('',*,*,#8967,.F.);
#9315 = ORIENTED_EDGE('',*,*,#8998,.F.);
#9316 = ORIENTED_EDGE('',*,*,#9029,.F.);
#9317 = ORIENTED_EDGE('',*,*,#9060,.F.);
#9318 = ORIENTED_EDGE('',*,*,#9091,.F.);
#9319 = ORIENTED_EDGE('',*,*,#9122,.F.);
#9320 = ORIENTED_EDGE('',*,*,#9153,.F.);
#9321 = ORIENTED_EDGE('',*,*,#9184,.F.);
#9322 = ORIENTED_EDGE('',*,*,#9206,.F.);
#9323 = FACE_BOUND('',#9324,.F.);
#9324 = EDGE_LOOP('',(#9325,#9326,#9327));
#9325 = ORIENTED_EDGE('',*,*,#9246,.F.);
#9326 = ORIENTED_EDGE('',*,*,#9277,.F.);
#9327 = ORIENTED_EDGE('',*,*,#9299,.F.);
#9328 = PLANE('',#9329);
#9329 = AXIS2_PLACEMENT_3D('',#9330,#9331,#9332);
#9330 = CARTESIAN_POINT('',(0.162711079544,-7.896949028133,94.4));
#9331 = DIRECTION('',(0.,0.,1.));
#9332 = DIRECTION('',(1.,0.,0.));
#9333 = ADVANCED_FACE('',(#9334,#9347),#9352,.T.);
#9334 = FACE_BOUND('',#9335,.T.);
#9335 = EDGE_LOOP('',(#9336,#9337,#9338,#9339,#9340,#9341,#9342,#9343,
    #9344,#9345,#9346));
#9336 = ORIENTED_EDGE('',*,*,#8889,.F.);
#9337 = ORIENTED_EDGE('',*,*,#8929,.F.);
#9338 = ORIENTED_EDGE('',*,*,#8960,.F.);
#9339 = ORIENTED_EDGE('',*,*,#8991,.F.);
#9340 = ORIENTED_EDGE('',*,*,#9022,.F.);
#9341 = ORIENTED_EDGE('',*,*,#9053,.F.);
#9342 = ORIENTED_EDGE('',*,*,#9084,.F.);
#9343 = ORIENTED_EDGE('',*,*,#9115,.F.);
#9344 = ORIENTED_EDGE('',*,*,#9146,.F.);
#9345 = ORIENTED_EDGE('',*,*,#9177,.F.);
#9346 = ORIENTED_EDGE('',*,*,#9199,.F.);
#9347 = FACE_BOUND('',#9348,.T.);
#9348 = EDGE_LOOP('',(#9349,#9350,#9351));
#9349 = ORIENTED_EDGE('',*,*,#9230,.F.);
#9350 = ORIENTED_EDGE('',*,*,#9270,.F.);
#9351 = ORIENTED_EDGE('',*,*,#9292,.F.);
#9352 = PLANE('',#9353);
#9353 = AXIS2_PLACEMENT_3D('',#9354,#9355,#9356);
#9354 = CARTESIAN_POINT('',(0.162711079544,-7.896949028133,95.));
#9355 = DIRECTION('',(0.,0.,1.));
#9356 = DIRECTION('',(1.,0.,0.));
#9357 = MANIFOLD_SOLID_BREP('',#9358);
#9358 = CLOSED_SHELL('',(#9359,#9399,#9430,#9461,#9492,#9525,#9558,#9591
    ,#9622,#9653,#9684,#9717,#9750,#9783,#9816,#9849,#9882,#9915,#9937,
    #9977,#10008,#10039,#10072,#10105,#10138,#10171,#10204,#10228,#10265
    ));
#9359 = ADVANCED_FACE('',(#9360),#9394,.T.);
#9360 = FACE_BOUND('',#9361,.T.);
#9361 = EDGE_LOOP('',(#9362,#9372,#9380,#9388));
#9362 = ORIENTED_EDGE('',*,*,#9363,.T.);
#9363 = EDGE_CURVE('',#9364,#9366,#9368,.T.);
#9364 = VERTEX_POINT('',#9365);
#9365 = CARTESIAN_POINT('',(4.255041787791,-10.2,94.4));
#9366 = VERTEX_POINT('',#9367);
#9367 = CARTESIAN_POINT('',(4.255041787791,-10.2,95.));
#9368 = LINE('',#9369,#9370);
#9369 = CARTESIAN_POINT('',(4.255041787791,-10.2,94.4));
#9370 = VECTOR('',#9371,1.);
#9371 = DIRECTION('',(0.,0.,1.));
#9372 = ORIENTED_EDGE('',*,*,#9373,.T.);
#9373 = EDGE_CURVE('',#9366,#9374,#9376,.T.);
#9374 = VERTEX_POINT('',#9375);
#9375 = CARTESIAN_POINT('',(4.255041787791,-5.2,95.));
#9376 = LINE('',#9377,#9378);
#9377 = CARTESIAN_POINT('',(4.255041787791,-10.2,95.));
#9378 = VECTOR('',#9379,1.);
#9379 = DIRECTION('',(0.,1.,0.));
#9380 = ORIENTED_EDGE('',*,*,#9381,.F.);
#9381 = EDGE_CURVE('',#9382,#9374,#9384,.T.);
#9382 = VERTEX_POINT('',#9383);
#9383 = CARTESIAN_POINT('',(4.255041787791,-5.2,94.4));
#9384 = LINE('',#9385,#9386);
#9385 = CARTESIAN_POINT('',(4.255041787791,-5.2,94.4));
#9386 = VECTOR('',#9387,1.);
#9387 = DIRECTION('',(0.,0.,1.));
#9388 = ORIENTED_EDGE('',*,*,#9389,.F.);
#9389 = EDGE_CURVE('',#9364,#9382,#9390,.T.);
#9390 = LINE('',#9391,#9392);
#9391 = CARTESIAN_POINT('',(4.255041787791,-10.2,94.4));
#9392 = VECTOR('',#9393,1.);
#9393 = DIRECTION('',(0.,1.,0.));
#9394 = PLANE('',#9395);
#9395 = AXIS2_PLACEMENT_3D('',#9396,#9397,#9398);
#9396 = CARTESIAN_POINT('',(4.255041787791,-10.2,94.4));
#9397 = DIRECTION('',(-1.,0.,0.));
#9398 = DIRECTION('',(0.,1.,0.));
#9399 = ADVANCED_FACE('',(#9400),#9425,.T.);
#9400 = FACE_BOUND('',#9401,.T.);
#9401 = EDGE_LOOP('',(#9402,#9412,#9418,#9419));
#9402 = ORIENTED_EDGE('',*,*,#9403,.T.);
#9403 = EDGE_CURVE('',#9404,#9406,#9408,.T.);
#9404 = VERTEX_POINT('',#9405);
#9405 = CARTESIAN_POINT('',(5.26339934593,-10.2,94.4));
#9406 = VERTEX_POINT('',#9407);
#9407 = CARTESIAN_POINT('',(5.26339934593,-10.2,95.));
#9408 = LINE('',#9409,#9410);
#9409 = CARTESIAN_POINT('',(5.26339934593,-10.2,94.4));
#9410 = VECTOR('',#9411,1.);
#9411 = DIRECTION('',(0.,0.,1.));
#9412 = ORIENTED_EDGE('',*,*,#9413,.T.);
#9413 = EDGE_CURVE('',#9406,#9366,#9414,.T.);
#9414 = LINE('',#9415,#9416);
#9415 = CARTESIAN_POINT('',(5.26339934593,-10.2,95.));
#9416 = VECTOR('',#9417,1.);
#9417 = DIRECTION('',(-1.,0.,0.));
#9418 = ORIENTED_EDGE('',*,*,#9363,.F.);
#9419 = ORIENTED_EDGE('',*,*,#9420,.F.);
#9420 = EDGE_CURVE('',#9404,#9364,#9421,.T.);
#9421 = LINE('',#9422,#9423);
#9422 = CARTESIAN_POINT('',(5.26339934593,-10.2,94.4));
#9423 = VECTOR('',#9424,1.);
#9424 = DIRECTION('',(-1.,0.,0.));
#9425 = PLANE('',#9426);
#9426 = AXIS2_PLACEMENT_3D('',#9427,#9428,#9429);
#9427 = CARTESIAN_POINT('',(5.26339934593,-10.2,94.4));
#9428 = DIRECTION('',(0.,-1.,0.));
#9429 = DIRECTION('',(-1.,0.,0.));
#9430 = ADVANCED_FACE('',(#9431),#9456,.T.);
#9431 = FACE_BOUND('',#9432,.T.);
#9432 = EDGE_LOOP('',(#9433,#9443,#9449,#9450));
#9433 = ORIENTED_EDGE('',*,*,#9434,.T.);
#9434 = EDGE_CURVE('',#9435,#9437,#9439,.T.);
#9435 = VERTEX_POINT('',#9436);
#9436 = CARTESIAN_POINT('',(5.26339934593,-8.106976744186,94.4));
#9437 = VERTEX_POINT('',#9438);
#9438 = CARTESIAN_POINT('',(5.26339934593,-8.106976744186,95.));
#9439 = LINE('',#9440,#9441);
#9440 = CARTESIAN_POINT('',(5.26339934593,-8.106976744186,94.4));
#9441 = VECTOR('',#9442,1.);
#9442 = DIRECTION('',(0.,0.,1.));
#9443 = ORIENTED_EDGE('',*,*,#9444,.T.);
#9444 = EDGE_CURVE('',#9437,#9406,#9445,.T.);
#9445 = LINE('',#9446,#9447);
#9446 = CARTESIAN_POINT('',(5.26339934593,-8.106976744186,95.));
#9447 = VECTOR('',#9448,1.);
#9448 = DIRECTION('',(0.,-1.,0.));
#9449 = ORIENTED_EDGE('',*,*,#9403,.F.);
#9450 = ORIENTED_EDGE('',*,*,#9451,.F.);
#9451 = EDGE_CURVE('',#9435,#9404,#9452,.T.);
#9452 = LINE('',#9453,#9454);
#9453 = CARTESIAN_POINT('',(5.26339934593,-8.106976744186,94.4));
#9454 = VECTOR('',#9455,1.);
#9455 = DIRECTION('',(0.,-1.,0.));
#9456 = PLANE('',#9457);
#9457 = AXIS2_PLACEMENT_3D('',#9458,#9459,#9460);
#9458 = CARTESIAN_POINT('',(5.26339934593,-8.106976744186,94.4));
#9459 = DIRECTION('',(1.,0.,0.));
#9460 = DIRECTION('',(0.,-1.,0.));
#9461 = ADVANCED_FACE('',(#9462),#9487,.T.);
#9462 = FACE_BOUND('',#9463,.T.);
#9463 = EDGE_LOOP('',(#9464,#9474,#9480,#9481));
#9464 = ORIENTED_EDGE('',*,*,#9465,.T.);
#9465 = EDGE_CURVE('',#9466,#9468,#9470,.T.);
#9466 = VERTEX_POINT('',#9467);
#9467 = CARTESIAN_POINT('',(5.467796148256,-8.106976744186,94.4));
#9468 = VERTEX_POINT('',#9469);
#9469 = CARTESIAN_POINT('',(5.467796148256,-8.106976744186,95.));
#9470 = LINE('',#9471,#9472);
#9471 = CARTESIAN_POINT('',(5.467796148256,-8.106976744186,94.4));
#9472 = VECTOR('',#9473,1.);
#9473 = DIRECTION('',(0.,0.,1.));
#9474 = ORIENTED_EDGE('',*,*,#9475,.T.);
#9475 = EDGE_CURVE('',#9468,#9437,#9476,.T.);
#9476 = LINE('',#9477,#9478);
#9477 = CARTESIAN_POINT('',(5.467796148256,-8.106976744186,95.));
#9478 = VECTOR('',#9479,1.);
#9479 = DIRECTION('',(-1.,0.,0.));
#9480 = ORIENTED_EDGE('',*,*,#9434,.F.);
#9481 = ORIENTED_EDGE('',*,*,#9482,.F.);
#9482 = EDGE_CURVE('',#9466,#9435,#9483,.T.);
#9483 = LINE('',#9484,#9485);
#9484 = CARTESIAN_POINT('',(5.467796148256,-8.106976744186,94.4));
#9485 = VECTOR('',#9486,1.);
#9486 = DIRECTION('',(-1.,0.,0.));
#9487 = PLANE('',#9488);
#9488 = AXIS2_PLACEMENT_3D('',#9489,#9490,#9491);
#9489 = CARTESIAN_POINT('',(5.467796148256,-8.106976744186,94.4));
#9490 = DIRECTION('',(0.,-1.,0.));
#9491 = DIRECTION('',(-1.,0.,0.));
#9492 = ADVANCED_FACE('',(#9493),#9518,.T.);
#9493 = FACE_BOUND('',#9494,.T.);
#9494 = EDGE_LOOP('',(#9495,#9505,#9511,#9512));
#9495 = ORIENTED_EDGE('',*,*,#9496,.T.);
#9496 = EDGE_CURVE('',#9497,#9499,#9501,.T.);
#9497 = VERTEX_POINT('',#9498);
#9498 = CARTESIAN_POINT('',(5.975381540698,-8.163299418605,94.4));
#9499 = VERTEX_POINT('',#9500);
#9500 = CARTESIAN_POINT('',(5.975381540698,-8.163299418605,95.));
#9501 = LINE('',#9502,#9503);
#9502 = CARTESIAN_POINT('',(5.975381540698,-8.163299418605,94.4));
#9503 = VECTOR('',#9504,1.);
#9504 = DIRECTION('',(0.,0.,1.));
#9505 = ORIENTED_EDGE('',*,*,#9506,.T.);
#9506 = EDGE_CURVE('',#9499,#9468,#9507,.T.);
#9507 = B_SPLINE_CURVE_WITH_KNOTS('',2,(#9508,#9509,#9510),
  .UNSPECIFIED.,.F.,.F.,(3,3),(0.,1.),.PIECEWISE_BEZIER_KNOTS.);
#9508 = CARTESIAN_POINT('',(5.975381540698,-8.163299418605,95.));
#9509 = CARTESIAN_POINT('',(5.815270712209,-8.106976744186,95.));
#9510 = CARTESIAN_POINT('',(5.467796148256,-8.106976744186,95.));
#9511 = ORIENTED_EDGE('',*,*,#9465,.F.);
#9512 = ORIENTED_EDGE('',*,*,#9513,.F.);
#9513 = EDGE_CURVE('',#9497,#9466,#9514,.T.);
#9514 = B_SPLINE_CURVE_WITH_KNOTS('',2,(#9515,#9516,#9517),
  .UNSPECIFIED.,.F.,.F.,(3,3),(0.,1.),.PIECEWISE_BEZIER_KNOTS.);
#9515 = CARTESIAN_POINT('',(5.975381540698,-8.163299418605,94.4));
#9516 = CARTESIAN_POINT('',(5.815270712209,-8.106976744186,94.4));
#9517 = CARTESIAN_POINT('',(5.467796148256,-8.106976744186,94.4));
#9518 = SURFACE_OF_LINEAR_EXTRUSION('',#9519,#9523);
#9519 = B_SPLINE_CURVE_WITH_KNOTS('',2,(#9520,#9521,#9522),
  .UNSPECIFIED.,.F.,.F.,(3,3),(0.,1.),.PIECEWISE_BEZIER_KNOTS.);
#9520 = CARTESIAN_POINT('',(5.975381540698,-8.163299418605,94.4));
#9521 = CARTESIAN_POINT('',(5.815270712209,-8.106976744186,94.4));
#9522 = CARTESIAN_POINT('',(5.467796148256,-8.106976744186,94.4));
#9523 = VECTOR('',#9524,1.);
#9524 = DIRECTION('',(-0.,-0.,-1.));
#9525 = ADVANCED_FACE('',(#9526),#9551,.T.);
#9526 = FACE_BOUND('',#9527,.T.);
#9527 = EDGE_LOOP('',(#9528,#9538,#9544,#9545));
#9528 = ORIENTED_EDGE('',*,*,#9529,.T.);
#9529 = EDGE_CURVE('',#9530,#9532,#9534,.T.);
#9530 = VERTEX_POINT('',#9531);
#9531 = CARTESIAN_POINT('',(6.278570130814,-8.371557049419,94.4));
#9532 = VERTEX_POINT('',#9533);
#9533 = CARTESIAN_POINT('',(6.278570130814,-8.371557049419,95.));
#9534 = LINE('',#9535,#9536);
#9535 = CARTESIAN_POINT('',(6.278570130814,-8.371557049419,94.4));
#9536 = VECTOR('',#9537,1.);
#9537 = DIRECTION('',(0.,0.,1.));
#9538 = ORIENTED_EDGE('',*,*,#9539,.T.);
#9539 = EDGE_CURVE('',#9532,#9499,#9540,.T.);
#9540 = B_SPLINE_CURVE_WITH_KNOTS('',2,(#9541,#9542,#9543),
  .UNSPECIFIED.,.F.,.F.,(3,3),(0.,1.),.PIECEWISE_BEZIER_KNOTS.);
#9541 = CARTESIAN_POINT('',(6.278570130814,-8.371557049419,95.));
#9542 = CARTESIAN_POINT('',(6.135492369186,-8.219622093023,95.));
#9543 = CARTESIAN_POINT('',(5.975381540698,-8.163299418605,95.));
#9544 = ORIENTED_EDGE('',*,*,#9496,.F.);
#9545 = ORIENTED_EDGE('',*,*,#9546,.F.);
#9546 = EDGE_CURVE('',#9530,#9497,#9547,.T.);
#9547 = B_SPLINE_CURVE_WITH_KNOTS('',2,(#9548,#9549,#9550),
  .UNSPECIFIED.,.F.,.F.,(3,3),(0.,1.),.PIECEWISE_BEZIER_KNOTS.);
#9548 = CARTESIAN_POINT('',(6.278570130814,-8.371557049419,94.4));
#9549 = CARTESIAN_POINT('',(6.135492369186,-8.219622093023,94.4));
#9550 = CARTESIAN_POINT('',(5.975381540698,-8.163299418605,94.4));
#9551 = SURFACE_OF_LINEAR_EXTRUSION('',#9552,#9556);
#9552 = B_SPLINE_CURVE_WITH_KNOTS('',2,(#9553,#9554,#9555),
  .UNSPECIFIED.,.F.,.F.,(3,3),(0.,1.),.PIECEWISE_BEZIER_KNOTS.);
#9553 = CARTESIAN_POINT('',(6.278570130814,-8.371557049419,94.4));
#9554 = CARTESIAN_POINT('',(6.135492369186,-8.219622093023,94.4));
#9555 = CARTESIAN_POINT('',(5.975381540698,-8.163299418605,94.4));
#9556 = VECTOR('',#9557,1.);
#9557 = DIRECTION('',(-0.,-0.,-1.));
#9558 = ADVANCED_FACE('',(#9559),#9584,.T.);
#9559 = FACE_BOUND('',#9560,.T.);
#9560 = EDGE_LOOP('',(#9561,#9571,#9577,#9578));
#9561 = ORIENTED_EDGE('',*,*,#9562,.T.);
#9562 = EDGE_CURVE('',#9563,#9565,#9567,.T.);
#9563 = VERTEX_POINT('',#9564);
#9564 = CARTESIAN_POINT('',(6.81000181686,-9.106704215116,94.4));
#9565 = VERTEX_POINT('',#9566);
#9566 = CARTESIAN_POINT('',(6.81000181686,-9.106704215116,95.));
#9567 = LINE('',#9568,#9569);
#9568 = CARTESIAN_POINT('',(6.81000181686,-9.106704215116,94.4));
#9569 = VECTOR('',#9570,1.);
#9570 = DIRECTION('',(0.,0.,1.));
#9571 = ORIENTED_EDGE('',*,*,#9572,.T.);
#9572 = EDGE_CURVE('',#9565,#9532,#9573,.T.);
#9573 = B_SPLINE_CURVE_WITH_KNOTS('',2,(#9574,#9575,#9576),
  .UNSPECIFIED.,.F.,.F.,(3,3),(0.,1.),.PIECEWISE_BEZIER_KNOTS.);
#9574 = CARTESIAN_POINT('',(6.81000181686,-9.106704215116,95.));
#9575 = CARTESIAN_POINT('',(6.421647892442,-8.523264898256,95.));
#9576 = CARTESIAN_POINT('',(6.278570130814,-8.371557049419,95.));
#9577 = ORIENTED_EDGE('',*,*,#9529,.F.);
#9578 = ORIENTED_EDGE('',*,*,#9579,.F.);
#9579 = EDGE_CURVE('',#9563,#9530,#9580,.T.);
#9580 = B_SPLINE_CURVE_WITH_KNOTS('',2,(#9581,#9582,#9583),
  .UNSPECIFIED.,.F.,.F.,(3,3),(0.,1.),.PIECEWISE_BEZIER_KNOTS.);
#9581 = CARTESIAN_POINT('',(6.81000181686,-9.106704215116,94.4));
#9582 = CARTESIAN_POINT('',(6.421647892442,-8.523264898256,94.4));
#9583 = CARTESIAN_POINT('',(6.278570130814,-8.371557049419,94.4));
#9584 = SURFACE_OF_LINEAR_EXTRUSION('',#9585,#9589);
#9585 = B_SPLINE_CURVE_WITH_KNOTS('',2,(#9586,#9587,#9588),
  .UNSPECIFIED.,.F.,.F.,(3,3),(0.,1.),.PIECEWISE_BEZIER_KNOTS.);
#9586 = CARTESIAN_POINT('',(6.81000181686,-9.106704215116,94.4));
#9587 = CARTESIAN_POINT('',(6.421647892442,-8.523264898256,94.4));
#9588 = CARTESIAN_POINT('',(6.278570130814,-8.371557049419,94.4));
#9589 = VECTOR('',#9590,1.);
#9590 = DIRECTION('',(-0.,-0.,-1.));
#9591 = ADVANCED_FACE('',(#9592),#9617,.T.);
#9592 = FACE_BOUND('',#9593,.T.);
#9593 = EDGE_LOOP('',(#9594,#9604,#9610,#9611));
#9594 = ORIENTED_EDGE('',*,*,#9595,.T.);
#9595 = EDGE_CURVE('',#9596,#9598,#9600,.T.);
#9596 = VERTEX_POINT('',#9597);
#9597 = CARTESIAN_POINT('',(7.539017078488,-10.2,94.4));
#9598 = VERTEX_POINT('',#9599);
#9599 = CARTESIAN_POINT('',(7.539017078488,-10.2,95.));
#9600 = LINE('',#9601,#9602);
#9601 = CARTESIAN_POINT('',(7.539017078488,-10.2,94.4));
#9602 = VECTOR('',#9603,1.);
#9603 = DIRECTION('',(0.,0.,1.));
#9604 = ORIENTED_EDGE('',*,*,#9605,.T.);
#9605 = EDGE_CURVE('',#9598,#9565,#9606,.T.);
#9606 = LINE('',#9607,#9608);
#9607 = CARTESIAN_POINT('',(7.539017078488,-10.2,95.));
#9608 = VECTOR('',#9609,1.);
#9609 = DIRECTION('',(-0.554779960745,0.831997112469,0.));
#9610 = ORIENTED_EDGE('',*,*,#9562,.F.);
#9611 = ORIENTED_EDGE('',*,*,#9612,.F.);
#9612 = EDGE_CURVE('',#9596,#9563,#9613,.T.);
#9613 = LINE('',#9614,#9615);
#9614 = CARTESIAN_POINT('',(7.539017078488,-10.2,94.4));
#9615 = VECTOR('',#9616,1.);
#9616 = DIRECTION('',(-0.554779960745,0.831997112469,0.));
#9617 = PLANE('',#9618);
#9618 = AXIS2_PLACEMENT_3D('',#9619,#9620,#9621);
#9619 = CARTESIAN_POINT('',(7.539017078488,-10.2,94.4));
#9620 = DIRECTION('',(-0.831997112469,-0.554779960745,0.));
#9621 = DIRECTION('',(-0.554779960745,0.831997112469,0.));
#9622 = ADVANCED_FACE('',(#9623),#9648,.T.);
#9623 = FACE_BOUND('',#9624,.T.);
#9624 = EDGE_LOOP('',(#9625,#9635,#9641,#9642));
#9625 = ORIENTED_EDGE('',*,*,#9626,.T.);
#9626 = EDGE_CURVE('',#9627,#9629,#9631,.T.);
#9627 = VERTEX_POINT('',#9628);
#9628 = CARTESIAN_POINT('',(8.744958212209,-10.2,94.4));
#9629 = VERTEX_POINT('',#9630);
#9630 = CARTESIAN_POINT('',(8.744958212209,-10.2,95.));
#9631 = LINE('',#9632,#9633);
#9632 = CARTESIAN_POINT('',(8.744958212209,-10.2,94.4));
#9633 = VECTOR('',#9634,1.);
#9634 = DIRECTION('',(0.,0.,1.));
#9635 = ORIENTED_EDGE('',*,*,#9636,.T.);
#9636 = EDGE_CURVE('',#9629,#9598,#9637,.T.);
#9637 = LINE('',#9638,#9639);
#9638 = CARTESIAN_POINT('',(8.744958212209,-10.2,95.));
#9639 = VECTOR('',#9640,1.);
#9640 = DIRECTION('',(-1.,0.,0.));
#9641 = ORIENTED_EDGE('',*,*,#9595,.F.);
#9642 = ORIENTED_EDGE('',*,*,#9643,.F.);
#9643 = EDGE_CURVE('',#9627,#9596,#9644,.T.);
#9644 = LINE('',#9645,#9646);
#9645 = CARTESIAN_POINT('',(8.744958212209,-10.2,94.4));
#9646 = VECTOR('',#9647,1.);
#9647 = DIRECTION('',(-1.,0.,0.));
#9648 = PLANE('',#9649);
#9649 = AXIS2_PLACEMENT_3D('',#9650,#9651,#9652);
#9650 = CARTESIAN_POINT('',(8.744958212209,-10.2,94.4));
#9651 = DIRECTION('',(0.,-1.,0.));
#9652 = DIRECTION('',(-1.,0.,0.));
#9653 = ADVANCED_FACE('',(#9654),#9679,.T.);
#9654 = FACE_BOUND('',#9655,.T.);
#9655 = EDGE_LOOP('',(#9656,#9666,#9672,#9673));
#9656 = ORIENTED_EDGE('',*,*,#9657,.T.);
#9657 = EDGE_CURVE('',#9658,#9660,#9662,.T.);
#9658 = VERTEX_POINT('',#9659);
#9659 = CARTESIAN_POINT('',(8.135174418605,-9.222074854651,94.4));
#9660 = VERTEX_POINT('',#9661);
#9661 = CARTESIAN_POINT('',(8.135174418605,-9.222074854651,95.));
#9662 = LINE('',#9663,#9664);
#9663 = CARTESIAN_POINT('',(8.135174418605,-9.222074854651,94.4));
#9664 = VECTOR('',#9665,1.);
#9665 = DIRECTION('',(0.,0.,1.));
#9666 = ORIENTED_EDGE('',*,*,#9667,.T.);
#9667 = EDGE_CURVE('',#9660,#9629,#9668,.T.);
#9668 = LINE('',#9669,#9670);
#9669 = CARTESIAN_POINT('',(8.135174418605,-9.222074854651,95.));
#9670 = VECTOR('',#9671,1.);
#9671 = DIRECTION('',(0.529112976501,-0.848551388013,0.));
#9672 = ORIENTED_EDGE('',*,*,#9626,.F.);
#9673 = ORIENTED_EDGE('',*,*,#9674,.F.);
#9674 = EDGE_CURVE('',#9658,#9627,#9675,.T.);
#9675 = LINE('',#9676,#9677);
#9676 = CARTESIAN_POINT('',(8.135174418605,-9.222074854651,94.4));
#9677 = VECTOR('',#9678,1.);
#9678 = DIRECTION('',(0.529112976501,-0.848551388013,0.));
#9679 = PLANE('',#9680);
#9680 = AXIS2_PLACEMENT_3D('',#9681,#9682,#9683);
#9681 = CARTESIAN_POINT('',(8.135174418605,-9.222074854651,94.4));
#9682 = DIRECTION('',(0.848551388013,0.529112976501,0.));
#9683 = DIRECTION('',(0.529112976501,-0.848551388013,0.));
#9684 = ADVANCED_FACE('',(#9685),#9710,.T.);
#9685 = FACE_BOUND('',#9686,.T.);
#9686 = EDGE_LOOP('',(#9687,#9697,#9703,#9704));
#9687 = ORIENTED_EDGE('',*,*,#9688,.T.);
#9688 = EDGE_CURVE('',#9689,#9691,#9693,.T.);
#9689 = VERTEX_POINT('',#9690);
#9690 = CARTESIAN_POINT('',(7.561046511628,-8.408121366279,94.4));
#9691 = VERTEX_POINT('',#9692);
#9692 = CARTESIAN_POINT('',(7.561046511628,-8.408121366279,95.));
#9693 = LINE('',#9694,#9695);
#9694 = CARTESIAN_POINT('',(7.561046511628,-8.408121366279,94.4));
#9695 = VECTOR('',#9696,1.);
#9696 = DIRECTION('',(0.,0.,1.));
#9697 = ORIENTED_EDGE('',*,*,#9698,.T.);
#9698 = EDGE_CURVE('',#9691,#9660,#9699,.T.);
#9699 = B_SPLINE_CURVE_WITH_KNOTS('',2,(#9700,#9701,#9702),
  .UNSPECIFIED.,.F.,.F.,(3,3),(0.,1.),.PIECEWISE_BEZIER_KNOTS.);
#9700 = CARTESIAN_POINT('',(7.561046511628,-8.408121366279,95.));
#9701 = CARTESIAN_POINT('',(7.774073401163,-8.637272892442,95.));
#9702 = CARTESIAN_POINT('',(8.135174418605,-9.222074854651,95.));
#9703 = ORIENTED_EDGE('',*,*,#9657,.F.);
#9704 = ORIENTED_EDGE('',*,*,#9705,.F.);
#9705 = EDGE_CURVE('',#9689,#9658,#9706,.T.);
#9706 = B_SPLINE_CURVE_WITH_KNOTS('',2,(#9707,#9708,#9709),
  .UNSPECIFIED.,.F.,.F.,(3,3),(0.,1.),.PIECEWISE_BEZIER_KNOTS.);
#9707 = CARTESIAN_POINT('',(7.561046511628,-8.408121366279,94.4));
#9708 = CARTESIAN_POINT('',(7.774073401163,-8.637272892442,94.4));
#9709 = CARTESIAN_POINT('',(8.135174418605,-9.222074854651,94.4));
#9710 = SURFACE_OF_LINEAR_EXTRUSION('',#9711,#9715);
#9711 = B_SPLINE_CURVE_WITH_KNOTS('',2,(#9712,#9713,#9714),
  .UNSPECIFIED.,.F.,.F.,(3,3),(0.,1.),.PIECEWISE_BEZIER_KNOTS.);
#9712 = CARTESIAN_POINT('',(7.561046511628,-8.408121366279,94.4));
#9713 = CARTESIAN_POINT('',(7.774073401163,-8.637272892442,94.4));
#9714 = CARTESIAN_POINT('',(8.135174418605,-9.222074854651,94.4));
#9715 = VECTOR('',#9716,1.);
#9716 = DIRECTION('',(-0.,-0.,-1.));
#9717 = ADVANCED_FACE('',(#9718),#9743,.T.);
#9718 = FACE_BOUND('',#9719,.T.);
#9719 = EDGE_LOOP('',(#9720,#9730,#9736,#9737));
#9720 = ORIENTED_EDGE('',*,*,#9721,.T.);
#9721 = EDGE_CURVE('',#9722,#9724,#9726,.T.);
#9722 = VERTEX_POINT('',#9723);
#9723 = CARTESIAN_POINT('',(7.02121184593,-7.987518168605,94.4));
#9724 = VERTEX_POINT('',#9725);
#9725 = CARTESIAN_POINT('',(7.02121184593,-7.987518168605,95.));
#9726 = LINE('',#9727,#9728);
#9727 = CARTESIAN_POINT('',(7.02121184593,-7.987518168605,94.4));
#9728 = VECTOR('',#9729,1.);
#9729 = DIRECTION('',(0.,0.,1.));
#9730 = ORIENTED_EDGE('',*,*,#9731,.T.);
#9731 = EDGE_CURVE('',#9724,#9691,#9732,.T.);
#9732 = B_SPLINE_CURVE_WITH_KNOTS('',2,(#9733,#9734,#9735),
  .UNSPECIFIED.,.F.,.F.,(3,3),(0.,1.),.PIECEWISE_BEZIER_KNOTS.);
#9733 = CARTESIAN_POINT('',(7.02121184593,-7.987518168605,95.));
#9734 = CARTESIAN_POINT('',(7.348246729651,-8.178969840116,95.));
#9735 = CARTESIAN_POINT('',(7.561046511628,-8.408121366279,95.));
#9736 = ORIENTED_EDGE('',*,*,#9688,.F.);
#9737 = ORIENTED_EDGE('',*,*,#9738,.F.);
#9738 = EDGE_CURVE('',#9722,#9689,#9739,.T.);
#9739 = B_SPLINE_CURVE_WITH_KNOTS('',2,(#9740,#9741,#9742),
  .UNSPECIFIED.,.F.,.F.,(3,3),(0.,1.),.PIECEWISE_BEZIER_KNOTS.);
#9740 = CARTESIAN_POINT('',(7.02121184593,-7.987518168605,94.4));
#9741 = CARTESIAN_POINT('',(7.348246729651,-8.178969840116,94.4));
#9742 = CARTESIAN_POINT('',(7.561046511628,-8.408121366279,94.4));
#9743 = SURFACE_OF_LINEAR_EXTRUSION('',#9744,#9748);
#9744 = B_SPLINE_CURVE_WITH_KNOTS('',2,(#9745,#9746,#9747),
  .UNSPECIFIED.,.F.,.F.,(3,3),(0.,1.),.PIECEWISE_BEZIER_KNOTS.);
#9745 = CARTESIAN_POINT('',(7.02121184593,-7.987518168605,94.4));
#9746 = CARTESIAN_POINT('',(7.348246729651,-8.178969840116,94.4));
#9747 = CARTESIAN_POINT('',(7.561046511628,-8.408121366279,94.4));
#9748 = VECTOR('',#9749,1.);
#9749 = DIRECTION('',(-0.,-0.,-1.));
#9750 = ADVANCED_FACE('',(#9751),#9776,.T.);
#9751 = FACE_BOUND('',#9752,.T.);
#9752 = EDGE_LOOP('',(#9753,#9763,#9769,#9770));
#9753 = ORIENTED_EDGE('',*,*,#9754,.T.);
#9754 = EDGE_CURVE('',#9755,#9757,#9759,.T.);
#9755 = VERTEX_POINT('',#9756);
#9756 = CARTESIAN_POINT('',(8.009129723837,-7.526262718023,94.4));
#9757 = VERTEX_POINT('',#9758);
#9758 = CARTESIAN_POINT('',(8.009129723837,-7.526262718023,95.));
#9759 = LINE('',#9760,#9761);
#9760 = CARTESIAN_POINT('',(8.009129723837,-7.526262718023,94.4));
#9761 = VECTOR('',#9762,1.);
#9762 = DIRECTION('',(0.,0.,1.));
#9763 = ORIENTED_EDGE('',*,*,#9764,.T.);
#9764 = EDGE_CURVE('',#9757,#9724,#9765,.T.);
#9765 = B_SPLINE_CURVE_WITH_KNOTS('',2,(#9766,#9767,#9768),
  .UNSPECIFIED.,.F.,.F.,(3,3),(0.,1.),.PIECEWISE_BEZIER_KNOTS.);
#9766 = CARTESIAN_POINT('',(8.009129723837,-7.526262718023,95.));
#9767 = CARTESIAN_POINT('',(7.678688226744,-7.892132994186,95.));
#9768 = CARTESIAN_POINT('',(7.02121184593,-7.987518168605,95.));
#9769 = ORIENTED_EDGE('',*,*,#9721,.F.);
#9770 = ORIENTED_EDGE('',*,*,#9771,.F.);
#9771 = EDGE_CURVE('',#9755,#9722,#9772,.T.);
#9772 = B_SPLINE_CURVE_WITH_KNOTS('',2,(#9773,#9774,#9775),
  .UNSPECIFIED.,.F.,.F.,(3,3),(0.,1.),.PIECEWISE_BEZIER_KNOTS.);
#9773 = CARTESIAN_POINT('',(8.009129723837,-7.526262718023,94.4));
#9774 = CARTESIAN_POINT('',(7.678688226744,-7.892132994186,94.4));
#9775 = CARTESIAN_POINT('',(7.02121184593,-7.987518168605,94.4));
#9776 = SURFACE_OF_LINEAR_EXTRUSION('',#9777,#9781);
#9777 = B_SPLINE_CURVE_WITH_KNOTS('',2,(#9778,#9779,#9780),
  .UNSPECIFIED.,.F.,.F.,(3,3),(0.,1.),.PIECEWISE_BEZIER_KNOTS.);
#9778 = CARTESIAN_POINT('',(8.009129723837,-7.526262718023,94.4));
#9779 = CARTESIAN_POINT('',(7.678688226744,-7.892132994186,94.4));
#9780 = CARTESIAN_POINT('',(7.02121184593,-7.987518168605,94.4));
#9781 = VECTOR('',#9782,1.);
#9782 = DIRECTION('',(-0.,-0.,-1.));
#9783 = ADVANCED_FACE('',(#9784),#9809,.T.);
#9784 = FACE_BOUND('',#9785,.T.);
#9785 = EDGE_LOOP('',(#9786,#9796,#9802,#9803));
#9786 = ORIENTED_EDGE('',*,*,#9787,.T.);
#9787 = EDGE_CURVE('',#9788,#9790,#9792,.T.);
#9788 = VERTEX_POINT('',#9789);
#9789 = CARTESIAN_POINT('',(8.33957122093,-6.598755450581,94.4));
#9790 = VERTEX_POINT('',#9791);
#9791 = CARTESIAN_POINT('',(8.33957122093,-6.598755450581,95.));
#9792 = LINE('',#9793,#9794);
#9793 = CARTESIAN_POINT('',(8.33957122093,-6.598755450581,94.4));
#9794 = VECTOR('',#9795,1.);
#9795 = DIRECTION('',(0.,0.,1.));
#9796 = ORIENTED_EDGE('',*,*,#9797,.T.);
#9797 = EDGE_CURVE('',#9790,#9757,#9798,.T.);
#9798 = B_SPLINE_CURVE_WITH_KNOTS('',2,(#9799,#9800,#9801),
  .UNSPECIFIED.,.F.,.F.,(3,3),(0.,1.),.PIECEWISE_BEZIER_KNOTS.);
#9799 = CARTESIAN_POINT('',(8.33957122093,-6.598755450581,95.));
#9800 = CARTESIAN_POINT('',(8.33957122093,-7.16039244186,95.));
#9801 = CARTESIAN_POINT('',(8.009129723837,-7.526262718023,95.));
#9802 = ORIENTED_EDGE('',*,*,#9754,.F.);
#9803 = ORIENTED_EDGE('',*,*,#9804,.F.);
#9804 = EDGE_CURVE('',#9788,#9755,#9805,.T.);
#9805 = B_SPLINE_CURVE_WITH_KNOTS('',2,(#9806,#9807,#9808),
  .UNSPECIFIED.,.F.,.F.,(3,3),(0.,1.),.PIECEWISE_BEZIER_KNOTS.);
#9806 = CARTESIAN_POINT('',(8.33957122093,-6.598755450581,94.4));
#9807 = CARTESIAN_POINT('',(8.33957122093,-7.16039244186,94.4));
#9808 = CARTESIAN_POINT('',(8.009129723837,-7.526262718023,94.4));
#9809 = SURFACE_OF_LINEAR_EXTRUSION('',#9810,#9814);
#9810 = B_SPLINE_CURVE_WITH_KNOTS('',2,(#9811,#9812,#9813),
  .UNSPECIFIED.,.F.,.F.,(3,3),(0.,1.),.PIECEWISE_BEZIER_KNOTS.);
#9811 = CARTESIAN_POINT('',(8.33957122093,-6.598755450581,94.4));
#9812 = CARTESIAN_POINT('',(8.33957122093,-7.16039244186,94.4));
#9813 = CARTESIAN_POINT('',(8.009129723837,-7.526262718023,94.4));
#9814 = VECTOR('',#9815,1.);
#9815 = DIRECTION('',(-0.,-0.,-1.));
#9816 = ADVANCED_FACE('',(#9817),#9842,.T.);
#9817 = FACE_BOUND('',#9818,.T.);
#9818 = EDGE_LOOP('',(#9819,#9829,#9835,#9836));
#9819 = ORIENTED_EDGE('',*,*,#9820,.T.);
#9820 = EDGE_CURVE('',#9821,#9823,#9825,.T.);
#9821 = VERTEX_POINT('',#9822);
#9822 = CARTESIAN_POINT('',(8.121547965116,-5.81273619186,94.4));
#9823 = VERTEX_POINT('',#9824);
#9824 = CARTESIAN_POINT('',(8.121547965116,-5.81273619186,95.));
#9825 = LINE('',#9826,#9827);
#9826 = CARTESIAN_POINT('',(8.121547965116,-5.81273619186,94.4));
#9827 = VECTOR('',#9828,1.);
#9828 = DIRECTION('',(0.,0.,1.));
#9829 = ORIENTED_EDGE('',*,*,#9830,.T.);
#9830 = EDGE_CURVE('',#9823,#9790,#9831,.T.);
#9831 = B_SPLINE_CURVE_WITH_KNOTS('',2,(#9832,#9833,#9834),
  .UNSPECIFIED.,.F.,.F.,(3,3),(0.,1.),.PIECEWISE_BEZIER_KNOTS.);
#9832 = CARTESIAN_POINT('',(8.121547965116,-5.81273619186,95.));
#9833 = CARTESIAN_POINT('',(8.33957122093,-6.156349927326,95.));
#9834 = CARTESIAN_POINT('',(8.33957122093,-6.598755450581,95.));
#9835 = ORIENTED_EDGE('',*,*,#9787,.F.);
#9836 = ORIENTED_EDGE('',*,*,#9837,.F.);
#9837 = EDGE_CURVE('',#9821,#9788,#9838,.T.);
#9838 = B_SPLINE_CURVE_WITH_KNOTS('',2,(#9839,#9840,#9841),
  .UNSPECIFIED.,.F.,.F.,(3,3),(0.,1.),.PIECEWISE_BEZIER_KNOTS.);
#9839 = CARTESIAN_POINT('',(8.121547965116,-5.81273619186,94.4));
#9840 = CARTESIAN_POINT('',(8.33957122093,-6.156349927326,94.4));
#9841 = CARTESIAN_POINT('',(8.33957122093,-6.598755450581,94.4));
#9842 = SURFACE_OF_LINEAR_EXTRUSION('',#9843,#9847);
#9843 = B_SPLINE_CURVE_WITH_KNOTS('',2,(#9844,#9845,#9846),
  .UNSPECIFIED.,.F.,.F.,(3,3),(0.,1.),.PIECEWISE_BEZIER_KNOTS.);
#9844 = CARTESIAN_POINT('',(8.121547965116,-5.81273619186,94.4));
#9845 = CARTESIAN_POINT('',(8.33957122093,-6.156349927326,94.4));
#9846 = CARTESIAN_POINT('',(8.33957122093,-6.598755450581,94.4));
#9847 = VECTOR('',#9848,1.);
#9848 = DIRECTION('',(-0.,-0.,-1.));
#9849 = ADVANCED_FACE('',(#9850),#9875,.T.);
#9850 = FACE_BOUND('',#9851,.T.);
#9851 = EDGE_LOOP('',(#9852,#9862,#9868,#9869));
#9852 = ORIENTED_EDGE('',*,*,#9853,.T.);
#9853 = EDGE_CURVE('',#9854,#9856,#9858,.T.);
#9854 = VERTEX_POINT('',#9855);
#9855 = CARTESIAN_POINT('',(7.540606831395,-5.334447674419,94.4));
#9856 = VERTEX_POINT('',#9857);
#9857 = CARTESIAN_POINT('',(7.540606831395,-5.334447674419,95.));
#9858 = LINE('',#9859,#9860);
#9859 = CARTESIAN_POINT('',(7.540606831395,-5.334447674419,94.4));
#9860 = VECTOR('',#9861,1.);
#9861 = DIRECTION('',(0.,0.,1.));
#9862 = ORIENTED_EDGE('',*,*,#9863,.T.);
#9863 = EDGE_CURVE('',#9856,#9823,#9864,.T.);
#9864 = B_SPLINE_CURVE_WITH_KNOTS('',2,(#9865,#9866,#9867),
  .UNSPECIFIED.,.F.,.F.,(3,3),(0.,1.),.PIECEWISE_BEZIER_KNOTS.);
#9865 = CARTESIAN_POINT('',(7.540606831395,-5.334447674419,95.));
#9866 = CARTESIAN_POINT('',(7.903524709302,-5.468895348837,95.));
#9867 = CARTESIAN_POINT('',(8.121547965116,-5.81273619186,95.));
#9868 = ORIENTED_EDGE('',*,*,#9820,.F.);
#9869 = ORIENTED_EDGE('',*,*,#9870,.F.);
#9870 = EDGE_CURVE('',#9854,#9821,#9871,.T.);
#9871 = B_SPLINE_CURVE_WITH_KNOTS('',2,(#9872,#9873,#9874),
  .UNSPECIFIED.,.F.,.F.,(3,3),(0.,1.),.PIECEWISE_BEZIER_KNOTS.);
#9872 = CARTESIAN_POINT('',(7.540606831395,-5.334447674419,94.4));
#9873 = CARTESIAN_POINT('',(7.903524709302,-5.468895348837,94.4));
#9874 = CARTESIAN_POINT('',(8.121547965116,-5.81273619186,94.4));
#9875 = SURFACE_OF_LINEAR_EXTRUSION('',#9876,#9880);
#9876 = B_SPLINE_CURVE_WITH_KNOTS('',2,(#9877,#9878,#9879),
  .UNSPECIFIED.,.F.,.F.,(3,3),(0.,1.),.PIECEWISE_BEZIER_KNOTS.);
#9877 = CARTESIAN_POINT('',(7.540606831395,-5.334447674419,94.4));
#9878 = CARTESIAN_POINT('',(7.903524709302,-5.468895348837,94.4));
#9879 = CARTESIAN_POINT('',(8.121547965116,-5.81273619186,94.4));
#9880 = VECTOR('',#9881,1.);
#9881 = DIRECTION('',(-0.,-0.,-1.));
#9882 = ADVANCED_FACE('',(#9883),#9908,.T.);
#9883 = FACE_BOUND('',#9884,.T.);
#9884 = EDGE_LOOP('',(#9885,#9895,#9901,#9902));
#9885 = ORIENTED_EDGE('',*,*,#9886,.T.);
#9886 = EDGE_CURVE('',#9887,#9889,#9891,.T.);
#9887 = VERTEX_POINT('',#9888);
#9888 = CARTESIAN_POINT('',(6.377361918605,-5.2,94.4));
#9889 = VERTEX_POINT('',#9890);
#9890 = CARTESIAN_POINT('',(6.377361918605,-5.2,95.));
#9891 = LINE('',#9892,#9893);
#9892 = CARTESIAN_POINT('',(6.377361918605,-5.2,94.4));
#9893 = VECTOR('',#9894,1.);
#9894 = DIRECTION('',(0.,0.,1.));
#9895 = ORIENTED_EDGE('',*,*,#9896,.T.);
#9896 = EDGE_CURVE('',#9889,#9856,#9897,.T.);
#9897 = B_SPLINE_CURVE_WITH_KNOTS('',2,(#9898,#9899,#9900),
  .UNSPECIFIED.,.F.,.F.,(3,3),(0.,1.),.PIECEWISE_BEZIER_KNOTS.);
#9898 = CARTESIAN_POINT('',(6.377361918605,-5.2,95.));
#9899 = CARTESIAN_POINT('',(7.177916061047,-5.2,95.));
#9900 = CARTESIAN_POINT('',(7.540606831395,-5.334447674419,95.));
#9901 = ORIENTED_EDGE('',*,*,#9853,.F.);
#9902 = ORIENTED_EDGE('',*,*,#9903,.F.);
#9903 = EDGE_CURVE('',#9887,#9854,#9904,.T.);
#9904 = B_SPLINE_CURVE_WITH_KNOTS('',2,(#9905,#9906,#9907),
  .UNSPECIFIED.,.F.,.F.,(3,3),(0.,1.),.PIECEWISE_BEZIER_KNOTS.);
#9905 = CARTESIAN_POINT('',(6.377361918605,-5.2,94.4));
#9906 = CARTESIAN_POINT('',(7.177916061047,-5.2,94.4));
#9907 = CARTESIAN_POINT('',(7.540606831395,-5.334447674419,94.4));
#9908 = SURFACE_OF_LINEAR_EXTRUSION('',#9909,#9913);
#9909 = B_SPLINE_CURVE_WITH_KNOTS('',2,(#9910,#9911,#9912),
  .UNSPECIFIED.,.F.,.F.,(3,3),(0.,1.),.PIECEWISE_BEZIER_KNOTS.);
#9910 = CARTESIAN_POINT('',(6.377361918605,-5.2,94.4));
#9911 = CARTESIAN_POINT('',(7.177916061047,-5.2,94.4));
#9912 = CARTESIAN_POINT('',(7.540606831395,-5.334447674419,94.4));
#9913 = VECTOR('',#9914,1.);
#9914 = DIRECTION('',(-0.,-0.,-1.));
#9915 = ADVANCED_FACE('',(#9916),#9932,.T.);
#9916 = FACE_BOUND('',#9917,.T.);
#9917 = EDGE_LOOP('',(#9918,#9919,#9925,#9926));
#9918 = ORIENTED_EDGE('',*,*,#9381,.T.);
#9919 = ORIENTED_EDGE('',*,*,#9920,.T.);
#9920 = EDGE_CURVE('',#9374,#9889,#9921,.T.);
#9921 = LINE('',#9922,#9923);
#9922 = CARTESIAN_POINT('',(4.255041787791,-5.2,95.));
#9923 = VECTOR('',#9924,1.);
#9924 = DIRECTION('',(1.,0.,0.));
#9925 = ORIENTED_EDGE('',*,*,#9886,.F.);
#9926 = ORIENTED_EDGE('',*,*,#9927,.F.);
#9927 = EDGE_CURVE('',#9382,#9887,#9928,.T.);
#9928 = LINE('',#9929,#9930);
#9929 = CARTESIAN_POINT('',(4.255041787791,-5.2,94.4));
#9930 = VECTOR('',#9931,1.);
#9931 = DIRECTION('',(1.,0.,0.));
#9932 = PLANE('',#9933);
#9933 = AXIS2_PLACEMENT_3D('',#9934,#9935,#9936);
#9934 = CARTESIAN_POINT('',(4.255041787791,-5.2,94.4));
#9935 = DIRECTION('',(0.,1.,0.));
#9936 = DIRECTION('',(1.,0.,0.));
#9937 = ADVANCED_FACE('',(#9938),#9972,.T.);
#9938 = FACE_BOUND('',#9939,.T.);
#9939 = EDGE_LOOP('',(#9940,#9950,#9958,#9966));
#9940 = ORIENTED_EDGE('',*,*,#9941,.T.);
#9941 = EDGE_CURVE('',#9942,#9944,#9946,.T.);
#9942 = VERTEX_POINT('',#9943);
#9943 = CARTESIAN_POINT('',(5.26339934593,-7.307558139535,94.4));
#9944 = VERTEX_POINT('',#9945);
#9945 = CARTESIAN_POINT('',(5.26339934593,-7.307558139535,95.));
#9946 = LINE('',#9947,#9948);
#9947 = CARTESIAN_POINT('',(5.26339934593,-7.307558139535,94.4));
#9948 = VECTOR('',#9949,1.);
#9949 = DIRECTION('',(0.,0.,1.));
#9950 = ORIENTED_EDGE('',*,*,#9951,.T.);
#9951 = EDGE_CURVE('',#9944,#9952,#9954,.T.);
#9952 = VERTEX_POINT('',#9953);
#9953 = CARTESIAN_POINT('',(6.009447674419,-7.307558139535,95.));
#9954 = LINE('',#9955,#9956);
#9955 = CARTESIAN_POINT('',(5.26339934593,-7.307558139535,95.));
#9956 = VECTOR('',#9957,1.);
#9957 = DIRECTION('',(1.,0.,0.));
#9958 = ORIENTED_EDGE('',*,*,#9959,.F.);
#9959 = EDGE_CURVE('',#9960,#9952,#9962,.T.);
#9960 = VERTEX_POINT('',#9961);
#9961 = CARTESIAN_POINT('',(6.009447674419,-7.307558139535,94.4));
#9962 = LINE('',#9963,#9964);
#9963 = CARTESIAN_POINT('',(6.009447674419,-7.307558139535,94.4));
#9964 = VECTOR('',#9965,1.);
#9965 = DIRECTION('',(0.,0.,1.));
#9966 = ORIENTED_EDGE('',*,*,#9967,.F.);
#9967 = EDGE_CURVE('',#9942,#9960,#9968,.T.);
#9968 = LINE('',#9969,#9970);
#9969 = CARTESIAN_POINT('',(5.26339934593,-7.307558139535,94.4));
#9970 = VECTOR('',#9971,1.);
#9971 = DIRECTION('',(1.,0.,0.));
#9972 = PLANE('',#9973);
#9973 = AXIS2_PLACEMENT_3D('',#9974,#9975,#9976);
#9974 = CARTESIAN_POINT('',(5.26339934593,-7.307558139535,94.4));
#9975 = DIRECTION('',(0.,1.,0.));
#9976 = DIRECTION('',(1.,0.,0.));
#9977 = ADVANCED_FACE('',(#9978),#10003,.T.);
#9978 = FACE_BOUND('',#9979,.T.);
#9979 = EDGE_LOOP('',(#9980,#9990,#9996,#9997));
#9980 = ORIENTED_EDGE('',*,*,#9981,.T.);
#9981 = EDGE_CURVE('',#9982,#9984,#9986,.T.);
#9982 = VERTEX_POINT('',#9983);
#9983 = CARTESIAN_POINT('',(5.26339934593,-6.043023255814,94.4));
#9984 = VERTEX_POINT('',#9985);
#9985 = CARTESIAN_POINT('',(5.26339934593,-6.043023255814,95.));
#9986 = LINE('',#9987,#9988);
#9987 = CARTESIAN_POINT('',(5.26339934593,-6.043023255814,94.4));
#9988 = VECTOR('',#9989,1.);
#9989 = DIRECTION('',(0.,0.,1.));
#9990 = ORIENTED_EDGE('',*,*,#9991,.T.);
#9991 = EDGE_CURVE('',#9984,#9944,#9992,.T.);
#9992 = LINE('',#9993,#9994);
#9993 = CARTESIAN_POINT('',(5.26339934593,-6.043023255814,95.));
#9994 = VECTOR('',#9995,1.);
#9995 = DIRECTION('',(0.,-1.,0.));
#9996 = ORIENTED_EDGE('',*,*,#9941,.F.);
#9997 = ORIENTED_EDGE('',*,*,#9998,.F.);
#9998 = EDGE_CURVE('',#9982,#9942,#9999,.T.);
#9999 = LINE('',#10000,#10001);
#10000 = CARTESIAN_POINT('',(5.26339934593,-6.043023255814,94.4));
#10001 = VECTOR('',#10002,1.);
#10002 = DIRECTION('',(0.,-1.,0.));
#10003 = PLANE('',#10004);
#10004 = AXIS2_PLACEMENT_3D('',#10005,#10006,#10007);
#10005 = CARTESIAN_POINT('',(5.26339934593,-6.043023255814,94.4));
#10006 = DIRECTION('',(1.,0.,0.));
#10007 = DIRECTION('',(0.,-1.,0.));
#10008 = ADVANCED_FACE('',(#10009),#10034,.T.);
#10009 = FACE_BOUND('',#10010,.T.);
#10010 = EDGE_LOOP('',(#10011,#10021,#10027,#10028));
#10011 = ORIENTED_EDGE('',*,*,#10012,.T.);
#10012 = EDGE_CURVE('',#10013,#10015,#10017,.T.);
#10013 = VERTEX_POINT('',#10014);
#10014 = CARTESIAN_POINT('',(6.050327034884,-6.043023255814,94.4));
#10015 = VERTEX_POINT('',#10016);
#10016 = CARTESIAN_POINT('',(6.050327034884,-6.043023255814,95.));
#10017 = LINE('',#10018,#10019);
#10018 = CARTESIAN_POINT('',(6.050327034884,-6.043023255814,94.4));
#10019 = VECTOR('',#10020,1.);
#10020 = DIRECTION('',(0.,0.,1.));
#10021 = ORIENTED_EDGE('',*,*,#10022,.T.);
#10022 = EDGE_CURVE('',#10015,#9984,#10023,.T.);
#10023 = LINE('',#10024,#10025);
#10024 = CARTESIAN_POINT('',(6.050327034884,-6.043023255814,95.));
#10025 = VECTOR('',#10026,1.);
#10026 = DIRECTION('',(-1.,0.,0.));
#10027 = ORIENTED_EDGE('',*,*,#9981,.F.);
#10028 = ORIENTED_EDGE('',*,*,#10029,.F.);
#10029 = EDGE_CURVE('',#10013,#9982,#10030,.T.);
#10030 = LINE('',#10031,#10032);
#10031 = CARTESIAN_POINT('',(6.050327034884,-6.043023255814,94.4));
#10032 = VECTOR('',#10033,1.);
#10033 = DIRECTION('',(-1.,0.,0.));
#10034 = PLANE('',#10035);
#10035 = AXIS2_PLACEMENT_3D('',#10036,#10037,#10038);
#10036 = CARTESIAN_POINT('',(6.050327034884,-6.043023255814,94.4));
#10037 = DIRECTION('',(0.,-1.,0.));
#10038 = DIRECTION('',(-1.,0.,0.));
#10039 = ADVANCED_FACE('',(#10040),#10065,.T.);
#10040 = FACE_BOUND('',#10041,.T.);
#10041 = EDGE_LOOP('',(#10042,#10052,#10058,#10059));
#10042 = ORIENTED_EDGE('',*,*,#10043,.T.);
#10043 = EDGE_CURVE('',#10044,#10046,#10048,.T.);
#10044 = VERTEX_POINT('',#10045);
#10045 = CARTESIAN_POINT('',(6.786155523256,-6.060056322674,94.4));
#10046 = VERTEX_POINT('',#10047);
#10047 = CARTESIAN_POINT('',(6.786155523256,-6.060056322674,95.));
#10048 = LINE('',#10049,#10050);
#10049 = CARTESIAN_POINT('',(6.786155523256,-6.060056322674,94.4));
#10050 = VECTOR('',#10051,1.);
#10051 = DIRECTION('',(0.,0.,1.));
#10052 = ORIENTED_EDGE('',*,*,#10053,.T.);
#10053 = EDGE_CURVE('',#10046,#10015,#10054,.T.);
#10054 = B_SPLINE_CURVE_WITH_KNOTS('',2,(#10055,#10056,#10057),
  .UNSPECIFIED.,.F.,.F.,(3,3),(0.,1.),.PIECEWISE_BEZIER_KNOTS.);
#10055 = CARTESIAN_POINT('',(6.786155523256,-6.060056322674,95.));
#10056 = CARTESIAN_POINT('',(6.66351744186,-6.043023255814,95.));
#10057 = CARTESIAN_POINT('',(6.050327034884,-6.043023255814,95.));
#10058 = ORIENTED_EDGE('',*,*,#10012,.F.);
#10059 = ORIENTED_EDGE('',*,*,#10060,.F.);
#10060 = EDGE_CURVE('',#10044,#10013,#10061,.T.);
#10061 = B_SPLINE_CURVE_WITH_KNOTS('',2,(#10062,#10063,#10064),
  .UNSPECIFIED.,.F.,.F.,(3,3),(0.,1.),.PIECEWISE_BEZIER_KNOTS.);
#10062 = CARTESIAN_POINT('',(6.786155523256,-6.060056322674,94.4));
#10063 = CARTESIAN_POINT('',(6.66351744186,-6.043023255814,94.4));
#10064 = CARTESIAN_POINT('',(6.050327034884,-6.043023255814,94.4));
#10065 = SURFACE_OF_LINEAR_EXTRUSION('',#10066,#10070);
#10066 = B_SPLINE_CURVE_WITH_KNOTS('',2,(#10067,#10068,#10069),
  .UNSPECIFIED.,.F.,.F.,(3,3),(0.,1.),.PIECEWISE_BEZIER_KNOTS.);
#10067 = CARTESIAN_POINT('',(6.786155523256,-6.060056322674,94.4));
#10068 = CARTESIAN_POINT('',(6.66351744186,-6.043023255814,94.4));
#10069 = CARTESIAN_POINT('',(6.050327034884,-6.043023255814,94.4));
#10070 = VECTOR('',#10071,1.);
#10071 = DIRECTION('',(-0.,-0.,-1.));
#10072 = ADVANCED_FACE('',(#10073),#10098,.T.);
#10073 = FACE_BOUND('',#10074,.T.);
#10074 = EDGE_LOOP('',(#10075,#10085,#10091,#10092));
#10075 = ORIENTED_EDGE('',*,*,#10076,.T.);
#10076 = EDGE_CURVE('',#10077,#10079,#10081,.T.);
#10077 = VERTEX_POINT('',#10078);
#10078 = CARTESIAN_POINT('',(7.165879360465,-6.255595930233,94.4));
#10079 = VERTEX_POINT('',#10080);
#10080 = CARTESIAN_POINT('',(7.165879360465,-6.255595930233,95.));
#10081 = LINE('',#10082,#10083);
#10082 = CARTESIAN_POINT('',(7.165879360465,-6.255595930233,94.4));
#10083 = VECTOR('',#10084,1.);
#10084 = DIRECTION('',(0.,0.,1.));
#10085 = ORIENTED_EDGE('',*,*,#10086,.T.);
#10086 = EDGE_CURVE('',#10079,#10046,#10087,.T.);
#10087 = B_SPLINE_CURVE_WITH_KNOTS('',2,(#10088,#10089,#10090),
  .UNSPECIFIED.,.F.,.F.,(3,3),(0.,1.),.PIECEWISE_BEZIER_KNOTS.);
#10088 = CARTESIAN_POINT('',(7.165879360465,-6.255595930233,95.));
#10089 = CARTESIAN_POINT('',(7.031431686047,-6.100708575581,95.));
#10090 = CARTESIAN_POINT('',(6.786155523256,-6.060056322674,95.));
#10091 = ORIENTED_EDGE('',*,*,#10043,.F.);
#10092 = ORIENTED_EDGE('',*,*,#10093,.F.);
#10093 = EDGE_CURVE('',#10077,#10044,#10094,.T.);
#10094 = B_SPLINE_CURVE_WITH_KNOTS('',2,(#10095,#10096,#10097),
  .UNSPECIFIED.,.F.,.F.,(3,3),(0.,1.),.PIECEWISE_BEZIER_KNOTS.);
#10095 = CARTESIAN_POINT('',(7.165879360465,-6.255595930233,94.4));
#10096 = CARTESIAN_POINT('',(7.031431686047,-6.100708575581,94.4));
#10097 = CARTESIAN_POINT('',(6.786155523256,-6.060056322674,94.4));
#10098 = SURFACE_OF_LINEAR_EXTRUSION('',#10099,#10103);
#10099 = B_SPLINE_CURVE_WITH_KNOTS('',2,(#10100,#10101,#10102),
  .UNSPECIFIED.,.F.,.F.,(3,3),(0.,1.),.PIECEWISE_BEZIER_KNOTS.);
#10100 = CARTESIAN_POINT('',(7.165879360465,-6.255595930233,94.4));
#10101 = CARTESIAN_POINT('',(7.031431686047,-6.100708575581,94.4));
#10102 = CARTESIAN_POINT('',(6.786155523256,-6.060056322674,94.4));
#10103 = VECTOR('',#10104,1.);
#10104 = DIRECTION('',(-0.,-0.,-1.));
#10105 = ADVANCED_FACE('',(#10106),#10131,.T.);
#10106 = FACE_BOUND('',#10107,.T.);
#10107 = EDGE_LOOP('',(#10108,#10118,#10124,#10125));
#10108 = ORIENTED_EDGE('',*,*,#10109,.T.);
#10109 = EDGE_CURVE('',#10110,#10112,#10114,.T.);
#10110 = VERTEX_POINT('',#10111);
#10111 = CARTESIAN_POINT('',(7.300554142442,-6.661664244186,94.4));
#10112 = VERTEX_POINT('',#10113);
#10113 = CARTESIAN_POINT('',(7.300554142442,-6.661664244186,95.));
#10114 = LINE('',#10115,#10116);
#10115 = CARTESIAN_POINT('',(7.300554142442,-6.661664244186,94.4));
#10116 = VECTOR('',#10117,1.);
#10117 = DIRECTION('',(0.,0.,1.));
#10118 = ORIENTED_EDGE('',*,*,#10119,.T.);
#10119 = EDGE_CURVE('',#10112,#10079,#10120,.T.);
#10120 = B_SPLINE_CURVE_WITH_KNOTS('',2,(#10121,#10122,#10123),
  .UNSPECIFIED.,.F.,.F.,(3,3),(0.,1.),.PIECEWISE_BEZIER_KNOTS.);
#10121 = CARTESIAN_POINT('',(7.300554142442,-6.661664244186,95.));
#10122 = CARTESIAN_POINT('',(7.300554142442,-6.410256177326,95.));
#10123 = CARTESIAN_POINT('',(7.165879360465,-6.255595930233,95.));
#10124 = ORIENTED_EDGE('',*,*,#10076,.F.);
#10125 = ORIENTED_EDGE('',*,*,#10126,.F.);
#10126 = EDGE_CURVE('',#10110,#10077,#10127,.T.);
#10127 = B_SPLINE_CURVE_WITH_KNOTS('',2,(#10128,#10129,#10130),
  .UNSPECIFIED.,.F.,.F.,(3,3),(0.,1.),.PIECEWISE_BEZIER_KNOTS.);
#10128 = CARTESIAN_POINT('',(7.300554142442,-6.661664244186,94.4));
#10129 = CARTESIAN_POINT('',(7.300554142442,-6.410256177326,94.4));
#10130 = CARTESIAN_POINT('',(7.165879360465,-6.255595930233,94.4));
#10131 = SURFACE_OF_LINEAR_EXTRUSION('',#10132,#10136);
#10132 = B_SPLINE_CURVE_WITH_KNOTS('',2,(#10133,#10134,#10135),
  .UNSPECIFIED.,.F.,.F.,(3,3),(0.,1.),.PIECEWISE_BEZIER_KNOTS.);
#10133 = CARTESIAN_POINT('',(7.300554142442,-6.661664244186,94.4));
#10134 = CARTESIAN_POINT('',(7.300554142442,-6.410256177326,94.4));
#10135 = CARTESIAN_POINT('',(7.165879360465,-6.255595930233,94.4));
#10136 = VECTOR('',#10137,1.);
#10137 = DIRECTION('',(-0.,-0.,-1.));
#10138 = ADVANCED_FACE('',(#10139),#10164,.T.);
#10139 = FACE_BOUND('',#10140,.T.);
#10140 = EDGE_LOOP('',(#10141,#10151,#10157,#10158));
#10141 = ORIENTED_EDGE('',*,*,#10142,.T.);
#10142 = EDGE_CURVE('',#10143,#10145,#10147,.T.);
#10143 = VERTEX_POINT('',#10144);
#10144 = CARTESIAN_POINT('',(7.198355741279,-7.035710392442,94.4));
#10145 = VERTEX_POINT('',#10146);
#10146 = CARTESIAN_POINT('',(7.198355741279,-7.035710392442,95.));
#10147 = LINE('',#10148,#10149);
#10148 = CARTESIAN_POINT('',(7.198355741279,-7.035710392442,94.4));
#10149 = VECTOR('',#10150,1.);
#10150 = DIRECTION('',(0.,0.,1.));
#10151 = ORIENTED_EDGE('',*,*,#10152,.T.);
#10152 = EDGE_CURVE('',#10145,#10112,#10153,.T.);
#10153 = B_SPLINE_CURVE_WITH_KNOTS('',2,(#10154,#10155,#10156),
  .UNSPECIFIED.,.F.,.F.,(3,3),(0.,1.),.PIECEWISE_BEZIER_KNOTS.);
#10154 = CARTESIAN_POINT('',(7.198355741279,-7.035710392442,95.));
#10155 = CARTESIAN_POINT('',(7.300554142442,-6.886046511628,95.));
#10156 = CARTESIAN_POINT('',(7.300554142442,-6.661664244186,95.));
#10157 = ORIENTED_EDGE('',*,*,#10109,.F.);
#10158 = ORIENTED_EDGE('',*,*,#10159,.F.);
#10159 = EDGE_CURVE('',#10143,#10110,#10160,.T.);
#10160 = B_SPLINE_CURVE_WITH_KNOTS('',2,(#10161,#10162,#10163),
  .UNSPECIFIED.,.F.,.F.,(3,3),(0.,1.),.PIECEWISE_BEZIER_KNOTS.);
#10161 = CARTESIAN_POINT('',(7.198355741279,-7.035710392442,94.4));
#10162 = CARTESIAN_POINT('',(7.300554142442,-6.886046511628,94.4));
#10163 = CARTESIAN_POINT('',(7.300554142442,-6.661664244186,94.4));
#10164 = SURFACE_OF_LINEAR_EXTRUSION('',#10165,#10169);
#10165 = B_SPLINE_CURVE_WITH_KNOTS('',2,(#10166,#10167,#10168),
  .UNSPECIFIED.,.F.,.F.,(3,3),(0.,1.),.PIECEWISE_BEZIER_KNOTS.);
#10166 = CARTESIAN_POINT('',(7.198355741279,-7.035710392442,94.4));
#10167 = CARTESIAN_POINT('',(7.300554142442,-6.886046511628,94.4));
#10168 = CARTESIAN_POINT('',(7.300554142442,-6.661664244186,94.4));
#10169 = VECTOR('',#10170,1.);
#10170 = DIRECTION('',(-0.,-0.,-1.));
#10171 = ADVANCED_FACE('',(#10172),#10197,.T.);
#10172 = FACE_BOUND('',#10173,.T.);
#10173 = EDGE_LOOP('',(#10174,#10184,#10190,#10191));
#10174 = ORIENTED_EDGE('',*,*,#10175,.T.);
#10175 = EDGE_CURVE('',#10176,#10178,#10180,.T.);
#10176 = VERTEX_POINT('',#10177);
#10177 = CARTESIAN_POINT('',(6.915606831395,-7.246466206395,94.4));
#10178 = VERTEX_POINT('',#10179);
#10179 = CARTESIAN_POINT('',(6.915606831395,-7.246466206395,95.));
#10180 = LINE('',#10181,#10182);
#10181 = CARTESIAN_POINT('',(6.915606831395,-7.246466206395,94.4));
#10182 = VECTOR('',#10183,1.);
#10183 = DIRECTION('',(0.,0.,1.));
#10184 = ORIENTED_EDGE('',*,*,#10185,.T.);
#10185 = EDGE_CURVE('',#10178,#10145,#10186,.T.);
#10186 = B_SPLINE_CURVE_WITH_KNOTS('',2,(#10187,#10188,#10189),
  .UNSPECIFIED.,.F.,.F.,(3,3),(0.,1.),.PIECEWISE_BEZIER_KNOTS.);
#10187 = CARTESIAN_POINT('',(6.915606831395,-7.246466206395,95.));
#10188 = CARTESIAN_POINT('',(7.096157340116,-7.185147165698,95.));
#10189 = CARTESIAN_POINT('',(7.198355741279,-7.035710392442,95.));
#10190 = ORIENTED_EDGE('',*,*,#10142,.F.);
#10191 = ORIENTED_EDGE('',*,*,#10192,.F.);
#10192 = EDGE_CURVE('',#10176,#10143,#10193,.T.);
#10193 = B_SPLINE_CURVE_WITH_KNOTS('',2,(#10194,#10195,#10196),
  .UNSPECIFIED.,.F.,.F.,(3,3),(0.,1.),.PIECEWISE_BEZIER_KNOTS.);
#10194 = CARTESIAN_POINT('',(6.915606831395,-7.246466206395,94.4));
#10195 = CARTESIAN_POINT('',(7.096157340116,-7.185147165698,94.4));
#10196 = CARTESIAN_POINT('',(7.198355741279,-7.035710392442,94.4));
#10197 = SURFACE_OF_LINEAR_EXTRUSION('',#10198,#10202);
#10198 = B_SPLINE_CURVE_WITH_KNOTS('',2,(#10199,#10200,#10201),
  .UNSPECIFIED.,.F.,.F.,(3,3),(0.,1.),.PIECEWISE_BEZIER_KNOTS.);
#10199 = CARTESIAN_POINT('',(6.915606831395,-7.246466206395,94.4));
#10200 = CARTESIAN_POINT('',(7.096157340116,-7.185147165698,94.4));
#10201 = CARTESIAN_POINT('',(7.198355741279,-7.035710392442,94.4));
#10202 = VECTOR('',#10203,1.);
#10203 = DIRECTION('',(-0.,-0.,-1.));
#10204 = ADVANCED_FACE('',(#10205),#10221,.T.);
#10205 = FACE_BOUND('',#10206,.T.);
#10206 = EDGE_LOOP('',(#10207,#10208,#10214,#10215));
#10207 = ORIENTED_EDGE('',*,*,#9959,.T.);
#10208 = ORIENTED_EDGE('',*,*,#10209,.T.);
#10209 = EDGE_CURVE('',#9952,#10178,#10210,.T.);
#10210 = B_SPLINE_CURVE_WITH_KNOTS('',2,(#10211,#10212,#10213),
  .UNSPECIFIED.,.F.,.F.,(3,3),(0.,1.),.PIECEWISE_BEZIER_KNOTS.);
#10211 = CARTESIAN_POINT('',(6.009447674419,-7.307558139535,95.));
#10212 = CARTESIAN_POINT('',(6.735056322674,-7.307558139535,95.));
#10213 = CARTESIAN_POINT('',(6.915606831395,-7.246466206395,95.));
#10214 = ORIENTED_EDGE('',*,*,#10175,.F.);
#10215 = ORIENTED_EDGE('',*,*,#10216,.F.);
#10216 = EDGE_CURVE('',#9960,#10176,#10217,.T.);
#10217 = B_SPLINE_CURVE_WITH_KNOTS('',2,(#10218,#10219,#10220),
  .UNSPECIFIED.,.F.,.F.,(3,3),(0.,1.),.PIECEWISE_BEZIER_KNOTS.);
#10218 = CARTESIAN_POINT('',(6.009447674419,-7.307558139535,94.4));
#10219 = CARTESIAN_POINT('',(6.735056322674,-7.307558139535,94.4));
#10220 = CARTESIAN_POINT('',(6.915606831395,-7.246466206395,94.4));
#10221 = SURFACE_OF_LINEAR_EXTRUSION('',#10222,#10226);
#10222 = B_SPLINE_CURVE_WITH_KNOTS('',2,(#10223,#10224,#10225),
  .UNSPECIFIED.,.F.,.F.,(3,3),(0.,1.),.PIECEWISE_BEZIER_KNOTS.);
#10223 = CARTESIAN_POINT('',(6.009447674419,-7.307558139535,94.4));
#10224 = CARTESIAN_POINT('',(6.735056322674,-7.307558139535,94.4));
#10225 = CARTESIAN_POINT('',(6.915606831395,-7.246466206395,94.4));
#10226 = VECTOR('',#10227,1.);
#10227 = DIRECTION('',(-0.,-0.,-1.));
#10228 = ADVANCED_FACE('',(#10229,#10249),#10260,.F.);
#10229 = FACE_BOUND('',#10230,.F.);
#10230 = EDGE_LOOP('',(#10231,#10232,#10233,#10234,#10235,#10236,#10237,
    #10238,#10239,#10240,#10241,#10242,#10243,#10244,#10245,#10246,
    #10247,#10248));
#10231 = ORIENTED_EDGE('',*,*,#9389,.F.);
#10232 = ORIENTED_EDGE('',*,*,#9420,.F.);
#10233 = ORIENTED_EDGE('',*,*,#9451,.F.);
#10234 = ORIENTED_EDGE('',*,*,#9482,.F.);
#10235 = ORIENTED_EDGE('',*,*,#9513,.F.);
#10236 = ORIENTED_EDGE('',*,*,#9546,.F.);
#10237 = ORIENTED_EDGE('',*,*,#9579,.F.);
#10238 = ORIENTED_EDGE('',*,*,#9612,.F.);
#10239 = ORIENTED_EDGE('',*,*,#9643,.F.);
#10240 = ORIENTED_EDGE('',*,*,#9674,.F.);
#10241 = ORIENTED_EDGE('',*,*,#9705,.F.);
#10242 = ORIENTED_EDGE('',*,*,#9738,.F.);
#10243 = ORIENTED_EDGE('',*,*,#9771,.F.);
#10244 = ORIENTED_EDGE('',*,*,#9804,.F.);
#10245 = ORIENTED_EDGE('',*,*,#9837,.F.);
#10246 = ORIENTED_EDGE('',*,*,#9870,.F.);
#10247 = ORIENTED_EDGE('',*,*,#9903,.F.);
#10248 = ORIENTED_EDGE('',*,*,#9927,.F.);
#10249 = FACE_BOUND('',#10250,.F.);
#10250 = EDGE_LOOP('',(#10251,#10252,#10253,#10254,#10255,#10256,#10257,
    #10258,#10259));
#10251 = ORIENTED_EDGE('',*,*,#9967,.F.);
#10252 = ORIENTED_EDGE('',*,*,#9998,.F.);
#10253 = ORIENTED_EDGE('',*,*,#10029,.F.);
#10254 = ORIENTED_EDGE('',*,*,#10060,.F.);
#10255 = ORIENTED_EDGE('',*,*,#10093,.F.);
#10256 = ORIENTED_EDGE('',*,*,#10126,.F.);
#10257 = ORIENTED_EDGE('',*,*,#10159,.F.);
#10258 = ORIENTED_EDGE('',*,*,#10192,.F.);
#10259 = ORIENTED_EDGE('',*,*,#10216,.F.);
#10260 = PLANE('',#10261);
#10261 = AXIS2_PLACEMENT_3D('',#10262,#10263,#10264);
#10262 = CARTESIAN_POINT('',(6.225331867389,-7.648732379564,94.4));
#10263 = DIRECTION('',(0.,0.,1.));
#10264 = DIRECTION('',(1.,0.,0.));
#10265 = ADVANCED_FACE('',(#10266,#10286),#10297,.T.);
#10266 = FACE_BOUND('',#10267,.T.);
#10267 = EDGE_LOOP('',(#10268,#10269,#10270,#10271,#10272,#10273,#10274,
    #10275,#10276,#10277,#10278,#10279,#10280,#10281,#10282,#10283,
    #10284,#10285));
#10268 = ORIENTED_EDGE('',*,*,#9373,.F.);
#10269 = ORIENTED_EDGE('',*,*,#9413,.F.);
#10270 = ORIENTED_EDGE('',*,*,#9444,.F.);
#10271 = ORIENTED_EDGE('',*,*,#9475,.F.);
#10272 = ORIENTED_EDGE('',*,*,#9506,.F.);
#10273 = ORIENTED_EDGE('',*,*,#9539,.F.);
#10274 = ORIENTED_EDGE('',*,*,#9572,.F.);
#10275 = ORIENTED_EDGE('',*,*,#9605,.F.);
#10276 = ORIENTED_EDGE('',*,*,#9636,.F.);
#10277 = ORIENTED_EDGE('',*,*,#9667,.F.);
#10278 = ORIENTED_EDGE('',*,*,#9698,.F.);
#10279 = ORIENTED_EDGE('',*,*,#9731,.F.);
#10280 = ORIENTED_EDGE('',*,*,#9764,.F.);
#10281 = ORIENTED_EDGE('',*,*,#9797,.F.);
#10282 = ORIENTED_EDGE('',*,*,#9830,.F.);
#10283 = ORIENTED_EDGE('',*,*,#9863,.F.);
#10284 = ORIENTED_EDGE('',*,*,#9896,.F.);
#10285 = ORIENTED_EDGE('',*,*,#9920,.F.);
#10286 = FACE_BOUND('',#10287,.T.);
#10287 = EDGE_LOOP('',(#10288,#10289,#10290,#10291,#10292,#10293,#10294,
    #10295,#10296));
#10288 = ORIENTED_EDGE('',*,*,#9951,.F.);
#10289 = ORIENTED_EDGE('',*,*,#9991,.F.);
#10290 = ORIENTED_EDGE('',*,*,#10022,.F.);
#10291 = ORIENTED_EDGE('',*,*,#10053,.F.);
#10292 = ORIENTED_EDGE('',*,*,#10086,.F.);
#10293 = ORIENTED_EDGE('',*,*,#10119,.F.);
#10294 = ORIENTED_EDGE('',*,*,#10152,.F.);
#10295 = ORIENTED_EDGE('',*,*,#10185,.F.);
#10296 = ORIENTED_EDGE('',*,*,#10209,.F.);
#10297 = PLANE('',#10298);
#10298 = AXIS2_PLACEMENT_3D('',#10299,#10300,#10301);
#10299 = CARTESIAN_POINT('',(6.225331867389,-7.648732379564,95.));
#10300 = DIRECTION('',(0.,0.,1.));
#10301 = DIRECTION('',(1.,0.,0.));
#10302 = ( GEOMETRIC_REPRESENTATION_CONTEXT(3) 
GLOBAL_UNCERTAINTY_ASSIGNED_CONTEXT((#10306)) 
GLOBAL_UNIT_ASSIGNED_CONTEXT((#10303,#10304,#10305)) 
REPRESENTATION_CONTEXT('Context #1',
  '3D Context with UNIT and UNCERTAINTY') );
#10303 = ( LENGTH_UNIT() NAMED_UNIT(*) SI_UNIT(.MILLI.,.METRE.) );
#10304 = ( NAMED_UNIT(*) PLANE_ANGLE_UNIT() SI_UNIT($,.RADIAN.) );
#10305 = ( NAMED_UNIT(*) SI_UNIT($,.STERADIAN.) SOLID_ANGLE_UNIT() );
#10306 = UNCERTAINTY_MEASURE_WITH_UNIT(LENGTH_MEASURE(1.E-06),#10303,
  'distance_accuracy_value','confusion accuracy');
#10307 = PRODUCT_RELATED_PRODUCT_CATEGORY('part',$,(#7));
ENDSEC;
END-ISO-10303-21;
