ISO-10303-21;
HEADER;
FILE_DESCRIPTION(('Open CASCADE Model'),'2;1');
FILE_NAME('Open CASCADE Shape Model','2026-07-23T10:41:10',('Author'),(
    'Open CASCADE'),'Open CASCADE STEP processor 7.9','Open CASCADE 7.9'
  ,'Unknown');
FILE_SCHEMA(('AUTOMOTIVE_DESIGN { 1 0 10303 214 1 1 1 1 }'));
ENDSEC;
DATA;
#1 = APPLICATION_PROTOCOL_DEFINITION('international standard',
  'automotive_design',2000,#2);
#2 = APPLICATION_CONTEXT(
  'core data for automotive mechanical design processes');
#3 = SHAPE_DEFINITION_REPRESENTATION(#4,#10);
#4 = PRODUCT_DEFINITION_SHAPE('','',#5);
#5 = PRODUCT_DEFINITION('design','',#6,#9);
#6 = PRODUCT_DEFINITION_FORMATION('','',#7);
#7 = PRODUCT('Open CASCADE STEP translator 7.9 1',
  'Open CASCADE STEP translator 7.9 1','',(#8));
#8 = PRODUCT_CONTEXT('',#2,'mechanical');
#9 = PRODUCT_DEFINITION_CONTEXT('part definition',#2,'design');
#10 = ADVANCED_BREP_SHAPE_REPRESENTATION('',(#11,#15),#14579);
#11 = AXIS2_PLACEMENT_3D('',#12,#13,#14);
#12 = CARTESIAN_POINT('',(0.,0.,0.));
#13 = DIRECTION('',(0.,0.,1.));
#14 = DIRECTION('',(1.,0.,-0.));
#15 = MANIFOLD_SOLID_BREP('',#16);
#16 = CLOSED_SHELL('',(#17,#520,#575,#699,#747,#841,#889,#985,#1039,
    #1133,#1181,#1275,#1327,#1421,#1469,#1565,#1615,#1704,#1732,#1787,
    #1847,#2093,#2100,#2107,#2114,#2121,#2128,#2135,#2142,#2197,#2201,
    #2256,#2320,#2786,#7281,#7358,#7408,#7485,#7535,#7612,#7662,#7739,
    #7788,#7838,#7887,#7936,#7985,#8034,#8083,#8132,#8181,#8230,#8279,
    #8328,#8377,#8426,#8453,#8502,#8551,#8600,#8649,#8698,#8747,#8796,
    #8845,#8894,#8943,#8992,#9041,#9090,#9139,#9188,#9237,#9264,#9313,
    #9362,#9411,#9460,#9509,#9558,#9607,#9656,#9683,#9732,#9781,#9830,
    #9879,#9928,#9977,#10026,#10075,#10124,#10173,#10222,#10271,#10320,
    #10369,#10418,#10467,#10516,#10565,#10614,#10641,#10717,#10766,
    #10815,#10864,#10913,#10962,#11011,#11060,#11109,#11158,#11185,
    #11259,#11306,#11355,#11404,#11451,#11498,#11547,#11596,#11645,
    #11694,#11741,#11788,#11837,#11886,#11933,#11980,#12029,#12078,
    #12127,#12154,#12230,#12279,#12328,#12377,#12426,#12475,#12524,
    #12573,#12622,#12671,#12720,#12769,#12818,#12867,#12916,#12965,
    #13014,#13063,#13112,#13161,#13210,#13259,#13308,#13357,#13406,
    #13455,#13504,#13553,#13580,#13605,#13619,#13641,#13866,#13966,
    #13989,#14021,#14095,#14156,#14214,#14284,#14345,#14392,#14417,
    #14491,#14538,#14563,#14573));
#17 = ADVANCED_FACE('',(#18,#54),#31,.F.);
#18 = FACE_BOUND('',#19,.T.);
#19 = EDGE_LOOP('',(#20));
#20 = ORIENTED_EDGE('',*,*,#21,.F.);
#21 = EDGE_CURVE('',#22,#22,#24,.T.);
#22 = VERTEX_POINT('',#23);
#23 = CARTESIAN_POINT('',(15.,0.,0.));
#24 = SURFACE_CURVE('',#25,(#30,#42),.PCURVE_S1.);
#25 = CIRCLE('',#26,15.);
#26 = AXIS2_PLACEMENT_3D('',#27,#28,#29);
#27 = CARTESIAN_POINT('',(0.,0.,0.));
#28 = DIRECTION('',(0.,0.,1.));
#29 = DIRECTION('',(1.,0.,-0.));
#30 = PCURVE('',#31,#36);
#31 = PLANE('',#32);
#32 = AXIS2_PLACEMENT_3D('',#33,#34,#35);
#33 = CARTESIAN_POINT('',(0.,0.,0.));
#34 = DIRECTION('',(0.,0.,1.));
#35 = DIRECTION('',(1.,0.,-0.));
#36 = DEFINITIONAL_REPRESENTATION('',(#37),#41);
#37 = CIRCLE('',#38,15.);
#38 = AXIS2_PLACEMENT_2D('',#39,#40);
#39 = CARTESIAN_POINT('',(0.,0.));
#40 = DIRECTION('',(1.,-0.));
#41 = ( GEOMETRIC_REPRESENTATION_CONTEXT(2) 
PARAMETRIC_REPRESENTATION_CONTEXT() REPRESENTATION_CONTEXT('2D SPACE',''
  ) );
#42 = PCURVE('',#43,#48);
#43 = CYLINDRICAL_SURFACE('',#44,15.);
#44 = AXIS2_PLACEMENT_3D('',#45,#46,#47);
#45 = CARTESIAN_POINT('',(0.,0.,0.));
#46 = DIRECTION('',(0.,0.,1.));
#47 = DIRECTION('',(1.,0.,-0.));
#48 = DEFINITIONAL_REPRESENTATION('',(#49),#53);
#49 = LINE('',#50,#51);
#50 = CARTESIAN_POINT('',(0.,0.));
#51 = VECTOR('',#52,1.);
#52 = DIRECTION('',(1.,0.));
#53 = ( GEOMETRIC_REPRESENTATION_CONTEXT(2) 
PARAMETRIC_REPRESENTATION_CONTEXT() REPRESENTATION_CONTEXT('2D SPACE',''
  ) );
#54 = FACE_BOUND('',#55,.T.);
#55 = EDGE_LOOP('',(#56,#86,#115,#143,#176,#204,#233,#261,#290,#318,#347
    ,#375,#404,#432,#461,#489));
#56 = ORIENTED_EDGE('',*,*,#57,.F.);
#57 = EDGE_CURVE('',#58,#60,#62,.T.);
#58 = VERTEX_POINT('',#59);
#59 = CARTESIAN_POINT('',(7.787008411451,3.15,0.));
#60 = VERTEX_POINT('',#61);
#61 = CARTESIAN_POINT('',(8.216903309641,3.15,0.));
#62 = SURFACE_CURVE('',#63,(#67,#74),.PCURVE_S1.);
#63 = LINE('',#64,#65);
#64 = CARTESIAN_POINT('',(-8.8,3.15,0.));
#65 = VECTOR('',#66,1.);
#66 = DIRECTION('',(1.,0.,0.));
#67 = PCURVE('',#31,#68);
#68 = DEFINITIONAL_REPRESENTATION('',(#69),#73);
#69 = LINE('',#70,#71);
#70 = CARTESIAN_POINT('',(-8.8,3.15));
#71 = VECTOR('',#72,1.);
#72 = DIRECTION('',(1.,-0.));
#73 = ( GEOMETRIC_REPRESENTATION_CONTEXT(2) 
PARAMETRIC_REPRESENTATION_CONTEXT() REPRESENTATION_CONTEXT('2D SPACE',''
  ) );
#74 = PCURVE('',#75,#80);
#75 = PLANE('',#76);
#76 = AXIS2_PLACEMENT_3D('',#77,#78,#79);
#77 = CARTESIAN_POINT('',(-8.8,3.15,0.));
#78 = DIRECTION('',(0.,1.,0.));
#79 = DIRECTION('',(0.,0.,1.));
#80 = DEFINITIONAL_REPRESENTATION('',(#81),#85);
#81 = LINE('',#82,#83);
#82 = CARTESIAN_POINT('',(0.,0.));
#83 = VECTOR('',#84,1.);
#84 = DIRECTION('',(0.,1.));
#85 = ( GEOMETRIC_REPRESENTATION_CONTEXT(2) 
PARAMETRIC_REPRESENTATION_CONTEXT() REPRESENTATION_CONTEXT('2D SPACE',''
  ) );
#86 = ORIENTED_EDGE('',*,*,#87,.T.);
#87 = EDGE_CURVE('',#58,#88,#90,.T.);
#88 = VERTEX_POINT('',#89);
#89 = CARTESIAN_POINT('',(4.7,6.96203993094,0.));
#90 = SURFACE_CURVE('',#91,(#96,#103),.PCURVE_S1.);
#91 = CIRCLE('',#92,8.4);
#92 = AXIS2_PLACEMENT_3D('',#93,#94,#95);
#93 = CARTESIAN_POINT('',(0.,0.,0.));
#94 = DIRECTION('',(0.,0.,1.));
#95 = DIRECTION('',(1.,0.,0.));
#96 = PCURVE('',#31,#97);
#97 = DEFINITIONAL_REPRESENTATION('',(#98),#102);
#98 = CIRCLE('',#99,8.4);
#99 = AXIS2_PLACEMENT_2D('',#100,#101);
#100 = CARTESIAN_POINT('',(0.,0.));
#101 = DIRECTION('',(1.,-0.));
#102 = ( GEOMETRIC_REPRESENTATION_CONTEXT(2) 
PARAMETRIC_REPRESENTATION_CONTEXT() REPRESENTATION_CONTEXT('2D SPACE',''
  ) );
#103 = PCURVE('',#104,#109);
#104 = CYLINDRICAL_SURFACE('',#105,8.4);
#105 = AXIS2_PLACEMENT_3D('',#106,#107,#108);
#106 = CARTESIAN_POINT('',(0.,0.,0.));
#107 = DIRECTION('',(-0.,-0.,-1.));
#108 = DIRECTION('',(1.,0.,0.));
#109 = DEFINITIONAL_REPRESENTATION('',(#110),#114);
#110 = LINE('',#111,#112);
#111 = CARTESIAN_POINT('',(-0.,0.));
#112 = VECTOR('',#113,1.);
#113 = DIRECTION('',(-1.,0.));
#114 = ( GEOMETRIC_REPRESENTATION_CONTEXT(2) 
PARAMETRIC_REPRESENTATION_CONTEXT() REPRESENTATION_CONTEXT('2D SPACE',''
  ) );
#115 = ORIENTED_EDGE('',*,*,#116,.T.);
#116 = EDGE_CURVE('',#88,#117,#119,.T.);
#117 = VERTEX_POINT('',#118);
#118 = CARTESIAN_POINT('',(4.7,9.108924195535,0.));
#119 = SURFACE_CURVE('',#120,(#124,#131),.PCURVE_S1.);
#120 = LINE('',#121,#122);
#121 = CARTESIAN_POINT('',(4.7,-10.25,0.));
#122 = VECTOR('',#123,1.);
#123 = DIRECTION('',(1.110223024625E-16,1.,0.));
#124 = PCURVE('',#31,#125);
#125 = DEFINITIONAL_REPRESENTATION('',(#126),#130);
#126 = LINE('',#127,#128);
#127 = CARTESIAN_POINT('',(4.7,-10.25));
#128 = VECTOR('',#129,1.);
#129 = DIRECTION('',(1.110223024625E-16,1.));
#130 = ( GEOMETRIC_REPRESENTATION_CONTEXT(2) 
PARAMETRIC_REPRESENTATION_CONTEXT() REPRESENTATION_CONTEXT('2D SPACE',''
  ) );
#131 = PCURVE('',#132,#137);
#132 = PLANE('',#133);
#133 = AXIS2_PLACEMENT_3D('',#134,#135,#136);
#134 = CARTESIAN_POINT('',(4.7,-10.25,0.));
#135 = DIRECTION('',(-1.,1.110223024625E-16,0.));
#136 = DIRECTION('',(0.,0.,1.));
#137 = DEFINITIONAL_REPRESENTATION('',(#138),#142);
#138 = LINE('',#139,#140);
#139 = CARTESIAN_POINT('',(0.,0.));
#140 = VECTOR('',#141,1.);
#141 = DIRECTION('',(0.,1.));
#142 = ( GEOMETRIC_REPRESENTATION_CONTEXT(2) 
PARAMETRIC_REPRESENTATION_CONTEXT() REPRESENTATION_CONTEXT('2D SPACE',''
  ) );
#143 = ORIENTED_EDGE('',*,*,#144,.F.);
#144 = EDGE_CURVE('',#145,#117,#147,.T.);
#145 = VERTEX_POINT('',#146);
#146 = CARTESIAN_POINT('',(-4.7,9.108924195535,0.));
#147 = SURFACE_CURVE('',#148,(#153,#164),.PCURVE_S1.);
#148 = CIRCLE('',#149,10.25);
#149 = AXIS2_PLACEMENT_3D('',#150,#151,#152);
#150 = CARTESIAN_POINT('',(0.,0.,0.));
#151 = DIRECTION('',(0.,0.,-1.));
#152 = DIRECTION('',(-0.458536585366,0.888675531272,0.));
#153 = PCURVE('',#31,#154);
#154 = DEFINITIONAL_REPRESENTATION('',(#155),#163);
#155 = ( BOUNDED_CURVE() B_SPLINE_CURVE(2,(#156,#157,#158,#159,#160,#161
,#162),.UNSPECIFIED.,.T.,.F.) B_SPLINE_CURVE_WITH_KNOTS((1,2,2,2,2,1),(
    -2.094395102393,0.,2.094395102393,4.188790204786,6.28318530718,
8.377580409573),.UNSPECIFIED.) CURVE() GEOMETRIC_REPRESENTATION_ITEM() 
RATIONAL_B_SPLINE_CURVE((1.,0.5,1.,0.5,1.,0.5,1.)) REPRESENTATION_ITEM(
  '') );
#156 = CARTESIAN_POINT('',(-4.7,9.108924195535));
#157 = CARTESIAN_POINT('',(11.07711950896,17.249562991108));
#158 = CARTESIAN_POINT('',(10.23855975448,-0.484142699981));
#159 = CARTESIAN_POINT('',(9.399999999999,-18.21784839107));
#160 = CARTESIAN_POINT('',(-5.53855975448,-8.624781495554));
#161 = CARTESIAN_POINT('',(-20.47711950896,0.968285399962));
#162 = CARTESIAN_POINT('',(-4.7,9.108924195535));
#163 = ( GEOMETRIC_REPRESENTATION_CONTEXT(2) 
PARAMETRIC_REPRESENTATION_CONTEXT() REPRESENTATION_CONTEXT('2D SPACE',''
  ) );
#164 = PCURVE('',#165,#170);
#165 = CYLINDRICAL_SURFACE('',#166,10.25);
#166 = AXIS2_PLACEMENT_3D('',#167,#168,#169);
#167 = CARTESIAN_POINT('',(0.,0.,0.));
#168 = DIRECTION('',(0.,-0.,-1.));
#169 = DIRECTION('',(1.110223024625E-16,1.,0.));
#170 = DEFINITIONAL_REPRESENTATION('',(#171),#175);
#171 = LINE('',#172,#173);
#172 = CARTESIAN_POINT('',(-6.759533068034,0.));
#173 = VECTOR('',#174,1.);
#174 = DIRECTION('',(1.,-0.));
#175 = ( GEOMETRIC_REPRESENTATION_CONTEXT(2) 
PARAMETRIC_REPRESENTATION_CONTEXT() REPRESENTATION_CONTEXT('2D SPACE',''
  ) );
#176 = ORIENTED_EDGE('',*,*,#177,.F.);
#177 = EDGE_CURVE('',#178,#145,#180,.T.);
#178 = VERTEX_POINT('',#179);
#179 = CARTESIAN_POINT('',(-4.7,6.96203993094,0.));
#180 = SURFACE_CURVE('',#181,(#185,#192),.PCURVE_S1.);
#181 = LINE('',#182,#183);
#182 = CARTESIAN_POINT('',(-4.7,-10.25,0.));
#183 = VECTOR('',#184,1.);
#184 = DIRECTION('',(1.110223024625E-16,1.,0.));
#185 = PCURVE('',#31,#186);
#186 = DEFINITIONAL_REPRESENTATION('',(#187),#191);
#187 = LINE('',#188,#189);
#188 = CARTESIAN_POINT('',(-4.7,-10.25));
#189 = VECTOR('',#190,1.);
#190 = DIRECTION('',(1.110223024625E-16,1.));
#191 = ( GEOMETRIC_REPRESENTATION_CONTEXT(2) 
PARAMETRIC_REPRESENTATION_CONTEXT() REPRESENTATION_CONTEXT('2D SPACE',''
  ) );
#192 = PCURVE('',#193,#198);
#193 = PLANE('',#194);
#194 = AXIS2_PLACEMENT_3D('',#195,#196,#197);
#195 = CARTESIAN_POINT('',(-4.7,-10.25,0.));
#196 = DIRECTION('',(-1.,1.110223024625E-16,0.));
#197 = DIRECTION('',(0.,0.,1.));
#198 = DEFINITIONAL_REPRESENTATION('',(#199),#203);
#199 = LINE('',#200,#201);
#200 = CARTESIAN_POINT('',(0.,0.));
#201 = VECTOR('',#202,1.);
#202 = DIRECTION('',(0.,1.));
#203 = ( GEOMETRIC_REPRESENTATION_CONTEXT(2) 
PARAMETRIC_REPRESENTATION_CONTEXT() REPRESENTATION_CONTEXT('2D SPACE',''
  ) );
#204 = ORIENTED_EDGE('',*,*,#205,.T.);
#205 = EDGE_CURVE('',#178,#206,#208,.T.);
#206 = VERTEX_POINT('',#207);
#207 = CARTESIAN_POINT('',(-7.78700841145,3.15,0.));
#208 = SURFACE_CURVE('',#209,(#214,#221),.PCURVE_S1.);
#209 = CIRCLE('',#210,8.4);
#210 = AXIS2_PLACEMENT_3D('',#211,#212,#213);
#211 = CARTESIAN_POINT('',(0.,0.,0.));
#212 = DIRECTION('',(0.,0.,1.));
#213 = DIRECTION('',(1.,0.,0.));
#214 = PCURVE('',#31,#215);
#215 = DEFINITIONAL_REPRESENTATION('',(#216),#220);
#216 = CIRCLE('',#217,8.4);
#217 = AXIS2_PLACEMENT_2D('',#218,#219);
#218 = CARTESIAN_POINT('',(0.,0.));
#219 = DIRECTION('',(1.,-0.));
#220 = ( GEOMETRIC_REPRESENTATION_CONTEXT(2) 
PARAMETRIC_REPRESENTATION_CONTEXT() REPRESENTATION_CONTEXT('2D SPACE',''
  ) );
#221 = PCURVE('',#222,#227);
#222 = CYLINDRICAL_SURFACE('',#223,8.4);
#223 = AXIS2_PLACEMENT_3D('',#224,#225,#226);
#224 = CARTESIAN_POINT('',(0.,0.,0.));
#225 = DIRECTION('',(-0.,-0.,-1.));
#226 = DIRECTION('',(1.,0.,0.));
#227 = DEFINITIONAL_REPRESENTATION('',(#228),#232);
#228 = LINE('',#229,#230);
#229 = CARTESIAN_POINT('',(-0.,0.));
#230 = VECTOR('',#231,1.);
#231 = DIRECTION('',(-1.,0.));
#232 = ( GEOMETRIC_REPRESENTATION_CONTEXT(2) 
PARAMETRIC_REPRESENTATION_CONTEXT() REPRESENTATION_CONTEXT('2D SPACE',''
  ) );
#233 = ORIENTED_EDGE('',*,*,#234,.F.);
#234 = EDGE_CURVE('',#235,#206,#237,.T.);
#235 = VERTEX_POINT('',#236);
#236 = CARTESIAN_POINT('',(-8.216903309641,3.15,0.));
#237 = SURFACE_CURVE('',#238,(#242,#249),.PCURVE_S1.);
#238 = LINE('',#239,#240);
#239 = CARTESIAN_POINT('',(-8.8,3.15,0.));
#240 = VECTOR('',#241,1.);
#241 = DIRECTION('',(1.,0.,0.));
#242 = PCURVE('',#31,#243);
#243 = DEFINITIONAL_REPRESENTATION('',(#244),#248);
#244 = LINE('',#245,#246);
#245 = CARTESIAN_POINT('',(-8.8,3.15));
#246 = VECTOR('',#247,1.);
#247 = DIRECTION('',(1.,-0.));
#248 = ( GEOMETRIC_REPRESENTATION_CONTEXT(2) 
PARAMETRIC_REPRESENTATION_CONTEXT() REPRESENTATION_CONTEXT('2D SPACE',''
  ) );
#249 = PCURVE('',#250,#255);
#250 = PLANE('',#251);
#251 = AXIS2_PLACEMENT_3D('',#252,#253,#254);
#252 = CARTESIAN_POINT('',(-8.8,3.15,0.));
#253 = DIRECTION('',(0.,1.,0.));
#254 = DIRECTION('',(0.,0.,1.));
#255 = DEFINITIONAL_REPRESENTATION('',(#256),#260);
#256 = LINE('',#257,#258);
#257 = CARTESIAN_POINT('',(0.,0.));
#258 = VECTOR('',#259,1.);
#259 = DIRECTION('',(0.,1.));
#260 = ( GEOMETRIC_REPRESENTATION_CONTEXT(2) 
PARAMETRIC_REPRESENTATION_CONTEXT() REPRESENTATION_CONTEXT('2D SPACE',''
  ) );
#261 = ORIENTED_EDGE('',*,*,#262,.T.);
#262 = EDGE_CURVE('',#235,#263,#265,.T.);
#263 = VERTEX_POINT('',#264);
#264 = CARTESIAN_POINT('',(-8.216903309641,-3.15,0.));
#265 = SURFACE_CURVE('',#266,(#271,#278),.PCURVE_S1.);
#266 = CIRCLE('',#267,8.8);
#267 = AXIS2_PLACEMENT_3D('',#268,#269,#270);
#268 = CARTESIAN_POINT('',(0.,0.,0.));
#269 = DIRECTION('',(0.,0.,1.));
#270 = DIRECTION('',(-0.933739012459,0.357954545455,0.));
#271 = PCURVE('',#31,#272);
#272 = DEFINITIONAL_REPRESENTATION('',(#273),#277);
#273 = CIRCLE('',#274,8.8);
#274 = AXIS2_PLACEMENT_2D('',#275,#276);
#275 = CARTESIAN_POINT('',(0.,0.));
#276 = DIRECTION('',(-0.933739012459,0.357954545455));
#277 = ( GEOMETRIC_REPRESENTATION_CONTEXT(2) 
PARAMETRIC_REPRESENTATION_CONTEXT() REPRESENTATION_CONTEXT('2D SPACE',''
  ) );
#278 = PCURVE('',#279,#284);
#279 = CYLINDRICAL_SURFACE('',#280,8.8);
#280 = AXIS2_PLACEMENT_3D('',#281,#282,#283);
#281 = CARTESIAN_POINT('',(0.,0.,0.));
#282 = DIRECTION('',(-0.,-0.,-1.));
#283 = DIRECTION('',(1.,0.,0.));
#284 = DEFINITIONAL_REPRESENTATION('',(#285),#289);
#285 = LINE('',#286,#287);
#286 = CARTESIAN_POINT('',(-2.775516288779,0.));
#287 = VECTOR('',#288,1.);
#288 = DIRECTION('',(-1.,0.));
#289 = ( GEOMETRIC_REPRESENTATION_CONTEXT(2) 
PARAMETRIC_REPRESENTATION_CONTEXT() REPRESENTATION_CONTEXT('2D SPACE',''
  ) );
#290 = ORIENTED_EDGE('',*,*,#291,.T.);
#291 = EDGE_CURVE('',#263,#292,#294,.T.);
#292 = VERTEX_POINT('',#293);
#293 = CARTESIAN_POINT('',(-7.78700841145,-3.15,0.));
#294 = SURFACE_CURVE('',#295,(#299,#306),.PCURVE_S1.);
#295 = LINE('',#296,#297);
#296 = CARTESIAN_POINT('',(-8.8,-3.15,0.));
#297 = VECTOR('',#298,1.);
#298 = DIRECTION('',(1.,0.,0.));
#299 = PCURVE('',#31,#300);
#300 = DEFINITIONAL_REPRESENTATION('',(#301),#305);
#301 = LINE('',#302,#303);
#302 = CARTESIAN_POINT('',(-8.8,-3.15));
#303 = VECTOR('',#304,1.);
#304 = DIRECTION('',(1.,-0.));
#305 = ( GEOMETRIC_REPRESENTATION_CONTEXT(2) 
PARAMETRIC_REPRESENTATION_CONTEXT() REPRESENTATION_CONTEXT('2D SPACE',''
  ) );
#306 = PCURVE('',#307,#312);
#307 = PLANE('',#308);
#308 = AXIS2_PLACEMENT_3D('',#309,#310,#311);
#309 = CARTESIAN_POINT('',(-8.8,-3.15,0.));
#310 = DIRECTION('',(0.,1.,0.));
#311 = DIRECTION('',(0.,0.,1.));
#312 = DEFINITIONAL_REPRESENTATION('',(#313),#317);
#313 = LINE('',#314,#315);
#314 = CARTESIAN_POINT('',(0.,0.));
#315 = VECTOR('',#316,1.);
#316 = DIRECTION('',(0.,1.));
#317 = ( GEOMETRIC_REPRESENTATION_CONTEXT(2) 
PARAMETRIC_REPRESENTATION_CONTEXT() REPRESENTATION_CONTEXT('2D SPACE',''
  ) );
#318 = ORIENTED_EDGE('',*,*,#319,.T.);
#319 = EDGE_CURVE('',#292,#320,#322,.T.);
#320 = VERTEX_POINT('',#321);
#321 = CARTESIAN_POINT('',(-4.7,-6.96203993094,0.));
#322 = SURFACE_CURVE('',#323,(#328,#335),.PCURVE_S1.);
#323 = CIRCLE('',#324,8.4);
#324 = AXIS2_PLACEMENT_3D('',#325,#326,#327);
#325 = CARTESIAN_POINT('',(0.,0.,0.));
#326 = DIRECTION('',(0.,0.,1.));
#327 = DIRECTION('',(1.,0.,0.));
#328 = PCURVE('',#31,#329);
#329 = DEFINITIONAL_REPRESENTATION('',(#330),#334);
#330 = CIRCLE('',#331,8.4);
#331 = AXIS2_PLACEMENT_2D('',#332,#333);
#332 = CARTESIAN_POINT('',(0.,0.));
#333 = DIRECTION('',(1.,-0.));
#334 = ( GEOMETRIC_REPRESENTATION_CONTEXT(2) 
PARAMETRIC_REPRESENTATION_CONTEXT() REPRESENTATION_CONTEXT('2D SPACE',''
  ) );
#335 = PCURVE('',#336,#341);
#336 = CYLINDRICAL_SURFACE('',#337,8.4);
#337 = AXIS2_PLACEMENT_3D('',#338,#339,#340);
#338 = CARTESIAN_POINT('',(0.,0.,0.));
#339 = DIRECTION('',(-0.,-0.,-1.));
#340 = DIRECTION('',(1.,0.,0.));
#341 = DEFINITIONAL_REPRESENTATION('',(#342),#346);
#342 = LINE('',#343,#344);
#343 = CARTESIAN_POINT('',(-0.,0.));
#344 = VECTOR('',#345,1.);
#345 = DIRECTION('',(-1.,0.));
#346 = ( GEOMETRIC_REPRESENTATION_CONTEXT(2) 
PARAMETRIC_REPRESENTATION_CONTEXT() REPRESENTATION_CONTEXT('2D SPACE',''
  ) );
#347 = ORIENTED_EDGE('',*,*,#348,.F.);
#348 = EDGE_CURVE('',#349,#320,#351,.T.);
#349 = VERTEX_POINT('',#350);
#350 = CARTESIAN_POINT('',(-4.7,-9.108924195535,0.));
#351 = SURFACE_CURVE('',#352,(#356,#363),.PCURVE_S1.);
#352 = LINE('',#353,#354);
#353 = CARTESIAN_POINT('',(-4.7,-10.25,0.));
#354 = VECTOR('',#355,1.);
#355 = DIRECTION('',(1.110223024625E-16,1.,0.));
#356 = PCURVE('',#31,#357);
#357 = DEFINITIONAL_REPRESENTATION('',(#358),#362);
#358 = LINE('',#359,#360);
#359 = CARTESIAN_POINT('',(-4.7,-10.25));
#360 = VECTOR('',#361,1.);
#361 = DIRECTION('',(1.110223024625E-16,1.));
#362 = ( GEOMETRIC_REPRESENTATION_CONTEXT(2) 
PARAMETRIC_REPRESENTATION_CONTEXT() REPRESENTATION_CONTEXT('2D SPACE',''
  ) );
#363 = PCURVE('',#364,#369);
#364 = PLANE('',#365);
#365 = AXIS2_PLACEMENT_3D('',#366,#367,#368);
#366 = CARTESIAN_POINT('',(-4.7,-10.25,0.));
#367 = DIRECTION('',(-1.,1.110223024625E-16,0.));
#368 = DIRECTION('',(0.,0.,1.));
#369 = DEFINITIONAL_REPRESENTATION('',(#370),#374);
#370 = LINE('',#371,#372);
#371 = CARTESIAN_POINT('',(0.,0.));
#372 = VECTOR('',#373,1.);
#373 = DIRECTION('',(0.,1.));
#374 = ( GEOMETRIC_REPRESENTATION_CONTEXT(2) 
PARAMETRIC_REPRESENTATION_CONTEXT() REPRESENTATION_CONTEXT('2D SPACE',''
  ) );
#375 = ORIENTED_EDGE('',*,*,#376,.T.);
#376 = EDGE_CURVE('',#349,#377,#379,.T.);
#377 = VERTEX_POINT('',#378);
#378 = CARTESIAN_POINT('',(4.7,-9.108924195535,0.));
#379 = SURFACE_CURVE('',#380,(#385,#392),.PCURVE_S1.);
#380 = CIRCLE('',#381,10.25);
#381 = AXIS2_PLACEMENT_3D('',#382,#383,#384);
#382 = CARTESIAN_POINT('',(0.,0.,0.));
#383 = DIRECTION('',(0.,0.,1.));
#384 = DIRECTION('',(-0.458536585366,-0.888675531272,0.));
#385 = PCURVE('',#31,#386);
#386 = DEFINITIONAL_REPRESENTATION('',(#387),#391);
#387 = CIRCLE('',#388,10.25);
#388 = AXIS2_PLACEMENT_2D('',#389,#390);
#389 = CARTESIAN_POINT('',(0.,0.));
#390 = DIRECTION('',(-0.458536585366,-0.888675531272));
#391 = ( GEOMETRIC_REPRESENTATION_CONTEXT(2) 
PARAMETRIC_REPRESENTATION_CONTEXT() REPRESENTATION_CONTEXT('2D SPACE',''
  ) );
#392 = PCURVE('',#393,#398);
#393 = CYLINDRICAL_SURFACE('',#394,10.25);
#394 = AXIS2_PLACEMENT_3D('',#395,#396,#397);
#395 = CARTESIAN_POINT('',(0.,0.,0.));
#396 = DIRECTION('',(0.,-0.,-1.));
#397 = DIRECTION('',(1.110223024625E-16,1.,0.));
#398 = DEFINITIONAL_REPRESENTATION('',(#399),#403);
#399 = LINE('',#400,#401);
#400 = CARTESIAN_POINT('',(-2.665244892736,0.));
#401 = VECTOR('',#402,1.);
#402 = DIRECTION('',(-1.,0.));
#403 = ( GEOMETRIC_REPRESENTATION_CONTEXT(2) 
PARAMETRIC_REPRESENTATION_CONTEXT() REPRESENTATION_CONTEXT('2D SPACE',''
  ) );
#404 = ORIENTED_EDGE('',*,*,#405,.T.);
#405 = EDGE_CURVE('',#377,#406,#408,.T.);
#406 = VERTEX_POINT('',#407);
#407 = CARTESIAN_POINT('',(4.7,-6.96203993094,0.));
#408 = SURFACE_CURVE('',#409,(#413,#420),.PCURVE_S1.);
#409 = LINE('',#410,#411);
#410 = CARTESIAN_POINT('',(4.7,-10.25,0.));
#411 = VECTOR('',#412,1.);
#412 = DIRECTION('',(1.110223024625E-16,1.,0.));
#413 = PCURVE('',#31,#414);
#414 = DEFINITIONAL_REPRESENTATION('',(#415),#419);
#415 = LINE('',#416,#417);
#416 = CARTESIAN_POINT('',(4.7,-10.25));
#417 = VECTOR('',#418,1.);
#418 = DIRECTION('',(1.110223024625E-16,1.));
#419 = ( GEOMETRIC_REPRESENTATION_CONTEXT(2) 
PARAMETRIC_REPRESENTATION_CONTEXT() REPRESENTATION_CONTEXT('2D SPACE',''
  ) );
#420 = PCURVE('',#421,#426);
#421 = PLANE('',#422);
#422 = AXIS2_PLACEMENT_3D('',#423,#424,#425);
#423 = CARTESIAN_POINT('',(4.7,-10.25,0.));
#424 = DIRECTION('',(-1.,1.110223024625E-16,0.));
#425 = DIRECTION('',(0.,0.,1.));
#426 = DEFINITIONAL_REPRESENTATION('',(#427),#431);
#427 = LINE('',#428,#429);
#428 = CARTESIAN_POINT('',(0.,0.));
#429 = VECTOR('',#430,1.);
#430 = DIRECTION('',(0.,1.));
#431 = ( GEOMETRIC_REPRESENTATION_CONTEXT(2) 
PARAMETRIC_REPRESENTATION_CONTEXT() REPRESENTATION_CONTEXT('2D SPACE',''
  ) );
#432 = ORIENTED_EDGE('',*,*,#433,.T.);
#433 = EDGE_CURVE('',#406,#434,#436,.T.);
#434 = VERTEX_POINT('',#435);
#435 = CARTESIAN_POINT('',(7.787008411451,-3.15,0.));
#436 = SURFACE_CURVE('',#437,(#442,#449),.PCURVE_S1.);
#437 = CIRCLE('',#438,8.4);
#438 = AXIS2_PLACEMENT_3D('',#439,#440,#441);
#439 = CARTESIAN_POINT('',(0.,0.,0.));
#440 = DIRECTION('',(0.,0.,1.));
#441 = DIRECTION('',(1.,0.,0.));
#442 = PCURVE('',#31,#443);
#443 = DEFINITIONAL_REPRESENTATION('',(#444),#448);
#444 = CIRCLE('',#445,8.4);
#445 = AXIS2_PLACEMENT_2D('',#446,#447);
#446 = CARTESIAN_POINT('',(0.,0.));
#447 = DIRECTION('',(1.,-0.));
#448 = ( GEOMETRIC_REPRESENTATION_CONTEXT(2) 
PARAMETRIC_REPRESENTATION_CONTEXT() REPRESENTATION_CONTEXT('2D SPACE',''
  ) );
#449 = PCURVE('',#450,#455);
#450 = CYLINDRICAL_SURFACE('',#451,8.4);
#451 = AXIS2_PLACEMENT_3D('',#452,#453,#454);
#452 = CARTESIAN_POINT('',(0.,0.,0.));
#453 = DIRECTION('',(-0.,-0.,-1.));
#454 = DIRECTION('',(1.,0.,0.));
#455 = DEFINITIONAL_REPRESENTATION('',(#456),#460);
#456 = LINE('',#457,#458);
#457 = CARTESIAN_POINT('',(-0.,0.));
#458 = VECTOR('',#459,1.);
#459 = DIRECTION('',(-1.,0.));
#460 = ( GEOMETRIC_REPRESENTATION_CONTEXT(2) 
PARAMETRIC_REPRESENTATION_CONTEXT() REPRESENTATION_CONTEXT('2D SPACE',''
  ) );
#461 = ORIENTED_EDGE('',*,*,#462,.T.);
#462 = EDGE_CURVE('',#434,#463,#465,.T.);
#463 = VERTEX_POINT('',#464);
#464 = CARTESIAN_POINT('',(8.216903309641,-3.15,0.));
#465 = SURFACE_CURVE('',#466,(#470,#477),.PCURVE_S1.);
#466 = LINE('',#467,#468);
#467 = CARTESIAN_POINT('',(-8.8,-3.15,0.));
#468 = VECTOR('',#469,1.);
#469 = DIRECTION('',(1.,0.,0.));
#470 = PCURVE('',#31,#471);
#471 = DEFINITIONAL_REPRESENTATION('',(#472),#476);
#472 = LINE('',#473,#474);
#473 = CARTESIAN_POINT('',(-8.8,-3.15));
#474 = VECTOR('',#475,1.);
#475 = DIRECTION('',(1.,-0.));
#476 = ( GEOMETRIC_REPRESENTATION_CONTEXT(2) 
PARAMETRIC_REPRESENTATION_CONTEXT() REPRESENTATION_CONTEXT('2D SPACE',''
  ) );
#477 = PCURVE('',#478,#483);
#478 = PLANE('',#479);
#479 = AXIS2_PLACEMENT_3D('',#480,#481,#482);
#480 = CARTESIAN_POINT('',(-8.8,-3.15,0.));
#481 = DIRECTION('',(0.,1.,0.));
#482 = DIRECTION('',(0.,0.,1.));
#483 = DEFINITIONAL_REPRESENTATION('',(#484),#488);
#484 = LINE('',#485,#486);
#485 = CARTESIAN_POINT('',(0.,0.));
#486 = VECTOR('',#487,1.);
#487 = DIRECTION('',(0.,1.));
#488 = ( GEOMETRIC_REPRESENTATION_CONTEXT(2) 
PARAMETRIC_REPRESENTATION_CONTEXT() REPRESENTATION_CONTEXT('2D SPACE',''
  ) );
#489 = ORIENTED_EDGE('',*,*,#490,.F.);
#490 = EDGE_CURVE('',#60,#463,#491,.T.);
#491 = SURFACE_CURVE('',#492,(#497,#508),.PCURVE_S1.);
#492 = CIRCLE('',#493,8.8);
#493 = AXIS2_PLACEMENT_3D('',#494,#495,#496);
#494 = CARTESIAN_POINT('',(0.,0.,0.));
#495 = DIRECTION('',(0.,0.,-1.));
#496 = DIRECTION('',(0.933739012459,0.357954545455,0.));
#497 = PCURVE('',#31,#498);
#498 = DEFINITIONAL_REPRESENTATION('',(#499),#507);
#499 = ( BOUNDED_CURVE() B_SPLINE_CURVE(2,(#500,#501,#502,#503,#504,#505
,#506),.UNSPECIFIED.,.T.,.F.) B_SPLINE_CURVE_WITH_KNOTS((1,2,2,2,2,1),(
    -2.094395102393,0.,2.094395102393,4.188790204786,6.28318530718,
8.377580409573),.UNSPECIFIED.) CURVE() GEOMETRIC_REPRESENTATION_ITEM() 
RATIONAL_B_SPLINE_CURVE((1.,0.5,1.,0.5,1.,0.5,1.)) REPRESENTATION_ITEM(
  '') );
#500 = CARTESIAN_POINT('',(8.216903309642,3.15));
#501 = CARTESIAN_POINT('',(13.672863353484,-11.08209401318));
#502 = CARTESIAN_POINT('',(-1.3804716329,-8.69104700659));
#503 = CARTESIAN_POINT('',(-16.43380661928,-6.300000000001));
#504 = CARTESIAN_POINT('',(-6.836431676742,5.54104700659));
#505 = CARTESIAN_POINT('',(2.760943265799,17.38209401318));
#506 = CARTESIAN_POINT('',(8.216903309642,3.15));
#507 = ( GEOMETRIC_REPRESENTATION_CONTEXT(2) 
PARAMETRIC_REPRESENTATION_CONTEXT() REPRESENTATION_CONTEXT('2D SPACE',''
  ) );
#508 = PCURVE('',#509,#514);
#509 = CYLINDRICAL_SURFACE('',#510,8.8);
#510 = AXIS2_PLACEMENT_3D('',#511,#512,#513);
#511 = CARTESIAN_POINT('',(0.,0.,0.));
#512 = DIRECTION('',(-0.,-0.,-1.));
#513 = DIRECTION('',(1.,0.,0.));
#514 = DEFINITIONAL_REPRESENTATION('',(#515),#519);
#515 = LINE('',#516,#517);
#516 = CARTESIAN_POINT('',(-6.649261671991,0.));
#517 = VECTOR('',#518,1.);
#518 = DIRECTION('',(1.,-0.));
#519 = ( GEOMETRIC_REPRESENTATION_CONTEXT(2) 
PARAMETRIC_REPRESENTATION_CONTEXT() REPRESENTATION_CONTEXT('2D SPACE',''
  ) );
#520 = ADVANCED_FACE('',(#521),#43,.T.);
#521 = FACE_BOUND('',#522,.T.);
#522 = EDGE_LOOP('',(#523,#524,#547,#574));
#523 = ORIENTED_EDGE('',*,*,#21,.T.);
#524 = ORIENTED_EDGE('',*,*,#525,.T.);
#525 = EDGE_CURVE('',#22,#526,#528,.T.);
#526 = VERTEX_POINT('',#527);
#527 = CARTESIAN_POINT('',(15.,0.,2.));
#528 = SEAM_CURVE('',#529,(#533,#540),.PCURVE_S1.);
#529 = LINE('',#530,#531);
#530 = CARTESIAN_POINT('',(15.,0.,0.));
#531 = VECTOR('',#532,1.);
#532 = DIRECTION('',(0.,0.,1.));
#533 = PCURVE('',#43,#534);
#534 = DEFINITIONAL_REPRESENTATION('',(#535),#539);
#535 = LINE('',#536,#537);
#536 = CARTESIAN_POINT('',(0.,0.));
#537 = VECTOR('',#538,1.);
#538 = DIRECTION('',(0.,1.));
#539 = ( GEOMETRIC_REPRESENTATION_CONTEXT(2) 
PARAMETRIC_REPRESENTATION_CONTEXT() REPRESENTATION_CONTEXT('2D SPACE',''
  ) );
#540 = PCURVE('',#43,#541);
#541 = DEFINITIONAL_REPRESENTATION('',(#542),#546);
#542 = LINE('',#543,#544);
#543 = CARTESIAN_POINT('',(6.28318530718,0.));
#544 = VECTOR('',#545,1.);
#545 = DIRECTION('',(0.,1.));
#546 = ( GEOMETRIC_REPRESENTATION_CONTEXT(2) 
PARAMETRIC_REPRESENTATION_CONTEXT() REPRESENTATION_CONTEXT('2D SPACE',''
  ) );
#547 = ORIENTED_EDGE('',*,*,#548,.F.);
#548 = EDGE_CURVE('',#526,#526,#549,.T.);
#549 = SURFACE_CURVE('',#550,(#555,#562),.PCURVE_S1.);
#550 = CIRCLE('',#551,15.);
#551 = AXIS2_PLACEMENT_3D('',#552,#553,#554);
#552 = CARTESIAN_POINT('',(0.,0.,2.));
#553 = DIRECTION('',(0.,0.,1.));
#554 = DIRECTION('',(1.,0.,-0.));
#555 = PCURVE('',#43,#556);
#556 = DEFINITIONAL_REPRESENTATION('',(#557),#561);
#557 = LINE('',#558,#559);
#558 = CARTESIAN_POINT('',(0.,2.));
#559 = VECTOR('',#560,1.);
#560 = DIRECTION('',(1.,0.));
#561 = ( GEOMETRIC_REPRESENTATION_CONTEXT(2) 
PARAMETRIC_REPRESENTATION_CONTEXT() REPRESENTATION_CONTEXT('2D SPACE',''
  ) );
#562 = PCURVE('',#563,#568);
#563 = CONICAL_SURFACE('',#564,15.,0.927295218002);
#564 = AXIS2_PLACEMENT_3D('',#565,#566,#567);
#565 = CARTESIAN_POINT('',(0.,0.,2.));
#566 = DIRECTION('',(-0.,-0.,-1.));
#567 = DIRECTION('',(1.,0.,-0.));
#568 = DEFINITIONAL_REPRESENTATION('',(#569),#573);
#569 = LINE('',#570,#571);
#570 = CARTESIAN_POINT('',(-0.,-0.));
#571 = VECTOR('',#572,1.);
#572 = DIRECTION('',(-1.,-0.));
#573 = ( GEOMETRIC_REPRESENTATION_CONTEXT(2) 
PARAMETRIC_REPRESENTATION_CONTEXT() REPRESENTATION_CONTEXT('2D SPACE',''
  ) );
#574 = ORIENTED_EDGE('',*,*,#525,.F.);
#575 = ADVANCED_FACE('',(#576),#75,.F.);
#576 = FACE_BOUND('',#577,.F.);
#577 = EDGE_LOOP('',(#578,#579,#600,#626,#652,#680));
#578 = ORIENTED_EDGE('',*,*,#57,.F.);
#579 = ORIENTED_EDGE('',*,*,#580,.F.);
#580 = EDGE_CURVE('',#581,#58,#583,.T.);
#581 = VERTEX_POINT('',#582);
#582 = CARTESIAN_POINT('',(7.78700841145,3.15,2.));
#583 = SURFACE_CURVE('',#584,(#588,#594),.PCURVE_S1.);
#584 = LINE('',#585,#586);
#585 = CARTESIAN_POINT('',(7.78700841145,3.15,0.));
#586 = VECTOR('',#587,1.);
#587 = DIRECTION('',(-0.,-0.,-1.));
#588 = PCURVE('',#75,#589);
#589 = DEFINITIONAL_REPRESENTATION('',(#590),#593);
#590 = B_SPLINE_CURVE_WITH_KNOTS('',1,(#591,#592),.UNSPECIFIED.,.F.,.F.,
  (2,2),(-2.0000006,6.E-07),.PIECEWISE_BEZIER_KNOTS.);
#591 = CARTESIAN_POINT('',(2.0000006,16.58700841145));
#592 = CARTESIAN_POINT('',(-6.E-07,16.58700841145));
#593 = ( GEOMETRIC_REPRESENTATION_CONTEXT(2) 
PARAMETRIC_REPRESENTATION_CONTEXT() REPRESENTATION_CONTEXT('2D SPACE',''
  ) );
#594 = PCURVE('',#104,#595);
#595 = DEFINITIONAL_REPRESENTATION('',(#596),#599);
#596 = B_SPLINE_CURVE_WITH_KNOTS('',1,(#597,#598),.UNSPECIFIED.,.F.,.F.,
  (2,2),(-2.0000006,6.E-07),.PIECEWISE_BEZIER_KNOTS.);
#597 = CARTESIAN_POINT('',(-0.384396774496,-2.0000006));
#598 = CARTESIAN_POINT('',(-0.384396774496,6.E-07));
#599 = ( GEOMETRIC_REPRESENTATION_CONTEXT(2) 
PARAMETRIC_REPRESENTATION_CONTEXT() REPRESENTATION_CONTEXT('2D SPACE',''
  ) );
#600 = ORIENTED_EDGE('',*,*,#601,.F.);
#601 = EDGE_CURVE('',#602,#581,#604,.T.);
#602 = VERTEX_POINT('',#603);
#603 = CARTESIAN_POINT('',(5.799784478754,3.15,2.));
#604 = SURFACE_CURVE('',#605,(#609,#615),.PCURVE_S1.);
#605 = LINE('',#606,#607);
#606 = CARTESIAN_POINT('',(-4.4,3.15,2.));
#607 = VECTOR('',#608,1.);
#608 = DIRECTION('',(1.,0.,0.));
#609 = PCURVE('',#75,#610);
#610 = DEFINITIONAL_REPRESENTATION('',(#611),#614);
#611 = B_SPLINE_CURVE_WITH_KNOTS('',1,(#612,#613),.UNSPECIFIED.,.F.,.F.,
  (2,2),(10.199784478754,12.616903309642),.PIECEWISE_BEZIER_KNOTS.);
#612 = CARTESIAN_POINT('',(2.,14.599784478754));
#613 = CARTESIAN_POINT('',(2.,17.016903309642));
#614 = ( GEOMETRIC_REPRESENTATION_CONTEXT(2) 
PARAMETRIC_REPRESENTATION_CONTEXT() REPRESENTATION_CONTEXT('2D SPACE',''
  ) );
#615 = PCURVE('',#616,#621);
#616 = PLANE('',#617);
#617 = AXIS2_PLACEMENT_3D('',#618,#619,#620);
#618 = CARTESIAN_POINT('',(-6.511619678759E-16,3.082608641147E-16,2.));
#619 = DIRECTION('',(0.,0.,1.));
#620 = DIRECTION('',(1.,0.,-0.));
#621 = DEFINITIONAL_REPRESENTATION('',(#622),#625);
#622 = B_SPLINE_CURVE_WITH_KNOTS('',1,(#623,#624),.UNSPECIFIED.,.F.,.F.,
  (2,2),(10.199784478754,12.616903309642),.PIECEWISE_BEZIER_KNOTS.);
#623 = CARTESIAN_POINT('',(5.799784478754,3.15));
#624 = CARTESIAN_POINT('',(8.216903309642,3.15));
#625 = ( GEOMETRIC_REPRESENTATION_CONTEXT(2) 
PARAMETRIC_REPRESENTATION_CONTEXT() REPRESENTATION_CONTEXT('2D SPACE',''
  ) );
#626 = ORIENTED_EDGE('',*,*,#627,.F.);
#627 = EDGE_CURVE('',#628,#602,#630,.T.);
#628 = VERTEX_POINT('',#629);
#629 = CARTESIAN_POINT('',(5.799784478754,3.15,41.8));
#630 = SURFACE_CURVE('',#631,(#635,#641),.PCURVE_S1.);
#631 = LINE('',#632,#633);
#632 = CARTESIAN_POINT('',(5.799784478754,3.15,0.));
#633 = VECTOR('',#634,1.);
#634 = DIRECTION('',(-0.,-0.,-1.));
#635 = PCURVE('',#75,#636);
#636 = DEFINITIONAL_REPRESENTATION('',(#637),#640);
#637 = B_SPLINE_CURVE_WITH_KNOTS('',1,(#638,#639),.UNSPECIFIED.,.F.,.F.,
  (2,2),(-45.98,6.E-07),.PIECEWISE_BEZIER_KNOTS.);
#638 = CARTESIAN_POINT('',(45.98,14.599784478754));
#639 = CARTESIAN_POINT('',(-6.E-07,14.599784478754));
#640 = ( GEOMETRIC_REPRESENTATION_CONTEXT(2) 
PARAMETRIC_REPRESENTATION_CONTEXT() REPRESENTATION_CONTEXT('2D SPACE',''
  ) );
#641 = PCURVE('',#642,#647);
#642 = CYLINDRICAL_SURFACE('',#643,6.6);
#643 = AXIS2_PLACEMENT_3D('',#644,#645,#646);
#644 = CARTESIAN_POINT('',(0.,0.,0.));
#645 = DIRECTION('',(-0.,-0.,-1.));
#646 = DIRECTION('',(1.,0.,0.));
#647 = DEFINITIONAL_REPRESENTATION('',(#648),#651);
#648 = B_SPLINE_CURVE_WITH_KNOTS('',1,(#649,#650),.UNSPECIFIED.,.F.,.F.,
  (2,2),(-45.98,6.E-07),.PIECEWISE_BEZIER_KNOTS.);
#649 = CARTESIAN_POINT('',(-0.497548523672,-45.98));
#650 = CARTESIAN_POINT('',(-0.497548523672,6.E-07));
#651 = ( GEOMETRIC_REPRESENTATION_CONTEXT(2) 
PARAMETRIC_REPRESENTATION_CONTEXT() REPRESENTATION_CONTEXT('2D SPACE',''
  ) );
#652 = ORIENTED_EDGE('',*,*,#653,.T.);
#653 = EDGE_CURVE('',#628,#654,#656,.T.);
#654 = VERTEX_POINT('',#655);
#655 = CARTESIAN_POINT('',(8.216903309641,3.15,41.8));
#656 = SURFACE_CURVE('',#657,(#661,#668),.PCURVE_S1.);
#657 = LINE('',#658,#659);
#658 = CARTESIAN_POINT('',(-8.8,3.15,41.8));
#659 = VECTOR('',#660,1.);
#660 = DIRECTION('',(1.,0.,0.));
#661 = PCURVE('',#75,#662);
#662 = DEFINITIONAL_REPRESENTATION('',(#663),#667);
#663 = LINE('',#664,#665);
#664 = CARTESIAN_POINT('',(41.8,0.));
#665 = VECTOR('',#666,1.);
#666 = DIRECTION('',(0.,1.));
#667 = ( GEOMETRIC_REPRESENTATION_CONTEXT(2) 
PARAMETRIC_REPRESENTATION_CONTEXT() REPRESENTATION_CONTEXT('2D SPACE',''
  ) );
#668 = PCURVE('',#669,#674);
#669 = PLANE('',#670);
#670 = AXIS2_PLACEMENT_3D('',#671,#672,#673);
#671 = CARTESIAN_POINT('',(-8.8,-3.15,41.8));
#672 = DIRECTION('',(0.,0.,1.));
#673 = DIRECTION('',(1.,0.,0.));
#674 = DEFINITIONAL_REPRESENTATION('',(#675),#679);
#675 = LINE('',#676,#677);
#676 = CARTESIAN_POINT('',(0.,6.3));
#677 = VECTOR('',#678,1.);
#678 = DIRECTION('',(1.,0.));
#679 = ( GEOMETRIC_REPRESENTATION_CONTEXT(2) 
PARAMETRIC_REPRESENTATION_CONTEXT() REPRESENTATION_CONTEXT('2D SPACE',''
  ) );
#680 = ORIENTED_EDGE('',*,*,#681,.T.);
#681 = EDGE_CURVE('',#654,#60,#682,.T.);
#682 = SURFACE_CURVE('',#683,(#687,#693),.PCURVE_S1.);
#683 = LINE('',#684,#685);
#684 = CARTESIAN_POINT('',(8.216903309642,3.15,0.));
#685 = VECTOR('',#686,1.);
#686 = DIRECTION('',(-0.,-0.,-1.));
#687 = PCURVE('',#75,#688);
#688 = DEFINITIONAL_REPRESENTATION('',(#689),#692);
#689 = B_SPLINE_CURVE_WITH_KNOTS('',1,(#690,#691),.UNSPECIFIED.,.F.,.F.,
  (2,2),(-41.8000006,6.E-07),.PIECEWISE_BEZIER_KNOTS.);
#690 = CARTESIAN_POINT('',(41.8000006,17.016903309642));
#691 = CARTESIAN_POINT('',(-6.E-07,17.016903309642));
#692 = ( GEOMETRIC_REPRESENTATION_CONTEXT(2) 
PARAMETRIC_REPRESENTATION_CONTEXT() REPRESENTATION_CONTEXT('2D SPACE',''
  ) );
#693 = PCURVE('',#509,#694);
#694 = DEFINITIONAL_REPRESENTATION('',(#695),#698);
#695 = B_SPLINE_CURVE_WITH_KNOTS('',1,(#696,#697),.UNSPECIFIED.,.F.,.F.,
  (2,2),(-41.8,0.),.PIECEWISE_BEZIER_KNOTS.);
#696 = CARTESIAN_POINT('',(-6.649261671991,-41.8));
#697 = CARTESIAN_POINT('',(-6.649261671991,0.));
#698 = ( GEOMETRIC_REPRESENTATION_CONTEXT(2) 
PARAMETRIC_REPRESENTATION_CONTEXT() REPRESENTATION_CONTEXT('2D SPACE',''
  ) );
#699 = ADVANCED_FACE('',(#700),#509,.F.);
#700 = FACE_BOUND('',#701,.T.);
#701 = EDGE_LOOP('',(#702,#703,#724,#746));
#702 = ORIENTED_EDGE('',*,*,#490,.T.);
#703 = ORIENTED_EDGE('',*,*,#704,.F.);
#704 = EDGE_CURVE('',#705,#463,#707,.T.);
#705 = VERTEX_POINT('',#706);
#706 = CARTESIAN_POINT('',(8.216903309641,-3.15,41.8));
#707 = SURFACE_CURVE('',#708,(#712,#718),.PCURVE_S1.);
#708 = LINE('',#709,#710);
#709 = CARTESIAN_POINT('',(8.216903309642,-3.15,0.));
#710 = VECTOR('',#711,1.);
#711 = DIRECTION('',(-0.,-0.,-1.));
#712 = PCURVE('',#509,#713);
#713 = DEFINITIONAL_REPRESENTATION('',(#714),#717);
#714 = B_SPLINE_CURVE_WITH_KNOTS('',1,(#715,#716),.UNSPECIFIED.,.F.,.F.,
  (2,2),(-41.8,0.),.PIECEWISE_BEZIER_KNOTS.);
#715 = CARTESIAN_POINT('',(-5.917108942369,-41.8));
#716 = CARTESIAN_POINT('',(-5.917108942369,0.));
#717 = ( GEOMETRIC_REPRESENTATION_CONTEXT(2) 
PARAMETRIC_REPRESENTATION_CONTEXT() REPRESENTATION_CONTEXT('2D SPACE',''
  ) );
#718 = PCURVE('',#478,#719);
#719 = DEFINITIONAL_REPRESENTATION('',(#720),#723);
#720 = B_SPLINE_CURVE_WITH_KNOTS('',1,(#721,#722),.UNSPECIFIED.,.F.,.F.,
  (2,2),(-41.8000006,6.E-07),.PIECEWISE_BEZIER_KNOTS.);
#721 = CARTESIAN_POINT('',(41.8000006,17.016903309642));
#722 = CARTESIAN_POINT('',(-6.E-07,17.016903309642));
#723 = ( GEOMETRIC_REPRESENTATION_CONTEXT(2) 
PARAMETRIC_REPRESENTATION_CONTEXT() REPRESENTATION_CONTEXT('2D SPACE',''
  ) );
#724 = ORIENTED_EDGE('',*,*,#725,.T.);
#725 = EDGE_CURVE('',#705,#654,#726,.T.);
#726 = SURFACE_CURVE('',#727,(#732,#739),.PCURVE_S1.);
#727 = CIRCLE('',#728,8.8);
#728 = AXIS2_PLACEMENT_3D('',#729,#730,#731);
#729 = CARTESIAN_POINT('',(0.,0.,41.8));
#730 = DIRECTION('',(0.,0.,1.));
#731 = DIRECTION('',(0.933739012459,-0.357954545455,0.));
#732 = PCURVE('',#509,#733);
#733 = DEFINITIONAL_REPRESENTATION('',(#734),#738);
#734 = LINE('',#735,#736);
#735 = CARTESIAN_POINT('',(-5.917108942369,-41.8));
#736 = VECTOR('',#737,1.);
#737 = DIRECTION('',(-1.,0.));
#738 = ( GEOMETRIC_REPRESENTATION_CONTEXT(2) 
PARAMETRIC_REPRESENTATION_CONTEXT() REPRESENTATION_CONTEXT('2D SPACE',''
  ) );
#739 = PCURVE('',#669,#740);
#740 = DEFINITIONAL_REPRESENTATION('',(#741),#745);
#741 = CIRCLE('',#742,8.8);
#742 = AXIS2_PLACEMENT_2D('',#743,#744);
#743 = CARTESIAN_POINT('',(8.8,3.15));
#744 = DIRECTION('',(0.933739012459,-0.357954545455));
#745 = ( GEOMETRIC_REPRESENTATION_CONTEXT(2) 
PARAMETRIC_REPRESENTATION_CONTEXT() REPRESENTATION_CONTEXT('2D SPACE',''
  ) );
#746 = ORIENTED_EDGE('',*,*,#681,.T.);
#747 = ADVANCED_FACE('',(#748),#478,.T.);
#748 = FACE_BOUND('',#749,.T.);
#749 = EDGE_LOOP('',(#750,#751,#772,#798,#819,#840));
#750 = ORIENTED_EDGE('',*,*,#462,.F.);
#751 = ORIENTED_EDGE('',*,*,#752,.F.);
#752 = EDGE_CURVE('',#753,#434,#755,.T.);
#753 = VERTEX_POINT('',#754);
#754 = CARTESIAN_POINT('',(7.78700841145,-3.15,2.));
#755 = SURFACE_CURVE('',#756,(#760,#766),.PCURVE_S1.);
#756 = LINE('',#757,#758);
#757 = CARTESIAN_POINT('',(7.78700841145,-3.15,0.));
#758 = VECTOR('',#759,1.);
#759 = DIRECTION('',(-0.,-0.,-1.));
#760 = PCURVE('',#478,#761);
#761 = DEFINITIONAL_REPRESENTATION('',(#762),#765);
#762 = B_SPLINE_CURVE_WITH_KNOTS('',1,(#763,#764),.UNSPECIFIED.,.F.,.F.,
  (2,2),(-2.0000006,6.E-07),.PIECEWISE_BEZIER_KNOTS.);
#763 = CARTESIAN_POINT('',(2.0000006,16.58700841145));
#764 = CARTESIAN_POINT('',(-6.E-07,16.58700841145));
#765 = ( GEOMETRIC_REPRESENTATION_CONTEXT(2) 
PARAMETRIC_REPRESENTATION_CONTEXT() REPRESENTATION_CONTEXT('2D SPACE',''
  ) );
#766 = PCURVE('',#450,#767);
#767 = DEFINITIONAL_REPRESENTATION('',(#768),#771);
#768 = B_SPLINE_CURVE_WITH_KNOTS('',1,(#769,#770),.UNSPECIFIED.,.F.,.F.,
  (2,2),(-2.0000006,6.E-07),.PIECEWISE_BEZIER_KNOTS.);
#769 = CARTESIAN_POINT('',(-5.898788532684,-2.0000006));
#770 = CARTESIAN_POINT('',(-5.898788532684,6.E-07));
#771 = ( GEOMETRIC_REPRESENTATION_CONTEXT(2) 
PARAMETRIC_REPRESENTATION_CONTEXT() REPRESENTATION_CONTEXT('2D SPACE',''
  ) );
#772 = ORIENTED_EDGE('',*,*,#773,.F.);
#773 = EDGE_CURVE('',#774,#753,#776,.T.);
#774 = VERTEX_POINT('',#775);
#775 = CARTESIAN_POINT('',(5.799784478754,-3.15,2.));
#776 = SURFACE_CURVE('',#777,(#781,#787),.PCURVE_S1.);
#777 = LINE('',#778,#779);
#778 = CARTESIAN_POINT('',(-4.4,-3.15,2.));
#779 = VECTOR('',#780,1.);
#780 = DIRECTION('',(1.,0.,0.));
#781 = PCURVE('',#478,#782);
#782 = DEFINITIONAL_REPRESENTATION('',(#783),#786);
#783 = B_SPLINE_CURVE_WITH_KNOTS('',1,(#784,#785),.UNSPECIFIED.,.F.,.F.,
  (2,2),(10.199784478754,12.616903309642),.PIECEWISE_BEZIER_KNOTS.);
#784 = CARTESIAN_POINT('',(2.,14.599784478754));
#785 = CARTESIAN_POINT('',(2.,17.016903309642));
#786 = ( GEOMETRIC_REPRESENTATION_CONTEXT(2) 
PARAMETRIC_REPRESENTATION_CONTEXT() REPRESENTATION_CONTEXT('2D SPACE',''
  ) );
#787 = PCURVE('',#788,#793);
#788 = PLANE('',#789);
#789 = AXIS2_PLACEMENT_3D('',#790,#791,#792);
#790 = CARTESIAN_POINT('',(-6.511619678759E-16,3.082608641147E-16,2.));
#791 = DIRECTION('',(0.,0.,1.));
#792 = DIRECTION('',(1.,0.,-0.));
#793 = DEFINITIONAL_REPRESENTATION('',(#794),#797);
#794 = B_SPLINE_CURVE_WITH_KNOTS('',1,(#795,#796),.UNSPECIFIED.,.F.,.F.,
  (2,2),(10.199784478754,12.616903309642),.PIECEWISE_BEZIER_KNOTS.);
#795 = CARTESIAN_POINT('',(5.799784478754,-3.15));
#796 = CARTESIAN_POINT('',(8.216903309642,-3.15));
#797 = ( GEOMETRIC_REPRESENTATION_CONTEXT(2) 
PARAMETRIC_REPRESENTATION_CONTEXT() REPRESENTATION_CONTEXT('2D SPACE',''
  ) );
#798 = ORIENTED_EDGE('',*,*,#799,.F.);
#799 = EDGE_CURVE('',#800,#774,#802,.T.);
#800 = VERTEX_POINT('',#801);
#801 = CARTESIAN_POINT('',(5.799784478754,-3.15,41.8));
#802 = SURFACE_CURVE('',#803,(#807,#813),.PCURVE_S1.);
#803 = LINE('',#804,#805);
#804 = CARTESIAN_POINT('',(5.799784478754,-3.15,0.));
#805 = VECTOR('',#806,1.);
#806 = DIRECTION('',(-0.,-0.,-1.));
#807 = PCURVE('',#478,#808);
#808 = DEFINITIONAL_REPRESENTATION('',(#809),#812);
#809 = B_SPLINE_CURVE_WITH_KNOTS('',1,(#810,#811),.UNSPECIFIED.,.F.,.F.,
  (2,2),(-45.98,6.E-07),.PIECEWISE_BEZIER_KNOTS.);
#810 = CARTESIAN_POINT('',(45.98,14.599784478754));
#811 = CARTESIAN_POINT('',(-6.E-07,14.599784478754));
#812 = ( GEOMETRIC_REPRESENTATION_CONTEXT(2) 
PARAMETRIC_REPRESENTATION_CONTEXT() REPRESENTATION_CONTEXT('2D SPACE',''
  ) );
#813 = PCURVE('',#642,#814);
#814 = DEFINITIONAL_REPRESENTATION('',(#815),#818);
#815 = B_SPLINE_CURVE_WITH_KNOTS('',1,(#816,#817),.UNSPECIFIED.,.F.,.F.,
  (2,2),(-45.98,6.E-07),.PIECEWISE_BEZIER_KNOTS.);
#816 = CARTESIAN_POINT('',(-5.785636783508,-45.98));
#817 = CARTESIAN_POINT('',(-5.785636783508,6.E-07));
#818 = ( GEOMETRIC_REPRESENTATION_CONTEXT(2) 
PARAMETRIC_REPRESENTATION_CONTEXT() REPRESENTATION_CONTEXT('2D SPACE',''
  ) );
#819 = ORIENTED_EDGE('',*,*,#820,.T.);
#820 = EDGE_CURVE('',#800,#705,#821,.T.);
#821 = SURFACE_CURVE('',#822,(#826,#833),.PCURVE_S1.);
#822 = LINE('',#823,#824);
#823 = CARTESIAN_POINT('',(-8.8,-3.15,41.8));
#824 = VECTOR('',#825,1.);
#825 = DIRECTION('',(1.,0.,0.));
#826 = PCURVE('',#478,#827);
#827 = DEFINITIONAL_REPRESENTATION('',(#828),#832);
#828 = LINE('',#829,#830);
#829 = CARTESIAN_POINT('',(41.8,0.));
#830 = VECTOR('',#831,1.);
#831 = DIRECTION('',(0.,1.));
#832 = ( GEOMETRIC_REPRESENTATION_CONTEXT(2) 
PARAMETRIC_REPRESENTATION_CONTEXT() REPRESENTATION_CONTEXT('2D SPACE',''
  ) );
#833 = PCURVE('',#669,#834);
#834 = DEFINITIONAL_REPRESENTATION('',(#835),#839);
#835 = LINE('',#836,#837);
#836 = CARTESIAN_POINT('',(0.,0.));
#837 = VECTOR('',#838,1.);
#838 = DIRECTION('',(1.,0.));
#839 = ( GEOMETRIC_REPRESENTATION_CONTEXT(2) 
PARAMETRIC_REPRESENTATION_CONTEXT() REPRESENTATION_CONTEXT('2D SPACE',''
  ) );
#840 = ORIENTED_EDGE('',*,*,#704,.T.);
#841 = ADVANCED_FACE('',(#842),#450,.F.);
#842 = FACE_BOUND('',#843,.T.);
#843 = EDGE_LOOP('',(#844,#845,#846,#867));
#844 = ORIENTED_EDGE('',*,*,#752,.T.);
#845 = ORIENTED_EDGE('',*,*,#433,.F.);
#846 = ORIENTED_EDGE('',*,*,#847,.F.);
#847 = EDGE_CURVE('',#848,#406,#850,.T.);
#848 = VERTEX_POINT('',#849);
#849 = CARTESIAN_POINT('',(4.7,-6.96203993094,2.));
#850 = SURFACE_CURVE('',#851,(#855,#861),.PCURVE_S1.);
#851 = LINE('',#852,#853);
#852 = CARTESIAN_POINT('',(4.7,-6.96203993094,0.));
#853 = VECTOR('',#854,1.);
#854 = DIRECTION('',(-0.,-0.,-1.));
#855 = PCURVE('',#450,#856);
#856 = DEFINITIONAL_REPRESENTATION('',(#857),#860);
#857 = B_SPLINE_CURVE_WITH_KNOTS('',1,(#858,#859),.UNSPECIFIED.,.F.,.F.,
  (2,2),(-2.0000006,6.E-07),.PIECEWISE_BEZIER_KNOTS.);
#858 = CARTESIAN_POINT('',(-5.306200124639,-2.0000006));
#859 = CARTESIAN_POINT('',(-5.306200124639,6.E-07));
#860 = ( GEOMETRIC_REPRESENTATION_CONTEXT(2) 
PARAMETRIC_REPRESENTATION_CONTEXT() REPRESENTATION_CONTEXT('2D SPACE',''
  ) );
#861 = PCURVE('',#421,#862);
#862 = DEFINITIONAL_REPRESENTATION('',(#863),#866);
#863 = B_SPLINE_CURVE_WITH_KNOTS('',1,(#864,#865),.UNSPECIFIED.,.F.,.F.,
  (2,2),(-2.0000006,6.E-07),.PIECEWISE_BEZIER_KNOTS.);
#864 = CARTESIAN_POINT('',(2.0000006,3.28796006906));
#865 = CARTESIAN_POINT('',(-6.E-07,3.28796006906));
#866 = ( GEOMETRIC_REPRESENTATION_CONTEXT(2) 
PARAMETRIC_REPRESENTATION_CONTEXT() REPRESENTATION_CONTEXT('2D SPACE',''
  ) );
#867 = ORIENTED_EDGE('',*,*,#868,.T.);
#868 = EDGE_CURVE('',#848,#753,#869,.T.);
#869 = SURFACE_CURVE('',#870,(#875,#882),.PCURVE_S1.);
#870 = CIRCLE('',#871,8.4);
#871 = AXIS2_PLACEMENT_3D('',#872,#873,#874);
#872 = CARTESIAN_POINT('',(0.,0.,2.));
#873 = DIRECTION('',(0.,0.,1.));
#874 = DIRECTION('',(1.,0.,0.));
#875 = PCURVE('',#450,#876);
#876 = DEFINITIONAL_REPRESENTATION('',(#877),#881);
#877 = LINE('',#878,#879);
#878 = CARTESIAN_POINT('',(-0.,-2.));
#879 = VECTOR('',#880,1.);
#880 = DIRECTION('',(-1.,0.));
#881 = ( GEOMETRIC_REPRESENTATION_CONTEXT(2) 
PARAMETRIC_REPRESENTATION_CONTEXT() REPRESENTATION_CONTEXT('2D SPACE',''
  ) );
#882 = PCURVE('',#788,#883);
#883 = DEFINITIONAL_REPRESENTATION('',(#884),#888);
#884 = CIRCLE('',#885,8.4);
#885 = AXIS2_PLACEMENT_2D('',#886,#887);
#886 = CARTESIAN_POINT('',(6.511619678759E-16,-3.082608641147E-16));
#887 = DIRECTION('',(1.,0.));
#888 = ( GEOMETRIC_REPRESENTATION_CONTEXT(2) 
PARAMETRIC_REPRESENTATION_CONTEXT() REPRESENTATION_CONTEXT('2D SPACE',''
  ) );
#889 = ADVANCED_FACE('',(#890),#421,.T.);
#890 = FACE_BOUND('',#891,.T.);
#891 = EDGE_LOOP('',(#892,#893,#916,#944,#965,#984));
#892 = ORIENTED_EDGE('',*,*,#405,.F.);
#893 = ORIENTED_EDGE('',*,*,#894,.F.);
#894 = EDGE_CURVE('',#895,#377,#897,.T.);
#895 = VERTEX_POINT('',#896);
#896 = CARTESIAN_POINT('',(4.7,-9.108924195535,48.));
#897 = SURFACE_CURVE('',#898,(#902,#909),.PCURVE_S1.);
#898 = LINE('',#899,#900);
#899 = CARTESIAN_POINT('',(4.7,-9.108924195535,0.));
#900 = VECTOR('',#901,1.);
#901 = DIRECTION('',(0.,-0.,-1.));
#902 = PCURVE('',#421,#903);
#903 = DEFINITIONAL_REPRESENTATION('',(#904),#908);
#904 = LINE('',#905,#906);
#905 = CARTESIAN_POINT('',(0.,1.141075804465));
#906 = VECTOR('',#907,1.);
#907 = DIRECTION('',(-1.,0.));
#908 = ( GEOMETRIC_REPRESENTATION_CONTEXT(2) 
PARAMETRIC_REPRESENTATION_CONTEXT() REPRESENTATION_CONTEXT('2D SPACE',''
  ) );
#909 = PCURVE('',#393,#910);
#910 = DEFINITIONAL_REPRESENTATION('',(#911),#915);
#911 = LINE('',#912,#913);
#912 = CARTESIAN_POINT('',(-3.617940414444,0.));
#913 = VECTOR('',#914,1.);
#914 = DIRECTION('',(-0.,1.));
#915 = ( GEOMETRIC_REPRESENTATION_CONTEXT(2) 
PARAMETRIC_REPRESENTATION_CONTEXT() REPRESENTATION_CONTEXT('2D SPACE',''
  ) );
#916 = ORIENTED_EDGE('',*,*,#917,.T.);
#917 = EDGE_CURVE('',#895,#918,#920,.T.);
#918 = VERTEX_POINT('',#919);
#919 = CARTESIAN_POINT('',(4.7,-4.633573135281,48.));
#920 = SURFACE_CURVE('',#921,(#925,#932),.PCURVE_S1.);
#921 = LINE('',#922,#923);
#922 = CARTESIAN_POINT('',(4.7,-10.25,48.));
#923 = VECTOR('',#924,1.);
#924 = DIRECTION('',(1.110223024625E-16,1.,0.));
#925 = PCURVE('',#421,#926);
#926 = DEFINITIONAL_REPRESENTATION('',(#927),#931);
#927 = LINE('',#928,#929);
#928 = CARTESIAN_POINT('',(48.,0.));
#929 = VECTOR('',#930,1.);
#930 = DIRECTION('',(0.,1.));
#931 = ( GEOMETRIC_REPRESENTATION_CONTEXT(2) 
PARAMETRIC_REPRESENTATION_CONTEXT() REPRESENTATION_CONTEXT('2D SPACE',''
  ) );
#932 = PCURVE('',#933,#938);
#933 = PLANE('',#934);
#934 = AXIS2_PLACEMENT_3D('',#935,#936,#937);
#935 = CARTESIAN_POINT('',(4.7,-10.25,48.));
#936 = DIRECTION('',(0.,0.,1.));
#937 = DIRECTION('',(1.110223024625E-16,1.,0.));
#938 = DEFINITIONAL_REPRESENTATION('',(#939),#943);
#939 = LINE('',#940,#941);
#940 = CARTESIAN_POINT('',(0.,0.));
#941 = VECTOR('',#942,1.);
#942 = DIRECTION('',(1.,0.));
#943 = ( GEOMETRIC_REPRESENTATION_CONTEXT(2) 
PARAMETRIC_REPRESENTATION_CONTEXT() REPRESENTATION_CONTEXT('2D SPACE',''
  ) );
#944 = ORIENTED_EDGE('',*,*,#945,.T.);
#945 = EDGE_CURVE('',#918,#946,#948,.T.);
#946 = VERTEX_POINT('',#947);
#947 = CARTESIAN_POINT('',(4.7,-4.633573135281,2.));
#948 = SURFACE_CURVE('',#949,(#953,#959),.PCURVE_S1.);
#949 = LINE('',#950,#951);
#950 = CARTESIAN_POINT('',(4.7,-4.633573135281,0.));
#951 = VECTOR('',#952,1.);
#952 = DIRECTION('',(-0.,-0.,-1.));
#953 = PCURVE('',#421,#954);
#954 = DEFINITIONAL_REPRESENTATION('',(#955),#958);
#955 = B_SPLINE_CURVE_WITH_KNOTS('',1,(#956,#957),.UNSPECIFIED.,.F.,.F.,
  (2,2),(-52.8,6.E-07),.PIECEWISE_BEZIER_KNOTS.);
#956 = CARTESIAN_POINT('',(52.8,5.616426864719));
#957 = CARTESIAN_POINT('',(-6.E-07,5.616426864719));
#958 = ( GEOMETRIC_REPRESENTATION_CONTEXT(2) 
PARAMETRIC_REPRESENTATION_CONTEXT() REPRESENTATION_CONTEXT('2D SPACE',''
  ) );
#959 = PCURVE('',#642,#960);
#960 = DEFINITIONAL_REPRESENTATION('',(#961),#964);
#961 = B_SPLINE_CURVE_WITH_KNOTS('',1,(#962,#963),.UNSPECIFIED.,.F.,.F.,
  (2,2),(-52.8,6.E-07),.PIECEWISE_BEZIER_KNOTS.);
#962 = CARTESIAN_POINT('',(-5.504904004844,-52.8));
#963 = CARTESIAN_POINT('',(-5.504904004844,6.E-07));
#964 = ( GEOMETRIC_REPRESENTATION_CONTEXT(2) 
PARAMETRIC_REPRESENTATION_CONTEXT() REPRESENTATION_CONTEXT('2D SPACE',''
  ) );
#965 = ORIENTED_EDGE('',*,*,#966,.F.);
#966 = EDGE_CURVE('',#848,#946,#967,.T.);
#967 = SURFACE_CURVE('',#968,(#972,#978),.PCURVE_S1.);
#968 = LINE('',#969,#970);
#969 = CARTESIAN_POINT('',(4.7,-5.125,2.));
#970 = VECTOR('',#971,1.);
#971 = DIRECTION('',(1.110223024625E-16,1.,-0.));
#972 = PCURVE('',#421,#973);
#973 = DEFINITIONAL_REPRESENTATION('',(#974),#977);
#974 = B_SPLINE_CURVE_WITH_KNOTS('',1,(#975,#976),.UNSPECIFIED.,.F.,.F.,
  (2,2),(-3.275,0.491426864719),.PIECEWISE_BEZIER_KNOTS.);
#975 = CARTESIAN_POINT('',(2.,1.85));
#976 = CARTESIAN_POINT('',(2.,5.616426864719));
#977 = ( GEOMETRIC_REPRESENTATION_CONTEXT(2) 
PARAMETRIC_REPRESENTATION_CONTEXT() REPRESENTATION_CONTEXT('2D SPACE',''
  ) );
#978 = PCURVE('',#788,#979);
#979 = DEFINITIONAL_REPRESENTATION('',(#980),#983);
#980 = B_SPLINE_CURVE_WITH_KNOTS('',1,(#981,#982),.UNSPECIFIED.,.F.,.F.,
  (2,2),(-3.275,0.491426864719),.PIECEWISE_BEZIER_KNOTS.);
#981 = CARTESIAN_POINT('',(4.7,-8.4));
#982 = CARTESIAN_POINT('',(4.7,-4.633573135281));
#983 = ( GEOMETRIC_REPRESENTATION_CONTEXT(2) 
PARAMETRIC_REPRESENTATION_CONTEXT() REPRESENTATION_CONTEXT('2D SPACE',''
  ) );
#984 = ORIENTED_EDGE('',*,*,#847,.T.);
#985 = ADVANCED_FACE('',(#986),#393,.F.);
#986 = FACE_BOUND('',#987,.T.);
#987 = EDGE_LOOP('',(#988,#989,#1012,#1038));
#988 = ORIENTED_EDGE('',*,*,#376,.F.);
#989 = ORIENTED_EDGE('',*,*,#990,.F.);
#990 = EDGE_CURVE('',#991,#349,#993,.T.);
#991 = VERTEX_POINT('',#992);
#992 = CARTESIAN_POINT('',(-4.7,-9.108924195535,48.));
#993 = SURFACE_CURVE('',#994,(#998,#1005),.PCURVE_S1.);
#994 = LINE('',#995,#996);
#995 = CARTESIAN_POINT('',(-4.7,-9.108924195535,0.));
#996 = VECTOR('',#997,1.);
#997 = DIRECTION('',(0.,-0.,-1.));
#998 = PCURVE('',#393,#999);
#999 = DEFINITIONAL_REPRESENTATION('',(#1000),#1004);
#1000 = LINE('',#1001,#1002);
#1001 = CARTESIAN_POINT('',(-2.665244892736,0.));
#1002 = VECTOR('',#1003,1.);
#1003 = DIRECTION('',(-0.,1.));
#1004 = ( GEOMETRIC_REPRESENTATION_CONTEXT(2) 
PARAMETRIC_REPRESENTATION_CONTEXT() REPRESENTATION_CONTEXT('2D SPACE',''
  ) );
#1005 = PCURVE('',#364,#1006);
#1006 = DEFINITIONAL_REPRESENTATION('',(#1007),#1011);
#1007 = LINE('',#1008,#1009);
#1008 = CARTESIAN_POINT('',(0.,1.141075804465));
#1009 = VECTOR('',#1010,1.);
#1010 = DIRECTION('',(-1.,0.));
#1011 = ( GEOMETRIC_REPRESENTATION_CONTEXT(2) 
PARAMETRIC_REPRESENTATION_CONTEXT() REPRESENTATION_CONTEXT('2D SPACE',''
  ) );
#1012 = ORIENTED_EDGE('',*,*,#1013,.F.);
#1013 = EDGE_CURVE('',#895,#991,#1014,.T.);
#1014 = SURFACE_CURVE('',#1015,(#1020,#1027),.PCURVE_S1.);
#1015 = CIRCLE('',#1016,10.25);
#1016 = AXIS2_PLACEMENT_3D('',#1017,#1018,#1019);
#1017 = CARTESIAN_POINT('',(0.,0.,48.));
#1018 = DIRECTION('',(0.,-0.,-1.));
#1019 = DIRECTION('',(0.458536585366,-0.888675531272,0.));
#1020 = PCURVE('',#393,#1021);
#1021 = DEFINITIONAL_REPRESENTATION('',(#1022),#1026);
#1022 = LINE('',#1023,#1024);
#1023 = CARTESIAN_POINT('',(-3.617940414444,-48.));
#1024 = VECTOR('',#1025,1.);
#1025 = DIRECTION('',(1.,-0.));
#1026 = ( GEOMETRIC_REPRESENTATION_CONTEXT(2) 
PARAMETRIC_REPRESENTATION_CONTEXT() REPRESENTATION_CONTEXT('2D SPACE',''
  ) );
#1027 = PCURVE('',#933,#1028);
#1028 = DEFINITIONAL_REPRESENTATION('',(#1029),#1037);
#1029 = ( BOUNDED_CURVE() B_SPLINE_CURVE(2,(#1030,#1031,#1032,#1033,
#1034,#1035,#1036),.UNSPECIFIED.,.T.,.F.) B_SPLINE_CURVE_WITH_KNOTS((1,2
    ,2,2,2,1),(-2.094395102393,0.,2.094395102393,4.188790204786,
6.28318530718,8.377580409573),.UNSPECIFIED.) CURVE() 
GEOMETRIC_REPRESENTATION_ITEM() RATIONAL_B_SPLINE_CURVE((1.,0.5,1.,0.5,
1.,0.5,1.)) REPRESENTATION_ITEM('') );
#1030 = CARTESIAN_POINT('',(1.141075804465,-1.127986593019E-13));
#1031 = CARTESIAN_POINT('',(-6.999562991109,15.77711950896));
#1032 = CARTESIAN_POINT('',(10.73414269998,14.93855975448));
#1033 = CARTESIAN_POINT('',(28.46784839107,14.1));
#1034 = CARTESIAN_POINT('',(18.874781495554,-0.83855975448));
#1035 = CARTESIAN_POINT('',(9.281714600039,-15.77711950896));
#1036 = CARTESIAN_POINT('',(1.141075804465,-1.127986593019E-13));
#1037 = ( GEOMETRIC_REPRESENTATION_CONTEXT(2) 
PARAMETRIC_REPRESENTATION_CONTEXT() REPRESENTATION_CONTEXT('2D SPACE',''
  ) );
#1038 = ORIENTED_EDGE('',*,*,#894,.T.);
#1039 = ADVANCED_FACE('',(#1040),#364,.F.);
#1040 = FACE_BOUND('',#1041,.F.);
#1041 = EDGE_LOOP('',(#1042,#1043,#1044,#1067,#1088,#1114));
#1042 = ORIENTED_EDGE('',*,*,#348,.F.);
#1043 = ORIENTED_EDGE('',*,*,#990,.F.);
#1044 = ORIENTED_EDGE('',*,*,#1045,.T.);
#1045 = EDGE_CURVE('',#991,#1046,#1048,.T.);
#1046 = VERTEX_POINT('',#1047);
#1047 = CARTESIAN_POINT('',(-4.7,-4.633573135281,48.));
#1048 = SURFACE_CURVE('',#1049,(#1053,#1060),.PCURVE_S1.);
#1049 = LINE('',#1050,#1051);
#1050 = CARTESIAN_POINT('',(-4.7,-10.25,48.));
#1051 = VECTOR('',#1052,1.);
#1052 = DIRECTION('',(1.110223024625E-16,1.,0.));
#1053 = PCURVE('',#364,#1054);
#1054 = DEFINITIONAL_REPRESENTATION('',(#1055),#1059);
#1055 = LINE('',#1056,#1057);
#1056 = CARTESIAN_POINT('',(48.,0.));
#1057 = VECTOR('',#1058,1.);
#1058 = DIRECTION('',(0.,1.));
#1059 = ( GEOMETRIC_REPRESENTATION_CONTEXT(2) 
PARAMETRIC_REPRESENTATION_CONTEXT() REPRESENTATION_CONTEXT('2D SPACE',''
  ) );
#1060 = PCURVE('',#933,#1061);
#1061 = DEFINITIONAL_REPRESENTATION('',(#1062),#1066);
#1062 = LINE('',#1063,#1064);
#1063 = CARTESIAN_POINT('',(-1.043609643148E-15,9.4));
#1064 = VECTOR('',#1065,1.);
#1065 = DIRECTION('',(1.,0.));
#1066 = ( GEOMETRIC_REPRESENTATION_CONTEXT(2) 
PARAMETRIC_REPRESENTATION_CONTEXT() REPRESENTATION_CONTEXT('2D SPACE',''
  ) );
#1067 = ORIENTED_EDGE('',*,*,#1068,.T.);
#1068 = EDGE_CURVE('',#1046,#1069,#1071,.T.);
#1069 = VERTEX_POINT('',#1070);
#1070 = CARTESIAN_POINT('',(-4.7,-4.633573135281,2.));
#1071 = SURFACE_CURVE('',#1072,(#1076,#1082),.PCURVE_S1.);
#1072 = LINE('',#1073,#1074);
#1073 = CARTESIAN_POINT('',(-4.7,-4.633573135281,0.));
#1074 = VECTOR('',#1075,1.);
#1075 = DIRECTION('',(-0.,-0.,-1.));
#1076 = PCURVE('',#364,#1077);
#1077 = DEFINITIONAL_REPRESENTATION('',(#1078),#1081);
#1078 = B_SPLINE_CURVE_WITH_KNOTS('',1,(#1079,#1080),.UNSPECIFIED.,.F.,
  .F.,(2,2),(-52.8,6.E-07),.PIECEWISE_BEZIER_KNOTS.);
#1079 = CARTESIAN_POINT('',(52.8,5.616426864719));
#1080 = CARTESIAN_POINT('',(-6.E-07,5.616426864719));
#1081 = ( GEOMETRIC_REPRESENTATION_CONTEXT(2) 
PARAMETRIC_REPRESENTATION_CONTEXT() REPRESENTATION_CONTEXT('2D SPACE',''
  ) );
#1082 = PCURVE('',#642,#1083);
#1083 = DEFINITIONAL_REPRESENTATION('',(#1084),#1087);
#1084 = B_SPLINE_CURVE_WITH_KNOTS('',1,(#1085,#1086),.UNSPECIFIED.,.F.,
  .F.,(2,2),(-52.8,6.E-07),.PIECEWISE_BEZIER_KNOTS.);
#1085 = CARTESIAN_POINT('',(-3.919873955925,-52.8));
#1086 = CARTESIAN_POINT('',(-3.919873955925,6.E-07));
#1087 = ( GEOMETRIC_REPRESENTATION_CONTEXT(2) 
PARAMETRIC_REPRESENTATION_CONTEXT() REPRESENTATION_CONTEXT('2D SPACE',''
  ) );
#1088 = ORIENTED_EDGE('',*,*,#1089,.F.);
#1089 = EDGE_CURVE('',#1090,#1069,#1092,.T.);
#1090 = VERTEX_POINT('',#1091);
#1091 = CARTESIAN_POINT('',(-4.7,-6.96203993094,2.));
#1092 = SURFACE_CURVE('',#1093,(#1097,#1103),.PCURVE_S1.);
#1093 = LINE('',#1094,#1095);
#1094 = CARTESIAN_POINT('',(-4.7,-5.125,2.));
#1095 = VECTOR('',#1096,1.);
#1096 = DIRECTION('',(1.110223024625E-16,1.,-0.));
#1097 = PCURVE('',#364,#1098);
#1098 = DEFINITIONAL_REPRESENTATION('',(#1099),#1102);
#1099 = B_SPLINE_CURVE_WITH_KNOTS('',1,(#1100,#1101),.UNSPECIFIED.,.F.,
  .F.,(2,2),(-3.275,0.491426864719),.PIECEWISE_BEZIER_KNOTS.);
#1100 = CARTESIAN_POINT('',(2.,1.85));
#1101 = CARTESIAN_POINT('',(2.,5.616426864719));
#1102 = ( GEOMETRIC_REPRESENTATION_CONTEXT(2) 
PARAMETRIC_REPRESENTATION_CONTEXT() REPRESENTATION_CONTEXT('2D SPACE',''
  ) );
#1103 = PCURVE('',#1104,#1109);
#1104 = PLANE('',#1105);
#1105 = AXIS2_PLACEMENT_3D('',#1106,#1107,#1108);
#1106 = CARTESIAN_POINT('',(-6.511619678759E-16,3.082608641147E-16,2.));
#1107 = DIRECTION('',(0.,0.,1.));
#1108 = DIRECTION('',(1.,0.,-0.));
#1109 = DEFINITIONAL_REPRESENTATION('',(#1110),#1113);
#1110 = B_SPLINE_CURVE_WITH_KNOTS('',1,(#1111,#1112),.UNSPECIFIED.,.F.,
  .F.,(2,2),(-3.275,0.491426864719),.PIECEWISE_BEZIER_KNOTS.);
#1111 = CARTESIAN_POINT('',(-4.7,-8.4));
#1112 = CARTESIAN_POINT('',(-4.7,-4.633573135281));
#1113 = ( GEOMETRIC_REPRESENTATION_CONTEXT(2) 
PARAMETRIC_REPRESENTATION_CONTEXT() REPRESENTATION_CONTEXT('2D SPACE',''
  ) );
#1114 = ORIENTED_EDGE('',*,*,#1115,.T.);
#1115 = EDGE_CURVE('',#1090,#320,#1116,.T.);
#1116 = SURFACE_CURVE('',#1117,(#1121,#1127),.PCURVE_S1.);
#1117 = LINE('',#1118,#1119);
#1118 = CARTESIAN_POINT('',(-4.7,-6.96203993094,0.));
#1119 = VECTOR('',#1120,1.);
#1120 = DIRECTION('',(-0.,-0.,-1.));
#1121 = PCURVE('',#364,#1122);
#1122 = DEFINITIONAL_REPRESENTATION('',(#1123),#1126);
#1123 = B_SPLINE_CURVE_WITH_KNOTS('',1,(#1124,#1125),.UNSPECIFIED.,.F.,
  .F.,(2,2),(-2.0000006,6.E-07),.PIECEWISE_BEZIER_KNOTS.);
#1124 = CARTESIAN_POINT('',(2.0000006,3.28796006906));
#1125 = CARTESIAN_POINT('',(-6.E-07,3.28796006906));
#1126 = ( GEOMETRIC_REPRESENTATION_CONTEXT(2) 
PARAMETRIC_REPRESENTATION_CONTEXT() REPRESENTATION_CONTEXT('2D SPACE',''
  ) );
#1127 = PCURVE('',#336,#1128);
#1128 = DEFINITIONAL_REPRESENTATION('',(#1129),#1132);
#1129 = B_SPLINE_CURVE_WITH_KNOTS('',1,(#1130,#1131),.UNSPECIFIED.,.F.,
  .F.,(2,2),(-2.0000006,6.E-07),.PIECEWISE_BEZIER_KNOTS.);
#1130 = CARTESIAN_POINT('',(-4.118577836131,-2.0000006));
#1131 = CARTESIAN_POINT('',(-4.118577836131,6.E-07));
#1132 = ( GEOMETRIC_REPRESENTATION_CONTEXT(2) 
PARAMETRIC_REPRESENTATION_CONTEXT() REPRESENTATION_CONTEXT('2D SPACE',''
  ) );
#1133 = ADVANCED_FACE('',(#1134),#336,.F.);
#1134 = FACE_BOUND('',#1135,.T.);
#1135 = EDGE_LOOP('',(#1136,#1137,#1138,#1159));
#1136 = ORIENTED_EDGE('',*,*,#1115,.T.);
#1137 = ORIENTED_EDGE('',*,*,#319,.F.);
#1138 = ORIENTED_EDGE('',*,*,#1139,.F.);
#1139 = EDGE_CURVE('',#1140,#292,#1142,.T.);
#1140 = VERTEX_POINT('',#1141);
#1141 = CARTESIAN_POINT('',(-7.78700841145,-3.15,2.));
#1142 = SURFACE_CURVE('',#1143,(#1147,#1153),.PCURVE_S1.);
#1143 = LINE('',#1144,#1145);
#1144 = CARTESIAN_POINT('',(-7.78700841145,-3.15,0.));
#1145 = VECTOR('',#1146,1.);
#1146 = DIRECTION('',(-0.,-0.,-1.));
#1147 = PCURVE('',#336,#1148);
#1148 = DEFINITIONAL_REPRESENTATION('',(#1149),#1152);
#1149 = B_SPLINE_CURVE_WITH_KNOTS('',1,(#1150,#1151),.UNSPECIFIED.,.F.,
  .F.,(2,2),(-2.0000006,6.E-07),.PIECEWISE_BEZIER_KNOTS.);
#1150 = CARTESIAN_POINT('',(-3.525989428085,-2.0000006));
#1151 = CARTESIAN_POINT('',(-3.525989428085,6.E-07));
#1152 = ( GEOMETRIC_REPRESENTATION_CONTEXT(2) 
PARAMETRIC_REPRESENTATION_CONTEXT() REPRESENTATION_CONTEXT('2D SPACE',''
  ) );
#1153 = PCURVE('',#307,#1154);
#1154 = DEFINITIONAL_REPRESENTATION('',(#1155),#1158);
#1155 = B_SPLINE_CURVE_WITH_KNOTS('',1,(#1156,#1157),.UNSPECIFIED.,.F.,
  .F.,(2,2),(-2.0000006,6.E-07),.PIECEWISE_BEZIER_KNOTS.);
#1156 = CARTESIAN_POINT('',(2.0000006,1.01299158855));
#1157 = CARTESIAN_POINT('',(-6.E-07,1.01299158855));
#1158 = ( GEOMETRIC_REPRESENTATION_CONTEXT(2) 
PARAMETRIC_REPRESENTATION_CONTEXT() REPRESENTATION_CONTEXT('2D SPACE',''
  ) );
#1159 = ORIENTED_EDGE('',*,*,#1160,.T.);
#1160 = EDGE_CURVE('',#1140,#1090,#1161,.T.);
#1161 = SURFACE_CURVE('',#1162,(#1167,#1174),.PCURVE_S1.);
#1162 = CIRCLE('',#1163,8.4);
#1163 = AXIS2_PLACEMENT_3D('',#1164,#1165,#1166);
#1164 = CARTESIAN_POINT('',(0.,0.,2.));
#1165 = DIRECTION('',(0.,0.,1.));
#1166 = DIRECTION('',(1.,0.,0.));
#1167 = PCURVE('',#336,#1168);
#1168 = DEFINITIONAL_REPRESENTATION('',(#1169),#1173);
#1169 = LINE('',#1170,#1171);
#1170 = CARTESIAN_POINT('',(-0.,-2.));
#1171 = VECTOR('',#1172,1.);
#1172 = DIRECTION('',(-1.,0.));
#1173 = ( GEOMETRIC_REPRESENTATION_CONTEXT(2) 
PARAMETRIC_REPRESENTATION_CONTEXT() REPRESENTATION_CONTEXT('2D SPACE',''
  ) );
#1174 = PCURVE('',#1104,#1175);
#1175 = DEFINITIONAL_REPRESENTATION('',(#1176),#1180);
#1176 = CIRCLE('',#1177,8.4);
#1177 = AXIS2_PLACEMENT_2D('',#1178,#1179);
#1178 = CARTESIAN_POINT('',(6.511619678759E-16,-3.082608641147E-16));
#1179 = DIRECTION('',(1.,0.));
#1180 = ( GEOMETRIC_REPRESENTATION_CONTEXT(2) 
PARAMETRIC_REPRESENTATION_CONTEXT() REPRESENTATION_CONTEXT('2D SPACE',''
  ) );
#1181 = ADVANCED_FACE('',(#1182),#307,.T.);
#1182 = FACE_BOUND('',#1183,.T.);
#1183 = EDGE_LOOP('',(#1184,#1185,#1206,#1234,#1255,#1274));
#1184 = ORIENTED_EDGE('',*,*,#291,.F.);
#1185 = ORIENTED_EDGE('',*,*,#1186,.F.);
#1186 = EDGE_CURVE('',#1187,#263,#1189,.T.);
#1187 = VERTEX_POINT('',#1188);
#1188 = CARTESIAN_POINT('',(-8.216903309641,-3.15,41.8));
#1189 = SURFACE_CURVE('',#1190,(#1194,#1200),.PCURVE_S1.);
#1190 = LINE('',#1191,#1192);
#1191 = CARTESIAN_POINT('',(-8.216903309642,-3.15,0.));
#1192 = VECTOR('',#1193,1.);
#1193 = DIRECTION('',(-0.,-0.,-1.));
#1194 = PCURVE('',#307,#1195);
#1195 = DEFINITIONAL_REPRESENTATION('',(#1196),#1199);
#1196 = B_SPLINE_CURVE_WITH_KNOTS('',1,(#1197,#1198),.UNSPECIFIED.,.F.,
  .F.,(2,2),(-41.8000006,6.E-07),.PIECEWISE_BEZIER_KNOTS.);
#1197 = CARTESIAN_POINT('',(41.8000006,0.583096690358));
#1198 = CARTESIAN_POINT('',(-6.E-07,0.583096690358));
#1199 = ( GEOMETRIC_REPRESENTATION_CONTEXT(2) 
PARAMETRIC_REPRESENTATION_CONTEXT() REPRESENTATION_CONTEXT('2D SPACE',''
  ) );
#1200 = PCURVE('',#279,#1201);
#1201 = DEFINITIONAL_REPRESENTATION('',(#1202),#1205);
#1202 = B_SPLINE_CURVE_WITH_KNOTS('',1,(#1203,#1204),.UNSPECIFIED.,.F.,
  .F.,(2,2),(-41.8000006,6.E-07),.PIECEWISE_BEZIER_KNOTS.);
#1203 = CARTESIAN_POINT('',(-3.507669018401,-41.8000006));
#1204 = CARTESIAN_POINT('',(-3.507669018401,6.E-07));
#1205 = ( GEOMETRIC_REPRESENTATION_CONTEXT(2) 
PARAMETRIC_REPRESENTATION_CONTEXT() REPRESENTATION_CONTEXT('2D SPACE',''
  ) );
#1206 = ORIENTED_EDGE('',*,*,#1207,.T.);
#1207 = EDGE_CURVE('',#1187,#1208,#1210,.T.);
#1208 = VERTEX_POINT('',#1209);
#1209 = CARTESIAN_POINT('',(-5.799784478754,-3.15,41.8));
#1210 = SURFACE_CURVE('',#1211,(#1215,#1222),.PCURVE_S1.);
#1211 = LINE('',#1212,#1213);
#1212 = CARTESIAN_POINT('',(-8.8,-3.15,41.8));
#1213 = VECTOR('',#1214,1.);
#1214 = DIRECTION('',(1.,0.,0.));
#1215 = PCURVE('',#307,#1216);
#1216 = DEFINITIONAL_REPRESENTATION('',(#1217),#1221);
#1217 = LINE('',#1218,#1219);
#1218 = CARTESIAN_POINT('',(41.8,0.));
#1219 = VECTOR('',#1220,1.);
#1220 = DIRECTION('',(0.,1.));
#1221 = ( GEOMETRIC_REPRESENTATION_CONTEXT(2) 
PARAMETRIC_REPRESENTATION_CONTEXT() REPRESENTATION_CONTEXT('2D SPACE',''
  ) );
#1222 = PCURVE('',#1223,#1228);
#1223 = PLANE('',#1224);
#1224 = AXIS2_PLACEMENT_3D('',#1225,#1226,#1227);
#1225 = CARTESIAN_POINT('',(-8.8,-3.15,41.8));
#1226 = DIRECTION('',(0.,0.,1.));
#1227 = DIRECTION('',(1.,0.,0.));
#1228 = DEFINITIONAL_REPRESENTATION('',(#1229),#1233);
#1229 = LINE('',#1230,#1231);
#1230 = CARTESIAN_POINT('',(0.,0.));
#1231 = VECTOR('',#1232,1.);
#1232 = DIRECTION('',(1.,0.));
#1233 = ( GEOMETRIC_REPRESENTATION_CONTEXT(2) 
PARAMETRIC_REPRESENTATION_CONTEXT() REPRESENTATION_CONTEXT('2D SPACE',''
  ) );
#1234 = ORIENTED_EDGE('',*,*,#1235,.T.);
#1235 = EDGE_CURVE('',#1208,#1236,#1238,.T.);
#1236 = VERTEX_POINT('',#1237);
#1237 = CARTESIAN_POINT('',(-5.799784478754,-3.15,2.));
#1238 = SURFACE_CURVE('',#1239,(#1243,#1249),.PCURVE_S1.);
#1239 = LINE('',#1240,#1241);
#1240 = CARTESIAN_POINT('',(-5.799784478754,-3.15,0.));
#1241 = VECTOR('',#1242,1.);
#1242 = DIRECTION('',(-0.,-0.,-1.));
#1243 = PCURVE('',#307,#1244);
#1244 = DEFINITIONAL_REPRESENTATION('',(#1245),#1248);
#1245 = B_SPLINE_CURVE_WITH_KNOTS('',1,(#1246,#1247),.UNSPECIFIED.,.F.,
  .F.,(2,2),(-45.98,6.E-07),.PIECEWISE_BEZIER_KNOTS.);
#1246 = CARTESIAN_POINT('',(45.98,3.000215521246));
#1247 = CARTESIAN_POINT('',(-6.E-07,3.000215521246));
#1248 = ( GEOMETRIC_REPRESENTATION_CONTEXT(2) 
PARAMETRIC_REPRESENTATION_CONTEXT() REPRESENTATION_CONTEXT('2D SPACE',''
  ) );
#1249 = PCURVE('',#642,#1250);
#1250 = DEFINITIONAL_REPRESENTATION('',(#1251),#1254);
#1251 = B_SPLINE_CURVE_WITH_KNOTS('',1,(#1252,#1253),.UNSPECIFIED.,.F.,
  .F.,(2,2),(-45.98,6.E-07),.PIECEWISE_BEZIER_KNOTS.);
#1252 = CARTESIAN_POINT('',(-3.639141177262,-45.98));
#1253 = CARTESIAN_POINT('',(-3.639141177262,6.E-07));
#1254 = ( GEOMETRIC_REPRESENTATION_CONTEXT(2) 
PARAMETRIC_REPRESENTATION_CONTEXT() REPRESENTATION_CONTEXT('2D SPACE',''
  ) );
#1255 = ORIENTED_EDGE('',*,*,#1256,.F.);
#1256 = EDGE_CURVE('',#1140,#1236,#1257,.T.);
#1257 = SURFACE_CURVE('',#1258,(#1262,#1268),.PCURVE_S1.);
#1258 = LINE('',#1259,#1260);
#1259 = CARTESIAN_POINT('',(-4.4,-3.15,2.));
#1260 = VECTOR('',#1261,1.);
#1261 = DIRECTION('',(1.,0.,0.));
#1262 = PCURVE('',#307,#1263);
#1263 = DEFINITIONAL_REPRESENTATION('',(#1264),#1267);
#1264 = B_SPLINE_CURVE_WITH_KNOTS('',1,(#1265,#1266),.UNSPECIFIED.,.F.,
  .F.,(2,2),(-3.816903309642,-1.399784478754),.PIECEWISE_BEZIER_KNOTS.);
#1265 = CARTESIAN_POINT('',(2.,0.583096690358));
#1266 = CARTESIAN_POINT('',(2.,3.000215521246));
#1267 = ( GEOMETRIC_REPRESENTATION_CONTEXT(2) 
PARAMETRIC_REPRESENTATION_CONTEXT() REPRESENTATION_CONTEXT('2D SPACE',''
  ) );
#1268 = PCURVE('',#1104,#1269);
#1269 = DEFINITIONAL_REPRESENTATION('',(#1270),#1273);
#1270 = B_SPLINE_CURVE_WITH_KNOTS('',1,(#1271,#1272),.UNSPECIFIED.,.F.,
  .F.,(2,2),(-3.816903309642,-1.399784478754),.PIECEWISE_BEZIER_KNOTS.);
#1271 = CARTESIAN_POINT('',(-8.216903309642,-3.15));
#1272 = CARTESIAN_POINT('',(-5.799784478754,-3.15));
#1273 = ( GEOMETRIC_REPRESENTATION_CONTEXT(2) 
PARAMETRIC_REPRESENTATION_CONTEXT() REPRESENTATION_CONTEXT('2D SPACE',''
  ) );
#1274 = ORIENTED_EDGE('',*,*,#1139,.T.);
#1275 = ADVANCED_FACE('',(#1276),#279,.F.);
#1276 = FACE_BOUND('',#1277,.T.);
#1277 = EDGE_LOOP('',(#1278,#1279,#1300,#1326));
#1278 = ORIENTED_EDGE('',*,*,#262,.F.);
#1279 = ORIENTED_EDGE('',*,*,#1280,.F.);
#1280 = EDGE_CURVE('',#1281,#235,#1283,.T.);
#1281 = VERTEX_POINT('',#1282);
#1282 = CARTESIAN_POINT('',(-8.216903309641,3.15,41.8));
#1283 = SURFACE_CURVE('',#1284,(#1288,#1294),.PCURVE_S1.);
#1284 = LINE('',#1285,#1286);
#1285 = CARTESIAN_POINT('',(-8.216903309642,3.15,0.));
#1286 = VECTOR('',#1287,1.);
#1287 = DIRECTION('',(-0.,-0.,-1.));
#1288 = PCURVE('',#279,#1289);
#1289 = DEFINITIONAL_REPRESENTATION('',(#1290),#1293);
#1290 = B_SPLINE_CURVE_WITH_KNOTS('',1,(#1291,#1292),.UNSPECIFIED.,.F.,
  .F.,(2,2),(-41.8000006,6.E-07),.PIECEWISE_BEZIER_KNOTS.);
#1291 = CARTESIAN_POINT('',(-2.775516288779,-41.8000006));
#1292 = CARTESIAN_POINT('',(-2.775516288779,6.E-07));
#1293 = ( GEOMETRIC_REPRESENTATION_CONTEXT(2) 
PARAMETRIC_REPRESENTATION_CONTEXT() REPRESENTATION_CONTEXT('2D SPACE',''
  ) );
#1294 = PCURVE('',#250,#1295);
#1295 = DEFINITIONAL_REPRESENTATION('',(#1296),#1299);
#1296 = B_SPLINE_CURVE_WITH_KNOTS('',1,(#1297,#1298),.UNSPECIFIED.,.F.,
  .F.,(2,2),(-41.8000006,6.E-07),.PIECEWISE_BEZIER_KNOTS.);
#1297 = CARTESIAN_POINT('',(41.8000006,0.583096690358));
#1298 = CARTESIAN_POINT('',(-6.E-07,0.583096690358));
#1299 = ( GEOMETRIC_REPRESENTATION_CONTEXT(2) 
PARAMETRIC_REPRESENTATION_CONTEXT() REPRESENTATION_CONTEXT('2D SPACE',''
  ) );
#1300 = ORIENTED_EDGE('',*,*,#1301,.F.);
#1301 = EDGE_CURVE('',#1187,#1281,#1302,.T.);
#1302 = SURFACE_CURVE('',#1303,(#1308,#1315),.PCURVE_S1.);
#1303 = CIRCLE('',#1304,8.8);
#1304 = AXIS2_PLACEMENT_3D('',#1305,#1306,#1307);
#1305 = CARTESIAN_POINT('',(0.,0.,41.8));
#1306 = DIRECTION('',(-0.,0.,-1.));
#1307 = DIRECTION('',(-0.933739012459,-0.357954545455,0.));
#1308 = PCURVE('',#279,#1309);
#1309 = DEFINITIONAL_REPRESENTATION('',(#1310),#1314);
#1310 = LINE('',#1311,#1312);
#1311 = CARTESIAN_POINT('',(-3.507669018401,-41.8));
#1312 = VECTOR('',#1313,1.);
#1313 = DIRECTION('',(1.,-0.));
#1314 = ( GEOMETRIC_REPRESENTATION_CONTEXT(2) 
PARAMETRIC_REPRESENTATION_CONTEXT() REPRESENTATION_CONTEXT('2D SPACE',''
  ) );
#1315 = PCURVE('',#1223,#1316);
#1316 = DEFINITIONAL_REPRESENTATION('',(#1317),#1325);
#1317 = ( BOUNDED_CURVE() B_SPLINE_CURVE(2,(#1318,#1319,#1320,#1321,
#1322,#1323,#1324),.UNSPECIFIED.,.T.,.F.) B_SPLINE_CURVE_WITH_KNOTS((1,2
    ,2,2,2,1),(-2.094395102393,0.,2.094395102393,4.188790204786,
6.28318530718,8.377580409573),.UNSPECIFIED.) CURVE() 
GEOMETRIC_REPRESENTATION_ITEM() RATIONAL_B_SPLINE_CURVE((1.,0.5,1.,0.5,
1.,0.5,1.)) REPRESENTATION_ITEM('') );
#1318 = CARTESIAN_POINT('',(0.583096690358,-2.526867604047E-13));
#1319 = CARTESIAN_POINT('',(-4.872863353484,14.23209401318));
#1320 = CARTESIAN_POINT('',(10.1804716329,11.84104700659));
#1321 = CARTESIAN_POINT('',(25.233806619283,9.450000000001));
#1322 = CARTESIAN_POINT('',(15.636431676742,-2.39104700659));
#1323 = CARTESIAN_POINT('',(6.039056734201,-14.23209401318));
#1324 = CARTESIAN_POINT('',(0.583096690358,-2.526867604047E-13));
#1325 = ( GEOMETRIC_REPRESENTATION_CONTEXT(2) 
PARAMETRIC_REPRESENTATION_CONTEXT() REPRESENTATION_CONTEXT('2D SPACE',''
  ) );
#1326 = ORIENTED_EDGE('',*,*,#1186,.T.);
#1327 = ADVANCED_FACE('',(#1328),#250,.F.);
#1328 = FACE_BOUND('',#1329,.F.);
#1329 = EDGE_LOOP('',(#1330,#1331,#1332,#1355,#1376,#1402));
#1330 = ORIENTED_EDGE('',*,*,#234,.F.);
#1331 = ORIENTED_EDGE('',*,*,#1280,.F.);
#1332 = ORIENTED_EDGE('',*,*,#1333,.T.);
#1333 = EDGE_CURVE('',#1281,#1334,#1336,.T.);
#1334 = VERTEX_POINT('',#1335);
#1335 = CARTESIAN_POINT('',(-5.799784478754,3.15,41.8));
#1336 = SURFACE_CURVE('',#1337,(#1341,#1348),.PCURVE_S1.);
#1337 = LINE('',#1338,#1339);
#1338 = CARTESIAN_POINT('',(-8.8,3.15,41.8));
#1339 = VECTOR('',#1340,1.);
#1340 = DIRECTION('',(1.,0.,0.));
#1341 = PCURVE('',#250,#1342);
#1342 = DEFINITIONAL_REPRESENTATION('',(#1343),#1347);
#1343 = LINE('',#1344,#1345);
#1344 = CARTESIAN_POINT('',(41.8,0.));
#1345 = VECTOR('',#1346,1.);
#1346 = DIRECTION('',(0.,1.));
#1347 = ( GEOMETRIC_REPRESENTATION_CONTEXT(2) 
PARAMETRIC_REPRESENTATION_CONTEXT() REPRESENTATION_CONTEXT('2D SPACE',''
  ) );
#1348 = PCURVE('',#1223,#1349);
#1349 = DEFINITIONAL_REPRESENTATION('',(#1350),#1354);
#1350 = LINE('',#1351,#1352);
#1351 = CARTESIAN_POINT('',(0.,6.3));
#1352 = VECTOR('',#1353,1.);
#1353 = DIRECTION('',(1.,0.));
#1354 = ( GEOMETRIC_REPRESENTATION_CONTEXT(2) 
PARAMETRIC_REPRESENTATION_CONTEXT() REPRESENTATION_CONTEXT('2D SPACE',''
  ) );
#1355 = ORIENTED_EDGE('',*,*,#1356,.T.);
#1356 = EDGE_CURVE('',#1334,#1357,#1359,.T.);
#1357 = VERTEX_POINT('',#1358);
#1358 = CARTESIAN_POINT('',(-5.799784478754,3.15,2.));
#1359 = SURFACE_CURVE('',#1360,(#1364,#1370),.PCURVE_S1.);
#1360 = LINE('',#1361,#1362);
#1361 = CARTESIAN_POINT('',(-5.799784478754,3.15,0.));
#1362 = VECTOR('',#1363,1.);
#1363 = DIRECTION('',(-0.,-0.,-1.));
#1364 = PCURVE('',#250,#1365);
#1365 = DEFINITIONAL_REPRESENTATION('',(#1366),#1369);
#1366 = B_SPLINE_CURVE_WITH_KNOTS('',1,(#1367,#1368),.UNSPECIFIED.,.F.,
  .F.,(2,2),(-45.98,6.E-07),.PIECEWISE_BEZIER_KNOTS.);
#1367 = CARTESIAN_POINT('',(45.98,3.000215521246));
#1368 = CARTESIAN_POINT('',(-6.E-07,3.000215521246));
#1369 = ( GEOMETRIC_REPRESENTATION_CONTEXT(2) 
PARAMETRIC_REPRESENTATION_CONTEXT() REPRESENTATION_CONTEXT('2D SPACE',''
  ) );
#1370 = PCURVE('',#642,#1371);
#1371 = DEFINITIONAL_REPRESENTATION('',(#1372),#1375);
#1372 = B_SPLINE_CURVE_WITH_KNOTS('',1,(#1373,#1374),.UNSPECIFIED.,.F.,
  .F.,(2,2),(-45.98,6.E-07),.PIECEWISE_BEZIER_KNOTS.);
#1373 = CARTESIAN_POINT('',(-2.644044129918,-45.98));
#1374 = CARTESIAN_POINT('',(-2.644044129918,6.E-07));
#1375 = ( GEOMETRIC_REPRESENTATION_CONTEXT(2) 
PARAMETRIC_REPRESENTATION_CONTEXT() REPRESENTATION_CONTEXT('2D SPACE',''
  ) );
#1376 = ORIENTED_EDGE('',*,*,#1377,.F.);
#1377 = EDGE_CURVE('',#1378,#1357,#1380,.T.);
#1378 = VERTEX_POINT('',#1379);
#1379 = CARTESIAN_POINT('',(-7.78700841145,3.15,2.));
#1380 = SURFACE_CURVE('',#1381,(#1385,#1391),.PCURVE_S1.);
#1381 = LINE('',#1382,#1383);
#1382 = CARTESIAN_POINT('',(-4.4,3.15,2.));
#1383 = VECTOR('',#1384,1.);
#1384 = DIRECTION('',(1.,0.,0.));
#1385 = PCURVE('',#250,#1386);
#1386 = DEFINITIONAL_REPRESENTATION('',(#1387),#1390);
#1387 = B_SPLINE_CURVE_WITH_KNOTS('',1,(#1388,#1389),.UNSPECIFIED.,.F.,
  .F.,(2,2),(-3.816903309642,-1.399784478754),.PIECEWISE_BEZIER_KNOTS.);
#1388 = CARTESIAN_POINT('',(2.,0.583096690358));
#1389 = CARTESIAN_POINT('',(2.,3.000215521246));
#1390 = ( GEOMETRIC_REPRESENTATION_CONTEXT(2) 
PARAMETRIC_REPRESENTATION_CONTEXT() REPRESENTATION_CONTEXT('2D SPACE',''
  ) );
#1391 = PCURVE('',#1392,#1397);
#1392 = PLANE('',#1393);
#1393 = AXIS2_PLACEMENT_3D('',#1394,#1395,#1396);
#1394 = CARTESIAN_POINT('',(-6.511619678759E-16,3.082608641147E-16,2.));
#1395 = DIRECTION('',(0.,0.,1.));
#1396 = DIRECTION('',(1.,0.,-0.));
#1397 = DEFINITIONAL_REPRESENTATION('',(#1398),#1401);
#1398 = B_SPLINE_CURVE_WITH_KNOTS('',1,(#1399,#1400),.UNSPECIFIED.,.F.,
  .F.,(2,2),(-3.816903309642,-1.399784478754),.PIECEWISE_BEZIER_KNOTS.);
#1399 = CARTESIAN_POINT('',(-8.216903309642,3.15));
#1400 = CARTESIAN_POINT('',(-5.799784478754,3.15));
#1401 = ( GEOMETRIC_REPRESENTATION_CONTEXT(2) 
PARAMETRIC_REPRESENTATION_CONTEXT() REPRESENTATION_CONTEXT('2D SPACE',''
  ) );
#1402 = ORIENTED_EDGE('',*,*,#1403,.T.);
#1403 = EDGE_CURVE('',#1378,#206,#1404,.T.);
#1404 = SURFACE_CURVE('',#1405,(#1409,#1415),.PCURVE_S1.);
#1405 = LINE('',#1406,#1407);
#1406 = CARTESIAN_POINT('',(-7.78700841145,3.15,0.));
#1407 = VECTOR('',#1408,1.);
#1408 = DIRECTION('',(-0.,-0.,-1.));
#1409 = PCURVE('',#250,#1410);
#1410 = DEFINITIONAL_REPRESENTATION('',(#1411),#1414);
#1411 = B_SPLINE_CURVE_WITH_KNOTS('',1,(#1412,#1413),.UNSPECIFIED.,.F.,
  .F.,(2,2),(-2.0000006,6.E-07),.PIECEWISE_BEZIER_KNOTS.);
#1412 = CARTESIAN_POINT('',(2.0000006,1.01299158855));
#1413 = CARTESIAN_POINT('',(-6.E-07,1.01299158855));
#1414 = ( GEOMETRIC_REPRESENTATION_CONTEXT(2) 
PARAMETRIC_REPRESENTATION_CONTEXT() REPRESENTATION_CONTEXT('2D SPACE',''
  ) );
#1415 = PCURVE('',#222,#1416);
#1416 = DEFINITIONAL_REPRESENTATION('',(#1417),#1420);
#1417 = B_SPLINE_CURVE_WITH_KNOTS('',1,(#1418,#1419),.UNSPECIFIED.,.F.,
  .F.,(2,2),(-2.0000006,6.E-07),.PIECEWISE_BEZIER_KNOTS.);
#1418 = CARTESIAN_POINT('',(-2.757195879094,-2.0000006));
#1419 = CARTESIAN_POINT('',(-2.757195879094,6.E-07));
#1420 = ( GEOMETRIC_REPRESENTATION_CONTEXT(2) 
PARAMETRIC_REPRESENTATION_CONTEXT() REPRESENTATION_CONTEXT('2D SPACE',''
  ) );
#1421 = ADVANCED_FACE('',(#1422),#222,.F.);
#1422 = FACE_BOUND('',#1423,.T.);
#1423 = EDGE_LOOP('',(#1424,#1425,#1446,#1468));
#1424 = ORIENTED_EDGE('',*,*,#205,.F.);
#1425 = ORIENTED_EDGE('',*,*,#1426,.F.);
#1426 = EDGE_CURVE('',#1427,#178,#1429,.T.);
#1427 = VERTEX_POINT('',#1428);
#1428 = CARTESIAN_POINT('',(-4.7,6.96203993094,2.));
#1429 = SURFACE_CURVE('',#1430,(#1434,#1440),.PCURVE_S1.);
#1430 = LINE('',#1431,#1432);
#1431 = CARTESIAN_POINT('',(-4.7,6.96203993094,0.));
#1432 = VECTOR('',#1433,1.);
#1433 = DIRECTION('',(-0.,-0.,-1.));
#1434 = PCURVE('',#222,#1435);
#1435 = DEFINITIONAL_REPRESENTATION('',(#1436),#1439);
#1436 = B_SPLINE_CURVE_WITH_KNOTS('',1,(#1437,#1438),.UNSPECIFIED.,.F.,
  .F.,(2,2),(-2.0000006,6.E-07),.PIECEWISE_BEZIER_KNOTS.);
#1437 = CARTESIAN_POINT('',(-2.164607471049,-2.0000006));
#1438 = CARTESIAN_POINT('',(-2.164607471049,6.E-07));
#1439 = ( GEOMETRIC_REPRESENTATION_CONTEXT(2) 
PARAMETRIC_REPRESENTATION_CONTEXT() REPRESENTATION_CONTEXT('2D SPACE',''
  ) );
#1440 = PCURVE('',#193,#1441);
#1441 = DEFINITIONAL_REPRESENTATION('',(#1442),#1445);
#1442 = B_SPLINE_CURVE_WITH_KNOTS('',1,(#1443,#1444),.UNSPECIFIED.,.F.,
  .F.,(2,2),(-2.0000006,6.E-07),.PIECEWISE_BEZIER_KNOTS.);
#1443 = CARTESIAN_POINT('',(2.0000006,17.21203993094));
#1444 = CARTESIAN_POINT('',(-6.E-07,17.21203993094));
#1445 = ( GEOMETRIC_REPRESENTATION_CONTEXT(2) 
PARAMETRIC_REPRESENTATION_CONTEXT() REPRESENTATION_CONTEXT('2D SPACE',''
  ) );
#1446 = ORIENTED_EDGE('',*,*,#1447,.T.);
#1447 = EDGE_CURVE('',#1427,#1378,#1448,.T.);
#1448 = SURFACE_CURVE('',#1449,(#1454,#1461),.PCURVE_S1.);
#1449 = CIRCLE('',#1450,8.4);
#1450 = AXIS2_PLACEMENT_3D('',#1451,#1452,#1453);
#1451 = CARTESIAN_POINT('',(0.,0.,2.));
#1452 = DIRECTION('',(0.,0.,1.));
#1453 = DIRECTION('',(1.,0.,0.));
#1454 = PCURVE('',#222,#1455);
#1455 = DEFINITIONAL_REPRESENTATION('',(#1456),#1460);
#1456 = LINE('',#1457,#1458);
#1457 = CARTESIAN_POINT('',(-0.,-2.));
#1458 = VECTOR('',#1459,1.);
#1459 = DIRECTION('',(-1.,0.));
#1460 = ( GEOMETRIC_REPRESENTATION_CONTEXT(2) 
PARAMETRIC_REPRESENTATION_CONTEXT() REPRESENTATION_CONTEXT('2D SPACE',''
  ) );
#1461 = PCURVE('',#1392,#1462);
#1462 = DEFINITIONAL_REPRESENTATION('',(#1463),#1467);
#1463 = CIRCLE('',#1464,8.4);
#1464 = AXIS2_PLACEMENT_2D('',#1465,#1466);
#1465 = CARTESIAN_POINT('',(6.511619678759E-16,-3.082608641147E-16));
#1466 = DIRECTION('',(1.,0.));
#1467 = ( GEOMETRIC_REPRESENTATION_CONTEXT(2) 
PARAMETRIC_REPRESENTATION_CONTEXT() REPRESENTATION_CONTEXT('2D SPACE',''
  ) );
#1468 = ORIENTED_EDGE('',*,*,#1403,.T.);
#1469 = ADVANCED_FACE('',(#1470),#193,.F.);
#1470 = FACE_BOUND('',#1471,.F.);
#1471 = EDGE_LOOP('',(#1472,#1473,#1474,#1495,#1516,#1544));
#1472 = ORIENTED_EDGE('',*,*,#177,.F.);
#1473 = ORIENTED_EDGE('',*,*,#1426,.F.);
#1474 = ORIENTED_EDGE('',*,*,#1475,.F.);
#1475 = EDGE_CURVE('',#1476,#1427,#1478,.T.);
#1476 = VERTEX_POINT('',#1477);
#1477 = CARTESIAN_POINT('',(-4.7,4.633573135281,2.));
#1478 = SURFACE_CURVE('',#1479,(#1483,#1489),.PCURVE_S1.);
#1479 = LINE('',#1480,#1481);
#1480 = CARTESIAN_POINT('',(-4.7,-5.125,2.));
#1481 = VECTOR('',#1482,1.);
#1482 = DIRECTION('',(1.110223024625E-16,1.,-0.));
#1483 = PCURVE('',#193,#1484);
#1484 = DEFINITIONAL_REPRESENTATION('',(#1485),#1488);
#1485 = B_SPLINE_CURVE_WITH_KNOTS('',1,(#1486,#1487),.UNSPECIFIED.,.F.,
  .F.,(2,2),(9.758573135281,13.525),.PIECEWISE_BEZIER_KNOTS.);
#1486 = CARTESIAN_POINT('',(2.,14.883573135281));
#1487 = CARTESIAN_POINT('',(2.,18.65));
#1488 = ( GEOMETRIC_REPRESENTATION_CONTEXT(2) 
PARAMETRIC_REPRESENTATION_CONTEXT() REPRESENTATION_CONTEXT('2D SPACE',''
  ) );
#1489 = PCURVE('',#1392,#1490);
#1490 = DEFINITIONAL_REPRESENTATION('',(#1491),#1494);
#1491 = B_SPLINE_CURVE_WITH_KNOTS('',1,(#1492,#1493),.UNSPECIFIED.,.F.,
  .F.,(2,2),(9.758573135281,13.525),.PIECEWISE_BEZIER_KNOTS.);
#1492 = CARTESIAN_POINT('',(-4.7,4.633573135281));
#1493 = CARTESIAN_POINT('',(-4.7,8.4));
#1494 = ( GEOMETRIC_REPRESENTATION_CONTEXT(2) 
PARAMETRIC_REPRESENTATION_CONTEXT() REPRESENTATION_CONTEXT('2D SPACE',''
  ) );
#1495 = ORIENTED_EDGE('',*,*,#1496,.F.);
#1496 = EDGE_CURVE('',#1497,#1476,#1499,.T.);
#1497 = VERTEX_POINT('',#1498);
#1498 = CARTESIAN_POINT('',(-4.7,4.633573135281,48.));
#1499 = SURFACE_CURVE('',#1500,(#1504,#1510),.PCURVE_S1.);
#1500 = LINE('',#1501,#1502);
#1501 = CARTESIAN_POINT('',(-4.7,4.633573135281,0.));
#1502 = VECTOR('',#1503,1.);
#1503 = DIRECTION('',(-0.,-0.,-1.));
#1504 = PCURVE('',#193,#1505);
#1505 = DEFINITIONAL_REPRESENTATION('',(#1506),#1509);
#1506 = B_SPLINE_CURVE_WITH_KNOTS('',1,(#1507,#1508),.UNSPECIFIED.,.F.,
  .F.,(2,2),(-52.8,6.E-07),.PIECEWISE_BEZIER_KNOTS.);
#1507 = CARTESIAN_POINT('',(52.8,14.883573135281));
#1508 = CARTESIAN_POINT('',(-6.E-07,14.883573135281));
#1509 = ( GEOMETRIC_REPRESENTATION_CONTEXT(2) 
PARAMETRIC_REPRESENTATION_CONTEXT() REPRESENTATION_CONTEXT('2D SPACE',''
  ) );
#1510 = PCURVE('',#642,#1511);
#1511 = DEFINITIONAL_REPRESENTATION('',(#1512),#1515);
#1512 = B_SPLINE_CURVE_WITH_KNOTS('',1,(#1513,#1514),.UNSPECIFIED.,.F.,
  .F.,(2,2),(-52.8,6.E-07),.PIECEWISE_BEZIER_KNOTS.);
#1513 = CARTESIAN_POINT('',(-2.363311351254,-52.8));
#1514 = CARTESIAN_POINT('',(-2.363311351254,6.E-07));
#1515 = ( GEOMETRIC_REPRESENTATION_CONTEXT(2) 
PARAMETRIC_REPRESENTATION_CONTEXT() REPRESENTATION_CONTEXT('2D SPACE',''
  ) );
#1516 = ORIENTED_EDGE('',*,*,#1517,.T.);
#1517 = EDGE_CURVE('',#1497,#1518,#1520,.T.);
#1518 = VERTEX_POINT('',#1519);
#1519 = CARTESIAN_POINT('',(-4.7,9.108924195535,48.));
#1520 = SURFACE_CURVE('',#1521,(#1525,#1532),.PCURVE_S1.);
#1521 = LINE('',#1522,#1523);
#1522 = CARTESIAN_POINT('',(-4.7,-10.25,48.));
#1523 = VECTOR('',#1524,1.);
#1524 = DIRECTION('',(1.110223024625E-16,1.,0.));
#1525 = PCURVE('',#193,#1526);
#1526 = DEFINITIONAL_REPRESENTATION('',(#1527),#1531);
#1527 = LINE('',#1528,#1529);
#1528 = CARTESIAN_POINT('',(48.,0.));
#1529 = VECTOR('',#1530,1.);
#1530 = DIRECTION('',(0.,1.));
#1531 = ( GEOMETRIC_REPRESENTATION_CONTEXT(2) 
PARAMETRIC_REPRESENTATION_CONTEXT() REPRESENTATION_CONTEXT('2D SPACE',''
  ) );
#1532 = PCURVE('',#1533,#1538);
#1533 = PLANE('',#1534);
#1534 = AXIS2_PLACEMENT_3D('',#1535,#1536,#1537);
#1535 = CARTESIAN_POINT('',(4.7,-10.25,48.));
#1536 = DIRECTION('',(0.,0.,1.));
#1537 = DIRECTION('',(1.110223024625E-16,1.,0.));
#1538 = DEFINITIONAL_REPRESENTATION('',(#1539),#1543);
#1539 = LINE('',#1540,#1541);
#1540 = CARTESIAN_POINT('',(-1.043609643148E-15,9.4));
#1541 = VECTOR('',#1542,1.);
#1542 = DIRECTION('',(1.,0.));
#1543 = ( GEOMETRIC_REPRESENTATION_CONTEXT(2) 
PARAMETRIC_REPRESENTATION_CONTEXT() REPRESENTATION_CONTEXT('2D SPACE',''
  ) );
#1544 = ORIENTED_EDGE('',*,*,#1545,.T.);
#1545 = EDGE_CURVE('',#1518,#145,#1546,.T.);
#1546 = SURFACE_CURVE('',#1547,(#1551,#1558),.PCURVE_S1.);
#1547 = LINE('',#1548,#1549);
#1548 = CARTESIAN_POINT('',(-4.7,9.108924195535,0.));
#1549 = VECTOR('',#1550,1.);
#1550 = DIRECTION('',(0.,-0.,-1.));
#1551 = PCURVE('',#193,#1552);
#1552 = DEFINITIONAL_REPRESENTATION('',(#1553),#1557);
#1553 = LINE('',#1554,#1555);
#1554 = CARTESIAN_POINT('',(0.,19.358924195535));
#1555 = VECTOR('',#1556,1.);
#1556 = DIRECTION('',(-1.,0.));
#1557 = ( GEOMETRIC_REPRESENTATION_CONTEXT(2) 
PARAMETRIC_REPRESENTATION_CONTEXT() REPRESENTATION_CONTEXT('2D SPACE',''
  ) );
#1558 = PCURVE('',#165,#1559);
#1559 = DEFINITIONAL_REPRESENTATION('',(#1560),#1564);
#1560 = LINE('',#1561,#1562);
#1561 = CARTESIAN_POINT('',(-6.759533068034,0.));
#1562 = VECTOR('',#1563,1.);
#1563 = DIRECTION('',(-0.,1.));
#1564 = ( GEOMETRIC_REPRESENTATION_CONTEXT(2) 
PARAMETRIC_REPRESENTATION_CONTEXT() REPRESENTATION_CONTEXT('2D SPACE',''
  ) );
#1565 = ADVANCED_FACE('',(#1566),#165,.F.);
#1566 = FACE_BOUND('',#1567,.T.);
#1567 = EDGE_LOOP('',(#1568,#1569,#1592,#1614));
#1568 = ORIENTED_EDGE('',*,*,#144,.T.);
#1569 = ORIENTED_EDGE('',*,*,#1570,.F.);
#1570 = EDGE_CURVE('',#1571,#117,#1573,.T.);
#1571 = VERTEX_POINT('',#1572);
#1572 = CARTESIAN_POINT('',(4.7,9.108924195535,48.));
#1573 = SURFACE_CURVE('',#1574,(#1578,#1585),.PCURVE_S1.);
#1574 = LINE('',#1575,#1576);
#1575 = CARTESIAN_POINT('',(4.7,9.108924195535,0.));
#1576 = VECTOR('',#1577,1.);
#1577 = DIRECTION('',(0.,-0.,-1.));
#1578 = PCURVE('',#165,#1579);
#1579 = DEFINITIONAL_REPRESENTATION('',(#1580),#1584);
#1580 = LINE('',#1581,#1582);
#1581 = CARTESIAN_POINT('',(-5.806837546325,0.));
#1582 = VECTOR('',#1583,1.);
#1583 = DIRECTION('',(-0.,1.));
#1584 = ( GEOMETRIC_REPRESENTATION_CONTEXT(2) 
PARAMETRIC_REPRESENTATION_CONTEXT() REPRESENTATION_CONTEXT('2D SPACE',''
  ) );
#1585 = PCURVE('',#132,#1586);
#1586 = DEFINITIONAL_REPRESENTATION('',(#1587),#1591);
#1587 = LINE('',#1588,#1589);
#1588 = CARTESIAN_POINT('',(0.,19.358924195535));
#1589 = VECTOR('',#1590,1.);
#1590 = DIRECTION('',(-1.,0.));
#1591 = ( GEOMETRIC_REPRESENTATION_CONTEXT(2) 
PARAMETRIC_REPRESENTATION_CONTEXT() REPRESENTATION_CONTEXT('2D SPACE',''
  ) );
#1592 = ORIENTED_EDGE('',*,*,#1593,.T.);
#1593 = EDGE_CURVE('',#1571,#1518,#1594,.T.);
#1594 = SURFACE_CURVE('',#1595,(#1600,#1607),.PCURVE_S1.);
#1595 = CIRCLE('',#1596,10.25);
#1596 = AXIS2_PLACEMENT_3D('',#1597,#1598,#1599);
#1597 = CARTESIAN_POINT('',(0.,0.,48.));
#1598 = DIRECTION('',(0.,-0.,1.));
#1599 = DIRECTION('',(0.458536585366,0.888675531272,0.));
#1600 = PCURVE('',#165,#1601);
#1601 = DEFINITIONAL_REPRESENTATION('',(#1602),#1606);
#1602 = LINE('',#1603,#1604);
#1603 = CARTESIAN_POINT('',(-5.806837546326,-48.));
#1604 = VECTOR('',#1605,1.);
#1605 = DIRECTION('',(-1.,0.));
#1606 = ( GEOMETRIC_REPRESENTATION_CONTEXT(2) 
PARAMETRIC_REPRESENTATION_CONTEXT() REPRESENTATION_CONTEXT('2D SPACE',''
  ) );
#1607 = PCURVE('',#1533,#1608);
#1608 = DEFINITIONAL_REPRESENTATION('',(#1609),#1613);
#1609 = CIRCLE('',#1610,10.25);
#1610 = AXIS2_PLACEMENT_2D('',#1611,#1612);
#1611 = CARTESIAN_POINT('',(10.25,4.7));
#1612 = DIRECTION('',(0.888675531272,-0.458536585366));
#1613 = ( GEOMETRIC_REPRESENTATION_CONTEXT(2) 
PARAMETRIC_REPRESENTATION_CONTEXT() REPRESENTATION_CONTEXT('2D SPACE',''
  ) );
#1614 = ORIENTED_EDGE('',*,*,#1545,.T.);
#1615 = ADVANCED_FACE('',(#1616),#132,.T.);
#1616 = FACE_BOUND('',#1617,.T.);
#1617 = EDGE_LOOP('',(#1618,#1619,#1640,#1661,#1682,#1703));
#1618 = ORIENTED_EDGE('',*,*,#116,.F.);
#1619 = ORIENTED_EDGE('',*,*,#1620,.F.);
#1620 = EDGE_CURVE('',#1621,#88,#1623,.T.);
#1621 = VERTEX_POINT('',#1622);
#1622 = CARTESIAN_POINT('',(4.7,6.96203993094,2.));
#1623 = SURFACE_CURVE('',#1624,(#1628,#1634),.PCURVE_S1.);
#1624 = LINE('',#1625,#1626);
#1625 = CARTESIAN_POINT('',(4.7,6.96203993094,0.));
#1626 = VECTOR('',#1627,1.);
#1627 = DIRECTION('',(-0.,-0.,-1.));
#1628 = PCURVE('',#132,#1629);
#1629 = DEFINITIONAL_REPRESENTATION('',(#1630),#1633);
#1630 = B_SPLINE_CURVE_WITH_KNOTS('',1,(#1631,#1632),.UNSPECIFIED.,.F.,
  .F.,(2,2),(-2.0000006,6.E-07),.PIECEWISE_BEZIER_KNOTS.);
#1631 = CARTESIAN_POINT('',(2.0000006,17.21203993094));
#1632 = CARTESIAN_POINT('',(-6.E-07,17.21203993094));
#1633 = ( GEOMETRIC_REPRESENTATION_CONTEXT(2) 
PARAMETRIC_REPRESENTATION_CONTEXT() REPRESENTATION_CONTEXT('2D SPACE',''
  ) );
#1634 = PCURVE('',#104,#1635);
#1635 = DEFINITIONAL_REPRESENTATION('',(#1636),#1639);
#1636 = B_SPLINE_CURVE_WITH_KNOTS('',1,(#1637,#1638),.UNSPECIFIED.,.F.,
  .F.,(2,2),(-2.0000006,6.E-07),.PIECEWISE_BEZIER_KNOTS.);
#1637 = CARTESIAN_POINT('',(-0.976985182541,-2.0000006));
#1638 = CARTESIAN_POINT('',(-0.976985182541,6.E-07));
#1639 = ( GEOMETRIC_REPRESENTATION_CONTEXT(2) 
PARAMETRIC_REPRESENTATION_CONTEXT() REPRESENTATION_CONTEXT('2D SPACE',''
  ) );
#1640 = ORIENTED_EDGE('',*,*,#1641,.F.);
#1641 = EDGE_CURVE('',#1642,#1621,#1644,.T.);
#1642 = VERTEX_POINT('',#1643);
#1643 = CARTESIAN_POINT('',(4.7,4.633573135281,2.));
#1644 = SURFACE_CURVE('',#1645,(#1649,#1655),.PCURVE_S1.);
#1645 = LINE('',#1646,#1647);
#1646 = CARTESIAN_POINT('',(4.7,-5.125,2.));
#1647 = VECTOR('',#1648,1.);
#1648 = DIRECTION('',(1.110223024625E-16,1.,-0.));
#1649 = PCURVE('',#132,#1650);
#1650 = DEFINITIONAL_REPRESENTATION('',(#1651),#1654);
#1651 = B_SPLINE_CURVE_WITH_KNOTS('',1,(#1652,#1653),.UNSPECIFIED.,.F.,
  .F.,(2,2),(9.758573135281,13.525),.PIECEWISE_BEZIER_KNOTS.);
#1652 = CARTESIAN_POINT('',(2.,14.883573135281));
#1653 = CARTESIAN_POINT('',(2.,18.65));
#1654 = ( GEOMETRIC_REPRESENTATION_CONTEXT(2) 
PARAMETRIC_REPRESENTATION_CONTEXT() REPRESENTATION_CONTEXT('2D SPACE',''
  ) );
#1655 = PCURVE('',#616,#1656);
#1656 = DEFINITIONAL_REPRESENTATION('',(#1657),#1660);
#1657 = B_SPLINE_CURVE_WITH_KNOTS('',1,(#1658,#1659),.UNSPECIFIED.,.F.,
  .F.,(2,2),(9.758573135281,13.525),.PIECEWISE_BEZIER_KNOTS.);
#1658 = CARTESIAN_POINT('',(4.7,4.633573135281));
#1659 = CARTESIAN_POINT('',(4.7,8.4));
#1660 = ( GEOMETRIC_REPRESENTATION_CONTEXT(2) 
PARAMETRIC_REPRESENTATION_CONTEXT() REPRESENTATION_CONTEXT('2D SPACE',''
  ) );
#1661 = ORIENTED_EDGE('',*,*,#1662,.F.);
#1662 = EDGE_CURVE('',#1663,#1642,#1665,.T.);
#1663 = VERTEX_POINT('',#1664);
#1664 = CARTESIAN_POINT('',(4.7,4.633573135281,48.));
#1665 = SURFACE_CURVE('',#1666,(#1670,#1676),.PCURVE_S1.);
#1666 = LINE('',#1667,#1668);
#1667 = CARTESIAN_POINT('',(4.7,4.633573135281,0.));
#1668 = VECTOR('',#1669,1.);
#1669 = DIRECTION('',(-0.,-0.,-1.));
#1670 = PCURVE('',#132,#1671);
#1671 = DEFINITIONAL_REPRESENTATION('',(#1672),#1675);
#1672 = B_SPLINE_CURVE_WITH_KNOTS('',1,(#1673,#1674),.UNSPECIFIED.,.F.,
  .F.,(2,2),(-52.8,6.E-07),.PIECEWISE_BEZIER_KNOTS.);
#1673 = CARTESIAN_POINT('',(52.8,14.883573135281));
#1674 = CARTESIAN_POINT('',(-6.E-07,14.883573135281));
#1675 = ( GEOMETRIC_REPRESENTATION_CONTEXT(2) 
PARAMETRIC_REPRESENTATION_CONTEXT() REPRESENTATION_CONTEXT('2D SPACE',''
  ) );
#1676 = PCURVE('',#642,#1677);
#1677 = DEFINITIONAL_REPRESENTATION('',(#1678),#1681);
#1678 = B_SPLINE_CURVE_WITH_KNOTS('',1,(#1679,#1680),.UNSPECIFIED.,.F.,
  .F.,(2,2),(-52.8,6.E-07),.PIECEWISE_BEZIER_KNOTS.);
#1679 = CARTESIAN_POINT('',(-0.778281302336,-52.8));
#1680 = CARTESIAN_POINT('',(-0.778281302336,6.E-07));
#1681 = ( GEOMETRIC_REPRESENTATION_CONTEXT(2) 
PARAMETRIC_REPRESENTATION_CONTEXT() REPRESENTATION_CONTEXT('2D SPACE',''
  ) );
#1682 = ORIENTED_EDGE('',*,*,#1683,.T.);
#1683 = EDGE_CURVE('',#1663,#1571,#1684,.T.);
#1684 = SURFACE_CURVE('',#1685,(#1689,#1696),.PCURVE_S1.);
#1685 = LINE('',#1686,#1687);
#1686 = CARTESIAN_POINT('',(4.7,-10.25,48.));
#1687 = VECTOR('',#1688,1.);
#1688 = DIRECTION('',(1.110223024625E-16,1.,0.));
#1689 = PCURVE('',#132,#1690);
#1690 = DEFINITIONAL_REPRESENTATION('',(#1691),#1695);
#1691 = LINE('',#1692,#1693);
#1692 = CARTESIAN_POINT('',(48.,0.));
#1693 = VECTOR('',#1694,1.);
#1694 = DIRECTION('',(0.,1.));
#1695 = ( GEOMETRIC_REPRESENTATION_CONTEXT(2) 
PARAMETRIC_REPRESENTATION_CONTEXT() REPRESENTATION_CONTEXT('2D SPACE',''
  ) );
#1696 = PCURVE('',#1533,#1697);
#1697 = DEFINITIONAL_REPRESENTATION('',(#1698),#1702);
#1698 = LINE('',#1699,#1700);
#1699 = CARTESIAN_POINT('',(0.,0.));
#1700 = VECTOR('',#1701,1.);
#1701 = DIRECTION('',(1.,0.));
#1702 = ( GEOMETRIC_REPRESENTATION_CONTEXT(2) 
PARAMETRIC_REPRESENTATION_CONTEXT() REPRESENTATION_CONTEXT('2D SPACE',''
  ) );
#1703 = ORIENTED_EDGE('',*,*,#1570,.T.);
#1704 = ADVANCED_FACE('',(#1705),#104,.F.);
#1705 = FACE_BOUND('',#1706,.T.);
#1706 = EDGE_LOOP('',(#1707,#1708,#1709,#1731));
#1707 = ORIENTED_EDGE('',*,*,#87,.F.);
#1708 = ORIENTED_EDGE('',*,*,#580,.F.);
#1709 = ORIENTED_EDGE('',*,*,#1710,.T.);
#1710 = EDGE_CURVE('',#581,#1621,#1711,.T.);
#1711 = SURFACE_CURVE('',#1712,(#1717,#1724),.PCURVE_S1.);
#1712 = CIRCLE('',#1713,8.4);
#1713 = AXIS2_PLACEMENT_3D('',#1714,#1715,#1716);
#1714 = CARTESIAN_POINT('',(0.,0.,2.));
#1715 = DIRECTION('',(0.,0.,1.));
#1716 = DIRECTION('',(1.,0.,0.));
#1717 = PCURVE('',#104,#1718);
#1718 = DEFINITIONAL_REPRESENTATION('',(#1719),#1723);
#1719 = LINE('',#1720,#1721);
#1720 = CARTESIAN_POINT('',(-0.,-2.));
#1721 = VECTOR('',#1722,1.);
#1722 = DIRECTION('',(-1.,0.));
#1723 = ( GEOMETRIC_REPRESENTATION_CONTEXT(2) 
PARAMETRIC_REPRESENTATION_CONTEXT() REPRESENTATION_CONTEXT('2D SPACE',''
  ) );
#1724 = PCURVE('',#616,#1725);
#1725 = DEFINITIONAL_REPRESENTATION('',(#1726),#1730);
#1726 = CIRCLE('',#1727,8.4);
#1727 = AXIS2_PLACEMENT_2D('',#1728,#1729);
#1728 = CARTESIAN_POINT('',(6.511619678759E-16,-3.082608641147E-16));
#1729 = DIRECTION('',(1.,0.));
#1730 = ( GEOMETRIC_REPRESENTATION_CONTEXT(2) 
PARAMETRIC_REPRESENTATION_CONTEXT() REPRESENTATION_CONTEXT('2D SPACE',''
  ) );
#1731 = ORIENTED_EDGE('',*,*,#1620,.T.);
#1732 = ADVANCED_FACE('',(#1733),#563,.T.);
#1733 = FACE_BOUND('',#1734,.T.);
#1734 = EDGE_LOOP('',(#1735,#1736,#1759,#1786));
#1735 = ORIENTED_EDGE('',*,*,#548,.T.);
#1736 = ORIENTED_EDGE('',*,*,#1737,.T.);
#1737 = EDGE_CURVE('',#526,#1738,#1740,.T.);
#1738 = VERTEX_POINT('',#1739);
#1739 = CARTESIAN_POINT('',(13.4,0.,3.2));
#1740 = SEAM_CURVE('',#1741,(#1745,#1752),.PCURVE_S1.);
#1741 = LINE('',#1742,#1743);
#1742 = CARTESIAN_POINT('',(15.,0.,2.));
#1743 = VECTOR('',#1744,1.);
#1744 = DIRECTION('',(-0.8,0.,0.6));
#1745 = PCURVE('',#563,#1746);
#1746 = DEFINITIONAL_REPRESENTATION('',(#1747),#1751);
#1747 = LINE('',#1748,#1749);
#1748 = CARTESIAN_POINT('',(-0.,-0.));
#1749 = VECTOR('',#1750,1.);
#1750 = DIRECTION('',(-0.,-1.));
#1751 = ( GEOMETRIC_REPRESENTATION_CONTEXT(2) 
PARAMETRIC_REPRESENTATION_CONTEXT() REPRESENTATION_CONTEXT('2D SPACE',''
  ) );
#1752 = PCURVE('',#563,#1753);
#1753 = DEFINITIONAL_REPRESENTATION('',(#1754),#1758);
#1754 = LINE('',#1755,#1756);
#1755 = CARTESIAN_POINT('',(-6.28318530718,-0.));
#1756 = VECTOR('',#1757,1.);
#1757 = DIRECTION('',(-0.,-1.));
#1758 = ( GEOMETRIC_REPRESENTATION_CONTEXT(2) 
PARAMETRIC_REPRESENTATION_CONTEXT() REPRESENTATION_CONTEXT('2D SPACE',''
  ) );
#1759 = ORIENTED_EDGE('',*,*,#1760,.F.);
#1760 = EDGE_CURVE('',#1738,#1738,#1761,.T.);
#1761 = SURFACE_CURVE('',#1762,(#1767,#1774),.PCURVE_S1.);
#1762 = CIRCLE('',#1763,13.4);
#1763 = AXIS2_PLACEMENT_3D('',#1764,#1765,#1766);
#1764 = CARTESIAN_POINT('',(0.,0.,3.2));
#1765 = DIRECTION('',(0.,0.,1.));
#1766 = DIRECTION('',(1.,0.,-0.));
#1767 = PCURVE('',#563,#1768);
#1768 = DEFINITIONAL_REPRESENTATION('',(#1769),#1773);
#1769 = LINE('',#1770,#1771);
#1770 = CARTESIAN_POINT('',(-0.,-1.2));
#1771 = VECTOR('',#1772,1.);
#1772 = DIRECTION('',(-1.,-0.));
#1773 = ( GEOMETRIC_REPRESENTATION_CONTEXT(2) 
PARAMETRIC_REPRESENTATION_CONTEXT() REPRESENTATION_CONTEXT('2D SPACE',''
  ) );
#1774 = PCURVE('',#1775,#1780);
#1775 = CYLINDRICAL_SURFACE('',#1776,13.4);
#1776 = AXIS2_PLACEMENT_3D('',#1777,#1778,#1779);
#1777 = CARTESIAN_POINT('',(0.,0.,3.2));
#1778 = DIRECTION('',(0.,0.,1.));
#1779 = DIRECTION('',(1.,0.,-0.));
#1780 = DEFINITIONAL_REPRESENTATION('',(#1781),#1785);
#1781 = LINE('',#1782,#1783);
#1782 = CARTESIAN_POINT('',(0.,0.));
#1783 = VECTOR('',#1784,1.);
#1784 = DIRECTION('',(1.,0.));
#1785 = ( GEOMETRIC_REPRESENTATION_CONTEXT(2) 
PARAMETRIC_REPRESENTATION_CONTEXT() REPRESENTATION_CONTEXT('2D SPACE',''
  ) );
#1786 = ORIENTED_EDGE('',*,*,#1737,.F.);
#1787 = ADVANCED_FACE('',(#1788),#669,.F.);
#1788 = FACE_BOUND('',#1789,.F.);
#1789 = EDGE_LOOP('',(#1790,#1791,#1819,#1845,#1846));
#1790 = ORIENTED_EDGE('',*,*,#653,.F.);
#1791 = ORIENTED_EDGE('',*,*,#1792,.T.);
#1792 = EDGE_CURVE('',#628,#1793,#1795,.T.);
#1793 = VERTEX_POINT('',#1794);
#1794 = CARTESIAN_POINT('',(6.6,0.,41.8));
#1795 = SURFACE_CURVE('',#1796,(#1801,#1812),.PCURVE_S1.);
#1796 = CIRCLE('',#1797,6.6);
#1797 = AXIS2_PLACEMENT_3D('',#1798,#1799,#1800);
#1798 = CARTESIAN_POINT('',(0.,0.,41.8));
#1799 = DIRECTION('',(0.,0.,-1.));
#1800 = DIRECTION('',(1.,0.,0.));
#1801 = PCURVE('',#669,#1802);
#1802 = DEFINITIONAL_REPRESENTATION('',(#1803),#1811);
#1803 = ( BOUNDED_CURVE() B_SPLINE_CURVE(2,(#1804,#1805,#1806,#1807,
#1808,#1809,#1810),.UNSPECIFIED.,.T.,.F.) B_SPLINE_CURVE_WITH_KNOTS((1,2
    ,2,2,2,1),(-2.094395102393,0.,2.094395102393,4.188790204786,
6.28318530718,8.377580409573),.UNSPECIFIED.) CURVE() 
GEOMETRIC_REPRESENTATION_ITEM() RATIONAL_B_SPLINE_CURVE((1.,0.5,1.,0.5,
1.,0.5,1.)) REPRESENTATION_ITEM('') );
#1804 = CARTESIAN_POINT('',(15.4,3.15));
#1805 = CARTESIAN_POINT('',(15.4,-8.281535329955));
#1806 = CARTESIAN_POINT('',(5.5,-2.565767664977));
#1807 = CARTESIAN_POINT('',(-4.4,3.15));
#1808 = CARTESIAN_POINT('',(5.5,8.865767664977));
#1809 = CARTESIAN_POINT('',(15.4,14.581535329955));
#1810 = CARTESIAN_POINT('',(15.4,3.15));
#1811 = ( GEOMETRIC_REPRESENTATION_CONTEXT(2) 
PARAMETRIC_REPRESENTATION_CONTEXT() REPRESENTATION_CONTEXT('2D SPACE',''
  ) );
#1812 = PCURVE('',#642,#1813);
#1813 = DEFINITIONAL_REPRESENTATION('',(#1814),#1818);
#1814 = LINE('',#1815,#1816);
#1815 = CARTESIAN_POINT('',(-6.28318530718,-41.8));
#1816 = VECTOR('',#1817,1.);
#1817 = DIRECTION('',(1.,-0.));
#1818 = ( GEOMETRIC_REPRESENTATION_CONTEXT(2) 
PARAMETRIC_REPRESENTATION_CONTEXT() REPRESENTATION_CONTEXT('2D SPACE',''
  ) );
#1819 = ORIENTED_EDGE('',*,*,#1820,.T.);
#1820 = EDGE_CURVE('',#1793,#800,#1821,.T.);
#1821 = SURFACE_CURVE('',#1822,(#1827,#1838),.PCURVE_S1.);
#1822 = CIRCLE('',#1823,6.6);
#1823 = AXIS2_PLACEMENT_3D('',#1824,#1825,#1826);
#1824 = CARTESIAN_POINT('',(0.,0.,41.8));
#1825 = DIRECTION('',(0.,0.,-1.));
#1826 = DIRECTION('',(1.,0.,0.));
#1827 = PCURVE('',#669,#1828);
#1828 = DEFINITIONAL_REPRESENTATION('',(#1829),#1837);
#1829 = ( BOUNDED_CURVE() B_SPLINE_CURVE(2,(#1830,#1831,#1832,#1833,
#1834,#1835,#1836),.UNSPECIFIED.,.T.,.F.) B_SPLINE_CURVE_WITH_KNOTS((1,2
    ,2,2,2,1),(-2.094395102393,0.,2.094395102393,4.188790204786,
6.28318530718,8.377580409573),.UNSPECIFIED.) CURVE() 
GEOMETRIC_REPRESENTATION_ITEM() RATIONAL_B_SPLINE_CURVE((1.,0.5,1.,0.5,
1.,0.5,1.)) REPRESENTATION_ITEM('') );
#1830 = CARTESIAN_POINT('',(15.4,3.15));
#1831 = CARTESIAN_POINT('',(15.4,-8.281535329955));
#1832 = CARTESIAN_POINT('',(5.5,-2.565767664977));
#1833 = CARTESIAN_POINT('',(-4.4,3.15));
#1834 = CARTESIAN_POINT('',(5.5,8.865767664977));
#1835 = CARTESIAN_POINT('',(15.4,14.581535329955));
#1836 = CARTESIAN_POINT('',(15.4,3.15));
#1837 = ( GEOMETRIC_REPRESENTATION_CONTEXT(2) 
PARAMETRIC_REPRESENTATION_CONTEXT() REPRESENTATION_CONTEXT('2D SPACE',''
  ) );
#1838 = PCURVE('',#642,#1839);
#1839 = DEFINITIONAL_REPRESENTATION('',(#1840),#1844);
#1840 = LINE('',#1841,#1842);
#1841 = CARTESIAN_POINT('',(-6.28318530718,-41.8));
#1842 = VECTOR('',#1843,1.);
#1843 = DIRECTION('',(1.,-0.));
#1844 = ( GEOMETRIC_REPRESENTATION_CONTEXT(2) 
PARAMETRIC_REPRESENTATION_CONTEXT() REPRESENTATION_CONTEXT('2D SPACE',''
  ) );
#1845 = ORIENTED_EDGE('',*,*,#820,.T.);
#1846 = ORIENTED_EDGE('',*,*,#725,.T.);
#1847 = ADVANCED_FACE('',(#1848),#642,.F.);
#1848 = FACE_BOUND('',#1849,.T.);
#1849 = EDGE_LOOP('',(#1850,#1851,#1852,#1875,#1902,#1903,#1904,#1905,
    #1931,#1932,#1958,#1959,#1985,#1986,#2012,#2013,#2039,#2040,#2066,
    #2067));
#1850 = ORIENTED_EDGE('',*,*,#627,.F.);
#1851 = ORIENTED_EDGE('',*,*,#1792,.T.);
#1852 = ORIENTED_EDGE('',*,*,#1853,.T.);
#1853 = EDGE_CURVE('',#1793,#1854,#1856,.T.);
#1854 = VERTEX_POINT('',#1855);
#1855 = CARTESIAN_POINT('',(6.6,0.,70.1));
#1856 = SEAM_CURVE('',#1857,(#1861,#1868),.PCURVE_S1.);
#1857 = LINE('',#1858,#1859);
#1858 = CARTESIAN_POINT('',(6.6,0.,0.));
#1859 = VECTOR('',#1860,1.);
#1860 = DIRECTION('',(0.,0.,1.));
#1861 = PCURVE('',#642,#1862);
#1862 = DEFINITIONAL_REPRESENTATION('',(#1863),#1867);
#1863 = LINE('',#1864,#1865);
#1864 = CARTESIAN_POINT('',(-6.28318530718,0.));
#1865 = VECTOR('',#1866,1.);
#1866 = DIRECTION('',(-0.,-1.));
#1867 = ( GEOMETRIC_REPRESENTATION_CONTEXT(2) 
PARAMETRIC_REPRESENTATION_CONTEXT() REPRESENTATION_CONTEXT('2D SPACE',''
  ) );
#1868 = PCURVE('',#642,#1869);
#1869 = DEFINITIONAL_REPRESENTATION('',(#1870),#1874);
#1870 = LINE('',#1871,#1872);
#1871 = CARTESIAN_POINT('',(-0.,0.));
#1872 = VECTOR('',#1873,1.);
#1873 = DIRECTION('',(-0.,-1.));
#1874 = ( GEOMETRIC_REPRESENTATION_CONTEXT(2) 
PARAMETRIC_REPRESENTATION_CONTEXT() REPRESENTATION_CONTEXT('2D SPACE',''
  ) );
#1875 = ORIENTED_EDGE('',*,*,#1876,.T.);
#1876 = EDGE_CURVE('',#1854,#1854,#1877,.T.);
#1877 = SURFACE_CURVE('',#1878,(#1883,#1890),.PCURVE_S1.);
#1878 = CIRCLE('',#1879,6.6);
#1879 = AXIS2_PLACEMENT_3D('',#1880,#1881,#1882);
#1880 = CARTESIAN_POINT('',(0.,0.,70.1));
#1881 = DIRECTION('',(0.,0.,1.));
#1882 = DIRECTION('',(1.,0.,0.));
#1883 = PCURVE('',#642,#1884);
#1884 = DEFINITIONAL_REPRESENTATION('',(#1885),#1889);
#1885 = LINE('',#1886,#1887);
#1886 = CARTESIAN_POINT('',(-0.,-70.1));
#1887 = VECTOR('',#1888,1.);
#1888 = DIRECTION('',(-1.,0.));
#1889 = ( GEOMETRIC_REPRESENTATION_CONTEXT(2) 
PARAMETRIC_REPRESENTATION_CONTEXT() REPRESENTATION_CONTEXT('2D SPACE',''
  ) );
#1890 = PCURVE('',#1891,#1896);
#1891 = PLANE('',#1892);
#1892 = AXIS2_PLACEMENT_3D('',#1893,#1894,#1895);
#1893 = CARTESIAN_POINT('',(-6.215636966088E-16,-2.694222958124E-16,70.1
    ));
#1894 = DIRECTION('',(0.,0.,1.));
#1895 = DIRECTION('',(1.,0.,-0.));
#1896 = DEFINITIONAL_REPRESENTATION('',(#1897),#1901);
#1897 = CIRCLE('',#1898,6.6);
#1898 = AXIS2_PLACEMENT_2D('',#1899,#1900);
#1899 = CARTESIAN_POINT('',(6.215636966088E-16,2.694222958124E-16));
#1900 = DIRECTION('',(1.,0.));
#1901 = ( GEOMETRIC_REPRESENTATION_CONTEXT(2) 
PARAMETRIC_REPRESENTATION_CONTEXT() REPRESENTATION_CONTEXT('2D SPACE',''
  ) );
#1902 = ORIENTED_EDGE('',*,*,#1853,.F.);
#1903 = ORIENTED_EDGE('',*,*,#1820,.T.);
#1904 = ORIENTED_EDGE('',*,*,#799,.T.);
#1905 = ORIENTED_EDGE('',*,*,#1906,.T.);
#1906 = EDGE_CURVE('',#774,#946,#1907,.T.);
#1907 = SURFACE_CURVE('',#1908,(#1913,#1920),.PCURVE_S1.);
#1908 = CIRCLE('',#1909,6.6);
#1909 = AXIS2_PLACEMENT_3D('',#1910,#1911,#1912);
#1910 = CARTESIAN_POINT('',(0.,0.,2.));
#1911 = DIRECTION('',(0.,0.,-1.));
#1912 = DIRECTION('',(1.,0.,0.));
#1913 = PCURVE('',#642,#1914);
#1914 = DEFINITIONAL_REPRESENTATION('',(#1915),#1919);
#1915 = LINE('',#1916,#1917);
#1916 = CARTESIAN_POINT('',(-6.28318530718,-2.));
#1917 = VECTOR('',#1918,1.);
#1918 = DIRECTION('',(1.,-0.));
#1919 = ( GEOMETRIC_REPRESENTATION_CONTEXT(2) 
PARAMETRIC_REPRESENTATION_CONTEXT() REPRESENTATION_CONTEXT('2D SPACE',''
  ) );
#1920 = PCURVE('',#788,#1921);
#1921 = DEFINITIONAL_REPRESENTATION('',(#1922),#1930);
#1922 = ( BOUNDED_CURVE() B_SPLINE_CURVE(2,(#1923,#1924,#1925,#1926,
#1927,#1928,#1929),.UNSPECIFIED.,.T.,.F.) B_SPLINE_CURVE_WITH_KNOTS((1,2
    ,2,2,2,1),(-2.094395102393,0.,2.094395102393,4.188790204786,
6.28318530718,8.377580409573),.UNSPECIFIED.) CURVE() 
GEOMETRIC_REPRESENTATION_ITEM() RATIONAL_B_SPLINE_CURVE((1.,0.5,1.,0.5,
1.,0.5,1.)) REPRESENTATION_ITEM('') );
#1923 = CARTESIAN_POINT('',(6.6,-3.082608641147E-16));
#1924 = CARTESIAN_POINT('',(6.6,-11.43153532995));
#1925 = CARTESIAN_POINT('',(-3.3,-5.715767664977));
#1926 = CARTESIAN_POINT('',(-13.2,-1.924794638989E-15));
#1927 = CARTESIAN_POINT('',(-3.3,5.715767664977));
#1928 = CARTESIAN_POINT('',(6.6,11.431535329955));
#1929 = CARTESIAN_POINT('',(6.6,-3.082608641147E-16));
#1930 = ( GEOMETRIC_REPRESENTATION_CONTEXT(2) 
PARAMETRIC_REPRESENTATION_CONTEXT() REPRESENTATION_CONTEXT('2D SPACE',''
  ) );
#1931 = ORIENTED_EDGE('',*,*,#945,.F.);
#1932 = ORIENTED_EDGE('',*,*,#1933,.T.);
#1933 = EDGE_CURVE('',#918,#1046,#1934,.T.);
#1934 = SURFACE_CURVE('',#1935,(#1940,#1947),.PCURVE_S1.);
#1935 = CIRCLE('',#1936,6.6);
#1936 = AXIS2_PLACEMENT_3D('',#1937,#1938,#1939);
#1937 = CARTESIAN_POINT('',(0.,0.,48.));
#1938 = DIRECTION('',(0.,0.,-1.));
#1939 = DIRECTION('',(1.,0.,0.));
#1940 = PCURVE('',#642,#1941);
#1941 = DEFINITIONAL_REPRESENTATION('',(#1942),#1946);
#1942 = LINE('',#1943,#1944);
#1943 = CARTESIAN_POINT('',(-6.28318530718,-48.));
#1944 = VECTOR('',#1945,1.);
#1945 = DIRECTION('',(1.,-0.));
#1946 = ( GEOMETRIC_REPRESENTATION_CONTEXT(2) 
PARAMETRIC_REPRESENTATION_CONTEXT() REPRESENTATION_CONTEXT('2D SPACE',''
  ) );
#1947 = PCURVE('',#933,#1948);
#1948 = DEFINITIONAL_REPRESENTATION('',(#1949),#1957);
#1949 = ( BOUNDED_CURVE() B_SPLINE_CURVE(2,(#1950,#1951,#1952,#1953,
#1954,#1955,#1956),.UNSPECIFIED.,.T.,.F.) B_SPLINE_CURVE_WITH_KNOTS((1,2
    ,2,2,2,1),(-2.094395102393,0.,2.094395102393,4.188790204786,
6.28318530718,8.377580409573),.UNSPECIFIED.) CURVE() 
GEOMETRIC_REPRESENTATION_ITEM() RATIONAL_B_SPLINE_CURVE((1.,0.5,1.,0.5,
1.,0.5,1.)) REPRESENTATION_ITEM('') );
#1950 = CARTESIAN_POINT('',(10.25,-1.9));
#1951 = CARTESIAN_POINT('',(-1.181535329955,-1.9));
#1952 = CARTESIAN_POINT('',(4.534232335023,8.));
#1953 = CARTESIAN_POINT('',(10.25,17.9));
#1954 = CARTESIAN_POINT('',(15.965767664977,8.));
#1955 = CARTESIAN_POINT('',(21.681535329955,-1.9));
#1956 = CARTESIAN_POINT('',(10.25,-1.9));
#1957 = ( GEOMETRIC_REPRESENTATION_CONTEXT(2) 
PARAMETRIC_REPRESENTATION_CONTEXT() REPRESENTATION_CONTEXT('2D SPACE',''
  ) );
#1958 = ORIENTED_EDGE('',*,*,#1068,.T.);
#1959 = ORIENTED_EDGE('',*,*,#1960,.T.);
#1960 = EDGE_CURVE('',#1069,#1236,#1961,.T.);
#1961 = SURFACE_CURVE('',#1962,(#1967,#1974),.PCURVE_S1.);
#1962 = CIRCLE('',#1963,6.6);
#1963 = AXIS2_PLACEMENT_3D('',#1964,#1965,#1966);
#1964 = CARTESIAN_POINT('',(0.,0.,2.));
#1965 = DIRECTION('',(0.,0.,-1.));
#1966 = DIRECTION('',(1.,0.,0.));
#1967 = PCURVE('',#642,#1968);
#1968 = DEFINITIONAL_REPRESENTATION('',(#1969),#1973);
#1969 = LINE('',#1970,#1971);
#1970 = CARTESIAN_POINT('',(-6.28318530718,-2.));
#1971 = VECTOR('',#1972,1.);
#1972 = DIRECTION('',(1.,-0.));
#1973 = ( GEOMETRIC_REPRESENTATION_CONTEXT(2) 
PARAMETRIC_REPRESENTATION_CONTEXT() REPRESENTATION_CONTEXT('2D SPACE',''
  ) );
#1974 = PCURVE('',#1104,#1975);
#1975 = DEFINITIONAL_REPRESENTATION('',(#1976),#1984);
#1976 = ( BOUNDED_CURVE() B_SPLINE_CURVE(2,(#1977,#1978,#1979,#1980,
#1981,#1982,#1983),.UNSPECIFIED.,.T.,.F.) B_SPLINE_CURVE_WITH_KNOTS((1,2
    ,2,2,2,1),(-2.094395102393,0.,2.094395102393,4.188790204786,
6.28318530718,8.377580409573),.UNSPECIFIED.) CURVE() 
GEOMETRIC_REPRESENTATION_ITEM() RATIONAL_B_SPLINE_CURVE((1.,0.5,1.,0.5,
1.,0.5,1.)) REPRESENTATION_ITEM('') );
#1977 = CARTESIAN_POINT('',(6.6,-3.082608641147E-16));
#1978 = CARTESIAN_POINT('',(6.6,-11.43153532995));
#1979 = CARTESIAN_POINT('',(-3.3,-5.715767664977));
#1980 = CARTESIAN_POINT('',(-13.2,-1.924794638989E-15));
#1981 = CARTESIAN_POINT('',(-3.3,5.715767664977));
#1982 = CARTESIAN_POINT('',(6.6,11.431535329955));
#1983 = CARTESIAN_POINT('',(6.6,-3.082608641147E-16));
#1984 = ( GEOMETRIC_REPRESENTATION_CONTEXT(2) 
PARAMETRIC_REPRESENTATION_CONTEXT() REPRESENTATION_CONTEXT('2D SPACE',''
  ) );
#1985 = ORIENTED_EDGE('',*,*,#1235,.F.);
#1986 = ORIENTED_EDGE('',*,*,#1987,.T.);
#1987 = EDGE_CURVE('',#1208,#1334,#1988,.T.);
#1988 = SURFACE_CURVE('',#1989,(#1994,#2001),.PCURVE_S1.);
#1989 = CIRCLE('',#1990,6.6);
#1990 = AXIS2_PLACEMENT_3D('',#1991,#1992,#1993);
#1991 = CARTESIAN_POINT('',(0.,0.,41.8));
#1992 = DIRECTION('',(0.,0.,-1.));
#1993 = DIRECTION('',(1.,0.,0.));
#1994 = PCURVE('',#642,#1995);
#1995 = DEFINITIONAL_REPRESENTATION('',(#1996),#2000);
#1996 = LINE('',#1997,#1998);
#1997 = CARTESIAN_POINT('',(-6.28318530718,-41.8));
#1998 = VECTOR('',#1999,1.);
#1999 = DIRECTION('',(1.,-0.));
#2000 = ( GEOMETRIC_REPRESENTATION_CONTEXT(2) 
PARAMETRIC_REPRESENTATION_CONTEXT() REPRESENTATION_CONTEXT('2D SPACE',''
  ) );
#2001 = PCURVE('',#1223,#2002);
#2002 = DEFINITIONAL_REPRESENTATION('',(#2003),#2011);
#2003 = ( BOUNDED_CURVE() B_SPLINE_CURVE(2,(#2004,#2005,#2006,#2007,
#2008,#2009,#2010),.UNSPECIFIED.,.T.,.F.) B_SPLINE_CURVE_WITH_KNOTS((1,2
    ,2,2,2,1),(-2.094395102393,0.,2.094395102393,4.188790204786,
6.28318530718,8.377580409573),.UNSPECIFIED.) CURVE() 
GEOMETRIC_REPRESENTATION_ITEM() RATIONAL_B_SPLINE_CURVE((1.,0.5,1.,0.5,
1.,0.5,1.)) REPRESENTATION_ITEM('') );
#2004 = CARTESIAN_POINT('',(15.4,3.15));
#2005 = CARTESIAN_POINT('',(15.4,-8.281535329955));
#2006 = CARTESIAN_POINT('',(5.5,-2.565767664977));
#2007 = CARTESIAN_POINT('',(-4.4,3.15));
#2008 = CARTESIAN_POINT('',(5.5,8.865767664977));
#2009 = CARTESIAN_POINT('',(15.4,14.581535329955));
#2010 = CARTESIAN_POINT('',(15.4,3.15));
#2011 = ( GEOMETRIC_REPRESENTATION_CONTEXT(2) 
PARAMETRIC_REPRESENTATION_CONTEXT() REPRESENTATION_CONTEXT('2D SPACE',''
  ) );
#2012 = ORIENTED_EDGE('',*,*,#1356,.T.);
#2013 = ORIENTED_EDGE('',*,*,#2014,.T.);
#2014 = EDGE_CURVE('',#1357,#1476,#2015,.T.);
#2015 = SURFACE_CURVE('',#2016,(#2021,#2028),.PCURVE_S1.);
#2016 = CIRCLE('',#2017,6.6);
#2017 = AXIS2_PLACEMENT_3D('',#2018,#2019,#2020);
#2018 = CARTESIAN_POINT('',(0.,0.,2.));
#2019 = DIRECTION('',(0.,0.,-1.));
#2020 = DIRECTION('',(1.,0.,0.));
#2021 = PCURVE('',#642,#2022);
#2022 = DEFINITIONAL_REPRESENTATION('',(#2023),#2027);
#2023 = LINE('',#2024,#2025);
#2024 = CARTESIAN_POINT('',(-6.28318530718,-2.));
#2025 = VECTOR('',#2026,1.);
#2026 = DIRECTION('',(1.,-0.));
#2027 = ( GEOMETRIC_REPRESENTATION_CONTEXT(2) 
PARAMETRIC_REPRESENTATION_CONTEXT() REPRESENTATION_CONTEXT('2D SPACE',''
  ) );
#2028 = PCURVE('',#1392,#2029);
#2029 = DEFINITIONAL_REPRESENTATION('',(#2030),#2038);
#2030 = ( BOUNDED_CURVE() B_SPLINE_CURVE(2,(#2031,#2032,#2033,#2034,
#2035,#2036,#2037),.UNSPECIFIED.,.T.,.F.) B_SPLINE_CURVE_WITH_KNOTS((1,2
    ,2,2,2,1),(-2.094395102393,0.,2.094395102393,4.188790204786,
6.28318530718,8.377580409573),.UNSPECIFIED.) CURVE() 
GEOMETRIC_REPRESENTATION_ITEM() RATIONAL_B_SPLINE_CURVE((1.,0.5,1.,0.5,
1.,0.5,1.)) REPRESENTATION_ITEM('') );
#2031 = CARTESIAN_POINT('',(6.6,-3.082608641147E-16));
#2032 = CARTESIAN_POINT('',(6.6,-11.43153532995));
#2033 = CARTESIAN_POINT('',(-3.3,-5.715767664977));
#2034 = CARTESIAN_POINT('',(-13.2,-1.924794638989E-15));
#2035 = CARTESIAN_POINT('',(-3.3,5.715767664977));
#2036 = CARTESIAN_POINT('',(6.6,11.431535329955));
#2037 = CARTESIAN_POINT('',(6.6,-3.082608641147E-16));
#2038 = ( GEOMETRIC_REPRESENTATION_CONTEXT(2) 
PARAMETRIC_REPRESENTATION_CONTEXT() REPRESENTATION_CONTEXT('2D SPACE',''
  ) );
#2039 = ORIENTED_EDGE('',*,*,#1496,.F.);
#2040 = ORIENTED_EDGE('',*,*,#2041,.T.);
#2041 = EDGE_CURVE('',#1497,#1663,#2042,.T.);
#2042 = SURFACE_CURVE('',#2043,(#2048,#2055),.PCURVE_S1.);
#2043 = CIRCLE('',#2044,6.6);
#2044 = AXIS2_PLACEMENT_3D('',#2045,#2046,#2047);
#2045 = CARTESIAN_POINT('',(0.,0.,48.));
#2046 = DIRECTION('',(0.,0.,-1.));
#2047 = DIRECTION('',(1.,0.,0.));
#2048 = PCURVE('',#642,#2049);
#2049 = DEFINITIONAL_REPRESENTATION('',(#2050),#2054);
#2050 = LINE('',#2051,#2052);
#2051 = CARTESIAN_POINT('',(-6.28318530718,-48.));
#2052 = VECTOR('',#2053,1.);
#2053 = DIRECTION('',(1.,-0.));
#2054 = ( GEOMETRIC_REPRESENTATION_CONTEXT(2) 
PARAMETRIC_REPRESENTATION_CONTEXT() REPRESENTATION_CONTEXT('2D SPACE',''
  ) );
#2055 = PCURVE('',#1533,#2056);
#2056 = DEFINITIONAL_REPRESENTATION('',(#2057),#2065);
#2057 = ( BOUNDED_CURVE() B_SPLINE_CURVE(2,(#2058,#2059,#2060,#2061,
#2062,#2063,#2064),.UNSPECIFIED.,.T.,.F.) B_SPLINE_CURVE_WITH_KNOTS((1,2
    ,2,2,2,1),(-2.094395102393,0.,2.094395102393,4.188790204786,
6.28318530718,8.377580409573),.UNSPECIFIED.) CURVE() 
GEOMETRIC_REPRESENTATION_ITEM() RATIONAL_B_SPLINE_CURVE((1.,0.5,1.,0.5,
1.,0.5,1.)) REPRESENTATION_ITEM('') );
#2058 = CARTESIAN_POINT('',(10.25,-1.9));
#2059 = CARTESIAN_POINT('',(-1.181535329955,-1.9));
#2060 = CARTESIAN_POINT('',(4.534232335023,8.));
#2061 = CARTESIAN_POINT('',(10.25,17.9));
#2062 = CARTESIAN_POINT('',(15.965767664977,8.));
#2063 = CARTESIAN_POINT('',(21.681535329955,-1.9));
#2064 = CARTESIAN_POINT('',(10.25,-1.9));
#2065 = ( GEOMETRIC_REPRESENTATION_CONTEXT(2) 
PARAMETRIC_REPRESENTATION_CONTEXT() REPRESENTATION_CONTEXT('2D SPACE',''
  ) );
#2066 = ORIENTED_EDGE('',*,*,#1662,.T.);
#2067 = ORIENTED_EDGE('',*,*,#2068,.T.);
#2068 = EDGE_CURVE('',#1642,#602,#2069,.T.);
#2069 = SURFACE_CURVE('',#2070,(#2075,#2082),.PCURVE_S1.);
#2070 = CIRCLE('',#2071,6.6);
#2071 = AXIS2_PLACEMENT_3D('',#2072,#2073,#2074);
#2072 = CARTESIAN_POINT('',(0.,0.,2.));
#2073 = DIRECTION('',(0.,0.,-1.));
#2074 = DIRECTION('',(1.,0.,0.));
#2075 = PCURVE('',#642,#2076);
#2076 = DEFINITIONAL_REPRESENTATION('',(#2077),#2081);
#2077 = LINE('',#2078,#2079);
#2078 = CARTESIAN_POINT('',(-6.28318530718,-2.));
#2079 = VECTOR('',#2080,1.);
#2080 = DIRECTION('',(1.,-0.));
#2081 = ( GEOMETRIC_REPRESENTATION_CONTEXT(2) 
PARAMETRIC_REPRESENTATION_CONTEXT() REPRESENTATION_CONTEXT('2D SPACE',''
  ) );
#2082 = PCURVE('',#616,#2083);
#2083 = DEFINITIONAL_REPRESENTATION('',(#2084),#2092);
#2084 = ( BOUNDED_CURVE() B_SPLINE_CURVE(2,(#2085,#2086,#2087,#2088,
#2089,#2090,#2091),.UNSPECIFIED.,.T.,.F.) B_SPLINE_CURVE_WITH_KNOTS((1,2
    ,2,2,2,1),(-2.094395102393,0.,2.094395102393,4.188790204786,
6.28318530718,8.377580409573),.UNSPECIFIED.) CURVE() 
GEOMETRIC_REPRESENTATION_ITEM() RATIONAL_B_SPLINE_CURVE((1.,0.5,1.,0.5,
1.,0.5,1.)) REPRESENTATION_ITEM('') );
#2085 = CARTESIAN_POINT('',(6.6,-3.082608641147E-16));
#2086 = CARTESIAN_POINT('',(6.6,-11.43153532995));
#2087 = CARTESIAN_POINT('',(-3.3,-5.715767664977));
#2088 = CARTESIAN_POINT('',(-13.2,-1.924794638989E-15));
#2089 = CARTESIAN_POINT('',(-3.3,5.715767664977));
#2090 = CARTESIAN_POINT('',(6.6,11.431535329955));
#2091 = CARTESIAN_POINT('',(6.6,-3.082608641147E-16));
#2092 = ( GEOMETRIC_REPRESENTATION_CONTEXT(2) 
PARAMETRIC_REPRESENTATION_CONTEXT() REPRESENTATION_CONTEXT('2D SPACE',''
  ) );
#2093 = ADVANCED_FACE('',(#2094),#616,.F.);
#2094 = FACE_BOUND('',#2095,.F.);
#2095 = EDGE_LOOP('',(#2096,#2097,#2098,#2099));
#2096 = ORIENTED_EDGE('',*,*,#601,.T.);
#2097 = ORIENTED_EDGE('',*,*,#1710,.T.);
#2098 = ORIENTED_EDGE('',*,*,#1641,.F.);
#2099 = ORIENTED_EDGE('',*,*,#2068,.T.);
#2100 = ADVANCED_FACE('',(#2101),#788,.F.);
#2101 = FACE_BOUND('',#2102,.F.);
#2102 = EDGE_LOOP('',(#2103,#2104,#2105,#2106));
#2103 = ORIENTED_EDGE('',*,*,#868,.T.);
#2104 = ORIENTED_EDGE('',*,*,#773,.F.);
#2105 = ORIENTED_EDGE('',*,*,#1906,.T.);
#2106 = ORIENTED_EDGE('',*,*,#966,.F.);
#2107 = ADVANCED_FACE('',(#2108),#933,.F.);
#2108 = FACE_BOUND('',#2109,.F.);
#2109 = EDGE_LOOP('',(#2110,#2111,#2112,#2113));
#2110 = ORIENTED_EDGE('',*,*,#1045,.F.);
#2111 = ORIENTED_EDGE('',*,*,#1013,.F.);
#2112 = ORIENTED_EDGE('',*,*,#917,.T.);
#2113 = ORIENTED_EDGE('',*,*,#1933,.T.);
#2114 = ADVANCED_FACE('',(#2115),#1104,.F.);
#2115 = FACE_BOUND('',#2116,.F.);
#2116 = EDGE_LOOP('',(#2117,#2118,#2119,#2120));
#2117 = ORIENTED_EDGE('',*,*,#1160,.T.);
#2118 = ORIENTED_EDGE('',*,*,#1089,.T.);
#2119 = ORIENTED_EDGE('',*,*,#1960,.T.);
#2120 = ORIENTED_EDGE('',*,*,#1256,.F.);
#2121 = ADVANCED_FACE('',(#2122),#1223,.F.);
#2122 = FACE_BOUND('',#2123,.F.);
#2123 = EDGE_LOOP('',(#2124,#2125,#2126,#2127));
#2124 = ORIENTED_EDGE('',*,*,#1333,.F.);
#2125 = ORIENTED_EDGE('',*,*,#1301,.F.);
#2126 = ORIENTED_EDGE('',*,*,#1207,.T.);
#2127 = ORIENTED_EDGE('',*,*,#1987,.T.);
#2128 = ADVANCED_FACE('',(#2129),#1392,.F.);
#2129 = FACE_BOUND('',#2130,.F.);
#2130 = EDGE_LOOP('',(#2131,#2132,#2133,#2134));
#2131 = ORIENTED_EDGE('',*,*,#1475,.T.);
#2132 = ORIENTED_EDGE('',*,*,#1447,.T.);
#2133 = ORIENTED_EDGE('',*,*,#1377,.T.);
#2134 = ORIENTED_EDGE('',*,*,#2014,.T.);
#2135 = ADVANCED_FACE('',(#2136),#1533,.F.);
#2136 = FACE_BOUND('',#2137,.F.);
#2137 = EDGE_LOOP('',(#2138,#2139,#2140,#2141));
#2138 = ORIENTED_EDGE('',*,*,#1517,.F.);
#2139 = ORIENTED_EDGE('',*,*,#2041,.T.);
#2140 = ORIENTED_EDGE('',*,*,#1683,.T.);
#2141 = ORIENTED_EDGE('',*,*,#1593,.T.);
#2142 = ADVANCED_FACE('',(#2143),#1775,.T.);
#2143 = FACE_BOUND('',#2144,.T.);
#2144 = EDGE_LOOP('',(#2145,#2146,#2169,#2196));
#2145 = ORIENTED_EDGE('',*,*,#1760,.T.);
#2146 = ORIENTED_EDGE('',*,*,#2147,.T.);
#2147 = EDGE_CURVE('',#1738,#2148,#2150,.T.);
#2148 = VERTEX_POINT('',#2149);
#2149 = CARTESIAN_POINT('',(13.4,0.,6.4));
#2150 = SEAM_CURVE('',#2151,(#2155,#2162),.PCURVE_S1.);
#2151 = LINE('',#2152,#2153);
#2152 = CARTESIAN_POINT('',(13.4,0.,3.2));
#2153 = VECTOR('',#2154,1.);
#2154 = DIRECTION('',(0.,0.,1.));
#2155 = PCURVE('',#1775,#2156);
#2156 = DEFINITIONAL_REPRESENTATION('',(#2157),#2161);
#2157 = LINE('',#2158,#2159);
#2158 = CARTESIAN_POINT('',(0.,0.));
#2159 = VECTOR('',#2160,1.);
#2160 = DIRECTION('',(0.,1.));
#2161 = ( GEOMETRIC_REPRESENTATION_CONTEXT(2) 
PARAMETRIC_REPRESENTATION_CONTEXT() REPRESENTATION_CONTEXT('2D SPACE',''
  ) );
#2162 = PCURVE('',#1775,#2163);
#2163 = DEFINITIONAL_REPRESENTATION('',(#2164),#2168);
#2164 = LINE('',#2165,#2166);
#2165 = CARTESIAN_POINT('',(6.28318530718,0.));
#2166 = VECTOR('',#2167,1.);
#2167 = DIRECTION('',(0.,1.));
#2168 = ( GEOMETRIC_REPRESENTATION_CONTEXT(2) 
PARAMETRIC_REPRESENTATION_CONTEXT() REPRESENTATION_CONTEXT('2D SPACE',''
  ) );
#2169 = ORIENTED_EDGE('',*,*,#2170,.F.);
#2170 = EDGE_CURVE('',#2148,#2148,#2171,.T.);
#2171 = SURFACE_CURVE('',#2172,(#2177,#2184),.PCURVE_S1.);
#2172 = CIRCLE('',#2173,13.4);
#2173 = AXIS2_PLACEMENT_3D('',#2174,#2175,#2176);
#2174 = CARTESIAN_POINT('',(0.,0.,6.4));
#2175 = DIRECTION('',(0.,0.,1.));
#2176 = DIRECTION('',(1.,0.,-0.));
#2177 = PCURVE('',#1775,#2178);
#2178 = DEFINITIONAL_REPRESENTATION('',(#2179),#2183);
#2179 = LINE('',#2180,#2181);
#2180 = CARTESIAN_POINT('',(0.,3.2));
#2181 = VECTOR('',#2182,1.);
#2182 = DIRECTION('',(1.,0.));
#2183 = ( GEOMETRIC_REPRESENTATION_CONTEXT(2) 
PARAMETRIC_REPRESENTATION_CONTEXT() REPRESENTATION_CONTEXT('2D SPACE',''
  ) );
#2184 = PCURVE('',#2185,#2190);
#2185 = CONICAL_SURFACE('',#2186,13.4,0.927295218002);
#2186 = AXIS2_PLACEMENT_3D('',#2187,#2188,#2189);
#2187 = CARTESIAN_POINT('',(0.,0.,6.4));
#2188 = DIRECTION('',(0.,0.,1.));
#2189 = DIRECTION('',(1.,0.,-0.));
#2190 = DEFINITIONAL_REPRESENTATION('',(#2191),#2195);
#2191 = LINE('',#2192,#2193);
#2192 = CARTESIAN_POINT('',(0.,0.));
#2193 = VECTOR('',#2194,1.);
#2194 = DIRECTION('',(1.,0.));
#2195 = ( GEOMETRIC_REPRESENTATION_CONTEXT(2) 
PARAMETRIC_REPRESENTATION_CONTEXT() REPRESENTATION_CONTEXT('2D SPACE',''
  ) );
#2196 = ORIENTED_EDGE('',*,*,#2147,.F.);
#2197 = ADVANCED_FACE('',(#2198),#1891,.F.);
#2198 = FACE_BOUND('',#2199,.F.);
#2199 = EDGE_LOOP('',(#2200));
#2200 = ORIENTED_EDGE('',*,*,#1876,.T.);
#2201 = ADVANCED_FACE('',(#2202),#2185,.T.);
#2202 = FACE_BOUND('',#2203,.T.);
#2203 = EDGE_LOOP('',(#2204,#2205,#2228,#2255));
#2204 = ORIENTED_EDGE('',*,*,#2170,.T.);
#2205 = ORIENTED_EDGE('',*,*,#2206,.T.);
#2206 = EDGE_CURVE('',#2148,#2207,#2209,.T.);
#2207 = VERTEX_POINT('',#2208);
#2208 = CARTESIAN_POINT('',(15.,0.,7.6));
#2209 = SEAM_CURVE('',#2210,(#2214,#2221),.PCURVE_S1.);
#2210 = LINE('',#2211,#2212);
#2211 = CARTESIAN_POINT('',(13.4,0.,6.4));
#2212 = VECTOR('',#2213,1.);
#2213 = DIRECTION('',(0.8,0.,0.6));
#2214 = PCURVE('',#2185,#2215);
#2215 = DEFINITIONAL_REPRESENTATION('',(#2216),#2220);
#2216 = LINE('',#2217,#2218);
#2217 = CARTESIAN_POINT('',(0.,0.));
#2218 = VECTOR('',#2219,1.);
#2219 = DIRECTION('',(0.,1.));
#2220 = ( GEOMETRIC_REPRESENTATION_CONTEXT(2) 
PARAMETRIC_REPRESENTATION_CONTEXT() REPRESENTATION_CONTEXT('2D SPACE',''
  ) );
#2221 = PCURVE('',#2185,#2222);
#2222 = DEFINITIONAL_REPRESENTATION('',(#2223),#2227);
#2223 = LINE('',#2224,#2225);
#2224 = CARTESIAN_POINT('',(6.28318530718,0.));
#2225 = VECTOR('',#2226,1.);
#2226 = DIRECTION('',(0.,1.));
#2227 = ( GEOMETRIC_REPRESENTATION_CONTEXT(2) 
PARAMETRIC_REPRESENTATION_CONTEXT() REPRESENTATION_CONTEXT('2D SPACE',''
  ) );
#2228 = ORIENTED_EDGE('',*,*,#2229,.F.);
#2229 = EDGE_CURVE('',#2207,#2207,#2230,.T.);
#2230 = SURFACE_CURVE('',#2231,(#2236,#2243),.PCURVE_S1.);
#2231 = CIRCLE('',#2232,15.);
#2232 = AXIS2_PLACEMENT_3D('',#2233,#2234,#2235);
#2233 = CARTESIAN_POINT('',(0.,0.,7.6));
#2234 = DIRECTION('',(0.,0.,1.));
#2235 = DIRECTION('',(1.,0.,-0.));
#2236 = PCURVE('',#2185,#2237);
#2237 = DEFINITIONAL_REPRESENTATION('',(#2238),#2242);
#2238 = LINE('',#2239,#2240);
#2239 = CARTESIAN_POINT('',(0.,1.2));
#2240 = VECTOR('',#2241,1.);
#2241 = DIRECTION('',(1.,0.));
#2242 = ( GEOMETRIC_REPRESENTATION_CONTEXT(2) 
PARAMETRIC_REPRESENTATION_CONTEXT() REPRESENTATION_CONTEXT('2D SPACE',''
  ) );
#2243 = PCURVE('',#2244,#2249);
#2244 = CYLINDRICAL_SURFACE('',#2245,15.);
#2245 = AXIS2_PLACEMENT_3D('',#2246,#2247,#2248);
#2246 = CARTESIAN_POINT('',(0.,0.,7.6));
#2247 = DIRECTION('',(0.,0.,1.));
#2248 = DIRECTION('',(1.,0.,-0.));
#2249 = DEFINITIONAL_REPRESENTATION('',(#2250),#2254);
#2250 = LINE('',#2251,#2252);
#2251 = CARTESIAN_POINT('',(0.,0.));
#2252 = VECTOR('',#2253,1.);
#2253 = DIRECTION('',(1.,0.));
#2254 = ( GEOMETRIC_REPRESENTATION_CONTEXT(2) 
PARAMETRIC_REPRESENTATION_CONTEXT() REPRESENTATION_CONTEXT('2D SPACE',''
  ) );
#2255 = ORIENTED_EDGE('',*,*,#2206,.F.);
#2256 = ADVANCED_FACE('',(#2257),#2244,.T.);
#2257 = FACE_BOUND('',#2258,.T.);
#2258 = EDGE_LOOP('',(#2259,#2260,#2283,#2319));
#2259 = ORIENTED_EDGE('',*,*,#2229,.T.);
#2260 = ORIENTED_EDGE('',*,*,#2261,.T.);
#2261 = EDGE_CURVE('',#2207,#2262,#2264,.T.);
#2262 = VERTEX_POINT('',#2263);
#2263 = CARTESIAN_POINT('',(15.,0.,10.));
#2264 = SEAM_CURVE('',#2265,(#2269,#2276),.PCURVE_S1.);
#2265 = LINE('',#2266,#2267);
#2266 = CARTESIAN_POINT('',(15.,0.,7.6));
#2267 = VECTOR('',#2268,1.);
#2268 = DIRECTION('',(0.,0.,1.));
#2269 = PCURVE('',#2244,#2270);
#2270 = DEFINITIONAL_REPRESENTATION('',(#2271),#2275);
#2271 = LINE('',#2272,#2273);
#2272 = CARTESIAN_POINT('',(0.,0.));
#2273 = VECTOR('',#2274,1.);
#2274 = DIRECTION('',(0.,1.));
#2275 = ( GEOMETRIC_REPRESENTATION_CONTEXT(2) 
PARAMETRIC_REPRESENTATION_CONTEXT() REPRESENTATION_CONTEXT('2D SPACE',''
  ) );
#2276 = PCURVE('',#2244,#2277);
#2277 = DEFINITIONAL_REPRESENTATION('',(#2278),#2282);
#2278 = LINE('',#2279,#2280);
#2279 = CARTESIAN_POINT('',(6.28318530718,0.));
#2280 = VECTOR('',#2281,1.);
#2281 = DIRECTION('',(0.,1.));
#2282 = ( GEOMETRIC_REPRESENTATION_CONTEXT(2) 
PARAMETRIC_REPRESENTATION_CONTEXT() REPRESENTATION_CONTEXT('2D SPACE',''
  ) );
#2283 = ORIENTED_EDGE('',*,*,#2284,.F.);
#2284 = EDGE_CURVE('',#2262,#2262,#2285,.T.);
#2285 = SURFACE_CURVE('',#2286,(#2291,#2298),.PCURVE_S1.);
#2286 = CIRCLE('',#2287,15.);
#2287 = AXIS2_PLACEMENT_3D('',#2288,#2289,#2290);
#2288 = CARTESIAN_POINT('',(0.,0.,10.));
#2289 = DIRECTION('',(0.,0.,1.));
#2290 = DIRECTION('',(1.,0.,-0.));
#2291 = PCURVE('',#2244,#2292);
#2292 = DEFINITIONAL_REPRESENTATION('',(#2293),#2297);
#2293 = LINE('',#2294,#2295);
#2294 = CARTESIAN_POINT('',(0.,2.4));
#2295 = VECTOR('',#2296,1.);
#2296 = DIRECTION('',(1.,0.));
#2297 = ( GEOMETRIC_REPRESENTATION_CONTEXT(2) 
PARAMETRIC_REPRESENTATION_CONTEXT() REPRESENTATION_CONTEXT('2D SPACE',''
  ) );
#2298 = PCURVE('',#2299,#2313);
#2299 = SURFACE_OF_REVOLUTION('',#2300,#2310);
#2300 = B_SPLINE_CURVE_WITH_KNOTS('',3,(#2301,#2302,#2303,#2304,#2305,
    #2306,#2307,#2308,#2309),.UNSPECIFIED.,.F.,.F.,(4,1,1,1,1,1,4),(0.,
    6.082762530298,30.269535775194,53.073044277177,65.166430899624,
    80.032499646943,88.094757395242),.UNSPECIFIED.);
#2301 = CARTESIAN_POINT('',(15.,0.,10.));
#2302 = CARTESIAN_POINT('',(14.502936653117,0.,11.992116556971));
#2303 = CARTESIAN_POINT('',(12.932300023725,0.,21.937030847536));
#2304 = CARTESIAN_POINT('',(15.74960493241,0.,39.849676786177));
#2305 = CARTESIAN_POINT('',(24.471753783145,0.,58.288686306752));
#2306 = CARTESIAN_POINT('',(21.62285534867,0.,75.050715402247));
#2307 = CARTESIAN_POINT('',(17.799987032387,0.,86.09347656077));
#2308 = CARTESIAN_POINT('',(13.971502428379,-0.,92.755002214719));
#2309 = CARTESIAN_POINT('',(12.5,0.,95.));
#2310 = AXIS1_PLACEMENT('',#2311,#2312);
#2311 = CARTESIAN_POINT('',(0.,0.,0.));
#2312 = DIRECTION('',(0.,0.,1.));
#2313 = DEFINITIONAL_REPRESENTATION('',(#2314),#2318);
#2314 = LINE('',#2315,#2316);
#2315 = CARTESIAN_POINT('',(0.,0.));
#2316 = VECTOR('',#2317,1.);
#2317 = DIRECTION('',(1.,0.));
#2318 = ( GEOMETRIC_REPRESENTATION_CONTEXT(2) 
PARAMETRIC_REPRESENTATION_CONTEXT() REPRESENTATION_CONTEXT('2D SPACE',''
  ) );
#2319 = ORIENTED_EDGE('',*,*,#2261,.F.);
#2320 = ADVANCED_FACE('',(#2321),#2299,.T.);
#2321 = FACE_BOUND('',#2322,.T.);
#2322 = EDGE_LOOP('',(#2323,#2352,#2353,#2354,#2383,#2417,#2454,#2488,
    #2512,#2546,#2580,#2604,#2638,#2672,#2696,#2730,#2764));
#2323 = ORIENTED_EDGE('',*,*,#2324,.F.);
#2324 = EDGE_CURVE('',#2262,#2325,#2327,.T.);
#2325 = VERTEX_POINT('',#2326);
#2326 = CARTESIAN_POINT('',(12.5,0.,95.));
#2327 = SEAM_CURVE('',#2328,(#2338,#2345),.PCURVE_S1.);
#2328 = B_SPLINE_CURVE_WITH_KNOTS('',3,(#2329,#2330,#2331,#2332,#2333,
    #2334,#2335,#2336,#2337),.UNSPECIFIED.,.F.,.F.,(4,1,1,1,1,1,4),(0.,
    6.082762530298,30.269535775194,53.073044277177,65.166430899624,
    80.032499646943,88.094757395242),.UNSPECIFIED.);
#2329 = CARTESIAN_POINT('',(15.,0.,10.));
#2330 = CARTESIAN_POINT('',(14.502936653117,0.,11.992116556971));
#2331 = CARTESIAN_POINT('',(12.932300023725,0.,21.937030847536));
#2332 = CARTESIAN_POINT('',(15.74960493241,0.,39.849676786177));
#2333 = CARTESIAN_POINT('',(24.471753783145,0.,58.288686306752));
#2334 = CARTESIAN_POINT('',(21.62285534867,0.,75.050715402247));
#2335 = CARTESIAN_POINT('',(17.799987032387,0.,86.09347656077));
#2336 = CARTESIAN_POINT('',(13.971502428379,-0.,92.755002214719));
#2337 = CARTESIAN_POINT('',(12.5,0.,95.));
#2338 = PCURVE('',#2299,#2339);
#2339 = DEFINITIONAL_REPRESENTATION('',(#2340),#2344);
#2340 = LINE('',#2341,#2342);
#2341 = CARTESIAN_POINT('',(0.,0.));
#2342 = VECTOR('',#2343,1.);
#2343 = DIRECTION('',(0.,1.));
#2344 = ( GEOMETRIC_REPRESENTATION_CONTEXT(2) 
PARAMETRIC_REPRESENTATION_CONTEXT() REPRESENTATION_CONTEXT('2D SPACE',''
  ) );
#2345 = PCURVE('',#2299,#2346);
#2346 = DEFINITIONAL_REPRESENTATION('',(#2347),#2351);
#2347 = LINE('',#2348,#2349);
#2348 = CARTESIAN_POINT('',(6.28318530718,0.));
#2349 = VECTOR('',#2350,1.);
#2350 = DIRECTION('',(0.,1.));
#2351 = ( GEOMETRIC_REPRESENTATION_CONTEXT(2) 
PARAMETRIC_REPRESENTATION_CONTEXT() REPRESENTATION_CONTEXT('2D SPACE',''
  ) );
#2352 = ORIENTED_EDGE('',*,*,#2284,.T.);
#2353 = ORIENTED_EDGE('',*,*,#2324,.T.);
#2354 = ORIENTED_EDGE('',*,*,#2355,.F.);
#2355 = EDGE_CURVE('',#2356,#2325,#2358,.T.);
#2356 = VERTEX_POINT('',#2357);
#2357 = CARTESIAN_POINT('',(8.202742848156,-9.43212647111,95.));
#2358 = SURFACE_CURVE('',#2359,(#2364,#2371),.PCURVE_S1.);
#2359 = CIRCLE('',#2360,12.5);
#2360 = AXIS2_PLACEMENT_3D('',#2361,#2362,#2363);
#2361 = CARTESIAN_POINT('',(0.,0.,95.));
#2362 = DIRECTION('',(0.,0.,1.));
#2363 = DIRECTION('',(1.,0.,-0.));
#2364 = PCURVE('',#2299,#2365);
#2365 = DEFINITIONAL_REPRESENTATION('',(#2366),#2370);
#2366 = LINE('',#2367,#2368);
#2367 = CARTESIAN_POINT('',(0.,88.094757395242));
#2368 = VECTOR('',#2369,1.);
#2369 = DIRECTION('',(1.,0.));
#2370 = ( GEOMETRIC_REPRESENTATION_CONTEXT(2) 
PARAMETRIC_REPRESENTATION_CONTEXT() REPRESENTATION_CONTEXT('2D SPACE',''
  ) );
#2371 = PCURVE('',#2372,#2377);
#2372 = PLANE('',#2373);
#2373 = AXIS2_PLACEMENT_3D('',#2374,#2375,#2376);
#2374 = CARTESIAN_POINT('',(0.,0.,95.));
#2375 = DIRECTION('',(0.,0.,1.));
#2376 = DIRECTION('',(1.,0.,-0.));
#2377 = DEFINITIONAL_REPRESENTATION('',(#2378),#2382);
#2378 = CIRCLE('',#2379,12.5);
#2379 = AXIS2_PLACEMENT_2D('',#2380,#2381);
#2380 = CARTESIAN_POINT('',(0.,0.));
#2381 = DIRECTION('',(1.,0.));
#2382 = ( GEOMETRIC_REPRESENTATION_CONTEXT(2) 
PARAMETRIC_REPRESENTATION_CONTEXT() REPRESENTATION_CONTEXT('2D SPACE',''
  ) );
#2383 = ORIENTED_EDGE('',*,*,#2384,.F.);
#2384 = EDGE_CURVE('',#2385,#2356,#2387,.T.);
#2385 = VERTEX_POINT('',#2386);
#2386 = CARTESIAN_POINT('',(8.478955078125,-9.99248046875,94.06016205347
    ));
#2387 = SURFACE_CURVE('',#2388,(#2394,#2403),.PCURVE_S1.);
#2388 = B_SPLINE_CURVE_WITH_KNOTS('',4,(#2389,#2390,#2391,#2392,#2393),
  .UNSPECIFIED.,.F.,.F.,(5,5),(0.,1.),.PIECEWISE_BEZIER_KNOTS.);
#2389 = CARTESIAN_POINT('',(8.478955078125,-9.99248046875,94.06016205347
    ));
#2390 = CARTESIAN_POINT('',(8.410849299856,-9.854313722404,
    94.296510746325));
#2391 = CARTESIAN_POINT('',(8.342109513601,-9.714860758902,
    94.531943903123));
#2392 = CARTESIAN_POINT('',(8.272739847441,-9.574129952913,
    94.766445897231));
#2393 = CARTESIAN_POINT('',(8.202742848156,-9.43212647111,95.));
#2394 = PCURVE('',#2299,#2395);
#2395 = DEFINITIONAL_REPRESENTATION('',(#2396),#2402);
#2396 = B_SPLINE_CURVE_WITH_KNOTS('',4,(#2397,#2398,#2399,#2400,#2401),
  .UNSPECIFIED.,.F.,.F.,(5,5),(0.,1.),.PIECEWISE_BEZIER_KNOTS.);
#2397 = CARTESIAN_POINT('',(5.41603108741,86.976349065295));
#2398 = CARTESIAN_POINT('',(5.418889811483,87.255974693523));
#2399 = CARTESIAN_POINT('',(5.421862074382,87.535583053828));
#2400 = CARTESIAN_POINT('',(5.424957099949,87.815176811385));
#2401 = CARTESIAN_POINT('',(5.428186523916,88.094757395242));
#2402 = ( GEOMETRIC_REPRESENTATION_CONTEXT(2) 
PARAMETRIC_REPRESENTATION_CONTEXT() REPRESENTATION_CONTEXT('2D SPACE',''
  ) );
#2403 = PCURVE('',#2404,#2409);
#2404 = PLANE('',#2405);
#2405 = AXIS2_PLACEMENT_3D('',#2406,#2407,#2408);
#2406 = CARTESIAN_POINT('',(8.009521484375,-9.04013671875,94.));
#2407 = DIRECTION('',(0.89695132271,0.442129307657,0.));
#2408 = DIRECTION('',(0.442129307657,-0.89695132271,0.));
#2409 = DEFINITIONAL_REPRESENTATION('',(#2410),#2416);
#2410 = B_SPLINE_CURVE_WITH_KNOTS('',4,(#2411,#2412,#2413,#2414,#2415),
  .UNSPECIFIED.,.F.,.F.,(5,5),(0.,1.),.PIECEWISE_BEZIER_KNOTS.);
#2411 = CARTESIAN_POINT('',(1.061756336032,-6.016205347018E-02));
#2412 = CARTESIAN_POINT('',(0.907715929549,-0.296510746325));
#2413 = CARTESIAN_POINT('',(0.752241535375,-0.531943903123));
#2414 = CARTESIAN_POINT('',(0.595342490326,-0.766445897231));
#2415 = CARTESIAN_POINT('',(0.437024554661,-1.));
#2416 = ( GEOMETRIC_REPRESENTATION_CONTEXT(2) 
PARAMETRIC_REPRESENTATION_CONTEXT() REPRESENTATION_CONTEXT('2D SPACE',''
  ) );
#2417 = ORIENTED_EDGE('',*,*,#2418,.T.);
#2418 = EDGE_CURVE('',#2385,#2419,#2421,.T.);
#2419 = VERTEX_POINT('',#2420);
#2420 = CARTESIAN_POINT('',(7.558056640625,-9.99248046875,
    94.955837965437));
#2421 = SURFACE_CURVE('',#2422,(#2429,#2439),.PCURVE_S1.);
#2422 = B_SPLINE_CURVE_WITH_KNOTS('',5,(#2423,#2424,#2425,#2426,#2427,
    #2428),.UNSPECIFIED.,.F.,.F.,(6,6),(0.,1.),
  .PIECEWISE_BEZIER_KNOTS.);
#2423 = CARTESIAN_POINT('',(8.478955078125,-9.99248046875,94.06016205347
    ));
#2424 = CARTESIAN_POINT('',(8.300841184235,-9.99248046875,
    94.242450743205));
#2425 = CARTESIAN_POINT('',(8.119867509556,-9.99248046875,
    94.423271844378));
#2426 = CARTESIAN_POINT('',(7.935875159994,-9.99248046875,
    94.602528628006));
#2427 = CARTESIAN_POINT('',(7.748681246598,-9.99248046875,
    94.780101207223));
#2428 = CARTESIAN_POINT('',(7.558056640625,-9.99248046875,
    94.955837965437));
#2429 = PCURVE('',#2299,#2430);
#2430 = DEFINITIONAL_REPRESENTATION('',(#2431),#2438);
#2431 = B_SPLINE_CURVE_WITH_KNOTS('',5,(#2432,#2433,#2434,#2435,#2436,
    #2437),.UNSPECIFIED.,.F.,.F.,(6,6),(0.,1.),
  .PIECEWISE_BEZIER_KNOTS.);
#2432 = CARTESIAN_POINT('',(5.41603108741,86.976349065295));
#2433 = CARTESIAN_POINT('',(5.405667891284,87.19201596309));
#2434 = CARTESIAN_POINT('',(5.394910484435,87.406540986014));
#2435 = CARTESIAN_POINT('',(5.383729596443,87.619804771022));
#2436 = CARTESIAN_POINT('',(5.372091835497,87.831657655015));
#2437 = CARTESIAN_POINT('',(5.359957252482,88.041907372709));
#2438 = ( GEOMETRIC_REPRESENTATION_CONTEXT(2) 
PARAMETRIC_REPRESENTATION_CONTEXT() REPRESENTATION_CONTEXT('2D SPACE',''
  ) );
#2439 = PCURVE('',#2440,#2445);
#2440 = PLANE('',#2441);
#2441 = AXIS2_PLACEMENT_3D('',#2442,#2443,#2444);
#2442 = CARTESIAN_POINT('',(8.478955078125,-9.99248046875,94.));
#2443 = DIRECTION('',(0.,-1.,0.));
#2444 = DIRECTION('',(-1.,0.,0.));
#2445 = DEFINITIONAL_REPRESENTATION('',(#2446),#2453);
#2446 = B_SPLINE_CURVE_WITH_KNOTS('',5,(#2447,#2448,#2449,#2450,#2451,
    #2452),.UNSPECIFIED.,.F.,.F.,(6,6),(0.,1.),
  .PIECEWISE_BEZIER_KNOTS.);
#2447 = CARTESIAN_POINT('',(0.,-6.016205347019E-02));
#2448 = CARTESIAN_POINT('',(0.17811389389,-0.242450743205));
#2449 = CARTESIAN_POINT('',(0.359087568569,-0.423271844378));
#2450 = CARTESIAN_POINT('',(0.543079918131,-0.602528628006));
#2451 = CARTESIAN_POINT('',(0.730273831527,-0.780101207223));
#2452 = CARTESIAN_POINT('',(0.9208984375,-0.955837965437));
#2453 = ( GEOMETRIC_REPRESENTATION_CONTEXT(2) 
PARAMETRIC_REPRESENTATION_CONTEXT() REPRESENTATION_CONTEXT('2D SPACE',''
  ) );
#2454 = ORIENTED_EDGE('',*,*,#2455,.T.);
#2455 = EDGE_CURVE('',#2419,#2456,#2458,.T.);
#2456 = VERTEX_POINT('',#2457);
#2457 = CARTESIAN_POINT('',(7.545080932934,-9.966029987687,95.));
#2458 = SURFACE_CURVE('',#2459,(#2465,#2474),.PCURVE_S1.);
#2459 = B_SPLINE_CURVE_WITH_KNOTS('',3,(#2460,#2461,#2462,#2463,#2464),
  .UNSPECIFIED.,.F.,.F.,(4,1,4),(0.,0.806673631435,1.),.UNSPECIFIED.);
#2460 = CARTESIAN_POINT('',(7.558056640625,-9.99248046875,
    94.955837965437));
#2461 = CARTESIAN_POINT('',(7.554569692776,-9.985372459673,
    94.967716109611));
#2462 = CARTESIAN_POINT('',(7.550244984166,-9.976556707507,
    94.982437515928));
#2463 = CARTESIAN_POINT('',(7.545917622473,-9.967735547132,94.997154901)
  );
#2464 = CARTESIAN_POINT('',(7.545080932934,-9.966029987687,95.));
#2465 = PCURVE('',#2299,#2466);
#2466 = DEFINITIONAL_REPRESENTATION('',(#2467),#2473);
#2467 = B_SPLINE_CURVE_WITH_KNOTS('',3,(#2468,#2469,#2470,#2471,#2472),
  .UNSPECIFIED.,.F.,.F.,(4,1,4),(0.,0.806673631435,1.),.UNSPECIFIED.);
#2468 = CARTESIAN_POINT('',(5.359957252482,88.041907372709));
#2469 = CARTESIAN_POINT('',(5.360077523932,88.056118266802));
#2470 = CARTESIAN_POINT('',(5.360226968818,88.073734842863));
#2471 = CARTESIAN_POINT('',(5.360376852114,88.091351612898));
#2472 = CARTESIAN_POINT('',(5.360405844824,88.094757395242));
#2473 = ( GEOMETRIC_REPRESENTATION_CONTEXT(2) 
PARAMETRIC_REPRESENTATION_CONTEXT() REPRESENTATION_CONTEXT('2D SPACE',''
  ) );
#2474 = PCURVE('',#2475,#2480);
#2475 = PLANE('',#2476);
#2476 = AXIS2_PLACEMENT_3D('',#2477,#2478,#2479);
#2477 = CARTESIAN_POINT('',(7.558056640625,-9.99248046875,94.));
#2478 = DIRECTION('',(-0.897789410143,-0.440424993655,0.));
#2479 = DIRECTION('',(-0.440424993655,0.897789410143,0.));
#2480 = DEFINITIONAL_REPRESENTATION('',(#2481),#2487);
#2481 = B_SPLINE_CURVE_WITH_KNOTS('',3,(#2482,#2483,#2484,#2485,#2486),
  .UNSPECIFIED.,.F.,.F.,(4,1,4),(0.,0.806673631435,1.),.UNSPECIFIED.);
#2482 = CARTESIAN_POINT('',(0.,-0.955837965437));
#2483 = CARTESIAN_POINT('',(7.917234260404E-03,-0.967716109611));
#2484 = CARTESIAN_POINT('',(1.773663296026E-02,-0.982437515928));
#2485 = CARTESIAN_POINT('',(2.75620555758E-02,-0.997154901));
#2486 = CARTESIAN_POINT('',(2.946178776899E-02,-1.));
#2487 = ( GEOMETRIC_REPRESENTATION_CONTEXT(2) 
PARAMETRIC_REPRESENTATION_CONTEXT() REPRESENTATION_CONTEXT('2D SPACE',''
  ) );
#2488 = ORIENTED_EDGE('',*,*,#2489,.F.);
#2489 = EDGE_CURVE('',#2490,#2456,#2492,.T.);
#2490 = VERTEX_POINT('',#2491);
#2491 = CARTESIAN_POINT('',(-7.510015584648,-9.99248046875,95.));
#2492 = SURFACE_CURVE('',#2493,(#2498,#2505),.PCURVE_S1.);
#2493 = CIRCLE('',#2494,12.5);
#2494 = AXIS2_PLACEMENT_3D('',#2495,#2496,#2497);
#2495 = CARTESIAN_POINT('',(0.,0.,95.));
#2496 = DIRECTION('',(0.,0.,1.));
#2497 = DIRECTION('',(1.,0.,-0.));
#2498 = PCURVE('',#2299,#2499);
#2499 = DEFINITIONAL_REPRESENTATION('',(#2500),#2504);
#2500 = LINE('',#2501,#2502);
#2501 = CARTESIAN_POINT('',(0.,88.094757395242));
#2502 = VECTOR('',#2503,1.);
#2503 = DIRECTION('',(1.,0.));
#2504 = ( GEOMETRIC_REPRESENTATION_CONTEXT(2) 
PARAMETRIC_REPRESENTATION_CONTEXT() REPRESENTATION_CONTEXT('2D SPACE',''
  ) );
#2505 = PCURVE('',#2372,#2506);
#2506 = DEFINITIONAL_REPRESENTATION('',(#2507),#2511);
#2507 = CIRCLE('',#2508,12.5);
#2508 = AXIS2_PLACEMENT_2D('',#2509,#2510);
#2509 = CARTESIAN_POINT('',(0.,0.));
#2510 = DIRECTION('',(1.,0.));
#2511 = ( GEOMETRIC_REPRESENTATION_CONTEXT(2) 
PARAMETRIC_REPRESENTATION_CONTEXT() REPRESENTATION_CONTEXT('2D SPACE',''
  ) );
#2512 = ORIENTED_EDGE('',*,*,#2513,.F.);
#2513 = EDGE_CURVE('',#2514,#2490,#2516,.T.);
#2514 = VERTEX_POINT('',#2515);
#2515 = CARTESIAN_POINT('',(-8.036474609375,-9.99248046875,
    94.50219001931));
#2516 = SURFACE_CURVE('',#2517,(#2523,#2532),.PCURVE_S1.);
#2517 = B_SPLINE_CURVE_WITH_KNOTS('',4,(#2518,#2519,#2520,#2521,#2522),
  .UNSPECIFIED.,.F.,.F.,(5,5),(0.,1.),.PIECEWISE_BEZIER_KNOTS.);
#2518 = CARTESIAN_POINT('',(-8.036474609375,-9.99248046875,
    94.50219001931));
#2519 = CARTESIAN_POINT('',(-7.907399700159,-9.99248046875,
    94.627981501193));
#2520 = CARTESIAN_POINT('',(-7.776689881605,-9.99248046875,
    94.75291839564));
#2521 = CARTESIAN_POINT('',(-7.644262598422,-9.99248046875,
    94.876947513761));
#2522 = CARTESIAN_POINT('',(-7.510015584648,-9.99248046875,95.));
#2523 = PCURVE('',#2299,#2524);
#2524 = DEFINITIONAL_REPRESENTATION('',(#2525),#2531);
#2525 = B_SPLINE_CURVE_WITH_KNOTS('',4,(#2526,#2527,#2528,#2529,#2530),
  .UNSPECIFIED.,.F.,.F.,(5,5),(0.,1.),.PIECEWISE_BEZIER_KNOTS.);
#2526 = CARTESIAN_POINT('',(4.035060593338,87.500729670746));
#2527 = CARTESIAN_POINT('',(4.042904311067,87.650364175371));
#2528 = CARTESIAN_POINT('',(4.050979334237,87.799294781141));
#2529 = CARTESIAN_POINT('',(4.059300588262,87.947454969209));
#2530 = CARTESIAN_POINT('',(4.067885936506,88.094757395242));
#2531 = ( GEOMETRIC_REPRESENTATION_CONTEXT(2) 
PARAMETRIC_REPRESENTATION_CONTEXT() REPRESENTATION_CONTEXT('2D SPACE',''
  ) );
#2532 = PCURVE('',#2533,#2538);
#2533 = PLANE('',#2534);
#2534 = AXIS2_PLACEMENT_3D('',#2535,#2536,#2537);
#2535 = CARTESIAN_POINT('',(-5.599462890625,-9.99248046875,94.));
#2536 = DIRECTION('',(0.,-1.,0.));
#2537 = DIRECTION('',(-1.,0.,0.));
#2538 = DEFINITIONAL_REPRESENTATION('',(#2539),#2545);
#2539 = B_SPLINE_CURVE_WITH_KNOTS('',4,(#2540,#2541,#2542,#2543,#2544),
  .UNSPECIFIED.,.F.,.F.,(5,5),(0.,1.),.PIECEWISE_BEZIER_KNOTS.);
#2540 = CARTESIAN_POINT('',(2.43701171875,-0.50219001931));
#2541 = CARTESIAN_POINT('',(2.307936809534,-0.627981501193));
#2542 = CARTESIAN_POINT('',(2.17722699098,-0.75291839564));
#2543 = CARTESIAN_POINT('',(2.044799707797,-0.876947513761));
#2544 = CARTESIAN_POINT('',(1.910552694023,-1.));
#2545 = ( GEOMETRIC_REPRESENTATION_CONTEXT(2) 
PARAMETRIC_REPRESENTATION_CONTEXT() REPRESENTATION_CONTEXT('2D SPACE',''
  ) );
#2546 = ORIENTED_EDGE('',*,*,#2547,.T.);
#2547 = EDGE_CURVE('',#2514,#2548,#2550,.T.);
#2548 = VERTEX_POINT('',#2549);
#2549 = CARTESIAN_POINT('',(-8.036474609375,-9.574187999662,95.));
#2550 = SURFACE_CURVE('',#2551,(#2557,#2566),.PCURVE_S1.);
#2551 = B_SPLINE_CURVE_WITH_KNOTS('',4,(#2552,#2553,#2554,#2555,#2556),
  .UNSPECIFIED.,.F.,.F.,(5,5),(0.,1.),.PIECEWISE_BEZIER_KNOTS.);
#2552 = CARTESIAN_POINT('',(-8.036474609375,-9.99248046875,
    94.50219001931));
#2553 = CARTESIAN_POINT('',(-8.036474609375,-9.889212554297,
    94.627326098258));
#2554 = CARTESIAN_POINT('',(-8.036474609375,-9.785090853119,
    94.752015931696));
#2555 = CARTESIAN_POINT('',(-8.036474609375,-9.680092078296,
    94.876245910849));
#2556 = CARTESIAN_POINT('',(-8.036474609375,-9.574187999662,95.));
#2557 = PCURVE('',#2299,#2558);
#2558 = DEFINITIONAL_REPRESENTATION('',(#2559),#2565);
#2559 = B_SPLINE_CURVE_WITH_KNOTS('',4,(#2560,#2561,#2562,#2563,#2564),
  .UNSPECIFIED.,.F.,.F.,(5,5),(0.,1.),.PIECEWISE_BEZIER_KNOTS.);
#2560 = CARTESIAN_POINT('',(4.035060593338,87.500729670746));
#2561 = CARTESIAN_POINT('',(4.03001354106,87.649584544732));
#2562 = CARTESIAN_POINT('',(4.024840298477,87.798218019869));
#2563 = CARTESIAN_POINT('',(4.019534106573,87.946615101489));
#2564 = CARTESIAN_POINT('',(4.014087095763,88.094757395242));
#2565 = ( GEOMETRIC_REPRESENTATION_CONTEXT(2) 
PARAMETRIC_REPRESENTATION_CONTEXT() REPRESENTATION_CONTEXT('2D SPACE',''
  ) );
#2566 = PCURVE('',#2567,#2572);
#2567 = PLANE('',#2568);
#2568 = AXIS2_PLACEMENT_3D('',#2569,#2570,#2571);
#2569 = CARTESIAN_POINT('',(-8.036474609375,-9.99248046875,94.));
#2570 = DIRECTION('',(-1.,0.,0.));
#2571 = DIRECTION('',(0.,1.,0.));
#2572 = DEFINITIONAL_REPRESENTATION('',(#2573),#2579);
#2573 = B_SPLINE_CURVE_WITH_KNOTS('',4,(#2574,#2575,#2576,#2577,#2578),
  .UNSPECIFIED.,.F.,.F.,(5,5),(0.,1.),.PIECEWISE_BEZIER_KNOTS.);
#2574 = CARTESIAN_POINT('',(0.,-0.50219001931));
#2575 = CARTESIAN_POINT('',(0.103267914453,-0.627326098258));
#2576 = CARTESIAN_POINT('',(0.207389615631,-0.752015931696));
#2577 = CARTESIAN_POINT('',(0.312388390454,-0.876245910849));
#2578 = CARTESIAN_POINT('',(0.418292469088,-1.));
#2579 = ( GEOMETRIC_REPRESENTATION_CONTEXT(2) 
PARAMETRIC_REPRESENTATION_CONTEXT() REPRESENTATION_CONTEXT('2D SPACE',''
  ) );
#2580 = ORIENTED_EDGE('',*,*,#2581,.F.);
#2581 = EDGE_CURVE('',#2582,#2548,#2584,.T.);
#2582 = VERTEX_POINT('',#2583);
#2583 = CARTESIAN_POINT('',(-7.881494140625,9.702167289389,95.));
#2584 = SURFACE_CURVE('',#2585,(#2590,#2597),.PCURVE_S1.);
#2585 = CIRCLE('',#2586,12.5);
#2586 = AXIS2_PLACEMENT_3D('',#2587,#2588,#2589);
#2587 = CARTESIAN_POINT('',(0.,0.,95.));
#2588 = DIRECTION('',(0.,0.,1.));
#2589 = DIRECTION('',(1.,0.,-0.));
#2590 = PCURVE('',#2299,#2591);
#2591 = DEFINITIONAL_REPRESENTATION('',(#2592),#2596);
#2592 = LINE('',#2593,#2594);
#2593 = CARTESIAN_POINT('',(0.,88.094757395242));
#2594 = VECTOR('',#2595,1.);
#2595 = DIRECTION('',(1.,0.));
#2596 = ( GEOMETRIC_REPRESENTATION_CONTEXT(2) 
PARAMETRIC_REPRESENTATION_CONTEXT() REPRESENTATION_CONTEXT('2D SPACE',''
  ) );
#2597 = PCURVE('',#2372,#2598);
#2598 = DEFINITIONAL_REPRESENTATION('',(#2599),#2603);
#2599 = CIRCLE('',#2600,12.5);
#2600 = AXIS2_PLACEMENT_2D('',#2601,#2602);
#2601 = CARTESIAN_POINT('',(0.,0.));
#2602 = DIRECTION('',(1.,0.));
#2603 = ( GEOMETRIC_REPRESENTATION_CONTEXT(2) 
PARAMETRIC_REPRESENTATION_CONTEXT() REPRESENTATION_CONTEXT('2D SPACE',''
  ) );
#2604 = ORIENTED_EDGE('',*,*,#2605,.F.);
#2605 = EDGE_CURVE('',#2606,#2582,#2608,.T.);
#2606 = VERTEX_POINT('',#2607);
#2607 = CARTESIAN_POINT('',(-7.881494140625,9.99921875,94.643722942561)
  );
#2608 = SURFACE_CURVE('',#2609,(#2615,#2624),.PCURVE_S1.);
#2609 = B_SPLINE_CURVE_WITH_KNOTS('',4,(#2610,#2611,#2612,#2613,#2614),
  .UNSPECIFIED.,.F.,.F.,(5,5),(0.,1.),.PIECEWISE_BEZIER_KNOTS.);
#2610 = CARTESIAN_POINT('',(-7.881494140625,9.99921875,94.643722942561)
  );
#2611 = CARTESIAN_POINT('',(-7.881494140625,9.925606803257,
    94.733135277756));
#2612 = CARTESIAN_POINT('',(-7.881494140625,9.851566613034,
    94.822322218513));
#2613 = CARTESIAN_POINT('',(-7.881494140625,9.777089935216,
    94.911278927091));
#2614 = CARTESIAN_POINT('',(-7.881494140625,9.702167289389,95.));
#2615 = PCURVE('',#2299,#2616);
#2616 = DEFINITIONAL_REPRESENTATION('',(#2617),#2623);
#2617 = B_SPLINE_CURVE_WITH_KNOTS('',4,(#2618,#2619,#2620,#2621,#2622),
  .UNSPECIFIED.,.F.,.F.,(5,5),(0.,1.),.PIECEWISE_BEZIER_KNOTS.);
#2618 = CARTESIAN_POINT('',(2.238307398322,87.669238308874));
#2619 = CARTESIAN_POINT('',(2.241886447081,87.775786825056));
#2620 = CARTESIAN_POINT('',(2.245529655005,87.882226512968));
#2621 = CARTESIAN_POINT('',(2.249239490688,87.988552070351));
#2622 = CARTESIAN_POINT('',(2.25301870601,88.094757395242));
#2623 = ( GEOMETRIC_REPRESENTATION_CONTEXT(2) 
PARAMETRIC_REPRESENTATION_CONTEXT() REPRESENTATION_CONTEXT('2D SPACE',''
  ) );
#2624 = PCURVE('',#2625,#2630);
#2625 = PLANE('',#2626);
#2626 = AXIS2_PLACEMENT_3D('',#2627,#2628,#2629);
#2627 = CARTESIAN_POINT('',(-7.881494140625,9.4107421875,94.));
#2628 = DIRECTION('',(-1.,0.,0.));
#2629 = DIRECTION('',(0.,1.,0.));
#2630 = DEFINITIONAL_REPRESENTATION('',(#2631),#2637);
#2631 = B_SPLINE_CURVE_WITH_KNOTS('',4,(#2632,#2633,#2634,#2635,#2636),
  .UNSPECIFIED.,.F.,.F.,(5,5),(0.,1.),.PIECEWISE_BEZIER_KNOTS.);
#2632 = CARTESIAN_POINT('',(0.5884765625,-0.643722942561));
#2633 = CARTESIAN_POINT('',(0.514864615757,-0.733135277756));
#2634 = CARTESIAN_POINT('',(0.440824425534,-0.822322218513));
#2635 = CARTESIAN_POINT('',(0.366347747716,-0.911278927091));
#2636 = CARTESIAN_POINT('',(0.291425101889,-1.));
#2637 = ( GEOMETRIC_REPRESENTATION_CONTEXT(2) 
PARAMETRIC_REPRESENTATION_CONTEXT() REPRESENTATION_CONTEXT('2D SPACE',''
  ) );
#2638 = ORIENTED_EDGE('',*,*,#2639,.T.);
#2639 = EDGE_CURVE('',#2606,#2640,#2642,.T.);
#2640 = VERTEX_POINT('',#2641);
#2641 = CARTESIAN_POINT('',(-7.352427913614,10.108996180388,95.));
#2642 = SURFACE_CURVE('',#2643,(#2649,#2658),.PCURVE_S1.);
#2643 = B_SPLINE_CURVE_WITH_KNOTS('',4,(#2644,#2645,#2646,#2647,#2648),
  .UNSPECIFIED.,.F.,.F.,(5,5),(0.,1.),.PIECEWISE_BEZIER_KNOTS.);
#2644 = CARTESIAN_POINT('',(-7.881494140625,9.99921875,94.643722942561)
  );
#2645 = CARTESIAN_POINT('',(-7.752291539949,10.026027358786,
    94.734858074223));
#2646 = CARTESIAN_POINT('',(-7.621121258894,10.053244247074,
    94.824698075832));
#2647 = CARTESIAN_POINT('',(-7.487874204327,10.080892050903,
    94.91312892946));
#2648 = CARTESIAN_POINT('',(-7.352427913614,10.108996180388,95.));
#2649 = PCURVE('',#2299,#2650);
#2650 = DEFINITIONAL_REPRESENTATION('',(#2651),#2657);
#2651 = B_SPLINE_CURVE_WITH_KNOTS('',4,(#2652,#2653,#2654,#2655,#2656),
  .UNSPECIFIED.,.F.,.F.,(5,5),(0.,1.),.PIECEWISE_BEZIER_KNOTS.);
#2652 = CARTESIAN_POINT('',(2.238307398322,87.669238308874));
#2653 = CARTESIAN_POINT('',(2.229034138635,87.77783980138));
#2654 = CARTESIAN_POINT('',(2.219505207353,87.885063914096));
#2655 = CARTESIAN_POINT('',(2.20970598005,87.990766652481));
#2656 = CARTESIAN_POINT('',(2.199620478472,88.094757395242));
#2657 = ( GEOMETRIC_REPRESENTATION_CONTEXT(2) 
PARAMETRIC_REPRESENTATION_CONTEXT() REPRESENTATION_CONTEXT('2D SPACE',''
  ) );
#2658 = PCURVE('',#2659,#2664);
#2659 = PLANE('',#2660);
#2660 = AXIS2_PLACEMENT_3D('',#2661,#2662,#2663);
#2661 = CARTESIAN_POINT('',(-7.881494140625,9.99921875,94.));
#2662 = DIRECTION('',(-0.203165414809,0.979144429707,0.));
#2663 = DIRECTION('',(0.979144429707,0.203165414809,0.));
#2664 = DEFINITIONAL_REPRESENTATION('',(#2665),#2671);
#2665 = B_SPLINE_CURVE_WITH_KNOTS('',4,(#2666,#2667,#2668,#2669,#2670),
  .UNSPECIFIED.,.F.,.F.,(5,5),(0.,1.),.PIECEWISE_BEZIER_KNOTS.);
#2666 = CARTESIAN_POINT('',(0.,-0.643722942561));
#2667 = CARTESIAN_POINT('',(0.13195458888,-0.734858074223));
#2668 = CARTESIAN_POINT('',(0.265918769317,-0.824698075832));
#2669 = CARTESIAN_POINT('',(0.402003958104,-0.91312892946));
#2670 = CARTESIAN_POINT('',(0.540335226305,-1.));
#2671 = ( GEOMETRIC_REPRESENTATION_CONTEXT(2) 
PARAMETRIC_REPRESENTATION_CONTEXT() REPRESENTATION_CONTEXT('2D SPACE',''
  ) );
#2672 = ORIENTED_EDGE('',*,*,#2673,.F.);
#2673 = EDGE_CURVE('',#2674,#2640,#2676,.T.);
#2674 = VERTEX_POINT('',#2675);
#2675 = CARTESIAN_POINT('',(7.280477259156,10.1609375,95.));
#2676 = SURFACE_CURVE('',#2677,(#2682,#2689),.PCURVE_S1.);
#2677 = CIRCLE('',#2678,12.5);
#2678 = AXIS2_PLACEMENT_3D('',#2679,#2680,#2681);
#2679 = CARTESIAN_POINT('',(0.,0.,95.));
#2680 = DIRECTION('',(0.,0.,1.));
#2681 = DIRECTION('',(1.,0.,-0.));
#2682 = PCURVE('',#2299,#2683);
#2683 = DEFINITIONAL_REPRESENTATION('',(#2684),#2688);
#2684 = LINE('',#2685,#2686);
#2685 = CARTESIAN_POINT('',(0.,88.094757395242));
#2686 = VECTOR('',#2687,1.);
#2687 = DIRECTION('',(1.,0.));
#2688 = ( GEOMETRIC_REPRESENTATION_CONTEXT(2) 
PARAMETRIC_REPRESENTATION_CONTEXT() REPRESENTATION_CONTEXT('2D SPACE',''
  ) );
#2689 = PCURVE('',#2372,#2690);
#2690 = DEFINITIONAL_REPRESENTATION('',(#2691),#2695);
#2691 = CIRCLE('',#2692,12.5);
#2692 = AXIS2_PLACEMENT_2D('',#2693,#2694);
#2693 = CARTESIAN_POINT('',(0.,0.));
#2694 = DIRECTION('',(1.,0.));
#2695 = ( GEOMETRIC_REPRESENTATION_CONTEXT(2) 
PARAMETRIC_REPRESENTATION_CONTEXT() REPRESENTATION_CONTEXT('2D SPACE',''
  ) );
#2696 = ORIENTED_EDGE('',*,*,#2697,.F.);
#2697 = EDGE_CURVE('',#2698,#2674,#2700,.T.);
#2698 = VERTEX_POINT('',#2699);
#2699 = CARTESIAN_POINT('',(7.836572265625,10.1609375,94.488734904792));
#2700 = SURFACE_CURVE('',#2701,(#2707,#2716),.PCURVE_S1.);
#2701 = B_SPLINE_CURVE_WITH_KNOTS('',4,(#2702,#2703,#2704,#2705,#2706),
  .UNSPECIFIED.,.F.,.F.,(5,5),(0.,1.),.PIECEWISE_BEZIER_KNOTS.);
#2702 = CARTESIAN_POINT('',(7.836572265625,10.1609375,94.488734904792));
#2703 = CARTESIAN_POINT('',(7.700434676323,10.1609375,94.618088968781));
#2704 = CARTESIAN_POINT('',(7.562444300791,10.1609375,94.746465738237));
#2705 = CARTESIAN_POINT('',(7.422500366965,10.1609375,94.873798713467));
#2706 = CARTESIAN_POINT('',(7.280477259156,10.1609375,95.));
#2707 = PCURVE('',#2299,#2708);
#2708 = DEFINITIONAL_REPRESENTATION('',(#2709),#2715);
#2709 = B_SPLINE_CURVE_WITH_KNOTS('',4,(#2710,#2711,#2712,#2713,#2714),
  .UNSPECIFIED.,.F.,.F.,(5,5),(0.,1.),.PIECEWISE_BEZIER_KNOTS.);
#2710 = CARTESIAN_POINT('',(0.913836484297,87.484725560847));
#2711 = CARTESIAN_POINT('',(0.922237521632,87.638572132876));
#2712 = CARTESIAN_POINT('',(0.930898053865,87.791586640209));
#2713 = CARTESIAN_POINT('',(0.939835631725,87.943685635191));
#2714 = CARTESIAN_POINT('',(0.949071394425,88.094757395242));
#2715 = ( GEOMETRIC_REPRESENTATION_CONTEXT(2) 
PARAMETRIC_REPRESENTATION_CONTEXT() REPRESENTATION_CONTEXT('2D SPACE',''
  ) );
#2716 = PCURVE('',#2717,#2722);
#2717 = PLANE('',#2718);
#2718 = AXIS2_PLACEMENT_3D('',#2719,#2720,#2721);
#2719 = CARTESIAN_POINT('',(5.687060546875,10.1609375,94.));
#2720 = DIRECTION('',(0.,1.,0.));
#2721 = DIRECTION('',(1.,0.,0.));
#2722 = DEFINITIONAL_REPRESENTATION('',(#2723),#2729);
#2723 = B_SPLINE_CURVE_WITH_KNOTS('',4,(#2724,#2725,#2726,#2727,#2728),
  .UNSPECIFIED.,.F.,.F.,(5,5),(0.,1.),.PIECEWISE_BEZIER_KNOTS.);
#2724 = CARTESIAN_POINT('',(2.14951171875,-0.488734904792));
#2725 = CARTESIAN_POINT('',(2.013374129448,-0.618088968781));
#2726 = CARTESIAN_POINT('',(1.875383753916,-0.746465738237));
#2727 = CARTESIAN_POINT('',(1.73543982009,-0.873798713467));
#2728 = CARTESIAN_POINT('',(1.593416712281,-1.));
#2729 = ( GEOMETRIC_REPRESENTATION_CONTEXT(2) 
PARAMETRIC_REPRESENTATION_CONTEXT() REPRESENTATION_CONTEXT('2D SPACE',''
  ) );
#2730 = ORIENTED_EDGE('',*,*,#2731,.T.);
#2731 = EDGE_CURVE('',#2698,#2732,#2734,.T.);
#2732 = VERTEX_POINT('',#2733);
#2733 = CARTESIAN_POINT('',(7.836572265625,9.738487311982,95.));
#2734 = SURFACE_CURVE('',#2735,(#2741,#2750),.PCURVE_S1.);
#2735 = B_SPLINE_CURVE_WITH_KNOTS('',4,(#2736,#2737,#2738,#2739,#2740),
  .UNSPECIFIED.,.F.,.F.,(5,5),(0.,1.),.PIECEWISE_BEZIER_KNOTS.);
#2736 = CARTESIAN_POINT('',(7.836572265625,10.1609375,94.488734904792));
#2737 = CARTESIAN_POINT('',(7.836572265625,10.056631182347,
    94.617239977798));
#2738 = CARTESIAN_POINT('',(7.836572265625,9.951469680989,
    94.745294998887));
#2739 = CARTESIAN_POINT('',(7.836572265625,9.845430745033,
    94.872886831297));
#2740 = CARTESIAN_POINT('',(7.836572265625,9.738487311982,95.));
#2741 = PCURVE('',#2299,#2742);
#2742 = DEFINITIONAL_REPRESENTATION('',(#2743),#2749);
#2743 = B_SPLINE_CURVE_WITH_KNOTS('',4,(#2744,#2745,#2746,#2747,#2748),
  .UNSPECIFIED.,.F.,.F.,(5,5),(0.,1.),.PIECEWISE_BEZIER_KNOTS.);
#2744 = CARTESIAN_POINT('',(0.913836484297,87.484725560847));
#2745 = CARTESIAN_POINT('',(0.908872186393,87.637562389938));
#2746 = CARTESIAN_POINT('',(0.903781974243,87.79018991945));
#2747 = CARTESIAN_POINT('',(0.898559023441,87.942594048503));
#2748 = CARTESIAN_POINT('',(0.893195375816,88.094757395242));
#2749 = ( GEOMETRIC_REPRESENTATION_CONTEXT(2) 
PARAMETRIC_REPRESENTATION_CONTEXT() REPRESENTATION_CONTEXT('2D SPACE',''
  ) );
#2750 = PCURVE('',#2751,#2756);
#2751 = PLANE('',#2752);
#2752 = AXIS2_PLACEMENT_3D('',#2753,#2754,#2755);
#2753 = CARTESIAN_POINT('',(7.836572265625,10.1609375,94.));
#2754 = DIRECTION('',(1.,0.,0.));
#2755 = DIRECTION('',(0.,-1.,0.));
#2756 = DEFINITIONAL_REPRESENTATION('',(#2757),#2763);
#2757 = B_SPLINE_CURVE_WITH_KNOTS('',4,(#2758,#2759,#2760,#2761,#2762),
  .UNSPECIFIED.,.F.,.F.,(5,5),(0.,1.),.PIECEWISE_BEZIER_KNOTS.);
#2758 = CARTESIAN_POINT('',(0.,-0.488734904792));
#2759 = CARTESIAN_POINT('',(0.104306317653,-0.617239977798));
#2760 = CARTESIAN_POINT('',(0.209467819011,-0.745294998887));
#2761 = CARTESIAN_POINT('',(0.315506754967,-0.872886831297));
#2762 = CARTESIAN_POINT('',(0.422450188018,-1.));
#2763 = ( GEOMETRIC_REPRESENTATION_CONTEXT(2) 
PARAMETRIC_REPRESENTATION_CONTEXT() REPRESENTATION_CONTEXT('2D SPACE',''
  ) );
#2764 = ORIENTED_EDGE('',*,*,#2765,.F.);
#2765 = EDGE_CURVE('',#2325,#2732,#2766,.T.);
#2766 = SURFACE_CURVE('',#2767,(#2772,#2779),.PCURVE_S1.);
#2767 = CIRCLE('',#2768,12.5);
#2768 = AXIS2_PLACEMENT_3D('',#2769,#2770,#2771);
#2769 = CARTESIAN_POINT('',(0.,0.,95.));
#2770 = DIRECTION('',(0.,0.,1.));
#2771 = DIRECTION('',(1.,0.,-0.));
#2772 = PCURVE('',#2299,#2773);
#2773 = DEFINITIONAL_REPRESENTATION('',(#2774),#2778);
#2774 = LINE('',#2775,#2776);
#2775 = CARTESIAN_POINT('',(0.,88.094757395242));
#2776 = VECTOR('',#2777,1.);
#2777 = DIRECTION('',(1.,0.));
#2778 = ( GEOMETRIC_REPRESENTATION_CONTEXT(2) 
PARAMETRIC_REPRESENTATION_CONTEXT() REPRESENTATION_CONTEXT('2D SPACE',''
  ) );
#2779 = PCURVE('',#2372,#2780);
#2780 = DEFINITIONAL_REPRESENTATION('',(#2781),#2785);
#2781 = CIRCLE('',#2782,12.5);
#2782 = AXIS2_PLACEMENT_2D('',#2783,#2784);
#2783 = CARTESIAN_POINT('',(0.,0.));
#2784 = DIRECTION('',(1.,0.));
#2785 = ( GEOMETRIC_REPRESENTATION_CONTEXT(2) 
PARAMETRIC_REPRESENTATION_CONTEXT() REPRESENTATION_CONTEXT('2D SPACE',''
  ) );
#2786 = ADVANCED_FACE('',(#2787,#5244,#5532,#6054),#2372,.T.);
#2787 = FACE_BOUND('',#2788,.T.);
#2788 = EDGE_LOOP('',(#2789,#2790,#2791,#2812,#2838,#2864,#2900,#2936,
    #2993,#3050,#3113,#3170,#3215,#3254,#3280,#3319,#3358,#3409,#3460,
    #3511,#3562,#3601,#3640,#3666,#3685,#3686,#3707,#3733,#3759,#3785,
    #3811,#3837,#3863,#3889,#3915,#3941,#3960,#3961,#3982,#4008,#4047,
    #4092,#4143,#4194,#4233,#4272,#4298,#4334,#4370,#4427,#4484,#4535,
    #4580,#4606,#4632,#4658,#4677,#4678,#4699,#4741,#4780,#4806,#4832,
    #4858,#4884,#4910,#4967,#5030,#5081,#5132,#5183,#5225));
#2789 = ORIENTED_EDGE('',*,*,#2355,.T.);
#2790 = ORIENTED_EDGE('',*,*,#2765,.T.);
#2791 = ORIENTED_EDGE('',*,*,#2792,.F.);
#2792 = EDGE_CURVE('',#2793,#2732,#2795,.T.);
#2793 = VERTEX_POINT('',#2794);
#2794 = CARTESIAN_POINT('',(7.836572265625,9.52529296875,95.));
#2795 = SURFACE_CURVE('',#2796,(#2800,#2806),.PCURVE_S1.);
#2796 = LINE('',#2797,#2798);
#2797 = CARTESIAN_POINT('',(7.836572265625,5.08046875,95.));
#2798 = VECTOR('',#2799,1.);
#2799 = DIRECTION('',(0.,1.,0.));
#2800 = PCURVE('',#2372,#2801);
#2801 = DEFINITIONAL_REPRESENTATION('',(#2802),#2805);
#2802 = B_SPLINE_CURVE_WITH_KNOTS('',1,(#2803,#2804),.UNSPECIFIED.,.F.,
  .F.,(2,2),(4.44482421875,5.08046875),.PIECEWISE_BEZIER_KNOTS.);
#2803 = CARTESIAN_POINT('',(7.836572265625,9.52529296875));
#2804 = CARTESIAN_POINT('',(7.836572265625,10.1609375));
#2805 = ( GEOMETRIC_REPRESENTATION_CONTEXT(2) 
PARAMETRIC_REPRESENTATION_CONTEXT() REPRESENTATION_CONTEXT('2D SPACE',''
  ) );
#2806 = PCURVE('',#2751,#2807);
#2807 = DEFINITIONAL_REPRESENTATION('',(#2808),#2811);
#2808 = B_SPLINE_CURVE_WITH_KNOTS('',1,(#2809,#2810),.UNSPECIFIED.,.F.,
  .F.,(2,2),(4.44482421875,5.08046875),.PIECEWISE_BEZIER_KNOTS.);
#2809 = CARTESIAN_POINT('',(0.63564453125,-1.));
#2810 = CARTESIAN_POINT('',(0.,-1.));
#2811 = ( GEOMETRIC_REPRESENTATION_CONTEXT(2) 
PARAMETRIC_REPRESENTATION_CONTEXT() REPRESENTATION_CONTEXT('2D SPACE',''
  ) );
#2812 = ORIENTED_EDGE('',*,*,#2813,.F.);
#2813 = EDGE_CURVE('',#2814,#2793,#2816,.T.);
#2814 = VERTEX_POINT('',#2815);
#2815 = CARTESIAN_POINT('',(6.376611328125,9.52529296875,95.));
#2816 = SURFACE_CURVE('',#2817,(#2821,#2827),.PCURVE_S1.);
#2817 = LINE('',#2818,#2819);
#2818 = CARTESIAN_POINT('',(3.918286132812,9.52529296875,95.));
#2819 = VECTOR('',#2820,1.);
#2820 = DIRECTION('',(1.,0.,-0.));
#2821 = PCURVE('',#2372,#2822);
#2822 = DEFINITIONAL_REPRESENTATION('',(#2823),#2826);
#2823 = B_SPLINE_CURVE_WITH_KNOTS('',1,(#2824,#2825),.UNSPECIFIED.,.F.,
  .F.,(2,2),(2.458325195312,3.918286132812),.PIECEWISE_BEZIER_KNOTS.);
#2824 = CARTESIAN_POINT('',(6.376611328125,9.52529296875));
#2825 = CARTESIAN_POINT('',(7.836572265625,9.52529296875));
#2826 = ( GEOMETRIC_REPRESENTATION_CONTEXT(2) 
PARAMETRIC_REPRESENTATION_CONTEXT() REPRESENTATION_CONTEXT('2D SPACE',''
  ) );
#2827 = PCURVE('',#2828,#2833);
#2828 = PLANE('',#2829);
#2829 = AXIS2_PLACEMENT_3D('',#2830,#2831,#2832);
#2830 = CARTESIAN_POINT('',(7.836572265625,9.52529296875,94.));
#2831 = DIRECTION('',(0.,-1.,0.));
#2832 = DIRECTION('',(-1.,0.,0.));
#2833 = DEFINITIONAL_REPRESENTATION('',(#2834),#2837);
#2834 = B_SPLINE_CURVE_WITH_KNOTS('',1,(#2835,#2836),.UNSPECIFIED.,.F.,
  .F.,(2,2),(2.458325195312,3.918286132812),.PIECEWISE_BEZIER_KNOTS.);
#2835 = CARTESIAN_POINT('',(1.4599609375,-1.));
#2836 = CARTESIAN_POINT('',(0.,-1.));
#2837 = ( GEOMETRIC_REPRESENTATION_CONTEXT(2) 
PARAMETRIC_REPRESENTATION_CONTEXT() REPRESENTATION_CONTEXT('2D SPACE',''
  ) );
#2838 = ORIENTED_EDGE('',*,*,#2839,.F.);
#2839 = EDGE_CURVE('',#2840,#2814,#2842,.T.);
#2840 = VERTEX_POINT('',#2841);
#2841 = CARTESIAN_POINT('',(6.376611328125,9.0064453125,95.));
#2842 = SURFACE_CURVE('',#2843,(#2847,#2853),.PCURVE_S1.);
#2843 = LINE('',#2844,#2845);
#2844 = CARTESIAN_POINT('',(6.376611328125,4.762646484375,95.));
#2845 = VECTOR('',#2846,1.);
#2846 = DIRECTION('',(0.,1.,0.));
#2847 = PCURVE('',#2372,#2848);
#2848 = DEFINITIONAL_REPRESENTATION('',(#2849),#2852);
#2849 = B_SPLINE_CURVE_WITH_KNOTS('',1,(#2850,#2851),.UNSPECIFIED.,.F.,
  .F.,(2,2),(4.243798828125,4.762646484375),.PIECEWISE_BEZIER_KNOTS.);
#2850 = CARTESIAN_POINT('',(6.376611328125,9.0064453125));
#2851 = CARTESIAN_POINT('',(6.376611328125,9.52529296875));
#2852 = ( GEOMETRIC_REPRESENTATION_CONTEXT(2) 
PARAMETRIC_REPRESENTATION_CONTEXT() REPRESENTATION_CONTEXT('2D SPACE',''
  ) );
#2853 = PCURVE('',#2854,#2859);
#2854 = PLANE('',#2855);
#2855 = AXIS2_PLACEMENT_3D('',#2856,#2857,#2858);
#2856 = CARTESIAN_POINT('',(6.376611328125,9.52529296875,94.));
#2857 = DIRECTION('',(1.,0.,0.));
#2858 = DIRECTION('',(0.,-1.,0.));
#2859 = DEFINITIONAL_REPRESENTATION('',(#2860),#2863);
#2860 = B_SPLINE_CURVE_WITH_KNOTS('',1,(#2861,#2862),.UNSPECIFIED.,.F.,
  .F.,(2,2),(4.243798828125,4.762646484375),.PIECEWISE_BEZIER_KNOTS.);
#2861 = CARTESIAN_POINT('',(0.51884765625,-1.));
#2862 = CARTESIAN_POINT('',(0.,-1.));
#2863 = ( GEOMETRIC_REPRESENTATION_CONTEXT(2) 
PARAMETRIC_REPRESENTATION_CONTEXT() REPRESENTATION_CONTEXT('2D SPACE',''
  ) );
#2864 = ORIENTED_EDGE('',*,*,#2865,.F.);
#2865 = EDGE_CURVE('',#2866,#2840,#2868,.T.);
#2866 = VERTEX_POINT('',#2867);
#2867 = CARTESIAN_POINT('',(6.575390625,9.047998046875,95.));
#2868 = SURFACE_CURVE('',#2869,(#2875,#2884),.PCURVE_S1.);
#2869 = B_SPLINE_CURVE_WITH_KNOTS('',4,(#2870,#2871,#2872,#2873,#2874),
  .UNSPECIFIED.,.F.,.F.,(5,5),(0.,1.),.PIECEWISE_BEZIER_KNOTS.);
#2870 = CARTESIAN_POINT('',(6.575390625,9.047998046875,95.));
#2871 = CARTESIAN_POINT('',(6.5254035753,9.040696567705,95.));
#2872 = CARTESIAN_POINT('',(6.475608147334,9.031335861208,95.));
#2873 = CARTESIAN_POINT('',(6.426009198005,9.019917458831,95.));
#2874 = CARTESIAN_POINT('',(6.376611328125,9.0064453125,95.));
#2875 = PCURVE('',#2372,#2876);
#2876 = DEFINITIONAL_REPRESENTATION('',(#2877),#2883);
#2877 = B_SPLINE_CURVE_WITH_KNOTS('',4,(#2878,#2879,#2880,#2881,#2882),
  .UNSPECIFIED.,.F.,.F.,(5,5),(0.,1.),.PIECEWISE_BEZIER_KNOTS.);
#2878 = CARTESIAN_POINT('',(6.575390625,9.047998046875));
#2879 = CARTESIAN_POINT('',(6.5254035753,9.040696567705));
#2880 = CARTESIAN_POINT('',(6.475608147334,9.031335861208));
#2881 = CARTESIAN_POINT('',(6.426009198005,9.019917458831));
#2882 = CARTESIAN_POINT('',(6.376611328125,9.0064453125));
#2883 = ( GEOMETRIC_REPRESENTATION_CONTEXT(2) 
PARAMETRIC_REPRESENTATION_CONTEXT() REPRESENTATION_CONTEXT('2D SPACE',''
  ) );
#2884 = PCURVE('',#2885,#2892);
#2885 = SURFACE_OF_LINEAR_EXTRUSION('',#2886,#2890);
#2886 = B_SPLINE_CURVE_WITH_KNOTS('',2,(#2887,#2888,#2889),
  .UNSPECIFIED.,.F.,.F.,(3,3),(0.,1.),.PIECEWISE_BEZIER_KNOTS.);
#2887 = CARTESIAN_POINT('',(6.376611328125,9.0064453125,94.));
#2888 = CARTESIAN_POINT('',(6.475439453125,9.0333984375,94.));
#2889 = CARTESIAN_POINT('',(6.575390625,9.047998046875,94.));
#2890 = VECTOR('',#2891,1.);
#2891 = DIRECTION('',(-0.,-0.,-1.));
#2892 = DEFINITIONAL_REPRESENTATION('',(#2893),#2899);
#2893 = B_SPLINE_CURVE_WITH_KNOTS('',4,(#2894,#2895,#2896,#2897,#2898),
  .UNSPECIFIED.,.F.,.F.,(5,5),(0.,1.),.PIECEWISE_BEZIER_KNOTS.);
#2894 = CARTESIAN_POINT('',(1.,-1.));
#2895 = CARTESIAN_POINT('',(0.749942653186,-1.));
#2896 = CARTESIAN_POINT('',(0.499907123705,-1.));
#2897 = CARTESIAN_POINT('',(0.249918076863,-1.));
#2898 = CARTESIAN_POINT('',(0.,-1.));
#2899 = ( GEOMETRIC_REPRESENTATION_CONTEXT(2) 
PARAMETRIC_REPRESENTATION_CONTEXT() REPRESENTATION_CONTEXT('2D SPACE',''
  ) );
#2900 = ORIENTED_EDGE('',*,*,#2901,.F.);
#2901 = EDGE_CURVE('',#2902,#2866,#2904,.T.);
#2902 = VERTEX_POINT('',#2903);
#2903 = CARTESIAN_POINT('',(6.783154296875,9.06259765625,95.));
#2904 = SURFACE_CURVE('',#2905,(#2911,#2920),.PCURVE_S1.);
#2905 = B_SPLINE_CURVE_WITH_KNOTS('',4,(#2906,#2907,#2908,#2909,#2910),
  .UNSPECIFIED.,.F.,.F.,(5,5),(0.,1.),.PIECEWISE_BEZIER_KNOTS.);
#2906 = CARTESIAN_POINT('',(6.783154296875,9.06259765625,95.));
#2907 = CARTESIAN_POINT('',(6.729325995123,9.06259765625,95.));
#2908 = CARTESIAN_POINT('',(6.676746080039,9.060171424225,95.));
#2909 = CARTESIAN_POINT('',(6.625429943461,9.055307160808,95.));
#2910 = CARTESIAN_POINT('',(6.575390625,9.047998046875,95.));
#2911 = PCURVE('',#2372,#2912);
#2912 = DEFINITIONAL_REPRESENTATION('',(#2913),#2919);
#2913 = B_SPLINE_CURVE_WITH_KNOTS('',4,(#2914,#2915,#2916,#2917,#2918),
  .UNSPECIFIED.,.F.,.F.,(5,5),(0.,1.),.PIECEWISE_BEZIER_KNOTS.);
#2914 = CARTESIAN_POINT('',(6.783154296875,9.06259765625));
#2915 = CARTESIAN_POINT('',(6.729325995123,9.06259765625));
#2916 = CARTESIAN_POINT('',(6.676746080039,9.060171424225));
#2917 = CARTESIAN_POINT('',(6.625429943461,9.055307160808));
#2918 = CARTESIAN_POINT('',(6.575390625,9.047998046875));
#2919 = ( GEOMETRIC_REPRESENTATION_CONTEXT(2) 
PARAMETRIC_REPRESENTATION_CONTEXT() REPRESENTATION_CONTEXT('2D SPACE',''
  ) );
#2920 = PCURVE('',#2921,#2928);
#2921 = SURFACE_OF_LINEAR_EXTRUSION('',#2922,#2926);
#2922 = B_SPLINE_CURVE_WITH_KNOTS('',2,(#2923,#2924,#2925),
  .UNSPECIFIED.,.F.,.F.,(3,3),(0.,1.),.PIECEWISE_BEZIER_KNOTS.);
#2923 = CARTESIAN_POINT('',(6.575390625,9.047998046875,94.));
#2924 = CARTESIAN_POINT('',(6.675341796875,9.06259765625,94.));
#2925 = CARTESIAN_POINT('',(6.783154296875,9.06259765625,94.));
#2926 = VECTOR('',#2927,1.);
#2927 = DIRECTION('',(-0.,-0.,-1.));
#2928 = DEFINITIONAL_REPRESENTATION('',(#2929),#2935);
#2929 = B_SPLINE_CURVE_WITH_KNOTS('',4,(#2930,#2931,#2932,#2933,#2934),
  .UNSPECIFIED.,.F.,.F.,(5,5),(0.,1.),.PIECEWISE_BEZIER_KNOTS.);
#2930 = CARTESIAN_POINT('',(1.,-1.));
#2931 = CARTESIAN_POINT('',(0.750361499119,-1.));
#2932 = CARTESIAN_POINT('',(0.500453799583,-1.));
#2933 = CARTESIAN_POINT('',(0.250318818291,-1.));
#2934 = CARTESIAN_POINT('',(0.,-1.));
#2935 = ( GEOMETRIC_REPRESENTATION_CONTEXT(2) 
PARAMETRIC_REPRESENTATION_CONTEXT() REPRESENTATION_CONTEXT('2D SPACE',''
  ) );
#2936 = ORIENTED_EDGE('',*,*,#2937,.F.);
#2937 = EDGE_CURVE('',#2938,#2902,#2940,.T.);
#2938 = VERTEX_POINT('',#2939);
#2939 = CARTESIAN_POINT('',(7.737744140625,8.756005859375,95.));
#2940 = SURFACE_CURVE('',#2941,(#2954,#2970),.PCURVE_S1.);
#2941 = B_SPLINE_CURVE_WITH_KNOTS('',6,(#2942,#2943,#2944,#2945,#2946,
    #2947,#2948,#2949,#2950,#2951,#2952,#2953),.UNSPECIFIED.,.F.,.F.,(7,
    5,7),(0.,0.483934970294,1.),.UNSPECIFIED.);
#2942 = CARTESIAN_POINT('',(7.737744140625,8.756005859375,95.));
#2943 = CARTESIAN_POINT('',(7.679554218557,8.808261940706,95.));
#2944 = CARTESIAN_POINT('',(7.616600833272,8.855197543405,95.));
#2945 = CARTESIAN_POINT('',(7.549181268113,8.89653000875,95.));
#2946 = CARTESIAN_POINT('',(7.477708639516,8.932206973312,95.));
#2947 = CARTESIAN_POINT('',(7.402667734288,8.962345493275,95.));
#2948 = CARTESIAN_POINT('',(7.2412888462,9.013645103758,95.));
#2949 = CARTESIAN_POINT('',(7.154516293887,9.034082276952,95.));
#2950 = CARTESIAN_POINT('',(7.064823124522,9.048769106723,95.));
#2951 = CARTESIAN_POINT('',(6.972747766597,9.058127387954,95.));
#2952 = CARTESIAN_POINT('',(6.878742489216,9.06259765625,95.));
#2953 = CARTESIAN_POINT('',(6.783154296875,9.06259765625,95.));
#2954 = PCURVE('',#2372,#2955);
#2955 = DEFINITIONAL_REPRESENTATION('',(#2956),#2969);
#2956 = B_SPLINE_CURVE_WITH_KNOTS('',6,(#2957,#2958,#2959,#2960,#2961,
    #2962,#2963,#2964,#2965,#2966,#2967,#2968),.UNSPECIFIED.,.F.,.F.,(7,
    5,7),(0.,0.483934970294,1.),.UNSPECIFIED.);
#2957 = CARTESIAN_POINT('',(7.737744140625,8.756005859375));
#2958 = CARTESIAN_POINT('',(7.679554218557,8.808261940706));
#2959 = CARTESIAN_POINT('',(7.616600833272,8.855197543405));
#2960 = CARTESIAN_POINT('',(7.549181268113,8.89653000875));
#2961 = CARTESIAN_POINT('',(7.477708639516,8.932206973312));
#2962 = CARTESIAN_POINT('',(7.402667734288,8.962345493275));
#2963 = CARTESIAN_POINT('',(7.2412888462,9.013645103758));
#2964 = CARTESIAN_POINT('',(7.154516293887,9.034082276952));
#2965 = CARTESIAN_POINT('',(7.064823124522,9.048769106723));
#2966 = CARTESIAN_POINT('',(6.972747766597,9.058127387954));
#2967 = CARTESIAN_POINT('',(6.878742489216,9.06259765625));
#2968 = CARTESIAN_POINT('',(6.783154296875,9.06259765625));
#2969 = ( GEOMETRIC_REPRESENTATION_CONTEXT(2) 
PARAMETRIC_REPRESENTATION_CONTEXT() REPRESENTATION_CONTEXT('2D SPACE',''
  ) );
#2970 = PCURVE('',#2971,#2978);
#2971 = SURFACE_OF_LINEAR_EXTRUSION('',#2972,#2976);
#2972 = B_SPLINE_CURVE_WITH_KNOTS('',2,(#2973,#2974,#2975),
  .UNSPECIFIED.,.F.,.F.,(3,3),(0.,1.),.PIECEWISE_BEZIER_KNOTS.);
#2973 = CARTESIAN_POINT('',(6.783154296875,9.06259765625,94.));
#2974 = CARTESIAN_POINT('',(7.396337890625,9.06259765625,94.));
#2975 = CARTESIAN_POINT('',(7.737744140625,8.756005859375,94.));
#2976 = VECTOR('',#2977,1.);
#2977 = DIRECTION('',(-0.,-0.,-1.));
#2978 = DEFINITIONAL_REPRESENTATION('',(#2979),#2992);
#2979 = B_SPLINE_CURVE_WITH_KNOTS('',6,(#2980,#2981,#2982,#2983,#2984,
    #2985,#2986,#2987,#2988,#2989,#2990,#2991),.UNSPECIFIED.,.F.,.F.,(7,
    5,7),(0.,0.483934970294,1.),.UNSPECIFIED.);
#2980 = CARTESIAN_POINT('',(1.,-1.));
#2981 = CARTESIAN_POINT('',(0.914779061502,-1.));
#2982 = CARTESIAN_POINT('',(0.829519683049,-1.));
#2983 = CARTESIAN_POINT('',(0.74466858671,-1.));
#2984 = CARTESIAN_POINT('',(0.660600483942,-1.));
#2985 = CARTESIAN_POINT('',(0.577626066942,-1.));
#2986 = CARTESIAN_POINT('',(0.408954505777,-1.));
#2987 = CARTESIAN_POINT('',(0.3234262709,-1.));
#2988 = CARTESIAN_POINT('',(0.239672999502,-1.));
#2989 = CARTESIAN_POINT('',(0.157828851837,-1.));
#2990 = CARTESIAN_POINT('',(7.794418614175E-02,-1.));
#2991 = CARTESIAN_POINT('',(0.,-1.));
#2992 = ( GEOMETRIC_REPRESENTATION_CONTEXT(2) 
PARAMETRIC_REPRESENTATION_CONTEXT() REPRESENTATION_CONTEXT('2D SPACE',''
  ) );
#2993 = ORIENTED_EDGE('',*,*,#2994,.F.);
#2994 = EDGE_CURVE('',#2995,#2938,#2997,.T.);
#2995 = VERTEX_POINT('',#2996);
#2996 = CARTESIAN_POINT('',(8.079150390625,7.9013671875,95.));
#2997 = SURFACE_CURVE('',#2998,(#3011,#3027),.PCURVE_S1.);
#2998 = B_SPLINE_CURVE_WITH_KNOTS('',6,(#2999,#3000,#3001,#3002,#3003,
    #3004,#3005,#3006,#3007,#3008,#3009,#3010),.UNSPECIFIED.,.F.,.F.,(7,
    5,7),(0.,0.761769427346,1.),.UNSPECIFIED.);
#2999 = CARTESIAN_POINT('',(8.079150390625,7.9013671875,95.));
#3000 = CARTESIAN_POINT('',(8.079150390625,8.030715495406,95.));
#3001 = CARTESIAN_POINT('',(8.067739682287,8.156543630257,95.));
#3002 = CARTESIAN_POINT('',(8.043413664626,8.277317922466,95.));
#3003 = CARTESIAN_POINT('',(8.004854009812,8.391260625058,95.));
#3004 = CARTESIAN_POINT('',(7.951405057573,8.496594256018,95.));
#3005 = CARTESIAN_POINT('',(7.862952269854,8.621854647844,95.));
#3006 = CARTESIAN_POINT('',(7.840514091649,8.650730763168,95.));
#3007 = CARTESIAN_POINT('',(7.816735020411,8.678606196669,95.));
#3008 = CARTESIAN_POINT('',(7.79164995662,8.705454456455,95.));
#3009 = CARTESIAN_POINT('',(7.765302544241,8.731257687707,95.));
#3010 = CARTESIAN_POINT('',(7.737744140625,8.756005859375,95.));
#3011 = PCURVE('',#2372,#3012);
#3012 = DEFINITIONAL_REPRESENTATION('',(#3013),#3026);
#3013 = B_SPLINE_CURVE_WITH_KNOTS('',6,(#3014,#3015,#3016,#3017,#3018,
    #3019,#3020,#3021,#3022,#3023,#3024,#3025),.UNSPECIFIED.,.F.,.F.,(7,
    5,7),(0.,0.761769427346,1.),.UNSPECIFIED.);
#3014 = CARTESIAN_POINT('',(8.079150390625,7.9013671875));
#3015 = CARTESIAN_POINT('',(8.079150390625,8.030715495406));
#3016 = CARTESIAN_POINT('',(8.067739682287,8.156543630257));
#3017 = CARTESIAN_POINT('',(8.043413664626,8.277317922466));
#3018 = CARTESIAN_POINT('',(8.004854009812,8.391260625058));
#3019 = CARTESIAN_POINT('',(7.951405057573,8.496594256018));
#3020 = CARTESIAN_POINT('',(7.862952269854,8.621854647844));
#3021 = CARTESIAN_POINT('',(7.840514091649,8.650730763168));
#3022 = CARTESIAN_POINT('',(7.816735020411,8.678606196669));
#3023 = CARTESIAN_POINT('',(7.79164995662,8.705454456455));
#3024 = CARTESIAN_POINT('',(7.765302544241,8.731257687707));
#3025 = CARTESIAN_POINT('',(7.737744140625,8.756005859375));
#3026 = ( GEOMETRIC_REPRESENTATION_CONTEXT(2) 
PARAMETRIC_REPRESENTATION_CONTEXT() REPRESENTATION_CONTEXT('2D SPACE',''
  ) );
#3027 = PCURVE('',#3028,#3035);
#3028 = SURFACE_OF_LINEAR_EXTRUSION('',#3029,#3033);
#3029 = B_SPLINE_CURVE_WITH_KNOTS('',2,(#3030,#3031,#3032),
  .UNSPECIFIED.,.F.,.F.,(3,3),(0.,1.),.PIECEWISE_BEZIER_KNOTS.);
#3030 = CARTESIAN_POINT('',(7.737744140625,8.756005859375,94.));
#3031 = CARTESIAN_POINT('',(8.079150390625,8.4494140625,94.));
#3032 = CARTESIAN_POINT('',(8.079150390625,7.9013671875,94.));
#3033 = VECTOR('',#3034,1.);
#3034 = DIRECTION('',(-0.,-0.,-1.));
#3035 = DEFINITIONAL_REPRESENTATION('',(#3036),#3049);
#3036 = B_SPLINE_CURVE_WITH_KNOTS('',6,(#3037,#3038,#3039,#3040,#3041,
    #3042,#3043,#3044,#3045,#3046,#3047,#3048),.UNSPECIFIED.,.F.,.F.,(7,
    5,7),(0.,0.761769427346,1.),.UNSPECIFIED.);
#3037 = CARTESIAN_POINT('',(1.,-1.));
#3038 = CARTESIAN_POINT('',(0.881991565132,-1.));
#3039 = CARTESIAN_POINT('',(0.75983211647,-1.));
#3040 = CARTESIAN_POINT('',(0.633950048334,-1.));
#3041 = CARTESIAN_POINT('',(0.505116624099,-1.));
#3042 = CARTESIAN_POINT('',(0.374530440978,-1.));
#3043 = CARTESIAN_POINT('',(0.203178800584,-1.));
#3044 = CARTESIAN_POINT('',(0.162356360332,-1.));
#3045 = CARTESIAN_POINT('',(0.12158168321,-1.));
#3046 = CARTESIAN_POINT('',(8.090145755847E-02,-1.));
#3047 = CARTESIAN_POINT('',(4.036013344228E-02,-1.));
#3048 = CARTESIAN_POINT('',(0.,-1.));
#3049 = ( GEOMETRIC_REPRESENTATION_CONTEXT(2) 
PARAMETRIC_REPRESENTATION_CONTEXT() REPRESENTATION_CONTEXT('2D SPACE',''
  ) );
#3050 = ORIENTED_EDGE('',*,*,#3051,.F.);
#3051 = EDGE_CURVE('',#3052,#2995,#3054,.T.);
#3052 = VERTEX_POINT('',#3053);
#3053 = CARTESIAN_POINT('',(7.707421875,7.05009765625,95.));
#3054 = SURFACE_CURVE('',#3055,(#3070,#3088),.PCURVE_S1.);
#3055 = B_SPLINE_CURVE_WITH_KNOTS('',5,(#3056,#3057,#3058,#3059,#3060,
    #3061,#3062,#3063,#3064,#3065,#3066,#3067,#3068,#3069),
  .UNSPECIFIED.,.F.,.F.,(6,4,4,6),(0.,0.333213993841,0.771322096858,1.),
  .UNSPECIFIED.);
#3056 = CARTESIAN_POINT('',(7.707421875,7.05009765625,95.));
#3057 = CARTESIAN_POINT('',(7.756901283486,7.091056441523,95.));
#3058 = CARTESIAN_POINT('',(7.802828090878,7.135093339406,95.));
#3059 = CARTESIAN_POINT('',(7.844853956279,7.182194312694,95.));
#3060 = CARTESIAN_POINT('',(7.882706600994,7.232257971254,95.));
#3061 = CARTESIAN_POINT('',(7.960335562558,7.354474997205,95.));
#3062 = CARTESIAN_POINT('',(7.996978831243,7.428640757952,95.));
#3063 = CARTESIAN_POINT('',(8.025828156173,7.507024644685,95.));
#3064 = CARTESIAN_POINT('',(8.04707203076,7.588927343162,95.));
#3065 = CARTESIAN_POINT('',(8.068511520635,7.717823369906,95.));
#3066 = CARTESIAN_POINT('',(8.073915294543,7.762794115714,95.));
#3067 = CARTESIAN_POINT('',(8.077434213147,7.808433365706,95.));
#3068 = CARTESIAN_POINT('',(8.079150390625,7.854650821638,95.));
#3069 = CARTESIAN_POINT('',(8.079150390625,7.9013671875,95.));
#3070 = PCURVE('',#2372,#3071);
#3071 = DEFINITIONAL_REPRESENTATION('',(#3072),#3087);
#3072 = B_SPLINE_CURVE_WITH_KNOTS('',5,(#3073,#3074,#3075,#3076,#3077,
    #3078,#3079,#3080,#3081,#3082,#3083,#3084,#3085,#3086),
  .UNSPECIFIED.,.F.,.F.,(6,4,4,6),(0.,0.333213993841,0.771322096858,1.),
  .UNSPECIFIED.);
#3073 = CARTESIAN_POINT('',(7.707421875,7.05009765625));
#3074 = CARTESIAN_POINT('',(7.756901283486,7.091056441523));
#3075 = CARTESIAN_POINT('',(7.802828090878,7.135093339406));
#3076 = CARTESIAN_POINT('',(7.844853956279,7.182194312694));
#3077 = CARTESIAN_POINT('',(7.882706600994,7.232257971254));
#3078 = CARTESIAN_POINT('',(7.960335562558,7.354474997205));
#3079 = CARTESIAN_POINT('',(7.996978831243,7.428640757952));
#3080 = CARTESIAN_POINT('',(8.025828156173,7.507024644685));
#3081 = CARTESIAN_POINT('',(8.04707203076,7.588927343162));
#3082 = CARTESIAN_POINT('',(8.068511520635,7.717823369906));
#3083 = CARTESIAN_POINT('',(8.073915294543,7.762794115714));
#3084 = CARTESIAN_POINT('',(8.077434213147,7.808433365706));
#3085 = CARTESIAN_POINT('',(8.079150390625,7.854650821638));
#3086 = CARTESIAN_POINT('',(8.079150390625,7.9013671875));
#3087 = ( GEOMETRIC_REPRESENTATION_CONTEXT(2) 
PARAMETRIC_REPRESENTATION_CONTEXT() REPRESENTATION_CONTEXT('2D SPACE',''
  ) );
#3088 = PCURVE('',#3089,#3096);
#3089 = SURFACE_OF_LINEAR_EXTRUSION('',#3090,#3094);
#3090 = B_SPLINE_CURVE_WITH_KNOTS('',2,(#3091,#3092,#3093),
  .UNSPECIFIED.,.F.,.F.,(3,3),(0.,1.),.PIECEWISE_BEZIER_KNOTS.);
#3091 = CARTESIAN_POINT('',(8.079150390625,7.9013671875,94.));
#3092 = CARTESIAN_POINT('',(8.079150390625,7.3578125,94.));
#3093 = CARTESIAN_POINT('',(7.707421875,7.05009765625,94.));
#3094 = VECTOR('',#3095,1.);
#3095 = DIRECTION('',(-0.,-0.,-1.));
#3096 = DEFINITIONAL_REPRESENTATION('',(#3097),#3112);
#3097 = B_SPLINE_CURVE_WITH_KNOTS('',5,(#3098,#3099,#3100,#3101,#3102,
    #3103,#3104,#3105,#3106,#3107,#3108,#3109,#3110,#3111),
  .UNSPECIFIED.,.F.,.F.,(6,4,4,6),(0.,0.333213993841,0.771322096858,1.),
  .UNSPECIFIED.);
#3098 = CARTESIAN_POINT('',(1.,-1.));
#3099 = CARTESIAN_POINT('',(0.93344684843,-1.));
#3100 = CARTESIAN_POINT('',(0.866135542688,-1.));
#3101 = CARTESIAN_POINT('',(0.798282288235,-1.));
#3102 = CARTESIAN_POINT('',(0.730139253738,-1.));
#3103 = CARTESIAN_POINT('',(0.57241084784,-1.));
#3104 = CARTESIAN_POINT('',(0.482802793466,-1.));
#3105 = CARTESIAN_POINT('',(0.393863183486,-1.));
#3106 = CARTESIAN_POINT('',(0.306125291082,-1.));
#3107 = CARTESIAN_POINT('',(0.175045453767,-1.));
#3108 = CARTESIAN_POINT('',(0.13052452228,-1.));
#3109 = CARTESIAN_POINT('',(8.648866200748E-02,-1.));
#3110 = CARTESIAN_POINT('',(4.297301351271E-02,-1.));
#3111 = CARTESIAN_POINT('',(0.,-1.));
#3112 = ( GEOMETRIC_REPRESENTATION_CONTEXT(2) 
PARAMETRIC_REPRESENTATION_CONTEXT() REPRESENTATION_CONTEXT('2D SPACE',''
  ) );
#3113 = ORIENTED_EDGE('',*,*,#3114,.F.);
#3114 = EDGE_CURVE('',#3115,#3052,#3117,.T.);
#3115 = VERTEX_POINT('',#3116);
#3116 = CARTESIAN_POINT('',(6.675341796875,6.7423828125,95.));
#3117 = SURFACE_CURVE('',#3118,(#3131,#3147),.PCURVE_S1.);
#3118 = B_SPLINE_CURVE_WITH_KNOTS('',6,(#3119,#3120,#3121,#3122,#3123,
    #3124,#3125,#3126,#3127,#3128,#3129,#3130),.UNSPECIFIED.,.F.,.F.,(7,
    5,7),(0.,0.522849626742,1.),.UNSPECIFIED.);
#3119 = CARTESIAN_POINT('',(6.675341796875,6.7423828125,95.));
#3120 = CARTESIAN_POINT('',(6.778682513411,6.7423828125,95.));
#3121 = CARTESIAN_POINT('',(6.880474030448,6.746904341418,95.));
#3122 = CARTESIAN_POINT('',(6.980371637913,6.756389557917,95.));
#3123 = CARTESIAN_POINT('',(7.077907243218,6.771318018407,95.));
#3124 = CARTESIAN_POINT('',(7.172505574091,6.792170310753,95.));
#3125 = CARTESIAN_POINT('',(7.346613040004,6.844080480133,95.));
#3126 = CARTESIAN_POINT('',(7.426727656703,6.874090181315,95.));
#3127 = CARTESIAN_POINT('',(7.50336217247,6.909605884569,95.));
#3128 = CARTESIAN_POINT('',(7.575990933484,6.950806594517,95.));
#3129 = CARTESIAN_POINT('',(7.644136106008,6.99771004083,95.));
#3130 = CARTESIAN_POINT('',(7.707421875,7.05009765625,95.));
#3131 = PCURVE('',#2372,#3132);
#3132 = DEFINITIONAL_REPRESENTATION('',(#3133),#3146);
#3133 = B_SPLINE_CURVE_WITH_KNOTS('',6,(#3134,#3135,#3136,#3137,#3138,
    #3139,#3140,#3141,#3142,#3143,#3144,#3145),.UNSPECIFIED.,.F.,.F.,(7,
    5,7),(0.,0.522849626742,1.),.UNSPECIFIED.);
#3134 = CARTESIAN_POINT('',(6.675341796875,6.7423828125));
#3135 = CARTESIAN_POINT('',(6.778682513411,6.7423828125));
#3136 = CARTESIAN_POINT('',(6.880474030448,6.746904341418));
#3137 = CARTESIAN_POINT('',(6.980371637913,6.756389557917));
#3138 = CARTESIAN_POINT('',(7.077907243218,6.771318018407));
#3139 = CARTESIAN_POINT('',(7.172505574091,6.792170310753));
#3140 = CARTESIAN_POINT('',(7.346613040004,6.844080480133));
#3141 = CARTESIAN_POINT('',(7.426727656703,6.874090181315));
#3142 = CARTESIAN_POINT('',(7.50336217247,6.909605884569));
#3143 = CARTESIAN_POINT('',(7.575990933484,6.950806594517));
#3144 = CARTESIAN_POINT('',(7.644136106008,6.99771004083));
#3145 = CARTESIAN_POINT('',(7.707421875,7.05009765625));
#3146 = ( GEOMETRIC_REPRESENTATION_CONTEXT(2) 
PARAMETRIC_REPRESENTATION_CONTEXT() REPRESENTATION_CONTEXT('2D SPACE',''
  ) );
#3147 = PCURVE('',#3148,#3155);
#3148 = SURFACE_OF_LINEAR_EXTRUSION('',#3149,#3153);
#3149 = B_SPLINE_CURVE_WITH_KNOTS('',2,(#3150,#3151,#3152),
  .UNSPECIFIED.,.F.,.F.,(3,3),(0.,1.),.PIECEWISE_BEZIER_KNOTS.);
#3150 = CARTESIAN_POINT('',(7.707421875,7.05009765625,94.));
#3151 = CARTESIAN_POINT('',(7.335693359375,6.7423828125,94.));
#3152 = CARTESIAN_POINT('',(6.675341796875,6.7423828125,94.));
#3153 = VECTOR('',#3154,1.);
#3154 = DIRECTION('',(-0.,-0.,-1.));
#3155 = DEFINITIONAL_REPRESENTATION('',(#3156),#3169);
#3156 = B_SPLINE_CURVE_WITH_KNOTS('',6,(#3157,#3158,#3159,#3160,#3161,
    #3162,#3163,#3164,#3165,#3166,#3167,#3168),.UNSPECIFIED.,.F.,.F.,(7,
    5,7),(0.,0.522849626742,1.),.UNSPECIFIED.);
#3157 = CARTESIAN_POINT('',(1.,-1.));
#3158 = CARTESIAN_POINT('',(0.921753258109,-1.));
#3159 = CARTESIAN_POINT('',(0.841468362033,-1.));
#3160 = CARTESIAN_POINT('',(0.759092298048,-1.));
#3161 = CARTESIAN_POINT('',(0.674638914594,-1.));
#3162 = CARTESIAN_POINT('',(0.588202481082,-1.));
#3163 = CARTESIAN_POINT('',(0.419506786239,-1.));
#3164 = CARTESIAN_POINT('',(0.337533479698,-1.));
#3165 = CARTESIAN_POINT('',(0.254284876809,-1.));
#3166 = CARTESIAN_POINT('',(0.170031860042,-1.));
#3167 = CARTESIAN_POINT('',(8.51236404152E-02,-1.));
#3168 = CARTESIAN_POINT('',(0.,-1.));
#3169 = ( GEOMETRIC_REPRESENTATION_CONTEXT(2) 
PARAMETRIC_REPRESENTATION_CONTEXT() REPRESENTATION_CONTEXT('2D SPACE',''
  ) );
#3170 = ORIENTED_EDGE('',*,*,#3171,.F.);
#3171 = EDGE_CURVE('',#3172,#3115,#3174,.T.);
#3172 = VERTEX_POINT('',#3173);
#3173 = CARTESIAN_POINT('',(6.11044921875,6.797412109375,95.));
#3174 = SURFACE_CURVE('',#3175,(#3184,#3196),.PCURVE_S1.);
#3175 = B_SPLINE_CURVE_WITH_KNOTS('',4,(#3176,#3177,#3178,#3179,#3180,
    #3181,#3182,#3183),.UNSPECIFIED.,.F.,.F.,(5,3,5),(0.,0.475982134843,
    1.),.UNSPECIFIED.);
#3176 = CARTESIAN_POINT('',(6.11044921875,6.797412109375,95.));
#3177 = CARTESIAN_POINT('',(6.176956693395,6.784324293079,95.));
#3178 = CARTESIAN_POINT('',(6.243722350952,6.773302484781,95.));
#3179 = CARTESIAN_POINT('',(6.310723816682,6.764357756043,95.));
#3180 = CARTESIAN_POINT('',(6.451934358248,6.749934485038,95.));
#3181 = CARTESIAN_POINT('',(6.526188476098,6.744896843742,95.));
#3182 = CARTESIAN_POINT('',(6.600668379446,6.7423828125,95.));
#3183 = CARTESIAN_POINT('',(6.675341796875,6.7423828125,95.));
#3184 = PCURVE('',#2372,#3185);
#3185 = DEFINITIONAL_REPRESENTATION('',(#3186),#3195);
#3186 = B_SPLINE_CURVE_WITH_KNOTS('',4,(#3187,#3188,#3189,#3190,#3191,
    #3192,#3193,#3194),.UNSPECIFIED.,.F.,.F.,(5,3,5),(0.,0.475982134843,
    1.),.UNSPECIFIED.);
#3187 = CARTESIAN_POINT('',(6.11044921875,6.797412109375));
#3188 = CARTESIAN_POINT('',(6.176956693395,6.784324293079));
#3189 = CARTESIAN_POINT('',(6.243722350952,6.773302484781));
#3190 = CARTESIAN_POINT('',(6.310723816682,6.764357756043));
#3191 = CARTESIAN_POINT('',(6.451934358248,6.749934485038));
#3192 = CARTESIAN_POINT('',(6.526188476098,6.744896843742));
#3193 = CARTESIAN_POINT('',(6.600668379446,6.7423828125));
#3194 = CARTESIAN_POINT('',(6.675341796875,6.7423828125));
#3195 = ( GEOMETRIC_REPRESENTATION_CONTEXT(2) 
PARAMETRIC_REPRESENTATION_CONTEXT() REPRESENTATION_CONTEXT('2D SPACE',''
  ) );
#3196 = PCURVE('',#3197,#3204);
#3197 = SURFACE_OF_LINEAR_EXTRUSION('',#3198,#3202);
#3198 = B_SPLINE_CURVE_WITH_KNOTS('',2,(#3199,#3200,#3201),
  .UNSPECIFIED.,.F.,.F.,(3,3),(0.,1.),.PIECEWISE_BEZIER_KNOTS.);
#3199 = CARTESIAN_POINT('',(6.675341796875,6.7423828125,94.));
#3200 = CARTESIAN_POINT('',(6.390087890625,6.7423828125,94.));
#3201 = CARTESIAN_POINT('',(6.11044921875,6.797412109375,94.));
#3202 = VECTOR('',#3203,1.);
#3203 = DIRECTION('',(-0.,-0.,-1.));
#3204 = DEFINITIONAL_REPRESENTATION('',(#3205),#3214);
#3205 = B_SPLINE_CURVE_WITH_KNOTS('',4,(#3206,#3207,#3208,#3209,#3210,
    #3211,#3212,#3213),.UNSPECIFIED.,.F.,.F.,(5,3,5),(0.,0.475982134843,
    1.),.UNSPECIFIED.);
#3206 = CARTESIAN_POINT('',(1.,-1.));
#3207 = CARTESIAN_POINT('',(0.881083195327,-1.));
#3208 = CARTESIAN_POINT('',(0.762083366777,-1.));
#3209 = CARTESIAN_POINT('',(0.643041713598,-1.));
#3210 = CARTESIAN_POINT('',(0.392944693387,-1.));
#3211 = CARTESIAN_POINT('',(0.261889235,-1.));
#3212 = CARTESIAN_POINT('',(0.13088938625,-1.));
#3213 = CARTESIAN_POINT('',(0.,-1.));
#3214 = ( GEOMETRIC_REPRESENTATION_CONTEXT(2) 
PARAMETRIC_REPRESENTATION_CONTEXT() REPRESENTATION_CONTEXT('2D SPACE',''
  ) );
#3215 = ORIENTED_EDGE('',*,*,#3216,.F.);
#3216 = EDGE_CURVE('',#3217,#3172,#3219,.T.);
#3217 = VERTEX_POINT('',#3218);
#3218 = CARTESIAN_POINT('',(5.554541015625,6.96474609375,95.));
#3219 = SURFACE_CURVE('',#3220,(#3227,#3237),.PCURVE_S1.);
#3220 = B_SPLINE_CURVE_WITH_KNOTS('',5,(#3221,#3222,#3223,#3224,#3225,
    #3226),.UNSPECIFIED.,.F.,.F.,(6,6),(0.,1.),
  .PIECEWISE_BEZIER_KNOTS.);
#3221 = CARTESIAN_POINT('',(5.554541015625,6.96474609375,95.));
#3222 = CARTESIAN_POINT('',(5.66432779077,6.920117323366,95.));
#3223 = CARTESIAN_POINT('',(5.774890092876,6.880961514783,95.));
#3224 = CARTESIAN_POINT('',(5.886154018834,6.847402133273,95.));
#3225 = CARTESIAN_POINT('',(5.998037462739,6.819533298309,95.));
#3226 = CARTESIAN_POINT('',(6.11044921875,6.797412109375,95.));
#3227 = PCURVE('',#2372,#3228);
#3228 = DEFINITIONAL_REPRESENTATION('',(#3229),#3236);
#3229 = B_SPLINE_CURVE_WITH_KNOTS('',5,(#3230,#3231,#3232,#3233,#3234,
    #3235),.UNSPECIFIED.,.F.,.F.,(6,6),(0.,1.),
  .PIECEWISE_BEZIER_KNOTS.);
#3230 = CARTESIAN_POINT('',(5.554541015625,6.96474609375));
#3231 = CARTESIAN_POINT('',(5.66432779077,6.920117323366));
#3232 = CARTESIAN_POINT('',(5.774890092876,6.880961514783));
#3233 = CARTESIAN_POINT('',(5.886154018834,6.847402133273));
#3234 = CARTESIAN_POINT('',(5.998037462739,6.819533298309));
#3235 = CARTESIAN_POINT('',(6.11044921875,6.797412109375));
#3236 = ( GEOMETRIC_REPRESENTATION_CONTEXT(2) 
PARAMETRIC_REPRESENTATION_CONTEXT() REPRESENTATION_CONTEXT('2D SPACE',''
  ) );
#3237 = PCURVE('',#3238,#3245);
#3238 = SURFACE_OF_LINEAR_EXTRUSION('',#3239,#3243);
#3239 = B_SPLINE_CURVE_WITH_KNOTS('',2,(#3240,#3241,#3242),
  .UNSPECIFIED.,.F.,.F.,(3,3),(0.,1.),.PIECEWISE_BEZIER_KNOTS.);
#3240 = CARTESIAN_POINT('',(6.11044921875,6.797412109375,94.));
#3241 = CARTESIAN_POINT('',(5.830810546875,6.85244140625,94.));
#3242 = CARTESIAN_POINT('',(5.554541015625,6.96474609375,94.));
#3243 = VECTOR('',#3244,1.);
#3244 = DIRECTION('',(-0.,-0.,-1.));
#3245 = DEFINITIONAL_REPRESENTATION('',(#3246),#3253);
#3246 = B_SPLINE_CURVE_WITH_KNOTS('',5,(#3247,#3248,#3249,#3250,#3251,
    #3252),.UNSPECIFIED.,.F.,.F.,(6,6),(0.,1.),
  .PIECEWISE_BEZIER_KNOTS.);
#3247 = CARTESIAN_POINT('',(1.,-1.));
#3248 = CARTESIAN_POINT('',(0.801304952724,-1.));
#3249 = CARTESIAN_POINT('',(0.601808160993,-1.));
#3250 = CARTESIAN_POINT('',(0.401653090247,-1.));
#3251 = CARTESIAN_POINT('',(0.200994653668,-1.));
#3252 = CARTESIAN_POINT('',(0.,-1.));
#3253 = ( GEOMETRIC_REPRESENTATION_CONTEXT(2) 
PARAMETRIC_REPRESENTATION_CONTEXT() REPRESENTATION_CONTEXT('2D SPACE',''
  ) );
#3254 = ORIENTED_EDGE('',*,*,#3255,.F.);
#3255 = EDGE_CURVE('',#3256,#3217,#3258,.T.);
#3256 = VERTEX_POINT('',#3257);
#3257 = CARTESIAN_POINT('',(5.554541015625,7.6453125,95.));
#3258 = SURFACE_CURVE('',#3259,(#3263,#3269),.PCURVE_S1.);
#3259 = LINE('',#3260,#3261);
#3260 = CARTESIAN_POINT('',(5.554541015625,3.482373046875,95.));
#3261 = VECTOR('',#3262,1.);
#3262 = DIRECTION('',(0.,-1.,0.));
#3263 = PCURVE('',#2372,#3264);
#3264 = DEFINITIONAL_REPRESENTATION('',(#3265),#3268);
#3265 = B_SPLINE_CURVE_WITH_KNOTS('',1,(#3266,#3267),.UNSPECIFIED.,.F.,
  .F.,(2,2),(-4.162939453125,-3.482373046875),.PIECEWISE_BEZIER_KNOTS.);
#3266 = CARTESIAN_POINT('',(5.554541015625,7.6453125));
#3267 = CARTESIAN_POINT('',(5.554541015625,6.96474609375));
#3268 = ( GEOMETRIC_REPRESENTATION_CONTEXT(2) 
PARAMETRIC_REPRESENTATION_CONTEXT() REPRESENTATION_CONTEXT('2D SPACE',''
  ) );
#3269 = PCURVE('',#3270,#3275);
#3270 = PLANE('',#3271);
#3271 = AXIS2_PLACEMENT_3D('',#3272,#3273,#3274);
#3272 = CARTESIAN_POINT('',(5.554541015625,6.96474609375,94.));
#3273 = DIRECTION('',(-1.,0.,0.));
#3274 = DIRECTION('',(0.,1.,0.));
#3275 = DEFINITIONAL_REPRESENTATION('',(#3276),#3279);
#3276 = B_SPLINE_CURVE_WITH_KNOTS('',1,(#3277,#3278),.UNSPECIFIED.,.F.,
  .F.,(2,2),(-4.162939453125,-3.482373046875),.PIECEWISE_BEZIER_KNOTS.);
#3277 = CARTESIAN_POINT('',(0.68056640625,-1.));
#3278 = CARTESIAN_POINT('',(0.,-1.));
#3279 = ( GEOMETRIC_REPRESENTATION_CONTEXT(2) 
PARAMETRIC_REPRESENTATION_CONTEXT() REPRESENTATION_CONTEXT('2D SPACE',''
  ) );
#3280 = ORIENTED_EDGE('',*,*,#3281,.F.);
#3281 = EDGE_CURVE('',#3282,#3256,#3284,.T.);
#3282 = VERTEX_POINT('',#3283);
#3283 = CARTESIAN_POINT('',(6.07451171875,7.40947265625,95.));
#3284 = SURFACE_CURVE('',#3285,(#3292,#3302),.PCURVE_S1.);
#3285 = B_SPLINE_CURVE_WITH_KNOTS('',5,(#3286,#3287,#3288,#3289,#3290,
    #3291),.UNSPECIFIED.,.F.,.F.,(6,6),(0.,1.),
  .PIECEWISE_BEZIER_KNOTS.);
#3286 = CARTESIAN_POINT('',(6.07451171875,7.40947265625,95.));
#3287 = CARTESIAN_POINT('',(5.973778243589,7.441670570685,95.));
#3288 = CARTESIAN_POINT('',(5.87116672318,7.481770121503,95.));
#3289 = CARTESIAN_POINT('',(5.766935826016,7.529379052672,95.));
#3290 = CARTESIAN_POINT('',(5.66132514386,7.584042918226,95.));
#3291 = CARTESIAN_POINT('',(5.554541015625,7.6453125,95.));
#3292 = PCURVE('',#2372,#3293);
#3293 = DEFINITIONAL_REPRESENTATION('',(#3294),#3301);
#3294 = B_SPLINE_CURVE_WITH_KNOTS('',5,(#3295,#3296,#3297,#3298,#3299,
    #3300),.UNSPECIFIED.,.F.,.F.,(6,6),(0.,1.),
  .PIECEWISE_BEZIER_KNOTS.);
#3295 = CARTESIAN_POINT('',(6.07451171875,7.40947265625));
#3296 = CARTESIAN_POINT('',(5.973778243589,7.441670570685));
#3297 = CARTESIAN_POINT('',(5.87116672318,7.481770121503));
#3298 = CARTESIAN_POINT('',(5.766935826016,7.529379052672));
#3299 = CARTESIAN_POINT('',(5.66132514386,7.584042918226));
#3300 = CARTESIAN_POINT('',(5.554541015625,7.6453125));
#3301 = ( GEOMETRIC_REPRESENTATION_CONTEXT(2) 
PARAMETRIC_REPRESENTATION_CONTEXT() REPRESENTATION_CONTEXT('2D SPACE',''
  ) );
#3302 = PCURVE('',#3303,#3310);
#3303 = SURFACE_OF_LINEAR_EXTRUSION('',#3304,#3308);
#3304 = B_SPLINE_CURVE_WITH_KNOTS('',2,(#3305,#3306,#3307),
  .UNSPECIFIED.,.F.,.F.,(3,3),(0.,1.),.PIECEWISE_BEZIER_KNOTS.);
#3305 = CARTESIAN_POINT('',(5.554541015625,7.6453125,94.));
#3306 = CARTESIAN_POINT('',(5.828564453125,7.4880859375,94.));
#3307 = CARTESIAN_POINT('',(6.07451171875,7.40947265625,94.));
#3308 = VECTOR('',#3309,1.);
#3309 = DIRECTION('',(-0.,-0.,-1.));
#3310 = DEFINITIONAL_REPRESENTATION('',(#3311),#3318);
#3311 = B_SPLINE_CURVE_WITH_KNOTS('',5,(#3312,#3313,#3314,#3315,#3316,
    #3317),.UNSPECIFIED.,.F.,.F.,(6,6),(0.,1.),
  .PIECEWISE_BEZIER_KNOTS.);
#3312 = CARTESIAN_POINT('',(1.,-1.));
#3313 = CARTESIAN_POINT('',(0.795213264711,-1.));
#3314 = CARTESIAN_POINT('',(0.592592874049,-1.));
#3315 = CARTESIAN_POINT('',(0.39241095464,-1.));
#3316 = CARTESIAN_POINT('',(0.194844881171,-1.));
#3317 = CARTESIAN_POINT('',(0.,-1.));
#3318 = ( GEOMETRIC_REPRESENTATION_CONTEXT(2) 
PARAMETRIC_REPRESENTATION_CONTEXT() REPRESENTATION_CONTEXT('2D SPACE',''
  ) );
#3319 = ORIENTED_EDGE('',*,*,#3320,.F.);
#3320 = EDGE_CURVE('',#3321,#3282,#3323,.T.);
#3321 = VERTEX_POINT('',#3322);
#3322 = CARTESIAN_POINT('',(6.538330078125,7.330859375,95.));
#3323 = SURFACE_CURVE('',#3324,(#3331,#3341),.PCURVE_S1.);
#3324 = B_SPLINE_CURVE_WITH_KNOTS('',5,(#3325,#3326,#3327,#3328,#3329,
    #3330),.UNSPECIFIED.,.F.,.F.,(6,6),(0.,1.),
  .PIECEWISE_BEZIER_KNOTS.);
#3325 = CARTESIAN_POINT('',(6.538330078125,7.330859375,95.));
#3326 = CARTESIAN_POINT('',(6.449957829453,7.330859375,95.));
#3327 = CARTESIAN_POINT('',(6.359158216403,7.338943087894,95.));
#3328 = CARTESIAN_POINT('',(6.266159496104,7.354942045166,95.));
#3329 = CARTESIAN_POINT('',(6.17120001719,7.378567720676,95.));
#3330 = CARTESIAN_POINT('',(6.07451171875,7.40947265625,95.));
#3331 = PCURVE('',#2372,#3332);
#3332 = DEFINITIONAL_REPRESENTATION('',(#3333),#3340);
#3333 = B_SPLINE_CURVE_WITH_KNOTS('',5,(#3334,#3335,#3336,#3337,#3338,
    #3339),.UNSPECIFIED.,.F.,.F.,(6,6),(0.,1.),
  .PIECEWISE_BEZIER_KNOTS.);
#3334 = CARTESIAN_POINT('',(6.538330078125,7.330859375));
#3335 = CARTESIAN_POINT('',(6.449957829453,7.330859375));
#3336 = CARTESIAN_POINT('',(6.359158216403,7.338943087894));
#3337 = CARTESIAN_POINT('',(6.266159496104,7.354942045166));
#3338 = CARTESIAN_POINT('',(6.17120001719,7.378567720676));
#3339 = CARTESIAN_POINT('',(6.07451171875,7.40947265625));
#3340 = ( GEOMETRIC_REPRESENTATION_CONTEXT(2) 
PARAMETRIC_REPRESENTATION_CONTEXT() REPRESENTATION_CONTEXT('2D SPACE',''
  ) );
#3341 = PCURVE('',#3342,#3349);
#3342 = SURFACE_OF_LINEAR_EXTRUSION('',#3343,#3347);
#3343 = B_SPLINE_CURVE_WITH_KNOTS('',2,(#3344,#3345,#3346),
  .UNSPECIFIED.,.F.,.F.,(3,3),(0.,1.),.PIECEWISE_BEZIER_KNOTS.);
#3344 = CARTESIAN_POINT('',(6.07451171875,7.40947265625,94.));
#3345 = CARTESIAN_POINT('',(6.320458984375,7.330859375,94.));
#3346 = CARTESIAN_POINT('',(6.538330078125,7.330859375,94.));
#3347 = VECTOR('',#3348,1.);
#3348 = DIRECTION('',(-0.,-0.,-1.));
#3349 = DEFINITIONAL_REPRESENTATION('',(#3350),#3357);
#3350 = B_SPLINE_CURVE_WITH_KNOTS('',5,(#3351,#3352,#3353,#3354,#3355,
    #3356),.UNSPECIFIED.,.F.,.F.,(6,6),(0.,1.),
  .PIECEWISE_BEZIER_KNOTS.);
#3351 = CARTESIAN_POINT('',(1.,-1.));
#3352 = CARTESIAN_POINT('',(0.797191432899,-1.));
#3353 = CARTESIAN_POINT('',(0.59543779221,-1.));
#3354 = CARTESIAN_POINT('',(0.395124833097,-1.));
#3355 = CARTESIAN_POINT('',(0.196563068498,-1.));
#3356 = CARTESIAN_POINT('',(0.,-1.));
#3357 = ( GEOMETRIC_REPRESENTATION_CONTEXT(2) 
PARAMETRIC_REPRESENTATION_CONTEXT() REPRESENTATION_CONTEXT('2D SPACE',''
  ) );
#3358 = ORIENTED_EDGE('',*,*,#3359,.F.);
#3359 = EDGE_CURVE('',#3360,#3321,#3362,.T.);
#3360 = VERTEX_POINT('',#3361);
#3361 = CARTESIAN_POINT('',(7.03359375,7.484716796875,95.));
#3362 = SURFACE_CURVE('',#3363,(#3374,#3388),.PCURVE_S1.);
#3363 = B_SPLINE_CURVE_WITH_KNOTS('',5,(#3364,#3365,#3366,#3367,#3368,
    #3369,#3370,#3371,#3372,#3373),.UNSPECIFIED.,.F.,.F.,(6,4,6),(0.,
    0.461916694003,1.),.UNSPECIFIED.);
#3364 = CARTESIAN_POINT('',(7.03359375,7.484716796875,95.));
#3365 = CARTESIAN_POINT('',(6.999419956494,7.455637233457,95.));
#3366 = CARTESIAN_POINT('',(6.962267819628,7.429997347144,95.));
#3367 = CARTESIAN_POINT('',(6.922228668484,7.407871170138,95.));
#3368 = CARTESIAN_POINT('',(6.879448036169,7.389253239326,95.));
#3369 = CARTESIAN_POINT('',(6.781296472634,7.356400314289,95.));
#3370 = CARTESIAN_POINT('',(6.725009695185,7.343393385263,95.));
#3371 = CARTESIAN_POINT('',(6.665537362126,7.334952688229,95.));
#3372 = CARTESIAN_POINT('',(6.60320667778,7.330859375,95.));
#3373 = CARTESIAN_POINT('',(6.538330078125,7.330859375,95.));
#3374 = PCURVE('',#2372,#3375);
#3375 = DEFINITIONAL_REPRESENTATION('',(#3376),#3387);
#3376 = B_SPLINE_CURVE_WITH_KNOTS('',5,(#3377,#3378,#3379,#3380,#3381,
    #3382,#3383,#3384,#3385,#3386),.UNSPECIFIED.,.F.,.F.,(6,4,6),(0.,
    0.461916694003,1.),.UNSPECIFIED.);
#3377 = CARTESIAN_POINT('',(7.03359375,7.484716796875));
#3378 = CARTESIAN_POINT('',(6.999419956494,7.455637233457));
#3379 = CARTESIAN_POINT('',(6.962267819628,7.429997347144));
#3380 = CARTESIAN_POINT('',(6.922228668484,7.407871170138));
#3381 = CARTESIAN_POINT('',(6.879448036169,7.389253239326));
#3382 = CARTESIAN_POINT('',(6.781296472634,7.356400314289));
#3383 = CARTESIAN_POINT('',(6.725009695185,7.343393385263));
#3384 = CARTESIAN_POINT('',(6.665537362126,7.334952688229));
#3385 = CARTESIAN_POINT('',(6.60320667778,7.330859375));
#3386 = CARTESIAN_POINT('',(6.538330078125,7.330859375));
#3387 = ( GEOMETRIC_REPRESENTATION_CONTEXT(2) 
PARAMETRIC_REPRESENTATION_CONTEXT() REPRESENTATION_CONTEXT('2D SPACE',''
  ) );
#3388 = PCURVE('',#3389,#3396);
#3389 = SURFACE_OF_LINEAR_EXTRUSION('',#3390,#3394);
#3390 = B_SPLINE_CURVE_WITH_KNOTS('',2,(#3391,#3392,#3393),
  .UNSPECIFIED.,.F.,.F.,(3,3),(0.,1.),.PIECEWISE_BEZIER_KNOTS.);
#3391 = CARTESIAN_POINT('',(6.538330078125,7.330859375,94.));
#3392 = CARTESIAN_POINT('',(6.852783203125,7.330859375,94.));
#3393 = CARTESIAN_POINT('',(7.03359375,7.484716796875,94.));
#3394 = VECTOR('',#3395,1.);
#3395 = DIRECTION('',(-0.,-0.,-1.));
#3396 = DEFINITIONAL_REPRESENTATION('',(#3397),#3408);
#3397 = B_SPLINE_CURVE_WITH_KNOTS('',5,(#3398,#3399,#3400,#3401,#3402,
    #3403,#3404,#3405,#3406,#3407),.UNSPECIFIED.,.F.,.F.,(6,4,6),(0.,
    0.461916694003,1.),.UNSPECIFIED.);
#3398 = CARTESIAN_POINT('',(1.,-1.));
#3399 = CARTESIAN_POINT('',(0.905498340399,-1.));
#3400 = CARTESIAN_POINT('',(0.811011635915,-1.));
#3401 = CARTESIAN_POINT('',(0.716787354951,-1.));
#3402 = CARTESIAN_POINT('',(0.623049358814,-1.));
#3403 = CARTESIAN_POINT('',(0.421607497062,-1.));
#3404 = CARTESIAN_POINT('',(0.314143519888,-1.));
#3405 = CARTESIAN_POINT('',(0.20792095746,-1.));
#3406 = CARTESIAN_POINT('',(0.103157823054,-1.));
#3407 = CARTESIAN_POINT('',(0.,-1.));
#3408 = ( GEOMETRIC_REPRESENTATION_CONTEXT(2) 
PARAMETRIC_REPRESENTATION_CONTEXT() REPRESENTATION_CONTEXT('2D SPACE',''
  ) );
#3409 = ORIENTED_EDGE('',*,*,#3410,.F.);
#3410 = EDGE_CURVE('',#3411,#3360,#3413,.T.);
#3411 = VERTEX_POINT('',#3412);
#3412 = CARTESIAN_POINT('',(7.214404296875,7.9013671875,95.));
#3413 = SURFACE_CURVE('',#3414,(#3425,#3439),.PCURVE_S1.);
#3414 = B_SPLINE_CURVE_WITH_KNOTS('',5,(#3415,#3416,#3417,#3418,#3419,
    #3420,#3421,#3422,#3423,#3424),.UNSPECIFIED.,.F.,.F.,(6,4,6),(0.,
    0.643584587477,1.),.UNSPECIFIED.);
#3415 = CARTESIAN_POINT('',(7.214404296875,7.9013671875,95.));
#3416 = CARTESIAN_POINT('',(7.214404296875,7.835195826674,95.));
#3417 = CARTESIAN_POINT('',(7.207239278281,7.77239768736,95.));
#3418 = CARTESIAN_POINT('',(7.192500678811,7.713476786912,95.));
#3419 = CARTESIAN_POINT('',(7.169990884288,7.658865497531,95.));
#3420 = CARTESIAN_POINT('',(7.12320575885,7.581136521205,95.));
#3421 = CARTESIAN_POINT('',(7.104198344467,7.554837303547,95.));
#3422 = CARTESIAN_POINT('',(7.082886434135,7.529987370073,95.));
#3423 = CARTESIAN_POINT('',(7.059324548459,7.506611948359,95.));
#3424 = CARTESIAN_POINT('',(7.03359375,7.484716796875,95.));
#3425 = PCURVE('',#2372,#3426);
#3426 = DEFINITIONAL_REPRESENTATION('',(#3427),#3438);
#3427 = B_SPLINE_CURVE_WITH_KNOTS('',5,(#3428,#3429,#3430,#3431,#3432,
    #3433,#3434,#3435,#3436,#3437),.UNSPECIFIED.,.F.,.F.,(6,4,6),(0.,
    0.643584587477,1.),.UNSPECIFIED.);
#3428 = CARTESIAN_POINT('',(7.214404296875,7.9013671875));
#3429 = CARTESIAN_POINT('',(7.214404296875,7.835195826674));
#3430 = CARTESIAN_POINT('',(7.207239278281,7.77239768736));
#3431 = CARTESIAN_POINT('',(7.192500678811,7.713476786912));
#3432 = CARTESIAN_POINT('',(7.169990884288,7.658865497531));
#3433 = CARTESIAN_POINT('',(7.12320575885,7.581136521205));
#3434 = CARTESIAN_POINT('',(7.104198344467,7.554837303547));
#3435 = CARTESIAN_POINT('',(7.082886434135,7.529987370073));
#3436 = CARTESIAN_POINT('',(7.059324548459,7.506611948359));
#3437 = CARTESIAN_POINT('',(7.03359375,7.484716796875));
#3438 = ( GEOMETRIC_REPRESENTATION_CONTEXT(2) 
PARAMETRIC_REPRESENTATION_CONTEXT() REPRESENTATION_CONTEXT('2D SPACE',''
  ) );
#3439 = PCURVE('',#3440,#3447);
#3440 = SURFACE_OF_LINEAR_EXTRUSION('',#3441,#3445);
#3441 = B_SPLINE_CURVE_WITH_KNOTS('',2,(#3442,#3443,#3444),
  .UNSPECIFIED.,.F.,.F.,(3,3),(0.,1.),.PIECEWISE_BEZIER_KNOTS.);
#3442 = CARTESIAN_POINT('',(7.03359375,7.484716796875,94.));
#3443 = CARTESIAN_POINT('',(7.214404296875,7.63857421875,94.));
#3444 = CARTESIAN_POINT('',(7.214404296875,7.9013671875,94.));
#3445 = VECTOR('',#3446,1.);
#3446 = DIRECTION('',(-0.,-0.,-1.));
#3447 = DEFINITIONAL_REPRESENTATION('',(#3448),#3459);
#3448 = B_SPLINE_CURVE_WITH_KNOTS('',5,(#3449,#3450,#3451,#3452,#3453,
    #3454,#3455,#3456,#3457,#3458),.UNSPECIFIED.,.F.,.F.,(6,4,6),(0.,
    0.643584587477,1.),.UNSPECIFIED.);
#3449 = CARTESIAN_POINT('',(1.,-1.));
#3450 = CARTESIAN_POINT('',(0.8740998263,-1.));
#3451 = CARTESIAN_POINT('',(0.746404340233,-1.));
#3452 = CARTESIAN_POINT('',(0.617404165512,-1.));
#3453 = CARTESIAN_POINT('',(0.487695422971,-1.));
#3454 = CARTESIAN_POINT('',(0.286175023797,-1.));
#3455 = CARTESIAN_POINT('',(0.214348730541,-1.));
#3456 = CARTESIAN_POINT('',(0.142638234066,-1.));
#3457 = CARTESIAN_POINT('',(7.115403084664E-02,-1.));
#3458 = CARTESIAN_POINT('',(0.,-1.));
#3459 = ( GEOMETRIC_REPRESENTATION_CONTEXT(2) 
PARAMETRIC_REPRESENTATION_CONTEXT() REPRESENTATION_CONTEXT('2D SPACE',''
  ) );
#3460 = ORIENTED_EDGE('',*,*,#3461,.F.);
#3461 = EDGE_CURVE('',#3462,#3411,#3464,.T.);
#3462 = VERTEX_POINT('',#3463);
#3463 = CARTESIAN_POINT('',(7.03359375,8.319140625,95.));
#3464 = SURFACE_CURVE('',#3465,(#3476,#3490),.PCURVE_S1.);
#3465 = B_SPLINE_CURVE_WITH_KNOTS('',5,(#3466,#3467,#3468,#3469,#3470,
    #3471,#3472,#3473,#3474,#3475),.UNSPECIFIED.,.F.,.F.,(6,4,6),(0.,
    0.497097917235,1.),.UNSPECIFIED.);
#3466 = CARTESIAN_POINT('',(7.03359375,8.319140625,95.));
#3467 = CARTESIAN_POINT('',(7.069518492277,8.288794258853,95.));
#3468 = CARTESIAN_POINT('',(7.101210760596,8.255483924386,95.));
#3469 = CARTESIAN_POINT('',(7.128449296264,8.21922975012,95.));
#3470 = CARTESIAN_POINT('',(7.151114315333,8.180121955605,95.));
#3471 = CARTESIAN_POINT('',(7.187500194646,8.096050234459,95.));
#3472 = CARTESIAN_POINT('',(7.201115197823,8.051019243896,95.));
#3473 = CARTESIAN_POINT('',(7.210041220333,8.003409850051,95.));
#3474 = CARTESIAN_POINT('',(7.214404296875,7.953445046121,95.));
#3475 = CARTESIAN_POINT('',(7.214404296875,7.9013671875,95.));
#3476 = PCURVE('',#2372,#3477);
#3477 = DEFINITIONAL_REPRESENTATION('',(#3478),#3489);
#3478 = B_SPLINE_CURVE_WITH_KNOTS('',5,(#3479,#3480,#3481,#3482,#3483,
    #3484,#3485,#3486,#3487,#3488),.UNSPECIFIED.,.F.,.F.,(6,4,6),(0.,
    0.497097917235,1.),.UNSPECIFIED.);
#3479 = CARTESIAN_POINT('',(7.03359375,8.319140625));
#3480 = CARTESIAN_POINT('',(7.069518492277,8.288794258853));
#3481 = CARTESIAN_POINT('',(7.101210760596,8.255483924386));
#3482 = CARTESIAN_POINT('',(7.128449296264,8.21922975012));
#3483 = CARTESIAN_POINT('',(7.151114315333,8.180121955605));
#3484 = CARTESIAN_POINT('',(7.187500194646,8.096050234459));
#3485 = CARTESIAN_POINT('',(7.201115197823,8.051019243896));
#3486 = CARTESIAN_POINT('',(7.210041220333,8.003409850051));
#3487 = CARTESIAN_POINT('',(7.214404296875,7.953445046121));
#3488 = CARTESIAN_POINT('',(7.214404296875,7.9013671875));
#3489 = ( GEOMETRIC_REPRESENTATION_CONTEXT(2) 
PARAMETRIC_REPRESENTATION_CONTEXT() REPRESENTATION_CONTEXT('2D SPACE',''
  ) );
#3490 = PCURVE('',#3491,#3498);
#3491 = SURFACE_OF_LINEAR_EXTRUSION('',#3492,#3496);
#3492 = B_SPLINE_CURVE_WITH_KNOTS('',2,(#3493,#3494,#3495),
  .UNSPECIFIED.,.F.,.F.,(3,3),(0.,1.),.PIECEWISE_BEZIER_KNOTS.);
#3493 = CARTESIAN_POINT('',(7.214404296875,7.9013671875,94.));
#3494 = CARTESIAN_POINT('',(7.214404296875,8.16640625,94.));
#3495 = CARTESIAN_POINT('',(7.03359375,8.319140625,94.));
#3496 = VECTOR('',#3497,1.);
#3497 = DIRECTION('',(-0.,-0.,-1.));
#3498 = DEFINITIONAL_REPRESENTATION('',(#3499),#3510);
#3499 = B_SPLINE_CURVE_WITH_KNOTS('',5,(#3500,#3501,#3502,#3503,#3504,
    #3505,#3506,#3507,#3508,#3509),.UNSPECIFIED.,.F.,.F.,(6,4,6),(0.,
    0.497097917235,1.),.UNSPECIFIED.);
#3500 = CARTESIAN_POINT('',(1.,-1.));
#3501 = CARTESIAN_POINT('',(0.900656397268,-1.));
#3502 = CARTESIAN_POINT('',(0.800680618842,-1.));
#3503 = CARTESIAN_POINT('',(0.700369896904,-1.));
#3504 = CARTESIAN_POINT('',(0.600034788545,-1.));
#3505 = CARTESIAN_POINT('',(0.398797195152,-1.));
#3506 = CARTESIAN_POINT('',(0.29789223086,-1.));
#3507 = CARTESIAN_POINT('',(0.197617375703,-1.));
#3508 = CARTESIAN_POINT('',(9.824562864432E-02,-1.));
#3509 = CARTESIAN_POINT('',(0.,-1.));
#3510 = ( GEOMETRIC_REPRESENTATION_CONTEXT(2) 
PARAMETRIC_REPRESENTATION_CONTEXT() REPRESENTATION_CONTEXT('2D SPACE',''
  ) );
#3511 = ORIENTED_EDGE('',*,*,#3512,.F.);
#3512 = EDGE_CURVE('',#3513,#3462,#3515,.T.);
#3513 = VERTEX_POINT('',#3514);
#3514 = CARTESIAN_POINT('',(6.538330078125,8.471875,95.));
#3515 = SURFACE_CURVE('',#3516,(#3527,#3541),.PCURVE_S1.);
#3516 = B_SPLINE_CURVE_WITH_KNOTS('',5,(#3517,#3518,#3519,#3520,#3521,
    #3522,#3523,#3524,#3525,#3526),.UNSPECIFIED.,.F.,.F.,(6,4,6),(0.,
    0.542125462017,1.),.UNSPECIFIED.);
#3517 = CARTESIAN_POINT('',(6.538330078125,8.471875,95.));
#3518 = CARTESIAN_POINT('',(6.603682166249,8.471875,95.));
#3519 = CARTESIAN_POINT('',(6.666450869467,8.467751781092,95.));
#3520 = CARTESIAN_POINT('',(6.726318355639,8.459247556393,95.));
#3521 = CARTESIAN_POINT('',(6.782951320837,8.446139746467,95.));
#3522 = CARTESIAN_POINT('',(6.88090966351,8.413273055723,95.));
#3523 = CARTESIAN_POINT('',(6.923248271696,8.394863785184,95.));
#3524 = CARTESIAN_POINT('',(6.96289432123,8.373030344442,95.));
#3525 = CARTESIAN_POINT('',(6.99970611284,8.3477662067,95.));
#3526 = CARTESIAN_POINT('',(7.03359375,8.319140625,95.));
#3527 = PCURVE('',#2372,#3528);
#3528 = DEFINITIONAL_REPRESENTATION('',(#3529),#3540);
#3529 = B_SPLINE_CURVE_WITH_KNOTS('',5,(#3530,#3531,#3532,#3533,#3534,
    #3535,#3536,#3537,#3538,#3539),.UNSPECIFIED.,.F.,.F.,(6,4,6),(0.,
    0.542125462017,1.),.UNSPECIFIED.);
#3530 = CARTESIAN_POINT('',(6.538330078125,8.471875));
#3531 = CARTESIAN_POINT('',(6.603682166249,8.471875));
#3532 = CARTESIAN_POINT('',(6.666450869467,8.467751781092));
#3533 = CARTESIAN_POINT('',(6.726318355639,8.459247556393));
#3534 = CARTESIAN_POINT('',(6.782951320837,8.446139746467));
#3535 = CARTESIAN_POINT('',(6.88090966351,8.413273055723));
#3536 = CARTESIAN_POINT('',(6.923248271696,8.394863785184));
#3537 = CARTESIAN_POINT('',(6.96289432123,8.373030344442));
#3538 = CARTESIAN_POINT('',(6.99970611284,8.3477662067));
#3539 = CARTESIAN_POINT('',(7.03359375,8.319140625));
#3540 = ( GEOMETRIC_REPRESENTATION_CONTEXT(2) 
PARAMETRIC_REPRESENTATION_CONTEXT() REPRESENTATION_CONTEXT('2D SPACE',''
  ) );
#3541 = PCURVE('',#3542,#3549);
#3542 = SURFACE_OF_LINEAR_EXTRUSION('',#3543,#3547);
#3543 = B_SPLINE_CURVE_WITH_KNOTS('',2,(#3544,#3545,#3546),
  .UNSPECIFIED.,.F.,.F.,(3,3),(0.,1.),.PIECEWISE_BEZIER_KNOTS.);
#3544 = CARTESIAN_POINT('',(7.03359375,8.319140625,94.));
#3545 = CARTESIAN_POINT('',(6.852783203125,8.471875,94.));
#3546 = CARTESIAN_POINT('',(6.538330078125,8.471875,94.));
#3547 = VECTOR('',#3548,1.);
#3548 = DIRECTION('',(-0.,-0.,-1.));
#3549 = DEFINITIONAL_REPRESENTATION('',(#3550),#3561);
#3550 = B_SPLINE_CURVE_WITH_KNOTS('',5,(#3551,#3552,#3553,#3554,#3555,
    #3556,#3557,#3558,#3559,#3560),.UNSPECIFIED.,.F.,.F.,(6,4,6),(0.,
    0.542125462017,1.),.UNSPECIFIED.);
#3551 = CARTESIAN_POINT('',(1.,-1.));
#3552 = CARTESIAN_POINT('',(0.896086120747,-1.));
#3553 = CARTESIAN_POINT('',(0.790543331559,-1.));
#3554 = CARTESIAN_POINT('',(0.683518345269,-1.));
#3555 = CARTESIAN_POINT('',(0.575231460089,-1.));
#3556 = CARTESIAN_POINT('',(0.373744041139,-1.));
#3557 = CARTESIAN_POINT('',(0.280810126255,-1.));
#3558 = CARTESIAN_POINT('',(0.187393483977,-1.));
#3559 = CARTESIAN_POINT('',(9.371034418552E-02,-1.));
#3560 = CARTESIAN_POINT('',(0.,-1.));
#3561 = ( GEOMETRIC_REPRESENTATION_CONTEXT(2) 
PARAMETRIC_REPRESENTATION_CONTEXT() REPRESENTATION_CONTEXT('2D SPACE',''
  ) );
#3562 = ORIENTED_EDGE('',*,*,#3563,.F.);
#3563 = EDGE_CURVE('',#3564,#3513,#3566,.T.);
#3564 = VERTEX_POINT('',#3565);
#3565 = CARTESIAN_POINT('',(6.140771484375,8.423583984375,95.));
#3566 = SURFACE_CURVE('',#3567,(#3574,#3584),.PCURVE_S1.);
#3567 = B_SPLINE_CURVE_WITH_KNOTS('',5,(#3568,#3569,#3570,#3571,#3572,
    #3573),.UNSPECIFIED.,.F.,.F.,(6,6),(0.,1.),
  .PIECEWISE_BEZIER_KNOTS.);
#3568 = CARTESIAN_POINT('',(6.140771484375,8.423583984375,95.));
#3569 = CARTESIAN_POINT('',(6.224283739924,8.442685191761,95.));
#3570 = CARTESIAN_POINT('',(6.305905158815,8.457184400318,95.));
#3571 = CARTESIAN_POINT('',(6.385524516595,8.466951331463,95.));
#3572 = CARTESIAN_POINT('',(6.463033202615,8.471875,95.));
#3573 = CARTESIAN_POINT('',(6.538330078125,8.471875,95.));
#3574 = PCURVE('',#2372,#3575);
#3575 = DEFINITIONAL_REPRESENTATION('',(#3576),#3583);
#3576 = B_SPLINE_CURVE_WITH_KNOTS('',5,(#3577,#3578,#3579,#3580,#3581,
    #3582),.UNSPECIFIED.,.F.,.F.,(6,6),(0.,1.),
  .PIECEWISE_BEZIER_KNOTS.);
#3577 = CARTESIAN_POINT('',(6.140771484375,8.423583984375));
#3578 = CARTESIAN_POINT('',(6.224283739924,8.442685191761));
#3579 = CARTESIAN_POINT('',(6.305905158815,8.457184400318));
#3580 = CARTESIAN_POINT('',(6.385524516595,8.466951331463));
#3581 = CARTESIAN_POINT('',(6.463033202615,8.471875));
#3582 = CARTESIAN_POINT('',(6.538330078125,8.471875));
#3583 = ( GEOMETRIC_REPRESENTATION_CONTEXT(2) 
PARAMETRIC_REPRESENTATION_CONTEXT() REPRESENTATION_CONTEXT('2D SPACE',''
  ) );
#3584 = PCURVE('',#3585,#3592);
#3585 = SURFACE_OF_LINEAR_EXTRUSION('',#3586,#3590);
#3586 = B_SPLINE_CURVE_WITH_KNOTS('',2,(#3587,#3588,#3589),
  .UNSPECIFIED.,.F.,.F.,(3,3),(0.,1.),.PIECEWISE_BEZIER_KNOTS.);
#3587 = CARTESIAN_POINT('',(6.538330078125,8.471875,94.));
#3588 = CARTESIAN_POINT('',(6.351904296875,8.471875,94.));
#3589 = CARTESIAN_POINT('',(6.140771484375,8.423583984375,94.));
#3590 = VECTOR('',#3591,1.);
#3591 = DIRECTION('',(-0.,-0.,-1.));
#3592 = DEFINITIONAL_REPRESENTATION('',(#3593),#3600);
#3593 = B_SPLINE_CURVE_WITH_KNOTS('',5,(#3594,#3595,#3596,#3597,#3598,
    #3599),.UNSPECIFIED.,.F.,.F.,(6,6),(0.,1.),
  .PIECEWISE_BEZIER_KNOTS.);
#3594 = CARTESIAN_POINT('',(1.,-1.));
#3595 = CARTESIAN_POINT('',(0.802228145972,-1.));
#3596 = CARTESIAN_POINT('',(0.60321270222,-1.));
#3597 = CARTESIAN_POINT('',(0.403073207725,-1.));
#3598 = CARTESIAN_POINT('',(0.201948665591,-1.));
#3599 = CARTESIAN_POINT('',(0.,-1.));
#3600 = ( GEOMETRIC_REPRESENTATION_CONTEXT(2) 
PARAMETRIC_REPRESENTATION_CONTEXT() REPRESENTATION_CONTEXT('2D SPACE',''
  ) );
#3601 = ORIENTED_EDGE('',*,*,#3602,.F.);
#3602 = EDGE_CURVE('',#3603,#3564,#3605,.T.);
#3603 = VERTEX_POINT('',#3604);
#3604 = CARTESIAN_POINT('',(5.687060546875,8.27421875,95.));
#3605 = SURFACE_CURVE('',#3606,(#3613,#3623),.PCURVE_S1.);
#3606 = B_SPLINE_CURVE_WITH_KNOTS('',5,(#3607,#3608,#3609,#3610,#3611,
    #3612),.UNSPECIFIED.,.F.,.F.,(6,6),(0.,1.),
  .PIECEWISE_BEZIER_KNOTS.);
#3607 = CARTESIAN_POINT('',(5.687060546875,8.27421875,95.));
#3608 = CARTESIAN_POINT('',(5.782290175966,8.313897762121,95.));
#3609 = CARTESIAN_POINT('',(5.875440399499,8.34888822503,95.));
#3610 = CARTESIAN_POINT('',(5.966350256742,8.378970759376,95.));
#3611 = CARTESIAN_POINT('',(6.054850163074,8.403931767269,95.));
#3612 = CARTESIAN_POINT('',(6.140771484375,8.423583984375,95.));
#3613 = PCURVE('',#2372,#3614);
#3614 = DEFINITIONAL_REPRESENTATION('',(#3615),#3622);
#3615 = B_SPLINE_CURVE_WITH_KNOTS('',5,(#3616,#3617,#3618,#3619,#3620,
    #3621),.UNSPECIFIED.,.F.,.F.,(6,6),(0.,1.),
  .PIECEWISE_BEZIER_KNOTS.);
#3616 = CARTESIAN_POINT('',(5.687060546875,8.27421875));
#3617 = CARTESIAN_POINT('',(5.782290175966,8.313897762121));
#3618 = CARTESIAN_POINT('',(5.875440399499,8.34888822503));
#3619 = CARTESIAN_POINT('',(5.966350256742,8.378970759376));
#3620 = CARTESIAN_POINT('',(6.054850163074,8.403931767269));
#3621 = CARTESIAN_POINT('',(6.140771484375,8.423583984375));
#3622 = ( GEOMETRIC_REPRESENTATION_CONTEXT(2) 
PARAMETRIC_REPRESENTATION_CONTEXT() REPRESENTATION_CONTEXT('2D SPACE',''
  ) );
#3623 = PCURVE('',#3624,#3631);
#3624 = SURFACE_OF_LINEAR_EXTRUSION('',#3625,#3629);
#3625 = B_SPLINE_CURVE_WITH_KNOTS('',2,(#3626,#3627,#3628),
  .UNSPECIFIED.,.F.,.F.,(3,3),(0.,1.),.PIECEWISE_BEZIER_KNOTS.);
#3626 = CARTESIAN_POINT('',(6.140771484375,8.423583984375,94.));
#3627 = CARTESIAN_POINT('',(5.929638671875,8.37529296875,94.));
#3628 = CARTESIAN_POINT('',(5.687060546875,8.27421875,94.));
#3629 = VECTOR('',#3630,1.);
#3630 = DIRECTION('',(-0.,-0.,-1.));
#3631 = DEFINITIONAL_REPRESENTATION('',(#3632),#3639);
#3632 = B_SPLINE_CURVE_WITH_KNOTS('',5,(#3633,#3634,#3635,#3636,#3637,
    #3638),.UNSPECIFIED.,.F.,.F.,(6,6),(0.,1.),
  .PIECEWISE_BEZIER_KNOTS.);
#3633 = CARTESIAN_POINT('',(1.,-1.));
#3634 = CARTESIAN_POINT('',(0.803713485931,-1.));
#3635 = CARTESIAN_POINT('',(0.605469968609,-1.));
#3636 = CARTESIAN_POINT('',(0.405352432343,-1.));
#3637 = CARTESIAN_POINT('',(0.203476949613,-1.));
#3638 = CARTESIAN_POINT('',(0.,-1.));
#3639 = ( GEOMETRIC_REPRESENTATION_CONTEXT(2) 
PARAMETRIC_REPRESENTATION_CONTEXT() REPRESENTATION_CONTEXT('2D SPACE',''
  ) );
#3640 = ORIENTED_EDGE('',*,*,#3641,.F.);
#3641 = EDGE_CURVE('',#3642,#3603,#3644,.T.);
#3642 = VERTEX_POINT('',#3643);
#3643 = CARTESIAN_POINT('',(5.687060546875,10.1609375,95.));
#3644 = SURFACE_CURVE('',#3645,(#3649,#3655),.PCURVE_S1.);
#3645 = LINE('',#3646,#3647);
#3646 = CARTESIAN_POINT('',(5.687060546875,4.137109375,95.));
#3647 = VECTOR('',#3648,1.);
#3648 = DIRECTION('',(0.,-1.,0.));
#3649 = PCURVE('',#2372,#3650);
#3650 = DEFINITIONAL_REPRESENTATION('',(#3651),#3654);
#3651 = B_SPLINE_CURVE_WITH_KNOTS('',1,(#3652,#3653),.UNSPECIFIED.,.F.,
  .F.,(2,2),(-6.023828125,-4.137109375),.PIECEWISE_BEZIER_KNOTS.);
#3652 = CARTESIAN_POINT('',(5.687060546875,10.1609375));
#3653 = CARTESIAN_POINT('',(5.687060546875,8.27421875));
#3654 = ( GEOMETRIC_REPRESENTATION_CONTEXT(2) 
PARAMETRIC_REPRESENTATION_CONTEXT() REPRESENTATION_CONTEXT('2D SPACE',''
  ) );
#3655 = PCURVE('',#3656,#3661);
#3656 = PLANE('',#3657);
#3657 = AXIS2_PLACEMENT_3D('',#3658,#3659,#3660);
#3658 = CARTESIAN_POINT('',(5.687060546875,8.27421875,94.));
#3659 = DIRECTION('',(-1.,0.,0.));
#3660 = DIRECTION('',(0.,1.,0.));
#3661 = DEFINITIONAL_REPRESENTATION('',(#3662),#3665);
#3662 = B_SPLINE_CURVE_WITH_KNOTS('',1,(#3663,#3664),.UNSPECIFIED.,.F.,
  .F.,(2,2),(-6.023828125,-4.137109375),.PIECEWISE_BEZIER_KNOTS.);
#3663 = CARTESIAN_POINT('',(1.88671875,-1.));
#3664 = CARTESIAN_POINT('',(0.,-1.));
#3665 = ( GEOMETRIC_REPRESENTATION_CONTEXT(2) 
PARAMETRIC_REPRESENTATION_CONTEXT() REPRESENTATION_CONTEXT('2D SPACE',''
  ) );
#3666 = ORIENTED_EDGE('',*,*,#3667,.F.);
#3667 = EDGE_CURVE('',#2674,#3642,#3668,.T.);
#3668 = SURFACE_CURVE('',#3669,(#3673,#3679),.PCURVE_S1.);
#3669 = LINE('',#3670,#3671);
#3670 = CARTESIAN_POINT('',(2.843530273437,10.1609375,95.));
#3671 = VECTOR('',#3672,1.);
#3672 = DIRECTION('',(-1.,0.,0.));
#3673 = PCURVE('',#2372,#3674);
#3674 = DEFINITIONAL_REPRESENTATION('',(#3675),#3678);
#3675 = B_SPLINE_CURVE_WITH_KNOTS('',1,(#3676,#3677),.UNSPECIFIED.,.F.,
  .F.,(2,2),(-4.993041992188,-2.843530273437),.PIECEWISE_BEZIER_KNOTS.);
#3676 = CARTESIAN_POINT('',(7.836572265625,10.1609375));
#3677 = CARTESIAN_POINT('',(5.687060546875,10.1609375));
#3678 = ( GEOMETRIC_REPRESENTATION_CONTEXT(2) 
PARAMETRIC_REPRESENTATION_CONTEXT() REPRESENTATION_CONTEXT('2D SPACE',''
  ) );
#3679 = PCURVE('',#2717,#3680);
#3680 = DEFINITIONAL_REPRESENTATION('',(#3681),#3684);
#3681 = B_SPLINE_CURVE_WITH_KNOTS('',1,(#3682,#3683),.UNSPECIFIED.,.F.,
  .F.,(2,2),(-4.993041992188,-2.843530273437),.PIECEWISE_BEZIER_KNOTS.);
#3682 = CARTESIAN_POINT('',(2.14951171875,-1.));
#3683 = CARTESIAN_POINT('',(0.,-1.));
#3684 = ( GEOMETRIC_REPRESENTATION_CONTEXT(2) 
PARAMETRIC_REPRESENTATION_CONTEXT() REPRESENTATION_CONTEXT('2D SPACE',''
  ) );
#3685 = ORIENTED_EDGE('',*,*,#2673,.T.);
#3686 = ORIENTED_EDGE('',*,*,#3687,.F.);
#3687 = EDGE_CURVE('',#3688,#2640,#3690,.T.);
#3688 = VERTEX_POINT('',#3689);
#3689 = CARTESIAN_POINT('',(-7.102099609375,10.1609375,95.));
#3690 = SURFACE_CURVE('',#3691,(#3695,#3701),.PCURVE_S1.);
#3691 = LINE('',#3692,#3693);
#3692 = CARTESIAN_POINT('',(-5.097969793215,10.576779997878,95.));
#3693 = VECTOR('',#3694,1.);
#3694 = DIRECTION('',(-0.979144429707,-0.203165414809,0.));
#3695 = PCURVE('',#2372,#3696);
#3696 = DEFINITIONAL_REPRESENTATION('',(#3697),#3700);
#3697 = B_SPLINE_CURVE_WITH_KNOTS('',1,(#3698,#3699),.UNSPECIFIED.,.F.,
  .F.,(2,2),(2.046817359478,2.842812830222),.PIECEWISE_BEZIER_KNOTS.);
#3698 = CARTESIAN_POINT('',(-7.102099609375,10.1609375));
#3699 = CARTESIAN_POINT('',(-7.881494140625,9.99921875));
#3700 = ( GEOMETRIC_REPRESENTATION_CONTEXT(2) 
PARAMETRIC_REPRESENTATION_CONTEXT() REPRESENTATION_CONTEXT('2D SPACE',''
  ) );
#3701 = PCURVE('',#2659,#3702);
#3702 = DEFINITIONAL_REPRESENTATION('',(#3703),#3706);
#3703 = B_SPLINE_CURVE_WITH_KNOTS('',1,(#3704,#3705),.UNSPECIFIED.,.F.,
  .F.,(2,2),(2.046817359478,2.842812830222),.PIECEWISE_BEZIER_KNOTS.);
#3704 = CARTESIAN_POINT('',(0.795995470743,-1.));
#3705 = CARTESIAN_POINT('',(0.,-1.));
#3706 = ( GEOMETRIC_REPRESENTATION_CONTEXT(2) 
PARAMETRIC_REPRESENTATION_CONTEXT() REPRESENTATION_CONTEXT('2D SPACE',''
  ) );
#3707 = ORIENTED_EDGE('',*,*,#3708,.F.);
#3708 = EDGE_CURVE('',#3709,#3688,#3711,.T.);
#3709 = VERTEX_POINT('',#3710);
#3710 = CARTESIAN_POINT('',(-6.280029296875,10.1609375,95.));
#3711 = SURFACE_CURVE('',#3712,(#3716,#3722),.PCURVE_S1.);
#3712 = LINE('',#3713,#3714);
#3713 = CARTESIAN_POINT('',(-3.551049804688,10.1609375,95.));
#3714 = VECTOR('',#3715,1.);
#3715 = DIRECTION('',(-1.,0.,0.));
#3716 = PCURVE('',#2372,#3717);
#3717 = DEFINITIONAL_REPRESENTATION('',(#3718),#3721);
#3718 = B_SPLINE_CURVE_WITH_KNOTS('',1,(#3719,#3720),.UNSPECIFIED.,.F.,
  .F.,(2,2),(2.728979492188,3.551049804688),.PIECEWISE_BEZIER_KNOTS.);
#3719 = CARTESIAN_POINT('',(-6.280029296875,10.1609375));
#3720 = CARTESIAN_POINT('',(-7.102099609375,10.1609375));
#3721 = ( GEOMETRIC_REPRESENTATION_CONTEXT(2) 
PARAMETRIC_REPRESENTATION_CONTEXT() REPRESENTATION_CONTEXT('2D SPACE',''
  ) );
#3722 = PCURVE('',#3723,#3728);
#3723 = PLANE('',#3724);
#3724 = AXIS2_PLACEMENT_3D('',#3725,#3726,#3727);
#3725 = CARTESIAN_POINT('',(-7.102099609375,10.1609375,94.));
#3726 = DIRECTION('',(0.,1.,0.));
#3727 = DIRECTION('',(1.,0.,0.));
#3728 = DEFINITIONAL_REPRESENTATION('',(#3729),#3732);
#3729 = B_SPLINE_CURVE_WITH_KNOTS('',1,(#3730,#3731),.UNSPECIFIED.,.F.,
  .F.,(2,2),(2.728979492188,3.551049804688),.PIECEWISE_BEZIER_KNOTS.);
#3730 = CARTESIAN_POINT('',(0.8220703125,-1.));
#3731 = CARTESIAN_POINT('',(0.,-1.));
#3732 = ( GEOMETRIC_REPRESENTATION_CONTEXT(2) 
PARAMETRIC_REPRESENTATION_CONTEXT() REPRESENTATION_CONTEXT('2D SPACE',''
  ) );
#3733 = ORIENTED_EDGE('',*,*,#3734,.F.);
#3734 = EDGE_CURVE('',#3735,#3709,#3737,.T.);
#3735 = VERTEX_POINT('',#3736);
#3736 = CARTESIAN_POINT('',(-6.280029296875,7.40498046875,95.));
#3737 = SURFACE_CURVE('',#3738,(#3742,#3748),.PCURVE_S1.);
#3738 = LINE('',#3739,#3740);
#3739 = CARTESIAN_POINT('',(-6.280029296875,5.08046875,95.));
#3740 = VECTOR('',#3741,1.);
#3741 = DIRECTION('',(0.,1.,0.));
#3742 = PCURVE('',#2372,#3743);
#3743 = DEFINITIONAL_REPRESENTATION('',(#3744),#3747);
#3744 = B_SPLINE_CURVE_WITH_KNOTS('',1,(#3745,#3746),.UNSPECIFIED.,.F.,
  .F.,(2,2),(2.32451171875,5.08046875),.PIECEWISE_BEZIER_KNOTS.);
#3745 = CARTESIAN_POINT('',(-6.280029296875,7.40498046875));
#3746 = CARTESIAN_POINT('',(-6.280029296875,10.1609375));
#3747 = ( GEOMETRIC_REPRESENTATION_CONTEXT(2) 
PARAMETRIC_REPRESENTATION_CONTEXT() REPRESENTATION_CONTEXT('2D SPACE',''
  ) );
#3748 = PCURVE('',#3749,#3754);
#3749 = PLANE('',#3750);
#3750 = AXIS2_PLACEMENT_3D('',#3751,#3752,#3753);
#3751 = CARTESIAN_POINT('',(-6.280029296875,10.1609375,94.));
#3752 = DIRECTION('',(1.,0.,0.));
#3753 = DIRECTION('',(0.,-1.,0.));
#3754 = DEFINITIONAL_REPRESENTATION('',(#3755),#3758);
#3755 = B_SPLINE_CURVE_WITH_KNOTS('',1,(#3756,#3757),.UNSPECIFIED.,.F.,
  .F.,(2,2),(2.32451171875,5.08046875),.PIECEWISE_BEZIER_KNOTS.);
#3756 = CARTESIAN_POINT('',(2.75595703125,-1.));
#3757 = CARTESIAN_POINT('',(0.,-1.));
#3758 = ( GEOMETRIC_REPRESENTATION_CONTEXT(2) 
PARAMETRIC_REPRESENTATION_CONTEXT() REPRESENTATION_CONTEXT('2D SPACE',''
  ) );
#3759 = ORIENTED_EDGE('',*,*,#3760,.F.);
#3760 = EDGE_CURVE('',#3761,#3735,#3763,.T.);
#3761 = VERTEX_POINT('',#3762);
#3762 = CARTESIAN_POINT('',(-5.516357421875,7.40498046875,95.));
#3763 = SURFACE_CURVE('',#3764,(#3768,#3774),.PCURVE_S1.);
#3764 = LINE('',#3765,#3766);
#3765 = CARTESIAN_POINT('',(-3.140014648438,7.40498046875,95.));
#3766 = VECTOR('',#3767,1.);
#3767 = DIRECTION('',(-1.,0.,0.));
#3768 = PCURVE('',#2372,#3769);
#3769 = DEFINITIONAL_REPRESENTATION('',(#3770),#3773);
#3770 = B_SPLINE_CURVE_WITH_KNOTS('',1,(#3771,#3772),.UNSPECIFIED.,.F.,
  .F.,(2,2),(2.376342773438,3.140014648438),.PIECEWISE_BEZIER_KNOTS.);
#3771 = CARTESIAN_POINT('',(-5.516357421875,7.40498046875));
#3772 = CARTESIAN_POINT('',(-6.280029296875,7.40498046875));
#3773 = ( GEOMETRIC_REPRESENTATION_CONTEXT(2) 
PARAMETRIC_REPRESENTATION_CONTEXT() REPRESENTATION_CONTEXT('2D SPACE',''
  ) );
#3774 = PCURVE('',#3775,#3780);
#3775 = PLANE('',#3776);
#3776 = AXIS2_PLACEMENT_3D('',#3777,#3778,#3779);
#3777 = CARTESIAN_POINT('',(-6.280029296875,7.40498046875,94.));
#3778 = DIRECTION('',(0.,1.,0.));
#3779 = DIRECTION('',(1.,0.,0.));
#3780 = DEFINITIONAL_REPRESENTATION('',(#3781),#3784);
#3781 = B_SPLINE_CURVE_WITH_KNOTS('',1,(#3782,#3783),.UNSPECIFIED.,.F.,
  .F.,(2,2),(2.376342773438,3.140014648438),.PIECEWISE_BEZIER_KNOTS.);
#3782 = CARTESIAN_POINT('',(0.763671875,-1.));
#3783 = CARTESIAN_POINT('',(0.,-1.));
#3784 = ( GEOMETRIC_REPRESENTATION_CONTEXT(2) 
PARAMETRIC_REPRESENTATION_CONTEXT() REPRESENTATION_CONTEXT('2D SPACE',''
  ) );
#3785 = ORIENTED_EDGE('',*,*,#3786,.F.);
#3786 = EDGE_CURVE('',#3787,#3761,#3789,.T.);
#3787 = VERTEX_POINT('',#3788);
#3788 = CARTESIAN_POINT('',(-5.516357421875,6.80751953125,95.));
#3789 = SURFACE_CURVE('',#3790,(#3794,#3800),.PCURVE_S1.);
#3790 = LINE('',#3791,#3792);
#3791 = CARTESIAN_POINT('',(-5.516357421875,3.702490234375,95.));
#3792 = VECTOR('',#3793,1.);
#3793 = DIRECTION('',(0.,1.,0.));
#3794 = PCURVE('',#2372,#3795);
#3795 = DEFINITIONAL_REPRESENTATION('',(#3796),#3799);
#3796 = B_SPLINE_CURVE_WITH_KNOTS('',1,(#3797,#3798),.UNSPECIFIED.,.F.,
  .F.,(2,2),(3.105029296875,3.702490234375),.PIECEWISE_BEZIER_KNOTS.);
#3797 = CARTESIAN_POINT('',(-5.516357421875,6.80751953125));
#3798 = CARTESIAN_POINT('',(-5.516357421875,7.40498046875));
#3799 = ( GEOMETRIC_REPRESENTATION_CONTEXT(2) 
PARAMETRIC_REPRESENTATION_CONTEXT() REPRESENTATION_CONTEXT('2D SPACE',''
  ) );
#3800 = PCURVE('',#3801,#3806);
#3801 = PLANE('',#3802);
#3802 = AXIS2_PLACEMENT_3D('',#3803,#3804,#3805);
#3803 = CARTESIAN_POINT('',(-5.516357421875,7.40498046875,94.));
#3804 = DIRECTION('',(1.,0.,0.));
#3805 = DIRECTION('',(0.,-1.,0.));
#3806 = DEFINITIONAL_REPRESENTATION('',(#3807),#3810);
#3807 = B_SPLINE_CURVE_WITH_KNOTS('',1,(#3808,#3809),.UNSPECIFIED.,.F.,
  .F.,(2,2),(3.105029296875,3.702490234375),.PIECEWISE_BEZIER_KNOTS.);
#3808 = CARTESIAN_POINT('',(0.5974609375,-1.));
#3809 = CARTESIAN_POINT('',(0.,-1.));
#3810 = ( GEOMETRIC_REPRESENTATION_CONTEXT(2) 
PARAMETRIC_REPRESENTATION_CONTEXT() REPRESENTATION_CONTEXT('2D SPACE',''
  ) );
#3811 = ORIENTED_EDGE('',*,*,#3812,.F.);
#3812 = EDGE_CURVE('',#3813,#3787,#3815,.T.);
#3813 = VERTEX_POINT('',#3814);
#3814 = CARTESIAN_POINT('',(-7.861279296875,6.80751953125,95.));
#3815 = SURFACE_CURVE('',#3816,(#3820,#3826),.PCURVE_S1.);
#3816 = LINE('',#3817,#3818);
#3817 = CARTESIAN_POINT('',(-2.758178710938,6.80751953125,95.));
#3818 = VECTOR('',#3819,1.);
#3819 = DIRECTION('',(1.,0.,-0.));
#3820 = PCURVE('',#2372,#3821);
#3821 = DEFINITIONAL_REPRESENTATION('',(#3822),#3825);
#3822 = B_SPLINE_CURVE_WITH_KNOTS('',1,(#3823,#3824),.UNSPECIFIED.,.F.,
  .F.,(2,2),(-5.103100585937,-2.758178710938),.PIECEWISE_BEZIER_KNOTS.);
#3823 = CARTESIAN_POINT('',(-7.861279296875,6.80751953125));
#3824 = CARTESIAN_POINT('',(-5.516357421875,6.80751953125));
#3825 = ( GEOMETRIC_REPRESENTATION_CONTEXT(2) 
PARAMETRIC_REPRESENTATION_CONTEXT() REPRESENTATION_CONTEXT('2D SPACE',''
  ) );
#3826 = PCURVE('',#3827,#3832);
#3827 = PLANE('',#3828);
#3828 = AXIS2_PLACEMENT_3D('',#3829,#3830,#3831);
#3829 = CARTESIAN_POINT('',(-5.516357421875,6.80751953125,94.));
#3830 = DIRECTION('',(0.,-1.,0.));
#3831 = DIRECTION('',(-1.,0.,0.));
#3832 = DEFINITIONAL_REPRESENTATION('',(#3833),#3836);
#3833 = B_SPLINE_CURVE_WITH_KNOTS('',1,(#3834,#3835),.UNSPECIFIED.,.F.,
  .F.,(2,2),(-5.103100585937,-2.758178710938),.PIECEWISE_BEZIER_KNOTS.);
#3834 = CARTESIAN_POINT('',(2.344921875,-1.));
#3835 = CARTESIAN_POINT('',(0.,-1.));
#3836 = ( GEOMETRIC_REPRESENTATION_CONTEXT(2) 
PARAMETRIC_REPRESENTATION_CONTEXT() REPRESENTATION_CONTEXT('2D SPACE',''
  ) );
#3837 = ORIENTED_EDGE('',*,*,#3838,.F.);
#3838 = EDGE_CURVE('',#3839,#3813,#3841,.T.);
#3839 = VERTEX_POINT('',#3840);
#3840 = CARTESIAN_POINT('',(-7.861279296875,7.40498046875,95.));
#3841 = SURFACE_CURVE('',#3842,(#3846,#3852),.PCURVE_S1.);
#3842 = LINE('',#3843,#3844);
#3843 = CARTESIAN_POINT('',(-7.861279296875,3.403759765625,95.));
#3844 = VECTOR('',#3845,1.);
#3845 = DIRECTION('',(0.,-1.,0.));
#3846 = PCURVE('',#2372,#3847);
#3847 = DEFINITIONAL_REPRESENTATION('',(#3848),#3851);
#3848 = B_SPLINE_CURVE_WITH_KNOTS('',1,(#3849,#3850),.UNSPECIFIED.,.F.,
  .F.,(2,2),(-4.001220703125,-3.403759765625),.PIECEWISE_BEZIER_KNOTS.);
#3849 = CARTESIAN_POINT('',(-7.861279296875,7.40498046875));
#3850 = CARTESIAN_POINT('',(-7.861279296875,6.80751953125));
#3851 = ( GEOMETRIC_REPRESENTATION_CONTEXT(2) 
PARAMETRIC_REPRESENTATION_CONTEXT() REPRESENTATION_CONTEXT('2D SPACE',''
  ) );
#3852 = PCURVE('',#3853,#3858);
#3853 = PLANE('',#3854);
#3854 = AXIS2_PLACEMENT_3D('',#3855,#3856,#3857);
#3855 = CARTESIAN_POINT('',(-7.861279296875,6.80751953125,94.));
#3856 = DIRECTION('',(-1.,0.,0.));
#3857 = DIRECTION('',(0.,1.,0.));
#3858 = DEFINITIONAL_REPRESENTATION('',(#3859),#3862);
#3859 = B_SPLINE_CURVE_WITH_KNOTS('',1,(#3860,#3861),.UNSPECIFIED.,.F.,
  .F.,(2,2),(-4.001220703125,-3.403759765625),.PIECEWISE_BEZIER_KNOTS.);
#3860 = CARTESIAN_POINT('',(0.5974609375,-1.));
#3861 = CARTESIAN_POINT('',(0.,-1.));
#3862 = ( GEOMETRIC_REPRESENTATION_CONTEXT(2) 
PARAMETRIC_REPRESENTATION_CONTEXT() REPRESENTATION_CONTEXT('2D SPACE',''
  ) );
#3863 = ORIENTED_EDGE('',*,*,#3864,.F.);
#3864 = EDGE_CURVE('',#3865,#3839,#3867,.T.);
#3865 = VERTEX_POINT('',#3866);
#3866 = CARTESIAN_POINT('',(-7.097607421875,7.40498046875,95.));
#3867 = SURFACE_CURVE('',#3868,(#3872,#3878),.PCURVE_S1.);
#3868 = LINE('',#3869,#3870);
#3869 = CARTESIAN_POINT('',(-3.930639648437,7.40498046875,95.));
#3870 = VECTOR('',#3871,1.);
#3871 = DIRECTION('',(-1.,0.,0.));
#3872 = PCURVE('',#2372,#3873);
#3873 = DEFINITIONAL_REPRESENTATION('',(#3874),#3877);
#3874 = B_SPLINE_CURVE_WITH_KNOTS('',1,(#3875,#3876),.UNSPECIFIED.,.F.,
  .F.,(2,2),(3.166967773437,3.930639648437),.PIECEWISE_BEZIER_KNOTS.);
#3875 = CARTESIAN_POINT('',(-7.097607421875,7.40498046875));
#3876 = CARTESIAN_POINT('',(-7.861279296875,7.40498046875));
#3877 = ( GEOMETRIC_REPRESENTATION_CONTEXT(2) 
PARAMETRIC_REPRESENTATION_CONTEXT() REPRESENTATION_CONTEXT('2D SPACE',''
  ) );
#3878 = PCURVE('',#3879,#3884);
#3879 = PLANE('',#3880);
#3880 = AXIS2_PLACEMENT_3D('',#3881,#3882,#3883);
#3881 = CARTESIAN_POINT('',(-7.861279296875,7.40498046875,94.));
#3882 = DIRECTION('',(0.,1.,0.));
#3883 = DIRECTION('',(1.,0.,0.));
#3884 = DEFINITIONAL_REPRESENTATION('',(#3885),#3888);
#3885 = B_SPLINE_CURVE_WITH_KNOTS('',1,(#3886,#3887),.UNSPECIFIED.,.F.,
  .F.,(2,2),(3.166967773437,3.930639648437),.PIECEWISE_BEZIER_KNOTS.);
#3886 = CARTESIAN_POINT('',(0.763671875,-1.));
#3887 = CARTESIAN_POINT('',(0.,-1.));
#3888 = ( GEOMETRIC_REPRESENTATION_CONTEXT(2) 
PARAMETRIC_REPRESENTATION_CONTEXT() REPRESENTATION_CONTEXT('2D SPACE',''
  ) );
#3889 = ORIENTED_EDGE('',*,*,#3890,.F.);
#3890 = EDGE_CURVE('',#3891,#3865,#3893,.T.);
#3891 = VERTEX_POINT('',#3892);
#3892 = CARTESIAN_POINT('',(-7.097607421875,9.5724609375,95.));
#3893 = SURFACE_CURVE('',#3894,(#3898,#3904),.PCURVE_S1.);
#3894 = LINE('',#3895,#3896);
#3895 = CARTESIAN_POINT('',(-7.097607421875,3.702490234375,95.));
#3896 = VECTOR('',#3897,1.);
#3897 = DIRECTION('',(0.,-1.,0.));
#3898 = PCURVE('',#2372,#3899);
#3899 = DEFINITIONAL_REPRESENTATION('',(#3900),#3903);
#3900 = B_SPLINE_CURVE_WITH_KNOTS('',1,(#3901,#3902),.UNSPECIFIED.,.F.,
  .F.,(2,2),(-5.869970703125,-3.702490234375),.PIECEWISE_BEZIER_KNOTS.);
#3901 = CARTESIAN_POINT('',(-7.097607421875,9.5724609375));
#3902 = CARTESIAN_POINT('',(-7.097607421875,7.40498046875));
#3903 = ( GEOMETRIC_REPRESENTATION_CONTEXT(2) 
PARAMETRIC_REPRESENTATION_CONTEXT() REPRESENTATION_CONTEXT('2D SPACE',''
  ) );
#3904 = PCURVE('',#3905,#3910);
#3905 = PLANE('',#3906);
#3906 = AXIS2_PLACEMENT_3D('',#3907,#3908,#3909);
#3907 = CARTESIAN_POINT('',(-7.097607421875,7.40498046875,94.));
#3908 = DIRECTION('',(-1.,0.,0.));
#3909 = DIRECTION('',(0.,1.,0.));
#3910 = DEFINITIONAL_REPRESENTATION('',(#3911),#3914);
#3911 = B_SPLINE_CURVE_WITH_KNOTS('',1,(#3912,#3913),.UNSPECIFIED.,.F.,
  .F.,(2,2),(-5.869970703125,-3.702490234375),.PIECEWISE_BEZIER_KNOTS.);
#3912 = CARTESIAN_POINT('',(2.16748046875,-1.));
#3913 = CARTESIAN_POINT('',(0.,-1.));
#3914 = ( GEOMETRIC_REPRESENTATION_CONTEXT(2) 
PARAMETRIC_REPRESENTATION_CONTEXT() REPRESENTATION_CONTEXT('2D SPACE',''
  ) );
#3915 = ORIENTED_EDGE('',*,*,#3916,.F.);
#3916 = EDGE_CURVE('',#3917,#3891,#3919,.T.);
#3917 = VERTEX_POINT('',#3918);
#3918 = CARTESIAN_POINT('',(-7.881494140625,9.4107421875,95.));
#3919 = SURFACE_CURVE('',#3920,(#3924,#3930),.PCURVE_S1.);
#3920 = LINE('',#3921,#3922);
#3921 = CARTESIAN_POINT('',(-4.640786210101,10.079312304972,95.));
#3922 = VECTOR('',#3923,1.);
#3923 = DIRECTION('',(0.979375454391,0.202048804344,-0.));
#3924 = PCURVE('',#2372,#3925);
#3925 = DEFINITIONAL_REPRESENTATION('',(#3926),#3929);
#3926 = B_SPLINE_CURVE_WITH_KNOTS('',1,(#3927,#3928),.UNSPECIFIED.,.F.,
  .F.,(2,2),(-3.30895359486,-2.508559103416),.PIECEWISE_BEZIER_KNOTS.);
#3927 = CARTESIAN_POINT('',(-7.881494140625,9.4107421875));
#3928 = CARTESIAN_POINT('',(-7.097607421875,9.5724609375));
#3929 = ( GEOMETRIC_REPRESENTATION_CONTEXT(2) 
PARAMETRIC_REPRESENTATION_CONTEXT() REPRESENTATION_CONTEXT('2D SPACE',''
  ) );
#3930 = PCURVE('',#3931,#3936);
#3931 = PLANE('',#3932);
#3932 = AXIS2_PLACEMENT_3D('',#3933,#3934,#3935);
#3933 = CARTESIAN_POINT('',(-7.097607421875,9.5724609375,94.));
#3934 = DIRECTION('',(0.202048804344,-0.979375454391,0.));
#3935 = DIRECTION('',(-0.979375454391,-0.202048804344,0.));
#3936 = DEFINITIONAL_REPRESENTATION('',(#3937),#3940);
#3937 = B_SPLINE_CURVE_WITH_KNOTS('',1,(#3938,#3939),.UNSPECIFIED.,.F.,
  .F.,(2,2),(-3.30895359486,-2.508559103416),.PIECEWISE_BEZIER_KNOTS.);
#3938 = CARTESIAN_POINT('',(0.800394491444,-1.));
#3939 = CARTESIAN_POINT('',(0.,-1.));
#3940 = ( GEOMETRIC_REPRESENTATION_CONTEXT(2) 
PARAMETRIC_REPRESENTATION_CONTEXT() REPRESENTATION_CONTEXT('2D SPACE',''
  ) );
#3941 = ORIENTED_EDGE('',*,*,#3942,.F.);
#3942 = EDGE_CURVE('',#2582,#3917,#3943,.T.);
#3943 = SURFACE_CURVE('',#3944,(#3948,#3954),.PCURVE_S1.);
#3944 = LINE('',#3945,#3946);
#3945 = CARTESIAN_POINT('',(-7.881494140625,4.70537109375,95.));
#3946 = VECTOR('',#3947,1.);
#3947 = DIRECTION('',(0.,-1.,0.));
#3948 = PCURVE('',#2372,#3949);
#3949 = DEFINITIONAL_REPRESENTATION('',(#3950),#3953);
#3950 = B_SPLINE_CURVE_WITH_KNOTS('',1,(#3951,#3952),.UNSPECIFIED.,.F.,
  .F.,(2,2),(-5.29384765625,-4.70537109375),.PIECEWISE_BEZIER_KNOTS.);
#3951 = CARTESIAN_POINT('',(-7.881494140625,9.99921875));
#3952 = CARTESIAN_POINT('',(-7.881494140625,9.4107421875));
#3953 = ( GEOMETRIC_REPRESENTATION_CONTEXT(2) 
PARAMETRIC_REPRESENTATION_CONTEXT() REPRESENTATION_CONTEXT('2D SPACE',''
  ) );
#3954 = PCURVE('',#2625,#3955);
#3955 = DEFINITIONAL_REPRESENTATION('',(#3956),#3959);
#3956 = B_SPLINE_CURVE_WITH_KNOTS('',1,(#3957,#3958),.UNSPECIFIED.,.F.,
  .F.,(2,2),(-5.29384765625,-4.70537109375),.PIECEWISE_BEZIER_KNOTS.);
#3957 = CARTESIAN_POINT('',(0.5884765625,-1.));
#3958 = CARTESIAN_POINT('',(0.,-1.));
#3959 = ( GEOMETRIC_REPRESENTATION_CONTEXT(2) 
PARAMETRIC_REPRESENTATION_CONTEXT() REPRESENTATION_CONTEXT('2D SPACE',''
  ) );
#3960 = ORIENTED_EDGE('',*,*,#2581,.T.);
#3961 = ORIENTED_EDGE('',*,*,#3962,.F.);
#3962 = EDGE_CURVE('',#3963,#2548,#3965,.T.);
#3963 = VERTEX_POINT('',#3964);
#3964 = CARTESIAN_POINT('',(-8.036474609375,-9.3568359375,95.));
#3965 = SURFACE_CURVE('',#3966,(#3970,#3976),.PCURVE_S1.);
#3966 = LINE('',#3967,#3968);
#3967 = CARTESIAN_POINT('',(-8.036474609375,-4.996240234375,95.));
#3968 = VECTOR('',#3969,1.);
#3969 = DIRECTION('',(0.,-1.,0.));
#3970 = PCURVE('',#2372,#3971);
#3971 = DEFINITIONAL_REPRESENTATION('',(#3972),#3975);
#3972 = B_SPLINE_CURVE_WITH_KNOTS('',1,(#3973,#3974),.UNSPECIFIED.,.F.,
  .F.,(2,2),(4.360595703125,4.996240234375),.PIECEWISE_BEZIER_KNOTS.);
#3973 = CARTESIAN_POINT('',(-8.036474609375,-9.3568359375));
#3974 = CARTESIAN_POINT('',(-8.036474609375,-9.99248046875));
#3975 = ( GEOMETRIC_REPRESENTATION_CONTEXT(2) 
PARAMETRIC_REPRESENTATION_CONTEXT() REPRESENTATION_CONTEXT('2D SPACE',''
  ) );
#3976 = PCURVE('',#2567,#3977);
#3977 = DEFINITIONAL_REPRESENTATION('',(#3978),#3981);
#3978 = B_SPLINE_CURVE_WITH_KNOTS('',1,(#3979,#3980),.UNSPECIFIED.,.F.,
  .F.,(2,2),(4.360595703125,4.996240234375),.PIECEWISE_BEZIER_KNOTS.);
#3979 = CARTESIAN_POINT('',(0.63564453125,-1.));
#3980 = CARTESIAN_POINT('',(0.,-1.));
#3981 = ( GEOMETRIC_REPRESENTATION_CONTEXT(2) 
PARAMETRIC_REPRESENTATION_CONTEXT() REPRESENTATION_CONTEXT('2D SPACE',''
  ) );
#3982 = ORIENTED_EDGE('',*,*,#3983,.F.);
#3983 = EDGE_CURVE('',#3984,#3963,#3986,.T.);
#3984 = VERTEX_POINT('',#3985);
#3985 = CARTESIAN_POINT('',(-6.812353515625,-8.27646484375,95.));
#3986 = SURFACE_CURVE('',#3987,(#3991,#3997),.PCURVE_S1.);
#3987 = LINE('',#3988,#3989);
#3988 = CARTESIAN_POINT('',(-3.456601535821,-5.314782821208,95.));
#3989 = VECTOR('',#3990,1.);
#3990 = DIRECTION('',(-0.749757555956,-0.661712631954,0.));
#3991 = PCURVE('',#2372,#3992);
#3992 = DEFINITIONAL_REPRESENTATION('',(#3993),#3996);
#3993 = B_SPLINE_CURVE_WITH_KNOTS('',1,(#3994,#3995),.UNSPECIFIED.,.F.,
  .F.,(2,2),(4.475782808918,6.108472048294),.PIECEWISE_BEZIER_KNOTS.);
#3994 = CARTESIAN_POINT('',(-6.812353515625,-8.27646484375));
#3995 = CARTESIAN_POINT('',(-8.036474609375,-9.3568359375));
#3996 = ( GEOMETRIC_REPRESENTATION_CONTEXT(2) 
PARAMETRIC_REPRESENTATION_CONTEXT() REPRESENTATION_CONTEXT('2D SPACE',''
  ) );
#3997 = PCURVE('',#3998,#4003);
#3998 = PLANE('',#3999);
#3999 = AXIS2_PLACEMENT_3D('',#4000,#4001,#4002);
#4000 = CARTESIAN_POINT('',(-8.036474609375,-9.3568359375,94.));
#4001 = DIRECTION('',(-0.661712631954,0.749757555956,0.));
#4002 = DIRECTION('',(0.749757555956,0.661712631954,0.));
#4003 = DEFINITIONAL_REPRESENTATION('',(#4004),#4007);
#4004 = B_SPLINE_CURVE_WITH_KNOTS('',1,(#4005,#4006),.UNSPECIFIED.,.F.,
  .F.,(2,2),(4.475782808918,6.108472048294),.PIECEWISE_BEZIER_KNOTS.);
#4005 = CARTESIAN_POINT('',(1.632689239376,-1.));
#4006 = CARTESIAN_POINT('',(0.,-1.));
#4007 = ( GEOMETRIC_REPRESENTATION_CONTEXT(2) 
PARAMETRIC_REPRESENTATION_CONTEXT() REPRESENTATION_CONTEXT('2D SPACE',''
  ) );
#4008 = ORIENTED_EDGE('',*,*,#4009,.F.);
#4009 = EDGE_CURVE('',#4010,#3984,#4012,.T.);
#4010 = VERTEX_POINT('',#4011);
#4011 = CARTESIAN_POINT('',(-6.569775390625,-7.98671875,95.));
#4012 = SURFACE_CURVE('',#4013,(#4020,#4030),.PCURVE_S1.);
#4013 = B_SPLINE_CURVE_WITH_KNOTS('',5,(#4014,#4015,#4016,#4017,#4018,
    #4019),.UNSPECIFIED.,.F.,.F.,(6,6),(0.,1.),
  .PIECEWISE_BEZIER_KNOTS.);
#4014 = CARTESIAN_POINT('',(-6.569775390625,-7.98671875,95.));
#4015 = CARTESIAN_POINT('',(-6.601788703691,-8.04434271352,95.));
#4016 = CARTESIAN_POINT('',(-6.642422658086,-8.102258749744,95.));
#4017 = CARTESIAN_POINT('',(-6.691361033079,-8.160328107421,95.));
#4018 = CARTESIAN_POINT('',(-6.748163917137,-8.21843041224,95.));
#4019 = CARTESIAN_POINT('',(-6.812353515625,-8.27646484375,95.));
#4020 = PCURVE('',#2372,#4021);
#4021 = DEFINITIONAL_REPRESENTATION('',(#4022),#4029);
#4022 = B_SPLINE_CURVE_WITH_KNOTS('',5,(#4023,#4024,#4025,#4026,#4027,
    #4028),.UNSPECIFIED.,.F.,.F.,(6,6),(0.,1.),
  .PIECEWISE_BEZIER_KNOTS.);
#4023 = CARTESIAN_POINT('',(-6.569775390625,-7.98671875));
#4024 = CARTESIAN_POINT('',(-6.601788703691,-8.04434271352));
#4025 = CARTESIAN_POINT('',(-6.642422658086,-8.102258749744));
#4026 = CARTESIAN_POINT('',(-6.691361033079,-8.160328107421));
#4027 = CARTESIAN_POINT('',(-6.748163917137,-8.21843041224));
#4028 = CARTESIAN_POINT('',(-6.812353515625,-8.27646484375));
#4029 = ( GEOMETRIC_REPRESENTATION_CONTEXT(2) 
PARAMETRIC_REPRESENTATION_CONTEXT() REPRESENTATION_CONTEXT('2D SPACE',''
  ) );
#4030 = PCURVE('',#4031,#4038);
#4031 = SURFACE_OF_LINEAR_EXTRUSION('',#4032,#4036);
#4032 = B_SPLINE_CURVE_WITH_KNOTS('',2,(#4033,#4034,#4035),
  .UNSPECIFIED.,.F.,.F.,(3,3),(0.,1.),.PIECEWISE_BEZIER_KNOTS.);
#4033 = CARTESIAN_POINT('',(-6.812353515625,-8.27646484375,94.));
#4034 = CARTESIAN_POINT('',(-6.648388671875,-8.12822265625,94.));
#4035 = CARTESIAN_POINT('',(-6.569775390625,-7.98671875,94.));
#4036 = VECTOR('',#4037,1.);
#4037 = DIRECTION('',(-0.,-0.,-1.));
#4038 = DEFINITIONAL_REPRESENTATION('',(#4039),#4046);
#4039 = B_SPLINE_CURVE_WITH_KNOTS('',5,(#4040,#4041,#4042,#4043,#4044,
    #4045),.UNSPECIFIED.,.F.,.F.,(6,6),(0.,1.),
  .PIECEWISE_BEZIER_KNOTS.);
#4040 = CARTESIAN_POINT('',(1.,-1.));
#4041 = CARTESIAN_POINT('',(0.796387375279,-1.));
#4042 = CARTESIAN_POINT('',(0.594210490209,-1.));
#4043 = CARTESIAN_POINT('',(0.393889849152,-1.));
#4044 = CARTESIAN_POINT('',(0.19574195608,-1.));
#4045 = CARTESIAN_POINT('',(0.,-1.));
#4046 = ( GEOMETRIC_REPRESENTATION_CONTEXT(2) 
PARAMETRIC_REPRESENTATION_CONTEXT() REPRESENTATION_CONTEXT('2D SPACE',''
  ) );
#4047 = ORIENTED_EDGE('',*,*,#4048,.F.);
#4048 = EDGE_CURVE('',#4049,#4010,#4051,.T.);
#4049 = VERTEX_POINT('',#4050);
#4050 = CARTESIAN_POINT('',(-6.491162109375,-7.69248046875,95.));
#4051 = SURFACE_CURVE('',#4052,(#4061,#4073),.PCURVE_S1.);
#4052 = B_SPLINE_CURVE_WITH_KNOTS('',4,(#4053,#4054,#4055,#4056,#4057,
    #4058,#4059,#4060),.UNSPECIFIED.,.F.,.F.,(5,3,5),(0.,0.271653682455,
    1.),.UNSPECIFIED.);
#4053 = CARTESIAN_POINT('',(-6.491162109375,-7.69248046875,95.));
#4054 = CARTESIAN_POINT('',(-6.491162109375,-7.713240520334,95.));
#4055 = CARTESIAN_POINT('',(-6.492130359438,-7.733874059148,95.));
#4056 = CARTESIAN_POINT('',(-6.49406934343,-7.754374857137,95.));
#4057 = CARTESIAN_POINT('',(-6.504777429249,-7.829331457868,95.));
#4058 = CARTESIAN_POINT('',(-6.519549265232,-7.882930134373,95.));
#4059 = CARTESIAN_POINT('',(-6.541275897198,-7.935419661831,95.));
#4060 = CARTESIAN_POINT('',(-6.569775390625,-7.98671875,95.));
#4061 = PCURVE('',#2372,#4062);
#4062 = DEFINITIONAL_REPRESENTATION('',(#4063),#4072);
#4063 = B_SPLINE_CURVE_WITH_KNOTS('',4,(#4064,#4065,#4066,#4067,#4068,
    #4069,#4070,#4071),.UNSPECIFIED.,.F.,.F.,(5,3,5),(0.,0.271653682455,
    1.),.UNSPECIFIED.);
#4064 = CARTESIAN_POINT('',(-6.491162109375,-7.69248046875));
#4065 = CARTESIAN_POINT('',(-6.491162109375,-7.713240520334));
#4066 = CARTESIAN_POINT('',(-6.492130359438,-7.733874059148));
#4067 = CARTESIAN_POINT('',(-6.49406934343,-7.754374857137));
#4068 = CARTESIAN_POINT('',(-6.504777429249,-7.829331457868));
#4069 = CARTESIAN_POINT('',(-6.519549265232,-7.882930134373));
#4070 = CARTESIAN_POINT('',(-6.541275897198,-7.935419661831));
#4071 = CARTESIAN_POINT('',(-6.569775390625,-7.98671875));
#4072 = ( GEOMETRIC_REPRESENTATION_CONTEXT(2) 
PARAMETRIC_REPRESENTATION_CONTEXT() REPRESENTATION_CONTEXT('2D SPACE',''
  ) );
#4073 = PCURVE('',#4074,#4081);
#4074 = SURFACE_OF_LINEAR_EXTRUSION('',#4075,#4079);
#4075 = B_SPLINE_CURVE_WITH_KNOTS('',2,(#4076,#4077,#4078),
  .UNSPECIFIED.,.F.,.F.,(3,3),(0.,1.),.PIECEWISE_BEZIER_KNOTS.);
#4076 = CARTESIAN_POINT('',(-6.569775390625,-7.98671875,94.));
#4077 = CARTESIAN_POINT('',(-6.491162109375,-7.84521484375,94.));
#4078 = CARTESIAN_POINT('',(-6.491162109375,-7.69248046875,94.));
#4079 = VECTOR('',#4080,1.);
#4080 = DIRECTION('',(-0.,-0.,-1.));
#4081 = DEFINITIONAL_REPRESENTATION('',(#4082),#4091);
#4082 = B_SPLINE_CURVE_WITH_KNOTS('',4,(#4083,#4084,#4085,#4086,#4087,
    #4088,#4089,#4090),.UNSPECIFIED.,.F.,.F.,(5,3,5),(0.,0.271653682455,
    1.),.UNSPECIFIED.);
#4083 = CARTESIAN_POINT('',(1.,-1.));
#4084 = CARTESIAN_POINT('',(0.932038705812,-1.));
#4085 = CARTESIAN_POINT('',(0.864038754092,-1.));
#4086 = CARTESIAN_POINT('',(0.796019371743,-1.));
#4087 = CARTESIAN_POINT('',(0.545629348944,-1.));
#4088 = CARTESIAN_POINT('',(0.363257375418,-1.));
#4089 = CARTESIAN_POINT('',(0.181263858816,-1.));
#4090 = CARTESIAN_POINT('',(0.,-1.));
#4091 = ( GEOMETRIC_REPRESENTATION_CONTEXT(2) 
PARAMETRIC_REPRESENTATION_CONTEXT() REPRESENTATION_CONTEXT('2D SPACE',''
  ) );
#4092 = ORIENTED_EDGE('',*,*,#4093,.F.);
#4093 = EDGE_CURVE('',#4094,#4049,#4096,.T.);
#4094 = VERTEX_POINT('',#4095);
#4095 = CARTESIAN_POINT('',(-6.64951171875,-7.312890625,95.));
#4096 = SURFACE_CURVE('',#4097,(#4108,#4122),.PCURVE_S1.);
#4097 = B_SPLINE_CURVE_WITH_KNOTS('',5,(#4098,#4099,#4100,#4101,#4102,
    #4103,#4104,#4105,#4106,#4107),.UNSPECIFIED.,.F.,.F.,(6,4,6),(0.,
    0.350737110359,1.),.UNSPECIFIED.);
#4098 = CARTESIAN_POINT('',(-6.64951171875,-7.312890625,95.));
#4099 = CARTESIAN_POINT('',(-6.627321251448,-7.333035162693,95.));
#4100 = CARTESIAN_POINT('',(-6.606996237066,-7.354380706929,95.));
#4101 = CARTESIAN_POINT('',(-6.588589293715,-7.376920916119,95.));
#4102 = CARTESIAN_POINT('',(-6.572135769746,-7.400637641072,95.));
#4103 = CARTESIAN_POINT('',(-6.530845511121,-7.471526301534,95.));
#4104 = CARTESIAN_POINT('',(-6.510790313203,-7.521484295169,95.));
#4105 = CARTESIAN_POINT('',(-6.497606619311,-7.575177269233,95.));
#4106 = CARTESIAN_POINT('',(-6.491162109375,-7.63229881545,95.));
#4107 = CARTESIAN_POINT('',(-6.491162109375,-7.69248046875,95.));
#4108 = PCURVE('',#2372,#4109);
#4109 = DEFINITIONAL_REPRESENTATION('',(#4110),#4121);
#4110 = B_SPLINE_CURVE_WITH_KNOTS('',5,(#4111,#4112,#4113,#4114,#4115,
    #4116,#4117,#4118,#4119,#4120),.UNSPECIFIED.,.F.,.F.,(6,4,6),(0.,
    0.350737110359,1.),.UNSPECIFIED.);
#4111 = CARTESIAN_POINT('',(-6.64951171875,-7.312890625));
#4112 = CARTESIAN_POINT('',(-6.627321251448,-7.333035162693));
#4113 = CARTESIAN_POINT('',(-6.606996237066,-7.354380706929));
#4114 = CARTESIAN_POINT('',(-6.588589293715,-7.376920916119));
#4115 = CARTESIAN_POINT('',(-6.572135769746,-7.400637641072));
#4116 = CARTESIAN_POINT('',(-6.530845511121,-7.471526301534));
#4117 = CARTESIAN_POINT('',(-6.510790313203,-7.521484295169));
#4118 = CARTESIAN_POINT('',(-6.497606619311,-7.575177269233));
#4119 = CARTESIAN_POINT('',(-6.491162109375,-7.63229881545));
#4120 = CARTESIAN_POINT('',(-6.491162109375,-7.69248046875));
#4121 = ( GEOMETRIC_REPRESENTATION_CONTEXT(2) 
PARAMETRIC_REPRESENTATION_CONTEXT() REPRESENTATION_CONTEXT('2D SPACE',''
  ) );
#4122 = PCURVE('',#4123,#4130);
#4123 = SURFACE_OF_LINEAR_EXTRUSION('',#4124,#4128);
#4124 = B_SPLINE_CURVE_WITH_KNOTS('',2,(#4125,#4126,#4127),
  .UNSPECIFIED.,.F.,.F.,(3,3),(0.,1.),.PIECEWISE_BEZIER_KNOTS.);
#4125 = CARTESIAN_POINT('',(-6.491162109375,-7.69248046875,94.));
#4126 = CARTESIAN_POINT('',(-6.491162109375,-7.456640625,94.));
#4127 = CARTESIAN_POINT('',(-6.64951171875,-7.312890625,94.));
#4128 = VECTOR('',#4129,1.);
#4129 = DIRECTION('',(-0.,-0.,-1.));
#4130 = DEFINITIONAL_REPRESENTATION('',(#4131),#4142);
#4131 = B_SPLINE_CURVE_WITH_KNOTS('',5,(#4132,#4133,#4134,#4135,#4136,
    #4137,#4138,#4139,#4140,#4141),.UNSPECIFIED.,.F.,.F.,(6,4,6),(0.,
    0.350737110359,1.),.UNSPECIFIED.);
#4132 = CARTESIAN_POINT('',(1.,-1.));
#4133 = CARTESIAN_POINT('',(0.929932042809,-1.));
#4134 = CARTESIAN_POINT('',(0.859617873584,-1.));
#4135 = CARTESIAN_POINT('',(0.789135812838,-1.));
#4136 = CARTESIAN_POINT('',(0.718567921317,-1.));
#4137 = CARTESIAN_POINT('',(0.517369019824,-1.));
#4138 = CARTESIAN_POINT('',(0.386726760132,-1.));
#4139 = CARTESIAN_POINT('',(0.256638294486,-1.));
#4140 = CARTESIAN_POINT('',(0.127590088984,-1.));
#4141 = CARTESIAN_POINT('',(0.,-1.));
#4142 = ( GEOMETRIC_REPRESENTATION_CONTEXT(2) 
PARAMETRIC_REPRESENTATION_CONTEXT() REPRESENTATION_CONTEXT('2D SPACE',''
  ) );
#4143 = ORIENTED_EDGE('',*,*,#4144,.F.);
#4144 = EDGE_CURVE('',#4145,#4094,#4147,.T.);
#4145 = VERTEX_POINT('',#4146);
#4146 = CARTESIAN_POINT('',(-7.070654296875,-7.169140625,95.));
#4147 = SURFACE_CURVE('',#4148,(#4159,#4173),.PCURVE_S1.);
#4148 = B_SPLINE_CURVE_WITH_KNOTS('',5,(#4149,#4150,#4151,#4152,#4153,
    #4154,#4155,#4156,#4157,#4158),.UNSPECIFIED.,.F.,.F.,(6,4,6),(0.,
    0.870461195504,1.),.UNSPECIFIED.);
#4149 = CARTESIAN_POINT('',(-7.070654296875,-7.169140625,95.));
#4150 = CARTESIAN_POINT('',(-6.981625104835,-7.169140625,95.));
#4151 = CARTESIAN_POINT('',(-6.898444340205,-7.179452365618,95.));
#4152 = CARTESIAN_POINT('',(-6.822085409653,-7.200836259568,95.));
#4153 = CARTESIAN_POINT('',(-6.753384471978,-7.23369628082,95.));
#4154 = CARTESIAN_POINT('',(-6.683774472825,-7.284242747632,95.));
#4155 = CARTESIAN_POINT('',(-6.674936609274,-7.291037324389,95.));
#4156 = CARTESIAN_POINT('',(-6.666279461996,-7.298077744665,95.));
#4157 = CARTESIAN_POINT('',(-6.657804188239,-7.305362709435,95.));
#4158 = CARTESIAN_POINT('',(-6.64951171875,-7.312890625,95.));
#4159 = PCURVE('',#2372,#4160);
#4160 = DEFINITIONAL_REPRESENTATION('',(#4161),#4172);
#4161 = B_SPLINE_CURVE_WITH_KNOTS('',5,(#4162,#4163,#4164,#4165,#4166,
    #4167,#4168,#4169,#4170,#4171),.UNSPECIFIED.,.F.,.F.,(6,4,6),(0.,
    0.870461195504,1.),.UNSPECIFIED.);
#4162 = CARTESIAN_POINT('',(-7.070654296875,-7.169140625));
#4163 = CARTESIAN_POINT('',(-6.981625104835,-7.169140625));
#4164 = CARTESIAN_POINT('',(-6.898444340205,-7.179452365618));
#4165 = CARTESIAN_POINT('',(-6.822085409653,-7.200836259568));
#4166 = CARTESIAN_POINT('',(-6.753384471978,-7.23369628082));
#4167 = CARTESIAN_POINT('',(-6.683774472825,-7.284242747632));
#4168 = CARTESIAN_POINT('',(-6.674936609274,-7.291037324389));
#4169 = CARTESIAN_POINT('',(-6.666279461996,-7.298077744665));
#4170 = CARTESIAN_POINT('',(-6.657804188239,-7.305362709435));
#4171 = CARTESIAN_POINT('',(-6.64951171875,-7.312890625));
#4172 = ( GEOMETRIC_REPRESENTATION_CONTEXT(2) 
PARAMETRIC_REPRESENTATION_CONTEXT() REPRESENTATION_CONTEXT('2D SPACE',''
  ) );
#4173 = PCURVE('',#4174,#4181);
#4174 = SURFACE_OF_LINEAR_EXTRUSION('',#4175,#4179);
#4175 = B_SPLINE_CURVE_WITH_KNOTS('',2,(#4176,#4177,#4178),
  .UNSPECIFIED.,.F.,.F.,(3,3),(0.,1.),.PIECEWISE_BEZIER_KNOTS.);
#4176 = CARTESIAN_POINT('',(-6.64951171875,-7.312890625,94.));
#4177 = CARTESIAN_POINT('',(-6.807861328125,-7.169140625,94.));
#4178 = CARTESIAN_POINT('',(-7.070654296875,-7.169140625,94.));
#4179 = VECTOR('',#4180,1.);
#4180 = DIRECTION('',(-0.,-0.,-1.));
#4181 = DEFINITIONAL_REPRESENTATION('',(#4182),#4193);
#4182 = B_SPLINE_CURVE_WITH_KNOTS('',5,(#4183,#4184,#4185,#4186,#4187,
    #4188,#4189,#4190,#4191,#4192),.UNSPECIFIED.,.F.,.F.,(6,4,6),(0.,
    0.870461195504,1.),.UNSPECIFIED.);
#4183 = CARTESIAN_POINT('',(1.,-1.));
#4184 = CARTESIAN_POINT('',(0.830609638333,-1.));
#4185 = CARTESIAN_POINT('',(0.658091916295,-1.));
#4186 = CARTESIAN_POINT('',(0.483247691129,-1.));
#4187 = CARTESIAN_POINT('',(0.307109422845,-1.));
#4188 = CARTESIAN_POINT('',(0.104792049302,-1.));
#4189 = CARTESIAN_POINT('',(7.858406456987E-02,-1.));
#4190 = CARTESIAN_POINT('',(5.238006698804E-02,-1.));
#4191 = CARTESIAN_POINT('',(2.618405413882E-02,-1.));
#4192 = CARTESIAN_POINT('',(0.,-1.));
#4193 = ( GEOMETRIC_REPRESENTATION_CONTEXT(2) 
PARAMETRIC_REPRESENTATION_CONTEXT() REPRESENTATION_CONTEXT('2D SPACE',''
  ) );
#4194 = ORIENTED_EDGE('',*,*,#4195,.F.);
#4195 = EDGE_CURVE('',#4196,#4145,#4198,.T.);
#4196 = VERTEX_POINT('',#4197);
#4197 = CARTESIAN_POINT('',(-7.513134765625,-7.255615234375,95.));
#4198 = SURFACE_CURVE('',#4199,(#4206,#4216),.PCURVE_S1.);
#4199 = B_SPLINE_CURVE_WITH_KNOTS('',5,(#4200,#4201,#4202,#4203,#4204,
    #4205),.UNSPECIFIED.,.F.,.F.,(6,6),(0.,1.),
  .PIECEWISE_BEZIER_KNOTS.);
#4200 = CARTESIAN_POINT('',(-7.513134765625,-7.255615234375,95.));
#4201 = CARTESIAN_POINT('',(-7.419117376182,-7.221786547519,95.));
#4202 = CARTESIAN_POINT('',(-7.32753553834,-7.195791278339,95.));
#4203 = CARTESIAN_POINT('',(-7.238711806443,-7.178104962034,95.));
#4204 = CARTESIAN_POINT('',(-7.152981344434,-7.169140625,95.));
#4205 = CARTESIAN_POINT('',(-7.070654296875,-7.169140625,95.));
#4206 = PCURVE('',#2372,#4207);
#4207 = DEFINITIONAL_REPRESENTATION('',(#4208),#4215);
#4208 = B_SPLINE_CURVE_WITH_KNOTS('',5,(#4209,#4210,#4211,#4212,#4213,
    #4214),.UNSPECIFIED.,.F.,.F.,(6,6),(0.,1.),
  .PIECEWISE_BEZIER_KNOTS.);
#4209 = CARTESIAN_POINT('',(-7.513134765625,-7.255615234375));
#4210 = CARTESIAN_POINT('',(-7.419117376182,-7.221786547519));
#4211 = CARTESIAN_POINT('',(-7.32753553834,-7.195791278339));
#4212 = CARTESIAN_POINT('',(-7.238711806443,-7.178104962034));
#4213 = CARTESIAN_POINT('',(-7.152981344434,-7.169140625));
#4214 = CARTESIAN_POINT('',(-7.070654296875,-7.169140625));
#4215 = ( GEOMETRIC_REPRESENTATION_CONTEXT(2) 
PARAMETRIC_REPRESENTATION_CONTEXT() REPRESENTATION_CONTEXT('2D SPACE',''
  ) );
#4216 = PCURVE('',#4217,#4224);
#4217 = SURFACE_OF_LINEAR_EXTRUSION('',#4218,#4222);
#4218 = B_SPLINE_CURVE_WITH_KNOTS('',2,(#4219,#4220,#4221),
  .UNSPECIFIED.,.F.,.F.,(3,3),(0.,1.),.PIECEWISE_BEZIER_KNOTS.);
#4219 = CARTESIAN_POINT('',(-7.070654296875,-7.169140625,94.));
#4220 = CARTESIAN_POINT('',(-7.272802734375,-7.169140625,94.));
#4221 = CARTESIAN_POINT('',(-7.513134765625,-7.255615234375,94.));
#4222 = VECTOR('',#4223,1.);
#4223 = DIRECTION('',(-0.,-0.,-1.));
#4224 = DEFINITIONAL_REPRESENTATION('',(#4225),#4232);
#4225 = B_SPLINE_CURVE_WITH_KNOTS('',5,(#4226,#4227,#4228,#4229,#4230,
    #4231),.UNSPECIFIED.,.F.,.F.,(6,6),(0.,1.),
  .PIECEWISE_BEZIER_KNOTS.);
#4226 = CARTESIAN_POINT('',(1.,-1.));
#4227 = CARTESIAN_POINT('',(0.804401042687,-1.));
#4228 = CARTESIAN_POINT('',(0.606270875852,-1.));
#4229 = CARTESIAN_POINT('',(0.405887952701,-1.));
#4230 = CARTESIAN_POINT('',(0.203630185266,-1.));
#4231 = CARTESIAN_POINT('',(0.,-1.));
#4232 = ( GEOMETRIC_REPRESENTATION_CONTEXT(2) 
PARAMETRIC_REPRESENTATION_CONTEXT() REPRESENTATION_CONTEXT('2D SPACE',''
  ) );
#4233 = ORIENTED_EDGE('',*,*,#4234,.F.);
#4234 = EDGE_CURVE('',#4235,#4196,#4237,.T.);
#4235 = VERTEX_POINT('',#4236);
#4236 = CARTESIAN_POINT('',(-8.027490234375,-7.51279296875,95.));
#4237 = SURFACE_CURVE('',#4238,(#4245,#4255),.PCURVE_S1.);
#4238 = B_SPLINE_CURVE_WITH_KNOTS('',5,(#4239,#4240,#4241,#4242,#4243,
    #4244),.UNSPECIFIED.,.F.,.F.,(6,6),(0.,1.),
  .PIECEWISE_BEZIER_KNOTS.);
#4239 = CARTESIAN_POINT('',(-8.027490234375,-7.51279296875,95.));
#4240 = CARTESIAN_POINT('',(-7.921173615823,-7.446562944078,95.));
#4241 = CARTESIAN_POINT('',(-7.816308275634,-7.387186925135,95.));
#4242 = CARTESIAN_POINT('',(-7.713144019843,-7.335204338609,95.));
#4243 = CARTESIAN_POINT('',(-7.611978515952,-7.291180509026,95.));
#4244 = CARTESIAN_POINT('',(-7.513134765625,-7.255615234375,95.));
#4245 = PCURVE('',#2372,#4246);
#4246 = DEFINITIONAL_REPRESENTATION('',(#4247),#4254);
#4247 = B_SPLINE_CURVE_WITH_KNOTS('',5,(#4248,#4249,#4250,#4251,#4252,
    #4253),.UNSPECIFIED.,.F.,.F.,(6,6),(0.,1.),
  .PIECEWISE_BEZIER_KNOTS.);
#4248 = CARTESIAN_POINT('',(-8.027490234375,-7.51279296875));
#4249 = CARTESIAN_POINT('',(-7.921173615823,-7.446562944078));
#4250 = CARTESIAN_POINT('',(-7.816308275634,-7.387186925135));
#4251 = CARTESIAN_POINT('',(-7.713144019843,-7.335204338609));
#4252 = CARTESIAN_POINT('',(-7.611978515952,-7.291180509026));
#4253 = CARTESIAN_POINT('',(-7.513134765625,-7.255615234375));
#4254 = ( GEOMETRIC_REPRESENTATION_CONTEXT(2) 
PARAMETRIC_REPRESENTATION_CONTEXT() REPRESENTATION_CONTEXT('2D SPACE',''
  ) );
#4255 = PCURVE('',#4256,#4263);
#4256 = SURFACE_OF_LINEAR_EXTRUSION('',#4257,#4261);
#4257 = B_SPLINE_CURVE_WITH_KNOTS('',2,(#4258,#4259,#4260),
  .UNSPECIFIED.,.F.,.F.,(3,3),(0.,1.),.PIECEWISE_BEZIER_KNOTS.);
#4258 = CARTESIAN_POINT('',(-7.513134765625,-7.255615234375,94.));
#4259 = CARTESIAN_POINT('',(-7.753466796875,-7.34208984375,94.));
#4260 = CARTESIAN_POINT('',(-8.027490234375,-7.51279296875,94.));
#4261 = VECTOR('',#4262,1.);
#4262 = DIRECTION('',(-0.,-0.,-1.));
#4263 = DEFINITIONAL_REPRESENTATION('',(#4264),#4271);
#4264 = B_SPLINE_CURVE_WITH_KNOTS('',5,(#4265,#4266,#4267,#4268,#4269,
    #4270),.UNSPECIFIED.,.F.,.F.,(6,6),(0.,1.),
  .PIECEWISE_BEZIER_KNOTS.);
#4265 = CARTESIAN_POINT('',(1.,-1.));
#4266 = CARTESIAN_POINT('',(0.806008165721,-1.));
#4267 = CARTESIAN_POINT('',(0.608880552766,-1.));
#4268 = CARTESIAN_POINT('',(0.408699874752,-1.));
#4269 = CARTESIAN_POINT('',(0.205639984428,-1.));
#4270 = CARTESIAN_POINT('',(0.,-1.));
#4271 = ( GEOMETRIC_REPRESENTATION_CONTEXT(2) 
PARAMETRIC_REPRESENTATION_CONTEXT() REPRESENTATION_CONTEXT('2D SPACE',''
  ) );
#4272 = ORIENTED_EDGE('',*,*,#4273,.F.);
#4273 = EDGE_CURVE('',#4274,#4235,#4276,.T.);
#4274 = VERTEX_POINT('',#4275);
#4275 = CARTESIAN_POINT('',(-8.027490234375,-6.77607421875,95.));
#4276 = SURFACE_CURVE('',#4277,(#4281,#4287),.PCURVE_S1.);
#4277 = LINE('',#4278,#4279);
#4278 = CARTESIAN_POINT('',(-8.027490234375,-3.756396484375,95.));
#4279 = VECTOR('',#4280,1.);
#4280 = DIRECTION('',(0.,-1.,0.));
#4281 = PCURVE('',#2372,#4282);
#4282 = DEFINITIONAL_REPRESENTATION('',(#4283),#4286);
#4283 = B_SPLINE_CURVE_WITH_KNOTS('',1,(#4284,#4285),.UNSPECIFIED.,.F.,
  .F.,(2,2),(3.019677734375,3.756396484375),.PIECEWISE_BEZIER_KNOTS.);
#4284 = CARTESIAN_POINT('',(-8.027490234375,-6.77607421875));
#4285 = CARTESIAN_POINT('',(-8.027490234375,-7.51279296875));
#4286 = ( GEOMETRIC_REPRESENTATION_CONTEXT(2) 
PARAMETRIC_REPRESENTATION_CONTEXT() REPRESENTATION_CONTEXT('2D SPACE',''
  ) );
#4287 = PCURVE('',#4288,#4293);
#4288 = PLANE('',#4289);
#4289 = AXIS2_PLACEMENT_3D('',#4290,#4291,#4292);
#4290 = CARTESIAN_POINT('',(-8.027490234375,-7.51279296875,94.));
#4291 = DIRECTION('',(-1.,0.,0.));
#4292 = DIRECTION('',(0.,1.,0.));
#4293 = DEFINITIONAL_REPRESENTATION('',(#4294),#4297);
#4294 = B_SPLINE_CURVE_WITH_KNOTS('',1,(#4295,#4296),.UNSPECIFIED.,.F.,
  .F.,(2,2),(3.019677734375,3.756396484375),.PIECEWISE_BEZIER_KNOTS.);
#4295 = CARTESIAN_POINT('',(0.73671875,-1.));
#4296 = CARTESIAN_POINT('',(0.,-1.));
#4297 = ( GEOMETRIC_REPRESENTATION_CONTEXT(2) 
PARAMETRIC_REPRESENTATION_CONTEXT() REPRESENTATION_CONTEXT('2D SPACE',''
  ) );
#4298 = ORIENTED_EDGE('',*,*,#4299,.F.);
#4299 = EDGE_CURVE('',#4300,#4274,#4302,.T.);
#4300 = VERTEX_POINT('',#4301);
#4301 = CARTESIAN_POINT('',(-7.450244140625,-6.628955078125,95.));
#4302 = SURFACE_CURVE('',#4303,(#4309,#4318),.PCURVE_S1.);
#4303 = B_SPLINE_CURVE_WITH_KNOTS('',4,(#4304,#4305,#4306,#4307,#4308),
  .UNSPECIFIED.,.F.,.F.,(5,5),(0.,1.),.PIECEWISE_BEZIER_KNOTS.);
#4304 = CARTESIAN_POINT('',(-7.450244140625,-6.628955078125,95.));
#4305 = CARTESIAN_POINT('',(-7.593927270604,-6.654410750759,95.));
#4306 = CARTESIAN_POINT('',(-7.738136374641,-6.68754633809,95.));
#4307 = CARTESIAN_POINT('',(-7.882706680797,-6.728184274105,95.));
#4308 = CARTESIAN_POINT('',(-8.027490234375,-6.77607421875,95.));
#4309 = PCURVE('',#2372,#4310);
#4310 = DEFINITIONAL_REPRESENTATION('',(#4311),#4317);
#4311 = B_SPLINE_CURVE_WITH_KNOTS('',4,(#4312,#4313,#4314,#4315,#4316),
  .UNSPECIFIED.,.F.,.F.,(5,5),(0.,1.),.PIECEWISE_BEZIER_KNOTS.);
#4312 = CARTESIAN_POINT('',(-7.450244140625,-6.628955078125));
#4313 = CARTESIAN_POINT('',(-7.593927270604,-6.654410750759));
#4314 = CARTESIAN_POINT('',(-7.738136374641,-6.68754633809));
#4315 = CARTESIAN_POINT('',(-7.882706680797,-6.728184274105));
#4316 = CARTESIAN_POINT('',(-8.027490234375,-6.77607421875));
#4317 = ( GEOMETRIC_REPRESENTATION_CONTEXT(2) 
PARAMETRIC_REPRESENTATION_CONTEXT() REPRESENTATION_CONTEXT('2D SPACE',''
  ) );
#4318 = PCURVE('',#4319,#4326);
#4319 = SURFACE_OF_LINEAR_EXTRUSION('',#4320,#4324);
#4320 = B_SPLINE_CURVE_WITH_KNOTS('',2,(#4321,#4322,#4323),
  .UNSPECIFIED.,.F.,.F.,(3,3),(0.,1.),.PIECEWISE_BEZIER_KNOTS.);
#4321 = CARTESIAN_POINT('',(-8.027490234375,-6.77607421875,94.));
#4322 = CARTESIAN_POINT('',(-7.735498046875,-6.6794921875,94.));
#4323 = CARTESIAN_POINT('',(-7.450244140625,-6.628955078125,94.));
#4324 = VECTOR('',#4325,1.);
#4325 = DIRECTION('',(-0.,-0.,-1.));
#4326 = DEFINITIONAL_REPRESENTATION('',(#4327),#4333);
#4327 = B_SPLINE_CURVE_WITH_KNOTS('',4,(#4328,#4329,#4330,#4331,#4332),
  .UNSPECIFIED.,.F.,.F.,(5,5),(0.,1.),.PIECEWISE_BEZIER_KNOTS.);
#4328 = CARTESIAN_POINT('',(1.,-1.));
#4329 = CARTESIAN_POINT('',(0.748148707465,-1.));
#4330 = CARTESIAN_POINT('',(0.497373351918,-1.));
#4331 = CARTESIAN_POINT('',(0.247923677029,-1.));
#4332 = CARTESIAN_POINT('',(0.,-1.));
#4333 = ( GEOMETRIC_REPRESENTATION_CONTEXT(2) 
PARAMETRIC_REPRESENTATION_CONTEXT() REPRESENTATION_CONTEXT('2D SPACE',''
  ) );
#4334 = ORIENTED_EDGE('',*,*,#4335,.F.);
#4335 = EDGE_CURVE('',#4336,#4300,#4338,.T.);
#4336 = VERTEX_POINT('',#4337);
#4337 = CARTESIAN_POINT('',(-6.890966796875,-6.57841796875,95.));
#4338 = SURFACE_CURVE('',#4339,(#4345,#4354),.PCURVE_S1.);
#4339 = B_SPLINE_CURVE_WITH_KNOTS('',4,(#4340,#4341,#4342,#4343,#4344),
  .UNSPECIFIED.,.F.,.F.,(5,5),(0.,1.),.PIECEWISE_BEZIER_KNOTS.);
#4340 = CARTESIAN_POINT('',(-6.890966796875,-6.57841796875,95.));
#4341 = CARTESIAN_POINT('',(-7.028811651619,-6.57841796875,95.));
#4342 = CARTESIAN_POINT('',(-7.168113887173,-6.586944099421,95.));
#4343 = CARTESIAN_POINT('',(-7.308660957944,-6.603871443398,95.));
#4344 = CARTESIAN_POINT('',(-7.450244140625,-6.628955078125,95.));
#4345 = PCURVE('',#2372,#4346);
#4346 = DEFINITIONAL_REPRESENTATION('',(#4347),#4353);
#4347 = B_SPLINE_CURVE_WITH_KNOTS('',4,(#4348,#4349,#4350,#4351,#4352),
  .UNSPECIFIED.,.F.,.F.,(5,5),(0.,1.),.PIECEWISE_BEZIER_KNOTS.);
#4348 = CARTESIAN_POINT('',(-6.890966796875,-6.57841796875));
#4349 = CARTESIAN_POINT('',(-7.028811651619,-6.57841796875));
#4350 = CARTESIAN_POINT('',(-7.168113887173,-6.586944099421));
#4351 = CARTESIAN_POINT('',(-7.308660957944,-6.603871443398));
#4352 = CARTESIAN_POINT('',(-7.450244140625,-6.628955078125));
#4353 = ( GEOMETRIC_REPRESENTATION_CONTEXT(2) 
PARAMETRIC_REPRESENTATION_CONTEXT() REPRESENTATION_CONTEXT('2D SPACE',''
  ) );
#4354 = PCURVE('',#4355,#4362);
#4355 = SURFACE_OF_LINEAR_EXTRUSION('',#4356,#4360);
#4356 = B_SPLINE_CURVE_WITH_KNOTS('',2,(#4357,#4358,#4359),
  .UNSPECIFIED.,.F.,.F.,(3,3),(0.,1.),.PIECEWISE_BEZIER_KNOTS.);
#4357 = CARTESIAN_POINT('',(-7.450244140625,-6.628955078125,94.));
#4358 = CARTESIAN_POINT('',(-7.164990234375,-6.57841796875,94.));
#4359 = CARTESIAN_POINT('',(-6.890966796875,-6.57841796875,94.));
#4360 = VECTOR('',#4361,1.);
#4361 = DIRECTION('',(-0.,-0.,-1.));
#4362 = DEFINITIONAL_REPRESENTATION('',(#4363),#4369);
#4363 = B_SPLINE_CURVE_WITH_KNOTS('',4,(#4364,#4365,#4366,#4367,#4368),
  .UNSPECIFIED.,.F.,.F.,(5,5),(0.,1.),.PIECEWISE_BEZIER_KNOTS.);
#4364 = CARTESIAN_POINT('',(1.,-1.));
#4365 = CARTESIAN_POINT('',(0.748479808878,-1.));
#4366 = CARTESIAN_POINT('',(0.49775756938,-1.));
#4367 = CARTESIAN_POINT('',(0.248170453723,-1.));
#4368 = CARTESIAN_POINT('',(0.,-1.));
#4369 = ( GEOMETRIC_REPRESENTATION_CONTEXT(2) 
PARAMETRIC_REPRESENTATION_CONTEXT() REPRESENTATION_CONTEXT('2D SPACE',''
  ) );
#4370 = ORIENTED_EDGE('',*,*,#4371,.F.);
#4371 = EDGE_CURVE('',#4372,#4336,#4374,.T.);
#4372 = VERTEX_POINT('',#4373);
#4373 = CARTESIAN_POINT('',(-5.95546875,-6.84345703125,95.));
#4374 = SURFACE_CURVE('',#4375,(#4388,#4404),.PCURVE_S1.);
#4375 = B_SPLINE_CURVE_WITH_KNOTS('',6,(#4376,#4377,#4378,#4379,#4380,
    #4381,#4382,#4383,#4384,#4385,#4386,#4387),.UNSPECIFIED.,.F.,.F.,(7,
    5,7),(0.,0.479324226245,1.),.UNSPECIFIED.);
#4376 = CARTESIAN_POINT('',(-5.95546875,-6.84345703125,95.));
#4377 = CARTESIAN_POINT('',(-6.012654033891,-6.798016873007,95.));
#4378 = CARTESIAN_POINT('',(-6.07431562518,-6.757456185353,95.));
#4379 = CARTESIAN_POINT('',(-6.140112793697,-6.721900589579,95.));
#4380 = CARTESIAN_POINT('',(-6.209624270689,-6.691292892089,95.));
#4381 = CARTESIAN_POINT('',(-6.282395817188,-6.665454813276,95.));
#4382 = CARTESIAN_POINT('',(-6.440101126154,-6.621004531602,95.));
#4383 = CARTESIAN_POINT('',(-6.525548834139,-6.603205774544,95.));
#4384 = CARTESIAN_POINT('',(-6.613802843548,-6.590436650442,95.));
#4385 = CARTESIAN_POINT('',(-6.704376499456,-6.582304049428,95.));
#4386 = CARTESIAN_POINT('',(-6.796866575069,-6.57841796875,95.));
#4387 = CARTESIAN_POINT('',(-6.890966796875,-6.57841796875,95.));
#4388 = PCURVE('',#2372,#4389);
#4389 = DEFINITIONAL_REPRESENTATION('',(#4390),#4403);
#4390 = B_SPLINE_CURVE_WITH_KNOTS('',6,(#4391,#4392,#4393,#4394,#4395,
    #4396,#4397,#4398,#4399,#4400,#4401,#4402),.UNSPECIFIED.,.F.,.F.,(7,
    5,7),(0.,0.479324226245,1.),.UNSPECIFIED.);
#4391 = CARTESIAN_POINT('',(-5.95546875,-6.84345703125));
#4392 = CARTESIAN_POINT('',(-6.012654033891,-6.798016873007));
#4393 = CARTESIAN_POINT('',(-6.07431562518,-6.757456185353));
#4394 = CARTESIAN_POINT('',(-6.140112793697,-6.721900589579));
#4395 = CARTESIAN_POINT('',(-6.209624270689,-6.691292892089));
#4396 = CARTESIAN_POINT('',(-6.282395817188,-6.665454813276));
#4397 = CARTESIAN_POINT('',(-6.440101126154,-6.621004531602));
#4398 = CARTESIAN_POINT('',(-6.525548834139,-6.603205774544));
#4399 = CARTESIAN_POINT('',(-6.613802843548,-6.590436650442));
#4400 = CARTESIAN_POINT('',(-6.704376499456,-6.582304049428));
#4401 = CARTESIAN_POINT('',(-6.796866575069,-6.57841796875));
#4402 = CARTESIAN_POINT('',(-6.890966796875,-6.57841796875));
#4403 = ( GEOMETRIC_REPRESENTATION_CONTEXT(2) 
PARAMETRIC_REPRESENTATION_CONTEXT() REPRESENTATION_CONTEXT('2D SPACE',''
  ) );
#4404 = PCURVE('',#4405,#4412);
#4405 = SURFACE_OF_LINEAR_EXTRUSION('',#4406,#4410);
#4406 = B_SPLINE_CURVE_WITH_KNOTS('',2,(#4407,#4408,#4409),
  .UNSPECIFIED.,.F.,.F.,(3,3),(0.,1.),.PIECEWISE_BEZIER_KNOTS.);
#4407 = CARTESIAN_POINT('',(-6.890966796875,-6.57841796875,94.));
#4408 = CARTESIAN_POINT('',(-6.289013671875,-6.57841796875,94.));
#4409 = CARTESIAN_POINT('',(-5.95546875,-6.84345703125,94.));
#4410 = VECTOR('',#4411,1.);
#4411 = DIRECTION('',(-0.,-0.,-1.));
#4412 = DEFINITIONAL_REPRESENTATION('',(#4413),#4426);
#4413 = B_SPLINE_CURVE_WITH_KNOTS('',6,(#4414,#4415,#4416,#4417,#4418,
    #4419,#4420,#4421,#4422,#4423,#4424,#4425),.UNSPECIFIED.,.F.,.F.,(7,
    5,7),(0.,0.479324226245,1.),.UNSPECIFIED.);
#4414 = CARTESIAN_POINT('',(1.,-1.));
#4415 = CARTESIAN_POINT('',(0.914276488502,-1.));
#4416 = CARTESIAN_POINT('',(0.828939377822,-1.));
#4417 = CARTESIAN_POINT('',(0.744377359639,-1.));
#4418 = CARTESIAN_POINT('',(0.660892241606,-1.));
#4419 = CARTESIAN_POINT('',(0.57871136127,-1.));
#4420 = CARTESIAN_POINT('',(0.410325628084,-1.));
#4421 = CARTESIAN_POINT('',(0.324378138046,-1.));
#4422 = CARTESIAN_POINT('',(0.240330519815,-1.));
#4423 = CARTESIAN_POINT('',(0.158256323886,-1.));
#4424 = CARTESIAN_POINT('',(7.816241655536E-02,-1.));
#4425 = CARTESIAN_POINT('',(0.,-1.));
#4426 = ( GEOMETRIC_REPRESENTATION_CONTEXT(2) 
PARAMETRIC_REPRESENTATION_CONTEXT() REPRESENTATION_CONTEXT('2D SPACE',''
  ) );
#4427 = ORIENTED_EDGE('',*,*,#4428,.F.);
#4428 = EDGE_CURVE('',#4429,#4372,#4431,.T.);
#4429 = VERTEX_POINT('',#4430);
#4430 = CARTESIAN_POINT('',(-5.621923828125,-7.582421875,95.));
#4431 = SURFACE_CURVE('',#4432,(#4445,#4461),.PCURVE_S1.);
#4432 = B_SPLINE_CURVE_WITH_KNOTS('',6,(#4433,#4434,#4435,#4436,#4437,
    #4438,#4439,#4440,#4441,#4442,#4443,#4444),.UNSPECIFIED.,.F.,.F.,(7,
    5,7),(0.,0.643816162231,1.),.UNSPECIFIED.);
#4433 = CARTESIAN_POINT('',(-5.621923828125,-7.582421875,95.));
#4434 = CARTESIAN_POINT('',(-5.621923828125,-7.485962197241,95.));
#4435 = CARTESIAN_POINT('',(-5.630214332189,-7.392178204747,95.));
#4436 = CARTESIAN_POINT('',(-5.647605813315,-7.301941415684,95.));
#4437 = CARTESIAN_POINT('',(-5.674737736684,-7.216175612662,95.));
#4438 = CARTESIAN_POINT('',(-5.711865669804,-7.135755101246,95.));
#4439 = CARTESIAN_POINT('',(-5.784367978785,-7.020196917698,95.));
#4440 = CARTESIAN_POINT('',(-5.813121913123,-6.980869560675,95.));
#4441 = CARTESIAN_POINT('',(-5.844738259582,-6.943483234192,95.));
#4442 = CARTESIAN_POINT('',(-5.879104652875,-6.908103817346,95.));
#4443 = CARTESIAN_POINT('',(-5.916073000627,-6.874761397756,95.));
#4444 = CARTESIAN_POINT('',(-5.95546875,-6.84345703125,95.));
#4445 = PCURVE('',#2372,#4446);
#4446 = DEFINITIONAL_REPRESENTATION('',(#4447),#4460);
#4447 = B_SPLINE_CURVE_WITH_KNOTS('',6,(#4448,#4449,#4450,#4451,#4452,
    #4453,#4454,#4455,#4456,#4457,#4458,#4459),.UNSPECIFIED.,.F.,.F.,(7,
    5,7),(0.,0.643816162231,1.),.UNSPECIFIED.);
#4448 = CARTESIAN_POINT('',(-5.621923828125,-7.582421875));
#4449 = CARTESIAN_POINT('',(-5.621923828125,-7.485962197241));
#4450 = CARTESIAN_POINT('',(-5.630214332189,-7.392178204747));
#4451 = CARTESIAN_POINT('',(-5.647605813315,-7.301941415684));
#4452 = CARTESIAN_POINT('',(-5.674737736684,-7.216175612662));
#4453 = CARTESIAN_POINT('',(-5.711865669804,-7.135755101246));
#4454 = CARTESIAN_POINT('',(-5.784367978785,-7.020196917698));
#4455 = CARTESIAN_POINT('',(-5.813121913123,-6.980869560675));
#4456 = CARTESIAN_POINT('',(-5.844738259582,-6.943483234192));
#4457 = CARTESIAN_POINT('',(-5.879104652875,-6.908103817346));
#4458 = CARTESIAN_POINT('',(-5.916073000627,-6.874761397756));
#4459 = CARTESIAN_POINT('',(-5.95546875,-6.84345703125));
#4460 = ( GEOMETRIC_REPRESENTATION_CONTEXT(2) 
PARAMETRIC_REPRESENTATION_CONTEXT() REPRESENTATION_CONTEXT('2D SPACE',''
  ) );
#4461 = PCURVE('',#4462,#4469);
#4462 = SURFACE_OF_LINEAR_EXTRUSION('',#4463,#4467);
#4463 = B_SPLINE_CURVE_WITH_KNOTS('',2,(#4464,#4465,#4466),
  .UNSPECIFIED.,.F.,.F.,(3,3),(0.,1.),.PIECEWISE_BEZIER_KNOTS.);
#4464 = CARTESIAN_POINT('',(-5.95546875,-6.84345703125,94.));
#4465 = CARTESIAN_POINT('',(-5.621923828125,-7.10849609375,94.));
#4466 = CARTESIAN_POINT('',(-5.621923828125,-7.582421875,94.));
#4467 = VECTOR('',#4468,1.);
#4468 = DIRECTION('',(-0.,-0.,-1.));
#4469 = DEFINITIONAL_REPRESENTATION('',(#4470),#4483);
#4470 = B_SPLINE_CURVE_WITH_KNOTS('',6,(#4471,#4472,#4473,#4474,#4475,
    #4476,#4477,#4478,#4479,#4480,#4481,#4482),.UNSPECIFIED.,.F.,.F.,(7,
    5,7),(0.,0.643816162231,1.),.UNSPECIFIED.);
#4471 = CARTESIAN_POINT('',(1.,-1.));
#4472 = CARTESIAN_POINT('',(0.898233350478,-1.));
#4473 = CARTESIAN_POINT('',(0.793811910184,-1.));
#4474 = CARTESIAN_POINT('',(0.687119651915,-1.));
#4475 = CARTESIAN_POINT('',(0.578708676323,-1.));
#4476 = CARTESIAN_POINT('',(0.46933253303,-1.));
#4477 = CARTESIAN_POINT('',(0.299513041933,-1.));
#4478 = CARTESIAN_POINT('',(0.239023748328,-1.));
#4479 = CARTESIAN_POINT('',(0.178691028616,-1.));
#4480 = CARTESIAN_POINT('',(0.118658628168,-1.));
#4481 = CARTESIAN_POINT('',(5.905613725435E-02,-1.));
#4482 = CARTESIAN_POINT('',(0.,-1.));
#4483 = ( GEOMETRIC_REPRESENTATION_CONTEXT(2) 
PARAMETRIC_REPRESENTATION_CONTEXT() REPRESENTATION_CONTEXT('2D SPACE',''
  ) );
#4484 = ORIENTED_EDGE('',*,*,#4485,.F.);
#4485 = EDGE_CURVE('',#4486,#4429,#4488,.T.);
#4486 = VERTEX_POINT('',#4487);
#4487 = CARTESIAN_POINT('',(-5.763427734375,-8.093408203125,95.));
#4488 = SURFACE_CURVE('',#4489,(#4500,#4514),.PCURVE_S1.);
#4489 = B_SPLINE_CURVE_WITH_KNOTS('',5,(#4490,#4491,#4492,#4493,#4494,
    #4495,#4496,#4497,#4498,#4499),.UNSPECIFIED.,.F.,.F.,(6,4,6),(0.,
    0.525140615224,1.),.UNSPECIFIED.);
#4490 = CARTESIAN_POINT('',(-5.763427734375,-8.093408203125,95.));
#4491 = CARTESIAN_POINT('',(-5.733891947794,-8.043947481152,95.));
#4492 = CARTESIAN_POINT('',(-5.708076050298,-7.993254576408,95.));
#4493 = CARTESIAN_POINT('',(-5.686091455383,-7.941381407035,95.));
#4494 = CARTESIAN_POINT('',(-5.668008916651,-7.888395503013,95.));
#4495 = CARTESIAN_POINT('',(-5.641048005101,-7.785540864254,95.));
#4496 = CARTESIAN_POINT('',(-5.631454094432,-7.735858417278,95.));
#4497 = CARTESIAN_POINT('',(-5.625084687828,-7.685398045656,95.));
#4498 = CARTESIAN_POINT('',(-5.621923828125,-7.634228025064,95.));
#4499 = CARTESIAN_POINT('',(-5.621923828125,-7.582421875,95.));
#4500 = PCURVE('',#2372,#4501);
#4501 = DEFINITIONAL_REPRESENTATION('',(#4502),#4513);
#4502 = B_SPLINE_CURVE_WITH_KNOTS('',5,(#4503,#4504,#4505,#4506,#4507,
    #4508,#4509,#4510,#4511,#4512),.UNSPECIFIED.,.F.,.F.,(6,4,6),(0.,
    0.525140615224,1.),.UNSPECIFIED.);
#4503 = CARTESIAN_POINT('',(-5.763427734375,-8.093408203125));
#4504 = CARTESIAN_POINT('',(-5.733891947794,-8.043947481152));
#4505 = CARTESIAN_POINT('',(-5.708076050298,-7.993254576408));
#4506 = CARTESIAN_POINT('',(-5.686091455383,-7.941381407035));
#4507 = CARTESIAN_POINT('',(-5.668008916651,-7.888395503013));
#4508 = CARTESIAN_POINT('',(-5.641048005101,-7.785540864254));
#4509 = CARTESIAN_POINT('',(-5.631454094432,-7.735858417278));
#4510 = CARTESIAN_POINT('',(-5.625084687828,-7.685398045656));
#4511 = CARTESIAN_POINT('',(-5.621923828125,-7.634228025064));
#4512 = CARTESIAN_POINT('',(-5.621923828125,-7.582421875));
#4513 = ( GEOMETRIC_REPRESENTATION_CONTEXT(2) 
PARAMETRIC_REPRESENTATION_CONTEXT() REPRESENTATION_CONTEXT('2D SPACE',''
  ) );
#4514 = PCURVE('',#4515,#4522);
#4515 = SURFACE_OF_LINEAR_EXTRUSION('',#4516,#4520);
#4516 = B_SPLINE_CURVE_WITH_KNOTS('',2,(#4517,#4518,#4519),
  .UNSPECIFIED.,.F.,.F.,(3,3),(0.,1.),.PIECEWISE_BEZIER_KNOTS.);
#4517 = CARTESIAN_POINT('',(-5.621923828125,-7.582421875,94.));
#4518 = CARTESIAN_POINT('',(-5.621923828125,-7.8564453125,94.));
#4519 = CARTESIAN_POINT('',(-5.763427734375,-8.093408203125,94.));
#4520 = VECTOR('',#4521,1.);
#4521 = DIRECTION('',(-0.,-0.,-1.));
#4522 = DEFINITIONAL_REPRESENTATION('',(#4523),#4534);
#4523 = B_SPLINE_CURVE_WITH_KNOTS('',5,(#4524,#4525,#4526,#4527,#4528,
    #4529,#4530,#4531,#4532,#4533),.UNSPECIFIED.,.F.,.F.,(6,4,6),(0.,
    0.525140615224,1.),.UNSPECIFIED.);
#4524 = CARTESIAN_POINT('',(1.,-1.));
#4525 = CARTESIAN_POINT('',(0.895636144034,-1.));
#4526 = CARTESIAN_POINT('',(0.790801660247,-1.));
#4527 = CARTESIAN_POINT('',(0.685644524793,-1.));
#4528 = CARTESIAN_POINT('',(0.580321769284,-1.));
#4529 = CARTESIAN_POINT('',(0.379762592883,-1.));
#4530 = CARTESIAN_POINT('',(0.284524137475,-1.));
#4531 = CARTESIAN_POINT('',(0.189407183216,-1.));
#4532 = CARTESIAN_POINT('',(9.452868436497E-02,-1.));
#4533 = CARTESIAN_POINT('',(0.,-1.));
#4534 = ( GEOMETRIC_REPRESENTATION_CONTEXT(2) 
PARAMETRIC_REPRESENTATION_CONTEXT() REPRESENTATION_CONTEXT('2D SPACE',''
  ) );
#4535 = ORIENTED_EDGE('',*,*,#4536,.F.);
#4536 = EDGE_CURVE('',#4537,#4486,#4539,.T.);
#4537 = VERTEX_POINT('',#4538);
#4538 = CARTESIAN_POINT('',(-6.358642578125,-8.7279296875,95.));
#4539 = SURFACE_CURVE('',#4540,(#4549,#4561),.PCURVE_S1.);
#4540 = B_SPLINE_CURVE_WITH_KNOTS('',7,(#4541,#4542,#4543,#4544,#4545,
    #4546,#4547,#4548),.UNSPECIFIED.,.F.,.F.,(8,8),(0.,1.),
  .PIECEWISE_BEZIER_KNOTS.);
#4541 = CARTESIAN_POINT('',(-6.358642578125,-8.7279296875,95.));
#4542 = CARTESIAN_POINT('',(-6.248119520972,-8.631085226529,95.));
#4543 = CARTESIAN_POINT('',(-6.143369745906,-8.535388784525,95.));
#4544 = CARTESIAN_POINT('',(-6.045170472466,-8.440881785699,95.));
#4545 = CARTESIAN_POINT('',(-5.955191340292,-8.348126109732,95.));
#4546 = CARTESIAN_POINT('',(-5.875922584792,-8.258180843711,95.));
#4547 = CARTESIAN_POINT('',(-5.810729347379,-8.172619634425,95.));
#4548 = CARTESIAN_POINT('',(-5.763427734375,-8.093408203125,95.));
#4549 = PCURVE('',#2372,#4550);
#4550 = DEFINITIONAL_REPRESENTATION('',(#4551),#4560);
#4551 = B_SPLINE_CURVE_WITH_KNOTS('',7,(#4552,#4553,#4554,#4555,#4556,
    #4557,#4558,#4559),.UNSPECIFIED.,.F.,.F.,(8,8),(0.,1.),
  .PIECEWISE_BEZIER_KNOTS.);
#4552 = CARTESIAN_POINT('',(-6.358642578125,-8.7279296875));
#4553 = CARTESIAN_POINT('',(-6.248119520972,-8.631085226529));
#4554 = CARTESIAN_POINT('',(-6.143369745906,-8.535388784525));
#4555 = CARTESIAN_POINT('',(-6.045170472466,-8.440881785699));
#4556 = CARTESIAN_POINT('',(-5.955191340292,-8.348126109732));
#4557 = CARTESIAN_POINT('',(-5.875922584792,-8.258180843711));
#4558 = CARTESIAN_POINT('',(-5.810729347379,-8.172619634425));
#4559 = CARTESIAN_POINT('',(-5.763427734375,-8.093408203125));
#4560 = ( GEOMETRIC_REPRESENTATION_CONTEXT(2) 
PARAMETRIC_REPRESENTATION_CONTEXT() REPRESENTATION_CONTEXT('2D SPACE',''
  ) );
#4561 = PCURVE('',#4562,#4569);
#4562 = SURFACE_OF_LINEAR_EXTRUSION('',#4563,#4567);
#4563 = B_SPLINE_CURVE_WITH_KNOTS('',2,(#4564,#4565,#4566),
  .UNSPECIFIED.,.F.,.F.,(3,3),(0.,1.),.PIECEWISE_BEZIER_KNOTS.);
#4564 = CARTESIAN_POINT('',(-5.763427734375,-8.093408203125,94.));
#4565 = CARTESIAN_POINT('',(-5.904931640625,-8.33037109375,94.));
#4566 = CARTESIAN_POINT('',(-6.358642578125,-8.7279296875,94.));
#4567 = VECTOR('',#4568,1.);
#4568 = DIRECTION('',(-0.,-0.,-1.));
#4569 = DEFINITIONAL_REPRESENTATION('',(#4570),#4579);
#4570 = B_SPLINE_CURVE_WITH_KNOTS('',7,(#4571,#4572,#4573,#4574,#4575,
    #4576,#4577,#4578),.UNSPECIFIED.,.F.,.F.,(8,8),(0.,1.),
  .PIECEWISE_BEZIER_KNOTS.);
#4571 = CARTESIAN_POINT('',(1.,-1.));
#4572 = CARTESIAN_POINT('',(0.87820102182,-1.));
#4573 = CARTESIAN_POINT('',(0.750854025119,-1.));
#4574 = CARTESIAN_POINT('',(0.616867586813,-1.));
#4575 = CARTESIAN_POINT('',(0.475337294249,-1.));
#4576 = CARTESIAN_POINT('',(0.325587461534,-1.));
#4577 = CARTESIAN_POINT('',(0.16713889481,-1.));
#4578 = CARTESIAN_POINT('',(0.,-1.));
#4579 = ( GEOMETRIC_REPRESENTATION_CONTEXT(2) 
PARAMETRIC_REPRESENTATION_CONTEXT() REPRESENTATION_CONTEXT('2D SPACE',''
  ) );
#4580 = ORIENTED_EDGE('',*,*,#4581,.F.);
#4581 = EDGE_CURVE('',#4582,#4537,#4584,.T.);
#4582 = VERTEX_POINT('',#4583);
#4583 = CARTESIAN_POINT('',(-7.075146484375,-9.3568359375,95.));
#4584 = SURFACE_CURVE('',#4585,(#4589,#4595),.PCURVE_S1.);
#4585 = LINE('',#4586,#4587);
#4586 = CARTESIAN_POINT('',(-2.39929369829,-5.252639134666,95.));
#4587 = VECTOR('',#4588,1.);
#4588 = DIRECTION('',(0.751554174059,0.659671375349,-0.));
#4589 = PCURVE('',#2372,#4590);
#4590 = DEFINITIONAL_REPRESENTATION('',(#4591),#4594);
#4591 = B_SPLINE_CURVE_WITH_KNOTS('',1,(#4592,#4593),.UNSPECIFIED.,.F.,
  .F.,(2,2),(-6.221577828295,-5.26821487592),.PIECEWISE_BEZIER_KNOTS.);
#4592 = CARTESIAN_POINT('',(-7.075146484375,-9.3568359375));
#4593 = CARTESIAN_POINT('',(-6.358642578125,-8.7279296875));
#4594 = ( GEOMETRIC_REPRESENTATION_CONTEXT(2) 
PARAMETRIC_REPRESENTATION_CONTEXT() REPRESENTATION_CONTEXT('2D SPACE',''
  ) );
#4595 = PCURVE('',#4596,#4601);
#4596 = PLANE('',#4597);
#4597 = AXIS2_PLACEMENT_3D('',#4598,#4599,#4600);
#4598 = CARTESIAN_POINT('',(-6.358642578125,-8.7279296875,94.));
#4599 = DIRECTION('',(0.659671375349,-0.751554174059,0.));
#4600 = DIRECTION('',(-0.751554174059,-0.659671375349,0.));
#4601 = DEFINITIONAL_REPRESENTATION('',(#4602),#4605);
#4602 = B_SPLINE_CURVE_WITH_KNOTS('',1,(#4603,#4604),.UNSPECIFIED.,.F.,
  .F.,(2,2),(-6.221577828295,-5.26821487592),.PIECEWISE_BEZIER_KNOTS.);
#4603 = CARTESIAN_POINT('',(0.953362952375,-1.));
#4604 = CARTESIAN_POINT('',(0.,-1.));
#4605 = ( GEOMETRIC_REPRESENTATION_CONTEXT(2) 
PARAMETRIC_REPRESENTATION_CONTEXT() REPRESENTATION_CONTEXT('2D SPACE',''
  ) );
#4606 = ORIENTED_EDGE('',*,*,#4607,.F.);
#4607 = EDGE_CURVE('',#4608,#4582,#4610,.T.);
#4608 = VERTEX_POINT('',#4609);
#4609 = CARTESIAN_POINT('',(-5.599462890625,-9.3568359375,95.));
#4610 = SURFACE_CURVE('',#4611,(#4615,#4621),.PCURVE_S1.);
#4611 = LINE('',#4612,#4613);
#4612 = CARTESIAN_POINT('',(-3.537573242187,-9.3568359375,95.));
#4613 = VECTOR('',#4614,1.);
#4614 = DIRECTION('',(-1.,0.,0.));
#4615 = PCURVE('',#2372,#4616);
#4616 = DEFINITIONAL_REPRESENTATION('',(#4617),#4620);
#4617 = B_SPLINE_CURVE_WITH_KNOTS('',1,(#4618,#4619),.UNSPECIFIED.,.F.,
  .F.,(2,2),(2.061889648438,3.537573242187),.PIECEWISE_BEZIER_KNOTS.);
#4618 = CARTESIAN_POINT('',(-5.599462890625,-9.3568359375));
#4619 = CARTESIAN_POINT('',(-7.075146484375,-9.3568359375));
#4620 = ( GEOMETRIC_REPRESENTATION_CONTEXT(2) 
PARAMETRIC_REPRESENTATION_CONTEXT() REPRESENTATION_CONTEXT('2D SPACE',''
  ) );
#4621 = PCURVE('',#4622,#4627);
#4622 = PLANE('',#4623);
#4623 = AXIS2_PLACEMENT_3D('',#4624,#4625,#4626);
#4624 = CARTESIAN_POINT('',(-7.075146484375,-9.3568359375,94.));
#4625 = DIRECTION('',(0.,1.,0.));
#4626 = DIRECTION('',(1.,0.,0.));
#4627 = DEFINITIONAL_REPRESENTATION('',(#4628),#4631);
#4628 = B_SPLINE_CURVE_WITH_KNOTS('',1,(#4629,#4630),.UNSPECIFIED.,.F.,
  .F.,(2,2),(2.061889648438,3.537573242187),.PIECEWISE_BEZIER_KNOTS.);
#4629 = CARTESIAN_POINT('',(1.47568359375,-1.));
#4630 = CARTESIAN_POINT('',(0.,-1.));
#4631 = ( GEOMETRIC_REPRESENTATION_CONTEXT(2) 
PARAMETRIC_REPRESENTATION_CONTEXT() REPRESENTATION_CONTEXT('2D SPACE',''
  ) );
#4632 = ORIENTED_EDGE('',*,*,#4633,.F.);
#4633 = EDGE_CURVE('',#4634,#4608,#4636,.T.);
#4634 = VERTEX_POINT('',#4635);
#4635 = CARTESIAN_POINT('',(-5.599462890625,-9.99248046875,95.));
#4636 = SURFACE_CURVE('',#4637,(#4641,#4647),.PCURVE_S1.);
#4637 = LINE('',#4638,#4639);
#4638 = CARTESIAN_POINT('',(-5.599462890625,-4.67841796875,95.));
#4639 = VECTOR('',#4640,1.);
#4640 = DIRECTION('',(0.,1.,0.));
#4641 = PCURVE('',#2372,#4642);
#4642 = DEFINITIONAL_REPRESENTATION('',(#4643),#4646);
#4643 = B_SPLINE_CURVE_WITH_KNOTS('',1,(#4644,#4645),.UNSPECIFIED.,.F.,
  .F.,(2,2),(-5.3140625,-4.67841796875),.PIECEWISE_BEZIER_KNOTS.);
#4644 = CARTESIAN_POINT('',(-5.599462890625,-9.99248046875));
#4645 = CARTESIAN_POINT('',(-5.599462890625,-9.3568359375));
#4646 = ( GEOMETRIC_REPRESENTATION_CONTEXT(2) 
PARAMETRIC_REPRESENTATION_CONTEXT() REPRESENTATION_CONTEXT('2D SPACE',''
  ) );
#4647 = PCURVE('',#4648,#4653);
#4648 = PLANE('',#4649);
#4649 = AXIS2_PLACEMENT_3D('',#4650,#4651,#4652);
#4650 = CARTESIAN_POINT('',(-5.599462890625,-9.3568359375,94.));
#4651 = DIRECTION('',(1.,0.,0.));
#4652 = DIRECTION('',(0.,-1.,0.));
#4653 = DEFINITIONAL_REPRESENTATION('',(#4654),#4657);
#4654 = B_SPLINE_CURVE_WITH_KNOTS('',1,(#4655,#4656),.UNSPECIFIED.,.F.,
  .F.,(2,2),(-5.3140625,-4.67841796875),.PIECEWISE_BEZIER_KNOTS.);
#4655 = CARTESIAN_POINT('',(0.63564453125,-1.));
#4656 = CARTESIAN_POINT('',(0.,-1.));
#4657 = ( GEOMETRIC_REPRESENTATION_CONTEXT(2) 
PARAMETRIC_REPRESENTATION_CONTEXT() REPRESENTATION_CONTEXT('2D SPACE',''
  ) );
#4658 = ORIENTED_EDGE('',*,*,#4659,.F.);
#4659 = EDGE_CURVE('',#2490,#4634,#4660,.T.);
#4660 = SURFACE_CURVE('',#4661,(#4665,#4671),.PCURVE_S1.);
#4661 = LINE('',#4662,#4663);
#4662 = CARTESIAN_POINT('',(-2.799731445313,-9.99248046875,95.));
#4663 = VECTOR('',#4664,1.);
#4664 = DIRECTION('',(1.,0.,-0.));
#4665 = PCURVE('',#2372,#4666);
#4666 = DEFINITIONAL_REPRESENTATION('',(#4667),#4670);
#4667 = B_SPLINE_CURVE_WITH_KNOTS('',1,(#4668,#4669),.UNSPECIFIED.,.F.,
  .F.,(2,2),(-5.236743164063,-2.799731445313),.PIECEWISE_BEZIER_KNOTS.);
#4668 = CARTESIAN_POINT('',(-8.036474609375,-9.99248046875));
#4669 = CARTESIAN_POINT('',(-5.599462890625,-9.99248046875));
#4670 = ( GEOMETRIC_REPRESENTATION_CONTEXT(2) 
PARAMETRIC_REPRESENTATION_CONTEXT() REPRESENTATION_CONTEXT('2D SPACE',''
  ) );
#4671 = PCURVE('',#2533,#4672);
#4672 = DEFINITIONAL_REPRESENTATION('',(#4673),#4676);
#4673 = B_SPLINE_CURVE_WITH_KNOTS('',1,(#4674,#4675),.UNSPECIFIED.,.F.,
  .F.,(2,2),(-5.236743164063,-2.799731445313),.PIECEWISE_BEZIER_KNOTS.);
#4674 = CARTESIAN_POINT('',(2.43701171875,-1.));
#4675 = CARTESIAN_POINT('',(0.,-1.));
#4676 = ( GEOMETRIC_REPRESENTATION_CONTEXT(2) 
PARAMETRIC_REPRESENTATION_CONTEXT() REPRESENTATION_CONTEXT('2D SPACE',''
  ) );
#4677 = ORIENTED_EDGE('',*,*,#2489,.T.);
#4678 = ORIENTED_EDGE('',*,*,#4679,.F.);
#4679 = EDGE_CURVE('',#4680,#2456,#4682,.T.);
#4680 = VERTEX_POINT('',#4681);
#4681 = CARTESIAN_POINT('',(7.149267578125,-9.1591796875,95.));
#4682 = SURFACE_CURVE('',#4683,(#4687,#4693),.PCURVE_S1.);
#4683 = LINE('',#4684,#4685);
#4684 = CARTESIAN_POINT('',(4.8494649082,-4.471120398807,95.));
#4685 = VECTOR('',#4686,1.);
#4686 = DIRECTION('',(0.440424993655,-0.897789410143,0.));
#4687 = PCURVE('',#2372,#4688);
#4688 = DEFINITIONAL_REPRESENTATION('',(#4689),#4692);
#4689 = B_SPLINE_CURVE_WITH_KNOTS('',1,(#4690,#4691),.UNSPECIFIED.,.F.,
  .F.,(2,2),(5.221780559818,6.149950096945),.PIECEWISE_BEZIER_KNOTS.);
#4690 = CARTESIAN_POINT('',(7.149267578125,-9.1591796875));
#4691 = CARTESIAN_POINT('',(7.558056640625,-9.99248046875));
#4692 = ( GEOMETRIC_REPRESENTATION_CONTEXT(2) 
PARAMETRIC_REPRESENTATION_CONTEXT() REPRESENTATION_CONTEXT('2D SPACE',''
  ) );
#4693 = PCURVE('',#2475,#4694);
#4694 = DEFINITIONAL_REPRESENTATION('',(#4695),#4698);
#4695 = B_SPLINE_CURVE_WITH_KNOTS('',1,(#4696,#4697),.UNSPECIFIED.,.F.,
  .F.,(2,2),(5.221780559818,6.149950096945),.PIECEWISE_BEZIER_KNOTS.);
#4696 = CARTESIAN_POINT('',(0.928169537128,-1.));
#4697 = CARTESIAN_POINT('',(0.,-1.));
#4698 = ( GEOMETRIC_REPRESENTATION_CONTEXT(2) 
PARAMETRIC_REPRESENTATION_CONTEXT() REPRESENTATION_CONTEXT('2D SPACE',''
  ) );
#4699 = ORIENTED_EDGE('',*,*,#4700,.F.);
#4700 = EDGE_CURVE('',#4701,#4680,#4703,.T.);
#4701 = VERTEX_POINT('',#4702);
#4702 = CARTESIAN_POINT('',(6.898828125,-8.81552734375,95.));
#4703 = SURFACE_CURVE('',#4704,(#4712,#4723),.PCURVE_S1.);
#4704 = B_SPLINE_CURVE_WITH_KNOTS('',6,(#4705,#4706,#4707,#4708,#4709,
    #4710,#4711),.UNSPECIFIED.,.F.,.F.,(7,7),(0.,1.),
  .PIECEWISE_BEZIER_KNOTS.);
#4705 = CARTESIAN_POINT('',(6.898828125,-8.81552734375,95.));
#4706 = CARTESIAN_POINT('',(6.942831768849,-8.847459191499,95.));
#4707 = CARTESIAN_POINT('',(6.986117137307,-8.89055057726,95.));
#4708 = CARTESIAN_POINT('',(7.028493250842,-8.944189582689,95.));
#4709 = CARTESIAN_POINT('',(7.069845020392,-9.007473633504,95.));
#4710 = CARTESIAN_POINT('',(7.110110048938,-9.079440718973,95.));
#4711 = CARTESIAN_POINT('',(7.149267578125,-9.1591796875,95.));
#4712 = PCURVE('',#2372,#4713);
#4713 = DEFINITIONAL_REPRESENTATION('',(#4714),#4722);
#4714 = B_SPLINE_CURVE_WITH_KNOTS('',6,(#4715,#4716,#4717,#4718,#4719,
    #4720,#4721),.UNSPECIFIED.,.F.,.F.,(7,7),(0.,1.),
  .PIECEWISE_BEZIER_KNOTS.);
#4715 = CARTESIAN_POINT('',(6.898828125,-8.81552734375));
#4716 = CARTESIAN_POINT('',(6.942831768849,-8.847459191499));
#4717 = CARTESIAN_POINT('',(6.986117137307,-8.89055057726));
#4718 = CARTESIAN_POINT('',(7.028493250842,-8.944189582689));
#4719 = CARTESIAN_POINT('',(7.069845020392,-9.007473633504));
#4720 = CARTESIAN_POINT('',(7.110110048938,-9.079440718973));
#4721 = CARTESIAN_POINT('',(7.149267578125,-9.1591796875));
#4722 = ( GEOMETRIC_REPRESENTATION_CONTEXT(2) 
PARAMETRIC_REPRESENTATION_CONTEXT() REPRESENTATION_CONTEXT('2D SPACE',''
  ) );
#4723 = PCURVE('',#4724,#4731);
#4724 = SURFACE_OF_LINEAR_EXTRUSION('',#4725,#4729);
#4725 = B_SPLINE_CURVE_WITH_KNOTS('',2,(#4726,#4727,#4728),
  .UNSPECIFIED.,.F.,.F.,(3,3),(0.,1.),.PIECEWISE_BEZIER_KNOTS.);
#4726 = CARTESIAN_POINT('',(7.149267578125,-9.1591796875,94.));
#4727 = CARTESIAN_POINT('',(7.025732421875,-8.9076171875,94.));
#4728 = CARTESIAN_POINT('',(6.898828125,-8.81552734375,94.));
#4729 = VECTOR('',#4730,1.);
#4730 = DIRECTION('',(-0.,-0.,-1.));
#4731 = DEFINITIONAL_REPRESENTATION('',(#4732),#4740);
#4732 = B_SPLINE_CURVE_WITH_KNOTS('',6,(#4733,#4734,#4735,#4736,#4737,
    #4738,#4739),.UNSPECIFIED.,.F.,.F.,(7,7),(0.,1.),
  .PIECEWISE_BEZIER_KNOTS.);
#4733 = CARTESIAN_POINT('',(1.,-1.));
#4734 = CARTESIAN_POINT('',(0.826626659094,-1.));
#4735 = CARTESIAN_POINT('',(0.655125693194,-1.));
#4736 = CARTESIAN_POINT('',(0.486288361946,-1.));
#4737 = CARTESIAN_POINT('',(0.320635261711,-1.));
#4738 = CARTESIAN_POINT('',(0.158487390861,-1.));
#4739 = CARTESIAN_POINT('',(0.,-1.));
#4740 = ( GEOMETRIC_REPRESENTATION_CONTEXT(2) 
PARAMETRIC_REPRESENTATION_CONTEXT() REPRESENTATION_CONTEXT('2D SPACE',''
  ) );
#4741 = ORIENTED_EDGE('',*,*,#4742,.F.);
#4742 = EDGE_CURVE('',#4743,#4701,#4745,.T.);
#4743 = VERTEX_POINT('',#4744);
#4744 = CARTESIAN_POINT('',(6.560791015625,-8.7234375,95.));
#4745 = SURFACE_CURVE('',#4746,(#4753,#4763),.PCURVE_S1.);
#4746 = B_SPLINE_CURVE_WITH_KNOTS('',5,(#4747,#4748,#4749,#4750,#4751,
    #4752),.UNSPECIFIED.,.F.,.F.,(6,6),(0.,1.),
  .PIECEWISE_BEZIER_KNOTS.);
#4747 = CARTESIAN_POINT('',(6.560791015625,-8.7234375,95.));
#4748 = CARTESIAN_POINT('',(6.643412595888,-8.7234375,95.));
#4749 = CARTESIAN_POINT('',(6.719201802048,-8.732251485366,95.));
#4750 = CARTESIAN_POINT('',(6.787404556499,-8.75040328097,95.));
#4751 = CARTESIAN_POINT('',(6.847390525833,-8.778200944354,95.));
#4752 = CARTESIAN_POINT('',(6.898828125,-8.81552734375,95.));
#4753 = PCURVE('',#2372,#4754);
#4754 = DEFINITIONAL_REPRESENTATION('',(#4755),#4762);
#4755 = B_SPLINE_CURVE_WITH_KNOTS('',5,(#4756,#4757,#4758,#4759,#4760,
    #4761),.UNSPECIFIED.,.F.,.F.,(6,6),(0.,1.),
  .PIECEWISE_BEZIER_KNOTS.);
#4756 = CARTESIAN_POINT('',(6.560791015625,-8.7234375));
#4757 = CARTESIAN_POINT('',(6.643412595888,-8.7234375));
#4758 = CARTESIAN_POINT('',(6.719201802048,-8.732251485366));
#4759 = CARTESIAN_POINT('',(6.787404556499,-8.75040328097));
#4760 = CARTESIAN_POINT('',(6.847390525833,-8.778200944354));
#4761 = CARTESIAN_POINT('',(6.898828125,-8.81552734375));
#4762 = ( GEOMETRIC_REPRESENTATION_CONTEXT(2) 
PARAMETRIC_REPRESENTATION_CONTEXT() REPRESENTATION_CONTEXT('2D SPACE',''
  ) );
#4763 = PCURVE('',#4764,#4771);
#4764 = SURFACE_OF_LINEAR_EXTRUSION('',#4765,#4769);
#4765 = B_SPLINE_CURVE_WITH_KNOTS('',2,(#4766,#4767,#4768),
  .UNSPECIFIED.,.F.,.F.,(3,3),(0.,1.),.PIECEWISE_BEZIER_KNOTS.);
#4766 = CARTESIAN_POINT('',(6.898828125,-8.81552734375,94.));
#4767 = CARTESIAN_POINT('',(6.771923828125,-8.7234375,94.));
#4768 = CARTESIAN_POINT('',(6.560791015625,-8.7234375,94.));
#4769 = VECTOR('',#4770,1.);
#4770 = DIRECTION('',(-0.,-0.,-1.));
#4771 = DEFINITIONAL_REPRESENTATION('',(#4772),#4779);
#4772 = B_SPLINE_CURVE_WITH_KNOTS('',5,(#4773,#4774,#4775,#4776,#4777,
    #4778),.UNSPECIFIED.,.F.,.F.,(6,6),(0.,1.),
  .PIECEWISE_BEZIER_KNOTS.);
#4773 = CARTESIAN_POINT('',(1.,-1.));
#4774 = CARTESIAN_POINT('',(0.804337423244,-1.));
#4775 = CARTESIAN_POINT('',(0.605763887592,-1.));
#4776 = CARTESIAN_POINT('',(0.404930569635,-1.));
#4777 = CARTESIAN_POINT('',(0.202662953242,-1.));
#4778 = CARTESIAN_POINT('',(0.,-1.));
#4779 = ( GEOMETRIC_REPRESENTATION_CONTEXT(2) 
PARAMETRIC_REPRESENTATION_CONTEXT() REPRESENTATION_CONTEXT('2D SPACE',''
  ) );
#4780 = ORIENTED_EDGE('',*,*,#4781,.F.);
#4781 = EDGE_CURVE('',#4782,#4743,#4784,.T.);
#4782 = VERTEX_POINT('',#4783);
#4783 = CARTESIAN_POINT('',(6.315966796875,-8.7234375,95.));
#4784 = SURFACE_CURVE('',#4785,(#4789,#4795),.PCURVE_S1.);
#4785 = LINE('',#4786,#4787);
#4786 = CARTESIAN_POINT('',(3.280395507812,-8.7234375,95.));
#4787 = VECTOR('',#4788,1.);
#4788 = DIRECTION('',(1.,0.,-0.));
#4789 = PCURVE('',#2372,#4790);
#4790 = DEFINITIONAL_REPRESENTATION('',(#4791),#4794);
#4791 = B_SPLINE_CURVE_WITH_KNOTS('',1,(#4792,#4793),.UNSPECIFIED.,.F.,
  .F.,(2,2),(3.035571289063,3.280395507812),.PIECEWISE_BEZIER_KNOTS.);
#4792 = CARTESIAN_POINT('',(6.315966796875,-8.7234375));
#4793 = CARTESIAN_POINT('',(6.560791015625,-8.7234375));
#4794 = ( GEOMETRIC_REPRESENTATION_CONTEXT(2) 
PARAMETRIC_REPRESENTATION_CONTEXT() REPRESENTATION_CONTEXT('2D SPACE',''
  ) );
#4795 = PCURVE('',#4796,#4801);
#4796 = PLANE('',#4797);
#4797 = AXIS2_PLACEMENT_3D('',#4798,#4799,#4800);
#4798 = CARTESIAN_POINT('',(6.560791015625,-8.7234375,94.));
#4799 = DIRECTION('',(0.,-1.,0.));
#4800 = DIRECTION('',(-1.,0.,0.));
#4801 = DEFINITIONAL_REPRESENTATION('',(#4802),#4805);
#4802 = B_SPLINE_CURVE_WITH_KNOTS('',1,(#4803,#4804),.UNSPECIFIED.,.F.,
  .F.,(2,2),(3.035571289063,3.280395507812),.PIECEWISE_BEZIER_KNOTS.);
#4803 = CARTESIAN_POINT('',(0.24482421875,-1.));
#4804 = CARTESIAN_POINT('',(0.,-1.));
#4805 = ( GEOMETRIC_REPRESENTATION_CONTEXT(2) 
PARAMETRIC_REPRESENTATION_CONTEXT() REPRESENTATION_CONTEXT('2D SPACE',''
  ) );
#4806 = ORIENTED_EDGE('',*,*,#4807,.F.);
#4807 = EDGE_CURVE('',#4808,#4782,#4810,.T.);
#4808 = VERTEX_POINT('',#4809);
#4809 = CARTESIAN_POINT('',(6.315966796875,-9.99248046875,95.));
#4810 = SURFACE_CURVE('',#4811,(#4815,#4821),.PCURVE_S1.);
#4811 = LINE('',#4812,#4813);
#4812 = CARTESIAN_POINT('',(6.315966796875,-4.36171875,95.));
#4813 = VECTOR('',#4814,1.);
#4814 = DIRECTION('',(0.,1.,0.));
#4815 = PCURVE('',#2372,#4816);
#4816 = DEFINITIONAL_REPRESENTATION('',(#4817),#4820);
#4817 = B_SPLINE_CURVE_WITH_KNOTS('',1,(#4818,#4819),.UNSPECIFIED.,.F.,
  .F.,(2,2),(-5.63076171875,-4.36171875),.PIECEWISE_BEZIER_KNOTS.);
#4818 = CARTESIAN_POINT('',(6.315966796875,-9.99248046875));
#4819 = CARTESIAN_POINT('',(6.315966796875,-8.7234375));
#4820 = ( GEOMETRIC_REPRESENTATION_CONTEXT(2) 
PARAMETRIC_REPRESENTATION_CONTEXT() REPRESENTATION_CONTEXT('2D SPACE',''
  ) );
#4821 = PCURVE('',#4822,#4827);
#4822 = PLANE('',#4823);
#4823 = AXIS2_PLACEMENT_3D('',#4824,#4825,#4826);
#4824 = CARTESIAN_POINT('',(6.315966796875,-8.7234375,94.));
#4825 = DIRECTION('',(1.,0.,0.));
#4826 = DIRECTION('',(0.,-1.,0.));
#4827 = DEFINITIONAL_REPRESENTATION('',(#4828),#4831);
#4828 = B_SPLINE_CURVE_WITH_KNOTS('',1,(#4829,#4830),.UNSPECIFIED.,.F.,
  .F.,(2,2),(-5.63076171875,-4.36171875),.PIECEWISE_BEZIER_KNOTS.);
#4829 = CARTESIAN_POINT('',(1.26904296875,-1.));
#4830 = CARTESIAN_POINT('',(0.,-1.));
#4831 = ( GEOMETRIC_REPRESENTATION_CONTEXT(2) 
PARAMETRIC_REPRESENTATION_CONTEXT() REPRESENTATION_CONTEXT('2D SPACE',''
  ) );
#4832 = ORIENTED_EDGE('',*,*,#4833,.F.);
#4833 = EDGE_CURVE('',#4834,#4808,#4836,.T.);
#4834 = VERTEX_POINT('',#4835);
#4835 = CARTESIAN_POINT('',(5.451220703125,-9.99248046875,95.));
#4836 = SURFACE_CURVE('',#4837,(#4841,#4847),.PCURVE_S1.);
#4837 = LINE('',#4838,#4839);
#4838 = CARTESIAN_POINT('',(3.157983398437,-9.99248046875,95.));
#4839 = VECTOR('',#4840,1.);
#4840 = DIRECTION('',(1.,0.,-0.));
#4841 = PCURVE('',#2372,#4842);
#4842 = DEFINITIONAL_REPRESENTATION('',(#4843),#4846);
#4843 = B_SPLINE_CURVE_WITH_KNOTS('',1,(#4844,#4845),.UNSPECIFIED.,.F.,
  .F.,(2,2),(2.293237304687,3.157983398437),.PIECEWISE_BEZIER_KNOTS.);
#4844 = CARTESIAN_POINT('',(5.451220703125,-9.99248046875));
#4845 = CARTESIAN_POINT('',(6.315966796875,-9.99248046875));
#4846 = ( GEOMETRIC_REPRESENTATION_CONTEXT(2) 
PARAMETRIC_REPRESENTATION_CONTEXT() REPRESENTATION_CONTEXT('2D SPACE',''
  ) );
#4847 = PCURVE('',#4848,#4853);
#4848 = PLANE('',#4849);
#4849 = AXIS2_PLACEMENT_3D('',#4850,#4851,#4852);
#4850 = CARTESIAN_POINT('',(6.315966796875,-9.99248046875,94.));
#4851 = DIRECTION('',(0.,-1.,0.));
#4852 = DIRECTION('',(-1.,0.,0.));
#4853 = DEFINITIONAL_REPRESENTATION('',(#4854),#4857);
#4854 = B_SPLINE_CURVE_WITH_KNOTS('',1,(#4855,#4856),.UNSPECIFIED.,.F.,
  .F.,(2,2),(2.293237304687,3.157983398437),.PIECEWISE_BEZIER_KNOTS.);
#4855 = CARTESIAN_POINT('',(0.86474609375,-1.));
#4856 = CARTESIAN_POINT('',(0.,-1.));
#4857 = ( GEOMETRIC_REPRESENTATION_CONTEXT(2) 
PARAMETRIC_REPRESENTATION_CONTEXT() REPRESENTATION_CONTEXT('2D SPACE',''
  ) );
#4858 = ORIENTED_EDGE('',*,*,#4859,.F.);
#4859 = EDGE_CURVE('',#4860,#4834,#4862,.T.);
#4860 = VERTEX_POINT('',#4861);
#4861 = CARTESIAN_POINT('',(5.451220703125,-6.6390625,95.));
#4862 = SURFACE_CURVE('',#4863,(#4867,#4873),.PCURVE_S1.);
#4863 = LINE('',#4864,#4865);
#4864 = CARTESIAN_POINT('',(5.451220703125,-4.996240234375,95.));
#4865 = VECTOR('',#4866,1.);
#4866 = DIRECTION('',(0.,-1.,0.));
#4867 = PCURVE('',#2372,#4868);
#4868 = DEFINITIONAL_REPRESENTATION('',(#4869),#4872);
#4869 = B_SPLINE_CURVE_WITH_KNOTS('',1,(#4870,#4871),.UNSPECIFIED.,.F.,
  .F.,(2,2),(1.642822265625,4.996240234375),.PIECEWISE_BEZIER_KNOTS.);
#4870 = CARTESIAN_POINT('',(5.451220703125,-6.6390625));
#4871 = CARTESIAN_POINT('',(5.451220703125,-9.99248046875));
#4872 = ( GEOMETRIC_REPRESENTATION_CONTEXT(2) 
PARAMETRIC_REPRESENTATION_CONTEXT() REPRESENTATION_CONTEXT('2D SPACE',''
  ) );
#4873 = PCURVE('',#4874,#4879);
#4874 = PLANE('',#4875);
#4875 = AXIS2_PLACEMENT_3D('',#4876,#4877,#4878);
#4876 = CARTESIAN_POINT('',(5.451220703125,-9.99248046875,94.));
#4877 = DIRECTION('',(-1.,0.,0.));
#4878 = DIRECTION('',(0.,1.,0.));
#4879 = DEFINITIONAL_REPRESENTATION('',(#4880),#4883);
#4880 = B_SPLINE_CURVE_WITH_KNOTS('',1,(#4881,#4882),.UNSPECIFIED.,.F.,
  .F.,(2,2),(1.642822265625,4.996240234375),.PIECEWISE_BEZIER_KNOTS.);
#4881 = CARTESIAN_POINT('',(3.35341796875,-1.));
#4882 = CARTESIAN_POINT('',(0.,-1.));
#4883 = ( GEOMETRIC_REPRESENTATION_CONTEXT(2) 
PARAMETRIC_REPRESENTATION_CONTEXT() REPRESENTATION_CONTEXT('2D SPACE',''
  ) );
#4884 = ORIENTED_EDGE('',*,*,#4885,.F.);
#4885 = EDGE_CURVE('',#4886,#4860,#4888,.T.);
#4886 = VERTEX_POINT('',#4887);
#4887 = CARTESIAN_POINT('',(6.771923828125,-6.6390625,95.));
#4888 = SURFACE_CURVE('',#4889,(#4893,#4899),.PCURVE_S1.);
#4889 = LINE('',#4890,#4891);
#4890 = CARTESIAN_POINT('',(2.725610351562,-6.6390625,95.));
#4891 = VECTOR('',#4892,1.);
#4892 = DIRECTION('',(-1.,0.,0.));
#4893 = PCURVE('',#2372,#4894);
#4894 = DEFINITIONAL_REPRESENTATION('',(#4895),#4898);
#4895 = B_SPLINE_CURVE_WITH_KNOTS('',1,(#4896,#4897),.UNSPECIFIED.,.F.,
  .F.,(2,2),(-4.046313476563,-2.725610351562),.PIECEWISE_BEZIER_KNOTS.);
#4896 = CARTESIAN_POINT('',(6.771923828125,-6.6390625));
#4897 = CARTESIAN_POINT('',(5.451220703125,-6.6390625));
#4898 = ( GEOMETRIC_REPRESENTATION_CONTEXT(2) 
PARAMETRIC_REPRESENTATION_CONTEXT() REPRESENTATION_CONTEXT('2D SPACE',''
  ) );
#4899 = PCURVE('',#4900,#4905);
#4900 = PLANE('',#4901);
#4901 = AXIS2_PLACEMENT_3D('',#4902,#4903,#4904);
#4902 = CARTESIAN_POINT('',(5.451220703125,-6.6390625,94.));
#4903 = DIRECTION('',(0.,1.,0.));
#4904 = DIRECTION('',(1.,0.,0.));
#4905 = DEFINITIONAL_REPRESENTATION('',(#4906),#4909);
#4906 = B_SPLINE_CURVE_WITH_KNOTS('',1,(#4907,#4908),.UNSPECIFIED.,.F.,
  .F.,(2,2),(-4.046313476563,-2.725610351562),.PIECEWISE_BEZIER_KNOTS.);
#4907 = CARTESIAN_POINT('',(1.320703125,-1.));
#4908 = CARTESIAN_POINT('',(0.,-1.));
#4909 = ( GEOMETRIC_REPRESENTATION_CONTEXT(2) 
PARAMETRIC_REPRESENTATION_CONTEXT() REPRESENTATION_CONTEXT('2D SPACE',''
  ) );
#4910 = ORIENTED_EDGE('',*,*,#4911,.F.);
#4911 = EDGE_CURVE('',#4912,#4886,#4914,.T.);
#4912 = VERTEX_POINT('',#4913);
#4913 = CARTESIAN_POINT('',(7.743359375,-6.86142578125,95.));
#4914 = SURFACE_CURVE('',#4915,(#4928,#4944),.PCURVE_S1.);
#4915 = B_SPLINE_CURVE_WITH_KNOTS('',6,(#4916,#4917,#4918,#4919,#4920,
    #4921,#4922,#4923,#4924,#4925,#4926,#4927),.UNSPECIFIED.,.F.,.F.,(7,
    5,7),(0.,0.466041320269,1.),.UNSPECIFIED.);
#4916 = CARTESIAN_POINT('',(7.743359375,-6.86142578125,95.));
#4917 = CARTESIAN_POINT('',(7.688863325992,-6.822188625964,95.));
#4918 = CARTESIAN_POINT('',(7.628637462196,-6.787738693204,95.));
#4919 = CARTESIAN_POINT('',(7.563348144503,-6.758015697837,95.));
#4920 = CARTESIAN_POINT('',(7.493741400088,-6.732745151852,95.));
#4921 = CARTESIAN_POINT('',(7.420489127897,-6.711591331364,95.));
#4922 = CARTESIAN_POINT('',(7.256658437912,-6.674294535125,95.));
#4923 = CARTESIAN_POINT('',(7.165124183832,-6.65933430287,95.));
#4924 = CARTESIAN_POINT('',(7.070317847903,-6.648798768013,95.));
#4925 = CARTESIAN_POINT('',(6.972886837375,-6.642186532025,95.));
#4926 = CARTESIAN_POINT('',(6.873315833824,-6.6390625,95.));
#4927 = CARTESIAN_POINT('',(6.771923828125,-6.6390625,95.));
#4928 = PCURVE('',#2372,#4929);
#4929 = DEFINITIONAL_REPRESENTATION('',(#4930),#4943);
#4930 = B_SPLINE_CURVE_WITH_KNOTS('',6,(#4931,#4932,#4933,#4934,#4935,
    #4936,#4937,#4938,#4939,#4940,#4941,#4942),.UNSPECIFIED.,.F.,.F.,(7,
    5,7),(0.,0.466041320269,1.),.UNSPECIFIED.);
#4931 = CARTESIAN_POINT('',(7.743359375,-6.86142578125));
#4932 = CARTESIAN_POINT('',(7.688863325992,-6.822188625964));
#4933 = CARTESIAN_POINT('',(7.628637462196,-6.787738693204));
#4934 = CARTESIAN_POINT('',(7.563348144503,-6.758015697837));
#4935 = CARTESIAN_POINT('',(7.493741400088,-6.732745151852));
#4936 = CARTESIAN_POINT('',(7.420489127897,-6.711591331364));
#4937 = CARTESIAN_POINT('',(7.256658437912,-6.674294535125));
#4938 = CARTESIAN_POINT('',(7.165124183832,-6.65933430287));
#4939 = CARTESIAN_POINT('',(7.070317847903,-6.648798768013));
#4940 = CARTESIAN_POINT('',(6.972886837375,-6.642186532025));
#4941 = CARTESIAN_POINT('',(6.873315833824,-6.6390625));
#4942 = CARTESIAN_POINT('',(6.771923828125,-6.6390625));
#4943 = ( GEOMETRIC_REPRESENTATION_CONTEXT(2) 
PARAMETRIC_REPRESENTATION_CONTEXT() REPRESENTATION_CONTEXT('2D SPACE',''
  ) );
#4944 = PCURVE('',#4945,#4952);
#4945 = SURFACE_OF_LINEAR_EXTRUSION('',#4946,#4950);
#4946 = B_SPLINE_CURVE_WITH_KNOTS('',2,(#4947,#4948,#4949),
  .UNSPECIFIED.,.F.,.F.,(3,3),(0.,1.),.PIECEWISE_BEZIER_KNOTS.);
#4947 = CARTESIAN_POINT('',(6.771923828125,-6.6390625,94.));
#4948 = CARTESIAN_POINT('',(7.434521484375,-6.6390625,94.));
#4949 = CARTESIAN_POINT('',(7.743359375,-6.86142578125,94.));
#4950 = VECTOR('',#4951,1.);
#4951 = DIRECTION('',(-0.,-0.,-1.));
#4952 = DEFINITIONAL_REPRESENTATION('',(#4953),#4966);
#4953 = B_SPLINE_CURVE_WITH_KNOTS('',6,(#4954,#4955,#4956,#4957,#4958,
    #4959,#4960,#4961,#4962,#4963,#4964,#4965),.UNSPECIFIED.,.F.,.F.,(7,
    5,7),(0.,0.466041320269,1.),.UNSPECIFIED.);
#4954 = CARTESIAN_POINT('',(1.,-1.));
#4955 = CARTESIAN_POINT('',(0.911772404452,-1.));
#4956 = CARTESIAN_POINT('',(0.824968162148,-1.));
#4957 = CARTESIAN_POINT('',(0.740017739996,-1.));
#4958 = CARTESIAN_POINT('',(0.657154569021,-1.));
#4959 = CARTESIAN_POINT('',(0.576482628437,-1.));
#4960 = CARTESIAN_POINT('',(0.408079903134,-1.));
#4961 = CARTESIAN_POINT('',(0.321047733242,-1.));
#4962 = CARTESIAN_POINT('',(0.236858321268,-1.));
#4963 = CARTESIAN_POINT('',(0.155398270924,-1.));
#4964 = CARTESIAN_POINT('',(7.651099029896E-02,-1.));
#4965 = CARTESIAN_POINT('',(0.,-1.));
#4966 = ( GEOMETRIC_REPRESENTATION_CONTEXT(2) 
PARAMETRIC_REPRESENTATION_CONTEXT() REPRESENTATION_CONTEXT('2D SPACE',''
  ) );
#4967 = ORIENTED_EDGE('',*,*,#4968,.F.);
#4968 = EDGE_CURVE('',#4969,#4912,#4971,.T.);
#4969 = VERTEX_POINT('',#4970);
#4970 = CARTESIAN_POINT('',(8.052197265625,-7.564453125,95.));
#4971 = SURFACE_CURVE('',#4972,(#4987,#5005),.PCURVE_S1.);
#4972 = B_SPLINE_CURVE_WITH_KNOTS('',5,(#4973,#4974,#4975,#4976,#4977,
    #4978,#4979,#4980,#4981,#4982,#4983,#4984,#4985,#4986),
  .UNSPECIFIED.,.F.,.F.,(6,4,4,6),(0.,0.277021016323,0.772228999279,1.),
  .UNSPECIFIED.);
#4973 = CARTESIAN_POINT('',(8.052197265625,-7.564453125,95.));
#4974 = CARTESIAN_POINT('',(8.052197265625,-7.515256840992,95.));
#4975 = CARTESIAN_POINT('',(8.050175165676,-7.466939464632,95.));
#4976 = CARTESIAN_POINT('',(8.045997735952,-7.419631142391,95.));
#4977 = CARTESIAN_POINT('',(8.039532085176,-7.373485257746,95.));
#4978 = CARTESIAN_POINT('',(8.014834938781,-7.248543550746,95.));
#4979 = CARTESIAN_POINT('',(7.991341147138,-7.172628103263,95.));
#4980 = CARTESIAN_POINT('',(7.959594930044,-7.101929910256,95.));
#4981 = CARTESIAN_POINT('',(7.919310725439,-7.037406211732,95.));
#4982 = CARTESIAN_POINT('',(7.848757253113,-6.953063579872,95.));
#4983 = CARTESIAN_POINT('',(7.824825109627,-6.927916833126,95.));
#4984 = CARTESIAN_POINT('',(7.799233390197,-6.904247056087,95.));
#4985 = CARTESIAN_POINT('',(7.772048733197,-6.882082119152,95.));
#4986 = CARTESIAN_POINT('',(7.743359375,-6.86142578125,95.));
#4987 = PCURVE('',#2372,#4988);
#4988 = DEFINITIONAL_REPRESENTATION('',(#4989),#5004);
#4989 = B_SPLINE_CURVE_WITH_KNOTS('',5,(#4990,#4991,#4992,#4993,#4994,
    #4995,#4996,#4997,#4998,#4999,#5000,#5001,#5002,#5003),
  .UNSPECIFIED.,.F.,.F.,(6,4,4,6),(0.,0.277021016323,0.772228999279,1.),
  .UNSPECIFIED.);
#4990 = CARTESIAN_POINT('',(8.052197265625,-7.564453125));
#4991 = CARTESIAN_POINT('',(8.052197265625,-7.515256840992));
#4992 = CARTESIAN_POINT('',(8.050175165676,-7.466939464632));
#4993 = CARTESIAN_POINT('',(8.045997735952,-7.419631142391));
#4994 = CARTESIAN_POINT('',(8.039532085176,-7.373485257746));
#4995 = CARTESIAN_POINT('',(8.014834938781,-7.248543550746));
#4996 = CARTESIAN_POINT('',(7.991341147138,-7.172628103263));
#4997 = CARTESIAN_POINT('',(7.959594930044,-7.101929910256));
#4998 = CARTESIAN_POINT('',(7.919310725439,-7.037406211732));
#4999 = CARTESIAN_POINT('',(7.848757253113,-6.953063579872));
#5000 = CARTESIAN_POINT('',(7.824825109627,-6.927916833126));
#5001 = CARTESIAN_POINT('',(7.799233390197,-6.904247056087));
#5002 = CARTESIAN_POINT('',(7.772048733197,-6.882082119152));
#5003 = CARTESIAN_POINT('',(7.743359375,-6.86142578125));
#5004 = ( GEOMETRIC_REPRESENTATION_CONTEXT(2) 
PARAMETRIC_REPRESENTATION_CONTEXT() REPRESENTATION_CONTEXT('2D SPACE',''
  ) );
#5005 = PCURVE('',#5006,#5013);
#5006 = SURFACE_OF_LINEAR_EXTRUSION('',#5007,#5011);
#5007 = B_SPLINE_CURVE_WITH_KNOTS('',2,(#5008,#5009,#5010),
  .UNSPECIFIED.,.F.,.F.,(3,3),(0.,1.),.PIECEWISE_BEZIER_KNOTS.);
#5008 = CARTESIAN_POINT('',(7.743359375,-6.86142578125,94.));
#5009 = CARTESIAN_POINT('',(8.052197265625,-7.0837890625,94.));
#5010 = CARTESIAN_POINT('',(8.052197265625,-7.564453125,94.));
#5011 = VECTOR('',#5012,1.);
#5012 = DIRECTION('',(-0.,-0.,-1.));
#5013 = DEFINITIONAL_REPRESENTATION('',(#5014),#5029);
#5014 = B_SPLINE_CURVE_WITH_KNOTS('',5,(#5015,#5016,#5017,#5018,#5019,
    #5020,#5021,#5022,#5023,#5024,#5025,#5026,#5027,#5028),
  .UNSPECIFIED.,.F.,.F.,(6,4,4,6),(0.,0.277021016323,0.772228999279,1.),
  .UNSPECIFIED.);
#5015 = CARTESIAN_POINT('',(1.,-1.));
#5016 = CARTESIAN_POINT('',(0.948824670029,-1.));
#5017 = CARTESIAN_POINT('',(0.89680435987,-1.));
#5018 = CARTESIAN_POINT('',(0.843958540389,-1.));
#5019 = CARTESIAN_POINT('',(0.790331148764,-1.));
#5020 = CARTESIAN_POINT('',(0.638876615832,-1.));
#5021 = CARTESIAN_POINT('',(0.53946747757,-1.));
#5022 = CARTESIAN_POINT('',(0.438305790891,-1.));
#5023 = CARTESIAN_POINT('',(0.336138861804,-1.));
#5024 = CARTESIAN_POINT('',(0.187021212165,-1.));
#5025 = CARTESIAN_POINT('',(0.140041705249,-1.));
#5026 = CARTESIAN_POINT('',(9.31547377387E-02,-1.));
#5027 = CARTESIAN_POINT('',(4.644727714471E-02,-1.));
#5028 = CARTESIAN_POINT('',(0.,-1.));
#5029 = ( GEOMETRIC_REPRESENTATION_CONTEXT(2) 
PARAMETRIC_REPRESENTATION_CONTEXT() REPRESENTATION_CONTEXT('2D SPACE',''
  ) );
#5030 = ORIENTED_EDGE('',*,*,#5031,.F.);
#5031 = EDGE_CURVE('',#5032,#4969,#5034,.T.);
#5032 = VERTEX_POINT('',#5033);
#5033 = CARTESIAN_POINT('',(7.8916015625,-8.11025390625,95.));
#5034 = SURFACE_CURVE('',#5035,(#5046,#5060),.PCURVE_S1.);
#5035 = B_SPLINE_CURVE_WITH_KNOTS('',5,(#5036,#5037,#5038,#5039,#5040,
    #5041,#5042,#5043,#5044,#5045),.UNSPECIFIED.,.F.,.F.,(6,4,6),(0.,
    0.480749441405,1.),.UNSPECIFIED.);
#5036 = CARTESIAN_POINT('',(7.8916015625,-8.11025390625,95.));
#5037 = CARTESIAN_POINT('',(7.923094489944,-8.0684101565,95.));
#5038 = CARTESIAN_POINT('',(7.95073323342,-8.023697722515,95.));
#5039 = CARTESIAN_POINT('',(7.974433475086,-7.976222726082,95.));
#5040 = CARTESIAN_POINT('',(7.99419817531,-7.926141380351,95.));
#5041 = CARTESIAN_POINT('',(8.027271308518,-7.816948002617,95.));
#5042 = CARTESIAN_POINT('',(8.039936698307,-7.757431080959,95.));
#5043 = CARTESIAN_POINT('',(8.048183800845,-7.695335564302,95.));
#5044 = CARTESIAN_POINT('',(8.052197265625,-7.630925089274,95.));
#5045 = CARTESIAN_POINT('',(8.052197265625,-7.564453125,95.));
#5046 = PCURVE('',#2372,#5047);
#5047 = DEFINITIONAL_REPRESENTATION('',(#5048),#5059);
#5048 = B_SPLINE_CURVE_WITH_KNOTS('',5,(#5049,#5050,#5051,#5052,#5053,
    #5054,#5055,#5056,#5057,#5058),.UNSPECIFIED.,.F.,.F.,(6,4,6),(0.,
    0.480749441405,1.),.UNSPECIFIED.);
#5049 = CARTESIAN_POINT('',(7.8916015625,-8.11025390625));
#5050 = CARTESIAN_POINT('',(7.923094489944,-8.0684101565));
#5051 = CARTESIAN_POINT('',(7.95073323342,-8.023697722515));
#5052 = CARTESIAN_POINT('',(7.974433475086,-7.976222726082));
#5053 = CARTESIAN_POINT('',(7.99419817531,-7.926141380351));
#5054 = CARTESIAN_POINT('',(8.027271308518,-7.816948002617));
#5055 = CARTESIAN_POINT('',(8.039936698307,-7.757431080959));
#5056 = CARTESIAN_POINT('',(8.048183800845,-7.695335564302));
#5057 = CARTESIAN_POINT('',(8.052197265625,-7.630925089274));
#5058 = CARTESIAN_POINT('',(8.052197265625,-7.564453125));
#5059 = ( GEOMETRIC_REPRESENTATION_CONTEXT(2) 
PARAMETRIC_REPRESENTATION_CONTEXT() REPRESENTATION_CONTEXT('2D SPACE',''
  ) );
#5060 = PCURVE('',#5061,#5068);
#5061 = SURFACE_OF_LINEAR_EXTRUSION('',#5062,#5066);
#5062 = B_SPLINE_CURVE_WITH_KNOTS('',2,(#5063,#5064,#5065),
  .UNSPECIFIED.,.F.,.F.,(3,3),(0.,1.),.PIECEWISE_BEZIER_KNOTS.);
#5063 = CARTESIAN_POINT('',(8.052197265625,-7.564453125,94.));
#5064 = CARTESIAN_POINT('',(8.052197265625,-7.896875,94.));
#5065 = CARTESIAN_POINT('',(7.8916015625,-8.11025390625,94.));
#5066 = VECTOR('',#5067,1.);
#5067 = DIRECTION('',(-0.,-0.,-1.));
#5068 = DEFINITIONAL_REPRESENTATION('',(#5069),#5080);
#5069 = B_SPLINE_CURVE_WITH_KNOTS('',5,(#5070,#5071,#5072,#5073,#5074,
    #5075,#5076,#5077,#5078,#5079),.UNSPECIFIED.,.F.,.F.,(6,4,6),(0.,
    0.480749441405,1.),.UNSPECIFIED.);
#5070 = CARTESIAN_POINT('',(1.,-1.));
#5071 = CARTESIAN_POINT('',(0.901949657336,-1.));
#5072 = CARTESIAN_POINT('',(0.803881661384,-1.));
#5073 = CARTESIAN_POINT('',(0.706049640343,-1.));
#5074 = CARTESIAN_POINT('',(0.608685255794,-1.));
#5075 = CARTESIAN_POINT('',(0.407571645529,-1.));
#5076 = CARTESIAN_POINT('',(0.303930372597,-1.));
#5077 = CARTESIAN_POINT('',(0.201336712803,-1.));
#5078 = CARTESIAN_POINT('',(9.998133286735E-02,-1.));
#5079 = CARTESIAN_POINT('',(0.,-1.));
#5080 = ( GEOMETRIC_REPRESENTATION_CONTEXT(2) 
PARAMETRIC_REPRESENTATION_CONTEXT() REPRESENTATION_CONTEXT('2D SPACE',''
  ) );
#5081 = ORIENTED_EDGE('',*,*,#5082,.F.);
#5082 = EDGE_CURVE('',#5083,#5032,#5085,.T.);
#5083 = VERTEX_POINT('',#5084);
#5084 = CARTESIAN_POINT('',(7.407568359375,-8.42470703125,95.));
#5085 = SURFACE_CURVE('',#5086,(#5097,#5111),.PCURVE_S1.);
#5086 = B_SPLINE_CURVE_WITH_KNOTS('',5,(#5087,#5088,#5089,#5090,#5091,
    #5092,#5093,#5094,#5095,#5096),.UNSPECIFIED.,.F.,.F.,(6,4,6),(0.,
    0.54087590651,1.),.UNSPECIFIED.);
#5087 = CARTESIAN_POINT('',(7.407568359375,-8.42470703125,95.));
#5088 = CARTESIAN_POINT('',(7.474765050977,-8.403708065124,95.));
#5089 = CARTESIAN_POINT('',(7.53855843418,-8.379370065321,95.));
#5090 = CARTESIAN_POINT('',(7.598602383821,-8.351542447835,95.));
#5091 = CARTESIAN_POINT('',(7.654545260435,-8.320111982785,95.));
#5092 = CARTESIAN_POINT('',(7.749846068045,-8.255301192236,95.));
#5093 = CARTESIAN_POINT('',(7.790434412064,-8.222932569332,95.));
#5094 = CARTESIAN_POINT('',(7.82767349154,-8.187939411906,95.));
#5095 = CARTESIAN_POINT('',(7.861422827826,-8.150351525747,95.));
#5096 = CARTESIAN_POINT('',(7.8916015625,-8.11025390625,95.));
#5097 = PCURVE('',#2372,#5098);
#5098 = DEFINITIONAL_REPRESENTATION('',(#5099),#5110);
#5099 = B_SPLINE_CURVE_WITH_KNOTS('',5,(#5100,#5101,#5102,#5103,#5104,
    #5105,#5106,#5107,#5108,#5109),.UNSPECIFIED.,.F.,.F.,(6,4,6),(0.,
    0.54087590651,1.),.UNSPECIFIED.);
#5100 = CARTESIAN_POINT('',(7.407568359375,-8.42470703125));
#5101 = CARTESIAN_POINT('',(7.474765050977,-8.403708065124));
#5102 = CARTESIAN_POINT('',(7.53855843418,-8.379370065321));
#5103 = CARTESIAN_POINT('',(7.598602383821,-8.351542447835));
#5104 = CARTESIAN_POINT('',(7.654545260435,-8.320111982785));
#5105 = CARTESIAN_POINT('',(7.749846068045,-8.255301192236));
#5106 = CARTESIAN_POINT('',(7.790434412064,-8.222932569332));
#5107 = CARTESIAN_POINT('',(7.82767349154,-8.187939411906));
#5108 = CARTESIAN_POINT('',(7.861422827826,-8.150351525747));
#5109 = CARTESIAN_POINT('',(7.8916015625,-8.11025390625));
#5110 = ( GEOMETRIC_REPRESENTATION_CONTEXT(2) 
PARAMETRIC_REPRESENTATION_CONTEXT() REPRESENTATION_CONTEXT('2D SPACE',''
  ) );
#5111 = PCURVE('',#5112,#5119);
#5112 = SURFACE_OF_LINEAR_EXTRUSION('',#5113,#5117);
#5113 = B_SPLINE_CURVE_WITH_KNOTS('',2,(#5114,#5115,#5116),
  .UNSPECIFIED.,.F.,.F.,(3,3),(0.,1.),.PIECEWISE_BEZIER_KNOTS.);
#5114 = CARTESIAN_POINT('',(7.8916015625,-8.11025390625,94.));
#5115 = CARTESIAN_POINT('',(7.731005859375,-8.3236328125,94.));
#5116 = CARTESIAN_POINT('',(7.407568359375,-8.42470703125,94.));
#5117 = VECTOR('',#5118,1.);
#5118 = DIRECTION('',(-0.,-0.,-1.));
#5119 = DEFINITIONAL_REPRESENTATION('',(#5120),#5131);
#5120 = B_SPLINE_CURVE_WITH_KNOTS('',5,(#5121,#5122,#5123,#5124,#5125,
    #5126,#5127,#5128,#5129,#5130),.UNSPECIFIED.,.F.,.F.,(6,4,6),(0.,
    0.54087590651,1.),.UNSPECIFIED.);
#5121 = CARTESIAN_POINT('',(1.,-1.));
#5122 = CARTESIAN_POINT('',(0.896121056461,-1.));
#5123 = CARTESIAN_POINT('',(0.790712000819,-1.));
#5124 = CARTESIAN_POINT('',(0.683908768909,-1.));
#5125 = CARTESIAN_POINT('',(0.575910784222,-1.));
#5126 = CARTESIAN_POINT('',(0.374550762614,-1.));
#5127 = CARTESIAN_POINT('',(0.281440383347,-1.));
#5128 = CARTESIAN_POINT('',(0.18784456232,-1.));
#5129 = CARTESIAN_POINT('',(9.395872394611E-02,-1.));
#5130 = CARTESIAN_POINT('',(0.,-1.));
#5131 = ( GEOMETRIC_REPRESENTATION_CONTEXT(2) 
PARAMETRIC_REPRESENTATION_CONTEXT() REPRESENTATION_CONTEXT('2D SPACE',''
  ) );
#5132 = ORIENTED_EDGE('',*,*,#5133,.F.);
#5133 = EDGE_CURVE('',#5134,#5083,#5136,.T.);
#5134 = VERTEX_POINT('',#5135);
#5135 = CARTESIAN_POINT('',(7.725390625,-8.607763671875,95.));
#5136 = SURFACE_CURVE('',#5137,(#5148,#5162),.PCURVE_S1.);
#5137 = B_SPLINE_CURVE_WITH_KNOTS('',5,(#5138,#5139,#5140,#5141,#5142,
    #5143,#5144,#5145,#5146,#5147),.UNSPECIFIED.,.F.,.F.,(6,4,6),(0.,
    0.792668495898,1.),.UNSPECIFIED.);
#5138 = CARTESIAN_POINT('',(7.725390625,-8.607763671875,95.));
#5139 = CARTESIAN_POINT('',(7.681299921146,-8.562967516759,95.));
#5140 = CARTESIAN_POINT('',(7.634643413417,-8.524186787436,95.));
#5141 = CARTESIAN_POINT('',(7.58544890629,-8.491669572761,95.));
#5142 = CARTESIAN_POINT('',(7.533786857349,-8.465574968947,95.));
#5143 = CARTESIAN_POINT('',(7.465654642238,-8.44081338791,95.));
#5144 = CARTESIAN_POINT('',(7.451368215876,-8.436121927102,95.));
#5145 = CARTESIAN_POINT('',(7.436923452941,-8.431873640723,95.));
#5146 = CARTESIAN_POINT('',(7.422322668867,-8.428068772653,95.));
#5147 = CARTESIAN_POINT('',(7.407568359375,-8.42470703125,95.));
#5148 = PCURVE('',#2372,#5149);
#5149 = DEFINITIONAL_REPRESENTATION('',(#5150),#5161);
#5150 = B_SPLINE_CURVE_WITH_KNOTS('',5,(#5151,#5152,#5153,#5154,#5155,
    #5156,#5157,#5158,#5159,#5160),.UNSPECIFIED.,.F.,.F.,(6,4,6),(0.,
    0.792668495898,1.),.UNSPECIFIED.);
#5151 = CARTESIAN_POINT('',(7.725390625,-8.607763671875));
#5152 = CARTESIAN_POINT('',(7.681299921146,-8.562967516759));
#5153 = CARTESIAN_POINT('',(7.634643413417,-8.524186787436));
#5154 = CARTESIAN_POINT('',(7.58544890629,-8.491669572761));
#5155 = CARTESIAN_POINT('',(7.533786857349,-8.465574968947));
#5156 = CARTESIAN_POINT('',(7.465654642238,-8.44081338791));
#5157 = CARTESIAN_POINT('',(7.451368215876,-8.436121927102));
#5158 = CARTESIAN_POINT('',(7.436923452941,-8.431873640723));
#5159 = CARTESIAN_POINT('',(7.422322668867,-8.428068772653));
#5160 = CARTESIAN_POINT('',(7.407568359375,-8.42470703125));
#5161 = ( GEOMETRIC_REPRESENTATION_CONTEXT(2) 
PARAMETRIC_REPRESENTATION_CONTEXT() REPRESENTATION_CONTEXT('2D SPACE',''
  ) );
#5162 = PCURVE('',#5163,#5170);
#5163 = SURFACE_OF_LINEAR_EXTRUSION('',#5164,#5168);
#5164 = B_SPLINE_CURVE_WITH_KNOTS('',2,(#5165,#5166,#5167),
  .UNSPECIFIED.,.F.,.F.,(3,3),(0.,1.),.PIECEWISE_BEZIER_KNOTS.);
#5165 = CARTESIAN_POINT('',(7.407568359375,-8.42470703125,94.));
#5166 = CARTESIAN_POINT('',(7.585009765625,-8.46513671875,94.));
#5167 = CARTESIAN_POINT('',(7.725390625,-8.607763671875,94.));
#5168 = VECTOR('',#5169,1.);
#5169 = DIRECTION('',(-0.,-0.,-1.));
#5170 = DEFINITIONAL_REPRESENTATION('',(#5171),#5182);
#5171 = B_SPLINE_CURVE_WITH_KNOTS('',5,(#5172,#5173,#5174,#5175,#5176,
    #5177,#5178,#5179,#5180,#5181),.UNSPECIFIED.,.F.,.F.,(6,4,6),(0.,
    0.792668495898,1.),.UNSPECIFIED.);
#5172 = CARTESIAN_POINT('',(1.,-1.));
#5173 = CARTESIAN_POINT('',(0.842960414795,-1.));
#5174 = CARTESIAN_POINT('',(0.684920360342,-1.));
#5175 = CARTESIAN_POINT('',(0.526186367345,-1.));
#5176 = CARTESIAN_POINT('',(0.367091986042,-1.));
#5177 = CARTESIAN_POINT('',(0.166387672871,-1.));
#5178 = CARTESIAN_POINT('',(0.124775234453,-1.));
#5179 = CARTESIAN_POINT('',(8.316897770891E-02,-1.));
#5180 = CARTESIAN_POINT('',(4.157515938205E-02,-1.));
#5181 = CARTESIAN_POINT('',(0.,-1.));
#5182 = ( GEOMETRIC_REPRESENTATION_CONTEXT(2) 
PARAMETRIC_REPRESENTATION_CONTEXT() REPRESENTATION_CONTEXT('2D SPACE',''
  ) );
#5183 = ORIENTED_EDGE('',*,*,#5184,.F.);
#5184 = EDGE_CURVE('',#5185,#5134,#5187,.T.);
#5185 = VERTEX_POINT('',#5186);
#5186 = CARTESIAN_POINT('',(8.009521484375,-9.04013671875,95.));
#5187 = SURFACE_CURVE('',#5188,(#5196,#5207),.PCURVE_S1.);
#5188 = B_SPLINE_CURVE_WITH_KNOTS('',6,(#5189,#5190,#5191,#5192,#5193,
    #5194,#5195),.UNSPECIFIED.,.F.,.F.,(7,7),(0.,1.),
  .PIECEWISE_BEZIER_KNOTS.);
#5189 = CARTESIAN_POINT('',(8.009521484375,-9.04013671875,95.));
#5190 = CARTESIAN_POINT('',(7.964114511504,-8.948613289056,95.));
#5191 = CARTESIAN_POINT('',(7.917862490949,-8.863787380343,95.));
#5192 = CARTESIAN_POINT('',(7.870785218609,-8.786425647977,95.));
#5193 = CARTESIAN_POINT('',(7.82293913472,-8.717391272274,95.));
#5194 = CARTESIAN_POINT('',(7.774422837209,-8.657580399479,95.));
#5195 = CARTESIAN_POINT('',(7.725390625,-8.607763671875,95.));
#5196 = PCURVE('',#2372,#5197);
#5197 = DEFINITIONAL_REPRESENTATION('',(#5198),#5206);
#5198 = B_SPLINE_CURVE_WITH_KNOTS('',6,(#5199,#5200,#5201,#5202,#5203,
    #5204,#5205),.UNSPECIFIED.,.F.,.F.,(7,7),(0.,1.),
  .PIECEWISE_BEZIER_KNOTS.);
#5199 = CARTESIAN_POINT('',(8.009521484375,-9.04013671875));
#5200 = CARTESIAN_POINT('',(7.964114511504,-8.948613289056));
#5201 = CARTESIAN_POINT('',(7.917862490949,-8.863787380343));
#5202 = CARTESIAN_POINT('',(7.870785218609,-8.786425647977));
#5203 = CARTESIAN_POINT('',(7.82293913472,-8.717391272274));
#5204 = CARTESIAN_POINT('',(7.774422837209,-8.657580399479));
#5205 = CARTESIAN_POINT('',(7.725390625,-8.607763671875));
#5206 = ( GEOMETRIC_REPRESENTATION_CONTEXT(2) 
PARAMETRIC_REPRESENTATION_CONTEXT() REPRESENTATION_CONTEXT('2D SPACE',''
  ) );
#5207 = PCURVE('',#5208,#5215);
#5208 = SURFACE_OF_LINEAR_EXTRUSION('',#5209,#5213);
#5209 = B_SPLINE_CURVE_WITH_KNOTS('',2,(#5210,#5211,#5212),
  .UNSPECIFIED.,.F.,.F.,(3,3),(0.,1.),.PIECEWISE_BEZIER_KNOTS.);
#5210 = CARTESIAN_POINT('',(7.725390625,-8.607763671875,94.));
#5211 = CARTESIAN_POINT('',(7.865771484375,-8.750390625,94.));
#5212 = CARTESIAN_POINT('',(8.009521484375,-9.04013671875,94.));
#5213 = VECTOR('',#5214,1.);
#5214 = DIRECTION('',(-0.,-0.,-1.));
#5215 = DEFINITIONAL_REPRESENTATION('',(#5216),#5224);
#5216 = B_SPLINE_CURVE_WITH_KNOTS('',6,(#5217,#5218,#5219,#5220,#5221,
    #5222,#5223),.UNSPECIFIED.,.F.,.F.,(7,7),(0.,1.),
  .PIECEWISE_BEZIER_KNOTS.);
#5217 = CARTESIAN_POINT('',(1.,-1.));
#5218 = CARTESIAN_POINT('',(0.842062703056,-1.));
#5219 = CARTESIAN_POINT('',(0.68048456088,-1.));
#5220 = CARTESIAN_POINT('',(0.515273737829,-1.));
#5221 = CARTESIAN_POINT('',(0.346563964188,-1.));
#5222 = CARTESIAN_POINT('',(0.174639948875,-1.));
#5223 = CARTESIAN_POINT('',(0.,-1.));
#5224 = ( GEOMETRIC_REPRESENTATION_CONTEXT(2) 
PARAMETRIC_REPRESENTATION_CONTEXT() REPRESENTATION_CONTEXT('2D SPACE',''
  ) );
#5225 = ORIENTED_EDGE('',*,*,#5226,.F.);
#5226 = EDGE_CURVE('',#2356,#5185,#5227,.T.);
#5227 = SURFACE_CURVE('',#5228,(#5232,#5238),.PCURVE_S1.);
#5228 = LINE('',#5229,#5230);
#5229 = CARTESIAN_POINT('',(5.434160982292,-3.815481920267,95.));
#5230 = VECTOR('',#5231,1.);
#5231 = DIRECTION('',(-0.442129307657,0.89695132271,0.));
#5232 = PCURVE('',#2372,#5233);
#5233 = DEFINITIONAL_REPRESENTATION('',(#5234),#5237);
#5234 = B_SPLINE_CURVE_WITH_KNOTS('',1,(#5235,#5236),.UNSPECIFIED.,.F.,
  .F.,(2,2),(-6.886659723987,-5.824903387954),.PIECEWISE_BEZIER_KNOTS.);
#5235 = CARTESIAN_POINT('',(8.478955078125,-9.99248046875));
#5236 = CARTESIAN_POINT('',(8.009521484375,-9.04013671875));
#5237 = ( GEOMETRIC_REPRESENTATION_CONTEXT(2) 
PARAMETRIC_REPRESENTATION_CONTEXT() REPRESENTATION_CONTEXT('2D SPACE',''
  ) );
#5238 = PCURVE('',#2404,#5239);
#5239 = DEFINITIONAL_REPRESENTATION('',(#5240),#5243);
#5240 = B_SPLINE_CURVE_WITH_KNOTS('',1,(#5241,#5242),.UNSPECIFIED.,.F.,
  .F.,(2,2),(-6.886659723987,-5.824903387954),.PIECEWISE_BEZIER_KNOTS.);
#5241 = CARTESIAN_POINT('',(1.061756336032,-1.));
#5242 = CARTESIAN_POINT('',(0.,-1.));
#5243 = ( GEOMETRIC_REPRESENTATION_CONTEXT(2) 
PARAMETRIC_REPRESENTATION_CONTEXT() REPRESENTATION_CONTEXT('2D SPACE',''
  ) );
#5244 = FACE_BOUND('',#5245,.T.);
#5245 = EDGE_LOOP('',(#5246,#5274,#5300,#5326,#5352,#5378,#5404,#5430,
    #5456,#5482,#5508));
#5246 = ORIENTED_EDGE('',*,*,#5247,.F.);
#5247 = EDGE_CURVE('',#5248,#5250,#5252,.T.);
#5248 = VERTEX_POINT('',#5249);
#5249 = CARTESIAN_POINT('',(-5.0537109375E-02,-6.6390625,95.));
#5250 = VERTEX_POINT('',#5251);
#5251 = CARTESIAN_POINT('',(-1.393701171875,-8.64033203125,95.));
#5252 = SURFACE_CURVE('',#5253,(#5257,#5263),.PCURVE_S1.);
#5253 = LINE('',#5254,#5255);
#5254 = CARTESIAN_POINT('',(0.821749982979,-5.339383905874,95.));
#5255 = VECTOR('',#5256,1.);
#5256 = DIRECTION('',(-0.557278183537,-0.830325855404,0.));
#5257 = PCURVE('',#2372,#5258);
#5258 = DEFINITIONAL_REPRESENTATION('',(#5259),#5262);
#5259 = B_SPLINE_CURVE_WITH_KNOTS('',1,(#5260,#5261),.UNSPECIFIED.,.F.,
  .F.,(2,2),(1.565263306769,3.975485171141),.PIECEWISE_BEZIER_KNOTS.);
#5260 = CARTESIAN_POINT('',(-5.0537109375E-02,-6.6390625));
#5261 = CARTESIAN_POINT('',(-1.393701171875,-8.64033203125));
#5262 = ( GEOMETRIC_REPRESENTATION_CONTEXT(2) 
PARAMETRIC_REPRESENTATION_CONTEXT() REPRESENTATION_CONTEXT('2D SPACE',''
  ) );
#5263 = PCURVE('',#5264,#5269);
#5264 = PLANE('',#5265);
#5265 = AXIS2_PLACEMENT_3D('',#5266,#5267,#5268);
#5266 = CARTESIAN_POINT('',(-1.393701171875,-8.64033203125,94.));
#5267 = DIRECTION('',(-0.830325855404,0.557278183537,0.));
#5268 = DIRECTION('',(0.557278183537,0.830325855404,0.));
#5269 = DEFINITIONAL_REPRESENTATION('',(#5270),#5273);
#5270 = B_SPLINE_CURVE_WITH_KNOTS('',1,(#5271,#5272),.UNSPECIFIED.,.F.,
  .F.,(2,2),(1.565263306769,3.975485171141),.PIECEWISE_BEZIER_KNOTS.);
#5271 = CARTESIAN_POINT('',(2.410221864373,-1.));
#5272 = CARTESIAN_POINT('',(0.,-1.));
#5273 = ( GEOMETRIC_REPRESENTATION_CONTEXT(2) 
PARAMETRIC_REPRESENTATION_CONTEXT() REPRESENTATION_CONTEXT('2D SPACE',''
  ) );
#5274 = ORIENTED_EDGE('',*,*,#5275,.F.);
#5275 = EDGE_CURVE('',#5276,#5248,#5278,.T.);
#5276 = VERTEX_POINT('',#5277);
#5277 = CARTESIAN_POINT('',(0.910791015625,-6.6390625,95.));
#5278 = SURFACE_CURVE('',#5279,(#5283,#5289),.PCURVE_S1.);
#5279 = LINE('',#5280,#5281);
#5280 = CARTESIAN_POINT('',(-2.52685546875E-02,-6.6390625,95.));
#5281 = VECTOR('',#5282,1.);
#5282 = DIRECTION('',(-1.,0.,0.));
#5283 = PCURVE('',#2372,#5284);
#5284 = DEFINITIONAL_REPRESENTATION('',(#5285),#5288);
#5285 = B_SPLINE_CURVE_WITH_KNOTS('',1,(#5286,#5287),.UNSPECIFIED.,.F.,
  .F.,(2,2),(-0.936059570312,2.52685546875E-02),
  .PIECEWISE_BEZIER_KNOTS.);
#5286 = CARTESIAN_POINT('',(0.910791015625,-6.6390625));
#5287 = CARTESIAN_POINT('',(-5.0537109375E-02,-6.6390625));
#5288 = ( GEOMETRIC_REPRESENTATION_CONTEXT(2) 
PARAMETRIC_REPRESENTATION_CONTEXT() REPRESENTATION_CONTEXT('2D SPACE',''
  ) );
#5289 = PCURVE('',#5290,#5295);
#5290 = PLANE('',#5291);
#5291 = AXIS2_PLACEMENT_3D('',#5292,#5293,#5294);
#5292 = CARTESIAN_POINT('',(-5.0537109375E-02,-6.6390625,94.));
#5293 = DIRECTION('',(0.,1.,0.));
#5294 = DIRECTION('',(1.,0.,0.));
#5295 = DEFINITIONAL_REPRESENTATION('',(#5296),#5299);
#5296 = B_SPLINE_CURVE_WITH_KNOTS('',1,(#5297,#5298),.UNSPECIFIED.,.F.,
  .F.,(2,2),(-0.936059570312,2.52685546875E-02),
  .PIECEWISE_BEZIER_KNOTS.);
#5297 = CARTESIAN_POINT('',(0.961328125,-1.));
#5298 = CARTESIAN_POINT('',(0.,-1.));
#5299 = ( GEOMETRIC_REPRESENTATION_CONTEXT(2) 
PARAMETRIC_REPRESENTATION_CONTEXT() REPRESENTATION_CONTEXT('2D SPACE',''
  ) );
#5300 = ORIENTED_EDGE('',*,*,#5301,.F.);
#5301 = EDGE_CURVE('',#5302,#5276,#5304,.T.);
#5302 = VERTEX_POINT('',#5303);
#5303 = CARTESIAN_POINT('',(0.910791015625,-8.7548828125,95.));
#5304 = SURFACE_CURVE('',#5305,(#5309,#5315),.PCURVE_S1.);
#5305 = LINE('',#5306,#5307);
#5306 = CARTESIAN_POINT('',(0.910791015625,-3.31953125,95.));
#5307 = VECTOR('',#5308,1.);
#5308 = DIRECTION('',(0.,1.,0.));
#5309 = PCURVE('',#2372,#5310);
#5310 = DEFINITIONAL_REPRESENTATION('',(#5311),#5314);
#5311 = B_SPLINE_CURVE_WITH_KNOTS('',1,(#5312,#5313),.UNSPECIFIED.,.F.,
  .F.,(2,2),(-5.4353515625,-3.31953125),.PIECEWISE_BEZIER_KNOTS.);
#5312 = CARTESIAN_POINT('',(0.910791015625,-8.7548828125));
#5313 = CARTESIAN_POINT('',(0.910791015625,-6.6390625));
#5314 = ( GEOMETRIC_REPRESENTATION_CONTEXT(2) 
PARAMETRIC_REPRESENTATION_CONTEXT() REPRESENTATION_CONTEXT('2D SPACE',''
  ) );
#5315 = PCURVE('',#5316,#5321);
#5316 = PLANE('',#5317);
#5317 = AXIS2_PLACEMENT_3D('',#5318,#5319,#5320);
#5318 = CARTESIAN_POINT('',(0.910791015625,-6.6390625,94.));
#5319 = DIRECTION('',(1.,0.,0.));
#5320 = DIRECTION('',(0.,-1.,0.));
#5321 = DEFINITIONAL_REPRESENTATION('',(#5322),#5325);
#5322 = B_SPLINE_CURVE_WITH_KNOTS('',1,(#5323,#5324),.UNSPECIFIED.,.F.,
  .F.,(2,2),(-5.4353515625,-3.31953125),.PIECEWISE_BEZIER_KNOTS.);
#5323 = CARTESIAN_POINT('',(2.1158203125,-1.));
#5324 = CARTESIAN_POINT('',(0.,-1.));
#5325 = ( GEOMETRIC_REPRESENTATION_CONTEXT(2) 
PARAMETRIC_REPRESENTATION_CONTEXT() REPRESENTATION_CONTEXT('2D SPACE',''
  ) );
#5326 = ORIENTED_EDGE('',*,*,#5327,.F.);
#5327 = EDGE_CURVE('',#5328,#5302,#5330,.T.);
#5328 = VERTEX_POINT('',#5329);
#5329 = CARTESIAN_POINT('',(1.389208984375,-8.7548828125,95.));
#5330 = SURFACE_CURVE('',#5331,(#5335,#5341),.PCURVE_S1.);
#5331 = LINE('',#5332,#5333);
#5332 = CARTESIAN_POINT('',(0.455395507812,-8.7548828125,95.));
#5333 = VECTOR('',#5334,1.);
#5334 = DIRECTION('',(-1.,0.,0.));
#5335 = PCURVE('',#2372,#5336);
#5336 = DEFINITIONAL_REPRESENTATION('',(#5337),#5340);
#5337 = B_SPLINE_CURVE_WITH_KNOTS('',1,(#5338,#5339),.UNSPECIFIED.,.F.,
  .F.,(2,2),(-0.933813476562,-0.455395507812),.PIECEWISE_BEZIER_KNOTS.);
#5338 = CARTESIAN_POINT('',(1.389208984375,-8.7548828125));
#5339 = CARTESIAN_POINT('',(0.910791015625,-8.7548828125));
#5340 = ( GEOMETRIC_REPRESENTATION_CONTEXT(2) 
PARAMETRIC_REPRESENTATION_CONTEXT() REPRESENTATION_CONTEXT('2D SPACE',''
  ) );
#5341 = PCURVE('',#5342,#5347);
#5342 = PLANE('',#5343);
#5343 = AXIS2_PLACEMENT_3D('',#5344,#5345,#5346);
#5344 = CARTESIAN_POINT('',(0.910791015625,-8.7548828125,94.));
#5345 = DIRECTION('',(0.,1.,0.));
#5346 = DIRECTION('',(1.,0.,0.));
#5347 = DEFINITIONAL_REPRESENTATION('',(#5348),#5351);
#5348 = B_SPLINE_CURVE_WITH_KNOTS('',1,(#5349,#5350),.UNSPECIFIED.,.F.,
  .F.,(2,2),(-0.933813476562,-0.455395507812),.PIECEWISE_BEZIER_KNOTS.);
#5349 = CARTESIAN_POINT('',(0.47841796875,-1.));
#5350 = CARTESIAN_POINT('',(0.,-1.));
#5351 = ( GEOMETRIC_REPRESENTATION_CONTEXT(2) 
PARAMETRIC_REPRESENTATION_CONTEXT() REPRESENTATION_CONTEXT('2D SPACE',''
  ) );
#5352 = ORIENTED_EDGE('',*,*,#5353,.F.);
#5353 = EDGE_CURVE('',#5354,#5328,#5356,.T.);
#5354 = VERTEX_POINT('',#5355);
#5355 = CARTESIAN_POINT('',(1.389208984375,-9.38154296875,95.));
#5356 = SURFACE_CURVE('',#5357,(#5361,#5367),.PCURVE_S1.);
#5357 = LINE('',#5358,#5359);
#5358 = CARTESIAN_POINT('',(1.389208984375,-4.37744140625,95.));
#5359 = VECTOR('',#5360,1.);
#5360 = DIRECTION('',(0.,1.,0.));
#5361 = PCURVE('',#2372,#5362);
#5362 = DEFINITIONAL_REPRESENTATION('',(#5363),#5366);
#5363 = B_SPLINE_CURVE_WITH_KNOTS('',1,(#5364,#5365),.UNSPECIFIED.,.F.,
  .F.,(2,2),(-5.0041015625,-4.37744140625),.PIECEWISE_BEZIER_KNOTS.);
#5364 = CARTESIAN_POINT('',(1.389208984375,-9.38154296875));
#5365 = CARTESIAN_POINT('',(1.389208984375,-8.7548828125));
#5366 = ( GEOMETRIC_REPRESENTATION_CONTEXT(2) 
PARAMETRIC_REPRESENTATION_CONTEXT() REPRESENTATION_CONTEXT('2D SPACE',''
  ) );
#5367 = PCURVE('',#5368,#5373);
#5368 = PLANE('',#5369);
#5369 = AXIS2_PLACEMENT_3D('',#5370,#5371,#5372);
#5370 = CARTESIAN_POINT('',(1.389208984375,-8.7548828125,94.));
#5371 = DIRECTION('',(1.,0.,0.));
#5372 = DIRECTION('',(0.,-1.,0.));
#5373 = DEFINITIONAL_REPRESENTATION('',(#5374),#5377);
#5374 = B_SPLINE_CURVE_WITH_KNOTS('',1,(#5375,#5376),.UNSPECIFIED.,.F.,
  .F.,(2,2),(-5.0041015625,-4.37744140625),.PIECEWISE_BEZIER_KNOTS.);
#5375 = CARTESIAN_POINT('',(0.62666015625,-1.));
#5376 = CARTESIAN_POINT('',(0.,-1.));
#5377 = ( GEOMETRIC_REPRESENTATION_CONTEXT(2) 
PARAMETRIC_REPRESENTATION_CONTEXT() REPRESENTATION_CONTEXT('2D SPACE',''
  ) );
#5378 = ORIENTED_EDGE('',*,*,#5379,.F.);
#5379 = EDGE_CURVE('',#5380,#5354,#5382,.T.);
#5380 = VERTEX_POINT('',#5381);
#5381 = CARTESIAN_POINT('',(0.910791015625,-9.38154296875,95.));
#5382 = SURFACE_CURVE('',#5383,(#5387,#5393),.PCURVE_S1.);
#5383 = LINE('',#5384,#5385);
#5384 = CARTESIAN_POINT('',(0.694604492187,-9.38154296875,95.));
#5385 = VECTOR('',#5386,1.);
#5386 = DIRECTION('',(1.,0.,-0.));
#5387 = PCURVE('',#2372,#5388);
#5388 = DEFINITIONAL_REPRESENTATION('',(#5389),#5392);
#5389 = B_SPLINE_CURVE_WITH_KNOTS('',1,(#5390,#5391),.UNSPECIFIED.,.F.,
  .F.,(2,2),(0.216186523437,0.694604492187),.PIECEWISE_BEZIER_KNOTS.);
#5390 = CARTESIAN_POINT('',(0.910791015625,-9.38154296875));
#5391 = CARTESIAN_POINT('',(1.389208984375,-9.38154296875));
#5392 = ( GEOMETRIC_REPRESENTATION_CONTEXT(2) 
PARAMETRIC_REPRESENTATION_CONTEXT() REPRESENTATION_CONTEXT('2D SPACE',''
  ) );
#5393 = PCURVE('',#5394,#5399);
#5394 = PLANE('',#5395);
#5395 = AXIS2_PLACEMENT_3D('',#5396,#5397,#5398);
#5396 = CARTESIAN_POINT('',(1.389208984375,-9.38154296875,94.));
#5397 = DIRECTION('',(0.,-1.,0.));
#5398 = DIRECTION('',(-1.,0.,0.));
#5399 = DEFINITIONAL_REPRESENTATION('',(#5400),#5403);
#5400 = B_SPLINE_CURVE_WITH_KNOTS('',1,(#5401,#5402),.UNSPECIFIED.,.F.,
  .F.,(2,2),(0.216186523437,0.694604492187),.PIECEWISE_BEZIER_KNOTS.);
#5401 = CARTESIAN_POINT('',(0.47841796875,-1.));
#5402 = CARTESIAN_POINT('',(0.,-1.));
#5403 = ( GEOMETRIC_REPRESENTATION_CONTEXT(2) 
PARAMETRIC_REPRESENTATION_CONTEXT() REPRESENTATION_CONTEXT('2D SPACE',''
  ) );
#5404 = ORIENTED_EDGE('',*,*,#5405,.F.);
#5405 = EDGE_CURVE('',#5406,#5380,#5408,.T.);
#5406 = VERTEX_POINT('',#5407);
#5407 = CARTESIAN_POINT('',(0.910791015625,-9.99248046875,95.));
#5408 = SURFACE_CURVE('',#5409,(#5413,#5419),.PCURVE_S1.);
#5409 = LINE('',#5410,#5411);
#5410 = CARTESIAN_POINT('',(0.910791015625,-4.690771484375,95.));
#5411 = VECTOR('',#5412,1.);
#5412 = DIRECTION('',(0.,1.,0.));
#5413 = PCURVE('',#2372,#5414);
#5414 = DEFINITIONAL_REPRESENTATION('',(#5415),#5418);
#5415 = B_SPLINE_CURVE_WITH_KNOTS('',1,(#5416,#5417),.UNSPECIFIED.,.F.,
  .F.,(2,2),(-5.301708984375,-4.690771484375),.PIECEWISE_BEZIER_KNOTS.);
#5416 = CARTESIAN_POINT('',(0.910791015625,-9.99248046875));
#5417 = CARTESIAN_POINT('',(0.910791015625,-9.38154296875));
#5418 = ( GEOMETRIC_REPRESENTATION_CONTEXT(2) 
PARAMETRIC_REPRESENTATION_CONTEXT() REPRESENTATION_CONTEXT('2D SPACE',''
  ) );
#5419 = PCURVE('',#5420,#5425);
#5420 = PLANE('',#5421);
#5421 = AXIS2_PLACEMENT_3D('',#5422,#5423,#5424);
#5422 = CARTESIAN_POINT('',(0.910791015625,-9.38154296875,94.));
#5423 = DIRECTION('',(1.,0.,0.));
#5424 = DIRECTION('',(0.,-1.,0.));
#5425 = DEFINITIONAL_REPRESENTATION('',(#5426),#5429);
#5426 = B_SPLINE_CURVE_WITH_KNOTS('',1,(#5427,#5428),.UNSPECIFIED.,.F.,
  .F.,(2,2),(-5.301708984375,-4.690771484375),.PIECEWISE_BEZIER_KNOTS.);
#5427 = CARTESIAN_POINT('',(0.6109375,-1.));
#5428 = CARTESIAN_POINT('',(0.,-1.));
#5429 = ( GEOMETRIC_REPRESENTATION_CONTEXT(2) 
PARAMETRIC_REPRESENTATION_CONTEXT() REPRESENTATION_CONTEXT('2D SPACE',''
  ) );
#5430 = ORIENTED_EDGE('',*,*,#5431,.F.);
#5431 = EDGE_CURVE('',#5432,#5406,#5434,.T.);
#5432 = VERTEX_POINT('',#5433);
#5433 = CARTESIAN_POINT('',(9.3212890625E-02,-9.99248046875,95.));
#5434 = SURFACE_CURVE('',#5435,(#5439,#5445),.PCURVE_S1.);
#5435 = LINE('',#5436,#5437);
#5436 = CARTESIAN_POINT('',(0.455395507812,-9.99248046875,95.));
#5437 = VECTOR('',#5438,1.);
#5438 = DIRECTION('',(1.,0.,-0.));
#5439 = PCURVE('',#2372,#5440);
#5440 = DEFINITIONAL_REPRESENTATION('',(#5441),#5444);
#5441 = B_SPLINE_CURVE_WITH_KNOTS('',1,(#5442,#5443),.UNSPECIFIED.,.F.,
  .F.,(2,2),(-0.362182617188,0.455395507812),.PIECEWISE_BEZIER_KNOTS.);
#5442 = CARTESIAN_POINT('',(9.3212890625E-02,-9.99248046875));
#5443 = CARTESIAN_POINT('',(0.910791015625,-9.99248046875));
#5444 = ( GEOMETRIC_REPRESENTATION_CONTEXT(2) 
PARAMETRIC_REPRESENTATION_CONTEXT() REPRESENTATION_CONTEXT('2D SPACE',''
  ) );
#5445 = PCURVE('',#5446,#5451);
#5446 = PLANE('',#5447);
#5447 = AXIS2_PLACEMENT_3D('',#5448,#5449,#5450);
#5448 = CARTESIAN_POINT('',(0.910791015625,-9.99248046875,94.));
#5449 = DIRECTION('',(0.,-1.,0.));
#5450 = DIRECTION('',(-1.,0.,0.));
#5451 = DEFINITIONAL_REPRESENTATION('',(#5452),#5455);
#5452 = B_SPLINE_CURVE_WITH_KNOTS('',1,(#5453,#5454),.UNSPECIFIED.,.F.,
  .F.,(2,2),(-0.362182617188,0.455395507812),.PIECEWISE_BEZIER_KNOTS.);
#5453 = CARTESIAN_POINT('',(0.817578125,-1.));
#5454 = CARTESIAN_POINT('',(0.,-1.));
#5455 = ( GEOMETRIC_REPRESENTATION_CONTEXT(2) 
PARAMETRIC_REPRESENTATION_CONTEXT() REPRESENTATION_CONTEXT('2D SPACE',''
  ) );
#5456 = ORIENTED_EDGE('',*,*,#5457,.F.);
#5457 = EDGE_CURVE('',#5458,#5432,#5460,.T.);
#5458 = VERTEX_POINT('',#5459);
#5459 = CARTESIAN_POINT('',(9.3212890625E-02,-9.38154296875,95.));
#5460 = SURFACE_CURVE('',#5461,(#5465,#5471),.PCURVE_S1.);
#5461 = LINE('',#5462,#5463);
#5462 = CARTESIAN_POINT('',(9.3212890625E-02,-4.996240234375,95.));
#5463 = VECTOR('',#5464,1.);
#5464 = DIRECTION('',(0.,-1.,0.));
#5465 = PCURVE('',#2372,#5466);
#5466 = DEFINITIONAL_REPRESENTATION('',(#5467),#5470);
#5467 = B_SPLINE_CURVE_WITH_KNOTS('',1,(#5468,#5469),.UNSPECIFIED.,.F.,
  .F.,(2,2),(4.385302734375,4.996240234375),.PIECEWISE_BEZIER_KNOTS.);
#5468 = CARTESIAN_POINT('',(9.3212890625E-02,-9.38154296875));
#5469 = CARTESIAN_POINT('',(9.3212890625E-02,-9.99248046875));
#5470 = ( GEOMETRIC_REPRESENTATION_CONTEXT(2) 
PARAMETRIC_REPRESENTATION_CONTEXT() REPRESENTATION_CONTEXT('2D SPACE',''
  ) );
#5471 = PCURVE('',#5472,#5477);
#5472 = PLANE('',#5473);
#5473 = AXIS2_PLACEMENT_3D('',#5474,#5475,#5476);
#5474 = CARTESIAN_POINT('',(9.3212890625E-02,-9.99248046875,94.));
#5475 = DIRECTION('',(-1.,0.,0.));
#5476 = DIRECTION('',(0.,1.,0.));
#5477 = DEFINITIONAL_REPRESENTATION('',(#5478),#5481);
#5478 = B_SPLINE_CURVE_WITH_KNOTS('',1,(#5479,#5480),.UNSPECIFIED.,.F.,
  .F.,(2,2),(4.385302734375,4.996240234375),.PIECEWISE_BEZIER_KNOTS.);
#5479 = CARTESIAN_POINT('',(0.6109375,-1.));
#5480 = CARTESIAN_POINT('',(0.,-1.));
#5481 = ( GEOMETRIC_REPRESENTATION_CONTEXT(2) 
PARAMETRIC_REPRESENTATION_CONTEXT() REPRESENTATION_CONTEXT('2D SPACE',''
  ) );
#5482 = ORIENTED_EDGE('',*,*,#5483,.F.);
#5483 = EDGE_CURVE('',#5484,#5458,#5486,.T.);
#5484 = VERTEX_POINT('',#5485);
#5485 = CARTESIAN_POINT('',(-1.393701171875,-9.38154296875,95.));
#5486 = SURFACE_CURVE('',#5487,(#5491,#5497),.PCURVE_S1.);
#5487 = LINE('',#5488,#5489);
#5488 = CARTESIAN_POINT('',(4.66064453125E-02,-9.38154296875,95.));
#5489 = VECTOR('',#5490,1.);
#5490 = DIRECTION('',(1.,0.,-0.));
#5491 = PCURVE('',#2372,#5492);
#5492 = DEFINITIONAL_REPRESENTATION('',(#5493),#5496);
#5493 = B_SPLINE_CURVE_WITH_KNOTS('',1,(#5494,#5495),.UNSPECIFIED.,.F.,
  .F.,(2,2),(-1.440307617188,4.66064453125E-02),
  .PIECEWISE_BEZIER_KNOTS.);
#5494 = CARTESIAN_POINT('',(-1.393701171875,-9.38154296875));
#5495 = CARTESIAN_POINT('',(9.3212890625E-02,-9.38154296875));
#5496 = ( GEOMETRIC_REPRESENTATION_CONTEXT(2) 
PARAMETRIC_REPRESENTATION_CONTEXT() REPRESENTATION_CONTEXT('2D SPACE',''
  ) );
#5497 = PCURVE('',#5498,#5503);
#5498 = PLANE('',#5499);
#5499 = AXIS2_PLACEMENT_3D('',#5500,#5501,#5502);
#5500 = CARTESIAN_POINT('',(9.3212890625E-02,-9.38154296875,94.));
#5501 = DIRECTION('',(0.,-1.,0.));
#5502 = DIRECTION('',(-1.,0.,0.));
#5503 = DEFINITIONAL_REPRESENTATION('',(#5504),#5507);
#5504 = B_SPLINE_CURVE_WITH_KNOTS('',1,(#5505,#5506),.UNSPECIFIED.,.F.,
  .F.,(2,2),(-1.440307617188,4.66064453125E-02),
  .PIECEWISE_BEZIER_KNOTS.);
#5505 = CARTESIAN_POINT('',(1.4869140625,-1.));
#5506 = CARTESIAN_POINT('',(0.,-1.));
#5507 = ( GEOMETRIC_REPRESENTATION_CONTEXT(2) 
PARAMETRIC_REPRESENTATION_CONTEXT() REPRESENTATION_CONTEXT('2D SPACE',''
  ) );
#5508 = ORIENTED_EDGE('',*,*,#5509,.F.);
#5509 = EDGE_CURVE('',#5250,#5484,#5510,.T.);
#5510 = SURFACE_CURVE('',#5511,(#5515,#5521),.PCURVE_S1.);
#5511 = LINE('',#5512,#5513);
#5512 = CARTESIAN_POINT('',(-1.393701171875,-4.690771484375,95.));
#5513 = VECTOR('',#5514,1.);
#5514 = DIRECTION('',(0.,-1.,0.));
#5515 = PCURVE('',#2372,#5516);
#5516 = DEFINITIONAL_REPRESENTATION('',(#5517),#5520);
#5517 = B_SPLINE_CURVE_WITH_KNOTS('',1,(#5518,#5519),.UNSPECIFIED.,.F.,
  .F.,(2,2),(3.949560546875,4.690771484375),.PIECEWISE_BEZIER_KNOTS.);
#5518 = CARTESIAN_POINT('',(-1.393701171875,-8.64033203125));
#5519 = CARTESIAN_POINT('',(-1.393701171875,-9.38154296875));
#5520 = ( GEOMETRIC_REPRESENTATION_CONTEXT(2) 
PARAMETRIC_REPRESENTATION_CONTEXT() REPRESENTATION_CONTEXT('2D SPACE',''
  ) );
#5521 = PCURVE('',#5522,#5527);
#5522 = PLANE('',#5523);
#5523 = AXIS2_PLACEMENT_3D('',#5524,#5525,#5526);
#5524 = CARTESIAN_POINT('',(-1.393701171875,-9.38154296875,94.));
#5525 = DIRECTION('',(-1.,0.,0.));
#5526 = DIRECTION('',(0.,1.,0.));
#5527 = DEFINITIONAL_REPRESENTATION('',(#5528),#5531);
#5528 = B_SPLINE_CURVE_WITH_KNOTS('',1,(#5529,#5530),.UNSPECIFIED.,.F.,
  .F.,(2,2),(3.949560546875,4.690771484375),.PIECEWISE_BEZIER_KNOTS.);
#5529 = CARTESIAN_POINT('',(0.7412109375,-1.));
#5530 = CARTESIAN_POINT('',(0.,-1.));
#5531 = ( GEOMETRIC_REPRESENTATION_CONTEXT(2) 
PARAMETRIC_REPRESENTATION_CONTEXT() REPRESENTATION_CONTEXT('2D SPACE',''
  ) );
#5532 = FACE_BOUND('',#5533,.T.);
#5533 = EDGE_LOOP('',(#5534,#5562,#5588,#5614,#5640,#5666,#5692,#5718,
    #5744,#5770,#5796,#5822,#5848,#5874,#5900,#5926,#5952,#5978,#6004,
    #6030));
#5534 = ORIENTED_EDGE('',*,*,#5535,.T.);
#5535 = EDGE_CURVE('',#5536,#5538,#5540,.T.);
#5536 = VERTEX_POINT('',#5537);
#5537 = CARTESIAN_POINT('',(-6.,-0.8,95.));
#5538 = VERTEX_POINT('',#5539);
#5539 = CARTESIAN_POINT('',(-6.,-5.5,95.));
#5540 = SURFACE_CURVE('',#5541,(#5545,#5551),.PCURVE_S1.);
#5541 = LINE('',#5542,#5543);
#5542 = CARTESIAN_POINT('',(-6.,-2.75,95.));
#5543 = VECTOR('',#5544,1.);
#5544 = DIRECTION('',(0.,-1.,0.));
#5545 = PCURVE('',#2372,#5546);
#5546 = DEFINITIONAL_REPRESENTATION('',(#5547),#5550);
#5547 = B_SPLINE_CURVE_WITH_KNOTS('',1,(#5548,#5549),.UNSPECIFIED.,.F.,
  .F.,(2,2),(-1.95,2.75),.PIECEWISE_BEZIER_KNOTS.);
#5548 = CARTESIAN_POINT('',(-6.,-0.8));
#5549 = CARTESIAN_POINT('',(-6.,-5.5));
#5550 = ( GEOMETRIC_REPRESENTATION_CONTEXT(2) 
PARAMETRIC_REPRESENTATION_CONTEXT() REPRESENTATION_CONTEXT('2D SPACE',''
  ) );
#5551 = PCURVE('',#5552,#5557);
#5552 = PLANE('',#5553);
#5553 = AXIS2_PLACEMENT_3D('',#5554,#5555,#5556);
#5554 = CARTESIAN_POINT('',(-6.,-5.5,94.));
#5555 = DIRECTION('',(-1.,0.,0.));
#5556 = DIRECTION('',(0.,1.,0.));
#5557 = DEFINITIONAL_REPRESENTATION('',(#5558),#5561);
#5558 = B_SPLINE_CURVE_WITH_KNOTS('',1,(#5559,#5560),.UNSPECIFIED.,.F.,
  .F.,(2,2),(-1.95,2.75),.PIECEWISE_BEZIER_KNOTS.);
#5559 = CARTESIAN_POINT('',(4.7,-1.));
#5560 = CARTESIAN_POINT('',(0.,-1.));
#5561 = ( GEOMETRIC_REPRESENTATION_CONTEXT(2) 
PARAMETRIC_REPRESENTATION_CONTEXT() REPRESENTATION_CONTEXT('2D SPACE',''
  ) );
#5562 = ORIENTED_EDGE('',*,*,#5563,.T.);
#5563 = EDGE_CURVE('',#5538,#5564,#5566,.T.);
#5564 = VERTEX_POINT('',#5565);
#5565 = CARTESIAN_POINT('',(-7.6,-5.5,95.));
#5566 = SURFACE_CURVE('',#5567,(#5571,#5577),.PCURVE_S1.);
#5567 = LINE('',#5568,#5569);
#5568 = CARTESIAN_POINT('',(-3.8,-5.5,95.));
#5569 = VECTOR('',#5570,1.);
#5570 = DIRECTION('',(-1.,0.,0.));
#5571 = PCURVE('',#2372,#5572);
#5572 = DEFINITIONAL_REPRESENTATION('',(#5573),#5576);
#5573 = B_SPLINE_CURVE_WITH_KNOTS('',1,(#5574,#5575),.UNSPECIFIED.,.F.,
  .F.,(2,2),(2.2,3.8),.PIECEWISE_BEZIER_KNOTS.);
#5574 = CARTESIAN_POINT('',(-6.,-5.5));
#5575 = CARTESIAN_POINT('',(-7.6,-5.5));
#5576 = ( GEOMETRIC_REPRESENTATION_CONTEXT(2) 
PARAMETRIC_REPRESENTATION_CONTEXT() REPRESENTATION_CONTEXT('2D SPACE',''
  ) );
#5577 = PCURVE('',#5578,#5583);
#5578 = PLANE('',#5579);
#5579 = AXIS2_PLACEMENT_3D('',#5580,#5581,#5582);
#5580 = CARTESIAN_POINT('',(-7.6,-5.5,94.));
#5581 = DIRECTION('',(0.,1.,0.));
#5582 = DIRECTION('',(1.,0.,0.));
#5583 = DEFINITIONAL_REPRESENTATION('',(#5584),#5587);
#5584 = B_SPLINE_CURVE_WITH_KNOTS('',1,(#5585,#5586),.UNSPECIFIED.,.F.,
  .F.,(2,2),(2.2,3.8),.PIECEWISE_BEZIER_KNOTS.);
#5585 = CARTESIAN_POINT('',(1.6,-1.));
#5586 = CARTESIAN_POINT('',(0.,-1.));
#5587 = ( GEOMETRIC_REPRESENTATION_CONTEXT(2) 
PARAMETRIC_REPRESENTATION_CONTEXT() REPRESENTATION_CONTEXT('2D SPACE',''
  ) );
#5588 = ORIENTED_EDGE('',*,*,#5589,.T.);
#5589 = EDGE_CURVE('',#5564,#5590,#5592,.T.);
#5590 = VERTEX_POINT('',#5591);
#5591 = CARTESIAN_POINT('',(-7.6,5.5,95.));
#5592 = SURFACE_CURVE('',#5593,(#5597,#5603),.PCURVE_S1.);
#5593 = LINE('',#5594,#5595);
#5594 = CARTESIAN_POINT('',(-7.6,2.75,95.));
#5595 = VECTOR('',#5596,1.);
#5596 = DIRECTION('',(-0.,1.,0.));
#5597 = PCURVE('',#2372,#5598);
#5598 = DEFINITIONAL_REPRESENTATION('',(#5599),#5602);
#5599 = B_SPLINE_CURVE_WITH_KNOTS('',1,(#5600,#5601),.UNSPECIFIED.,.F.,
  .F.,(2,2),(-8.25,2.75),.PIECEWISE_BEZIER_KNOTS.);
#5600 = CARTESIAN_POINT('',(-7.6,-5.5));
#5601 = CARTESIAN_POINT('',(-7.6,5.5));
#5602 = ( GEOMETRIC_REPRESENTATION_CONTEXT(2) 
PARAMETRIC_REPRESENTATION_CONTEXT() REPRESENTATION_CONTEXT('2D SPACE',''
  ) );
#5603 = PCURVE('',#5604,#5609);
#5604 = PLANE('',#5605);
#5605 = AXIS2_PLACEMENT_3D('',#5606,#5607,#5608);
#5606 = CARTESIAN_POINT('',(-7.6,5.5,94.));
#5607 = DIRECTION('',(1.,0.,-0.));
#5608 = DIRECTION('',(0.,-1.,0.));
#5609 = DEFINITIONAL_REPRESENTATION('',(#5610),#5613);
#5610 = B_SPLINE_CURVE_WITH_KNOTS('',1,(#5611,#5612),.UNSPECIFIED.,.F.,
  .F.,(2,2),(-8.25,2.75),.PIECEWISE_BEZIER_KNOTS.);
#5611 = CARTESIAN_POINT('',(11.,-1.));
#5612 = CARTESIAN_POINT('',(0.,-1.));
#5613 = ( GEOMETRIC_REPRESENTATION_CONTEXT(2) 
PARAMETRIC_REPRESENTATION_CONTEXT() REPRESENTATION_CONTEXT('2D SPACE',''
  ) );
#5614 = ORIENTED_EDGE('',*,*,#5615,.T.);
#5615 = EDGE_CURVE('',#5590,#5616,#5618,.T.);
#5616 = VERTEX_POINT('',#5617);
#5617 = CARTESIAN_POINT('',(-6.,5.5,95.));
#5618 = SURFACE_CURVE('',#5619,(#5623,#5629),.PCURVE_S1.);
#5619 = LINE('',#5620,#5621);
#5620 = CARTESIAN_POINT('',(-3.,5.5,95.));
#5621 = VECTOR('',#5622,1.);
#5622 = DIRECTION('',(1.,0.,-0.));
#5623 = PCURVE('',#2372,#5624);
#5624 = DEFINITIONAL_REPRESENTATION('',(#5625),#5628);
#5625 = B_SPLINE_CURVE_WITH_KNOTS('',1,(#5626,#5627),.UNSPECIFIED.,.F.,
  .F.,(2,2),(-4.6,-3.),.PIECEWISE_BEZIER_KNOTS.);
#5626 = CARTESIAN_POINT('',(-7.6,5.5));
#5627 = CARTESIAN_POINT('',(-6.,5.5));
#5628 = ( GEOMETRIC_REPRESENTATION_CONTEXT(2) 
PARAMETRIC_REPRESENTATION_CONTEXT() REPRESENTATION_CONTEXT('2D SPACE',''
  ) );
#5629 = PCURVE('',#5630,#5635);
#5630 = PLANE('',#5631);
#5631 = AXIS2_PLACEMENT_3D('',#5632,#5633,#5634);
#5632 = CARTESIAN_POINT('',(-6.,5.5,94.));
#5633 = DIRECTION('',(0.,-1.,0.));
#5634 = DIRECTION('',(-1.,0.,0.));
#5635 = DEFINITIONAL_REPRESENTATION('',(#5636),#5639);
#5636 = B_SPLINE_CURVE_WITH_KNOTS('',1,(#5637,#5638),.UNSPECIFIED.,.F.,
  .F.,(2,2),(-4.6,-3.),.PIECEWISE_BEZIER_KNOTS.);
#5637 = CARTESIAN_POINT('',(1.6,-1.));
#5638 = CARTESIAN_POINT('',(0.,-1.));
#5639 = ( GEOMETRIC_REPRESENTATION_CONTEXT(2) 
PARAMETRIC_REPRESENTATION_CONTEXT() REPRESENTATION_CONTEXT('2D SPACE',''
  ) );
#5640 = ORIENTED_EDGE('',*,*,#5641,.T.);
#5641 = EDGE_CURVE('',#5616,#5642,#5644,.T.);
#5642 = VERTEX_POINT('',#5643);
#5643 = CARTESIAN_POINT('',(-6.,0.8,95.));
#5644 = SURFACE_CURVE('',#5645,(#5649,#5655),.PCURVE_S1.);
#5645 = LINE('',#5646,#5647);
#5646 = CARTESIAN_POINT('',(-6.,-2.75,95.));
#5647 = VECTOR('',#5648,1.);
#5648 = DIRECTION('',(0.,-1.,0.));
#5649 = PCURVE('',#2372,#5650);
#5650 = DEFINITIONAL_REPRESENTATION('',(#5651),#5654);
#5651 = B_SPLINE_CURVE_WITH_KNOTS('',1,(#5652,#5653),.UNSPECIFIED.,.F.,
  .F.,(2,2),(-8.25,-3.55),.PIECEWISE_BEZIER_KNOTS.);
#5652 = CARTESIAN_POINT('',(-6.,5.5));
#5653 = CARTESIAN_POINT('',(-6.,0.8));
#5654 = ( GEOMETRIC_REPRESENTATION_CONTEXT(2) 
PARAMETRIC_REPRESENTATION_CONTEXT() REPRESENTATION_CONTEXT('2D SPACE',''
  ) );
#5655 = PCURVE('',#5656,#5661);
#5656 = PLANE('',#5657);
#5657 = AXIS2_PLACEMENT_3D('',#5658,#5659,#5660);
#5658 = CARTESIAN_POINT('',(-6.,-5.5,94.));
#5659 = DIRECTION('',(-1.,0.,0.));
#5660 = DIRECTION('',(0.,1.,0.));
#5661 = DEFINITIONAL_REPRESENTATION('',(#5662),#5665);
#5662 = B_SPLINE_CURVE_WITH_KNOTS('',1,(#5663,#5664),.UNSPECIFIED.,.F.,
  .F.,(2,2),(-8.25,-3.55),.PIECEWISE_BEZIER_KNOTS.);
#5663 = CARTESIAN_POINT('',(11.,-1.));
#5664 = CARTESIAN_POINT('',(6.3,-1.));
#5665 = ( GEOMETRIC_REPRESENTATION_CONTEXT(2) 
PARAMETRIC_REPRESENTATION_CONTEXT() REPRESENTATION_CONTEXT('2D SPACE',''
  ) );
#5666 = ORIENTED_EDGE('',*,*,#5667,.T.);
#5667 = EDGE_CURVE('',#5642,#5668,#5670,.T.);
#5668 = VERTEX_POINT('',#5669);
#5669 = CARTESIAN_POINT('',(-0.8,0.8,95.));
#5670 = SURFACE_CURVE('',#5671,(#5675,#5681),.PCURVE_S1.);
#5671 = LINE('',#5672,#5673);
#5672 = CARTESIAN_POINT('',(3.8,0.8,95.));
#5673 = VECTOR('',#5674,1.);
#5674 = DIRECTION('',(1.,0.,-0.));
#5675 = PCURVE('',#2372,#5676);
#5676 = DEFINITIONAL_REPRESENTATION('',(#5677),#5680);
#5677 = B_SPLINE_CURVE_WITH_KNOTS('',1,(#5678,#5679),.UNSPECIFIED.,.F.,
  .F.,(2,2),(-9.8,-4.6),.PIECEWISE_BEZIER_KNOTS.);
#5678 = CARTESIAN_POINT('',(-6.,0.8));
#5679 = CARTESIAN_POINT('',(-0.8,0.8));
#5680 = ( GEOMETRIC_REPRESENTATION_CONTEXT(2) 
PARAMETRIC_REPRESENTATION_CONTEXT() REPRESENTATION_CONTEXT('2D SPACE',''
  ) );
#5681 = PCURVE('',#5682,#5687);
#5682 = PLANE('',#5683);
#5683 = AXIS2_PLACEMENT_3D('',#5684,#5685,#5686);
#5684 = CARTESIAN_POINT('',(7.6,0.8,94.));
#5685 = DIRECTION('',(0.,-1.,0.));
#5686 = DIRECTION('',(-1.,0.,0.));
#5687 = DEFINITIONAL_REPRESENTATION('',(#5688),#5691);
#5688 = B_SPLINE_CURVE_WITH_KNOTS('',1,(#5689,#5690),.UNSPECIFIED.,.F.,
  .F.,(2,2),(-9.8,-4.6),.PIECEWISE_BEZIER_KNOTS.);
#5689 = CARTESIAN_POINT('',(13.6,-1.));
#5690 = CARTESIAN_POINT('',(8.4,-1.));
#5691 = ( GEOMETRIC_REPRESENTATION_CONTEXT(2) 
PARAMETRIC_REPRESENTATION_CONTEXT() REPRESENTATION_CONTEXT('2D SPACE',''
  ) );
#5692 = ORIENTED_EDGE('',*,*,#5693,.T.);
#5693 = EDGE_CURVE('',#5668,#5694,#5696,.T.);
#5694 = VERTEX_POINT('',#5695);
#5695 = CARTESIAN_POINT('',(-0.8,5.5,95.));
#5696 = SURFACE_CURVE('',#5697,(#5701,#5707),.PCURVE_S1.);
#5697 = LINE('',#5698,#5699);
#5698 = CARTESIAN_POINT('',(-0.8,2.75,95.));
#5699 = VECTOR('',#5700,1.);
#5700 = DIRECTION('',(-0.,1.,0.));
#5701 = PCURVE('',#2372,#5702);
#5702 = DEFINITIONAL_REPRESENTATION('',(#5703),#5706);
#5703 = B_SPLINE_CURVE_WITH_KNOTS('',1,(#5704,#5705),.UNSPECIFIED.,.F.,
  .F.,(2,2),(-1.95,2.75),.PIECEWISE_BEZIER_KNOTS.);
#5704 = CARTESIAN_POINT('',(-0.8,0.8));
#5705 = CARTESIAN_POINT('',(-0.8,5.5));
#5706 = ( GEOMETRIC_REPRESENTATION_CONTEXT(2) 
PARAMETRIC_REPRESENTATION_CONTEXT() REPRESENTATION_CONTEXT('2D SPACE',''
  ) );
#5707 = PCURVE('',#5708,#5713);
#5708 = PLANE('',#5709);
#5709 = AXIS2_PLACEMENT_3D('',#5710,#5711,#5712);
#5710 = CARTESIAN_POINT('',(-0.8,5.5,94.));
#5711 = DIRECTION('',(1.,0.,-0.));
#5712 = DIRECTION('',(0.,-1.,0.));
#5713 = DEFINITIONAL_REPRESENTATION('',(#5714),#5717);
#5714 = B_SPLINE_CURVE_WITH_KNOTS('',1,(#5715,#5716),.UNSPECIFIED.,.F.,
  .F.,(2,2),(-1.95,2.75),.PIECEWISE_BEZIER_KNOTS.);
#5715 = CARTESIAN_POINT('',(4.7,-1.));
#5716 = CARTESIAN_POINT('',(0.,-1.));
#5717 = ( GEOMETRIC_REPRESENTATION_CONTEXT(2) 
PARAMETRIC_REPRESENTATION_CONTEXT() REPRESENTATION_CONTEXT('2D SPACE',''
  ) );
#5718 = ORIENTED_EDGE('',*,*,#5719,.T.);
#5719 = EDGE_CURVE('',#5694,#5720,#5722,.T.);
#5720 = VERTEX_POINT('',#5721);
#5721 = CARTESIAN_POINT('',(0.8,5.5,95.));
#5722 = SURFACE_CURVE('',#5723,(#5727,#5733),.PCURVE_S1.);
#5723 = LINE('',#5724,#5725);
#5724 = CARTESIAN_POINT('',(0.4,5.5,95.));
#5725 = VECTOR('',#5726,1.);
#5726 = DIRECTION('',(1.,0.,-0.));
#5727 = PCURVE('',#2372,#5728);
#5728 = DEFINITIONAL_REPRESENTATION('',(#5729),#5732);
#5729 = B_SPLINE_CURVE_WITH_KNOTS('',1,(#5730,#5731),.UNSPECIFIED.,.F.,
  .F.,(2,2),(-1.2,0.4),.PIECEWISE_BEZIER_KNOTS.);
#5730 = CARTESIAN_POINT('',(-0.8,5.5));
#5731 = CARTESIAN_POINT('',(0.8,5.5));
#5732 = ( GEOMETRIC_REPRESENTATION_CONTEXT(2) 
PARAMETRIC_REPRESENTATION_CONTEXT() REPRESENTATION_CONTEXT('2D SPACE',''
  ) );
#5733 = PCURVE('',#5734,#5739);
#5734 = PLANE('',#5735);
#5735 = AXIS2_PLACEMENT_3D('',#5736,#5737,#5738);
#5736 = CARTESIAN_POINT('',(0.8,5.5,94.));
#5737 = DIRECTION('',(0.,-1.,0.));
#5738 = DIRECTION('',(-1.,0.,0.));
#5739 = DEFINITIONAL_REPRESENTATION('',(#5740),#5743);
#5740 = B_SPLINE_CURVE_WITH_KNOTS('',1,(#5741,#5742),.UNSPECIFIED.,.F.,
  .F.,(2,2),(-1.2,0.4),.PIECEWISE_BEZIER_KNOTS.);
#5741 = CARTESIAN_POINT('',(1.6,-1.));
#5742 = CARTESIAN_POINT('',(0.,-1.));
#5743 = ( GEOMETRIC_REPRESENTATION_CONTEXT(2) 
PARAMETRIC_REPRESENTATION_CONTEXT() REPRESENTATION_CONTEXT('2D SPACE',''
  ) );
#5744 = ORIENTED_EDGE('',*,*,#5745,.T.);
#5745 = EDGE_CURVE('',#5720,#5746,#5748,.T.);
#5746 = VERTEX_POINT('',#5747);
#5747 = CARTESIAN_POINT('',(0.8,0.8,95.));
#5748 = SURFACE_CURVE('',#5749,(#5753,#5759),.PCURVE_S1.);
#5749 = LINE('',#5750,#5751);
#5750 = CARTESIAN_POINT('',(0.8,-2.75,95.));
#5751 = VECTOR('',#5752,1.);
#5752 = DIRECTION('',(0.,-1.,0.));
#5753 = PCURVE('',#2372,#5754);
#5754 = DEFINITIONAL_REPRESENTATION('',(#5755),#5758);
#5755 = B_SPLINE_CURVE_WITH_KNOTS('',1,(#5756,#5757),.UNSPECIFIED.,.F.,
  .F.,(2,2),(-8.25,-3.55),.PIECEWISE_BEZIER_KNOTS.);
#5756 = CARTESIAN_POINT('',(0.8,5.5));
#5757 = CARTESIAN_POINT('',(0.8,0.8));
#5758 = ( GEOMETRIC_REPRESENTATION_CONTEXT(2) 
PARAMETRIC_REPRESENTATION_CONTEXT() REPRESENTATION_CONTEXT('2D SPACE',''
  ) );
#5759 = PCURVE('',#5760,#5765);
#5760 = PLANE('',#5761);
#5761 = AXIS2_PLACEMENT_3D('',#5762,#5763,#5764);
#5762 = CARTESIAN_POINT('',(0.8,-5.5,94.));
#5763 = DIRECTION('',(-1.,0.,0.));
#5764 = DIRECTION('',(0.,1.,0.));
#5765 = DEFINITIONAL_REPRESENTATION('',(#5766),#5769);
#5766 = B_SPLINE_CURVE_WITH_KNOTS('',1,(#5767,#5768),.UNSPECIFIED.,.F.,
  .F.,(2,2),(-8.25,-3.55),.PIECEWISE_BEZIER_KNOTS.);
#5767 = CARTESIAN_POINT('',(11.,-1.));
#5768 = CARTESIAN_POINT('',(6.3,-1.));
#5769 = ( GEOMETRIC_REPRESENTATION_CONTEXT(2) 
PARAMETRIC_REPRESENTATION_CONTEXT() REPRESENTATION_CONTEXT('2D SPACE',''
  ) );
#5770 = ORIENTED_EDGE('',*,*,#5771,.T.);
#5771 = EDGE_CURVE('',#5746,#5772,#5774,.T.);
#5772 = VERTEX_POINT('',#5773);
#5773 = CARTESIAN_POINT('',(6.,0.8,95.));
#5774 = SURFACE_CURVE('',#5775,(#5779,#5785),.PCURVE_S1.);
#5775 = LINE('',#5776,#5777);
#5776 = CARTESIAN_POINT('',(3.8,0.8,95.));
#5777 = VECTOR('',#5778,1.);
#5778 = DIRECTION('',(1.,0.,-0.));
#5779 = PCURVE('',#2372,#5780);
#5780 = DEFINITIONAL_REPRESENTATION('',(#5781),#5784);
#5781 = B_SPLINE_CURVE_WITH_KNOTS('',1,(#5782,#5783),.UNSPECIFIED.,.F.,
  .F.,(2,2),(-3.,2.2),.PIECEWISE_BEZIER_KNOTS.);
#5782 = CARTESIAN_POINT('',(0.8,0.8));
#5783 = CARTESIAN_POINT('',(6.,0.8));
#5784 = ( GEOMETRIC_REPRESENTATION_CONTEXT(2) 
PARAMETRIC_REPRESENTATION_CONTEXT() REPRESENTATION_CONTEXT('2D SPACE',''
  ) );
#5785 = PCURVE('',#5786,#5791);
#5786 = PLANE('',#5787);
#5787 = AXIS2_PLACEMENT_3D('',#5788,#5789,#5790);
#5788 = CARTESIAN_POINT('',(7.6,0.8,94.));
#5789 = DIRECTION('',(0.,-1.,0.));
#5790 = DIRECTION('',(-1.,0.,0.));
#5791 = DEFINITIONAL_REPRESENTATION('',(#5792),#5795);
#5792 = B_SPLINE_CURVE_WITH_KNOTS('',1,(#5793,#5794),.UNSPECIFIED.,.F.,
  .F.,(2,2),(-3.,2.2),.PIECEWISE_BEZIER_KNOTS.);
#5793 = CARTESIAN_POINT('',(6.8,-1.));
#5794 = CARTESIAN_POINT('',(1.6,-1.));
#5795 = ( GEOMETRIC_REPRESENTATION_CONTEXT(2) 
PARAMETRIC_REPRESENTATION_CONTEXT() REPRESENTATION_CONTEXT('2D SPACE',''
  ) );
#5796 = ORIENTED_EDGE('',*,*,#5797,.T.);
#5797 = EDGE_CURVE('',#5772,#5798,#5800,.T.);
#5798 = VERTEX_POINT('',#5799);
#5799 = CARTESIAN_POINT('',(6.,5.5,95.));
#5800 = SURFACE_CURVE('',#5801,(#5805,#5811),.PCURVE_S1.);
#5801 = LINE('',#5802,#5803);
#5802 = CARTESIAN_POINT('',(6.,2.75,95.));
#5803 = VECTOR('',#5804,1.);
#5804 = DIRECTION('',(-0.,1.,0.));
#5805 = PCURVE('',#2372,#5806);
#5806 = DEFINITIONAL_REPRESENTATION('',(#5807),#5810);
#5807 = B_SPLINE_CURVE_WITH_KNOTS('',1,(#5808,#5809),.UNSPECIFIED.,.F.,
  .F.,(2,2),(-1.95,2.75),.PIECEWISE_BEZIER_KNOTS.);
#5808 = CARTESIAN_POINT('',(6.,0.8));
#5809 = CARTESIAN_POINT('',(6.,5.5));
#5810 = ( GEOMETRIC_REPRESENTATION_CONTEXT(2) 
PARAMETRIC_REPRESENTATION_CONTEXT() REPRESENTATION_CONTEXT('2D SPACE',''
  ) );
#5811 = PCURVE('',#5812,#5817);
#5812 = PLANE('',#5813);
#5813 = AXIS2_PLACEMENT_3D('',#5814,#5815,#5816);
#5814 = CARTESIAN_POINT('',(6.,5.5,94.));
#5815 = DIRECTION('',(1.,0.,-0.));
#5816 = DIRECTION('',(0.,-1.,0.));
#5817 = DEFINITIONAL_REPRESENTATION('',(#5818),#5821);
#5818 = B_SPLINE_CURVE_WITH_KNOTS('',1,(#5819,#5820),.UNSPECIFIED.,.F.,
  .F.,(2,2),(-1.95,2.75),.PIECEWISE_BEZIER_KNOTS.);
#5819 = CARTESIAN_POINT('',(4.7,-1.));
#5820 = CARTESIAN_POINT('',(0.,-1.));
#5821 = ( GEOMETRIC_REPRESENTATION_CONTEXT(2) 
PARAMETRIC_REPRESENTATION_CONTEXT() REPRESENTATION_CONTEXT('2D SPACE',''
  ) );
#5822 = ORIENTED_EDGE('',*,*,#5823,.T.);
#5823 = EDGE_CURVE('',#5798,#5824,#5826,.T.);
#5824 = VERTEX_POINT('',#5825);
#5825 = CARTESIAN_POINT('',(7.6,5.5,95.));
#5826 = SURFACE_CURVE('',#5827,(#5831,#5837),.PCURVE_S1.);
#5827 = LINE('',#5828,#5829);
#5828 = CARTESIAN_POINT('',(3.8,5.5,95.));
#5829 = VECTOR('',#5830,1.);
#5830 = DIRECTION('',(1.,0.,-0.));
#5831 = PCURVE('',#2372,#5832);
#5832 = DEFINITIONAL_REPRESENTATION('',(#5833),#5836);
#5833 = B_SPLINE_CURVE_WITH_KNOTS('',1,(#5834,#5835),.UNSPECIFIED.,.F.,
  .F.,(2,2),(2.2,3.8),.PIECEWISE_BEZIER_KNOTS.);
#5834 = CARTESIAN_POINT('',(6.,5.5));
#5835 = CARTESIAN_POINT('',(7.6,5.5));
#5836 = ( GEOMETRIC_REPRESENTATION_CONTEXT(2) 
PARAMETRIC_REPRESENTATION_CONTEXT() REPRESENTATION_CONTEXT('2D SPACE',''
  ) );
#5837 = PCURVE('',#5838,#5843);
#5838 = PLANE('',#5839);
#5839 = AXIS2_PLACEMENT_3D('',#5840,#5841,#5842);
#5840 = CARTESIAN_POINT('',(7.6,5.5,94.));
#5841 = DIRECTION('',(0.,-1.,0.));
#5842 = DIRECTION('',(-1.,0.,0.));
#5843 = DEFINITIONAL_REPRESENTATION('',(#5844),#5847);
#5844 = B_SPLINE_CURVE_WITH_KNOTS('',1,(#5845,#5846),.UNSPECIFIED.,.F.,
  .F.,(2,2),(2.2,3.8),.PIECEWISE_BEZIER_KNOTS.);
#5845 = CARTESIAN_POINT('',(1.6,-1.));
#5846 = CARTESIAN_POINT('',(0.,-1.));
#5847 = ( GEOMETRIC_REPRESENTATION_CONTEXT(2) 
PARAMETRIC_REPRESENTATION_CONTEXT() REPRESENTATION_CONTEXT('2D SPACE',''
  ) );
#5848 = ORIENTED_EDGE('',*,*,#5849,.T.);
#5849 = EDGE_CURVE('',#5824,#5850,#5852,.T.);
#5850 = VERTEX_POINT('',#5851);
#5851 = CARTESIAN_POINT('',(7.6,-5.5,95.));
#5852 = SURFACE_CURVE('',#5853,(#5857,#5863),.PCURVE_S1.);
#5853 = LINE('',#5854,#5855);
#5854 = CARTESIAN_POINT('',(7.6,-0.4,95.));
#5855 = VECTOR('',#5856,1.);
#5856 = DIRECTION('',(0.,-1.,0.));
#5857 = PCURVE('',#2372,#5858);
#5858 = DEFINITIONAL_REPRESENTATION('',(#5859),#5862);
#5859 = B_SPLINE_CURVE_WITH_KNOTS('',1,(#5860,#5861),.UNSPECIFIED.,.F.,
  .F.,(2,2),(-5.9,5.1),.PIECEWISE_BEZIER_KNOTS.);
#5860 = CARTESIAN_POINT('',(7.6,5.5));
#5861 = CARTESIAN_POINT('',(7.6,-5.5));
#5862 = ( GEOMETRIC_REPRESENTATION_CONTEXT(2) 
PARAMETRIC_REPRESENTATION_CONTEXT() REPRESENTATION_CONTEXT('2D SPACE',''
  ) );
#5863 = PCURVE('',#5864,#5869);
#5864 = PLANE('',#5865);
#5865 = AXIS2_PLACEMENT_3D('',#5866,#5867,#5868);
#5866 = CARTESIAN_POINT('',(7.6,-0.8,94.));
#5867 = DIRECTION('',(-1.,0.,0.));
#5868 = DIRECTION('',(0.,1.,0.));
#5869 = DEFINITIONAL_REPRESENTATION('',(#5870),#5873);
#5870 = B_SPLINE_CURVE_WITH_KNOTS('',1,(#5871,#5872),.UNSPECIFIED.,.F.,
  .F.,(2,2),(-5.9,5.1),.PIECEWISE_BEZIER_KNOTS.);
#5871 = CARTESIAN_POINT('',(6.3,-1.));
#5872 = CARTESIAN_POINT('',(-4.7,-1.));
#5873 = ( GEOMETRIC_REPRESENTATION_CONTEXT(2) 
PARAMETRIC_REPRESENTATION_CONTEXT() REPRESENTATION_CONTEXT('2D SPACE',''
  ) );
#5874 = ORIENTED_EDGE('',*,*,#5875,.T.);
#5875 = EDGE_CURVE('',#5850,#5876,#5878,.T.);
#5876 = VERTEX_POINT('',#5877);
#5877 = CARTESIAN_POINT('',(6.,-5.5,95.));
#5878 = SURFACE_CURVE('',#5879,(#5883,#5889),.PCURVE_S1.);
#5879 = LINE('',#5880,#5881);
#5880 = CARTESIAN_POINT('',(3.,-5.5,95.));
#5881 = VECTOR('',#5882,1.);
#5882 = DIRECTION('',(-1.,0.,0.));
#5883 = PCURVE('',#2372,#5884);
#5884 = DEFINITIONAL_REPRESENTATION('',(#5885),#5888);
#5885 = B_SPLINE_CURVE_WITH_KNOTS('',1,(#5886,#5887),.UNSPECIFIED.,.F.,
  .F.,(2,2),(-4.6,-3.),.PIECEWISE_BEZIER_KNOTS.);
#5886 = CARTESIAN_POINT('',(7.6,-5.5));
#5887 = CARTESIAN_POINT('',(6.,-5.5));
#5888 = ( GEOMETRIC_REPRESENTATION_CONTEXT(2) 
PARAMETRIC_REPRESENTATION_CONTEXT() REPRESENTATION_CONTEXT('2D SPACE',''
  ) );
#5889 = PCURVE('',#5890,#5895);
#5890 = PLANE('',#5891);
#5891 = AXIS2_PLACEMENT_3D('',#5892,#5893,#5894);
#5892 = CARTESIAN_POINT('',(6.,-5.5,94.));
#5893 = DIRECTION('',(0.,1.,0.));
#5894 = DIRECTION('',(1.,0.,0.));
#5895 = DEFINITIONAL_REPRESENTATION('',(#5896),#5899);
#5896 = B_SPLINE_CURVE_WITH_KNOTS('',1,(#5897,#5898),.UNSPECIFIED.,.F.,
  .F.,(2,2),(-4.6,-3.),.PIECEWISE_BEZIER_KNOTS.);
#5897 = CARTESIAN_POINT('',(1.6,-1.));
#5898 = CARTESIAN_POINT('',(0.,-1.));
#5899 = ( GEOMETRIC_REPRESENTATION_CONTEXT(2) 
PARAMETRIC_REPRESENTATION_CONTEXT() REPRESENTATION_CONTEXT('2D SPACE',''
  ) );
#5900 = ORIENTED_EDGE('',*,*,#5901,.T.);
#5901 = EDGE_CURVE('',#5876,#5902,#5904,.T.);
#5902 = VERTEX_POINT('',#5903);
#5903 = CARTESIAN_POINT('',(6.,-0.8,95.));
#5904 = SURFACE_CURVE('',#5905,(#5909,#5915),.PCURVE_S1.);
#5905 = LINE('',#5906,#5907);
#5906 = CARTESIAN_POINT('',(6.,2.75,95.));
#5907 = VECTOR('',#5908,1.);
#5908 = DIRECTION('',(-0.,1.,0.));
#5909 = PCURVE('',#2372,#5910);
#5910 = DEFINITIONAL_REPRESENTATION('',(#5911),#5914);
#5911 = B_SPLINE_CURVE_WITH_KNOTS('',1,(#5912,#5913),.UNSPECIFIED.,.F.,
  .F.,(2,2),(-8.25,-3.55),.PIECEWISE_BEZIER_KNOTS.);
#5912 = CARTESIAN_POINT('',(6.,-5.5));
#5913 = CARTESIAN_POINT('',(6.,-0.8));
#5914 = ( GEOMETRIC_REPRESENTATION_CONTEXT(2) 
PARAMETRIC_REPRESENTATION_CONTEXT() REPRESENTATION_CONTEXT('2D SPACE',''
  ) );
#5915 = PCURVE('',#5916,#5921);
#5916 = PLANE('',#5917);
#5917 = AXIS2_PLACEMENT_3D('',#5918,#5919,#5920);
#5918 = CARTESIAN_POINT('',(6.,5.5,94.));
#5919 = DIRECTION('',(1.,0.,-0.));
#5920 = DIRECTION('',(0.,-1.,0.));
#5921 = DEFINITIONAL_REPRESENTATION('',(#5922),#5925);
#5922 = B_SPLINE_CURVE_WITH_KNOTS('',1,(#5923,#5924),.UNSPECIFIED.,.F.,
  .F.,(2,2),(-8.25,-3.55),.PIECEWISE_BEZIER_KNOTS.);
#5923 = CARTESIAN_POINT('',(11.,-1.));
#5924 = CARTESIAN_POINT('',(6.3,-1.));
#5925 = ( GEOMETRIC_REPRESENTATION_CONTEXT(2) 
PARAMETRIC_REPRESENTATION_CONTEXT() REPRESENTATION_CONTEXT('2D SPACE',''
  ) );
#5926 = ORIENTED_EDGE('',*,*,#5927,.T.);
#5927 = EDGE_CURVE('',#5902,#5928,#5930,.T.);
#5928 = VERTEX_POINT('',#5929);
#5929 = CARTESIAN_POINT('',(0.8,-0.8,95.));
#5930 = SURFACE_CURVE('',#5931,(#5935,#5941),.PCURVE_S1.);
#5931 = LINE('',#5932,#5933);
#5932 = CARTESIAN_POINT('',(-3.8,-0.8,95.));
#5933 = VECTOR('',#5934,1.);
#5934 = DIRECTION('',(-1.,0.,0.));
#5935 = PCURVE('',#2372,#5936);
#5936 = DEFINITIONAL_REPRESENTATION('',(#5937),#5940);
#5937 = B_SPLINE_CURVE_WITH_KNOTS('',1,(#5938,#5939),.UNSPECIFIED.,.F.,
  .F.,(2,2),(-9.8,-4.6),.PIECEWISE_BEZIER_KNOTS.);
#5938 = CARTESIAN_POINT('',(6.,-0.8));
#5939 = CARTESIAN_POINT('',(0.8,-0.8));
#5940 = ( GEOMETRIC_REPRESENTATION_CONTEXT(2) 
PARAMETRIC_REPRESENTATION_CONTEXT() REPRESENTATION_CONTEXT('2D SPACE',''
  ) );
#5941 = PCURVE('',#5942,#5947);
#5942 = PLANE('',#5943);
#5943 = AXIS2_PLACEMENT_3D('',#5944,#5945,#5946);
#5944 = CARTESIAN_POINT('',(-7.6,-0.8,94.));
#5945 = DIRECTION('',(0.,1.,0.));
#5946 = DIRECTION('',(1.,0.,0.));
#5947 = DEFINITIONAL_REPRESENTATION('',(#5948),#5951);
#5948 = B_SPLINE_CURVE_WITH_KNOTS('',1,(#5949,#5950),.UNSPECIFIED.,.F.,
  .F.,(2,2),(-9.8,-4.6),.PIECEWISE_BEZIER_KNOTS.);
#5949 = CARTESIAN_POINT('',(13.6,-1.));
#5950 = CARTESIAN_POINT('',(8.4,-1.));
#5951 = ( GEOMETRIC_REPRESENTATION_CONTEXT(2) 
PARAMETRIC_REPRESENTATION_CONTEXT() REPRESENTATION_CONTEXT('2D SPACE',''
  ) );
#5952 = ORIENTED_EDGE('',*,*,#5953,.T.);
#5953 = EDGE_CURVE('',#5928,#5954,#5956,.T.);
#5954 = VERTEX_POINT('',#5955);
#5955 = CARTESIAN_POINT('',(0.8,-5.5,95.));
#5956 = SURFACE_CURVE('',#5957,(#5961,#5967),.PCURVE_S1.);
#5957 = LINE('',#5958,#5959);
#5958 = CARTESIAN_POINT('',(0.8,-2.75,95.));
#5959 = VECTOR('',#5960,1.);
#5960 = DIRECTION('',(0.,-1.,0.));
#5961 = PCURVE('',#2372,#5962);
#5962 = DEFINITIONAL_REPRESENTATION('',(#5963),#5966);
#5963 = B_SPLINE_CURVE_WITH_KNOTS('',1,(#5964,#5965),.UNSPECIFIED.,.F.,
  .F.,(2,2),(-1.95,2.75),.PIECEWISE_BEZIER_KNOTS.);
#5964 = CARTESIAN_POINT('',(0.8,-0.8));
#5965 = CARTESIAN_POINT('',(0.8,-5.5));
#5966 = ( GEOMETRIC_REPRESENTATION_CONTEXT(2) 
PARAMETRIC_REPRESENTATION_CONTEXT() REPRESENTATION_CONTEXT('2D SPACE',''
  ) );
#5967 = PCURVE('',#5968,#5973);
#5968 = PLANE('',#5969);
#5969 = AXIS2_PLACEMENT_3D('',#5970,#5971,#5972);
#5970 = CARTESIAN_POINT('',(0.8,-5.5,94.));
#5971 = DIRECTION('',(-1.,0.,0.));
#5972 = DIRECTION('',(0.,1.,0.));
#5973 = DEFINITIONAL_REPRESENTATION('',(#5974),#5977);
#5974 = B_SPLINE_CURVE_WITH_KNOTS('',1,(#5975,#5976),.UNSPECIFIED.,.F.,
  .F.,(2,2),(-1.95,2.75),.PIECEWISE_BEZIER_KNOTS.);
#5975 = CARTESIAN_POINT('',(4.7,-1.));
#5976 = CARTESIAN_POINT('',(0.,-1.));
#5977 = ( GEOMETRIC_REPRESENTATION_CONTEXT(2) 
PARAMETRIC_REPRESENTATION_CONTEXT() REPRESENTATION_CONTEXT('2D SPACE',''
  ) );
#5978 = ORIENTED_EDGE('',*,*,#5979,.T.);
#5979 = EDGE_CURVE('',#5954,#5980,#5982,.T.);
#5980 = VERTEX_POINT('',#5981);
#5981 = CARTESIAN_POINT('',(-0.8,-5.5,95.));
#5982 = SURFACE_CURVE('',#5983,(#5987,#5993),.PCURVE_S1.);
#5983 = LINE('',#5984,#5985);
#5984 = CARTESIAN_POINT('',(-0.4,-5.5,95.));
#5985 = VECTOR('',#5986,1.);
#5986 = DIRECTION('',(-1.,0.,0.));
#5987 = PCURVE('',#2372,#5988);
#5988 = DEFINITIONAL_REPRESENTATION('',(#5989),#5992);
#5989 = B_SPLINE_CURVE_WITH_KNOTS('',1,(#5990,#5991),.UNSPECIFIED.,.F.,
  .F.,(2,2),(-1.2,0.4),.PIECEWISE_BEZIER_KNOTS.);
#5990 = CARTESIAN_POINT('',(0.8,-5.5));
#5991 = CARTESIAN_POINT('',(-0.8,-5.5));
#5992 = ( GEOMETRIC_REPRESENTATION_CONTEXT(2) 
PARAMETRIC_REPRESENTATION_CONTEXT() REPRESENTATION_CONTEXT('2D SPACE',''
  ) );
#5993 = PCURVE('',#5994,#5999);
#5994 = PLANE('',#5995);
#5995 = AXIS2_PLACEMENT_3D('',#5996,#5997,#5998);
#5996 = CARTESIAN_POINT('',(-0.8,-5.5,94.));
#5997 = DIRECTION('',(0.,1.,0.));
#5998 = DIRECTION('',(1.,0.,0.));
#5999 = DEFINITIONAL_REPRESENTATION('',(#6000),#6003);
#6000 = B_SPLINE_CURVE_WITH_KNOTS('',1,(#6001,#6002),.UNSPECIFIED.,.F.,
  .F.,(2,2),(-1.2,0.4),.PIECEWISE_BEZIER_KNOTS.);
#6001 = CARTESIAN_POINT('',(1.6,-1.));
#6002 = CARTESIAN_POINT('',(0.,-1.));
#6003 = ( GEOMETRIC_REPRESENTATION_CONTEXT(2) 
PARAMETRIC_REPRESENTATION_CONTEXT() REPRESENTATION_CONTEXT('2D SPACE',''
  ) );
#6004 = ORIENTED_EDGE('',*,*,#6005,.T.);
#6005 = EDGE_CURVE('',#5980,#6006,#6008,.T.);
#6006 = VERTEX_POINT('',#6007);
#6007 = CARTESIAN_POINT('',(-0.8,-0.8,95.));
#6008 = SURFACE_CURVE('',#6009,(#6013,#6019),.PCURVE_S1.);
#6009 = LINE('',#6010,#6011);
#6010 = CARTESIAN_POINT('',(-0.8,2.75,95.));
#6011 = VECTOR('',#6012,1.);
#6012 = DIRECTION('',(-0.,1.,0.));
#6013 = PCURVE('',#2372,#6014);
#6014 = DEFINITIONAL_REPRESENTATION('',(#6015),#6018);
#6015 = B_SPLINE_CURVE_WITH_KNOTS('',1,(#6016,#6017),.UNSPECIFIED.,.F.,
  .F.,(2,2),(-8.25,-3.55),.PIECEWISE_BEZIER_KNOTS.);
#6016 = CARTESIAN_POINT('',(-0.8,-5.5));
#6017 = CARTESIAN_POINT('',(-0.8,-0.8));
#6018 = ( GEOMETRIC_REPRESENTATION_CONTEXT(2) 
PARAMETRIC_REPRESENTATION_CONTEXT() REPRESENTATION_CONTEXT('2D SPACE',''
  ) );
#6019 = PCURVE('',#6020,#6025);
#6020 = PLANE('',#6021);
#6021 = AXIS2_PLACEMENT_3D('',#6022,#6023,#6024);
#6022 = CARTESIAN_POINT('',(-0.8,5.5,94.));
#6023 = DIRECTION('',(1.,0.,-0.));
#6024 = DIRECTION('',(0.,-1.,0.));
#6025 = DEFINITIONAL_REPRESENTATION('',(#6026),#6029);
#6026 = B_SPLINE_CURVE_WITH_KNOTS('',1,(#6027,#6028),.UNSPECIFIED.,.F.,
  .F.,(2,2),(-8.25,-3.55),.PIECEWISE_BEZIER_KNOTS.);
#6027 = CARTESIAN_POINT('',(11.,-1.));
#6028 = CARTESIAN_POINT('',(6.3,-1.));
#6029 = ( GEOMETRIC_REPRESENTATION_CONTEXT(2) 
PARAMETRIC_REPRESENTATION_CONTEXT() REPRESENTATION_CONTEXT('2D SPACE',''
  ) );
#6030 = ORIENTED_EDGE('',*,*,#6031,.T.);
#6031 = EDGE_CURVE('',#6006,#5536,#6032,.T.);
#6032 = SURFACE_CURVE('',#6033,(#6037,#6043),.PCURVE_S1.);
#6033 = LINE('',#6034,#6035);
#6034 = CARTESIAN_POINT('',(-3.8,-0.8,95.));
#6035 = VECTOR('',#6036,1.);
#6036 = DIRECTION('',(-1.,0.,0.));
#6037 = PCURVE('',#2372,#6038);
#6038 = DEFINITIONAL_REPRESENTATION('',(#6039),#6042);
#6039 = B_SPLINE_CURVE_WITH_KNOTS('',1,(#6040,#6041),.UNSPECIFIED.,.F.,
  .F.,(2,2),(-3.,2.2),.PIECEWISE_BEZIER_KNOTS.);
#6040 = CARTESIAN_POINT('',(-0.8,-0.8));
#6041 = CARTESIAN_POINT('',(-6.,-0.8));
#6042 = ( GEOMETRIC_REPRESENTATION_CONTEXT(2) 
PARAMETRIC_REPRESENTATION_CONTEXT() REPRESENTATION_CONTEXT('2D SPACE',''
  ) );
#6043 = PCURVE('',#6044,#6049);
#6044 = PLANE('',#6045);
#6045 = AXIS2_PLACEMENT_3D('',#6046,#6047,#6048);
#6046 = CARTESIAN_POINT('',(-7.6,-0.8,94.));
#6047 = DIRECTION('',(0.,1.,0.));
#6048 = DIRECTION('',(1.,0.,0.));
#6049 = DEFINITIONAL_REPRESENTATION('',(#6050),#6053);
#6050 = B_SPLINE_CURVE_WITH_KNOTS('',1,(#6051,#6052),.UNSPECIFIED.,.F.,
  .F.,(2,2),(-3.,2.2),.PIECEWISE_BEZIER_KNOTS.);
#6051 = CARTESIAN_POINT('',(6.8,-1.));
#6052 = CARTESIAN_POINT('',(1.6,-1.));
#6053 = ( GEOMETRIC_REPRESENTATION_CONTEXT(2) 
PARAMETRIC_REPRESENTATION_CONTEXT() REPRESENTATION_CONTEXT('2D SPACE',''
  ) );
#6054 = FACE_BOUND('',#6055,.T.);
#6055 = EDGE_LOOP('',(#6056,#6109,#6160,#6223,#6280,#6316,#6352,#6378,
    #6417,#6456,#6498,#6549,#6600,#6642,#6668,#6694,#6720,#6762,#6813,
    #6864,#6906,#6942,#6978,#7004,#7040,#7076,#7133,#7190,#7241));
#6056 = ORIENTED_EDGE('',*,*,#6057,.F.);
#6057 = EDGE_CURVE('',#6058,#6060,#6062,.T.);
#6058 = VERTEX_POINT('',#6059);
#6059 = CARTESIAN_POINT('',(1.05791015625,8.311279296875,95.));
#6060 = VERTEX_POINT('',#6061);
#6061 = CARTESIAN_POINT('',(0.542431640625,8.615625,95.));
#6062 = SURFACE_CURVE('',#6063,(#6074,#6088),.PCURVE_S1.);
#6063 = B_SPLINE_CURVE_WITH_KNOTS('',5,(#6064,#6065,#6066,#6067,#6068,
    #6069,#6070,#6071,#6072,#6073),.UNSPECIFIED.,.F.,.F.,(6,4,6),(0.,
    0.49188636738,1.),.UNSPECIFIED.);
#6064 = CARTESIAN_POINT('',(1.05791015625,8.311279296875,95.));
#6065 = CARTESIAN_POINT('',(1.02243507484,8.354888791856,95.));
#6066 = CARTESIAN_POINT('',(0.982848455004,8.395220312078,95.));
#6067 = CARTESIAN_POINT('',(0.939256717968,8.43215083467,95.));
#6068 = CARTESIAN_POINT('',(0.891851073941,8.465646509006,95.));
#6069 = CARTESIAN_POINT('',(0.788230136942,8.526825755034,95.));
#6070 = CARTESIAN_POINT('',(0.73177288492,8.554282741932,95.));
#6071 = CARTESIAN_POINT('',(0.671780650736,8.578148295723,95.));
#6072 = CARTESIAN_POINT('',(0.608565544165,8.598544058026,95.));
#6073 = CARTESIAN_POINT('',(0.542431640625,8.615625,95.));
#6074 = PCURVE('',#2372,#6075);
#6075 = DEFINITIONAL_REPRESENTATION('',(#6076),#6087);
#6076 = B_SPLINE_CURVE_WITH_KNOTS('',5,(#6077,#6078,#6079,#6080,#6081,
    #6082,#6083,#6084,#6085,#6086),.UNSPECIFIED.,.F.,.F.,(6,4,6),(0.,
    0.49188636738,1.),.UNSPECIFIED.);
#6077 = CARTESIAN_POINT('',(1.05791015625,8.311279296875));
#6078 = CARTESIAN_POINT('',(1.02243507484,8.354888791856));
#6079 = CARTESIAN_POINT('',(0.982848455004,8.395220312078));
#6080 = CARTESIAN_POINT('',(0.939256717968,8.43215083467));
#6081 = CARTESIAN_POINT('',(0.891851073941,8.465646509006));
#6082 = CARTESIAN_POINT('',(0.788230136942,8.526825755034));
#6083 = CARTESIAN_POINT('',(0.73177288492,8.554282741932));
#6084 = CARTESIAN_POINT('',(0.671780650736,8.578148295723));
#6085 = CARTESIAN_POINT('',(0.608565544165,8.598544058026));
#6086 = CARTESIAN_POINT('',(0.542431640625,8.615625));
#6087 = ( GEOMETRIC_REPRESENTATION_CONTEXT(2) 
PARAMETRIC_REPRESENTATION_CONTEXT() REPRESENTATION_CONTEXT('2D SPACE',''
  ) );
#6088 = PCURVE('',#6089,#6096);
#6089 = SURFACE_OF_LINEAR_EXTRUSION('',#6090,#6094);
#6090 = B_SPLINE_CURVE_WITH_KNOTS('',2,(#6091,#6092,#6093),
  .UNSPECIFIED.,.F.,.F.,(3,3),(0.,1.),.PIECEWISE_BEZIER_KNOTS.);
#6091 = CARTESIAN_POINT('',(0.542431640625,8.615625,94.));
#6092 = CARTESIAN_POINT('',(0.881591796875,8.52802734375,94.));
#6093 = CARTESIAN_POINT('',(1.05791015625,8.311279296875,94.));
#6094 = VECTOR('',#6095,1.);
#6095 = DIRECTION('',(-0.,-0.,-1.));
#6096 = DEFINITIONAL_REPRESENTATION('',(#6097),#6108);
#6097 = B_SPLINE_CURVE_WITH_KNOTS('',5,(#6098,#6099,#6100,#6101,#6102,
    #6103,#6104,#6105,#6106,#6107),.UNSPECIFIED.,.F.,.F.,(6,4,6),(0.,
    0.49188636738,1.),.UNSPECIFIED.);
#6098 = CARTESIAN_POINT('',(1.,-1.));
#6099 = CARTESIAN_POINT('',(0.899400489163,-1.));
#6100 = CARTESIAN_POINT('',(0.798824954896,-1.));
#6101 = CARTESIAN_POINT('',(0.698564246365,-1.));
#6102 = CARTESIAN_POINT('',(0.598878468724,-1.));
#6103 = CARTESIAN_POINT('',(0.397859543864,-1.));
#6104 = CARTESIAN_POINT('',(0.29657503311,-1.));
#6105 = CARTESIAN_POINT('',(0.196395199654,-1.));
#6106 = CARTESIAN_POINT('',(9.749656957274E-02,-1.));
#6107 = CARTESIAN_POINT('',(0.,-1.));
#6108 = ( GEOMETRIC_REPRESENTATION_CONTEXT(2) 
PARAMETRIC_REPRESENTATION_CONTEXT() REPRESENTATION_CONTEXT('2D SPACE',''
  ) );
#6109 = ORIENTED_EDGE('',*,*,#6110,.F.);
#6110 = EDGE_CURVE('',#6111,#6058,#6113,.T.);
#6111 = VERTEX_POINT('',#6112);
#6112 = CARTESIAN_POINT('',(1.234228515625,7.75986328125,95.));
#6113 = SURFACE_CURVE('',#6114,(#6125,#6139),.PCURVE_S1.);
#6114 = B_SPLINE_CURVE_WITH_KNOTS('',5,(#6115,#6116,#6117,#6118,#6119,
    #6120,#6121,#6122,#6123,#6124),.UNSPECIFIED.,.F.,.F.,(6,4,6),(0.,
    0.879787621949,1.),.UNSPECIFIED.);
#6115 = CARTESIAN_POINT('',(1.234228515625,7.75986328125,95.));
#6116 = CARTESIAN_POINT('',(1.234228515625,7.873563886004,95.));
#6117 = CARTESIAN_POINT('',(1.221508234617,7.98143372653,95.));
#6118 = CARTESIAN_POINT('',(1.1948743427,8.082049468764,95.));
#6119 = CARTESIAN_POINT('',(1.153615996365,8.174059712261,95.));
#6120 = CARTESIAN_POINT('',(1.090750275697,8.267920933991,95.));
#6121 = CARTESIAN_POINT('',(1.082930449483,8.279028539906,95.));
#6122 = CARTESIAN_POINT('',(1.074849332691,8.289958544309,95.));
#6123 = CARTESIAN_POINT('',(1.066508570668,8.300709271507,95.));
#6124 = CARTESIAN_POINT('',(1.05791015625,8.311279296875,95.));
#6125 = PCURVE('',#2372,#6126);
#6126 = DEFINITIONAL_REPRESENTATION('',(#6127),#6138);
#6127 = B_SPLINE_CURVE_WITH_KNOTS('',5,(#6128,#6129,#6130,#6131,#6132,
    #6133,#6134,#6135,#6136,#6137),.UNSPECIFIED.,.F.,.F.,(6,4,6),(0.,
    0.879787621949,1.),.UNSPECIFIED.);
#6128 = CARTESIAN_POINT('',(1.234228515625,7.75986328125));
#6129 = CARTESIAN_POINT('',(1.234228515625,7.873563886004));
#6130 = CARTESIAN_POINT('',(1.221508234617,7.98143372653));
#6131 = CARTESIAN_POINT('',(1.1948743427,8.082049468764));
#6132 = CARTESIAN_POINT('',(1.153615996365,8.174059712261));
#6133 = CARTESIAN_POINT('',(1.090750275697,8.267920933991));
#6134 = CARTESIAN_POINT('',(1.082930449483,8.279028539906));
#6135 = CARTESIAN_POINT('',(1.074849332691,8.289958544309));
#6136 = CARTESIAN_POINT('',(1.066508570668,8.300709271507));
#6137 = CARTESIAN_POINT('',(1.05791015625,8.311279296875));
#6138 = ( GEOMETRIC_REPRESENTATION_CONTEXT(2) 
PARAMETRIC_REPRESENTATION_CONTEXT() REPRESENTATION_CONTEXT('2D SPACE',''
  ) );
#6139 = PCURVE('',#6140,#6147);
#6140 = SURFACE_OF_LINEAR_EXTRUSION('',#6141,#6145);
#6141 = B_SPLINE_CURVE_WITH_KNOTS('',2,(#6142,#6143,#6144),
  .UNSPECIFIED.,.F.,.F.,(3,3),(0.,1.),.PIECEWISE_BEZIER_KNOTS.);
#6142 = CARTESIAN_POINT('',(1.05791015625,8.311279296875,94.));
#6143 = CARTESIAN_POINT('',(1.234228515625,8.09453125,94.));
#6144 = CARTESIAN_POINT('',(1.234228515625,7.75986328125,94.));
#6145 = VECTOR('',#6146,1.);
#6146 = DIRECTION('',(-0.,-0.,-1.));
#6147 = DEFINITIONAL_REPRESENTATION('',(#6148),#6159);
#6148 = B_SPLINE_CURVE_WITH_KNOTS('',5,(#6149,#6150,#6151,#6152,#6153,
    #6154,#6155,#6156,#6157,#6158),.UNSPECIFIED.,.F.,.F.,(6,4,6),(0.,
    0.879787621949,1.),.UNSPECIFIED.);
#6149 = CARTESIAN_POINT('',(1.,-1.));
#6150 = CARTESIAN_POINT('',(0.830129239469,-1.));
#6151 = CARTESIAN_POINT('',(0.656259843982,-1.));
#6152 = CARTESIAN_POINT('',(0.47932594415,-1.));
#6153 = CARTESIAN_POINT('',(0.300636293173,-1.));
#6154 = CARTESIAN_POINT('',(9.759150291185E-02,-1.));
#6155 = CARTESIAN_POINT('',(7.318309290542E-02,-1.));
#6156 = CARTESIAN_POINT('',(4.877894538811E-02,-1.));
#6157 = CARTESIAN_POINT('',(2.438320787724E-02,-1.));
#6158 = CARTESIAN_POINT('',(0.,-1.));
#6159 = ( GEOMETRIC_REPRESENTATION_CONTEXT(2) 
PARAMETRIC_REPRESENTATION_CONTEXT() REPRESENTATION_CONTEXT('2D SPACE',''
  ) );
#6160 = ORIENTED_EDGE('',*,*,#6161,.F.);
#6161 = EDGE_CURVE('',#6162,#6111,#6164,.T.);
#6162 = VERTEX_POINT('',#6163);
#6163 = CARTESIAN_POINT('',(0.852392578125,7.001806640625,95.));
#6164 = SURFACE_CURVE('',#6165,(#6180,#6198),.PCURVE_S1.);
#6165 = B_SPLINE_CURVE_WITH_KNOTS('',5,(#6166,#6167,#6168,#6169,#6170,
    #6171,#6172,#6173,#6174,#6175,#6176,#6177,#6178,#6179),
  .UNSPECIFIED.,.F.,.F.,(6,4,4,6),(0.,0.408837781446,0.799347918426,1.),
  .UNSPECIFIED.);
#6166 = CARTESIAN_POINT('',(0.852392578125,7.001806640625,95.));
#6167 = CARTESIAN_POINT('',(0.913727711658,7.043478451937,95.));
#6168 = CARTESIAN_POINT('',(0.970032885057,7.089774266402,95.));
#6169 = CARTESIAN_POINT('',(1.020567880234,7.140781790094,95.));
#6170 = CARTESIAN_POINT('',(1.064719606893,7.196399171734,95.));
#6171 = CARTESIAN_POINT('',(1.13802176579,7.313273436248,95.));
#6172 = CARTESIAN_POINT('',(1.16776764395,7.374184312203,95.));
#6173 = CARTESIAN_POINT('',(1.191200939357,7.438523210057,95.));
#6174 = CARTESIAN_POINT('',(1.208453788517,7.505776854579,95.));
#6175 = CARTESIAN_POINT('',(1.225717320509,7.611168675921,95.));
#6176 = CARTESIAN_POINT('',(1.230033332286,7.647569092535,95.));
#6177 = CARTESIAN_POINT('',(1.232850966647,7.684528118125,95.));
#6178 = CARTESIAN_POINT('',(1.234228515625,7.721979416621,95.));
#6179 = CARTESIAN_POINT('',(1.234228515625,7.75986328125,95.));
#6180 = PCURVE('',#2372,#6181);
#6181 = DEFINITIONAL_REPRESENTATION('',(#6182),#6197);
#6182 = B_SPLINE_CURVE_WITH_KNOTS('',5,(#6183,#6184,#6185,#6186,#6187,
    #6188,#6189,#6190,#6191,#6192,#6193,#6194,#6195,#6196),
  .UNSPECIFIED.,.F.,.F.,(6,4,4,6),(0.,0.408837781446,0.799347918426,1.),
  .UNSPECIFIED.);
#6183 = CARTESIAN_POINT('',(0.852392578125,7.001806640625));
#6184 = CARTESIAN_POINT('',(0.913727711658,7.043478451937));
#6185 = CARTESIAN_POINT('',(0.970032885057,7.089774266402));
#6186 = CARTESIAN_POINT('',(1.020567880234,7.140781790094));
#6187 = CARTESIAN_POINT('',(1.064719606893,7.196399171734));
#6188 = CARTESIAN_POINT('',(1.13802176579,7.313273436248));
#6189 = CARTESIAN_POINT('',(1.16776764395,7.374184312203));
#6190 = CARTESIAN_POINT('',(1.191200939357,7.438523210057));
#6191 = CARTESIAN_POINT('',(1.208453788517,7.505776854579));
#6192 = CARTESIAN_POINT('',(1.225717320509,7.611168675921));
#6193 = CARTESIAN_POINT('',(1.230033332286,7.647569092535));
#6194 = CARTESIAN_POINT('',(1.232850966647,7.684528118125));
#6195 = CARTESIAN_POINT('',(1.234228515625,7.721979416621));
#6196 = CARTESIAN_POINT('',(1.234228515625,7.75986328125));
#6197 = ( GEOMETRIC_REPRESENTATION_CONTEXT(2) 
PARAMETRIC_REPRESENTATION_CONTEXT() REPRESENTATION_CONTEXT('2D SPACE',''
  ) );
#6198 = PCURVE('',#6199,#6206);
#6199 = SURFACE_OF_LINEAR_EXTRUSION('',#6200,#6204);
#6200 = B_SPLINE_CURVE_WITH_KNOTS('',2,(#6201,#6202,#6203),
  .UNSPECIFIED.,.F.,.F.,(3,3),(0.,1.),.PIECEWISE_BEZIER_KNOTS.);
#6201 = CARTESIAN_POINT('',(1.234228515625,7.75986328125,94.));
#6202 = CARTESIAN_POINT('',(1.234228515625,7.26123046875,94.));
#6203 = CARTESIAN_POINT('',(0.852392578125,7.001806640625,94.));
#6204 = VECTOR('',#6205,1.);
#6205 = DIRECTION('',(-0.,-0.,-1.));
#6206 = DEFINITIONAL_REPRESENTATION('',(#6207),#6222);
#6207 = B_SPLINE_CURVE_WITH_KNOTS('',5,(#6208,#6209,#6210,#6211,#6212,
    #6213,#6214,#6215,#6216,#6217,#6218,#6219,#6220,#6221),
  .UNSPECIFIED.,.F.,.F.,(6,4,4,6),(0.,0.408837781446,0.799347918426,1.),
  .UNSPECIFIED.);
#6208 = CARTESIAN_POINT('',(1.,-1.));
#6209 = CARTESIAN_POINT('',(0.919683917216,-1.));
#6210 = CARTESIAN_POINT('',(0.83789091491,-1.));
#6211 = CARTESIAN_POINT('',(0.754998042866,-1.));
#6212 = CARTESIAN_POINT('',(0.67149256777,-1.));
#6213 = CARTESIAN_POINT('',(0.508250291053,-1.));
#6214 = CARTESIAN_POINT('',(0.4284863929,-1.));
#6215 = CARTESIAN_POINT('',(0.34925056422,-1.));
#6216 = CARTESIAN_POINT('',(0.270974480971,-1.));
#6217 = CARTESIAN_POINT('',(0.15444894006,-1.));
#6218 = CARTESIAN_POINT('',(0.115237450092,-1.));
#6219 = CARTESIAN_POINT('',(7.64070826607E-02,-1.));
#6220 = CARTESIAN_POINT('',(3.798773734866E-02,-1.));
#6221 = CARTESIAN_POINT('',(0.,-1.));
#6222 = ( GEOMETRIC_REPRESENTATION_CONTEXT(2) 
PARAMETRIC_REPRESENTATION_CONTEXT() REPRESENTATION_CONTEXT('2D SPACE',''
  ) );
#6223 = ORIENTED_EDGE('',*,*,#6224,.F.);
#6224 = EDGE_CURVE('',#6225,#6162,#6227,.T.);
#6225 = VERTEX_POINT('',#6226);
#6226 = CARTESIAN_POINT('',(-0.261669921875,6.7423828125,95.));
#6227 = SURFACE_CURVE('',#6228,(#6241,#6257),.PCURVE_S1.);
#6228 = B_SPLINE_CURVE_WITH_KNOTS('',6,(#6229,#6230,#6231,#6232,#6233,
    #6234,#6235,#6236,#6237,#6238,#6239,#6240),.UNSPECIFIED.,.F.,.F.,(7,
    5,7),(0.,0.534113407465,1.),.UNSPECIFIED.);
#6229 = CARTESIAN_POINT('',(-0.261669921875,6.7423828125,95.));
#6230 = CARTESIAN_POINT('',(-0.148805109354,6.7423828125,95.));
#6231 = CARTESIAN_POINT('',(-3.754570494006E-02,6.746080930805,95.));
#6232 = CARTESIAN_POINT('',(7.180333731738E-02,6.75389401795,95.));
#6233 = CARTESIAN_POINT('',(0.178775355985,6.766314487354,95.));
#6234 = CARTESIAN_POINT('',(0.282745758382,6.783902826785,95.));
#6235 = CARTESIAN_POINT('',(0.470371128935,6.827593815291,95.));
#6236 = CARTESIAN_POINT('',(0.554915037724,6.852319495739,95.));
#6237 = CARTESIAN_POINT('',(0.636062249932,6.881792357353,95.));
#6238 = CARTESIAN_POINT('',(0.713164017694,6.916374650483,95.));
#6239 = CARTESIAN_POINT('',(0.785497591862,6.956357399958,95.));
#6240 = CARTESIAN_POINT('',(0.852392578125,7.001806640625,95.));
#6241 = PCURVE('',#2372,#6242);
#6242 = DEFINITIONAL_REPRESENTATION('',(#6243),#6256);
#6243 = B_SPLINE_CURVE_WITH_KNOTS('',6,(#6244,#6245,#6246,#6247,#6248,
    #6249,#6250,#6251,#6252,#6253,#6254,#6255),.UNSPECIFIED.,.F.,.F.,(7,
    5,7),(0.,0.534113407465,1.),.UNSPECIFIED.);
#6244 = CARTESIAN_POINT('',(-0.261669921875,6.7423828125));
#6245 = CARTESIAN_POINT('',(-0.148805109354,6.7423828125));
#6246 = CARTESIAN_POINT('',(-3.754570494006E-02,6.746080930805));
#6247 = CARTESIAN_POINT('',(7.180333731738E-02,6.75389401795));
#6248 = CARTESIAN_POINT('',(0.178775355985,6.766314487354));
#6249 = CARTESIAN_POINT('',(0.282745758382,6.783902826785));
#6250 = CARTESIAN_POINT('',(0.470371128935,6.827593815291));
#6251 = CARTESIAN_POINT('',(0.554915037724,6.852319495739));
#6252 = CARTESIAN_POINT('',(0.636062249932,6.881792357353));
#6253 = CARTESIAN_POINT('',(0.713164017694,6.916374650483));
#6254 = CARTESIAN_POINT('',(0.785497591862,6.956357399958));
#6255 = CARTESIAN_POINT('',(0.852392578125,7.001806640625));
#6256 = ( GEOMETRIC_REPRESENTATION_CONTEXT(2) 
PARAMETRIC_REPRESENTATION_CONTEXT() REPRESENTATION_CONTEXT('2D SPACE',''
  ) );
#6257 = PCURVE('',#6258,#6265);
#6258 = SURFACE_OF_LINEAR_EXTRUSION('',#6259,#6263);
#6259 = B_SPLINE_CURVE_WITH_KNOTS('',2,(#6260,#6261,#6262),
  .UNSPECIFIED.,.F.,.F.,(3,3),(0.,1.),.PIECEWISE_BEZIER_KNOTS.);
#6260 = CARTESIAN_POINT('',(0.852392578125,7.001806640625,94.));
#6261 = CARTESIAN_POINT('',(0.470556640625,6.7423828125,94.));
#6262 = CARTESIAN_POINT('',(-0.261669921875,6.7423828125,94.));
#6263 = VECTOR('',#6264,1.);
#6264 = DIRECTION('',(-0.,-0.,-1.));
#6265 = DEFINITIONAL_REPRESENTATION('',(#6266),#6279);
#6266 = B_SPLINE_CURVE_WITH_KNOTS('',6,(#6267,#6268,#6269,#6270,#6271,
    #6272,#6273,#6274,#6275,#6276,#6277,#6278),.UNSPECIFIED.,.F.,.F.,(7,
    5,7),(0.,0.534113407465,1.),.UNSPECIFIED.);
#6267 = CARTESIAN_POINT('',(1.,-1.));
#6268 = CARTESIAN_POINT('',(0.92293040276,-1.));
#6269 = CARTESIAN_POINT('',(0.843546321756,-1.));
#6270 = CARTESIAN_POINT('',(0.761671537722,-1.));
#6271 = CARTESIAN_POINT('',(0.677170562246,-1.));
#6272 = CARTESIAN_POINT('',(0.589952965828,-1.));
#6273 = CARTESIAN_POINT('',(0.421537485949,-1.));
#6274 = CARTESIAN_POINT('',(0.341002553818,-1.));
#6275 = CARTESIAN_POINT('',(0.258408777654,-1.));
#6276 = CARTESIAN_POINT('',(0.173865054534,-1.));
#6277 = CARTESIAN_POINT('',(8.759650375093E-02,-1.));
#6278 = CARTESIAN_POINT('',(0.,-1.));
#6279 = ( GEOMETRIC_REPRESENTATION_CONTEXT(2) 
PARAMETRIC_REPRESENTATION_CONTEXT() REPRESENTATION_CONTEXT('2D SPACE',''
  ) );
#6280 = ORIENTED_EDGE('',*,*,#6281,.F.);
#6281 = EDGE_CURVE('',#6282,#6225,#6284,.T.);
#6282 = VERTEX_POINT('',#6283);
#6283 = CARTESIAN_POINT('',(-0.77939453125,6.783935546875,95.));
#6284 = SURFACE_CURVE('',#6285,(#6291,#6300),.PCURVE_S1.);
#6285 = B_SPLINE_CURVE_WITH_KNOTS('',4,(#6286,#6287,#6288,#6289,#6290),
  .UNSPECIFIED.,.F.,.F.,(5,5),(0.,1.),.PIECEWISE_BEZIER_KNOTS.);
#6286 = CARTESIAN_POINT('',(-0.77939453125,6.783935546875,95.));
#6287 = CARTESIAN_POINT('',(-0.649976209722,6.763206205332,95.));
#6288 = CARTESIAN_POINT('',(-0.520471748735,6.749327277296,95.));
#6289 = CARTESIAN_POINT('',(-0.390996663257,6.7423828125,95.));
#6290 = CARTESIAN_POINT('',(-0.261669921875,6.7423828125,95.));
#6291 = PCURVE('',#2372,#6292);
#6292 = DEFINITIONAL_REPRESENTATION('',(#6293),#6299);
#6293 = B_SPLINE_CURVE_WITH_KNOTS('',4,(#6294,#6295,#6296,#6297,#6298),
  .UNSPECIFIED.,.F.,.F.,(5,5),(0.,1.),.PIECEWISE_BEZIER_KNOTS.);
#6294 = CARTESIAN_POINT('',(-0.77939453125,6.783935546875));
#6295 = CARTESIAN_POINT('',(-0.649976209722,6.763206205332));
#6296 = CARTESIAN_POINT('',(-0.520471748735,6.749327277296));
#6297 = CARTESIAN_POINT('',(-0.390996663257,6.7423828125));
#6298 = CARTESIAN_POINT('',(-0.261669921875,6.7423828125));
#6299 = ( GEOMETRIC_REPRESENTATION_CONTEXT(2) 
PARAMETRIC_REPRESENTATION_CONTEXT() REPRESENTATION_CONTEXT('2D SPACE',''
  ) );
#6300 = PCURVE('',#6301,#6308);
#6301 = SURFACE_OF_LINEAR_EXTRUSION('',#6302,#6306);
#6302 = B_SPLINE_CURVE_WITH_KNOTS('',2,(#6303,#6304,#6305),
  .UNSPECIFIED.,.F.,.F.,(3,3),(0.,1.),.PIECEWISE_BEZIER_KNOTS.);
#6303 = CARTESIAN_POINT('',(-0.261669921875,6.7423828125,94.));
#6304 = CARTESIAN_POINT('',(-0.519970703125,6.7423828125,94.));
#6305 = CARTESIAN_POINT('',(-0.77939453125,6.783935546875,94.));
#6306 = VECTOR('',#6307,1.);
#6307 = DIRECTION('',(-0.,-0.,-1.));
#6308 = DEFINITIONAL_REPRESENTATION('',(#6309),#6315);
#6309 = B_SPLINE_CURVE_WITH_KNOTS('',4,(#6310,#6311,#6312,#6313,#6314),
  .UNSPECIFIED.,.F.,.F.,(5,5),(0.,1.),.PIECEWISE_BEZIER_KNOTS.);
#6310 = CARTESIAN_POINT('',(1.,-1.));
#6311 = CARTESIAN_POINT('',(0.750565854988,-1.));
#6312 = CARTESIAN_POINT('',(0.500606574574,-1.));
#6313 = CARTESIAN_POINT('',(0.250341367062,-1.));
#6314 = CARTESIAN_POINT('',(0.,-1.));
#6315 = ( GEOMETRIC_REPRESENTATION_CONTEXT(2) 
PARAMETRIC_REPRESENTATION_CONTEXT() REPRESENTATION_CONTEXT('2D SPACE',''
  ) );
#6316 = ORIENTED_EDGE('',*,*,#6317,.F.);
#6317 = EDGE_CURVE('',#6318,#6282,#6320,.T.);
#6318 = VERTEX_POINT('',#6319);
#6319 = CARTESIAN_POINT('',(-1.292626953125,6.90859375,95.));
#6320 = SURFACE_CURVE('',#6321,(#6327,#6336),.PCURVE_S1.);
#6321 = B_SPLINE_CURVE_WITH_KNOTS('',4,(#6322,#6323,#6324,#6325,#6326),
  .UNSPECIFIED.,.F.,.F.,(5,5),(0.,1.),.PIECEWISE_BEZIER_KNOTS.);
#6322 = CARTESIAN_POINT('',(-1.292626953125,6.90859375,95.));
#6323 = CARTESIAN_POINT('',(-1.166007837419,6.86713439353,95.));
#6324 = CARTESIAN_POINT('',(-1.038191064279,6.832482219512,95.));
#6325 = CARTESIAN_POINT('',(-0.909280233978,6.804739750342,95.));
#6326 = CARTESIAN_POINT('',(-0.77939453125,6.783935546875,95.));
#6327 = PCURVE('',#2372,#6328);
#6328 = DEFINITIONAL_REPRESENTATION('',(#6329),#6335);
#6329 = B_SPLINE_CURVE_WITH_KNOTS('',4,(#6330,#6331,#6332,#6333,#6334),
  .UNSPECIFIED.,.F.,.F.,(5,5),(0.,1.),.PIECEWISE_BEZIER_KNOTS.);
#6330 = CARTESIAN_POINT('',(-1.292626953125,6.90859375));
#6331 = CARTESIAN_POINT('',(-1.166007837419,6.86713439353));
#6332 = CARTESIAN_POINT('',(-1.038191064279,6.832482219512));
#6333 = CARTESIAN_POINT('',(-0.909280233978,6.804739750342));
#6334 = CARTESIAN_POINT('',(-0.77939453125,6.783935546875));
#6335 = ( GEOMETRIC_REPRESENTATION_CONTEXT(2) 
PARAMETRIC_REPRESENTATION_CONTEXT() REPRESENTATION_CONTEXT('2D SPACE',''
  ) );
#6336 = PCURVE('',#6337,#6344);
#6337 = SURFACE_OF_LINEAR_EXTRUSION('',#6338,#6342);
#6338 = B_SPLINE_CURVE_WITH_KNOTS('',2,(#6339,#6340,#6341),
  .UNSPECIFIED.,.F.,.F.,(3,3),(0.,1.),.PIECEWISE_BEZIER_KNOTS.);
#6339 = CARTESIAN_POINT('',(-0.77939453125,6.783935546875,94.));
#6340 = CARTESIAN_POINT('',(-1.038818359375,6.82548828125,94.));
#6341 = CARTESIAN_POINT('',(-1.292626953125,6.90859375,94.));
#6342 = VECTOR('',#6343,1.);
#6343 = DIRECTION('',(-0.,-0.,-1.));
#6344 = DEFINITIONAL_REPRESENTATION('',(#6345),#6351);
#6345 = B_SPLINE_CURVE_WITH_KNOTS('',4,(#6346,#6347,#6348,#6349,#6350),
  .UNSPECIFIED.,.F.,.F.,(5,5),(0.,1.),.PIECEWISE_BEZIER_KNOTS.);
#6346 = CARTESIAN_POINT('',(1.,-1.));
#6347 = CARTESIAN_POINT('',(0.750561803611,-1.));
#6348 = CARTESIAN_POINT('',(0.500599594062,-1.));
#6349 = CARTESIAN_POINT('',(0.250334951239,-1.));
#6350 = CARTESIAN_POINT('',(0.,-1.));
#6351 = ( GEOMETRIC_REPRESENTATION_CONTEXT(2) 
PARAMETRIC_REPRESENTATION_CONTEXT() REPRESENTATION_CONTEXT('2D SPACE',''
  ) );
#6352 = ORIENTED_EDGE('',*,*,#6353,.F.);
#6353 = EDGE_CURVE('',#6354,#6318,#6356,.T.);
#6354 = VERTEX_POINT('',#6355);
#6355 = CARTESIAN_POINT('',(-1.292626953125,7.57568359375,95.));
#6356 = SURFACE_CURVE('',#6357,(#6361,#6367),.PCURVE_S1.);
#6357 = LINE('',#6358,#6359);
#6358 = CARTESIAN_POINT('',(-1.292626953125,3.454296875,95.));
#6359 = VECTOR('',#6360,1.);
#6360 = DIRECTION('',(0.,-1.,0.));
#6361 = PCURVE('',#2372,#6362);
#6362 = DEFINITIONAL_REPRESENTATION('',(#6363),#6366);
#6363 = B_SPLINE_CURVE_WITH_KNOTS('',1,(#6364,#6365),.UNSPECIFIED.,.F.,
  .F.,(2,2),(-4.12138671875,-3.454296875),.PIECEWISE_BEZIER_KNOTS.);
#6364 = CARTESIAN_POINT('',(-1.292626953125,7.57568359375));
#6365 = CARTESIAN_POINT('',(-1.292626953125,6.90859375));
#6366 = ( GEOMETRIC_REPRESENTATION_CONTEXT(2) 
PARAMETRIC_REPRESENTATION_CONTEXT() REPRESENTATION_CONTEXT('2D SPACE',''
  ) );
#6367 = PCURVE('',#6368,#6373);
#6368 = PLANE('',#6369);
#6369 = AXIS2_PLACEMENT_3D('',#6370,#6371,#6372);
#6370 = CARTESIAN_POINT('',(-1.292626953125,6.90859375,94.));
#6371 = DIRECTION('',(-1.,0.,0.));
#6372 = DIRECTION('',(0.,1.,0.));
#6373 = DEFINITIONAL_REPRESENTATION('',(#6374),#6377);
#6374 = B_SPLINE_CURVE_WITH_KNOTS('',1,(#6375,#6376),.UNSPECIFIED.,.F.,
  .F.,(2,2),(-4.12138671875,-3.454296875),.PIECEWISE_BEZIER_KNOTS.);
#6375 = CARTESIAN_POINT('',(0.66708984375,-1.));
#6376 = CARTESIAN_POINT('',(0.,-1.));
#6377 = ( GEOMETRIC_REPRESENTATION_CONTEXT(2) 
PARAMETRIC_REPRESENTATION_CONTEXT() REPRESENTATION_CONTEXT('2D SPACE',''
  ) );
#6378 = ORIENTED_EDGE('',*,*,#6379,.F.);
#6379 = EDGE_CURVE('',#6380,#6354,#6382,.T.);
#6380 = VERTEX_POINT('',#6381);
#6381 = CARTESIAN_POINT('',(-0.81083984375,7.392626953125,95.));
#6382 = SURFACE_CURVE('',#6383,(#6390,#6400),.PCURVE_S1.);
#6383 = B_SPLINE_CURVE_WITH_KNOTS('',5,(#6384,#6385,#6386,#6387,#6388,
    #6389),.UNSPECIFIED.,.F.,.F.,(6,6),(0.,1.),
  .PIECEWISE_BEZIER_KNOTS.);
#6384 = CARTESIAN_POINT('',(-0.81083984375,7.392626953125,95.));
#6385 = CARTESIAN_POINT('',(-0.907389549449,7.417557628305,95.));
#6386 = CARTESIAN_POINT('',(-1.00393161617,7.448458150012,95.));
#6387 = CARTESIAN_POINT('',(-1.100373229901,7.485217753696,95.));
#6388 = CARTESIAN_POINT('',(-1.196630267704,7.52768525104,95.));
#6389 = CARTESIAN_POINT('',(-1.292626953125,7.57568359375,95.));
#6390 = PCURVE('',#2372,#6391);
#6391 = DEFINITIONAL_REPRESENTATION('',(#6392),#6399);
#6392 = B_SPLINE_CURVE_WITH_KNOTS('',5,(#6393,#6394,#6395,#6396,#6397,
    #6398),.UNSPECIFIED.,.F.,.F.,(6,6),(0.,1.),
  .PIECEWISE_BEZIER_KNOTS.);
#6393 = CARTESIAN_POINT('',(-0.81083984375,7.392626953125));
#6394 = CARTESIAN_POINT('',(-0.907389549449,7.417557628305));
#6395 = CARTESIAN_POINT('',(-1.00393161617,7.448458150012));
#6396 = CARTESIAN_POINT('',(-1.100373229901,7.485217753696));
#6397 = CARTESIAN_POINT('',(-1.196630267704,7.52768525104));
#6398 = CARTESIAN_POINT('',(-1.292626953125,7.57568359375));
#6399 = ( GEOMETRIC_REPRESENTATION_CONTEXT(2) 
PARAMETRIC_REPRESENTATION_CONTEXT() REPRESENTATION_CONTEXT('2D SPACE',''
  ) );
#6400 = PCURVE('',#6401,#6408);
#6401 = SURFACE_OF_LINEAR_EXTRUSION('',#6402,#6406);
#6402 = B_SPLINE_CURVE_WITH_KNOTS('',2,(#6403,#6404,#6405),
  .UNSPECIFIED.,.F.,.F.,(3,3),(0.,1.),.PIECEWISE_BEZIER_KNOTS.);
#6403 = CARTESIAN_POINT('',(-1.292626953125,7.57568359375,94.));
#6404 = CARTESIAN_POINT('',(-1.050048828125,7.45439453125,94.));
#6405 = CARTESIAN_POINT('',(-0.81083984375,7.392626953125,94.));
#6406 = VECTOR('',#6407,1.);
#6407 = DIRECTION('',(-0.,-0.,-1.));
#6408 = DEFINITIONAL_REPRESENTATION('',(#6409),#6416);
#6409 = B_SPLINE_CURVE_WITH_KNOTS('',5,(#6410,#6411,#6412,#6413,#6414,
    #6415),.UNSPECIFIED.,.F.,.F.,(6,6),(0.,1.),
  .PIECEWISE_BEZIER_KNOTS.);
#6410 = CARTESIAN_POINT('',(1.,-1.));
#6411 = CARTESIAN_POINT('',(0.798189633322,-1.));
#6412 = CARTESIAN_POINT('',(0.597112266625,-1.));
#6413 = CARTESIAN_POINT('',(0.396951480004,-1.));
#6414 = CARTESIAN_POINT('',(0.197867564152,-1.));
#6415 = CARTESIAN_POINT('',(0.,-1.));
#6416 = ( GEOMETRIC_REPRESENTATION_CONTEXT(2) 
PARAMETRIC_REPRESENTATION_CONTEXT() REPRESENTATION_CONTEXT('2D SPACE',''
  ) );
#6417 = ORIENTED_EDGE('',*,*,#6418,.F.);
#6418 = EDGE_CURVE('',#6419,#6380,#6421,.T.);
#6419 = VERTEX_POINT('',#6420);
#6420 = CARTESIAN_POINT('',(-0.340283203125,7.330859375,95.));
#6421 = SURFACE_CURVE('',#6422,(#6429,#6439),.PCURVE_S1.);
#6422 = B_SPLINE_CURVE_WITH_KNOTS('',5,(#6423,#6424,#6425,#6426,#6427,
    #6428),.UNSPECIFIED.,.F.,.F.,(6,6),(0.,1.),
  .PIECEWISE_BEZIER_KNOTS.);
#6423 = CARTESIAN_POINT('',(-0.340283203125,7.330859375,95.));
#6424 = CARTESIAN_POINT('',(-0.433294611168,7.330859375,95.));
#6425 = CARTESIAN_POINT('',(-0.526960674455,7.337099348359,95.));
#6426 = CARTESIAN_POINT('',(-0.621176151291,7.349541861933,95.));
#6427 = CARTESIAN_POINT('',(-0.715836707861,7.368095626956,95.));
#6428 = CARTESIAN_POINT('',(-0.81083984375,7.392626953125,95.));
#6429 = PCURVE('',#2372,#6430);
#6430 = DEFINITIONAL_REPRESENTATION('',(#6431),#6438);
#6431 = B_SPLINE_CURVE_WITH_KNOTS('',5,(#6432,#6433,#6434,#6435,#6436,
    #6437),.UNSPECIFIED.,.F.,.F.,(6,6),(0.,1.),
  .PIECEWISE_BEZIER_KNOTS.);
#6432 = CARTESIAN_POINT('',(-0.340283203125,7.330859375));
#6433 = CARTESIAN_POINT('',(-0.433294611168,7.330859375));
#6434 = CARTESIAN_POINT('',(-0.526960674455,7.337099348359));
#6435 = CARTESIAN_POINT('',(-0.621176151291,7.349541861933));
#6436 = CARTESIAN_POINT('',(-0.715836707861,7.368095626956));
#6437 = CARTESIAN_POINT('',(-0.81083984375,7.392626953125));
#6438 = ( GEOMETRIC_REPRESENTATION_CONTEXT(2) 
PARAMETRIC_REPRESENTATION_CONTEXT() REPRESENTATION_CONTEXT('2D SPACE',''
  ) );
#6439 = PCURVE('',#6440,#6447);
#6440 = SURFACE_OF_LINEAR_EXTRUSION('',#6441,#6445);
#6441 = B_SPLINE_CURVE_WITH_KNOTS('',2,(#6442,#6443,#6444),
  .UNSPECIFIED.,.F.,.F.,(3,3),(0.,1.),.PIECEWISE_BEZIER_KNOTS.);
#6442 = CARTESIAN_POINT('',(-0.81083984375,7.392626953125,94.));
#6443 = CARTESIAN_POINT('',(-0.571630859375,7.330859375,94.));
#6444 = CARTESIAN_POINT('',(-0.340283203125,7.330859375,94.));
#6445 = VECTOR('',#6446,1.);
#6446 = DIRECTION('',(-0.,-0.,-1.));
#6447 = DEFINITIONAL_REPRESENTATION('',(#6448),#6455);
#6448 = B_SPLINE_CURVE_WITH_KNOTS('',5,(#6449,#6450,#6451,#6452,#6453,
    #6454),.UNSPECIFIED.,.F.,.F.,(6,6),(0.,1.),
  .PIECEWISE_BEZIER_KNOTS.);
#6449 = CARTESIAN_POINT('',(1.,-1.));
#6450 = CARTESIAN_POINT('',(0.798979143445,-1.));
#6451 = CARTESIAN_POINT('',(0.598259831296,-1.));
#6452 = CARTESIAN_POINT('',(0.398059220447,-1.));
#6453 = CARTESIAN_POINT('',(0.198577691673,-1.));
#6454 = CARTESIAN_POINT('',(0.,-1.));
#6455 = ( GEOMETRIC_REPRESENTATION_CONTEXT(2) 
PARAMETRIC_REPRESENTATION_CONTEXT() REPRESENTATION_CONTEXT('2D SPACE',''
  ) );
#6456 = ORIENTED_EDGE('',*,*,#6457,.F.);
#6457 = EDGE_CURVE('',#6458,#6419,#6460,.T.);
#6458 = VERTEX_POINT('',#6459);
#6459 = CARTESIAN_POINT('',(0.18642578125,7.44990234375,95.));
#6460 = SURFACE_CURVE('',#6461,(#6469,#6480),.PCURVE_S1.);
#6461 = B_SPLINE_CURVE_WITH_KNOTS('',6,(#6462,#6463,#6464,#6465,#6466,
    #6467,#6468),.UNSPECIFIED.,.F.,.F.,(7,7),(0.,1.),
  .PIECEWISE_BEZIER_KNOTS.);
#6462 = CARTESIAN_POINT('',(0.18642578125,7.44990234375,95.));
#6463 = CARTESIAN_POINT('',(0.122577159044,7.408381153849,95.));
#6464 = CARTESIAN_POINT('',(4.768900164139E-02,7.375993511972,95.));
#6465 = CARTESIAN_POINT('',(-3.731548069957E-02,7.352684662678,95.));
#6466 = CARTESIAN_POINT('',(-0.131143704886,7.337884346735,95.));
#6467 = CARTESIAN_POINT('',(-0.232508442518,7.330859375,95.));
#6468 = CARTESIAN_POINT('',(-0.340283203125,7.330859375,95.));
#6469 = PCURVE('',#2372,#6470);
#6470 = DEFINITIONAL_REPRESENTATION('',(#6471),#6479);
#6471 = B_SPLINE_CURVE_WITH_KNOTS('',6,(#6472,#6473,#6474,#6475,#6476,
    #6477,#6478),.UNSPECIFIED.,.F.,.F.,(7,7),(0.,1.),
  .PIECEWISE_BEZIER_KNOTS.);
#6472 = CARTESIAN_POINT('',(0.18642578125,7.44990234375));
#6473 = CARTESIAN_POINT('',(0.122577159044,7.408381153849));
#6474 = CARTESIAN_POINT('',(4.768900164139E-02,7.375993511972));
#6475 = CARTESIAN_POINT('',(-3.731548069957E-02,7.352684662678));
#6476 = CARTESIAN_POINT('',(-0.131143704886,7.337884346735));
#6477 = CARTESIAN_POINT('',(-0.232508442518,7.330859375));
#6478 = CARTESIAN_POINT('',(-0.340283203125,7.330859375));
#6479 = ( GEOMETRIC_REPRESENTATION_CONTEXT(2) 
PARAMETRIC_REPRESENTATION_CONTEXT() REPRESENTATION_CONTEXT('2D SPACE',''
  ) );
#6480 = PCURVE('',#6481,#6488);
#6481 = SURFACE_OF_LINEAR_EXTRUSION('',#6482,#6486);
#6482 = B_SPLINE_CURVE_WITH_KNOTS('',2,(#6483,#6484,#6485),
  .UNSPECIFIED.,.F.,.F.,(3,3),(0.,1.),.PIECEWISE_BEZIER_KNOTS.);
#6483 = CARTESIAN_POINT('',(-0.340283203125,7.330859375,94.));
#6484 = CARTESIAN_POINT('',(3.369140625E-03,7.330859375,94.));
#6485 = CARTESIAN_POINT('',(0.18642578125,7.44990234375,94.));
#6486 = VECTOR('',#6487,1.);
#6487 = DIRECTION('',(-0.,-0.,-1.));
#6488 = DEFINITIONAL_REPRESENTATION('',(#6489),#6497);
#6489 = B_SPLINE_CURVE_WITH_KNOTS('',6,(#6490,#6491,#6492,#6493,#6494,
    #6495,#6496),.UNSPECIFIED.,.F.,.F.,(7,7),(0.,1.),
  .PIECEWISE_BEZIER_KNOTS.);
#6490 = CARTESIAN_POINT('',(1.,-1.));
#6491 = CARTESIAN_POINT('',(0.82560419008,-1.));
#6492 = CARTESIAN_POINT('',(0.653073838237,-1.));
#6493 = CARTESIAN_POINT('',(0.483644702185,-1.));
#6494 = CARTESIAN_POINT('',(0.318078119829,-1.));
#6495 = CARTESIAN_POINT('',(0.156807835836,-1.));
#6496 = CARTESIAN_POINT('',(0.,-1.));
#6497 = ( GEOMETRIC_REPRESENTATION_CONTEXT(2) 
PARAMETRIC_REPRESENTATION_CONTEXT() REPRESENTATION_CONTEXT('2D SPACE',''
  ) );
#6498 = ORIENTED_EDGE('',*,*,#6499,.F.);
#6499 = EDGE_CURVE('',#6500,#6458,#6502,.T.);
#6500 = VERTEX_POINT('',#6501);
#6501 = CARTESIAN_POINT('',(0.369482421875,7.79130859375,95.));
#6502 = SURFACE_CURVE('',#6503,(#6514,#6528),.PCURVE_S1.);
#6503 = B_SPLINE_CURVE_WITH_KNOTS('',5,(#6504,#6505,#6506,#6507,#6508,
    #6509,#6510,#6511,#6512,#6513),.UNSPECIFIED.,.F.,.F.,(6,4,6),(0.,
    0.520249914785,1.),.UNSPECIFIED.);
#6504 = CARTESIAN_POINT('',(0.369482421875,7.79130859375,95.));
#6505 = CARTESIAN_POINT('',(0.369482421875,7.745677828723,95.));
#6506 = CARTESIAN_POINT('',(0.364664566456,7.70231429567,95.));
#6507 = CARTESIAN_POINT('',(0.35483786903,7.661457822804,95.));
#6508 = CARTESIAN_POINT('',(0.339919346258,7.623306027347,95.));
#6509 = CARTESIAN_POINT('',(0.301600377928,7.555420511957,95.));
#6510 = CARTESIAN_POINT('',(0.278948853529,7.525259528063,95.));
#6511 = CARTESIAN_POINT('',(0.25208586326,7.497607706293,95.));
#6512 = CARTESIAN_POINT('',(0.221168774697,7.472495946851,95.));
#6513 = CARTESIAN_POINT('',(0.18642578125,7.44990234375,95.));
#6514 = PCURVE('',#2372,#6515);
#6515 = DEFINITIONAL_REPRESENTATION('',(#6516),#6527);
#6516 = B_SPLINE_CURVE_WITH_KNOTS('',5,(#6517,#6518,#6519,#6520,#6521,
    #6522,#6523,#6524,#6525,#6526),.UNSPECIFIED.,.F.,.F.,(6,4,6),(0.,
    0.520249914785,1.),.UNSPECIFIED.);
#6517 = CARTESIAN_POINT('',(0.369482421875,7.79130859375));
#6518 = CARTESIAN_POINT('',(0.369482421875,7.745677828723));
#6519 = CARTESIAN_POINT('',(0.364664566456,7.70231429567));
#6520 = CARTESIAN_POINT('',(0.35483786903,7.661457822804));
#6521 = CARTESIAN_POINT('',(0.339919346258,7.623306027347));
#6522 = CARTESIAN_POINT('',(0.301600377928,7.555420511957));
#6523 = CARTESIAN_POINT('',(0.278948853529,7.525259528063));
#6524 = CARTESIAN_POINT('',(0.25208586326,7.497607706293));
#6525 = CARTESIAN_POINT('',(0.221168774697,7.472495946851));
#6526 = CARTESIAN_POINT('',(0.18642578125,7.44990234375));
#6527 = ( GEOMETRIC_REPRESENTATION_CONTEXT(2) 
PARAMETRIC_REPRESENTATION_CONTEXT() REPRESENTATION_CONTEXT('2D SPACE',''
  ) );
#6528 = PCURVE('',#6529,#6536);
#6529 = SURFACE_OF_LINEAR_EXTRUSION('',#6530,#6534);
#6530 = B_SPLINE_CURVE_WITH_KNOTS('',2,(#6531,#6532,#6533),
  .UNSPECIFIED.,.F.,.F.,(3,3),(0.,1.),.PIECEWISE_BEZIER_KNOTS.);
#6531 = CARTESIAN_POINT('',(0.18642578125,7.44990234375,94.));
#6532 = CARTESIAN_POINT('',(0.369482421875,7.5689453125,94.));
#6533 = CARTESIAN_POINT('',(0.369482421875,7.79130859375,94.));
#6534 = VECTOR('',#6535,1.);
#6535 = DIRECTION('',(-0.,-0.,-1.));
#6536 = DEFINITIONAL_REPRESENTATION('',(#6537),#6548);
#6537 = B_SPLINE_CURVE_WITH_KNOTS('',5,(#6538,#6539,#6540,#6541,#6542,
    #6543,#6544,#6545,#6546,#6547),.UNSPECIFIED.,.F.,.F.,(6,4,6),(0.,
    0.520249914785,1.),.UNSPECIFIED.);
#6538 = CARTESIAN_POINT('',(1.,-1.));
#6539 = CARTESIAN_POINT('',(0.89739590824,-1.));
#6540 = CARTESIAN_POINT('',(0.793775352828,-1.));
#6541 = CARTESIAN_POINT('',(0.689435217544,-1.));
#6542 = CARTESIAN_POINT('',(0.584714542178,-1.));
#6543 = CARTESIAN_POINT('',(0.383437157594,-1.));
#6544 = CARTESIAN_POINT('',(0.286870194898,-1.));
#6545 = CARTESIAN_POINT('',(0.190600355094,-1.));
#6546 = CARTESIAN_POINT('',(9.489683993127E-02,-1.));
#6547 = CARTESIAN_POINT('',(0.,-1.));
#6548 = ( GEOMETRIC_REPRESENTATION_CONTEXT(2) 
PARAMETRIC_REPRESENTATION_CONTEXT() REPRESENTATION_CONTEXT('2D SPACE',''
  ) );
#6549 = ORIENTED_EDGE('',*,*,#6550,.F.);
#6550 = EDGE_CURVE('',#6551,#6500,#6553,.T.);
#6551 = VERTEX_POINT('',#6552);
#6552 = CARTESIAN_POINT('',(0.18193359375,8.138330078125,95.));
#6553 = SURFACE_CURVE('',#6554,(#6565,#6579),.PCURVE_S1.);
#6554 = B_SPLINE_CURVE_WITH_KNOTS('',5,(#6555,#6556,#6557,#6558,#6559,
    #6560,#6561,#6562,#6563,#6564),.UNSPECIFIED.,.F.,.F.,(6,4,6),(0.,
    0.463522624087,1.),.UNSPECIFIED.);
#6555 = CARTESIAN_POINT('',(0.18193359375,8.138330078125,95.));
#6556 = CARTESIAN_POINT('',(0.216342249003,8.116695893684,95.));
#6557 = CARTESIAN_POINT('',(0.247098170291,8.092538709416,95.));
#6558 = CARTESIAN_POINT('',(0.27397983487,8.065833707903,95.));
#6559 = CARTESIAN_POINT('',(0.296833189525,8.036608869372,95.));
#6560 = CARTESIAN_POINT('',(0.337321405741,7.968337247659,95.));
#6561 = CARTESIAN_POINT('',(0.353571463518,7.928464025887,95.));
#6562 = CARTESIAN_POINT('',(0.364256806418,7.885497761071,95.));
#6563 = CARTESIAN_POINT('',(0.369482421875,7.839681257927,95.));
#6564 = CARTESIAN_POINT('',(0.369482421875,7.79130859375,95.));
#6565 = PCURVE('',#2372,#6566);
#6566 = DEFINITIONAL_REPRESENTATION('',(#6567),#6578);
#6567 = B_SPLINE_CURVE_WITH_KNOTS('',5,(#6568,#6569,#6570,#6571,#6572,
    #6573,#6574,#6575,#6576,#6577),.UNSPECIFIED.,.F.,.F.,(6,4,6),(0.,
    0.463522624087,1.),.UNSPECIFIED.);
#6568 = CARTESIAN_POINT('',(0.18193359375,8.138330078125));
#6569 = CARTESIAN_POINT('',(0.216342249003,8.116695893684));
#6570 = CARTESIAN_POINT('',(0.247098170291,8.092538709416));
#6571 = CARTESIAN_POINT('',(0.27397983487,8.065833707903));
#6572 = CARTESIAN_POINT('',(0.296833189525,8.036608869372));
#6573 = CARTESIAN_POINT('',(0.337321405741,7.968337247659));
#6574 = CARTESIAN_POINT('',(0.353571463518,7.928464025887));
#6575 = CARTESIAN_POINT('',(0.364256806418,7.885497761071));
#6576 = CARTESIAN_POINT('',(0.369482421875,7.839681257927));
#6577 = CARTESIAN_POINT('',(0.369482421875,7.79130859375));
#6578 = ( GEOMETRIC_REPRESENTATION_CONTEXT(2) 
PARAMETRIC_REPRESENTATION_CONTEXT() REPRESENTATION_CONTEXT('2D SPACE',''
  ) );
#6579 = PCURVE('',#6580,#6587);
#6580 = SURFACE_OF_LINEAR_EXTRUSION('',#6581,#6585);
#6581 = B_SPLINE_CURVE_WITH_KNOTS('',2,(#6582,#6583,#6584),
  .UNSPECIFIED.,.F.,.F.,(3,3),(0.,1.),.PIECEWISE_BEZIER_KNOTS.);
#6582 = CARTESIAN_POINT('',(0.369482421875,7.79130859375,94.));
#6583 = CARTESIAN_POINT('',(0.369482421875,8.02041015625,94.));
#6584 = CARTESIAN_POINT('',(0.18193359375,8.138330078125,94.));
#6585 = VECTOR('',#6586,1.);
#6586 = DIRECTION('',(-0.,-0.,-1.));
#6587 = DEFINITIONAL_REPRESENTATION('',(#6588),#6599);
#6588 = B_SPLINE_CURVE_WITH_KNOTS('',5,(#6589,#6590,#6591,#6592,#6593,
    #6594,#6595,#6596,#6597,#6598),.UNSPECIFIED.,.F.,.F.,(6,4,6),(0.,
    0.463522624087,1.),.UNSPECIFIED.);
#6589 = CARTESIAN_POINT('',(1.,-1.));
#6590 = CARTESIAN_POINT('',(0.908267474669,-1.));
#6591 = CARTESIAN_POINT('',(0.815754494953,-1.));
#6592 = CARTESIAN_POINT('',(0.722693500229,-1.));
#6593 = CARTESIAN_POINT('',(0.629344866691,-1.));
#6594 = CARTESIAN_POINT('',(0.427963398258,-1.));
#6595 = CARTESIAN_POINT('',(0.319918544667,-1.));
#6596 = CARTESIAN_POINT('',(0.21232283665,-1.));
#6597 = CARTESIAN_POINT('',(0.105570349782,-1.));
#6598 = CARTESIAN_POINT('',(0.,-1.));
#6599 = ( GEOMETRIC_REPRESENTATION_CONTEXT(2) 
PARAMETRIC_REPRESENTATION_CONTEXT() REPRESENTATION_CONTEXT('2D SPACE',''
  ) );
#6600 = ORIENTED_EDGE('',*,*,#6601,.F.);
#6601 = EDGE_CURVE('',#6602,#6551,#6604,.T.);
#6602 = VERTEX_POINT('',#6603);
#6603 = CARTESIAN_POINT('',(-0.371728515625,8.25625,95.));
#6604 = SURFACE_CURVE('',#6605,(#6613,#6624),.PCURVE_S1.);
#6605 = B_SPLINE_CURVE_WITH_KNOTS('',6,(#6606,#6607,#6608,#6609,#6610,
    #6611,#6612),.UNSPECIFIED.,.F.,.F.,(7,7),(0.,1.),
  .PIECEWISE_BEZIER_KNOTS.);
#6606 = CARTESIAN_POINT('',(-0.371728515625,8.25625,95.));
#6607 = CARTESIAN_POINT('',(-0.258021874946,8.25625,95.));
#6608 = CARTESIAN_POINT('',(-0.151016404655,8.249425589288,95.));
#6609 = CARTESIAN_POINT('',(-5.198195545488E-02,8.234957575809,95.));
#6610 = CARTESIAN_POINT('',(3.754133024237E-02,8.21200183209,95.));
#6611 = CARTESIAN_POINT('',(0.115915377799,8.179838537256,95.));
#6612 = CARTESIAN_POINT('',(0.18193359375,8.138330078125,95.));
#6613 = PCURVE('',#2372,#6614);
#6614 = DEFINITIONAL_REPRESENTATION('',(#6615),#6623);
#6615 = B_SPLINE_CURVE_WITH_KNOTS('',6,(#6616,#6617,#6618,#6619,#6620,
    #6621,#6622),.UNSPECIFIED.,.F.,.F.,(7,7),(0.,1.),
  .PIECEWISE_BEZIER_KNOTS.);
#6616 = CARTESIAN_POINT('',(-0.371728515625,8.25625));
#6617 = CARTESIAN_POINT('',(-0.258021874946,8.25625));
#6618 = CARTESIAN_POINT('',(-0.151016404655,8.249425589288));
#6619 = CARTESIAN_POINT('',(-5.198195545488E-02,8.234957575809));
#6620 = CARTESIAN_POINT('',(3.754133024237E-02,8.21200183209));
#6621 = CARTESIAN_POINT('',(0.115915377799,8.179838537256));
#6622 = CARTESIAN_POINT('',(0.18193359375,8.138330078125));
#6623 = ( GEOMETRIC_REPRESENTATION_CONTEXT(2) 
PARAMETRIC_REPRESENTATION_CONTEXT() REPRESENTATION_CONTEXT('2D SPACE',''
  ) );
#6624 = PCURVE('',#6625,#6632);
#6625 = SURFACE_OF_LINEAR_EXTRUSION('',#6626,#6630);
#6626 = B_SPLINE_CURVE_WITH_KNOTS('',2,(#6627,#6628,#6629),
  .UNSPECIFIED.,.F.,.F.,(3,3),(0.,1.),.PIECEWISE_BEZIER_KNOTS.);
#6627 = CARTESIAN_POINT('',(0.18193359375,8.138330078125,94.));
#6628 = CARTESIAN_POINT('',(-5.615234375E-03,8.25625,94.));
#6629 = CARTESIAN_POINT('',(-0.371728515625,8.25625,94.));
#6630 = VECTOR('',#6631,1.);
#6631 = DIRECTION('',(-0.,-0.,-1.));
#6632 = DEFINITIONAL_REPRESENTATION('',(#6633),#6641);
#6633 = B_SPLINE_CURVE_WITH_KNOTS('',6,(#6634,#6635,#6636,#6637,#6638,
    #6639,#6640),.UNSPECIFIED.,.F.,.F.,(7,7),(0.,1.),
  .PIECEWISE_BEZIER_KNOTS.);
#6634 = CARTESIAN_POINT('',(1.,-1.));
#6635 = CARTESIAN_POINT('',(0.844711122892,-1.));
#6636 = CARTESIAN_POINT('',(0.684460752378,-1.));
#6637 = CARTESIAN_POINT('',(0.51928898517,-1.));
#6638 = CARTESIAN_POINT('',(0.349553486847,-1.));
#6639 = CARTESIAN_POINT('',(0.176002741822,-1.));
#6640 = CARTESIAN_POINT('',(0.,-1.));
#6641 = ( GEOMETRIC_REPRESENTATION_CONTEXT(2) 
PARAMETRIC_REPRESENTATION_CONTEXT() REPRESENTATION_CONTEXT('2D SPACE',''
  ) );
#6642 = ORIENTED_EDGE('',*,*,#6643,.F.);
#6643 = EDGE_CURVE('',#6644,#6602,#6646,.T.);
#6644 = VERTEX_POINT('',#6645);
#6645 = CARTESIAN_POINT('',(-0.717626953125,8.25625,95.));
#6646 = SURFACE_CURVE('',#6647,(#6651,#6657),.PCURVE_S1.);
#6647 = LINE('',#6648,#6649);
#6648 = CARTESIAN_POINT('',(-0.185864257813,8.25625,95.));
#6649 = VECTOR('',#6650,1.);
#6650 = DIRECTION('',(1.,0.,-0.));
#6651 = PCURVE('',#2372,#6652);
#6652 = DEFINITIONAL_REPRESENTATION('',(#6653),#6656);
#6653 = B_SPLINE_CURVE_WITH_KNOTS('',1,(#6654,#6655),.UNSPECIFIED.,.F.,
  .F.,(2,2),(-0.531762695312,-0.185864257813),.PIECEWISE_BEZIER_KNOTS.);
#6654 = CARTESIAN_POINT('',(-0.717626953125,8.25625));
#6655 = CARTESIAN_POINT('',(-0.371728515625,8.25625));
#6656 = ( GEOMETRIC_REPRESENTATION_CONTEXT(2) 
PARAMETRIC_REPRESENTATION_CONTEXT() REPRESENTATION_CONTEXT('2D SPACE',''
  ) );
#6657 = PCURVE('',#6658,#6663);
#6658 = PLANE('',#6659);
#6659 = AXIS2_PLACEMENT_3D('',#6660,#6661,#6662);
#6660 = CARTESIAN_POINT('',(-0.371728515625,8.25625,94.));
#6661 = DIRECTION('',(0.,-1.,0.));
#6662 = DIRECTION('',(-1.,0.,0.));
#6663 = DEFINITIONAL_REPRESENTATION('',(#6664),#6667);
#6664 = B_SPLINE_CURVE_WITH_KNOTS('',1,(#6665,#6666),.UNSPECIFIED.,.F.,
  .F.,(2,2),(-0.531762695312,-0.185864257813),.PIECEWISE_BEZIER_KNOTS.);
#6665 = CARTESIAN_POINT('',(0.3458984375,-1.));
#6666 = CARTESIAN_POINT('',(0.,-1.));
#6667 = ( GEOMETRIC_REPRESENTATION_CONTEXT(2) 
PARAMETRIC_REPRESENTATION_CONTEXT() REPRESENTATION_CONTEXT('2D SPACE',''
  ) );
#6668 = ORIENTED_EDGE('',*,*,#6669,.F.);
#6669 = EDGE_CURVE('',#6670,#6644,#6672,.T.);
#6670 = VERTEX_POINT('',#6671);
#6671 = CARTESIAN_POINT('',(-0.717626953125,8.81328125,95.));
#6672 = SURFACE_CURVE('',#6673,(#6677,#6683),.PCURVE_S1.);
#6673 = LINE('',#6674,#6675);
#6674 = CARTESIAN_POINT('',(-0.717626953125,4.128125,95.));
#6675 = VECTOR('',#6676,1.);
#6676 = DIRECTION('',(0.,-1.,0.));
#6677 = PCURVE('',#2372,#6678);
#6678 = DEFINITIONAL_REPRESENTATION('',(#6679),#6682);
#6679 = B_SPLINE_CURVE_WITH_KNOTS('',1,(#6680,#6681),.UNSPECIFIED.,.F.,
  .F.,(2,2),(-4.68515625,-4.128125),.PIECEWISE_BEZIER_KNOTS.);
#6680 = CARTESIAN_POINT('',(-0.717626953125,8.81328125));
#6681 = CARTESIAN_POINT('',(-0.717626953125,8.25625));
#6682 = ( GEOMETRIC_REPRESENTATION_CONTEXT(2) 
PARAMETRIC_REPRESENTATION_CONTEXT() REPRESENTATION_CONTEXT('2D SPACE',''
  ) );
#6683 = PCURVE('',#6684,#6689);
#6684 = PLANE('',#6685);
#6685 = AXIS2_PLACEMENT_3D('',#6686,#6687,#6688);
#6686 = CARTESIAN_POINT('',(-0.717626953125,8.25625,94.));
#6687 = DIRECTION('',(-1.,0.,0.));
#6688 = DIRECTION('',(0.,1.,0.));
#6689 = DEFINITIONAL_REPRESENTATION('',(#6690),#6693);
#6690 = B_SPLINE_CURVE_WITH_KNOTS('',1,(#6691,#6692),.UNSPECIFIED.,.F.,
  .F.,(2,2),(-4.68515625,-4.128125),.PIECEWISE_BEZIER_KNOTS.);
#6691 = CARTESIAN_POINT('',(0.55703125,-1.));
#6692 = CARTESIAN_POINT('',(0.,-1.));
#6693 = ( GEOMETRIC_REPRESENTATION_CONTEXT(2) 
PARAMETRIC_REPRESENTATION_CONTEXT() REPRESENTATION_CONTEXT('2D SPACE',''
  ) );
#6694 = ORIENTED_EDGE('',*,*,#6695,.F.);
#6695 = EDGE_CURVE('',#6696,#6670,#6698,.T.);
#6696 = VERTEX_POINT('',#6697);
#6697 = CARTESIAN_POINT('',(-0.353759765625,8.81328125,95.));
#6698 = SURFACE_CURVE('',#6699,(#6703,#6709),.PCURVE_S1.);
#6699 = LINE('',#6700,#6701);
#6700 = CARTESIAN_POINT('',(-0.358813476563,8.81328125,95.));
#6701 = VECTOR('',#6702,1.);
#6702 = DIRECTION('',(-1.,0.,0.));
#6703 = PCURVE('',#2372,#6704);
#6704 = DEFINITIONAL_REPRESENTATION('',(#6705),#6708);
#6705 = B_SPLINE_CURVE_WITH_KNOTS('',1,(#6706,#6707),.UNSPECIFIED.,.F.,
  .F.,(2,2),(-5.0537109375E-03,0.358813476563),
  .PIECEWISE_BEZIER_KNOTS.);
#6706 = CARTESIAN_POINT('',(-0.353759765625,8.81328125));
#6707 = CARTESIAN_POINT('',(-0.717626953125,8.81328125));
#6708 = ( GEOMETRIC_REPRESENTATION_CONTEXT(2) 
PARAMETRIC_REPRESENTATION_CONTEXT() REPRESENTATION_CONTEXT('2D SPACE',''
  ) );
#6709 = PCURVE('',#6710,#6715);
#6710 = PLANE('',#6711);
#6711 = AXIS2_PLACEMENT_3D('',#6712,#6713,#6714);
#6712 = CARTESIAN_POINT('',(-0.717626953125,8.81328125,94.));
#6713 = DIRECTION('',(0.,1.,0.));
#6714 = DIRECTION('',(1.,0.,0.));
#6715 = DEFINITIONAL_REPRESENTATION('',(#6716),#6719);
#6716 = B_SPLINE_CURVE_WITH_KNOTS('',1,(#6717,#6718),.UNSPECIFIED.,.F.,
  .F.,(2,2),(-5.0537109375E-03,0.358813476563),
  .PIECEWISE_BEZIER_KNOTS.);
#6717 = CARTESIAN_POINT('',(0.3638671875,-1.));
#6718 = CARTESIAN_POINT('',(0.,-1.));
#6719 = ( GEOMETRIC_REPRESENTATION_CONTEXT(2) 
PARAMETRIC_REPRESENTATION_CONTEXT() REPRESENTATION_CONTEXT('2D SPACE',''
  ) );
#6720 = ORIENTED_EDGE('',*,*,#6721,.F.);
#6721 = EDGE_CURVE('',#6722,#6696,#6724,.T.);
#6722 = VERTEX_POINT('',#6723);
#6723 = CARTESIAN_POINT('',(0.131396484375,8.915478515625,95.));
#6724 = SURFACE_CURVE('',#6725,(#6733,#6744),.PCURVE_S1.);
#6725 = B_SPLINE_CURVE_WITH_KNOTS('',6,(#6726,#6727,#6728,#6729,#6730,
    #6731,#6732),.UNSPECIFIED.,.F.,.F.,(7,7),(0.,1.),
  .PIECEWISE_BEZIER_KNOTS.);
#6726 = CARTESIAN_POINT('',(0.131396484375,8.915478515625,95.));
#6727 = CARTESIAN_POINT('',(7.565660952099E-02,8.879757891599,95.));
#6728 = CARTESIAN_POINT('',(8.390852073981E-03,8.851949994437,95.));
#6729 = CARTESIAN_POINT('',(-6.947758829616E-02,8.831968525787,95.));
#6730 = CARTESIAN_POINT('',(-0.156634309953,8.819293919424,95.));
#6731 = CARTESIAN_POINT('',(-0.25177442149,8.81328125,95.));
#6732 = CARTESIAN_POINT('',(-0.353759765625,8.81328125,95.));
#6733 = PCURVE('',#2372,#6734);
#6734 = DEFINITIONAL_REPRESENTATION('',(#6735),#6743);
#6735 = B_SPLINE_CURVE_WITH_KNOTS('',6,(#6736,#6737,#6738,#6739,#6740,
    #6741,#6742),.UNSPECIFIED.,.F.,.F.,(7,7),(0.,1.),
  .PIECEWISE_BEZIER_KNOTS.);
#6736 = CARTESIAN_POINT('',(0.131396484375,8.915478515625));
#6737 = CARTESIAN_POINT('',(7.565660952099E-02,8.879757891599));
#6738 = CARTESIAN_POINT('',(8.390852073981E-03,8.851949994437));
#6739 = CARTESIAN_POINT('',(-6.947758829616E-02,8.831968525787));
#6740 = CARTESIAN_POINT('',(-0.156634309953,8.819293919424));
#6741 = CARTESIAN_POINT('',(-0.25177442149,8.81328125));
#6742 = CARTESIAN_POINT('',(-0.353759765625,8.81328125));
#6743 = ( GEOMETRIC_REPRESENTATION_CONTEXT(2) 
PARAMETRIC_REPRESENTATION_CONTEXT() REPRESENTATION_CONTEXT('2D SPACE',''
  ) );
#6744 = PCURVE('',#6745,#6752);
#6745 = SURFACE_OF_LINEAR_EXTRUSION('',#6746,#6750);
#6746 = B_SPLINE_CURVE_WITH_KNOTS('',2,(#6747,#6748,#6749),
  .UNSPECIFIED.,.F.,.F.,(3,3),(0.,1.),.PIECEWISE_BEZIER_KNOTS.);
#6747 = CARTESIAN_POINT('',(-0.353759765625,8.81328125,94.));
#6748 = CARTESIAN_POINT('',(-2.8076171875E-02,8.81328125,94.));
#6749 = CARTESIAN_POINT('',(0.131396484375,8.915478515625,94.));
#6750 = VECTOR('',#6751,1.);
#6751 = DIRECTION('',(-0.,-0.,-1.));
#6752 = DEFINITIONAL_REPRESENTATION('',(#6753),#6761);
#6753 = B_SPLINE_CURVE_WITH_KNOTS('',6,(#6754,#6755,#6756,#6757,#6758,
    #6759,#6760),.UNSPECIFIED.,.F.,.F.,(7,7),(0.,1.),
  .PIECEWISE_BEZIER_KNOTS.);
#6754 = CARTESIAN_POINT('',(1.,-1.));
#6755 = CARTESIAN_POINT('',(0.825236889619,-1.));
#6756 = CARTESIAN_POINT('',(0.652535853775,-1.));
#6757 = CARTESIAN_POINT('',(0.483098743469,-1.));
#6758 = CARTESIAN_POINT('',(0.317646185774,-1.));
#6759 = CARTESIAN_POINT('',(0.156571202989,-1.));
#6760 = CARTESIAN_POINT('',(0.,-1.));
#6761 = ( GEOMETRIC_REPRESENTATION_CONTEXT(2) 
PARAMETRIC_REPRESENTATION_CONTEXT() REPRESENTATION_CONTEXT('2D SPACE',''
  ) );
#6762 = ORIENTED_EDGE('',*,*,#6763,.F.);
#6763 = EDGE_CURVE('',#6764,#6722,#6766,.T.);
#6764 = VERTEX_POINT('',#6765);
#6765 = CARTESIAN_POINT('',(0.290869140625,9.2265625,95.));
#6766 = SURFACE_CURVE('',#6767,(#6778,#6792),.PCURVE_S1.);
#6767 = B_SPLINE_CURVE_WITH_KNOTS('',5,(#6768,#6769,#6770,#6771,#6772,
    #6773,#6774,#6775,#6776,#6777),.UNSPECIFIED.,.F.,.F.,(6,4,6),(0.,
    0.607078237155,1.),.UNSPECIFIED.);
#6768 = CARTESIAN_POINT('',(0.290869140625,9.2265625,95.));
#6769 = CARTESIAN_POINT('',(0.290869140625,9.176712679434,95.));
#6770 = CARTESIAN_POINT('',(0.285192769026,9.130091495757,95.));
#6771 = CARTESIAN_POINT('',(0.273580819253,9.087035332632,95.));
#6772 = CARTESIAN_POINT('',(0.255916840959,9.047811901306,95.));
#6773 = CARTESIAN_POINT('',(0.217022676617,8.989763540705,95.));
#6774 = CARTESIAN_POINT('',(0.199247458274,8.968622643953,95.));
#6775 = CARTESIAN_POINT('',(0.179007330642,8.949188580861,95.));
#6776 = CARTESIAN_POINT('',(0.156360710181,8.93147671667,95.));
#6777 = CARTESIAN_POINT('',(0.131396484375,8.915478515625,95.));
#6778 = PCURVE('',#2372,#6779);
#6779 = DEFINITIONAL_REPRESENTATION('',(#6780),#6791);
#6780 = B_SPLINE_CURVE_WITH_KNOTS('',5,(#6781,#6782,#6783,#6784,#6785,
    #6786,#6787,#6788,#6789,#6790),.UNSPECIFIED.,.F.,.F.,(6,4,6),(0.,
    0.607078237155,1.),.UNSPECIFIED.);
#6781 = CARTESIAN_POINT('',(0.290869140625,9.2265625));
#6782 = CARTESIAN_POINT('',(0.290869140625,9.176712679434));
#6783 = CARTESIAN_POINT('',(0.285192769026,9.130091495757));
#6784 = CARTESIAN_POINT('',(0.273580819253,9.087035332632));
#6785 = CARTESIAN_POINT('',(0.255916840959,9.047811901306));
#6786 = CARTESIAN_POINT('',(0.217022676617,8.989763540705));
#6787 = CARTESIAN_POINT('',(0.199247458274,8.968622643953));
#6788 = CARTESIAN_POINT('',(0.179007330642,8.949188580861));
#6789 = CARTESIAN_POINT('',(0.156360710181,8.93147671667));
#6790 = CARTESIAN_POINT('',(0.131396484375,8.915478515625));
#6791 = ( GEOMETRIC_REPRESENTATION_CONTEXT(2) 
PARAMETRIC_REPRESENTATION_CONTEXT() REPRESENTATION_CONTEXT('2D SPACE',''
  ) );
#6792 = PCURVE('',#6793,#6800);
#6793 = SURFACE_OF_LINEAR_EXTRUSION('',#6794,#6798);
#6794 = B_SPLINE_CURVE_WITH_KNOTS('',2,(#6795,#6796,#6797),
  .UNSPECIFIED.,.F.,.F.,(3,3),(0.,1.),.PIECEWISE_BEZIER_KNOTS.);
#6795 = CARTESIAN_POINT('',(0.131396484375,8.915478515625,94.));
#6796 = CARTESIAN_POINT('',(0.290869140625,9.01767578125,94.));
#6797 = CARTESIAN_POINT('',(0.290869140625,9.2265625,94.));
#6798 = VECTOR('',#6799,1.);
#6799 = DIRECTION('',(-0.,-0.,-1.));
#6800 = DEFINITIONAL_REPRESENTATION('',(#6801),#6812);
#6801 = B_SPLINE_CURVE_WITH_KNOTS('',5,(#6802,#6803,#6804,#6805,#6806,
    #6807,#6808,#6809,#6810,#6811),.UNSPECIFIED.,.F.,.F.,(6,4,6),(0.,
    0.607078237155,1.),.UNSPECIFIED.);
#6802 = CARTESIAN_POINT('',(1.,-1.));
#6803 = CARTESIAN_POINT('',(0.880677381347,-1.));
#6804 = CARTESIAN_POINT('',(0.759992934468,-1.));
#6805 = CARTESIAN_POINT('',(0.638336753129,-1.));
#6806 = CARTESIAN_POINT('',(0.516163160908,-1.));
#6807 = CARTESIAN_POINT('',(0.314931831186,-1.));
#6808 = CARTESIAN_POINT('',(0.235863213572,-1.));
#6809 = CARTESIAN_POINT('',(0.15693288773,-1.));
#6810 = CARTESIAN_POINT('',(7.827117950201E-02,-1.));
#6811 = CARTESIAN_POINT('',(0.,-1.));
#6812 = ( GEOMETRIC_REPRESENTATION_CONTEXT(2) 
PARAMETRIC_REPRESENTATION_CONTEXT() REPRESENTATION_CONTEXT('2D SPACE',''
  ) );
#6813 = ORIENTED_EDGE('',*,*,#6814,.F.);
#6814 = EDGE_CURVE('',#6815,#6764,#6817,.T.);
#6815 = VERTEX_POINT('',#6816);
#6816 = CARTESIAN_POINT('',(0.135888671875,9.52529296875,95.));
#6817 = SURFACE_CURVE('',#6818,(#6829,#6843),.PCURVE_S1.);
#6818 = B_SPLINE_CURVE_WITH_KNOTS('',5,(#6819,#6820,#6821,#6822,#6823,
    #6824,#6825,#6826,#6827,#6828),.UNSPECIFIED.,.F.,.F.,(6,4,6),(0.,
    0.466680269501,1.),.UNSPECIFIED.);
#6819 = CARTESIAN_POINT('',(0.135888671875,9.52529296875,95.));
#6820 = CARTESIAN_POINT('',(0.164604487717,9.505732920278,95.));
#6821 = CARTESIAN_POINT('',(0.190167893659,9.484175459058,95.));
#6822 = CARTESIAN_POINT('',(0.212445205285,9.460611712896,95.));
#6823 = CARTESIAN_POINT('',(0.231347155129,9.435063368189,95.));
#6824 = CARTESIAN_POINT('',(0.264547056907,9.376193281053,95.));
#6825 = CARTESIAN_POINT('',(0.27780322914,9.342280599264,95.));
#6826 = CARTESIAN_POINT('',(0.286558731544,9.305940577788,95.));
#6827 = CARTESIAN_POINT('',(0.290869140625,9.267310631517,95.));
#6828 = CARTESIAN_POINT('',(0.290869140625,9.2265625,95.));
#6829 = PCURVE('',#2372,#6830);
#6830 = DEFINITIONAL_REPRESENTATION('',(#6831),#6842);
#6831 = B_SPLINE_CURVE_WITH_KNOTS('',5,(#6832,#6833,#6834,#6835,#6836,
    #6837,#6838,#6839,#6840,#6841),.UNSPECIFIED.,.F.,.F.,(6,4,6),(0.,
    0.466680269501,1.),.UNSPECIFIED.);
#6832 = CARTESIAN_POINT('',(0.135888671875,9.52529296875));
#6833 = CARTESIAN_POINT('',(0.164604487717,9.505732920278));
#6834 = CARTESIAN_POINT('',(0.190167893659,9.484175459058));
#6835 = CARTESIAN_POINT('',(0.212445205285,9.460611712896));
#6836 = CARTESIAN_POINT('',(0.231347155129,9.435063368189));
#6837 = CARTESIAN_POINT('',(0.264547056907,9.376193281053));
#6838 = CARTESIAN_POINT('',(0.27780322914,9.342280599264));
#6839 = CARTESIAN_POINT('',(0.286558731544,9.305940577788));
#6840 = CARTESIAN_POINT('',(0.290869140625,9.267310631517));
#6841 = CARTESIAN_POINT('',(0.290869140625,9.2265625));
#6842 = ( GEOMETRIC_REPRESENTATION_CONTEXT(2) 
PARAMETRIC_REPRESENTATION_CONTEXT() REPRESENTATION_CONTEXT('2D SPACE',''
  ) );
#6843 = PCURVE('',#6844,#6851);
#6844 = SURFACE_OF_LINEAR_EXTRUSION('',#6845,#6849);
#6845 = B_SPLINE_CURVE_WITH_KNOTS('',2,(#6846,#6847,#6848),
  .UNSPECIFIED.,.F.,.F.,(3,3),(0.,1.),.PIECEWISE_BEZIER_KNOTS.);
#6846 = CARTESIAN_POINT('',(0.290869140625,9.2265625,94.));
#6847 = CARTESIAN_POINT('',(0.290869140625,9.4197265625,94.));
#6848 = CARTESIAN_POINT('',(0.135888671875,9.52529296875,94.));
#6849 = VECTOR('',#6850,1.);
#6850 = DIRECTION('',(-0.,-0.,-1.));
#6851 = DEFINITIONAL_REPRESENTATION('',(#6852),#6863);
#6852 = B_SPLINE_CURVE_WITH_KNOTS('',5,(#6853,#6854,#6855,#6856,#6857,
    #6858,#6859,#6860,#6861,#6862),.UNSPECIFIED.,.F.,.F.,(6,4,6),(0.,
    0.466680269501,1.),.UNSPECIFIED.);
#6853 = CARTESIAN_POINT('',(1.,-1.));
#6854 = CARTESIAN_POINT('',(0.907356662185,-1.));
#6855 = CARTESIAN_POINT('',(0.814155208527,-1.));
#6856 = CARTESIAN_POINT('',(0.720568260581,-1.));
#6857 = CARTESIAN_POINT('',(0.626782555776,-1.));
#6858 = CARTESIAN_POINT('',(0.425825793931,-1.));
#6859 = CARTESIAN_POINT('',(0.318649282054,-1.));
#6860 = CARTESIAN_POINT('',(0.211774371757,-1.));
#6861 = CARTESIAN_POINT('',(0.105475446596,-1.));
#6862 = CARTESIAN_POINT('',(0.,-1.));
#6863 = ( GEOMETRIC_REPRESENTATION_CONTEXT(2) 
PARAMETRIC_REPRESENTATION_CONTEXT() REPRESENTATION_CONTEXT('2D SPACE',''
  ) );
#6864 = ORIENTED_EDGE('',*,*,#6865,.F.);
#6865 = EDGE_CURVE('',#6866,#6815,#6868,.T.);
#6866 = VERTEX_POINT('',#6867);
#6867 = CARTESIAN_POINT('',(-0.302099609375,9.630859375,95.));
#6868 = SURFACE_CURVE('',#6869,(#6877,#6888),.PCURVE_S1.);
#6869 = B_SPLINE_CURVE_WITH_KNOTS('',6,(#6870,#6871,#6872,#6873,#6874,
    #6875,#6876),.UNSPECIFIED.,.F.,.F.,(7,7),(0.,1.),
  .PIECEWISE_BEZIER_KNOTS.);
#6870 = CARTESIAN_POINT('',(-0.302099609375,9.630859375,95.));
#6871 = CARTESIAN_POINT('',(-0.211739472598,9.630859375,95.));
#6872 = CARTESIAN_POINT('',(-0.127293338147,9.624402328278,95.));
#6873 = CARTESIAN_POINT('',(-4.95543309303E-02,9.610974560501,95.));
#6874 = CARTESIAN_POINT('',(2.066886895636E-02,9.590125367361,95.));
#6875 = CARTESIAN_POINT('',(8.264662801733E-02,9.561559288479,95.));
#6876 = CARTESIAN_POINT('',(0.135888671875,9.52529296875,95.));
#6877 = PCURVE('',#2372,#6878);
#6878 = DEFINITIONAL_REPRESENTATION('',(#6879),#6887);
#6879 = B_SPLINE_CURVE_WITH_KNOTS('',6,(#6880,#6881,#6882,#6883,#6884,
    #6885,#6886),.UNSPECIFIED.,.F.,.F.,(7,7),(0.,1.),
  .PIECEWISE_BEZIER_KNOTS.);
#6880 = CARTESIAN_POINT('',(-0.302099609375,9.630859375));
#6881 = CARTESIAN_POINT('',(-0.211739472598,9.630859375));
#6882 = CARTESIAN_POINT('',(-0.127293338147,9.624402328278));
#6883 = CARTESIAN_POINT('',(-4.95543309303E-02,9.610974560501));
#6884 = CARTESIAN_POINT('',(2.066886895636E-02,9.590125367361));
#6885 = CARTESIAN_POINT('',(8.264662801733E-02,9.561559288479));
#6886 = CARTESIAN_POINT('',(0.135888671875,9.52529296875));
#6887 = ( GEOMETRIC_REPRESENTATION_CONTEXT(2) 
PARAMETRIC_REPRESENTATION_CONTEXT() REPRESENTATION_CONTEXT('2D SPACE',''
  ) );
#6888 = PCURVE('',#6889,#6896);
#6889 = SURFACE_OF_LINEAR_EXTRUSION('',#6890,#6894);
#6890 = B_SPLINE_CURVE_WITH_KNOTS('',2,(#6891,#6892,#6893),
  .UNSPECIFIED.,.F.,.F.,(3,3),(0.,1.),.PIECEWISE_BEZIER_KNOTS.);
#6891 = CARTESIAN_POINT('',(0.135888671875,9.52529296875,94.));
#6892 = CARTESIAN_POINT('',(-1.9091796875E-02,9.630859375,94.));
#6893 = CARTESIAN_POINT('',(-0.302099609375,9.630859375,94.));
#6894 = VECTOR('',#6895,1.);
#6895 = DIRECTION('',(-0.,-0.,-1.));
#6896 = DEFINITIONAL_REPRESENTATION('',(#6897),#6905);
#6897 = B_SPLINE_CURVE_WITH_KNOTS('',6,(#6898,#6899,#6900,#6901,#6902,
    #6903,#6904),.UNSPECIFIED.,.F.,.F.,(7,7),(0.,1.),
  .PIECEWISE_BEZIER_KNOTS.);
#6898 = CARTESIAN_POINT('',(1.,-1.));
#6899 = CARTESIAN_POINT('',(0.840357522327,-1.));
#6900 = CARTESIAN_POINT('',(0.677328417076,-1.));
#6901 = CARTESIAN_POINT('',(0.511213308751,-1.));
#6902 = CARTESIAN_POINT('',(0.342475225651,-1.));
#6903 = CARTESIAN_POINT('',(0.171770173,-1.));
#6904 = CARTESIAN_POINT('',(0.,-1.));
#6905 = ( GEOMETRIC_REPRESENTATION_CONTEXT(2) 
PARAMETRIC_REPRESENTATION_CONTEXT() REPRESENTATION_CONTEXT('2D SPACE',''
  ) );
#6906 = ORIENTED_EDGE('',*,*,#6907,.F.);
#6907 = EDGE_CURVE('',#6908,#6866,#6910,.T.);
#6908 = VERTEX_POINT('',#6909);
#6909 = CARTESIAN_POINT('',(-0.724365234375,9.58369140625,95.));
#6910 = SURFACE_CURVE('',#6911,(#6917,#6926),.PCURVE_S1.);
#6911 = B_SPLINE_CURVE_WITH_KNOTS('',4,(#6912,#6913,#6914,#6915,#6916),
  .UNSPECIFIED.,.F.,.F.,(5,5),(0.,1.),.PIECEWISE_BEZIER_KNOTS.);
#6912 = CARTESIAN_POINT('',(-0.724365234375,9.58369140625,95.));
#6913 = CARTESIAN_POINT('',(-0.618113205588,9.607178696824,95.));
#6914 = CARTESIAN_POINT('',(-0.512226293774,9.622952677913,95.));
#6915 = CARTESIAN_POINT('',(-0.406842249952,9.630859375,95.));
#6916 = CARTESIAN_POINT('',(-0.302099609375,9.630859375,95.));
#6917 = PCURVE('',#2372,#6918);
#6918 = DEFINITIONAL_REPRESENTATION('',(#6919),#6925);
#6919 = B_SPLINE_CURVE_WITH_KNOTS('',4,(#6920,#6921,#6922,#6923,#6924),
  .UNSPECIFIED.,.F.,.F.,(5,5),(0.,1.),.PIECEWISE_BEZIER_KNOTS.);
#6920 = CARTESIAN_POINT('',(-0.724365234375,9.58369140625));
#6921 = CARTESIAN_POINT('',(-0.618113205588,9.607178696824));
#6922 = CARTESIAN_POINT('',(-0.512226293774,9.622952677913));
#6923 = CARTESIAN_POINT('',(-0.406842249952,9.630859375));
#6924 = CARTESIAN_POINT('',(-0.302099609375,9.630859375));
#6925 = ( GEOMETRIC_REPRESENTATION_CONTEXT(2) 
PARAMETRIC_REPRESENTATION_CONTEXT() REPRESENTATION_CONTEXT('2D SPACE',''
  ) );
#6926 = PCURVE('',#6927,#6934);
#6927 = SURFACE_OF_LINEAR_EXTRUSION('',#6928,#6932);
#6928 = B_SPLINE_CURVE_WITH_KNOTS('',2,(#6929,#6930,#6931),
  .UNSPECIFIED.,.F.,.F.,(3,3),(0.,1.),.PIECEWISE_BEZIER_KNOTS.);
#6929 = CARTESIAN_POINT('',(-0.302099609375,9.630859375,94.));
#6930 = CARTESIAN_POINT('',(-0.510986328125,9.630859375,94.));
#6931 = CARTESIAN_POINT('',(-0.724365234375,9.58369140625,94.));
#6932 = VECTOR('',#6933,1.);
#6933 = DIRECTION('',(-0.,-0.,-1.));
#6934 = DEFINITIONAL_REPRESENTATION('',(#6935),#6941);
#6935 = B_SPLINE_CURVE_WITH_KNOTS('',4,(#6936,#6937,#6938,#6939,#6940),
  .UNSPECIFIED.,.F.,.F.,(5,5),(0.,1.),.PIECEWISE_BEZIER_KNOTS.);
#6936 = CARTESIAN_POINT('',(1.,-1.));
#6937 = CARTESIAN_POINT('',(0.75102499433,-1.));
#6938 = CARTESIAN_POINT('',(0.501165576446,-1.));
#6939 = CARTESIAN_POINT('',(0.250716372021,-1.));
#6940 = CARTESIAN_POINT('',(0.,-1.));
#6941 = ( GEOMETRIC_REPRESENTATION_CONTEXT(2) 
PARAMETRIC_REPRESENTATION_CONTEXT() REPRESENTATION_CONTEXT('2D SPACE',''
  ) );
#6942 = ORIENTED_EDGE('',*,*,#6943,.F.);
#6943 = EDGE_CURVE('',#6944,#6908,#6946,.T.);
#6944 = VERTEX_POINT('',#6945);
#6945 = CARTESIAN_POINT('',(-1.148876953125,9.44443359375,95.));
#6946 = SURFACE_CURVE('',#6947,(#6953,#6962),.PCURVE_S1.);
#6947 = B_SPLINE_CURVE_WITH_KNOTS('',4,(#6948,#6949,#6950,#6951,#6952),
  .UNSPECIFIED.,.F.,.F.,(5,5),(0.,1.),.PIECEWISE_BEZIER_KNOTS.);
#6948 = CARTESIAN_POINT('',(-1.148876953125,9.44443359375,95.));
#6949 = CARTESIAN_POINT('',(-1.043832692927,9.490250771071,95.));
#6950 = CARTESIAN_POINT('',(-0.937996466862,9.528838888588,95.));
#6951 = CARTESIAN_POINT('',(-0.831468058823,9.560016045056,95.));
#6952 = CARTESIAN_POINT('',(-0.724365234375,9.58369140625,95.));
#6953 = PCURVE('',#2372,#6954);
#6954 = DEFINITIONAL_REPRESENTATION('',(#6955),#6961);
#6955 = B_SPLINE_CURVE_WITH_KNOTS('',4,(#6956,#6957,#6958,#6959,#6960),
  .UNSPECIFIED.,.F.,.F.,(5,5),(0.,1.),.PIECEWISE_BEZIER_KNOTS.);
#6956 = CARTESIAN_POINT('',(-1.148876953125,9.44443359375));
#6957 = CARTESIAN_POINT('',(-1.043832692927,9.490250771071));
#6958 = CARTESIAN_POINT('',(-0.937996466862,9.528838888588));
#6959 = CARTESIAN_POINT('',(-0.831468058823,9.560016045056));
#6960 = CARTESIAN_POINT('',(-0.724365234375,9.58369140625));
#6961 = ( GEOMETRIC_REPRESENTATION_CONTEXT(2) 
PARAMETRIC_REPRESENTATION_CONTEXT() REPRESENTATION_CONTEXT('2D SPACE',''
  ) );
#6962 = PCURVE('',#6963,#6970);
#6963 = SURFACE_OF_LINEAR_EXTRUSION('',#6964,#6968);
#6964 = B_SPLINE_CURVE_WITH_KNOTS('',2,(#6965,#6966,#6967),
  .UNSPECIFIED.,.F.,.F.,(3,3),(0.,1.),.PIECEWISE_BEZIER_KNOTS.);
#6965 = CARTESIAN_POINT('',(-0.724365234375,9.58369140625,94.));
#6966 = CARTESIAN_POINT('',(-0.937744140625,9.5365234375,94.));
#6967 = CARTESIAN_POINT('',(-1.148876953125,9.44443359375,94.));
#6968 = VECTOR('',#6969,1.);
#6969 = DIRECTION('',(-0.,-0.,-1.));
#6970 = DEFINITIONAL_REPRESENTATION('',(#6971),#6977);
#6971 = B_SPLINE_CURVE_WITH_KNOTS('',4,(#6972,#6973,#6974,#6975,#6976),
  .UNSPECIFIED.,.F.,.F.,(5,5),(0.,1.),.PIECEWISE_BEZIER_KNOTS.);
#6972 = CARTESIAN_POINT('',(1.,-1.));
#6973 = CARTESIAN_POINT('',(0.75123653459,-1.));
#6974 = CARTESIAN_POINT('',(0.501475298125,-1.));
#6975 = CARTESIAN_POINT('',(0.250968632116,-1.));
#6976 = CARTESIAN_POINT('',(0.,-1.));
#6977 = ( GEOMETRIC_REPRESENTATION_CONTEXT(2) 
PARAMETRIC_REPRESENTATION_CONTEXT() REPRESENTATION_CONTEXT('2D SPACE',''
  ) );
#6978 = ORIENTED_EDGE('',*,*,#6979,.F.);
#6979 = EDGE_CURVE('',#6980,#6944,#6982,.T.);
#6980 = VERTEX_POINT('',#6981);
#6981 = CARTESIAN_POINT('',(-1.148876953125,10.07783203125,95.));
#6982 = SURFACE_CURVE('',#6983,(#6987,#6993),.PCURVE_S1.);
#6983 = LINE('',#6984,#6985);
#6984 = CARTESIAN_POINT('',(-1.148876953125,4.722216796875,95.));
#6985 = VECTOR('',#6986,1.);
#6986 = DIRECTION('',(0.,-1.,0.));
#6987 = PCURVE('',#2372,#6988);
#6988 = DEFINITIONAL_REPRESENTATION('',(#6989),#6992);
#6989 = B_SPLINE_CURVE_WITH_KNOTS('',1,(#6990,#6991),.UNSPECIFIED.,.F.,
  .F.,(2,2),(-5.355615234375,-4.722216796875),.PIECEWISE_BEZIER_KNOTS.);
#6990 = CARTESIAN_POINT('',(-1.148876953125,10.07783203125));
#6991 = CARTESIAN_POINT('',(-1.148876953125,9.44443359375));
#6992 = ( GEOMETRIC_REPRESENTATION_CONTEXT(2) 
PARAMETRIC_REPRESENTATION_CONTEXT() REPRESENTATION_CONTEXT('2D SPACE',''
  ) );
#6993 = PCURVE('',#6994,#6999);
#6994 = PLANE('',#6995);
#6995 = AXIS2_PLACEMENT_3D('',#6996,#6997,#6998);
#6996 = CARTESIAN_POINT('',(-1.148876953125,9.44443359375,94.));
#6997 = DIRECTION('',(-1.,0.,0.));
#6998 = DIRECTION('',(0.,1.,0.));
#6999 = DEFINITIONAL_REPRESENTATION('',(#7000),#7003);
#7000 = B_SPLINE_CURVE_WITH_KNOTS('',1,(#7001,#7002),.UNSPECIFIED.,.F.,
  .F.,(2,2),(-5.355615234375,-4.722216796875),.PIECEWISE_BEZIER_KNOTS.);
#7001 = CARTESIAN_POINT('',(0.6333984375,-1.));
#7002 = CARTESIAN_POINT('',(0.,-1.));
#7003 = ( GEOMETRIC_REPRESENTATION_CONTEXT(2) 
PARAMETRIC_REPRESENTATION_CONTEXT() REPRESENTATION_CONTEXT('2D SPACE',''
  ) );
#7004 = ORIENTED_EDGE('',*,*,#7005,.F.);
#7005 = EDGE_CURVE('',#7006,#6980,#7008,.T.);
#7006 = VERTEX_POINT('',#7007);
#7007 = CARTESIAN_POINT('',(-0.641259765625,10.18564453125,95.));
#7008 = SURFACE_CURVE('',#7009,(#7015,#7024),.PCURVE_S1.);
#7009 = B_SPLINE_CURVE_WITH_KNOTS('',4,(#7010,#7011,#7012,#7013,#7014),
  .UNSPECIFIED.,.F.,.F.,(5,5),(0.,1.),.PIECEWISE_BEZIER_KNOTS.);
#7010 = CARTESIAN_POINT('',(-0.641259765625,10.18564453125,95.));
#7011 = CARTESIAN_POINT('',(-0.767610752201,10.167594390311,95.));
#7012 = CARTESIAN_POINT('',(-0.894391644826,10.143546657291,95.));
#7013 = CARTESIAN_POINT('',(-1.021509672722,10.113584250311,95.));
#7014 = CARTESIAN_POINT('',(-1.148876953125,10.07783203125,95.));
#7015 = PCURVE('',#2372,#7016);
#7016 = DEFINITIONAL_REPRESENTATION('',(#7017),#7023);
#7017 = B_SPLINE_CURVE_WITH_KNOTS('',4,(#7018,#7019,#7020,#7021,#7022),
  .UNSPECIFIED.,.F.,.F.,(5,5),(0.,1.),.PIECEWISE_BEZIER_KNOTS.);
#7018 = CARTESIAN_POINT('',(-0.641259765625,10.18564453125));
#7019 = CARTESIAN_POINT('',(-0.767610752201,10.167594390311));
#7020 = CARTESIAN_POINT('',(-0.894391644826,10.143546657291));
#7021 = CARTESIAN_POINT('',(-1.021509672722,10.113584250311));
#7022 = CARTESIAN_POINT('',(-1.148876953125,10.07783203125));
#7023 = ( GEOMETRIC_REPRESENTATION_CONTEXT(2) 
PARAMETRIC_REPRESENTATION_CONTEXT() REPRESENTATION_CONTEXT('2D SPACE',''
  ) );
#7024 = PCURVE('',#7025,#7032);
#7025 = SURFACE_OF_LINEAR_EXTRUSION('',#7026,#7030);
#7026 = B_SPLINE_CURVE_WITH_KNOTS('',2,(#7027,#7028,#7029),
  .UNSPECIFIED.,.F.,.F.,(3,3),(0.,1.),.PIECEWISE_BEZIER_KNOTS.);
#7027 = CARTESIAN_POINT('',(-1.148876953125,10.07783203125,94.));
#7028 = CARTESIAN_POINT('',(-0.892822265625,10.14970703125,94.));
#7029 = CARTESIAN_POINT('',(-0.641259765625,10.18564453125,94.));
#7030 = VECTOR('',#7031,1.);
#7031 = DIRECTION('',(-0.,-0.,-1.));
#7032 = DEFINITIONAL_REPRESENTATION('',(#7033),#7039);
#7033 = B_SPLINE_CURVE_WITH_KNOTS('',4,(#7034,#7035,#7036,#7037,#7038),
  .UNSPECIFIED.,.F.,.F.,(5,5),(0.,1.),.PIECEWISE_BEZIER_KNOTS.);
#7034 = CARTESIAN_POINT('',(1.,-1.));
#7035 = CARTESIAN_POINT('',(0.748867604321,-1.));
#7036 = CARTESIAN_POINT('',(0.498382378586,-1.));
#7037 = CARTESIAN_POINT('',(0.248711089117,-1.));
#7038 = CARTESIAN_POINT('',(0.,-1.));
#7039 = ( GEOMETRIC_REPRESENTATION_CONTEXT(2) 
PARAMETRIC_REPRESENTATION_CONTEXT() REPRESENTATION_CONTEXT('2D SPACE',''
  ) );
#7040 = ORIENTED_EDGE('',*,*,#7041,.F.);
#7041 = EDGE_CURVE('',#7042,#7006,#7044,.T.);
#7042 = VERTEX_POINT('',#7043);
#7043 = CARTESIAN_POINT('',(-0.147119140625,10.22158203125,95.));
#7044 = SURFACE_CURVE('',#7045,(#7051,#7060),.PCURVE_S1.);
#7045 = B_SPLINE_CURVE_WITH_KNOTS('',4,(#7046,#7047,#7048,#7049,#7050),
  .UNSPECIFIED.,.F.,.F.,(5,5),(0.,1.),.PIECEWISE_BEZIER_KNOTS.);
#7046 = CARTESIAN_POINT('',(-0.147119140625,10.22158203125,95.));
#7047 = CARTESIAN_POINT('',(-0.268924422547,10.22158203125,95.));
#7048 = CARTESIAN_POINT('',(-0.391952263219,10.215541211438,95.));
#7049 = CARTESIAN_POINT('',(-0.516099114638,10.203524624248,95.));
#7050 = CARTESIAN_POINT('',(-0.641259765625,10.18564453125,95.));
#7051 = PCURVE('',#2372,#7052);
#7052 = DEFINITIONAL_REPRESENTATION('',(#7053),#7059);
#7053 = B_SPLINE_CURVE_WITH_KNOTS('',4,(#7054,#7055,#7056,#7057,#7058),
  .UNSPECIFIED.,.F.,.F.,(5,5),(0.,1.),.PIECEWISE_BEZIER_KNOTS.);
#7054 = CARTESIAN_POINT('',(-0.147119140625,10.22158203125));
#7055 = CARTESIAN_POINT('',(-0.268924422547,10.22158203125));
#7056 = CARTESIAN_POINT('',(-0.391952263219,10.215541211438));
#7057 = CARTESIAN_POINT('',(-0.516099114638,10.203524624248));
#7058 = CARTESIAN_POINT('',(-0.641259765625,10.18564453125));
#7059 = ( GEOMETRIC_REPRESENTATION_CONTEXT(2) 
PARAMETRIC_REPRESENTATION_CONTEXT() REPRESENTATION_CONTEXT('2D SPACE',''
  ) );
#7060 = PCURVE('',#7061,#7068);
#7061 = SURFACE_OF_LINEAR_EXTRUSION('',#7062,#7066);
#7062 = B_SPLINE_CURVE_WITH_KNOTS('',2,(#7063,#7064,#7065),
  .UNSPECIFIED.,.F.,.F.,(3,3),(0.,1.),.PIECEWISE_BEZIER_KNOTS.);
#7063 = CARTESIAN_POINT('',(-0.641259765625,10.18564453125,94.));
#7064 = CARTESIAN_POINT('',(-0.389697265625,10.22158203125,94.));
#7065 = CARTESIAN_POINT('',(-0.147119140625,10.22158203125,94.));
#7066 = VECTOR('',#7067,1.);
#7067 = DIRECTION('',(-0.,-0.,-1.));
#7068 = DEFINITIONAL_REPRESENTATION('',(#7069),#7075);
#7069 = B_SPLINE_CURVE_WITH_KNOTS('',4,(#7070,#7071,#7072,#7073,#7074),
  .UNSPECIFIED.,.F.,.F.,(5,5),(0.,1.),.PIECEWISE_BEZIER_KNOTS.);
#7070 = CARTESIAN_POINT('',(1.,-1.));
#7071 = CARTESIAN_POINT('',(0.74893597285,-1.));
#7072 = CARTESIAN_POINT('',(0.498464839646,-1.));
#7073 = CARTESIAN_POINT('',(0.248766511279,-1.));
#7074 = CARTESIAN_POINT('',(0.,-1.));
#7075 = ( GEOMETRIC_REPRESENTATION_CONTEXT(2) 
PARAMETRIC_REPRESENTATION_CONTEXT() REPRESENTATION_CONTEXT('2D SPACE',''
  ) );
#7076 = ORIENTED_EDGE('',*,*,#7077,.F.);
#7077 = EDGE_CURVE('',#7078,#7042,#7080,.T.);
#7078 = VERTEX_POINT('',#7079);
#7079 = CARTESIAN_POINT('',(0.8310546875,10.007080078125,95.));
#7080 = SURFACE_CURVE('',#7081,(#7094,#7110),.PCURVE_S1.);
#7081 = B_SPLINE_CURVE_WITH_KNOTS('',6,(#7082,#7083,#7084,#7085,#7086,
    #7087,#7088,#7089,#7090,#7091,#7092,#7093),.UNSPECIFIED.,.F.,.F.,(7,
    5,7),(0.,0.468346594441,1.),.UNSPECIFIED.);
#7082 = CARTESIAN_POINT('',(0.8310546875,10.007080078125,95.));
#7083 = CARTESIAN_POINT('',(0.773906963403,10.044848989206,95.));
#7084 = CARTESIAN_POINT('',(0.711556931463,10.078020492983,95.));
#7085 = CARTESIAN_POINT('',(0.644604998071,10.106682847543,95.));
#7086 = CARTESIAN_POINT('',(0.573700955957,10.131092451188,95.));
#7087 = CARTESIAN_POINT('',(0.499430248376,10.151555404584,95.));
#7088 = CARTESIAN_POINT('',(0.334686966098,10.18748880195,95.));
#7089 = CARTESIAN_POINT('',(0.243392728026,10.201907447294,95.));
#7090 = CARTESIAN_POINT('',(0.149067392724,10.212108806123,95.));
#7091 = CARTESIAN_POINT('',(5.227377844301E-02,10.218534846142,95.));
#7092 = CARTESIAN_POINT('',(-4.655298358301E-02,10.22158203125,95.));
#7093 = CARTESIAN_POINT('',(-0.147119140625,10.22158203125,95.));
#7094 = PCURVE('',#2372,#7095);
#7095 = DEFINITIONAL_REPRESENTATION('',(#7096),#7109);
#7096 = B_SPLINE_CURVE_WITH_KNOTS('',6,(#7097,#7098,#7099,#7100,#7101,
    #7102,#7103,#7104,#7105,#7106,#7107,#7108),.UNSPECIFIED.,.F.,.F.,(7,
    5,7),(0.,0.468346594441,1.),.UNSPECIFIED.);
#7097 = CARTESIAN_POINT('',(0.8310546875,10.007080078125));
#7098 = CARTESIAN_POINT('',(0.773906963403,10.044848989206));
#7099 = CARTESIAN_POINT('',(0.711556931463,10.078020492983));
#7100 = CARTESIAN_POINT('',(0.644604998071,10.106682847543));
#7101 = CARTESIAN_POINT('',(0.573700955957,10.131092451188));
#7102 = CARTESIAN_POINT('',(0.499430248376,10.151555404584));
#7103 = CARTESIAN_POINT('',(0.334686966098,10.18748880195));
#7104 = CARTESIAN_POINT('',(0.243392728026,10.201907447294));
#7105 = CARTESIAN_POINT('',(0.149067392724,10.212108806123));
#7106 = CARTESIAN_POINT('',(5.227377844301E-02,10.218534846142));
#7107 = CARTESIAN_POINT('',(-4.655298358301E-02,10.22158203125));
#7108 = CARTESIAN_POINT('',(-0.147119140625,10.22158203125));
#7109 = ( GEOMETRIC_REPRESENTATION_CONTEXT(2) 
PARAMETRIC_REPRESENTATION_CONTEXT() REPRESENTATION_CONTEXT('2D SPACE',''
  ) );
#7110 = PCURVE('',#7111,#7118);
#7111 = SURFACE_OF_LINEAR_EXTRUSION('',#7112,#7116);
#7112 = B_SPLINE_CURVE_WITH_KNOTS('',2,(#7113,#7114,#7115),
  .UNSPECIFIED.,.F.,.F.,(3,3),(0.,1.),.PIECEWISE_BEZIER_KNOTS.);
#7113 = CARTESIAN_POINT('',(-0.147119140625,10.22158203125,94.));
#7114 = CARTESIAN_POINT('',(0.506494140625,10.22158203125,94.));
#7115 = CARTESIAN_POINT('',(0.8310546875,10.007080078125,94.));
#7116 = VECTOR('',#7117,1.);
#7117 = DIRECTION('',(-0.,-0.,-1.));
#7118 = DEFINITIONAL_REPRESENTATION('',(#7119),#7132);
#7119 = B_SPLINE_CURVE_WITH_KNOTS('',6,(#7120,#7121,#7122,#7123,#7124,
    #7125,#7126,#7127,#7128,#7129,#7130,#7131),.UNSPECIFIED.,.F.,.F.,(7,
    5,7),(0.,0.468346594441,1.),.UNSPECIFIED.);
#7120 = CARTESIAN_POINT('',(1.,-1.));
#7121 = CARTESIAN_POINT('',(0.911961381863,-1.));
#7122 = CARTESIAN_POINT('',(0.825338172071,-1.));
#7123 = CARTESIAN_POINT('',(0.740486097566,-1.));
#7124 = CARTESIAN_POINT('',(0.6576013521,-1.));
#7125 = CARTESIAN_POINT('',(0.576772577703,-1.));
#7126 = CARTESIAN_POINT('',(0.408579665364,-1.));
#7127 = CARTESIAN_POINT('',(0.321821259266,-1.));
#7128 = CARTESIAN_POINT('',(0.237693118543,-1.));
#7129 = CARTESIAN_POINT('',(0.156107137509,-1.));
#7130 = CARTESIAN_POINT('',(7.69309314291E-02,-1.));
#7131 = CARTESIAN_POINT('',(0.,-1.));
#7132 = ( GEOMETRIC_REPRESENTATION_CONTEXT(2) 
PARAMETRIC_REPRESENTATION_CONTEXT() REPRESENTATION_CONTEXT('2D SPACE',''
  ) );
#7133 = ORIENTED_EDGE('',*,*,#7134,.F.);
#7134 = EDGE_CURVE('',#7135,#7078,#7137,.T.);
#7135 = VERTEX_POINT('',#7136);
#7136 = CARTESIAN_POINT('',(1.155615234375,9.361328125,95.));
#7137 = SURFACE_CURVE('',#7138,(#7151,#7167),.PCURVE_S1.);
#7138 = B_SPLINE_CURVE_WITH_KNOTS('',6,(#7139,#7140,#7141,#7142,#7143,
    #7144,#7145,#7146,#7147,#7148,#7149,#7150),.UNSPECIFIED.,.F.,.F.,(7,
    5,7),(0.,0.617426868657,1.),.UNSPECIFIED.);
#7139 = CARTESIAN_POINT('',(1.155615234375,9.361328125,95.));
#7140 = CARTESIAN_POINT('',(1.155615234375,9.445592777792,95.));
#7141 = CARTESIAN_POINT('',(1.148180183613,9.527060422299,95.));
#7142 = CARTESIAN_POINT('',(1.132593135616,9.604935915874,95.));
#7143 = CARTESIAN_POINT('',(1.108290468444,9.678390879102,95.));
#7144 = CARTESIAN_POINT('',(1.075048195063,9.746661525179,95.));
#7145 = CARTESIAN_POINT('',(1.007362464592,9.847934171893,95.));
#7146 = CARTESIAN_POINT('',(0.978177644414,9.884485526137,95.));
#7147 = CARTESIAN_POINT('',(0.945786503509,9.918716585134,95.));
#7148 = CARTESIAN_POINT('',(0.910335003268,9.950562390274,95.));
#7149 = CARTESIAN_POINT('',(0.87201612524,9.980008678096,95.));
#7150 = CARTESIAN_POINT('',(0.8310546875,10.007080078125,95.));
#7151 = PCURVE('',#2372,#7152);
#7152 = DEFINITIONAL_REPRESENTATION('',(#7153),#7166);
#7153 = B_SPLINE_CURVE_WITH_KNOTS('',6,(#7154,#7155,#7156,#7157,#7158,
    #7159,#7160,#7161,#7162,#7163,#7164,#7165),.UNSPECIFIED.,.F.,.F.,(7,
    5,7),(0.,0.617426868657,1.),.UNSPECIFIED.);
#7154 = CARTESIAN_POINT('',(1.155615234375,9.361328125));
#7155 = CARTESIAN_POINT('',(1.155615234375,9.445592777792));
#7156 = CARTESIAN_POINT('',(1.148180183613,9.527060422299));
#7157 = CARTESIAN_POINT('',(1.132593135616,9.604935915874));
#7158 = CARTESIAN_POINT('',(1.108290468444,9.678390879102));
#7159 = CARTESIAN_POINT('',(1.075048195063,9.746661525179));
#7160 = CARTESIAN_POINT('',(1.007362464592,9.847934171893));
#7161 = CARTESIAN_POINT('',(0.978177644414,9.884485526137));
#7162 = CARTESIAN_POINT('',(0.945786503509,9.918716585134));
#7163 = CARTESIAN_POINT('',(0.910335003268,9.950562390274));
#7164 = CARTESIAN_POINT('',(0.87201612524,9.980008678096));
#7165 = CARTESIAN_POINT('',(0.8310546875,10.007080078125));
#7166 = ( GEOMETRIC_REPRESENTATION_CONTEXT(2) 
PARAMETRIC_REPRESENTATION_CONTEXT() REPRESENTATION_CONTEXT('2D SPACE',''
  ) );
#7167 = PCURVE('',#7168,#7175);
#7168 = SURFACE_OF_LINEAR_EXTRUSION('',#7169,#7173);
#7169 = B_SPLINE_CURVE_WITH_KNOTS('',2,(#7170,#7171,#7172),
  .UNSPECIFIED.,.F.,.F.,(3,3),(0.,1.),.PIECEWISE_BEZIER_KNOTS.);
#7170 = CARTESIAN_POINT('',(0.8310546875,10.007080078125,94.));
#7171 = CARTESIAN_POINT('',(1.155615234375,9.792578125,94.));
#7172 = CARTESIAN_POINT('',(1.155615234375,9.361328125,94.));
#7173 = VECTOR('',#7174,1.);
#7174 = DIRECTION('',(-0.,-0.,-1.));
#7175 = DEFINITIONAL_REPRESENTATION('',(#7176),#7189);
#7176 = B_SPLINE_CURVE_WITH_KNOTS('',6,(#7177,#7178,#7179,#7180,#7181,
    #7182,#7183,#7184,#7185,#7186,#7187,#7188),.UNSPECIFIED.,.F.,.F.,(7,
    5,7),(0.,0.617426868657,1.),.UNSPECIFIED.);
#7177 = CARTESIAN_POINT('',(1.,-1.));
#7178 = CARTESIAN_POINT('',(0.902301851836,-1.));
#7179 = CARTESIAN_POINT('',(0.802089769956,-1.));
#7180 = CARTESIAN_POINT('',(0.699730538596,-1.));
#7181 = CARTESIAN_POINT('',(0.595748194132,-1.));
#7182 = CARTESIAN_POINT('',(0.490854856872,-1.));
#7183 = CARTESIAN_POINT('',(0.321029307978,-1.));
#7184 = CARTESIAN_POINT('',(0.256053582905,-1.));
#7185 = CARTESIAN_POINT('',(0.19128545194,-1.));
#7186 = CARTESIAN_POINT('',(0.126913245001,-1.));
#7187 = CARTESIAN_POINT('',(6.310292198783E-02,-1.));
#7188 = CARTESIAN_POINT('',(0.,-1.));
#7189 = ( GEOMETRIC_REPRESENTATION_CONTEXT(2) 
PARAMETRIC_REPRESENTATION_CONTEXT() REPRESENTATION_CONTEXT('2D SPACE',''
  ) );
#7190 = ORIENTED_EDGE('',*,*,#7191,.F.);
#7191 = EDGE_CURVE('',#7192,#7135,#7194,.T.);
#7192 = VERTEX_POINT('',#7193);
#7193 = CARTESIAN_POINT('',(1.000634765625,8.879541015625,95.));
#7194 = SURFACE_CURVE('',#7195,(#7206,#7220),.PCURVE_S1.);
#7195 = B_SPLINE_CURVE_WITH_KNOTS('',5,(#7196,#7197,#7198,#7199,#7200,
    #7201,#7202,#7203,#7204,#7205),.UNSPECIFIED.,.F.,.F.,(6,4,6),(0.,
    0.112547877094,1.),.UNSPECIFIED.);
#7196 = CARTESIAN_POINT('',(1.000634765625,8.879541015625,95.));
#7197 = CARTESIAN_POINT('',(1.007698402841,8.888089040372,95.));
#7198 = CARTESIAN_POINT('',(1.014563435334,8.896778740769,95.));
#7199 = CARTESIAN_POINT('',(1.021228693434,8.905609267017,95.));
#7200 = CARTESIAN_POINT('',(1.027693203181,8.914579626656,95.));
#7201 = CARTESIAN_POINT('',(1.083340482443,8.995514586508,95.));
#7202 = CARTESIAN_POINT('',(1.120204657478,9.075978589778,95.));
#7203 = CARTESIAN_POINT('',(1.144123440097,9.164479757154,95.));
#7204 = CARTESIAN_POINT('',(1.155615234375,9.259981511615,95.));
#7205 = CARTESIAN_POINT('',(1.155615234375,9.361328125,95.));
#7206 = PCURVE('',#2372,#7207);
#7207 = DEFINITIONAL_REPRESENTATION('',(#7208),#7219);
#7208 = B_SPLINE_CURVE_WITH_KNOTS('',5,(#7209,#7210,#7211,#7212,#7213,
    #7214,#7215,#7216,#7217,#7218),.UNSPECIFIED.,.F.,.F.,(6,4,6),(0.,
    0.112547877094,1.),.UNSPECIFIED.);
#7209 = CARTESIAN_POINT('',(1.000634765625,8.879541015625));
#7210 = CARTESIAN_POINT('',(1.007698402841,8.888089040372));
#7211 = CARTESIAN_POINT('',(1.014563435334,8.896778740769));
#7212 = CARTESIAN_POINT('',(1.021228693434,8.905609267017));
#7213 = CARTESIAN_POINT('',(1.027693203181,8.914579626656));
#7214 = CARTESIAN_POINT('',(1.083340482443,8.995514586508));
#7215 = CARTESIAN_POINT('',(1.120204657478,9.075978589778));
#7216 = CARTESIAN_POINT('',(1.144123440097,9.164479757154));
#7217 = CARTESIAN_POINT('',(1.155615234375,9.259981511615));
#7218 = CARTESIAN_POINT('',(1.155615234375,9.361328125));
#7219 = ( GEOMETRIC_REPRESENTATION_CONTEXT(2) 
PARAMETRIC_REPRESENTATION_CONTEXT() REPRESENTATION_CONTEXT('2D SPACE',''
  ) );
#7220 = PCURVE('',#7221,#7228);
#7221 = SURFACE_OF_LINEAR_EXTRUSION('',#7222,#7226);
#7222 = B_SPLINE_CURVE_WITH_KNOTS('',2,(#7223,#7224,#7225),
  .UNSPECIFIED.,.F.,.F.,(3,3),(0.,1.),.PIECEWISE_BEZIER_KNOTS.);
#7223 = CARTESIAN_POINT('',(1.155615234375,9.361328125,94.));
#7224 = CARTESIAN_POINT('',(1.155615234375,9.06708984375,94.));
#7225 = CARTESIAN_POINT('',(1.000634765625,8.879541015625,94.));
#7226 = VECTOR('',#7227,1.);
#7227 = DIRECTION('',(-0.,-0.,-1.));
#7228 = DEFINITIONAL_REPRESENTATION('',(#7229),#7240);
#7229 = B_SPLINE_CURVE_WITH_KNOTS('',5,(#7230,#7231,#7232,#7233,#7234,
    #7235,#7236,#7237,#7238,#7239),.UNSPECIFIED.,.F.,.F.,(6,4,6),(0.,
    0.112547877094,1.),.UNSPECIFIED.);
#7230 = CARTESIAN_POINT('',(1.,-1.));
#7231 = CARTESIAN_POINT('',(0.977211201923,-1.));
#7232 = CARTESIAN_POINT('',(0.954413983789,-1.));
#7233 = CARTESIAN_POINT('',(0.931611157955,-1.));
#7234 = CARTESIAN_POINT('',(0.908805550254,-1.));
#7235 = CARTESIAN_POINT('',(0.706175781989,-1.));
#7236 = CARTESIAN_POINT('',(0.526318975765,-1.));
#7237 = CARTESIAN_POINT('',(0.347948242452,-1.));
#7238 = CARTESIAN_POINT('',(0.172218606217,-1.));
#7239 = CARTESIAN_POINT('',(0.,-1.));
#7240 = ( GEOMETRIC_REPRESENTATION_CONTEXT(2) 
PARAMETRIC_REPRESENTATION_CONTEXT() REPRESENTATION_CONTEXT('2D SPACE',''
  ) );
#7241 = ORIENTED_EDGE('',*,*,#7242,.F.);
#7242 = EDGE_CURVE('',#6060,#7192,#7243,.T.);
#7243 = SURFACE_CURVE('',#7244,(#7252,#7263),.PCURVE_S1.);
#7244 = B_SPLINE_CURVE_WITH_KNOTS('',6,(#7245,#7246,#7247,#7248,#7249,
    #7250,#7251),.UNSPECIFIED.,.F.,.F.,(7,7),(0.,1.),
  .PIECEWISE_BEZIER_KNOTS.);
#7245 = CARTESIAN_POINT('',(0.542431640625,8.615625,95.));
#7246 = CARTESIAN_POINT('',(0.639776551858,8.640141496162,95.));
#7247 = CARTESIAN_POINT('',(0.729952617763,8.672036512212,95.));
#7248 = CARTESIAN_POINT('',(0.811955642775,8.711763748449,95.));
#7249 = CARTESIAN_POINT('',(0.884842720391,8.759629922241,95.));
#7250 = CARTESIAN_POINT('',(0.947863282193,8.815679872632,95.));
#7251 = CARTESIAN_POINT('',(1.000634765625,8.879541015625,95.));
#7252 = PCURVE('',#2372,#7253);
#7253 = DEFINITIONAL_REPRESENTATION('',(#7254),#7262);
#7254 = B_SPLINE_CURVE_WITH_KNOTS('',6,(#7255,#7256,#7257,#7258,#7259,
    #7260,#7261),.UNSPECIFIED.,.F.,.F.,(7,7),(0.,1.),
  .PIECEWISE_BEZIER_KNOTS.);
#7255 = CARTESIAN_POINT('',(0.542431640625,8.615625));
#7256 = CARTESIAN_POINT('',(0.639776551858,8.640141496162));
#7257 = CARTESIAN_POINT('',(0.729952617763,8.672036512212));
#7258 = CARTESIAN_POINT('',(0.811955642775,8.711763748449));
#7259 = CARTESIAN_POINT('',(0.884842720391,8.759629922241));
#7260 = CARTESIAN_POINT('',(0.947863282193,8.815679872632));
#7261 = CARTESIAN_POINT('',(1.000634765625,8.879541015625));
#7262 = ( GEOMETRIC_REPRESENTATION_CONTEXT(2) 
PARAMETRIC_REPRESENTATION_CONTEXT() REPRESENTATION_CONTEXT('2D SPACE',''
  ) );
#7263 = PCURVE('',#7264,#7271);
#7264 = SURFACE_OF_LINEAR_EXTRUSION('',#7265,#7269);
#7265 = B_SPLINE_CURVE_WITH_KNOTS('',2,(#7266,#7267,#7268),
  .UNSPECIFIED.,.F.,.F.,(3,3),(0.,1.),.PIECEWISE_BEZIER_KNOTS.);
#7266 = CARTESIAN_POINT('',(1.000634765625,8.879541015625,94.));
#7267 = CARTESIAN_POINT('',(0.845654296875,8.6919921875,94.));
#7268 = CARTESIAN_POINT('',(0.542431640625,8.615625,94.));
#7269 = VECTOR('',#7270,1.);
#7270 = DIRECTION('',(-0.,-0.,-1.));
#7271 = DEFINITIONAL_REPRESENTATION('',(#7272),#7280);
#7272 = B_SPLINE_CURVE_WITH_KNOTS('',6,(#7273,#7274,#7275,#7276,#7277,
    #7278,#7279),.UNSPECIFIED.,.F.,.F.,(7,7),(0.,1.),
  .PIECEWISE_BEZIER_KNOTS.);
#7273 = CARTESIAN_POINT('',(1.,-1.));
#7274 = CARTESIAN_POINT('',(0.839482787274,-1.));
#7275 = CARTESIAN_POINT('',(0.675670659894,-1.));
#7276 = CARTESIAN_POINT('',(0.50905647824,-1.));
#7277 = CARTESIAN_POINT('',(0.34029936569,-1.));
#7278 = CARTESIAN_POINT('',(0.170252044845,-1.));
#7279 = CARTESIAN_POINT('',(0.,-1.));
#7280 = ( GEOMETRIC_REPRESENTATION_CONTEXT(2) 
PARAMETRIC_REPRESENTATION_CONTEXT() REPRESENTATION_CONTEXT('2D SPACE',''
  ) );
#7281 = ADVANCED_FACE('',(#7282),#2751,.F.);
#7282 = FACE_BOUND('',#7283,.F.);
#7283 = EDGE_LOOP('',(#7284,#7314,#7335,#7336,#7337));
#7284 = ORIENTED_EDGE('',*,*,#7285,.F.);
#7285 = EDGE_CURVE('',#7286,#7288,#7290,.T.);
#7286 = VERTEX_POINT('',#7287);
#7287 = CARTESIAN_POINT('',(7.836572265625,10.1609375,94.));
#7288 = VERTEX_POINT('',#7289);
#7289 = CARTESIAN_POINT('',(7.836572265625,9.52529296875,94.));
#7290 = SURFACE_CURVE('',#7291,(#7295,#7302),.PCURVE_S1.);
#7291 = LINE('',#7292,#7293);
#7292 = CARTESIAN_POINT('',(7.836572265625,10.1609375,94.));
#7293 = VECTOR('',#7294,1.);
#7294 = DIRECTION('',(0.,-1.,0.));
#7295 = PCURVE('',#2751,#7296);
#7296 = DEFINITIONAL_REPRESENTATION('',(#7297),#7301);
#7297 = LINE('',#7298,#7299);
#7298 = CARTESIAN_POINT('',(0.,0.));
#7299 = VECTOR('',#7300,1.);
#7300 = DIRECTION('',(1.,0.));
#7301 = ( GEOMETRIC_REPRESENTATION_CONTEXT(2) 
PARAMETRIC_REPRESENTATION_CONTEXT() REPRESENTATION_CONTEXT('2D SPACE',''
  ) );
#7302 = PCURVE('',#7303,#7308);
#7303 = PLANE('',#7304);
#7304 = AXIS2_PLACEMENT_3D('',#7305,#7306,#7307);
#7305 = CARTESIAN_POINT('',(5.199658203125,6.80751953125,94.));
#7306 = DIRECTION('',(0.,0.,1.));
#7307 = DIRECTION('',(1.,0.,0.));
#7308 = DEFINITIONAL_REPRESENTATION('',(#7309),#7313);
#7309 = LINE('',#7310,#7311);
#7310 = CARTESIAN_POINT('',(2.6369140625,3.35341796875));
#7311 = VECTOR('',#7312,1.);
#7312 = DIRECTION('',(0.,-1.));
#7313 = ( GEOMETRIC_REPRESENTATION_CONTEXT(2) 
PARAMETRIC_REPRESENTATION_CONTEXT() REPRESENTATION_CONTEXT('2D SPACE',''
  ) );
#7314 = ORIENTED_EDGE('',*,*,#7315,.T.);
#7315 = EDGE_CURVE('',#7286,#2698,#7316,.T.);
#7316 = SURFACE_CURVE('',#7317,(#7321,#7328),.PCURVE_S1.);
#7317 = LINE('',#7318,#7319);
#7318 = CARTESIAN_POINT('',(7.836572265625,10.1609375,94.));
#7319 = VECTOR('',#7320,1.);
#7320 = DIRECTION('',(0.,0.,1.));
#7321 = PCURVE('',#2751,#7322);
#7322 = DEFINITIONAL_REPRESENTATION('',(#7323),#7327);
#7323 = LINE('',#7324,#7325);
#7324 = CARTESIAN_POINT('',(0.,0.));
#7325 = VECTOR('',#7326,1.);
#7326 = DIRECTION('',(0.,-1.));
#7327 = ( GEOMETRIC_REPRESENTATION_CONTEXT(2) 
PARAMETRIC_REPRESENTATION_CONTEXT() REPRESENTATION_CONTEXT('2D SPACE',''
  ) );
#7328 = PCURVE('',#2717,#7329);
#7329 = DEFINITIONAL_REPRESENTATION('',(#7330),#7334);
#7330 = LINE('',#7331,#7332);
#7331 = CARTESIAN_POINT('',(2.14951171875,0.));
#7332 = VECTOR('',#7333,1.);
#7333 = DIRECTION('',(0.,-1.));
#7334 = ( GEOMETRIC_REPRESENTATION_CONTEXT(2) 
PARAMETRIC_REPRESENTATION_CONTEXT() REPRESENTATION_CONTEXT('2D SPACE',''
  ) );
#7335 = ORIENTED_EDGE('',*,*,#2731,.T.);
#7336 = ORIENTED_EDGE('',*,*,#2792,.F.);
#7337 = ORIENTED_EDGE('',*,*,#7338,.F.);
#7338 = EDGE_CURVE('',#7288,#2793,#7339,.T.);
#7339 = SURFACE_CURVE('',#7340,(#7344,#7351),.PCURVE_S1.);
#7340 = LINE('',#7341,#7342);
#7341 = CARTESIAN_POINT('',(7.836572265625,9.52529296875,94.));
#7342 = VECTOR('',#7343,1.);
#7343 = DIRECTION('',(0.,0.,1.));
#7344 = PCURVE('',#2751,#7345);
#7345 = DEFINITIONAL_REPRESENTATION('',(#7346),#7350);
#7346 = LINE('',#7347,#7348);
#7347 = CARTESIAN_POINT('',(0.63564453125,0.));
#7348 = VECTOR('',#7349,1.);
#7349 = DIRECTION('',(0.,-1.));
#7350 = ( GEOMETRIC_REPRESENTATION_CONTEXT(2) 
PARAMETRIC_REPRESENTATION_CONTEXT() REPRESENTATION_CONTEXT('2D SPACE',''
  ) );
#7351 = PCURVE('',#2828,#7352);
#7352 = DEFINITIONAL_REPRESENTATION('',(#7353),#7357);
#7353 = LINE('',#7354,#7355);
#7354 = CARTESIAN_POINT('',(0.,-0.));
#7355 = VECTOR('',#7356,1.);
#7356 = DIRECTION('',(0.,-1.));
#7357 = ( GEOMETRIC_REPRESENTATION_CONTEXT(2) 
PARAMETRIC_REPRESENTATION_CONTEXT() REPRESENTATION_CONTEXT('2D SPACE',''
  ) );
#7358 = ADVANCED_FACE('',(#7359),#2717,.F.);
#7359 = FACE_BOUND('',#7360,.F.);
#7360 = EDGE_LOOP('',(#7361,#7384,#7405,#7406,#7407));
#7361 = ORIENTED_EDGE('',*,*,#7362,.F.);
#7362 = EDGE_CURVE('',#7363,#7286,#7365,.T.);
#7363 = VERTEX_POINT('',#7364);
#7364 = CARTESIAN_POINT('',(5.687060546875,10.1609375,94.));
#7365 = SURFACE_CURVE('',#7366,(#7370,#7377),.PCURVE_S1.);
#7366 = LINE('',#7367,#7368);
#7367 = CARTESIAN_POINT('',(5.687060546875,10.1609375,94.));
#7368 = VECTOR('',#7369,1.);
#7369 = DIRECTION('',(1.,0.,0.));
#7370 = PCURVE('',#2717,#7371);
#7371 = DEFINITIONAL_REPRESENTATION('',(#7372),#7376);
#7372 = LINE('',#7373,#7374);
#7373 = CARTESIAN_POINT('',(0.,0.));
#7374 = VECTOR('',#7375,1.);
#7375 = DIRECTION('',(1.,0.));
#7376 = ( GEOMETRIC_REPRESENTATION_CONTEXT(2) 
PARAMETRIC_REPRESENTATION_CONTEXT() REPRESENTATION_CONTEXT('2D SPACE',''
  ) );
#7377 = PCURVE('',#7303,#7378);
#7378 = DEFINITIONAL_REPRESENTATION('',(#7379),#7383);
#7379 = LINE('',#7380,#7381);
#7380 = CARTESIAN_POINT('',(0.48740234375,3.35341796875));
#7381 = VECTOR('',#7382,1.);
#7382 = DIRECTION('',(1.,0.));
#7383 = ( GEOMETRIC_REPRESENTATION_CONTEXT(2) 
PARAMETRIC_REPRESENTATION_CONTEXT() REPRESENTATION_CONTEXT('2D SPACE',''
  ) );
#7384 = ORIENTED_EDGE('',*,*,#7385,.T.);
#7385 = EDGE_CURVE('',#7363,#3642,#7386,.T.);
#7386 = SURFACE_CURVE('',#7387,(#7391,#7398),.PCURVE_S1.);
#7387 = LINE('',#7388,#7389);
#7388 = CARTESIAN_POINT('',(5.687060546875,10.1609375,94.));
#7389 = VECTOR('',#7390,1.);
#7390 = DIRECTION('',(0.,0.,1.));
#7391 = PCURVE('',#2717,#7392);
#7392 = DEFINITIONAL_REPRESENTATION('',(#7393),#7397);
#7393 = LINE('',#7394,#7395);
#7394 = CARTESIAN_POINT('',(0.,0.));
#7395 = VECTOR('',#7396,1.);
#7396 = DIRECTION('',(0.,-1.));
#7397 = ( GEOMETRIC_REPRESENTATION_CONTEXT(2) 
PARAMETRIC_REPRESENTATION_CONTEXT() REPRESENTATION_CONTEXT('2D SPACE',''
  ) );
#7398 = PCURVE('',#3656,#7399);
#7399 = DEFINITIONAL_REPRESENTATION('',(#7400),#7404);
#7400 = LINE('',#7401,#7402);
#7401 = CARTESIAN_POINT('',(1.88671875,0.));
#7402 = VECTOR('',#7403,1.);
#7403 = DIRECTION('',(0.,-1.));
#7404 = ( GEOMETRIC_REPRESENTATION_CONTEXT(2) 
PARAMETRIC_REPRESENTATION_CONTEXT() REPRESENTATION_CONTEXT('2D SPACE',''
  ) );
#7405 = ORIENTED_EDGE('',*,*,#3667,.F.);
#7406 = ORIENTED_EDGE('',*,*,#2697,.F.);
#7407 = ORIENTED_EDGE('',*,*,#7315,.F.);
#7408 = ADVANCED_FACE('',(#7409),#2659,.F.);
#7409 = FACE_BOUND('',#7410,.F.);
#7410 = EDGE_LOOP('',(#7411,#7441,#7462,#7463,#7464));
#7411 = ORIENTED_EDGE('',*,*,#7412,.F.);
#7412 = EDGE_CURVE('',#7413,#7415,#7417,.T.);
#7413 = VERTEX_POINT('',#7414);
#7414 = CARTESIAN_POINT('',(-7.881494140625,9.99921875,94.));
#7415 = VERTEX_POINT('',#7416);
#7416 = CARTESIAN_POINT('',(-7.102099609375,10.1609375,94.));
#7417 = SURFACE_CURVE('',#7418,(#7422,#7429),.PCURVE_S1.);
#7418 = LINE('',#7419,#7420);
#7419 = CARTESIAN_POINT('',(-7.881494140625,9.99921875,94.));
#7420 = VECTOR('',#7421,1.);
#7421 = DIRECTION('',(0.979144429707,0.203165414809,0.));
#7422 = PCURVE('',#2659,#7423);
#7423 = DEFINITIONAL_REPRESENTATION('',(#7424),#7428);
#7424 = LINE('',#7425,#7426);
#7425 = CARTESIAN_POINT('',(0.,0.));
#7426 = VECTOR('',#7427,1.);
#7427 = DIRECTION('',(1.,0.));
#7428 = ( GEOMETRIC_REPRESENTATION_CONTEXT(2) 
PARAMETRIC_REPRESENTATION_CONTEXT() REPRESENTATION_CONTEXT('2D SPACE',''
  ) );
#7429 = PCURVE('',#7430,#7435);
#7430 = PLANE('',#7431);
#7431 = AXIS2_PLACEMENT_3D('',#7432,#7433,#7434);
#7432 = CARTESIAN_POINT('',(-8.400341796875,6.80751953125,94.));
#7433 = DIRECTION('',(0.,0.,1.));
#7434 = DIRECTION('',(1.,0.,0.));
#7435 = DEFINITIONAL_REPRESENTATION('',(#7436),#7440);
#7436 = LINE('',#7437,#7438);
#7437 = CARTESIAN_POINT('',(0.51884765625,3.19169921875));
#7438 = VECTOR('',#7439,1.);
#7439 = DIRECTION('',(0.979144429707,0.203165414809));
#7440 = ( GEOMETRIC_REPRESENTATION_CONTEXT(2) 
PARAMETRIC_REPRESENTATION_CONTEXT() REPRESENTATION_CONTEXT('2D SPACE',''
  ) );
#7441 = ORIENTED_EDGE('',*,*,#7442,.T.);
#7442 = EDGE_CURVE('',#7413,#2606,#7443,.T.);
#7443 = SURFACE_CURVE('',#7444,(#7448,#7455),.PCURVE_S1.);
#7444 = LINE('',#7445,#7446);
#7445 = CARTESIAN_POINT('',(-7.881494140625,9.99921875,94.));
#7446 = VECTOR('',#7447,1.);
#7447 = DIRECTION('',(0.,0.,1.));
#7448 = PCURVE('',#2659,#7449);
#7449 = DEFINITIONAL_REPRESENTATION('',(#7450),#7454);
#7450 = LINE('',#7451,#7452);
#7451 = CARTESIAN_POINT('',(0.,0.));
#7452 = VECTOR('',#7453,1.);
#7453 = DIRECTION('',(0.,-1.));
#7454 = ( GEOMETRIC_REPRESENTATION_CONTEXT(2) 
PARAMETRIC_REPRESENTATION_CONTEXT() REPRESENTATION_CONTEXT('2D SPACE',''
  ) );
#7455 = PCURVE('',#2625,#7456);
#7456 = DEFINITIONAL_REPRESENTATION('',(#7457),#7461);
#7457 = LINE('',#7458,#7459);
#7458 = CARTESIAN_POINT('',(0.5884765625,0.));
#7459 = VECTOR('',#7460,1.);
#7460 = DIRECTION('',(0.,-1.));
#7461 = ( GEOMETRIC_REPRESENTATION_CONTEXT(2) 
PARAMETRIC_REPRESENTATION_CONTEXT() REPRESENTATION_CONTEXT('2D SPACE',''
  ) );
#7462 = ORIENTED_EDGE('',*,*,#2639,.T.);
#7463 = ORIENTED_EDGE('',*,*,#3687,.F.);
#7464 = ORIENTED_EDGE('',*,*,#7465,.F.);
#7465 = EDGE_CURVE('',#7415,#3688,#7466,.T.);
#7466 = SURFACE_CURVE('',#7467,(#7471,#7478),.PCURVE_S1.);
#7467 = LINE('',#7468,#7469);
#7468 = CARTESIAN_POINT('',(-7.102099609375,10.1609375,94.));
#7469 = VECTOR('',#7470,1.);
#7470 = DIRECTION('',(0.,0.,1.));
#7471 = PCURVE('',#2659,#7472);
#7472 = DEFINITIONAL_REPRESENTATION('',(#7473),#7477);
#7473 = LINE('',#7474,#7475);
#7474 = CARTESIAN_POINT('',(0.795995470743,0.));
#7475 = VECTOR('',#7476,1.);
#7476 = DIRECTION('',(0.,-1.));
#7477 = ( GEOMETRIC_REPRESENTATION_CONTEXT(2) 
PARAMETRIC_REPRESENTATION_CONTEXT() REPRESENTATION_CONTEXT('2D SPACE',''
  ) );
#7478 = PCURVE('',#3723,#7479);
#7479 = DEFINITIONAL_REPRESENTATION('',(#7480),#7484);
#7480 = LINE('',#7481,#7482);
#7481 = CARTESIAN_POINT('',(2.22044604925E-16,0.));
#7482 = VECTOR('',#7483,1.);
#7483 = DIRECTION('',(0.,-1.));
#7484 = ( GEOMETRIC_REPRESENTATION_CONTEXT(2) 
PARAMETRIC_REPRESENTATION_CONTEXT() REPRESENTATION_CONTEXT('2D SPACE',''
  ) );
#7485 = ADVANCED_FACE('',(#7486),#2625,.F.);
#7486 = FACE_BOUND('',#7487,.F.);
#7487 = EDGE_LOOP('',(#7488,#7511,#7532,#7533,#7534));
#7488 = ORIENTED_EDGE('',*,*,#7489,.F.);
#7489 = EDGE_CURVE('',#7490,#7413,#7492,.T.);
#7490 = VERTEX_POINT('',#7491);
#7491 = CARTESIAN_POINT('',(-7.881494140625,9.4107421875,94.));
#7492 = SURFACE_CURVE('',#7493,(#7497,#7504),.PCURVE_S1.);
#7493 = LINE('',#7494,#7495);
#7494 = CARTESIAN_POINT('',(-7.881494140625,9.4107421875,94.));
#7495 = VECTOR('',#7496,1.);
#7496 = DIRECTION('',(0.,1.,0.));
#7497 = PCURVE('',#2625,#7498);
#7498 = DEFINITIONAL_REPRESENTATION('',(#7499),#7503);
#7499 = LINE('',#7500,#7501);
#7500 = CARTESIAN_POINT('',(0.,0.));
#7501 = VECTOR('',#7502,1.);
#7502 = DIRECTION('',(1.,0.));
#7503 = ( GEOMETRIC_REPRESENTATION_CONTEXT(2) 
PARAMETRIC_REPRESENTATION_CONTEXT() REPRESENTATION_CONTEXT('2D SPACE',''
  ) );
#7504 = PCURVE('',#7430,#7505);
#7505 = DEFINITIONAL_REPRESENTATION('',(#7506),#7510);
#7506 = LINE('',#7507,#7508);
#7507 = CARTESIAN_POINT('',(0.51884765625,2.60322265625));
#7508 = VECTOR('',#7509,1.);
#7509 = DIRECTION('',(0.,1.));
#7510 = ( GEOMETRIC_REPRESENTATION_CONTEXT(2) 
PARAMETRIC_REPRESENTATION_CONTEXT() REPRESENTATION_CONTEXT('2D SPACE',''
  ) );
#7511 = ORIENTED_EDGE('',*,*,#7512,.T.);
#7512 = EDGE_CURVE('',#7490,#3917,#7513,.T.);
#7513 = SURFACE_CURVE('',#7514,(#7518,#7525),.PCURVE_S1.);
#7514 = LINE('',#7515,#7516);
#7515 = CARTESIAN_POINT('',(-7.881494140625,9.4107421875,94.));
#7516 = VECTOR('',#7517,1.);
#7517 = DIRECTION('',(0.,0.,1.));
#7518 = PCURVE('',#2625,#7519);
#7519 = DEFINITIONAL_REPRESENTATION('',(#7520),#7524);
#7520 = LINE('',#7521,#7522);
#7521 = CARTESIAN_POINT('',(0.,0.));
#7522 = VECTOR('',#7523,1.);
#7523 = DIRECTION('',(0.,-1.));
#7524 = ( GEOMETRIC_REPRESENTATION_CONTEXT(2) 
PARAMETRIC_REPRESENTATION_CONTEXT() REPRESENTATION_CONTEXT('2D SPACE',''
  ) );
#7525 = PCURVE('',#3931,#7526);
#7526 = DEFINITIONAL_REPRESENTATION('',(#7527),#7531);
#7527 = LINE('',#7528,#7529);
#7528 = CARTESIAN_POINT('',(0.800394491444,0.));
#7529 = VECTOR('',#7530,1.);
#7530 = DIRECTION('',(0.,-1.));
#7531 = ( GEOMETRIC_REPRESENTATION_CONTEXT(2) 
PARAMETRIC_REPRESENTATION_CONTEXT() REPRESENTATION_CONTEXT('2D SPACE',''
  ) );
#7532 = ORIENTED_EDGE('',*,*,#3942,.F.);
#7533 = ORIENTED_EDGE('',*,*,#2605,.F.);
#7534 = ORIENTED_EDGE('',*,*,#7442,.F.);
#7535 = ADVANCED_FACE('',(#7536),#2567,.F.);
#7536 = FACE_BOUND('',#7537,.F.);
#7537 = EDGE_LOOP('',(#7538,#7568,#7589,#7590,#7591));
#7538 = ORIENTED_EDGE('',*,*,#7539,.F.);
#7539 = EDGE_CURVE('',#7540,#7542,#7544,.T.);
#7540 = VERTEX_POINT('',#7541);
#7541 = CARTESIAN_POINT('',(-8.036474609375,-9.99248046875,94.));
#7542 = VERTEX_POINT('',#7543);
#7543 = CARTESIAN_POINT('',(-8.036474609375,-9.3568359375,94.));
#7544 = SURFACE_CURVE('',#7545,(#7549,#7556),.PCURVE_S1.);
#7545 = LINE('',#7546,#7547);
#7546 = CARTESIAN_POINT('',(-8.036474609375,-9.99248046875,94.));
#7547 = VECTOR('',#7548,1.);
#7548 = DIRECTION('',(0.,1.,0.));
#7549 = PCURVE('',#2567,#7550);
#7550 = DEFINITIONAL_REPRESENTATION('',(#7551),#7555);
#7551 = LINE('',#7552,#7553);
#7552 = CARTESIAN_POINT('',(0.,0.));
#7553 = VECTOR('',#7554,1.);
#7554 = DIRECTION('',(1.,0.));
#7555 = ( GEOMETRIC_REPRESENTATION_CONTEXT(2) 
PARAMETRIC_REPRESENTATION_CONTEXT() REPRESENTATION_CONTEXT('2D SPACE',''
  ) );
#7556 = PCURVE('',#7557,#7562);
#7557 = PLANE('',#7558);
#7558 = AXIS2_PLACEMENT_3D('',#7559,#7560,#7561);
#7559 = CARTESIAN_POINT('',(-8.400341796875,-9.99248046875,94.));
#7560 = DIRECTION('',(0.,0.,1.));
#7561 = DIRECTION('',(1.,0.,0.));
#7562 = DEFINITIONAL_REPRESENTATION('',(#7563),#7567);
#7563 = LINE('',#7564,#7565);
#7564 = CARTESIAN_POINT('',(0.3638671875,0.));
#7565 = VECTOR('',#7566,1.);
#7566 = DIRECTION('',(0.,1.));
#7567 = ( GEOMETRIC_REPRESENTATION_CONTEXT(2) 
PARAMETRIC_REPRESENTATION_CONTEXT() REPRESENTATION_CONTEXT('2D SPACE',''
  ) );
#7568 = ORIENTED_EDGE('',*,*,#7569,.T.);
#7569 = EDGE_CURVE('',#7540,#2514,#7570,.T.);
#7570 = SURFACE_CURVE('',#7571,(#7575,#7582),.PCURVE_S1.);
#7571 = LINE('',#7572,#7573);
#7572 = CARTESIAN_POINT('',(-8.036474609375,-9.99248046875,94.));
#7573 = VECTOR('',#7574,1.);
#7574 = DIRECTION('',(0.,0.,1.));
#7575 = PCURVE('',#2567,#7576);
#7576 = DEFINITIONAL_REPRESENTATION('',(#7577),#7581);
#7577 = LINE('',#7578,#7579);
#7578 = CARTESIAN_POINT('',(0.,0.));
#7579 = VECTOR('',#7580,1.);
#7580 = DIRECTION('',(0.,-1.));
#7581 = ( GEOMETRIC_REPRESENTATION_CONTEXT(2) 
PARAMETRIC_REPRESENTATION_CONTEXT() REPRESENTATION_CONTEXT('2D SPACE',''
  ) );
#7582 = PCURVE('',#2533,#7583);
#7583 = DEFINITIONAL_REPRESENTATION('',(#7584),#7588);
#7584 = LINE('',#7585,#7586);
#7585 = CARTESIAN_POINT('',(2.43701171875,0.));
#7586 = VECTOR('',#7587,1.);
#7587 = DIRECTION('',(0.,-1.));
#7588 = ( GEOMETRIC_REPRESENTATION_CONTEXT(2) 
PARAMETRIC_REPRESENTATION_CONTEXT() REPRESENTATION_CONTEXT('2D SPACE',''
  ) );
#7589 = ORIENTED_EDGE('',*,*,#2547,.T.);
#7590 = ORIENTED_EDGE('',*,*,#3962,.F.);
#7591 = ORIENTED_EDGE('',*,*,#7592,.F.);
#7592 = EDGE_CURVE('',#7542,#3963,#7593,.T.);
#7593 = SURFACE_CURVE('',#7594,(#7598,#7605),.PCURVE_S1.);
#7594 = LINE('',#7595,#7596);
#7595 = CARTESIAN_POINT('',(-8.036474609375,-9.3568359375,94.));
#7596 = VECTOR('',#7597,1.);
#7597 = DIRECTION('',(0.,0.,1.));
#7598 = PCURVE('',#2567,#7599);
#7599 = DEFINITIONAL_REPRESENTATION('',(#7600),#7604);
#7600 = LINE('',#7601,#7602);
#7601 = CARTESIAN_POINT('',(0.63564453125,0.));
#7602 = VECTOR('',#7603,1.);
#7603 = DIRECTION('',(0.,-1.));
#7604 = ( GEOMETRIC_REPRESENTATION_CONTEXT(2) 
PARAMETRIC_REPRESENTATION_CONTEXT() REPRESENTATION_CONTEXT('2D SPACE',''
  ) );
#7605 = PCURVE('',#3998,#7606);
#7606 = DEFINITIONAL_REPRESENTATION('',(#7607),#7611);
#7607 = LINE('',#7608,#7609);
#7608 = CARTESIAN_POINT('',(0.,0.));
#7609 = VECTOR('',#7610,1.);
#7610 = DIRECTION('',(0.,-1.));
#7611 = ( GEOMETRIC_REPRESENTATION_CONTEXT(2) 
PARAMETRIC_REPRESENTATION_CONTEXT() REPRESENTATION_CONTEXT('2D SPACE',''
  ) );
#7612 = ADVANCED_FACE('',(#7613),#2533,.F.);
#7613 = FACE_BOUND('',#7614,.F.);
#7614 = EDGE_LOOP('',(#7615,#7638,#7659,#7660,#7661));
#7615 = ORIENTED_EDGE('',*,*,#7616,.F.);
#7616 = EDGE_CURVE('',#7617,#7540,#7619,.T.);
#7617 = VERTEX_POINT('',#7618);
#7618 = CARTESIAN_POINT('',(-5.599462890625,-9.99248046875,94.));
#7619 = SURFACE_CURVE('',#7620,(#7624,#7631),.PCURVE_S1.);
#7620 = LINE('',#7621,#7622);
#7621 = CARTESIAN_POINT('',(-5.599462890625,-9.99248046875,94.));
#7622 = VECTOR('',#7623,1.);
#7623 = DIRECTION('',(-1.,0.,0.));
#7624 = PCURVE('',#2533,#7625);
#7625 = DEFINITIONAL_REPRESENTATION('',(#7626),#7630);
#7626 = LINE('',#7627,#7628);
#7627 = CARTESIAN_POINT('',(0.,-0.));
#7628 = VECTOR('',#7629,1.);
#7629 = DIRECTION('',(1.,0.));
#7630 = ( GEOMETRIC_REPRESENTATION_CONTEXT(2) 
PARAMETRIC_REPRESENTATION_CONTEXT() REPRESENTATION_CONTEXT('2D SPACE',''
  ) );
#7631 = PCURVE('',#7557,#7632);
#7632 = DEFINITIONAL_REPRESENTATION('',(#7633),#7637);
#7633 = LINE('',#7634,#7635);
#7634 = CARTESIAN_POINT('',(2.80087890625,0.));
#7635 = VECTOR('',#7636,1.);
#7636 = DIRECTION('',(-1.,0.));
#7637 = ( GEOMETRIC_REPRESENTATION_CONTEXT(2) 
PARAMETRIC_REPRESENTATION_CONTEXT() REPRESENTATION_CONTEXT('2D SPACE',''
  ) );
#7638 = ORIENTED_EDGE('',*,*,#7639,.T.);
#7639 = EDGE_CURVE('',#7617,#4634,#7640,.T.);
#7640 = SURFACE_CURVE('',#7641,(#7645,#7652),.PCURVE_S1.);
#7641 = LINE('',#7642,#7643);
#7642 = CARTESIAN_POINT('',(-5.599462890625,-9.99248046875,94.));
#7643 = VECTOR('',#7644,1.);
#7644 = DIRECTION('',(0.,0.,1.));
#7645 = PCURVE('',#2533,#7646);
#7646 = DEFINITIONAL_REPRESENTATION('',(#7647),#7651);
#7647 = LINE('',#7648,#7649);
#7648 = CARTESIAN_POINT('',(0.,-0.));
#7649 = VECTOR('',#7650,1.);
#7650 = DIRECTION('',(0.,-1.));
#7651 = ( GEOMETRIC_REPRESENTATION_CONTEXT(2) 
PARAMETRIC_REPRESENTATION_CONTEXT() REPRESENTATION_CONTEXT('2D SPACE',''
  ) );
#7652 = PCURVE('',#4648,#7653);
#7653 = DEFINITIONAL_REPRESENTATION('',(#7654),#7658);
#7654 = LINE('',#7655,#7656);
#7655 = CARTESIAN_POINT('',(0.63564453125,0.));
#7656 = VECTOR('',#7657,1.);
#7657 = DIRECTION('',(0.,-1.));
#7658 = ( GEOMETRIC_REPRESENTATION_CONTEXT(2) 
PARAMETRIC_REPRESENTATION_CONTEXT() REPRESENTATION_CONTEXT('2D SPACE',''
  ) );
#7659 = ORIENTED_EDGE('',*,*,#4659,.F.);
#7660 = ORIENTED_EDGE('',*,*,#2513,.F.);
#7661 = ORIENTED_EDGE('',*,*,#7569,.F.);
#7662 = ADVANCED_FACE('',(#7663),#2475,.F.);
#7663 = FACE_BOUND('',#7664,.F.);
#7664 = EDGE_LOOP('',(#7665,#7695,#7716,#7717,#7718));
#7665 = ORIENTED_EDGE('',*,*,#7666,.F.);
#7666 = EDGE_CURVE('',#7667,#7669,#7671,.T.);
#7667 = VERTEX_POINT('',#7668);
#7668 = CARTESIAN_POINT('',(7.558056640625,-9.99248046875,94.));
#7669 = VERTEX_POINT('',#7670);
#7670 = CARTESIAN_POINT('',(7.149267578125,-9.1591796875,94.));
#7671 = SURFACE_CURVE('',#7672,(#7676,#7683),.PCURVE_S1.);
#7672 = LINE('',#7673,#7674);
#7673 = CARTESIAN_POINT('',(7.558056640625,-9.99248046875,94.));
#7674 = VECTOR('',#7675,1.);
#7675 = DIRECTION('',(-0.440424993655,0.897789410143,0.));
#7676 = PCURVE('',#2475,#7677);
#7677 = DEFINITIONAL_REPRESENTATION('',(#7678),#7682);
#7678 = LINE('',#7679,#7680);
#7679 = CARTESIAN_POINT('',(0.,0.));
#7680 = VECTOR('',#7681,1.);
#7681 = DIRECTION('',(1.,0.));
#7682 = ( GEOMETRIC_REPRESENTATION_CONTEXT(2) 
PARAMETRIC_REPRESENTATION_CONTEXT() REPRESENTATION_CONTEXT('2D SPACE',''
  ) );
#7683 = PCURVE('',#7684,#7689);
#7684 = PLANE('',#7685);
#7685 = AXIS2_PLACEMENT_3D('',#7686,#7687,#7688);
#7686 = CARTESIAN_POINT('',(5.028955078125,-9.99248046875,94.));
#7687 = DIRECTION('',(0.,0.,1.));
#7688 = DIRECTION('',(1.,0.,0.));
#7689 = DEFINITIONAL_REPRESENTATION('',(#7690),#7694);
#7690 = LINE('',#7691,#7692);
#7691 = CARTESIAN_POINT('',(2.5291015625,0.));
#7692 = VECTOR('',#7693,1.);
#7693 = DIRECTION('',(-0.440424993655,0.897789410143));
#7694 = ( GEOMETRIC_REPRESENTATION_CONTEXT(2) 
PARAMETRIC_REPRESENTATION_CONTEXT() REPRESENTATION_CONTEXT('2D SPACE',''
  ) );
#7695 = ORIENTED_EDGE('',*,*,#7696,.T.);
#7696 = EDGE_CURVE('',#7667,#2419,#7697,.T.);
#7697 = SURFACE_CURVE('',#7698,(#7702,#7709),.PCURVE_S1.);
#7698 = LINE('',#7699,#7700);
#7699 = CARTESIAN_POINT('',(7.558056640625,-9.99248046875,94.));
#7700 = VECTOR('',#7701,1.);
#7701 = DIRECTION('',(0.,0.,1.));
#7702 = PCURVE('',#2475,#7703);
#7703 = DEFINITIONAL_REPRESENTATION('',(#7704),#7708);
#7704 = LINE('',#7705,#7706);
#7705 = CARTESIAN_POINT('',(0.,0.));
#7706 = VECTOR('',#7707,1.);
#7707 = DIRECTION('',(0.,-1.));
#7708 = ( GEOMETRIC_REPRESENTATION_CONTEXT(2) 
PARAMETRIC_REPRESENTATION_CONTEXT() REPRESENTATION_CONTEXT('2D SPACE',''
  ) );
#7709 = PCURVE('',#2440,#7710);
#7710 = DEFINITIONAL_REPRESENTATION('',(#7711),#7715);
#7711 = LINE('',#7712,#7713);
#7712 = CARTESIAN_POINT('',(0.9208984375,0.));
#7713 = VECTOR('',#7714,1.);
#7714 = DIRECTION('',(0.,-1.));
#7715 = ( GEOMETRIC_REPRESENTATION_CONTEXT(2) 
PARAMETRIC_REPRESENTATION_CONTEXT() REPRESENTATION_CONTEXT('2D SPACE',''
  ) );
#7716 = ORIENTED_EDGE('',*,*,#2455,.T.);
#7717 = ORIENTED_EDGE('',*,*,#4679,.F.);
#7718 = ORIENTED_EDGE('',*,*,#7719,.F.);
#7719 = EDGE_CURVE('',#7669,#4680,#7720,.T.);
#7720 = SURFACE_CURVE('',#7721,(#7725,#7732),.PCURVE_S1.);
#7721 = LINE('',#7722,#7723);
#7722 = CARTESIAN_POINT('',(7.149267578125,-9.1591796875,94.));
#7723 = VECTOR('',#7724,1.);
#7724 = DIRECTION('',(0.,0.,1.));
#7725 = PCURVE('',#2475,#7726);
#7726 = DEFINITIONAL_REPRESENTATION('',(#7727),#7731);
#7727 = LINE('',#7728,#7729);
#7728 = CARTESIAN_POINT('',(0.928169537128,0.));
#7729 = VECTOR('',#7730,1.);
#7730 = DIRECTION('',(0.,-1.));
#7731 = ( GEOMETRIC_REPRESENTATION_CONTEXT(2) 
PARAMETRIC_REPRESENTATION_CONTEXT() REPRESENTATION_CONTEXT('2D SPACE',''
  ) );
#7732 = PCURVE('',#4724,#7733);
#7733 = DEFINITIONAL_REPRESENTATION('',(#7734),#7738);
#7734 = LINE('',#7735,#7736);
#7735 = CARTESIAN_POINT('',(0.,0.));
#7736 = VECTOR('',#7737,1.);
#7737 = DIRECTION('',(0.,-1.));
#7738 = ( GEOMETRIC_REPRESENTATION_CONTEXT(2) 
PARAMETRIC_REPRESENTATION_CONTEXT() REPRESENTATION_CONTEXT('2D SPACE',''
  ) );
#7739 = ADVANCED_FACE('',(#7740),#2440,.F.);
#7740 = FACE_BOUND('',#7741,.F.);
#7741 = EDGE_LOOP('',(#7742,#7765,#7786,#7787));
#7742 = ORIENTED_EDGE('',*,*,#7743,.F.);
#7743 = EDGE_CURVE('',#7744,#7667,#7746,.T.);
#7744 = VERTEX_POINT('',#7745);
#7745 = CARTESIAN_POINT('',(8.478955078125,-9.99248046875,94.));
#7746 = SURFACE_CURVE('',#7747,(#7751,#7758),.PCURVE_S1.);
#7747 = LINE('',#7748,#7749);
#7748 = CARTESIAN_POINT('',(8.478955078125,-9.99248046875,94.));
#7749 = VECTOR('',#7750,1.);
#7750 = DIRECTION('',(-1.,0.,0.));
#7751 = PCURVE('',#2440,#7752);
#7752 = DEFINITIONAL_REPRESENTATION('',(#7753),#7757);
#7753 = LINE('',#7754,#7755);
#7754 = CARTESIAN_POINT('',(0.,-0.));
#7755 = VECTOR('',#7756,1.);
#7756 = DIRECTION('',(1.,0.));
#7757 = ( GEOMETRIC_REPRESENTATION_CONTEXT(2) 
PARAMETRIC_REPRESENTATION_CONTEXT() REPRESENTATION_CONTEXT('2D SPACE',''
  ) );
#7758 = PCURVE('',#7684,#7759);
#7759 = DEFINITIONAL_REPRESENTATION('',(#7760),#7764);
#7760 = LINE('',#7761,#7762);
#7761 = CARTESIAN_POINT('',(3.45,0.));
#7762 = VECTOR('',#7763,1.);
#7763 = DIRECTION('',(-1.,0.));
#7764 = ( GEOMETRIC_REPRESENTATION_CONTEXT(2) 
PARAMETRIC_REPRESENTATION_CONTEXT() REPRESENTATION_CONTEXT('2D SPACE',''
  ) );
#7765 = ORIENTED_EDGE('',*,*,#7766,.T.);
#7766 = EDGE_CURVE('',#7744,#2385,#7767,.T.);
#7767 = SURFACE_CURVE('',#7768,(#7772,#7779),.PCURVE_S1.);
#7768 = LINE('',#7769,#7770);
#7769 = CARTESIAN_POINT('',(8.478955078125,-9.99248046875,94.));
#7770 = VECTOR('',#7771,1.);
#7771 = DIRECTION('',(0.,0.,1.));
#7772 = PCURVE('',#2440,#7773);
#7773 = DEFINITIONAL_REPRESENTATION('',(#7774),#7778);
#7774 = LINE('',#7775,#7776);
#7775 = CARTESIAN_POINT('',(0.,-0.));
#7776 = VECTOR('',#7777,1.);
#7777 = DIRECTION('',(0.,-1.));
#7778 = ( GEOMETRIC_REPRESENTATION_CONTEXT(2) 
PARAMETRIC_REPRESENTATION_CONTEXT() REPRESENTATION_CONTEXT('2D SPACE',''
  ) );
#7779 = PCURVE('',#2404,#7780);
#7780 = DEFINITIONAL_REPRESENTATION('',(#7781),#7785);
#7781 = LINE('',#7782,#7783);
#7782 = CARTESIAN_POINT('',(1.061756336032,0.));
#7783 = VECTOR('',#7784,1.);
#7784 = DIRECTION('',(0.,-1.));
#7785 = ( GEOMETRIC_REPRESENTATION_CONTEXT(2) 
PARAMETRIC_REPRESENTATION_CONTEXT() REPRESENTATION_CONTEXT('2D SPACE',''
  ) );
#7786 = ORIENTED_EDGE('',*,*,#2418,.T.);
#7787 = ORIENTED_EDGE('',*,*,#7696,.F.);
#7788 = ADVANCED_FACE('',(#7789),#2404,.F.);
#7789 = FACE_BOUND('',#7790,.F.);
#7790 = EDGE_LOOP('',(#7791,#7814,#7835,#7836,#7837));
#7791 = ORIENTED_EDGE('',*,*,#7792,.F.);
#7792 = EDGE_CURVE('',#7793,#7744,#7795,.T.);
#7793 = VERTEX_POINT('',#7794);
#7794 = CARTESIAN_POINT('',(8.009521484375,-9.04013671875,94.));
#7795 = SURFACE_CURVE('',#7796,(#7800,#7807),.PCURVE_S1.);
#7796 = LINE('',#7797,#7798);
#7797 = CARTESIAN_POINT('',(8.009521484375,-9.04013671875,94.));
#7798 = VECTOR('',#7799,1.);
#7799 = DIRECTION('',(0.442129307657,-0.89695132271,0.));
#7800 = PCURVE('',#2404,#7801);
#7801 = DEFINITIONAL_REPRESENTATION('',(#7802),#7806);
#7802 = LINE('',#7803,#7804);
#7803 = CARTESIAN_POINT('',(0.,0.));
#7804 = VECTOR('',#7805,1.);
#7805 = DIRECTION('',(1.,0.));
#7806 = ( GEOMETRIC_REPRESENTATION_CONTEXT(2) 
PARAMETRIC_REPRESENTATION_CONTEXT() REPRESENTATION_CONTEXT('2D SPACE',''
  ) );
#7807 = PCURVE('',#7684,#7808);
#7808 = DEFINITIONAL_REPRESENTATION('',(#7809),#7813);
#7809 = LINE('',#7810,#7811);
#7810 = CARTESIAN_POINT('',(2.98056640625,0.95234375));
#7811 = VECTOR('',#7812,1.);
#7812 = DIRECTION('',(0.442129307657,-0.89695132271));
#7813 = ( GEOMETRIC_REPRESENTATION_CONTEXT(2) 
PARAMETRIC_REPRESENTATION_CONTEXT() REPRESENTATION_CONTEXT('2D SPACE',''
  ) );
#7814 = ORIENTED_EDGE('',*,*,#7815,.T.);
#7815 = EDGE_CURVE('',#7793,#5185,#7816,.T.);
#7816 = SURFACE_CURVE('',#7817,(#7821,#7828),.PCURVE_S1.);
#7817 = LINE('',#7818,#7819);
#7818 = CARTESIAN_POINT('',(8.009521484375,-9.04013671875,94.));
#7819 = VECTOR('',#7820,1.);
#7820 = DIRECTION('',(0.,0.,1.));
#7821 = PCURVE('',#2404,#7822);
#7822 = DEFINITIONAL_REPRESENTATION('',(#7823),#7827);
#7823 = LINE('',#7824,#7825);
#7824 = CARTESIAN_POINT('',(0.,0.));
#7825 = VECTOR('',#7826,1.);
#7826 = DIRECTION('',(0.,-1.));
#7827 = ( GEOMETRIC_REPRESENTATION_CONTEXT(2) 
PARAMETRIC_REPRESENTATION_CONTEXT() REPRESENTATION_CONTEXT('2D SPACE',''
  ) );
#7828 = PCURVE('',#5208,#7829);
#7829 = DEFINITIONAL_REPRESENTATION('',(#7830),#7834);
#7830 = LINE('',#7831,#7832);
#7831 = CARTESIAN_POINT('',(1.,0.));
#7832 = VECTOR('',#7833,1.);
#7833 = DIRECTION('',(0.,-1.));
#7834 = ( GEOMETRIC_REPRESENTATION_CONTEXT(2) 
PARAMETRIC_REPRESENTATION_CONTEXT() REPRESENTATION_CONTEXT('2D SPACE',''
  ) );
#7835 = ORIENTED_EDGE('',*,*,#5226,.F.);
#7836 = ORIENTED_EDGE('',*,*,#2384,.F.);
#7837 = ORIENTED_EDGE('',*,*,#7766,.F.);
#7838 = ADVANCED_FACE('',(#7839),#5208,.F.);
#7839 = FACE_BOUND('',#7840,.F.);
#7840 = EDGE_LOOP('',(#7841,#7864,#7885,#7886));
#7841 = ORIENTED_EDGE('',*,*,#7842,.F.);
#7842 = EDGE_CURVE('',#7843,#7793,#7845,.T.);
#7843 = VERTEX_POINT('',#7844);
#7844 = CARTESIAN_POINT('',(7.725390625,-8.607763671875,94.));
#7845 = SURFACE_CURVE('',#7846,(#7850,#7857),.PCURVE_S1.);
#7846 = B_SPLINE_CURVE_WITH_KNOTS('',2,(#7847,#7848,#7849),
  .UNSPECIFIED.,.F.,.F.,(3,3),(0.,1.),.PIECEWISE_BEZIER_KNOTS.);
#7847 = CARTESIAN_POINT('',(7.725390625,-8.607763671875,94.));
#7848 = CARTESIAN_POINT('',(7.865771484375,-8.750390625,94.));
#7849 = CARTESIAN_POINT('',(8.009521484375,-9.04013671875,94.));
#7850 = PCURVE('',#5208,#7851);
#7851 = DEFINITIONAL_REPRESENTATION('',(#7852),#7856);
#7852 = LINE('',#7853,#7854);
#7853 = CARTESIAN_POINT('',(0.,0.));
#7854 = VECTOR('',#7855,1.);
#7855 = DIRECTION('',(1.,0.));
#7856 = ( GEOMETRIC_REPRESENTATION_CONTEXT(2) 
PARAMETRIC_REPRESENTATION_CONTEXT() REPRESENTATION_CONTEXT('2D SPACE',''
  ) );
#7857 = PCURVE('',#7684,#7858);
#7858 = DEFINITIONAL_REPRESENTATION('',(#7859),#7863);
#7859 = B_SPLINE_CURVE_WITH_KNOTS('',2,(#7860,#7861,#7862),
  .UNSPECIFIED.,.F.,.F.,(3,3),(0.,1.),.PIECEWISE_BEZIER_KNOTS.);
#7860 = CARTESIAN_POINT('',(2.696435546875,1.384716796875));
#7861 = CARTESIAN_POINT('',(2.83681640625,1.24208984375));
#7862 = CARTESIAN_POINT('',(2.98056640625,0.95234375));
#7863 = ( GEOMETRIC_REPRESENTATION_CONTEXT(2) 
PARAMETRIC_REPRESENTATION_CONTEXT() REPRESENTATION_CONTEXT('2D SPACE',''
  ) );
#7864 = ORIENTED_EDGE('',*,*,#7865,.T.);
#7865 = EDGE_CURVE('',#7843,#5134,#7866,.T.);
#7866 = SURFACE_CURVE('',#7867,(#7871,#7878),.PCURVE_S1.);
#7867 = LINE('',#7868,#7869);
#7868 = CARTESIAN_POINT('',(7.725390625,-8.607763671875,94.));
#7869 = VECTOR('',#7870,1.);
#7870 = DIRECTION('',(0.,0.,1.));
#7871 = PCURVE('',#5208,#7872);
#7872 = DEFINITIONAL_REPRESENTATION('',(#7873),#7877);
#7873 = LINE('',#7874,#7875);
#7874 = CARTESIAN_POINT('',(0.,0.));
#7875 = VECTOR('',#7876,1.);
#7876 = DIRECTION('',(0.,-1.));
#7877 = ( GEOMETRIC_REPRESENTATION_CONTEXT(2) 
PARAMETRIC_REPRESENTATION_CONTEXT() REPRESENTATION_CONTEXT('2D SPACE',''
  ) );
#7878 = PCURVE('',#5163,#7879);
#7879 = DEFINITIONAL_REPRESENTATION('',(#7880),#7884);
#7880 = LINE('',#7881,#7882);
#7881 = CARTESIAN_POINT('',(1.,0.));
#7882 = VECTOR('',#7883,1.);
#7883 = DIRECTION('',(0.,-1.));
#7884 = ( GEOMETRIC_REPRESENTATION_CONTEXT(2) 
PARAMETRIC_REPRESENTATION_CONTEXT() REPRESENTATION_CONTEXT('2D SPACE',''
  ) );
#7885 = ORIENTED_EDGE('',*,*,#5184,.F.);
#7886 = ORIENTED_EDGE('',*,*,#7815,.F.);
#7887 = ADVANCED_FACE('',(#7888),#5163,.F.);
#7888 = FACE_BOUND('',#7889,.F.);
#7889 = EDGE_LOOP('',(#7890,#7913,#7934,#7935));
#7890 = ORIENTED_EDGE('',*,*,#7891,.F.);
#7891 = EDGE_CURVE('',#7892,#7843,#7894,.T.);
#7892 = VERTEX_POINT('',#7893);
#7893 = CARTESIAN_POINT('',(7.407568359375,-8.42470703125,94.));
#7894 = SURFACE_CURVE('',#7895,(#7899,#7906),.PCURVE_S1.);
#7895 = B_SPLINE_CURVE_WITH_KNOTS('',2,(#7896,#7897,#7898),
  .UNSPECIFIED.,.F.,.F.,(3,3),(0.,1.),.PIECEWISE_BEZIER_KNOTS.);
#7896 = CARTESIAN_POINT('',(7.407568359375,-8.42470703125,94.));
#7897 = CARTESIAN_POINT('',(7.585009765625,-8.46513671875,94.));
#7898 = CARTESIAN_POINT('',(7.725390625,-8.607763671875,94.));
#7899 = PCURVE('',#5163,#7900);
#7900 = DEFINITIONAL_REPRESENTATION('',(#7901),#7905);
#7901 = LINE('',#7902,#7903);
#7902 = CARTESIAN_POINT('',(0.,0.));
#7903 = VECTOR('',#7904,1.);
#7904 = DIRECTION('',(1.,0.));
#7905 = ( GEOMETRIC_REPRESENTATION_CONTEXT(2) 
PARAMETRIC_REPRESENTATION_CONTEXT() REPRESENTATION_CONTEXT('2D SPACE',''
  ) );
#7906 = PCURVE('',#7684,#7907);
#7907 = DEFINITIONAL_REPRESENTATION('',(#7908),#7912);
#7908 = B_SPLINE_CURVE_WITH_KNOTS('',2,(#7909,#7910,#7911),
  .UNSPECIFIED.,.F.,.F.,(3,3),(0.,1.),.PIECEWISE_BEZIER_KNOTS.);
#7909 = CARTESIAN_POINT('',(2.37861328125,1.5677734375));
#7910 = CARTESIAN_POINT('',(2.5560546875,1.52734375));
#7911 = CARTESIAN_POINT('',(2.696435546875,1.384716796875));
#7912 = ( GEOMETRIC_REPRESENTATION_CONTEXT(2) 
PARAMETRIC_REPRESENTATION_CONTEXT() REPRESENTATION_CONTEXT('2D SPACE',''
  ) );
#7913 = ORIENTED_EDGE('',*,*,#7914,.T.);
#7914 = EDGE_CURVE('',#7892,#5083,#7915,.T.);
#7915 = SURFACE_CURVE('',#7916,(#7920,#7927),.PCURVE_S1.);
#7916 = LINE('',#7917,#7918);
#7917 = CARTESIAN_POINT('',(7.407568359375,-8.42470703125,94.));
#7918 = VECTOR('',#7919,1.);
#7919 = DIRECTION('',(0.,0.,1.));
#7920 = PCURVE('',#5163,#7921);
#7921 = DEFINITIONAL_REPRESENTATION('',(#7922),#7926);
#7922 = LINE('',#7923,#7924);
#7923 = CARTESIAN_POINT('',(0.,0.));
#7924 = VECTOR('',#7925,1.);
#7925 = DIRECTION('',(0.,-1.));
#7926 = ( GEOMETRIC_REPRESENTATION_CONTEXT(2) 
PARAMETRIC_REPRESENTATION_CONTEXT() REPRESENTATION_CONTEXT('2D SPACE',''
  ) );
#7927 = PCURVE('',#5112,#7928);
#7928 = DEFINITIONAL_REPRESENTATION('',(#7929),#7933);
#7929 = LINE('',#7930,#7931);
#7930 = CARTESIAN_POINT('',(1.,0.));
#7931 = VECTOR('',#7932,1.);
#7932 = DIRECTION('',(0.,-1.));
#7933 = ( GEOMETRIC_REPRESENTATION_CONTEXT(2) 
PARAMETRIC_REPRESENTATION_CONTEXT() REPRESENTATION_CONTEXT('2D SPACE',''
  ) );
#7934 = ORIENTED_EDGE('',*,*,#5133,.F.);
#7935 = ORIENTED_EDGE('',*,*,#7865,.F.);
#7936 = ADVANCED_FACE('',(#7937),#5112,.F.);
#7937 = FACE_BOUND('',#7938,.F.);
#7938 = EDGE_LOOP('',(#7939,#7962,#7983,#7984));
#7939 = ORIENTED_EDGE('',*,*,#7940,.F.);
#7940 = EDGE_CURVE('',#7941,#7892,#7943,.T.);
#7941 = VERTEX_POINT('',#7942);
#7942 = CARTESIAN_POINT('',(7.8916015625,-8.11025390625,94.));
#7943 = SURFACE_CURVE('',#7944,(#7948,#7955),.PCURVE_S1.);
#7944 = B_SPLINE_CURVE_WITH_KNOTS('',2,(#7945,#7946,#7947),
  .UNSPECIFIED.,.F.,.F.,(3,3),(0.,1.),.PIECEWISE_BEZIER_KNOTS.);
#7945 = CARTESIAN_POINT('',(7.8916015625,-8.11025390625,94.));
#7946 = CARTESIAN_POINT('',(7.731005859375,-8.3236328125,94.));
#7947 = CARTESIAN_POINT('',(7.407568359375,-8.42470703125,94.));
#7948 = PCURVE('',#5112,#7949);
#7949 = DEFINITIONAL_REPRESENTATION('',(#7950),#7954);
#7950 = LINE('',#7951,#7952);
#7951 = CARTESIAN_POINT('',(0.,0.));
#7952 = VECTOR('',#7953,1.);
#7953 = DIRECTION('',(1.,0.));
#7954 = ( GEOMETRIC_REPRESENTATION_CONTEXT(2) 
PARAMETRIC_REPRESENTATION_CONTEXT() REPRESENTATION_CONTEXT('2D SPACE',''
  ) );
#7955 = PCURVE('',#7684,#7956);
#7956 = DEFINITIONAL_REPRESENTATION('',(#7957),#7961);
#7957 = B_SPLINE_CURVE_WITH_KNOTS('',2,(#7958,#7959,#7960),
  .UNSPECIFIED.,.F.,.F.,(3,3),(0.,1.),.PIECEWISE_BEZIER_KNOTS.);
#7958 = CARTESIAN_POINT('',(2.862646484375,1.8822265625));
#7959 = CARTESIAN_POINT('',(2.70205078125,1.66884765625));
#7960 = CARTESIAN_POINT('',(2.37861328125,1.5677734375));
#7961 = ( GEOMETRIC_REPRESENTATION_CONTEXT(2) 
PARAMETRIC_REPRESENTATION_CONTEXT() REPRESENTATION_CONTEXT('2D SPACE',''
  ) );
#7962 = ORIENTED_EDGE('',*,*,#7963,.T.);
#7963 = EDGE_CURVE('',#7941,#5032,#7964,.T.);
#7964 = SURFACE_CURVE('',#7965,(#7969,#7976),.PCURVE_S1.);
#7965 = LINE('',#7966,#7967);
#7966 = CARTESIAN_POINT('',(7.8916015625,-8.11025390625,94.));
#7967 = VECTOR('',#7968,1.);
#7968 = DIRECTION('',(0.,0.,1.));
#7969 = PCURVE('',#5112,#7970);
#7970 = DEFINITIONAL_REPRESENTATION('',(#7971),#7975);
#7971 = LINE('',#7972,#7973);
#7972 = CARTESIAN_POINT('',(0.,0.));
#7973 = VECTOR('',#7974,1.);
#7974 = DIRECTION('',(0.,-1.));
#7975 = ( GEOMETRIC_REPRESENTATION_CONTEXT(2) 
PARAMETRIC_REPRESENTATION_CONTEXT() REPRESENTATION_CONTEXT('2D SPACE',''
  ) );
#7976 = PCURVE('',#5061,#7977);
#7977 = DEFINITIONAL_REPRESENTATION('',(#7978),#7982);
#7978 = LINE('',#7979,#7980);
#7979 = CARTESIAN_POINT('',(1.,0.));
#7980 = VECTOR('',#7981,1.);
#7981 = DIRECTION('',(0.,-1.));
#7982 = ( GEOMETRIC_REPRESENTATION_CONTEXT(2) 
PARAMETRIC_REPRESENTATION_CONTEXT() REPRESENTATION_CONTEXT('2D SPACE',''
  ) );
#7983 = ORIENTED_EDGE('',*,*,#5082,.F.);
#7984 = ORIENTED_EDGE('',*,*,#7914,.F.);
#7985 = ADVANCED_FACE('',(#7986),#5061,.F.);
#7986 = FACE_BOUND('',#7987,.F.);
#7987 = EDGE_LOOP('',(#7988,#8011,#8032,#8033));
#7988 = ORIENTED_EDGE('',*,*,#7989,.F.);
#7989 = EDGE_CURVE('',#7990,#7941,#7992,.T.);
#7990 = VERTEX_POINT('',#7991);
#7991 = CARTESIAN_POINT('',(8.052197265625,-7.564453125,94.));
#7992 = SURFACE_CURVE('',#7993,(#7997,#8004),.PCURVE_S1.);
#7993 = B_SPLINE_CURVE_WITH_KNOTS('',2,(#7994,#7995,#7996),
  .UNSPECIFIED.,.F.,.F.,(3,3),(0.,1.),.PIECEWISE_BEZIER_KNOTS.);
#7994 = CARTESIAN_POINT('',(8.052197265625,-7.564453125,94.));
#7995 = CARTESIAN_POINT('',(8.052197265625,-7.896875,94.));
#7996 = CARTESIAN_POINT('',(7.8916015625,-8.11025390625,94.));
#7997 = PCURVE('',#5061,#7998);
#7998 = DEFINITIONAL_REPRESENTATION('',(#7999),#8003);
#7999 = LINE('',#8000,#8001);
#8000 = CARTESIAN_POINT('',(0.,0.));
#8001 = VECTOR('',#8002,1.);
#8002 = DIRECTION('',(1.,0.));
#8003 = ( GEOMETRIC_REPRESENTATION_CONTEXT(2) 
PARAMETRIC_REPRESENTATION_CONTEXT() REPRESENTATION_CONTEXT('2D SPACE',''
  ) );
#8004 = PCURVE('',#7684,#8005);
#8005 = DEFINITIONAL_REPRESENTATION('',(#8006),#8010);
#8006 = B_SPLINE_CURVE_WITH_KNOTS('',2,(#8007,#8008,#8009),
  .UNSPECIFIED.,.F.,.F.,(3,3),(0.,1.),.PIECEWISE_BEZIER_KNOTS.);
#8007 = CARTESIAN_POINT('',(3.0232421875,2.42802734375));
#8008 = CARTESIAN_POINT('',(3.0232421875,2.09560546875));
#8009 = CARTESIAN_POINT('',(2.862646484375,1.8822265625));
#8010 = ( GEOMETRIC_REPRESENTATION_CONTEXT(2) 
PARAMETRIC_REPRESENTATION_CONTEXT() REPRESENTATION_CONTEXT('2D SPACE',''
  ) );
#8011 = ORIENTED_EDGE('',*,*,#8012,.T.);
#8012 = EDGE_CURVE('',#7990,#4969,#8013,.T.);
#8013 = SURFACE_CURVE('',#8014,(#8018,#8025),.PCURVE_S1.);
#8014 = LINE('',#8015,#8016);
#8015 = CARTESIAN_POINT('',(8.052197265625,-7.564453125,94.));
#8016 = VECTOR('',#8017,1.);
#8017 = DIRECTION('',(0.,0.,1.));
#8018 = PCURVE('',#5061,#8019);
#8019 = DEFINITIONAL_REPRESENTATION('',(#8020),#8024);
#8020 = LINE('',#8021,#8022);
#8021 = CARTESIAN_POINT('',(0.,0.));
#8022 = VECTOR('',#8023,1.);
#8023 = DIRECTION('',(0.,-1.));
#8024 = ( GEOMETRIC_REPRESENTATION_CONTEXT(2) 
PARAMETRIC_REPRESENTATION_CONTEXT() REPRESENTATION_CONTEXT('2D SPACE',''
  ) );
#8025 = PCURVE('',#5006,#8026);
#8026 = DEFINITIONAL_REPRESENTATION('',(#8027),#8031);
#8027 = LINE('',#8028,#8029);
#8028 = CARTESIAN_POINT('',(1.,0.));
#8029 = VECTOR('',#8030,1.);
#8030 = DIRECTION('',(0.,-1.));
#8031 = ( GEOMETRIC_REPRESENTATION_CONTEXT(2) 
PARAMETRIC_REPRESENTATION_CONTEXT() REPRESENTATION_CONTEXT('2D SPACE',''
  ) );
#8032 = ORIENTED_EDGE('',*,*,#5031,.F.);
#8033 = ORIENTED_EDGE('',*,*,#7963,.F.);
#8034 = ADVANCED_FACE('',(#8035),#5006,.F.);
#8035 = FACE_BOUND('',#8036,.F.);
#8036 = EDGE_LOOP('',(#8037,#8060,#8081,#8082));
#8037 = ORIENTED_EDGE('',*,*,#8038,.F.);
#8038 = EDGE_CURVE('',#8039,#7990,#8041,.T.);
#8039 = VERTEX_POINT('',#8040);
#8040 = CARTESIAN_POINT('',(7.743359375,-6.86142578125,94.));
#8041 = SURFACE_CURVE('',#8042,(#8046,#8053),.PCURVE_S1.);
#8042 = B_SPLINE_CURVE_WITH_KNOTS('',2,(#8043,#8044,#8045),
  .UNSPECIFIED.,.F.,.F.,(3,3),(0.,1.),.PIECEWISE_BEZIER_KNOTS.);
#8043 = CARTESIAN_POINT('',(7.743359375,-6.86142578125,94.));
#8044 = CARTESIAN_POINT('',(8.052197265625,-7.0837890625,94.));
#8045 = CARTESIAN_POINT('',(8.052197265625,-7.564453125,94.));
#8046 = PCURVE('',#5006,#8047);
#8047 = DEFINITIONAL_REPRESENTATION('',(#8048),#8052);
#8048 = LINE('',#8049,#8050);
#8049 = CARTESIAN_POINT('',(0.,0.));
#8050 = VECTOR('',#8051,1.);
#8051 = DIRECTION('',(1.,0.));
#8052 = ( GEOMETRIC_REPRESENTATION_CONTEXT(2) 
PARAMETRIC_REPRESENTATION_CONTEXT() REPRESENTATION_CONTEXT('2D SPACE',''
  ) );
#8053 = PCURVE('',#7684,#8054);
#8054 = DEFINITIONAL_REPRESENTATION('',(#8055),#8059);
#8055 = B_SPLINE_CURVE_WITH_KNOTS('',2,(#8056,#8057,#8058),
  .UNSPECIFIED.,.F.,.F.,(3,3),(0.,1.),.PIECEWISE_BEZIER_KNOTS.);
#8056 = CARTESIAN_POINT('',(2.714404296875,3.1310546875));
#8057 = CARTESIAN_POINT('',(3.0232421875,2.90869140625));
#8058 = CARTESIAN_POINT('',(3.0232421875,2.42802734375));
#8059 = ( GEOMETRIC_REPRESENTATION_CONTEXT(2) 
PARAMETRIC_REPRESENTATION_CONTEXT() REPRESENTATION_CONTEXT('2D SPACE',''
  ) );
#8060 = ORIENTED_EDGE('',*,*,#8061,.T.);
#8061 = EDGE_CURVE('',#8039,#4912,#8062,.T.);
#8062 = SURFACE_CURVE('',#8063,(#8067,#8074),.PCURVE_S1.);
#8063 = LINE('',#8064,#8065);
#8064 = CARTESIAN_POINT('',(7.743359375,-6.86142578125,94.));
#8065 = VECTOR('',#8066,1.);
#8066 = DIRECTION('',(0.,0.,1.));
#8067 = PCURVE('',#5006,#8068);
#8068 = DEFINITIONAL_REPRESENTATION('',(#8069),#8073);
#8069 = LINE('',#8070,#8071);
#8070 = CARTESIAN_POINT('',(0.,0.));
#8071 = VECTOR('',#8072,1.);
#8072 = DIRECTION('',(0.,-1.));
#8073 = ( GEOMETRIC_REPRESENTATION_CONTEXT(2) 
PARAMETRIC_REPRESENTATION_CONTEXT() REPRESENTATION_CONTEXT('2D SPACE',''
  ) );
#8074 = PCURVE('',#4945,#8075);
#8075 = DEFINITIONAL_REPRESENTATION('',(#8076),#8080);
#8076 = LINE('',#8077,#8078);
#8077 = CARTESIAN_POINT('',(1.,0.));
#8078 = VECTOR('',#8079,1.);
#8079 = DIRECTION('',(0.,-1.));
#8080 = ( GEOMETRIC_REPRESENTATION_CONTEXT(2) 
PARAMETRIC_REPRESENTATION_CONTEXT() REPRESENTATION_CONTEXT('2D SPACE',''
  ) );
#8081 = ORIENTED_EDGE('',*,*,#4968,.F.);
#8082 = ORIENTED_EDGE('',*,*,#8012,.F.);
#8083 = ADVANCED_FACE('',(#8084),#4945,.F.);
#8084 = FACE_BOUND('',#8085,.F.);
#8085 = EDGE_LOOP('',(#8086,#8109,#8130,#8131));
#8086 = ORIENTED_EDGE('',*,*,#8087,.F.);
#8087 = EDGE_CURVE('',#8088,#8039,#8090,.T.);
#8088 = VERTEX_POINT('',#8089);
#8089 = CARTESIAN_POINT('',(6.771923828125,-6.6390625,94.));
#8090 = SURFACE_CURVE('',#8091,(#8095,#8102),.PCURVE_S1.);
#8091 = B_SPLINE_CURVE_WITH_KNOTS('',2,(#8092,#8093,#8094),
  .UNSPECIFIED.,.F.,.F.,(3,3),(0.,1.),.PIECEWISE_BEZIER_KNOTS.);
#8092 = CARTESIAN_POINT('',(6.771923828125,-6.6390625,94.));
#8093 = CARTESIAN_POINT('',(7.434521484375,-6.6390625,94.));
#8094 = CARTESIAN_POINT('',(7.743359375,-6.86142578125,94.));
#8095 = PCURVE('',#4945,#8096);
#8096 = DEFINITIONAL_REPRESENTATION('',(#8097),#8101);
#8097 = LINE('',#8098,#8099);
#8098 = CARTESIAN_POINT('',(0.,0.));
#8099 = VECTOR('',#8100,1.);
#8100 = DIRECTION('',(1.,0.));
#8101 = ( GEOMETRIC_REPRESENTATION_CONTEXT(2) 
PARAMETRIC_REPRESENTATION_CONTEXT() REPRESENTATION_CONTEXT('2D SPACE',''
  ) );
#8102 = PCURVE('',#7684,#8103);
#8103 = DEFINITIONAL_REPRESENTATION('',(#8104),#8108);
#8104 = B_SPLINE_CURVE_WITH_KNOTS('',2,(#8105,#8106,#8107),
  .UNSPECIFIED.,.F.,.F.,(3,3),(0.,1.),.PIECEWISE_BEZIER_KNOTS.);
#8105 = CARTESIAN_POINT('',(1.74296875,3.35341796875));
#8106 = CARTESIAN_POINT('',(2.40556640625,3.35341796875));
#8107 = CARTESIAN_POINT('',(2.714404296875,3.1310546875));
#8108 = ( GEOMETRIC_REPRESENTATION_CONTEXT(2) 
PARAMETRIC_REPRESENTATION_CONTEXT() REPRESENTATION_CONTEXT('2D SPACE',''
  ) );
#8109 = ORIENTED_EDGE('',*,*,#8110,.T.);
#8110 = EDGE_CURVE('',#8088,#4886,#8111,.T.);
#8111 = SURFACE_CURVE('',#8112,(#8116,#8123),.PCURVE_S1.);
#8112 = LINE('',#8113,#8114);
#8113 = CARTESIAN_POINT('',(6.771923828125,-6.6390625,94.));
#8114 = VECTOR('',#8115,1.);
#8115 = DIRECTION('',(0.,0.,1.));
#8116 = PCURVE('',#4945,#8117);
#8117 = DEFINITIONAL_REPRESENTATION('',(#8118),#8122);
#8118 = LINE('',#8119,#8120);
#8119 = CARTESIAN_POINT('',(0.,0.));
#8120 = VECTOR('',#8121,1.);
#8121 = DIRECTION('',(0.,-1.));
#8122 = ( GEOMETRIC_REPRESENTATION_CONTEXT(2) 
PARAMETRIC_REPRESENTATION_CONTEXT() REPRESENTATION_CONTEXT('2D SPACE',''
  ) );
#8123 = PCURVE('',#4900,#8124);
#8124 = DEFINITIONAL_REPRESENTATION('',(#8125),#8129);
#8125 = LINE('',#8126,#8127);
#8126 = CARTESIAN_POINT('',(1.320703125,0.));
#8127 = VECTOR('',#8128,1.);
#8128 = DIRECTION('',(0.,-1.));
#8129 = ( GEOMETRIC_REPRESENTATION_CONTEXT(2) 
PARAMETRIC_REPRESENTATION_CONTEXT() REPRESENTATION_CONTEXT('2D SPACE',''
  ) );
#8130 = ORIENTED_EDGE('',*,*,#4911,.F.);
#8131 = ORIENTED_EDGE('',*,*,#8061,.F.);
#8132 = ADVANCED_FACE('',(#8133),#4900,.F.);
#8133 = FACE_BOUND('',#8134,.F.);
#8134 = EDGE_LOOP('',(#8135,#8158,#8179,#8180));
#8135 = ORIENTED_EDGE('',*,*,#8136,.F.);
#8136 = EDGE_CURVE('',#8137,#8088,#8139,.T.);
#8137 = VERTEX_POINT('',#8138);
#8138 = CARTESIAN_POINT('',(5.451220703125,-6.6390625,94.));
#8139 = SURFACE_CURVE('',#8140,(#8144,#8151),.PCURVE_S1.);
#8140 = LINE('',#8141,#8142);
#8141 = CARTESIAN_POINT('',(5.451220703125,-6.6390625,94.));
#8142 = VECTOR('',#8143,1.);
#8143 = DIRECTION('',(1.,0.,0.));
#8144 = PCURVE('',#4900,#8145);
#8145 = DEFINITIONAL_REPRESENTATION('',(#8146),#8150);
#8146 = LINE('',#8147,#8148);
#8147 = CARTESIAN_POINT('',(0.,0.));
#8148 = VECTOR('',#8149,1.);
#8149 = DIRECTION('',(1.,0.));
#8150 = ( GEOMETRIC_REPRESENTATION_CONTEXT(2) 
PARAMETRIC_REPRESENTATION_CONTEXT() REPRESENTATION_CONTEXT('2D SPACE',''
  ) );
#8151 = PCURVE('',#7684,#8152);
#8152 = DEFINITIONAL_REPRESENTATION('',(#8153),#8157);
#8153 = LINE('',#8154,#8155);
#8154 = CARTESIAN_POINT('',(0.422265625,3.35341796875));
#8155 = VECTOR('',#8156,1.);
#8156 = DIRECTION('',(1.,0.));
#8157 = ( GEOMETRIC_REPRESENTATION_CONTEXT(2) 
PARAMETRIC_REPRESENTATION_CONTEXT() REPRESENTATION_CONTEXT('2D SPACE',''
  ) );
#8158 = ORIENTED_EDGE('',*,*,#8159,.T.);
#8159 = EDGE_CURVE('',#8137,#4860,#8160,.T.);
#8160 = SURFACE_CURVE('',#8161,(#8165,#8172),.PCURVE_S1.);
#8161 = LINE('',#8162,#8163);
#8162 = CARTESIAN_POINT('',(5.451220703125,-6.6390625,94.));
#8163 = VECTOR('',#8164,1.);
#8164 = DIRECTION('',(0.,0.,1.));
#8165 = PCURVE('',#4900,#8166);
#8166 = DEFINITIONAL_REPRESENTATION('',(#8167),#8171);
#8167 = LINE('',#8168,#8169);
#8168 = CARTESIAN_POINT('',(0.,0.));
#8169 = VECTOR('',#8170,1.);
#8170 = DIRECTION('',(0.,-1.));
#8171 = ( GEOMETRIC_REPRESENTATION_CONTEXT(2) 
PARAMETRIC_REPRESENTATION_CONTEXT() REPRESENTATION_CONTEXT('2D SPACE',''
  ) );
#8172 = PCURVE('',#4874,#8173);
#8173 = DEFINITIONAL_REPRESENTATION('',(#8174),#8178);
#8174 = LINE('',#8175,#8176);
#8175 = CARTESIAN_POINT('',(3.35341796875,0.));
#8176 = VECTOR('',#8177,1.);
#8177 = DIRECTION('',(0.,-1.));
#8178 = ( GEOMETRIC_REPRESENTATION_CONTEXT(2) 
PARAMETRIC_REPRESENTATION_CONTEXT() REPRESENTATION_CONTEXT('2D SPACE',''
  ) );
#8179 = ORIENTED_EDGE('',*,*,#4885,.F.);
#8180 = ORIENTED_EDGE('',*,*,#8110,.F.);
#8181 = ADVANCED_FACE('',(#8182),#4874,.F.);
#8182 = FACE_BOUND('',#8183,.F.);
#8183 = EDGE_LOOP('',(#8184,#8207,#8228,#8229));
#8184 = ORIENTED_EDGE('',*,*,#8185,.F.);
#8185 = EDGE_CURVE('',#8186,#8137,#8188,.T.);
#8186 = VERTEX_POINT('',#8187);
#8187 = CARTESIAN_POINT('',(5.451220703125,-9.99248046875,94.));
#8188 = SURFACE_CURVE('',#8189,(#8193,#8200),.PCURVE_S1.);
#8189 = LINE('',#8190,#8191);
#8190 = CARTESIAN_POINT('',(5.451220703125,-9.99248046875,94.));
#8191 = VECTOR('',#8192,1.);
#8192 = DIRECTION('',(0.,1.,0.));
#8193 = PCURVE('',#4874,#8194);
#8194 = DEFINITIONAL_REPRESENTATION('',(#8195),#8199);
#8195 = LINE('',#8196,#8197);
#8196 = CARTESIAN_POINT('',(0.,0.));
#8197 = VECTOR('',#8198,1.);
#8198 = DIRECTION('',(1.,0.));
#8199 = ( GEOMETRIC_REPRESENTATION_CONTEXT(2) 
PARAMETRIC_REPRESENTATION_CONTEXT() REPRESENTATION_CONTEXT('2D SPACE',''
  ) );
#8200 = PCURVE('',#7684,#8201);
#8201 = DEFINITIONAL_REPRESENTATION('',(#8202),#8206);
#8202 = LINE('',#8203,#8204);
#8203 = CARTESIAN_POINT('',(0.422265625,0.));
#8204 = VECTOR('',#8205,1.);
#8205 = DIRECTION('',(0.,1.));
#8206 = ( GEOMETRIC_REPRESENTATION_CONTEXT(2) 
PARAMETRIC_REPRESENTATION_CONTEXT() REPRESENTATION_CONTEXT('2D SPACE',''
  ) );
#8207 = ORIENTED_EDGE('',*,*,#8208,.T.);
#8208 = EDGE_CURVE('',#8186,#4834,#8209,.T.);
#8209 = SURFACE_CURVE('',#8210,(#8214,#8221),.PCURVE_S1.);
#8210 = LINE('',#8211,#8212);
#8211 = CARTESIAN_POINT('',(5.451220703125,-9.99248046875,94.));
#8212 = VECTOR('',#8213,1.);
#8213 = DIRECTION('',(0.,0.,1.));
#8214 = PCURVE('',#4874,#8215);
#8215 = DEFINITIONAL_REPRESENTATION('',(#8216),#8220);
#8216 = LINE('',#8217,#8218);
#8217 = CARTESIAN_POINT('',(0.,0.));
#8218 = VECTOR('',#8219,1.);
#8219 = DIRECTION('',(0.,-1.));
#8220 = ( GEOMETRIC_REPRESENTATION_CONTEXT(2) 
PARAMETRIC_REPRESENTATION_CONTEXT() REPRESENTATION_CONTEXT('2D SPACE',''
  ) );
#8221 = PCURVE('',#4848,#8222);
#8222 = DEFINITIONAL_REPRESENTATION('',(#8223),#8227);
#8223 = LINE('',#8224,#8225);
#8224 = CARTESIAN_POINT('',(0.86474609375,0.));
#8225 = VECTOR('',#8226,1.);
#8226 = DIRECTION('',(0.,-1.));
#8227 = ( GEOMETRIC_REPRESENTATION_CONTEXT(2) 
PARAMETRIC_REPRESENTATION_CONTEXT() REPRESENTATION_CONTEXT('2D SPACE',''
  ) );
#8228 = ORIENTED_EDGE('',*,*,#4859,.F.);
#8229 = ORIENTED_EDGE('',*,*,#8159,.F.);
#8230 = ADVANCED_FACE('',(#8231),#4848,.F.);
#8231 = FACE_BOUND('',#8232,.F.);
#8232 = EDGE_LOOP('',(#8233,#8256,#8277,#8278));
#8233 = ORIENTED_EDGE('',*,*,#8234,.F.);
#8234 = EDGE_CURVE('',#8235,#8186,#8237,.T.);
#8235 = VERTEX_POINT('',#8236);
#8236 = CARTESIAN_POINT('',(6.315966796875,-9.99248046875,94.));
#8237 = SURFACE_CURVE('',#8238,(#8242,#8249),.PCURVE_S1.);
#8238 = LINE('',#8239,#8240);
#8239 = CARTESIAN_POINT('',(6.315966796875,-9.99248046875,94.));
#8240 = VECTOR('',#8241,1.);
#8241 = DIRECTION('',(-1.,0.,0.));
#8242 = PCURVE('',#4848,#8243);
#8243 = DEFINITIONAL_REPRESENTATION('',(#8244),#8248);
#8244 = LINE('',#8245,#8246);
#8245 = CARTESIAN_POINT('',(0.,-0.));
#8246 = VECTOR('',#8247,1.);
#8247 = DIRECTION('',(1.,0.));
#8248 = ( GEOMETRIC_REPRESENTATION_CONTEXT(2) 
PARAMETRIC_REPRESENTATION_CONTEXT() REPRESENTATION_CONTEXT('2D SPACE',''
  ) );
#8249 = PCURVE('',#7684,#8250);
#8250 = DEFINITIONAL_REPRESENTATION('',(#8251),#8255);
#8251 = LINE('',#8252,#8253);
#8252 = CARTESIAN_POINT('',(1.28701171875,0.));
#8253 = VECTOR('',#8254,1.);
#8254 = DIRECTION('',(-1.,0.));
#8255 = ( GEOMETRIC_REPRESENTATION_CONTEXT(2) 
PARAMETRIC_REPRESENTATION_CONTEXT() REPRESENTATION_CONTEXT('2D SPACE',''
  ) );
#8256 = ORIENTED_EDGE('',*,*,#8257,.T.);
#8257 = EDGE_CURVE('',#8235,#4808,#8258,.T.);
#8258 = SURFACE_CURVE('',#8259,(#8263,#8270),.PCURVE_S1.);
#8259 = LINE('',#8260,#8261);
#8260 = CARTESIAN_POINT('',(6.315966796875,-9.99248046875,94.));
#8261 = VECTOR('',#8262,1.);
#8262 = DIRECTION('',(0.,0.,1.));
#8263 = PCURVE('',#4848,#8264);
#8264 = DEFINITIONAL_REPRESENTATION('',(#8265),#8269);
#8265 = LINE('',#8266,#8267);
#8266 = CARTESIAN_POINT('',(0.,-0.));
#8267 = VECTOR('',#8268,1.);
#8268 = DIRECTION('',(0.,-1.));
#8269 = ( GEOMETRIC_REPRESENTATION_CONTEXT(2) 
PARAMETRIC_REPRESENTATION_CONTEXT() REPRESENTATION_CONTEXT('2D SPACE',''
  ) );
#8270 = PCURVE('',#4822,#8271);
#8271 = DEFINITIONAL_REPRESENTATION('',(#8272),#8276);
#8272 = LINE('',#8273,#8274);
#8273 = CARTESIAN_POINT('',(1.26904296875,0.));
#8274 = VECTOR('',#8275,1.);
#8275 = DIRECTION('',(0.,-1.));
#8276 = ( GEOMETRIC_REPRESENTATION_CONTEXT(2) 
PARAMETRIC_REPRESENTATION_CONTEXT() REPRESENTATION_CONTEXT('2D SPACE',''
  ) );
#8277 = ORIENTED_EDGE('',*,*,#4833,.F.);
#8278 = ORIENTED_EDGE('',*,*,#8208,.F.);
#8279 = ADVANCED_FACE('',(#8280),#4822,.F.);
#8280 = FACE_BOUND('',#8281,.F.);
#8281 = EDGE_LOOP('',(#8282,#8305,#8326,#8327));
#8282 = ORIENTED_EDGE('',*,*,#8283,.F.);
#8283 = EDGE_CURVE('',#8284,#8235,#8286,.T.);
#8284 = VERTEX_POINT('',#8285);
#8285 = CARTESIAN_POINT('',(6.315966796875,-8.7234375,94.));
#8286 = SURFACE_CURVE('',#8287,(#8291,#8298),.PCURVE_S1.);
#8287 = LINE('',#8288,#8289);
#8288 = CARTESIAN_POINT('',(6.315966796875,-8.7234375,94.));
#8289 = VECTOR('',#8290,1.);
#8290 = DIRECTION('',(0.,-1.,0.));
#8291 = PCURVE('',#4822,#8292);
#8292 = DEFINITIONAL_REPRESENTATION('',(#8293),#8297);
#8293 = LINE('',#8294,#8295);
#8294 = CARTESIAN_POINT('',(0.,0.));
#8295 = VECTOR('',#8296,1.);
#8296 = DIRECTION('',(1.,0.));
#8297 = ( GEOMETRIC_REPRESENTATION_CONTEXT(2) 
PARAMETRIC_REPRESENTATION_CONTEXT() REPRESENTATION_CONTEXT('2D SPACE',''
  ) );
#8298 = PCURVE('',#7684,#8299);
#8299 = DEFINITIONAL_REPRESENTATION('',(#8300),#8304);
#8300 = LINE('',#8301,#8302);
#8301 = CARTESIAN_POINT('',(1.28701171875,1.26904296875));
#8302 = VECTOR('',#8303,1.);
#8303 = DIRECTION('',(0.,-1.));
#8304 = ( GEOMETRIC_REPRESENTATION_CONTEXT(2) 
PARAMETRIC_REPRESENTATION_CONTEXT() REPRESENTATION_CONTEXT('2D SPACE',''
  ) );
#8305 = ORIENTED_EDGE('',*,*,#8306,.T.);
#8306 = EDGE_CURVE('',#8284,#4782,#8307,.T.);
#8307 = SURFACE_CURVE('',#8308,(#8312,#8319),.PCURVE_S1.);
#8308 = LINE('',#8309,#8310);
#8309 = CARTESIAN_POINT('',(6.315966796875,-8.7234375,94.));
#8310 = VECTOR('',#8311,1.);
#8311 = DIRECTION('',(0.,0.,1.));
#8312 = PCURVE('',#4822,#8313);
#8313 = DEFINITIONAL_REPRESENTATION('',(#8314),#8318);
#8314 = LINE('',#8315,#8316);
#8315 = CARTESIAN_POINT('',(0.,0.));
#8316 = VECTOR('',#8317,1.);
#8317 = DIRECTION('',(0.,-1.));
#8318 = ( GEOMETRIC_REPRESENTATION_CONTEXT(2) 
PARAMETRIC_REPRESENTATION_CONTEXT() REPRESENTATION_CONTEXT('2D SPACE',''
  ) );
#8319 = PCURVE('',#4796,#8320);
#8320 = DEFINITIONAL_REPRESENTATION('',(#8321),#8325);
#8321 = LINE('',#8322,#8323);
#8322 = CARTESIAN_POINT('',(0.24482421875,0.));
#8323 = VECTOR('',#8324,1.);
#8324 = DIRECTION('',(0.,-1.));
#8325 = ( GEOMETRIC_REPRESENTATION_CONTEXT(2) 
PARAMETRIC_REPRESENTATION_CONTEXT() REPRESENTATION_CONTEXT('2D SPACE',''
  ) );
#8326 = ORIENTED_EDGE('',*,*,#4807,.F.);
#8327 = ORIENTED_EDGE('',*,*,#8257,.F.);
#8328 = ADVANCED_FACE('',(#8329),#4796,.F.);
#8329 = FACE_BOUND('',#8330,.F.);
#8330 = EDGE_LOOP('',(#8331,#8354,#8375,#8376));
#8331 = ORIENTED_EDGE('',*,*,#8332,.F.);
#8332 = EDGE_CURVE('',#8333,#8284,#8335,.T.);
#8333 = VERTEX_POINT('',#8334);
#8334 = CARTESIAN_POINT('',(6.560791015625,-8.7234375,94.));
#8335 = SURFACE_CURVE('',#8336,(#8340,#8347),.PCURVE_S1.);
#8336 = LINE('',#8337,#8338);
#8337 = CARTESIAN_POINT('',(6.560791015625,-8.7234375,94.));
#8338 = VECTOR('',#8339,1.);
#8339 = DIRECTION('',(-1.,0.,0.));
#8340 = PCURVE('',#4796,#8341);
#8341 = DEFINITIONAL_REPRESENTATION('',(#8342),#8346);
#8342 = LINE('',#8343,#8344);
#8343 = CARTESIAN_POINT('',(0.,-0.));
#8344 = VECTOR('',#8345,1.);
#8345 = DIRECTION('',(1.,0.));
#8346 = ( GEOMETRIC_REPRESENTATION_CONTEXT(2) 
PARAMETRIC_REPRESENTATION_CONTEXT() REPRESENTATION_CONTEXT('2D SPACE',''
  ) );
#8347 = PCURVE('',#7684,#8348);
#8348 = DEFINITIONAL_REPRESENTATION('',(#8349),#8353);
#8349 = LINE('',#8350,#8351);
#8350 = CARTESIAN_POINT('',(1.5318359375,1.26904296875));
#8351 = VECTOR('',#8352,1.);
#8352 = DIRECTION('',(-1.,0.));
#8353 = ( GEOMETRIC_REPRESENTATION_CONTEXT(2) 
PARAMETRIC_REPRESENTATION_CONTEXT() REPRESENTATION_CONTEXT('2D SPACE',''
  ) );
#8354 = ORIENTED_EDGE('',*,*,#8355,.T.);
#8355 = EDGE_CURVE('',#8333,#4743,#8356,.T.);
#8356 = SURFACE_CURVE('',#8357,(#8361,#8368),.PCURVE_S1.);
#8357 = LINE('',#8358,#8359);
#8358 = CARTESIAN_POINT('',(6.560791015625,-8.7234375,94.));
#8359 = VECTOR('',#8360,1.);
#8360 = DIRECTION('',(0.,0.,1.));
#8361 = PCURVE('',#4796,#8362);
#8362 = DEFINITIONAL_REPRESENTATION('',(#8363),#8367);
#8363 = LINE('',#8364,#8365);
#8364 = CARTESIAN_POINT('',(0.,-0.));
#8365 = VECTOR('',#8366,1.);
#8366 = DIRECTION('',(0.,-1.));
#8367 = ( GEOMETRIC_REPRESENTATION_CONTEXT(2) 
PARAMETRIC_REPRESENTATION_CONTEXT() REPRESENTATION_CONTEXT('2D SPACE',''
  ) );
#8368 = PCURVE('',#4764,#8369);
#8369 = DEFINITIONAL_REPRESENTATION('',(#8370),#8374);
#8370 = LINE('',#8371,#8372);
#8371 = CARTESIAN_POINT('',(1.,0.));
#8372 = VECTOR('',#8373,1.);
#8373 = DIRECTION('',(0.,-1.));
#8374 = ( GEOMETRIC_REPRESENTATION_CONTEXT(2) 
PARAMETRIC_REPRESENTATION_CONTEXT() REPRESENTATION_CONTEXT('2D SPACE',''
  ) );
#8375 = ORIENTED_EDGE('',*,*,#4781,.F.);
#8376 = ORIENTED_EDGE('',*,*,#8306,.F.);
#8377 = ADVANCED_FACE('',(#8378),#4764,.F.);
#8378 = FACE_BOUND('',#8379,.F.);
#8379 = EDGE_LOOP('',(#8380,#8403,#8424,#8425));
#8380 = ORIENTED_EDGE('',*,*,#8381,.F.);
#8381 = EDGE_CURVE('',#8382,#8333,#8384,.T.);
#8382 = VERTEX_POINT('',#8383);
#8383 = CARTESIAN_POINT('',(6.898828125,-8.81552734375,94.));
#8384 = SURFACE_CURVE('',#8385,(#8389,#8396),.PCURVE_S1.);
#8385 = B_SPLINE_CURVE_WITH_KNOTS('',2,(#8386,#8387,#8388),
  .UNSPECIFIED.,.F.,.F.,(3,3),(0.,1.),.PIECEWISE_BEZIER_KNOTS.);
#8386 = CARTESIAN_POINT('',(6.898828125,-8.81552734375,94.));
#8387 = CARTESIAN_POINT('',(6.771923828125,-8.7234375,94.));
#8388 = CARTESIAN_POINT('',(6.560791015625,-8.7234375,94.));
#8389 = PCURVE('',#4764,#8390);
#8390 = DEFINITIONAL_REPRESENTATION('',(#8391),#8395);
#8391 = LINE('',#8392,#8393);
#8392 = CARTESIAN_POINT('',(0.,0.));
#8393 = VECTOR('',#8394,1.);
#8394 = DIRECTION('',(1.,0.));
#8395 = ( GEOMETRIC_REPRESENTATION_CONTEXT(2) 
PARAMETRIC_REPRESENTATION_CONTEXT() REPRESENTATION_CONTEXT('2D SPACE',''
  ) );
#8396 = PCURVE('',#7684,#8397);
#8397 = DEFINITIONAL_REPRESENTATION('',(#8398),#8402);
#8398 = B_SPLINE_CURVE_WITH_KNOTS('',2,(#8399,#8400,#8401),
  .UNSPECIFIED.,.F.,.F.,(3,3),(0.,1.),.PIECEWISE_BEZIER_KNOTS.);
#8399 = CARTESIAN_POINT('',(1.869873046875,1.176953125));
#8400 = CARTESIAN_POINT('',(1.74296875,1.26904296875));
#8401 = CARTESIAN_POINT('',(1.5318359375,1.26904296875));
#8402 = ( GEOMETRIC_REPRESENTATION_CONTEXT(2) 
PARAMETRIC_REPRESENTATION_CONTEXT() REPRESENTATION_CONTEXT('2D SPACE',''
  ) );
#8403 = ORIENTED_EDGE('',*,*,#8404,.T.);
#8404 = EDGE_CURVE('',#8382,#4701,#8405,.T.);
#8405 = SURFACE_CURVE('',#8406,(#8410,#8417),.PCURVE_S1.);
#8406 = LINE('',#8407,#8408);
#8407 = CARTESIAN_POINT('',(6.898828125,-8.81552734375,94.));
#8408 = VECTOR('',#8409,1.);
#8409 = DIRECTION('',(0.,0.,1.));
#8410 = PCURVE('',#4764,#8411);
#8411 = DEFINITIONAL_REPRESENTATION('',(#8412),#8416);
#8412 = LINE('',#8413,#8414);
#8413 = CARTESIAN_POINT('',(0.,0.));
#8414 = VECTOR('',#8415,1.);
#8415 = DIRECTION('',(0.,-1.));
#8416 = ( GEOMETRIC_REPRESENTATION_CONTEXT(2) 
PARAMETRIC_REPRESENTATION_CONTEXT() REPRESENTATION_CONTEXT('2D SPACE',''
  ) );
#8417 = PCURVE('',#4724,#8418);
#8418 = DEFINITIONAL_REPRESENTATION('',(#8419),#8423);
#8419 = LINE('',#8420,#8421);
#8420 = CARTESIAN_POINT('',(1.,0.));
#8421 = VECTOR('',#8422,1.);
#8422 = DIRECTION('',(0.,-1.));
#8423 = ( GEOMETRIC_REPRESENTATION_CONTEXT(2) 
PARAMETRIC_REPRESENTATION_CONTEXT() REPRESENTATION_CONTEXT('2D SPACE',''
  ) );
#8424 = ORIENTED_EDGE('',*,*,#4742,.F.);
#8425 = ORIENTED_EDGE('',*,*,#8355,.F.);
#8426 = ADVANCED_FACE('',(#8427),#4724,.F.);
#8427 = FACE_BOUND('',#8428,.F.);
#8428 = EDGE_LOOP('',(#8429,#8450,#8451,#8452));
#8429 = ORIENTED_EDGE('',*,*,#8430,.F.);
#8430 = EDGE_CURVE('',#7669,#8382,#8431,.T.);
#8431 = SURFACE_CURVE('',#8432,(#8436,#8443),.PCURVE_S1.);
#8432 = B_SPLINE_CURVE_WITH_KNOTS('',2,(#8433,#8434,#8435),
  .UNSPECIFIED.,.F.,.F.,(3,3),(0.,1.),.PIECEWISE_BEZIER_KNOTS.);
#8433 = CARTESIAN_POINT('',(7.149267578125,-9.1591796875,94.));
#8434 = CARTESIAN_POINT('',(7.025732421875,-8.9076171875,94.));
#8435 = CARTESIAN_POINT('',(6.898828125,-8.81552734375,94.));
#8436 = PCURVE('',#4724,#8437);
#8437 = DEFINITIONAL_REPRESENTATION('',(#8438),#8442);
#8438 = LINE('',#8439,#8440);
#8439 = CARTESIAN_POINT('',(0.,0.));
#8440 = VECTOR('',#8441,1.);
#8441 = DIRECTION('',(1.,0.));
#8442 = ( GEOMETRIC_REPRESENTATION_CONTEXT(2) 
PARAMETRIC_REPRESENTATION_CONTEXT() REPRESENTATION_CONTEXT('2D SPACE',''
  ) );
#8443 = PCURVE('',#7684,#8444);
#8444 = DEFINITIONAL_REPRESENTATION('',(#8445),#8449);
#8445 = B_SPLINE_CURVE_WITH_KNOTS('',2,(#8446,#8447,#8448),
  .UNSPECIFIED.,.F.,.F.,(3,3),(0.,1.),.PIECEWISE_BEZIER_KNOTS.);
#8446 = CARTESIAN_POINT('',(2.1203125,0.83330078125));
#8447 = CARTESIAN_POINT('',(1.99677734375,1.08486328125));
#8448 = CARTESIAN_POINT('',(1.869873046875,1.176953125));
#8449 = ( GEOMETRIC_REPRESENTATION_CONTEXT(2) 
PARAMETRIC_REPRESENTATION_CONTEXT() REPRESENTATION_CONTEXT('2D SPACE',''
  ) );
#8450 = ORIENTED_EDGE('',*,*,#7719,.T.);
#8451 = ORIENTED_EDGE('',*,*,#4700,.F.);
#8452 = ORIENTED_EDGE('',*,*,#8404,.F.);
#8453 = ADVANCED_FACE('',(#8454),#4648,.F.);
#8454 = FACE_BOUND('',#8455,.F.);
#8455 = EDGE_LOOP('',(#8456,#8479,#8500,#8501));
#8456 = ORIENTED_EDGE('',*,*,#8457,.F.);
#8457 = EDGE_CURVE('',#8458,#7617,#8460,.T.);
#8458 = VERTEX_POINT('',#8459);
#8459 = CARTESIAN_POINT('',(-5.599462890625,-9.3568359375,94.));
#8460 = SURFACE_CURVE('',#8461,(#8465,#8472),.PCURVE_S1.);
#8461 = LINE('',#8462,#8463);
#8462 = CARTESIAN_POINT('',(-5.599462890625,-9.3568359375,94.));
#8463 = VECTOR('',#8464,1.);
#8464 = DIRECTION('',(0.,-1.,0.));
#8465 = PCURVE('',#4648,#8466);
#8466 = DEFINITIONAL_REPRESENTATION('',(#8467),#8471);
#8467 = LINE('',#8468,#8469);
#8468 = CARTESIAN_POINT('',(0.,0.));
#8469 = VECTOR('',#8470,1.);
#8470 = DIRECTION('',(1.,0.));
#8471 = ( GEOMETRIC_REPRESENTATION_CONTEXT(2) 
PARAMETRIC_REPRESENTATION_CONTEXT() REPRESENTATION_CONTEXT('2D SPACE',''
  ) );
#8472 = PCURVE('',#7557,#8473);
#8473 = DEFINITIONAL_REPRESENTATION('',(#8474),#8478);
#8474 = LINE('',#8475,#8476);
#8475 = CARTESIAN_POINT('',(2.80087890625,0.63564453125));
#8476 = VECTOR('',#8477,1.);
#8477 = DIRECTION('',(0.,-1.));
#8478 = ( GEOMETRIC_REPRESENTATION_CONTEXT(2) 
PARAMETRIC_REPRESENTATION_CONTEXT() REPRESENTATION_CONTEXT('2D SPACE',''
  ) );
#8479 = ORIENTED_EDGE('',*,*,#8480,.T.);
#8480 = EDGE_CURVE('',#8458,#4608,#8481,.T.);
#8481 = SURFACE_CURVE('',#8482,(#8486,#8493),.PCURVE_S1.);
#8482 = LINE('',#8483,#8484);
#8483 = CARTESIAN_POINT('',(-5.599462890625,-9.3568359375,94.));
#8484 = VECTOR('',#8485,1.);
#8485 = DIRECTION('',(0.,0.,1.));
#8486 = PCURVE('',#4648,#8487);
#8487 = DEFINITIONAL_REPRESENTATION('',(#8488),#8492);
#8488 = LINE('',#8489,#8490);
#8489 = CARTESIAN_POINT('',(0.,0.));
#8490 = VECTOR('',#8491,1.);
#8491 = DIRECTION('',(0.,-1.));
#8492 = ( GEOMETRIC_REPRESENTATION_CONTEXT(2) 
PARAMETRIC_REPRESENTATION_CONTEXT() REPRESENTATION_CONTEXT('2D SPACE',''
  ) );
#8493 = PCURVE('',#4622,#8494);
#8494 = DEFINITIONAL_REPRESENTATION('',(#8495),#8499);
#8495 = LINE('',#8496,#8497);
#8496 = CARTESIAN_POINT('',(1.47568359375,0.));
#8497 = VECTOR('',#8498,1.);
#8498 = DIRECTION('',(0.,-1.));
#8499 = ( GEOMETRIC_REPRESENTATION_CONTEXT(2) 
PARAMETRIC_REPRESENTATION_CONTEXT() REPRESENTATION_CONTEXT('2D SPACE',''
  ) );
#8500 = ORIENTED_EDGE('',*,*,#4633,.F.);
#8501 = ORIENTED_EDGE('',*,*,#7639,.F.);
#8502 = ADVANCED_FACE('',(#8503),#4622,.F.);
#8503 = FACE_BOUND('',#8504,.F.);
#8504 = EDGE_LOOP('',(#8505,#8528,#8549,#8550));
#8505 = ORIENTED_EDGE('',*,*,#8506,.F.);
#8506 = EDGE_CURVE('',#8507,#8458,#8509,.T.);
#8507 = VERTEX_POINT('',#8508);
#8508 = CARTESIAN_POINT('',(-7.075146484375,-9.3568359375,94.));
#8509 = SURFACE_CURVE('',#8510,(#8514,#8521),.PCURVE_S1.);
#8510 = LINE('',#8511,#8512);
#8511 = CARTESIAN_POINT('',(-7.075146484375,-9.3568359375,94.));
#8512 = VECTOR('',#8513,1.);
#8513 = DIRECTION('',(1.,0.,0.));
#8514 = PCURVE('',#4622,#8515);
#8515 = DEFINITIONAL_REPRESENTATION('',(#8516),#8520);
#8516 = LINE('',#8517,#8518);
#8517 = CARTESIAN_POINT('',(0.,0.));
#8518 = VECTOR('',#8519,1.);
#8519 = DIRECTION('',(1.,0.));
#8520 = ( GEOMETRIC_REPRESENTATION_CONTEXT(2) 
PARAMETRIC_REPRESENTATION_CONTEXT() REPRESENTATION_CONTEXT('2D SPACE',''
  ) );
#8521 = PCURVE('',#7557,#8522);
#8522 = DEFINITIONAL_REPRESENTATION('',(#8523),#8527);
#8523 = LINE('',#8524,#8525);
#8524 = CARTESIAN_POINT('',(1.3251953125,0.63564453125));
#8525 = VECTOR('',#8526,1.);
#8526 = DIRECTION('',(1.,0.));
#8527 = ( GEOMETRIC_REPRESENTATION_CONTEXT(2) 
PARAMETRIC_REPRESENTATION_CONTEXT() REPRESENTATION_CONTEXT('2D SPACE',''
  ) );
#8528 = ORIENTED_EDGE('',*,*,#8529,.T.);
#8529 = EDGE_CURVE('',#8507,#4582,#8530,.T.);
#8530 = SURFACE_CURVE('',#8531,(#8535,#8542),.PCURVE_S1.);
#8531 = LINE('',#8532,#8533);
#8532 = CARTESIAN_POINT('',(-7.075146484375,-9.3568359375,94.));
#8533 = VECTOR('',#8534,1.);
#8534 = DIRECTION('',(0.,0.,1.));
#8535 = PCURVE('',#4622,#8536);
#8536 = DEFINITIONAL_REPRESENTATION('',(#8537),#8541);
#8537 = LINE('',#8538,#8539);
#8538 = CARTESIAN_POINT('',(0.,0.));
#8539 = VECTOR('',#8540,1.);
#8540 = DIRECTION('',(0.,-1.));
#8541 = ( GEOMETRIC_REPRESENTATION_CONTEXT(2) 
PARAMETRIC_REPRESENTATION_CONTEXT() REPRESENTATION_CONTEXT('2D SPACE',''
  ) );
#8542 = PCURVE('',#4596,#8543);
#8543 = DEFINITIONAL_REPRESENTATION('',(#8544),#8548);
#8544 = LINE('',#8545,#8546);
#8545 = CARTESIAN_POINT('',(0.953362952375,0.));
#8546 = VECTOR('',#8547,1.);
#8547 = DIRECTION('',(0.,-1.));
#8548 = ( GEOMETRIC_REPRESENTATION_CONTEXT(2) 
PARAMETRIC_REPRESENTATION_CONTEXT() REPRESENTATION_CONTEXT('2D SPACE',''
  ) );
#8549 = ORIENTED_EDGE('',*,*,#4607,.F.);
#8550 = ORIENTED_EDGE('',*,*,#8480,.F.);
#8551 = ADVANCED_FACE('',(#8552),#4596,.F.);
#8552 = FACE_BOUND('',#8553,.F.);
#8553 = EDGE_LOOP('',(#8554,#8577,#8598,#8599));
#8554 = ORIENTED_EDGE('',*,*,#8555,.F.);
#8555 = EDGE_CURVE('',#8556,#8507,#8558,.T.);
#8556 = VERTEX_POINT('',#8557);
#8557 = CARTESIAN_POINT('',(-6.358642578125,-8.7279296875,94.));
#8558 = SURFACE_CURVE('',#8559,(#8563,#8570),.PCURVE_S1.);
#8559 = LINE('',#8560,#8561);
#8560 = CARTESIAN_POINT('',(-6.358642578125,-8.7279296875,94.));
#8561 = VECTOR('',#8562,1.);
#8562 = DIRECTION('',(-0.751554174059,-0.659671375349,0.));
#8563 = PCURVE('',#4596,#8564);
#8564 = DEFINITIONAL_REPRESENTATION('',(#8565),#8569);
#8565 = LINE('',#8566,#8567);
#8566 = CARTESIAN_POINT('',(0.,0.));
#8567 = VECTOR('',#8568,1.);
#8568 = DIRECTION('',(1.,0.));
#8569 = ( GEOMETRIC_REPRESENTATION_CONTEXT(2) 
PARAMETRIC_REPRESENTATION_CONTEXT() REPRESENTATION_CONTEXT('2D SPACE',''
  ) );
#8570 = PCURVE('',#7557,#8571);
#8571 = DEFINITIONAL_REPRESENTATION('',(#8572),#8576);
#8572 = LINE('',#8573,#8574);
#8573 = CARTESIAN_POINT('',(2.04169921875,1.26455078125));
#8574 = VECTOR('',#8575,1.);
#8575 = DIRECTION('',(-0.751554174059,-0.659671375349));
#8576 = ( GEOMETRIC_REPRESENTATION_CONTEXT(2) 
PARAMETRIC_REPRESENTATION_CONTEXT() REPRESENTATION_CONTEXT('2D SPACE',''
  ) );
#8577 = ORIENTED_EDGE('',*,*,#8578,.T.);
#8578 = EDGE_CURVE('',#8556,#4537,#8579,.T.);
#8579 = SURFACE_CURVE('',#8580,(#8584,#8591),.PCURVE_S1.);
#8580 = LINE('',#8581,#8582);
#8581 = CARTESIAN_POINT('',(-6.358642578125,-8.7279296875,94.));
#8582 = VECTOR('',#8583,1.);
#8583 = DIRECTION('',(0.,0.,1.));
#8584 = PCURVE('',#4596,#8585);
#8585 = DEFINITIONAL_REPRESENTATION('',(#8586),#8590);
#8586 = LINE('',#8587,#8588);
#8587 = CARTESIAN_POINT('',(0.,0.));
#8588 = VECTOR('',#8589,1.);
#8589 = DIRECTION('',(0.,-1.));
#8590 = ( GEOMETRIC_REPRESENTATION_CONTEXT(2) 
PARAMETRIC_REPRESENTATION_CONTEXT() REPRESENTATION_CONTEXT('2D SPACE',''
  ) );
#8591 = PCURVE('',#4562,#8592);
#8592 = DEFINITIONAL_REPRESENTATION('',(#8593),#8597);
#8593 = LINE('',#8594,#8595);
#8594 = CARTESIAN_POINT('',(1.,0.));
#8595 = VECTOR('',#8596,1.);
#8596 = DIRECTION('',(0.,-1.));
#8597 = ( GEOMETRIC_REPRESENTATION_CONTEXT(2) 
PARAMETRIC_REPRESENTATION_CONTEXT() REPRESENTATION_CONTEXT('2D SPACE',''
  ) );
#8598 = ORIENTED_EDGE('',*,*,#4581,.F.);
#8599 = ORIENTED_EDGE('',*,*,#8529,.F.);
#8600 = ADVANCED_FACE('',(#8601),#4562,.F.);
#8601 = FACE_BOUND('',#8602,.F.);
#8602 = EDGE_LOOP('',(#8603,#8626,#8647,#8648));
#8603 = ORIENTED_EDGE('',*,*,#8604,.F.);
#8604 = EDGE_CURVE('',#8605,#8556,#8607,.T.);
#8605 = VERTEX_POINT('',#8606);
#8606 = CARTESIAN_POINT('',(-5.763427734375,-8.093408203125,94.));
#8607 = SURFACE_CURVE('',#8608,(#8612,#8619),.PCURVE_S1.);
#8608 = B_SPLINE_CURVE_WITH_KNOTS('',2,(#8609,#8610,#8611),
  .UNSPECIFIED.,.F.,.F.,(3,3),(0.,1.),.PIECEWISE_BEZIER_KNOTS.);
#8609 = CARTESIAN_POINT('',(-5.763427734375,-8.093408203125,94.));
#8610 = CARTESIAN_POINT('',(-5.904931640625,-8.33037109375,94.));
#8611 = CARTESIAN_POINT('',(-6.358642578125,-8.7279296875,94.));
#8612 = PCURVE('',#4562,#8613);
#8613 = DEFINITIONAL_REPRESENTATION('',(#8614),#8618);
#8614 = LINE('',#8615,#8616);
#8615 = CARTESIAN_POINT('',(0.,0.));
#8616 = VECTOR('',#8617,1.);
#8617 = DIRECTION('',(1.,0.));
#8618 = ( GEOMETRIC_REPRESENTATION_CONTEXT(2) 
PARAMETRIC_REPRESENTATION_CONTEXT() REPRESENTATION_CONTEXT('2D SPACE',''
  ) );
#8619 = PCURVE('',#7557,#8620);
#8620 = DEFINITIONAL_REPRESENTATION('',(#8621),#8625);
#8621 = B_SPLINE_CURVE_WITH_KNOTS('',2,(#8622,#8623,#8624),
  .UNSPECIFIED.,.F.,.F.,(3,3),(0.,1.),.PIECEWISE_BEZIER_KNOTS.);
#8622 = CARTESIAN_POINT('',(2.6369140625,1.899072265625));
#8623 = CARTESIAN_POINT('',(2.49541015625,1.662109375));
#8624 = CARTESIAN_POINT('',(2.04169921875,1.26455078125));
#8625 = ( GEOMETRIC_REPRESENTATION_CONTEXT(2) 
PARAMETRIC_REPRESENTATION_CONTEXT() REPRESENTATION_CONTEXT('2D SPACE',''
  ) );
#8626 = ORIENTED_EDGE('',*,*,#8627,.T.);
#8627 = EDGE_CURVE('',#8605,#4486,#8628,.T.);
#8628 = SURFACE_CURVE('',#8629,(#8633,#8640),.PCURVE_S1.);
#8629 = LINE('',#8630,#8631);
#8630 = CARTESIAN_POINT('',(-5.763427734375,-8.093408203125,94.));
#8631 = VECTOR('',#8632,1.);
#8632 = DIRECTION('',(0.,0.,1.));
#8633 = PCURVE('',#4562,#8634);
#8634 = DEFINITIONAL_REPRESENTATION('',(#8635),#8639);
#8635 = LINE('',#8636,#8637);
#8636 = CARTESIAN_POINT('',(0.,0.));
#8637 = VECTOR('',#8638,1.);
#8638 = DIRECTION('',(0.,-1.));
#8639 = ( GEOMETRIC_REPRESENTATION_CONTEXT(2) 
PARAMETRIC_REPRESENTATION_CONTEXT() REPRESENTATION_CONTEXT('2D SPACE',''
  ) );
#8640 = PCURVE('',#4515,#8641);
#8641 = DEFINITIONAL_REPRESENTATION('',(#8642),#8646);
#8642 = LINE('',#8643,#8644);
#8643 = CARTESIAN_POINT('',(1.,0.));
#8644 = VECTOR('',#8645,1.);
#8645 = DIRECTION('',(0.,-1.));
#8646 = ( GEOMETRIC_REPRESENTATION_CONTEXT(2) 
PARAMETRIC_REPRESENTATION_CONTEXT() REPRESENTATION_CONTEXT('2D SPACE',''
  ) );
#8647 = ORIENTED_EDGE('',*,*,#4536,.F.);
#8648 = ORIENTED_EDGE('',*,*,#8578,.F.);
#8649 = ADVANCED_FACE('',(#8650),#4515,.F.);
#8650 = FACE_BOUND('',#8651,.F.);
#8651 = EDGE_LOOP('',(#8652,#8675,#8696,#8697));
#8652 = ORIENTED_EDGE('',*,*,#8653,.F.);
#8653 = EDGE_CURVE('',#8654,#8605,#8656,.T.);
#8654 = VERTEX_POINT('',#8655);
#8655 = CARTESIAN_POINT('',(-5.621923828125,-7.582421875,94.));
#8656 = SURFACE_CURVE('',#8657,(#8661,#8668),.PCURVE_S1.);
#8657 = B_SPLINE_CURVE_WITH_KNOTS('',2,(#8658,#8659,#8660),
  .UNSPECIFIED.,.F.,.F.,(3,3),(0.,1.),.PIECEWISE_BEZIER_KNOTS.);
#8658 = CARTESIAN_POINT('',(-5.621923828125,-7.582421875,94.));
#8659 = CARTESIAN_POINT('',(-5.621923828125,-7.8564453125,94.));
#8660 = CARTESIAN_POINT('',(-5.763427734375,-8.093408203125,94.));
#8661 = PCURVE('',#4515,#8662);
#8662 = DEFINITIONAL_REPRESENTATION('',(#8663),#8667);
#8663 = LINE('',#8664,#8665);
#8664 = CARTESIAN_POINT('',(0.,0.));
#8665 = VECTOR('',#8666,1.);
#8666 = DIRECTION('',(1.,0.));
#8667 = ( GEOMETRIC_REPRESENTATION_CONTEXT(2) 
PARAMETRIC_REPRESENTATION_CONTEXT() REPRESENTATION_CONTEXT('2D SPACE',''
  ) );
#8668 = PCURVE('',#7557,#8669);
#8669 = DEFINITIONAL_REPRESENTATION('',(#8670),#8674);
#8670 = B_SPLINE_CURVE_WITH_KNOTS('',2,(#8671,#8672,#8673),
  .UNSPECIFIED.,.F.,.F.,(3,3),(0.,1.),.PIECEWISE_BEZIER_KNOTS.);
#8671 = CARTESIAN_POINT('',(2.77841796875,2.41005859375));
#8672 = CARTESIAN_POINT('',(2.77841796875,2.13603515625));
#8673 = CARTESIAN_POINT('',(2.6369140625,1.899072265625));
#8674 = ( GEOMETRIC_REPRESENTATION_CONTEXT(2) 
PARAMETRIC_REPRESENTATION_CONTEXT() REPRESENTATION_CONTEXT('2D SPACE',''
  ) );
#8675 = ORIENTED_EDGE('',*,*,#8676,.T.);
#8676 = EDGE_CURVE('',#8654,#4429,#8677,.T.);
#8677 = SURFACE_CURVE('',#8678,(#8682,#8689),.PCURVE_S1.);
#8678 = LINE('',#8679,#8680);
#8679 = CARTESIAN_POINT('',(-5.621923828125,-7.582421875,94.));
#8680 = VECTOR('',#8681,1.);
#8681 = DIRECTION('',(0.,0.,1.));
#8682 = PCURVE('',#4515,#8683);
#8683 = DEFINITIONAL_REPRESENTATION('',(#8684),#8688);
#8684 = LINE('',#8685,#8686);
#8685 = CARTESIAN_POINT('',(0.,0.));
#8686 = VECTOR('',#8687,1.);
#8687 = DIRECTION('',(0.,-1.));
#8688 = ( GEOMETRIC_REPRESENTATION_CONTEXT(2) 
PARAMETRIC_REPRESENTATION_CONTEXT() REPRESENTATION_CONTEXT('2D SPACE',''
  ) );
#8689 = PCURVE('',#4462,#8690);
#8690 = DEFINITIONAL_REPRESENTATION('',(#8691),#8695);
#8691 = LINE('',#8692,#8693);
#8692 = CARTESIAN_POINT('',(1.,0.));
#8693 = VECTOR('',#8694,1.);
#8694 = DIRECTION('',(0.,-1.));
#8695 = ( GEOMETRIC_REPRESENTATION_CONTEXT(2) 
PARAMETRIC_REPRESENTATION_CONTEXT() REPRESENTATION_CONTEXT('2D SPACE',''
  ) );
#8696 = ORIENTED_EDGE('',*,*,#4485,.F.);
#8697 = ORIENTED_EDGE('',*,*,#8627,.F.);
#8698 = ADVANCED_FACE('',(#8699),#4462,.F.);
#8699 = FACE_BOUND('',#8700,.F.);
#8700 = EDGE_LOOP('',(#8701,#8724,#8745,#8746));
#8701 = ORIENTED_EDGE('',*,*,#8702,.F.);
#8702 = EDGE_CURVE('',#8703,#8654,#8705,.T.);
#8703 = VERTEX_POINT('',#8704);
#8704 = CARTESIAN_POINT('',(-5.95546875,-6.84345703125,94.));
#8705 = SURFACE_CURVE('',#8706,(#8710,#8717),.PCURVE_S1.);
#8706 = B_SPLINE_CURVE_WITH_KNOTS('',2,(#8707,#8708,#8709),
  .UNSPECIFIED.,.F.,.F.,(3,3),(0.,1.),.PIECEWISE_BEZIER_KNOTS.);
#8707 = CARTESIAN_POINT('',(-5.95546875,-6.84345703125,94.));
#8708 = CARTESIAN_POINT('',(-5.621923828125,-7.10849609375,94.));
#8709 = CARTESIAN_POINT('',(-5.621923828125,-7.582421875,94.));
#8710 = PCURVE('',#4462,#8711);
#8711 = DEFINITIONAL_REPRESENTATION('',(#8712),#8716);
#8712 = LINE('',#8713,#8714);
#8713 = CARTESIAN_POINT('',(0.,0.));
#8714 = VECTOR('',#8715,1.);
#8715 = DIRECTION('',(1.,0.));
#8716 = ( GEOMETRIC_REPRESENTATION_CONTEXT(2) 
PARAMETRIC_REPRESENTATION_CONTEXT() REPRESENTATION_CONTEXT('2D SPACE',''
  ) );
#8717 = PCURVE('',#7557,#8718);
#8718 = DEFINITIONAL_REPRESENTATION('',(#8719),#8723);
#8719 = B_SPLINE_CURVE_WITH_KNOTS('',2,(#8720,#8721,#8722),
  .UNSPECIFIED.,.F.,.F.,(3,3),(0.,1.),.PIECEWISE_BEZIER_KNOTS.);
#8720 = CARTESIAN_POINT('',(2.444873046875,3.1490234375));
#8721 = CARTESIAN_POINT('',(2.77841796875,2.883984375));
#8722 = CARTESIAN_POINT('',(2.77841796875,2.41005859375));
#8723 = ( GEOMETRIC_REPRESENTATION_CONTEXT(2) 
PARAMETRIC_REPRESENTATION_CONTEXT() REPRESENTATION_CONTEXT('2D SPACE',''
  ) );
#8724 = ORIENTED_EDGE('',*,*,#8725,.T.);
#8725 = EDGE_CURVE('',#8703,#4372,#8726,.T.);
#8726 = SURFACE_CURVE('',#8727,(#8731,#8738),.PCURVE_S1.);
#8727 = LINE('',#8728,#8729);
#8728 = CARTESIAN_POINT('',(-5.95546875,-6.84345703125,94.));
#8729 = VECTOR('',#8730,1.);
#8730 = DIRECTION('',(0.,0.,1.));
#8731 = PCURVE('',#4462,#8732);
#8732 = DEFINITIONAL_REPRESENTATION('',(#8733),#8737);
#8733 = LINE('',#8734,#8735);
#8734 = CARTESIAN_POINT('',(0.,0.));
#8735 = VECTOR('',#8736,1.);
#8736 = DIRECTION('',(0.,-1.));
#8737 = ( GEOMETRIC_REPRESENTATION_CONTEXT(2) 
PARAMETRIC_REPRESENTATION_CONTEXT() REPRESENTATION_CONTEXT('2D SPACE',''
  ) );
#8738 = PCURVE('',#4405,#8739);
#8739 = DEFINITIONAL_REPRESENTATION('',(#8740),#8744);
#8740 = LINE('',#8741,#8742);
#8741 = CARTESIAN_POINT('',(1.,0.));
#8742 = VECTOR('',#8743,1.);
#8743 = DIRECTION('',(0.,-1.));
#8744 = ( GEOMETRIC_REPRESENTATION_CONTEXT(2) 
PARAMETRIC_REPRESENTATION_CONTEXT() REPRESENTATION_CONTEXT('2D SPACE',''
  ) );
#8745 = ORIENTED_EDGE('',*,*,#4428,.F.);
#8746 = ORIENTED_EDGE('',*,*,#8676,.F.);
#8747 = ADVANCED_FACE('',(#8748),#4405,.F.);
#8748 = FACE_BOUND('',#8749,.F.);
#8749 = EDGE_LOOP('',(#8750,#8773,#8794,#8795));
#8750 = ORIENTED_EDGE('',*,*,#8751,.F.);
#8751 = EDGE_CURVE('',#8752,#8703,#8754,.T.);
#8752 = VERTEX_POINT('',#8753);
#8753 = CARTESIAN_POINT('',(-6.890966796875,-6.57841796875,94.));
#8754 = SURFACE_CURVE('',#8755,(#8759,#8766),.PCURVE_S1.);
#8755 = B_SPLINE_CURVE_WITH_KNOTS('',2,(#8756,#8757,#8758),
  .UNSPECIFIED.,.F.,.F.,(3,3),(0.,1.),.PIECEWISE_BEZIER_KNOTS.);
#8756 = CARTESIAN_POINT('',(-6.890966796875,-6.57841796875,94.));
#8757 = CARTESIAN_POINT('',(-6.289013671875,-6.57841796875,94.));
#8758 = CARTESIAN_POINT('',(-5.95546875,-6.84345703125,94.));
#8759 = PCURVE('',#4405,#8760);
#8760 = DEFINITIONAL_REPRESENTATION('',(#8761),#8765);
#8761 = LINE('',#8762,#8763);
#8762 = CARTESIAN_POINT('',(0.,0.));
#8763 = VECTOR('',#8764,1.);
#8764 = DIRECTION('',(1.,0.));
#8765 = ( GEOMETRIC_REPRESENTATION_CONTEXT(2) 
PARAMETRIC_REPRESENTATION_CONTEXT() REPRESENTATION_CONTEXT('2D SPACE',''
  ) );
#8766 = PCURVE('',#7557,#8767);
#8767 = DEFINITIONAL_REPRESENTATION('',(#8768),#8772);
#8768 = B_SPLINE_CURVE_WITH_KNOTS('',2,(#8769,#8770,#8771),
  .UNSPECIFIED.,.F.,.F.,(3,3),(0.,1.),.PIECEWISE_BEZIER_KNOTS.);
#8769 = CARTESIAN_POINT('',(1.509375,3.4140625));
#8770 = CARTESIAN_POINT('',(2.111328125,3.4140625));
#8771 = CARTESIAN_POINT('',(2.444873046875,3.1490234375));
#8772 = ( GEOMETRIC_REPRESENTATION_CONTEXT(2) 
PARAMETRIC_REPRESENTATION_CONTEXT() REPRESENTATION_CONTEXT('2D SPACE',''
  ) );
#8773 = ORIENTED_EDGE('',*,*,#8774,.T.);
#8774 = EDGE_CURVE('',#8752,#4336,#8775,.T.);
#8775 = SURFACE_CURVE('',#8776,(#8780,#8787),.PCURVE_S1.);
#8776 = LINE('',#8777,#8778);
#8777 = CARTESIAN_POINT('',(-6.890966796875,-6.57841796875,94.));
#8778 = VECTOR('',#8779,1.);
#8779 = DIRECTION('',(0.,0.,1.));
#8780 = PCURVE('',#4405,#8781);
#8781 = DEFINITIONAL_REPRESENTATION('',(#8782),#8786);
#8782 = LINE('',#8783,#8784);
#8783 = CARTESIAN_POINT('',(0.,0.));
#8784 = VECTOR('',#8785,1.);
#8785 = DIRECTION('',(0.,-1.));
#8786 = ( GEOMETRIC_REPRESENTATION_CONTEXT(2) 
PARAMETRIC_REPRESENTATION_CONTEXT() REPRESENTATION_CONTEXT('2D SPACE',''
  ) );
#8787 = PCURVE('',#4355,#8788);
#8788 = DEFINITIONAL_REPRESENTATION('',(#8789),#8793);
#8789 = LINE('',#8790,#8791);
#8790 = CARTESIAN_POINT('',(1.,0.));
#8791 = VECTOR('',#8792,1.);
#8792 = DIRECTION('',(0.,-1.));
#8793 = ( GEOMETRIC_REPRESENTATION_CONTEXT(2) 
PARAMETRIC_REPRESENTATION_CONTEXT() REPRESENTATION_CONTEXT('2D SPACE',''
  ) );
#8794 = ORIENTED_EDGE('',*,*,#4371,.F.);
#8795 = ORIENTED_EDGE('',*,*,#8725,.F.);
#8796 = ADVANCED_FACE('',(#8797),#4355,.F.);
#8797 = FACE_BOUND('',#8798,.F.);
#8798 = EDGE_LOOP('',(#8799,#8822,#8843,#8844));
#8799 = ORIENTED_EDGE('',*,*,#8800,.F.);
#8800 = EDGE_CURVE('',#8801,#8752,#8803,.T.);
#8801 = VERTEX_POINT('',#8802);
#8802 = CARTESIAN_POINT('',(-7.450244140625,-6.628955078125,94.));
#8803 = SURFACE_CURVE('',#8804,(#8808,#8815),.PCURVE_S1.);
#8804 = B_SPLINE_CURVE_WITH_KNOTS('',2,(#8805,#8806,#8807),
  .UNSPECIFIED.,.F.,.F.,(3,3),(0.,1.),.PIECEWISE_BEZIER_KNOTS.);
#8805 = CARTESIAN_POINT('',(-7.450244140625,-6.628955078125,94.));
#8806 = CARTESIAN_POINT('',(-7.164990234375,-6.57841796875,94.));
#8807 = CARTESIAN_POINT('',(-6.890966796875,-6.57841796875,94.));
#8808 = PCURVE('',#4355,#8809);
#8809 = DEFINITIONAL_REPRESENTATION('',(#8810),#8814);
#8810 = LINE('',#8811,#8812);
#8811 = CARTESIAN_POINT('',(0.,0.));
#8812 = VECTOR('',#8813,1.);
#8813 = DIRECTION('',(1.,0.));
#8814 = ( GEOMETRIC_REPRESENTATION_CONTEXT(2) 
PARAMETRIC_REPRESENTATION_CONTEXT() REPRESENTATION_CONTEXT('2D SPACE',''
  ) );
#8815 = PCURVE('',#7557,#8816);
#8816 = DEFINITIONAL_REPRESENTATION('',(#8817),#8821);
#8817 = B_SPLINE_CURVE_WITH_KNOTS('',2,(#8818,#8819,#8820),
  .UNSPECIFIED.,.F.,.F.,(3,3),(0.,1.),.PIECEWISE_BEZIER_KNOTS.);
#8818 = CARTESIAN_POINT('',(0.95009765625,3.363525390625));
#8819 = CARTESIAN_POINT('',(1.2353515625,3.4140625));
#8820 = CARTESIAN_POINT('',(1.509375,3.4140625));
#8821 = ( GEOMETRIC_REPRESENTATION_CONTEXT(2) 
PARAMETRIC_REPRESENTATION_CONTEXT() REPRESENTATION_CONTEXT('2D SPACE',''
  ) );
#8822 = ORIENTED_EDGE('',*,*,#8823,.T.);
#8823 = EDGE_CURVE('',#8801,#4300,#8824,.T.);
#8824 = SURFACE_CURVE('',#8825,(#8829,#8836),.PCURVE_S1.);
#8825 = LINE('',#8826,#8827);
#8826 = CARTESIAN_POINT('',(-7.450244140625,-6.628955078125,94.));
#8827 = VECTOR('',#8828,1.);
#8828 = DIRECTION('',(0.,0.,1.));
#8829 = PCURVE('',#4355,#8830);
#8830 = DEFINITIONAL_REPRESENTATION('',(#8831),#8835);
#8831 = LINE('',#8832,#8833);
#8832 = CARTESIAN_POINT('',(0.,0.));
#8833 = VECTOR('',#8834,1.);
#8834 = DIRECTION('',(0.,-1.));
#8835 = ( GEOMETRIC_REPRESENTATION_CONTEXT(2) 
PARAMETRIC_REPRESENTATION_CONTEXT() REPRESENTATION_CONTEXT('2D SPACE',''
  ) );
#8836 = PCURVE('',#4319,#8837);
#8837 = DEFINITIONAL_REPRESENTATION('',(#8838),#8842);
#8838 = LINE('',#8839,#8840);
#8839 = CARTESIAN_POINT('',(1.,0.));
#8840 = VECTOR('',#8841,1.);
#8841 = DIRECTION('',(0.,-1.));
#8842 = ( GEOMETRIC_REPRESENTATION_CONTEXT(2) 
PARAMETRIC_REPRESENTATION_CONTEXT() REPRESENTATION_CONTEXT('2D SPACE',''
  ) );
#8843 = ORIENTED_EDGE('',*,*,#4335,.F.);
#8844 = ORIENTED_EDGE('',*,*,#8774,.F.);
#8845 = ADVANCED_FACE('',(#8846),#4319,.F.);
#8846 = FACE_BOUND('',#8847,.F.);
#8847 = EDGE_LOOP('',(#8848,#8871,#8892,#8893));
#8848 = ORIENTED_EDGE('',*,*,#8849,.F.);
#8849 = EDGE_CURVE('',#8850,#8801,#8852,.T.);
#8850 = VERTEX_POINT('',#8851);
#8851 = CARTESIAN_POINT('',(-8.027490234375,-6.77607421875,94.));
#8852 = SURFACE_CURVE('',#8853,(#8857,#8864),.PCURVE_S1.);
#8853 = B_SPLINE_CURVE_WITH_KNOTS('',2,(#8854,#8855,#8856),
  .UNSPECIFIED.,.F.,.F.,(3,3),(0.,1.),.PIECEWISE_BEZIER_KNOTS.);
#8854 = CARTESIAN_POINT('',(-8.027490234375,-6.77607421875,94.));
#8855 = CARTESIAN_POINT('',(-7.735498046875,-6.6794921875,94.));
#8856 = CARTESIAN_POINT('',(-7.450244140625,-6.628955078125,94.));
#8857 = PCURVE('',#4319,#8858);
#8858 = DEFINITIONAL_REPRESENTATION('',(#8859),#8863);
#8859 = LINE('',#8860,#8861);
#8860 = CARTESIAN_POINT('',(0.,0.));
#8861 = VECTOR('',#8862,1.);
#8862 = DIRECTION('',(1.,0.));
#8863 = ( GEOMETRIC_REPRESENTATION_CONTEXT(2) 
PARAMETRIC_REPRESENTATION_CONTEXT() REPRESENTATION_CONTEXT('2D SPACE',''
  ) );
#8864 = PCURVE('',#7557,#8865);
#8865 = DEFINITIONAL_REPRESENTATION('',(#8866),#8870);
#8866 = B_SPLINE_CURVE_WITH_KNOTS('',2,(#8867,#8868,#8869),
  .UNSPECIFIED.,.F.,.F.,(3,3),(0.,1.),.PIECEWISE_BEZIER_KNOTS.);
#8867 = CARTESIAN_POINT('',(0.3728515625,3.21640625));
#8868 = CARTESIAN_POINT('',(0.66484375,3.31298828125));
#8869 = CARTESIAN_POINT('',(0.95009765625,3.363525390625));
#8870 = ( GEOMETRIC_REPRESENTATION_CONTEXT(2) 
PARAMETRIC_REPRESENTATION_CONTEXT() REPRESENTATION_CONTEXT('2D SPACE',''
  ) );
#8871 = ORIENTED_EDGE('',*,*,#8872,.T.);
#8872 = EDGE_CURVE('',#8850,#4274,#8873,.T.);
#8873 = SURFACE_CURVE('',#8874,(#8878,#8885),.PCURVE_S1.);
#8874 = LINE('',#8875,#8876);
#8875 = CARTESIAN_POINT('',(-8.027490234375,-6.77607421875,94.));
#8876 = VECTOR('',#8877,1.);
#8877 = DIRECTION('',(0.,0.,1.));
#8878 = PCURVE('',#4319,#8879);
#8879 = DEFINITIONAL_REPRESENTATION('',(#8880),#8884);
#8880 = LINE('',#8881,#8882);
#8881 = CARTESIAN_POINT('',(0.,0.));
#8882 = VECTOR('',#8883,1.);
#8883 = DIRECTION('',(0.,-1.));
#8884 = ( GEOMETRIC_REPRESENTATION_CONTEXT(2) 
PARAMETRIC_REPRESENTATION_CONTEXT() REPRESENTATION_CONTEXT('2D SPACE',''
  ) );
#8885 = PCURVE('',#4288,#8886);
#8886 = DEFINITIONAL_REPRESENTATION('',(#8887),#8891);
#8887 = LINE('',#8888,#8889);
#8888 = CARTESIAN_POINT('',(0.73671875,0.));
#8889 = VECTOR('',#8890,1.);
#8890 = DIRECTION('',(0.,-1.));
#8891 = ( GEOMETRIC_REPRESENTATION_CONTEXT(2) 
PARAMETRIC_REPRESENTATION_CONTEXT() REPRESENTATION_CONTEXT('2D SPACE',''
  ) );
#8892 = ORIENTED_EDGE('',*,*,#4299,.F.);
#8893 = ORIENTED_EDGE('',*,*,#8823,.F.);
#8894 = ADVANCED_FACE('',(#8895),#4288,.F.);
#8895 = FACE_BOUND('',#8896,.F.);
#8896 = EDGE_LOOP('',(#8897,#8920,#8941,#8942));
#8897 = ORIENTED_EDGE('',*,*,#8898,.F.);
#8898 = EDGE_CURVE('',#8899,#8850,#8901,.T.);
#8899 = VERTEX_POINT('',#8900);
#8900 = CARTESIAN_POINT('',(-8.027490234375,-7.51279296875,94.));
#8901 = SURFACE_CURVE('',#8902,(#8906,#8913),.PCURVE_S1.);
#8902 = LINE('',#8903,#8904);
#8903 = CARTESIAN_POINT('',(-8.027490234375,-7.51279296875,94.));
#8904 = VECTOR('',#8905,1.);
#8905 = DIRECTION('',(0.,1.,0.));
#8906 = PCURVE('',#4288,#8907);
#8907 = DEFINITIONAL_REPRESENTATION('',(#8908),#8912);
#8908 = LINE('',#8909,#8910);
#8909 = CARTESIAN_POINT('',(0.,0.));
#8910 = VECTOR('',#8911,1.);
#8911 = DIRECTION('',(1.,0.));
#8912 = ( GEOMETRIC_REPRESENTATION_CONTEXT(2) 
PARAMETRIC_REPRESENTATION_CONTEXT() REPRESENTATION_CONTEXT('2D SPACE',''
  ) );
#8913 = PCURVE('',#7557,#8914);
#8914 = DEFINITIONAL_REPRESENTATION('',(#8915),#8919);
#8915 = LINE('',#8916,#8917);
#8916 = CARTESIAN_POINT('',(0.3728515625,2.4796875));
#8917 = VECTOR('',#8918,1.);
#8918 = DIRECTION('',(0.,1.));
#8919 = ( GEOMETRIC_REPRESENTATION_CONTEXT(2) 
PARAMETRIC_REPRESENTATION_CONTEXT() REPRESENTATION_CONTEXT('2D SPACE',''
  ) );
#8920 = ORIENTED_EDGE('',*,*,#8921,.T.);
#8921 = EDGE_CURVE('',#8899,#4235,#8922,.T.);
#8922 = SURFACE_CURVE('',#8923,(#8927,#8934),.PCURVE_S1.);
#8923 = LINE('',#8924,#8925);
#8924 = CARTESIAN_POINT('',(-8.027490234375,-7.51279296875,94.));
#8925 = VECTOR('',#8926,1.);
#8926 = DIRECTION('',(0.,0.,1.));
#8927 = PCURVE('',#4288,#8928);
#8928 = DEFINITIONAL_REPRESENTATION('',(#8929),#8933);
#8929 = LINE('',#8930,#8931);
#8930 = CARTESIAN_POINT('',(0.,0.));
#8931 = VECTOR('',#8932,1.);
#8932 = DIRECTION('',(0.,-1.));
#8933 = ( GEOMETRIC_REPRESENTATION_CONTEXT(2) 
PARAMETRIC_REPRESENTATION_CONTEXT() REPRESENTATION_CONTEXT('2D SPACE',''
  ) );
#8934 = PCURVE('',#4256,#8935);
#8935 = DEFINITIONAL_REPRESENTATION('',(#8936),#8940);
#8936 = LINE('',#8937,#8938);
#8937 = CARTESIAN_POINT('',(1.,0.));
#8938 = VECTOR('',#8939,1.);
#8939 = DIRECTION('',(0.,-1.));
#8940 = ( GEOMETRIC_REPRESENTATION_CONTEXT(2) 
PARAMETRIC_REPRESENTATION_CONTEXT() REPRESENTATION_CONTEXT('2D SPACE',''
  ) );
#8941 = ORIENTED_EDGE('',*,*,#4273,.F.);
#8942 = ORIENTED_EDGE('',*,*,#8872,.F.);
#8943 = ADVANCED_FACE('',(#8944),#4256,.F.);
#8944 = FACE_BOUND('',#8945,.F.);
#8945 = EDGE_LOOP('',(#8946,#8969,#8990,#8991));
#8946 = ORIENTED_EDGE('',*,*,#8947,.F.);
#8947 = EDGE_CURVE('',#8948,#8899,#8950,.T.);
#8948 = VERTEX_POINT('',#8949);
#8949 = CARTESIAN_POINT('',(-7.513134765625,-7.255615234375,94.));
#8950 = SURFACE_CURVE('',#8951,(#8955,#8962),.PCURVE_S1.);
#8951 = B_SPLINE_CURVE_WITH_KNOTS('',2,(#8952,#8953,#8954),
  .UNSPECIFIED.,.F.,.F.,(3,3),(0.,1.),.PIECEWISE_BEZIER_KNOTS.);
#8952 = CARTESIAN_POINT('',(-7.513134765625,-7.255615234375,94.));
#8953 = CARTESIAN_POINT('',(-7.753466796875,-7.34208984375,94.));
#8954 = CARTESIAN_POINT('',(-8.027490234375,-7.51279296875,94.));
#8955 = PCURVE('',#4256,#8956);
#8956 = DEFINITIONAL_REPRESENTATION('',(#8957),#8961);
#8957 = LINE('',#8958,#8959);
#8958 = CARTESIAN_POINT('',(0.,0.));
#8959 = VECTOR('',#8960,1.);
#8960 = DIRECTION('',(1.,0.));
#8961 = ( GEOMETRIC_REPRESENTATION_CONTEXT(2) 
PARAMETRIC_REPRESENTATION_CONTEXT() REPRESENTATION_CONTEXT('2D SPACE',''
  ) );
#8962 = PCURVE('',#7557,#8963);
#8963 = DEFINITIONAL_REPRESENTATION('',(#8964),#8968);
#8964 = B_SPLINE_CURVE_WITH_KNOTS('',2,(#8965,#8966,#8967),
  .UNSPECIFIED.,.F.,.F.,(3,3),(0.,1.),.PIECEWISE_BEZIER_KNOTS.);
#8965 = CARTESIAN_POINT('',(0.88720703125,2.736865234375));
#8966 = CARTESIAN_POINT('',(0.646875,2.650390625));
#8967 = CARTESIAN_POINT('',(0.3728515625,2.4796875));
#8968 = ( GEOMETRIC_REPRESENTATION_CONTEXT(2) 
PARAMETRIC_REPRESENTATION_CONTEXT() REPRESENTATION_CONTEXT('2D SPACE',''
  ) );
#8969 = ORIENTED_EDGE('',*,*,#8970,.T.);
#8970 = EDGE_CURVE('',#8948,#4196,#8971,.T.);
#8971 = SURFACE_CURVE('',#8972,(#8976,#8983),.PCURVE_S1.);
#8972 = LINE('',#8973,#8974);
#8973 = CARTESIAN_POINT('',(-7.513134765625,-7.255615234375,94.));
#8974 = VECTOR('',#8975,1.);
#8975 = DIRECTION('',(0.,0.,1.));
#8976 = PCURVE('',#4256,#8977);
#8977 = DEFINITIONAL_REPRESENTATION('',(#8978),#8982);
#8978 = LINE('',#8979,#8980);
#8979 = CARTESIAN_POINT('',(0.,0.));
#8980 = VECTOR('',#8981,1.);
#8981 = DIRECTION('',(0.,-1.));
#8982 = ( GEOMETRIC_REPRESENTATION_CONTEXT(2) 
PARAMETRIC_REPRESENTATION_CONTEXT() REPRESENTATION_CONTEXT('2D SPACE',''
  ) );
#8983 = PCURVE('',#4217,#8984);
#8984 = DEFINITIONAL_REPRESENTATION('',(#8985),#8989);
#8985 = LINE('',#8986,#8987);
#8986 = CARTESIAN_POINT('',(1.,0.));
#8987 = VECTOR('',#8988,1.);
#8988 = DIRECTION('',(0.,-1.));
#8989 = ( GEOMETRIC_REPRESENTATION_CONTEXT(2) 
PARAMETRIC_REPRESENTATION_CONTEXT() REPRESENTATION_CONTEXT('2D SPACE',''
  ) );
#8990 = ORIENTED_EDGE('',*,*,#4234,.F.);
#8991 = ORIENTED_EDGE('',*,*,#8921,.F.);
#8992 = ADVANCED_FACE('',(#8993),#4217,.F.);
#8993 = FACE_BOUND('',#8994,.F.);
#8994 = EDGE_LOOP('',(#8995,#9018,#9039,#9040));
#8995 = ORIENTED_EDGE('',*,*,#8996,.F.);
#8996 = EDGE_CURVE('',#8997,#8948,#8999,.T.);
#8997 = VERTEX_POINT('',#8998);
#8998 = CARTESIAN_POINT('',(-7.070654296875,-7.169140625,94.));
#8999 = SURFACE_CURVE('',#9000,(#9004,#9011),.PCURVE_S1.);
#9000 = B_SPLINE_CURVE_WITH_KNOTS('',2,(#9001,#9002,#9003),
  .UNSPECIFIED.,.F.,.F.,(3,3),(0.,1.),.PIECEWISE_BEZIER_KNOTS.);
#9001 = CARTESIAN_POINT('',(-7.070654296875,-7.169140625,94.));
#9002 = CARTESIAN_POINT('',(-7.272802734375,-7.169140625,94.));
#9003 = CARTESIAN_POINT('',(-7.513134765625,-7.255615234375,94.));
#9004 = PCURVE('',#4217,#9005);
#9005 = DEFINITIONAL_REPRESENTATION('',(#9006),#9010);
#9006 = LINE('',#9007,#9008);
#9007 = CARTESIAN_POINT('',(0.,0.));
#9008 = VECTOR('',#9009,1.);
#9009 = DIRECTION('',(1.,0.));
#9010 = ( GEOMETRIC_REPRESENTATION_CONTEXT(2) 
PARAMETRIC_REPRESENTATION_CONTEXT() REPRESENTATION_CONTEXT('2D SPACE',''
  ) );
#9011 = PCURVE('',#7557,#9012);
#9012 = DEFINITIONAL_REPRESENTATION('',(#9013),#9017);
#9013 = B_SPLINE_CURVE_WITH_KNOTS('',2,(#9014,#9015,#9016),
  .UNSPECIFIED.,.F.,.F.,(3,3),(0.,1.),.PIECEWISE_BEZIER_KNOTS.);
#9014 = CARTESIAN_POINT('',(1.3296875,2.82333984375));
#9015 = CARTESIAN_POINT('',(1.1275390625,2.82333984375));
#9016 = CARTESIAN_POINT('',(0.88720703125,2.736865234375));
#9017 = ( GEOMETRIC_REPRESENTATION_CONTEXT(2) 
PARAMETRIC_REPRESENTATION_CONTEXT() REPRESENTATION_CONTEXT('2D SPACE',''
  ) );
#9018 = ORIENTED_EDGE('',*,*,#9019,.T.);
#9019 = EDGE_CURVE('',#8997,#4145,#9020,.T.);
#9020 = SURFACE_CURVE('',#9021,(#9025,#9032),.PCURVE_S1.);
#9021 = LINE('',#9022,#9023);
#9022 = CARTESIAN_POINT('',(-7.070654296875,-7.169140625,94.));
#9023 = VECTOR('',#9024,1.);
#9024 = DIRECTION('',(0.,0.,1.));
#9025 = PCURVE('',#4217,#9026);
#9026 = DEFINITIONAL_REPRESENTATION('',(#9027),#9031);
#9027 = LINE('',#9028,#9029);
#9028 = CARTESIAN_POINT('',(0.,0.));
#9029 = VECTOR('',#9030,1.);
#9030 = DIRECTION('',(0.,-1.));
#9031 = ( GEOMETRIC_REPRESENTATION_CONTEXT(2) 
PARAMETRIC_REPRESENTATION_CONTEXT() REPRESENTATION_CONTEXT('2D SPACE',''
  ) );
#9032 = PCURVE('',#4174,#9033);
#9033 = DEFINITIONAL_REPRESENTATION('',(#9034),#9038);
#9034 = LINE('',#9035,#9036);
#9035 = CARTESIAN_POINT('',(1.,0.));
#9036 = VECTOR('',#9037,1.);
#9037 = DIRECTION('',(0.,-1.));
#9038 = ( GEOMETRIC_REPRESENTATION_CONTEXT(2) 
PARAMETRIC_REPRESENTATION_CONTEXT() REPRESENTATION_CONTEXT('2D SPACE',''
  ) );
#9039 = ORIENTED_EDGE('',*,*,#4195,.F.);
#9040 = ORIENTED_EDGE('',*,*,#8970,.F.);
#9041 = ADVANCED_FACE('',(#9042),#4174,.F.);
#9042 = FACE_BOUND('',#9043,.F.);
#9043 = EDGE_LOOP('',(#9044,#9067,#9088,#9089));
#9044 = ORIENTED_EDGE('',*,*,#9045,.F.);
#9045 = EDGE_CURVE('',#9046,#8997,#9048,.T.);
#9046 = VERTEX_POINT('',#9047);
#9047 = CARTESIAN_POINT('',(-6.64951171875,-7.312890625,94.));
#9048 = SURFACE_CURVE('',#9049,(#9053,#9060),.PCURVE_S1.);
#9049 = B_SPLINE_CURVE_WITH_KNOTS('',2,(#9050,#9051,#9052),
  .UNSPECIFIED.,.F.,.F.,(3,3),(0.,1.),.PIECEWISE_BEZIER_KNOTS.);
#9050 = CARTESIAN_POINT('',(-6.64951171875,-7.312890625,94.));
#9051 = CARTESIAN_POINT('',(-6.807861328125,-7.169140625,94.));
#9052 = CARTESIAN_POINT('',(-7.070654296875,-7.169140625,94.));
#9053 = PCURVE('',#4174,#9054);
#9054 = DEFINITIONAL_REPRESENTATION('',(#9055),#9059);
#9055 = LINE('',#9056,#9057);
#9056 = CARTESIAN_POINT('',(0.,0.));
#9057 = VECTOR('',#9058,1.);
#9058 = DIRECTION('',(1.,0.));
#9059 = ( GEOMETRIC_REPRESENTATION_CONTEXT(2) 
PARAMETRIC_REPRESENTATION_CONTEXT() REPRESENTATION_CONTEXT('2D SPACE',''
  ) );
#9060 = PCURVE('',#7557,#9061);
#9061 = DEFINITIONAL_REPRESENTATION('',(#9062),#9066);
#9062 = B_SPLINE_CURVE_WITH_KNOTS('',2,(#9063,#9064,#9065),
  .UNSPECIFIED.,.F.,.F.,(3,3),(0.,1.),.PIECEWISE_BEZIER_KNOTS.);
#9063 = CARTESIAN_POINT('',(1.750830078125,2.67958984375));
#9064 = CARTESIAN_POINT('',(1.59248046875,2.82333984375));
#9065 = CARTESIAN_POINT('',(1.3296875,2.82333984375));
#9066 = ( GEOMETRIC_REPRESENTATION_CONTEXT(2) 
PARAMETRIC_REPRESENTATION_CONTEXT() REPRESENTATION_CONTEXT('2D SPACE',''
  ) );
#9067 = ORIENTED_EDGE('',*,*,#9068,.T.);
#9068 = EDGE_CURVE('',#9046,#4094,#9069,.T.);
#9069 = SURFACE_CURVE('',#9070,(#9074,#9081),.PCURVE_S1.);
#9070 = LINE('',#9071,#9072);
#9071 = CARTESIAN_POINT('',(-6.64951171875,-7.312890625,94.));
#9072 = VECTOR('',#9073,1.);
#9073 = DIRECTION('',(0.,0.,1.));
#9074 = PCURVE('',#4174,#9075);
#9075 = DEFINITIONAL_REPRESENTATION('',(#9076),#9080);
#9076 = LINE('',#9077,#9078);
#9077 = CARTESIAN_POINT('',(0.,0.));
#9078 = VECTOR('',#9079,1.);
#9079 = DIRECTION('',(0.,-1.));
#9080 = ( GEOMETRIC_REPRESENTATION_CONTEXT(2) 
PARAMETRIC_REPRESENTATION_CONTEXT() REPRESENTATION_CONTEXT('2D SPACE',''
  ) );
#9081 = PCURVE('',#4123,#9082);
#9082 = DEFINITIONAL_REPRESENTATION('',(#9083),#9087);
#9083 = LINE('',#9084,#9085);
#9084 = CARTESIAN_POINT('',(1.,0.));
#9085 = VECTOR('',#9086,1.);
#9086 = DIRECTION('',(0.,-1.));
#9087 = ( GEOMETRIC_REPRESENTATION_CONTEXT(2) 
PARAMETRIC_REPRESENTATION_CONTEXT() REPRESENTATION_CONTEXT('2D SPACE',''
  ) );
#9088 = ORIENTED_EDGE('',*,*,#4144,.F.);
#9089 = ORIENTED_EDGE('',*,*,#9019,.F.);
#9090 = ADVANCED_FACE('',(#9091),#4123,.F.);
#9091 = FACE_BOUND('',#9092,.F.);
#9092 = EDGE_LOOP('',(#9093,#9116,#9137,#9138));
#9093 = ORIENTED_EDGE('',*,*,#9094,.F.);
#9094 = EDGE_CURVE('',#9095,#9046,#9097,.T.);
#9095 = VERTEX_POINT('',#9096);
#9096 = CARTESIAN_POINT('',(-6.491162109375,-7.69248046875,94.));
#9097 = SURFACE_CURVE('',#9098,(#9102,#9109),.PCURVE_S1.);
#9098 = B_SPLINE_CURVE_WITH_KNOTS('',2,(#9099,#9100,#9101),
  .UNSPECIFIED.,.F.,.F.,(3,3),(0.,1.),.PIECEWISE_BEZIER_KNOTS.);
#9099 = CARTESIAN_POINT('',(-6.491162109375,-7.69248046875,94.));
#9100 = CARTESIAN_POINT('',(-6.491162109375,-7.456640625,94.));
#9101 = CARTESIAN_POINT('',(-6.64951171875,-7.312890625,94.));
#9102 = PCURVE('',#4123,#9103);
#9103 = DEFINITIONAL_REPRESENTATION('',(#9104),#9108);
#9104 = LINE('',#9105,#9106);
#9105 = CARTESIAN_POINT('',(0.,0.));
#9106 = VECTOR('',#9107,1.);
#9107 = DIRECTION('',(1.,0.));
#9108 = ( GEOMETRIC_REPRESENTATION_CONTEXT(2) 
PARAMETRIC_REPRESENTATION_CONTEXT() REPRESENTATION_CONTEXT('2D SPACE',''
  ) );
#9109 = PCURVE('',#7557,#9110);
#9110 = DEFINITIONAL_REPRESENTATION('',(#9111),#9115);
#9111 = B_SPLINE_CURVE_WITH_KNOTS('',2,(#9112,#9113,#9114),
  .UNSPECIFIED.,.F.,.F.,(3,3),(0.,1.),.PIECEWISE_BEZIER_KNOTS.);
#9112 = CARTESIAN_POINT('',(1.9091796875,2.3));
#9113 = CARTESIAN_POINT('',(1.9091796875,2.53583984375));
#9114 = CARTESIAN_POINT('',(1.750830078125,2.67958984375));
#9115 = ( GEOMETRIC_REPRESENTATION_CONTEXT(2) 
PARAMETRIC_REPRESENTATION_CONTEXT() REPRESENTATION_CONTEXT('2D SPACE',''
  ) );
#9116 = ORIENTED_EDGE('',*,*,#9117,.T.);
#9117 = EDGE_CURVE('',#9095,#4049,#9118,.T.);
#9118 = SURFACE_CURVE('',#9119,(#9123,#9130),.PCURVE_S1.);
#9119 = LINE('',#9120,#9121);
#9120 = CARTESIAN_POINT('',(-6.491162109375,-7.69248046875,94.));
#9121 = VECTOR('',#9122,1.);
#9122 = DIRECTION('',(0.,0.,1.));
#9123 = PCURVE('',#4123,#9124);
#9124 = DEFINITIONAL_REPRESENTATION('',(#9125),#9129);
#9125 = LINE('',#9126,#9127);
#9126 = CARTESIAN_POINT('',(0.,0.));
#9127 = VECTOR('',#9128,1.);
#9128 = DIRECTION('',(0.,-1.));
#9129 = ( GEOMETRIC_REPRESENTATION_CONTEXT(2) 
PARAMETRIC_REPRESENTATION_CONTEXT() REPRESENTATION_CONTEXT('2D SPACE',''
  ) );
#9130 = PCURVE('',#4074,#9131);
#9131 = DEFINITIONAL_REPRESENTATION('',(#9132),#9136);
#9132 = LINE('',#9133,#9134);
#9133 = CARTESIAN_POINT('',(1.,0.));
#9134 = VECTOR('',#9135,1.);
#9135 = DIRECTION('',(0.,-1.));
#9136 = ( GEOMETRIC_REPRESENTATION_CONTEXT(2) 
PARAMETRIC_REPRESENTATION_CONTEXT() REPRESENTATION_CONTEXT('2D SPACE',''
  ) );
#9137 = ORIENTED_EDGE('',*,*,#4093,.F.);
#9138 = ORIENTED_EDGE('',*,*,#9068,.F.);
#9139 = ADVANCED_FACE('',(#9140),#4074,.F.);
#9140 = FACE_BOUND('',#9141,.F.);
#9141 = EDGE_LOOP('',(#9142,#9165,#9186,#9187));
#9142 = ORIENTED_EDGE('',*,*,#9143,.F.);
#9143 = EDGE_CURVE('',#9144,#9095,#9146,.T.);
#9144 = VERTEX_POINT('',#9145);
#9145 = CARTESIAN_POINT('',(-6.569775390625,-7.98671875,94.));
#9146 = SURFACE_CURVE('',#9147,(#9151,#9158),.PCURVE_S1.);
#9147 = B_SPLINE_CURVE_WITH_KNOTS('',2,(#9148,#9149,#9150),
  .UNSPECIFIED.,.F.,.F.,(3,3),(0.,1.),.PIECEWISE_BEZIER_KNOTS.);
#9148 = CARTESIAN_POINT('',(-6.569775390625,-7.98671875,94.));
#9149 = CARTESIAN_POINT('',(-6.491162109375,-7.84521484375,94.));
#9150 = CARTESIAN_POINT('',(-6.491162109375,-7.69248046875,94.));
#9151 = PCURVE('',#4074,#9152);
#9152 = DEFINITIONAL_REPRESENTATION('',(#9153),#9157);
#9153 = LINE('',#9154,#9155);
#9154 = CARTESIAN_POINT('',(0.,0.));
#9155 = VECTOR('',#9156,1.);
#9156 = DIRECTION('',(1.,0.));
#9157 = ( GEOMETRIC_REPRESENTATION_CONTEXT(2) 
PARAMETRIC_REPRESENTATION_CONTEXT() REPRESENTATION_CONTEXT('2D SPACE',''
  ) );
#9158 = PCURVE('',#7557,#9159);
#9159 = DEFINITIONAL_REPRESENTATION('',(#9160),#9164);
#9160 = B_SPLINE_CURVE_WITH_KNOTS('',2,(#9161,#9162,#9163),
  .UNSPECIFIED.,.F.,.F.,(3,3),(0.,1.),.PIECEWISE_BEZIER_KNOTS.);
#9161 = CARTESIAN_POINT('',(1.83056640625,2.00576171875));
#9162 = CARTESIAN_POINT('',(1.9091796875,2.147265625));
#9163 = CARTESIAN_POINT('',(1.9091796875,2.3));
#9164 = ( GEOMETRIC_REPRESENTATION_CONTEXT(2) 
PARAMETRIC_REPRESENTATION_CONTEXT() REPRESENTATION_CONTEXT('2D SPACE',''
  ) );
#9165 = ORIENTED_EDGE('',*,*,#9166,.T.);
#9166 = EDGE_CURVE('',#9144,#4010,#9167,.T.);
#9167 = SURFACE_CURVE('',#9168,(#9172,#9179),.PCURVE_S1.);
#9168 = LINE('',#9169,#9170);
#9169 = CARTESIAN_POINT('',(-6.569775390625,-7.98671875,94.));
#9170 = VECTOR('',#9171,1.);
#9171 = DIRECTION('',(0.,0.,1.));
#9172 = PCURVE('',#4074,#9173);
#9173 = DEFINITIONAL_REPRESENTATION('',(#9174),#9178);
#9174 = LINE('',#9175,#9176);
#9175 = CARTESIAN_POINT('',(0.,0.));
#9176 = VECTOR('',#9177,1.);
#9177 = DIRECTION('',(0.,-1.));
#9178 = ( GEOMETRIC_REPRESENTATION_CONTEXT(2) 
PARAMETRIC_REPRESENTATION_CONTEXT() REPRESENTATION_CONTEXT('2D SPACE',''
  ) );
#9179 = PCURVE('',#4031,#9180);
#9180 = DEFINITIONAL_REPRESENTATION('',(#9181),#9185);
#9181 = LINE('',#9182,#9183);
#9182 = CARTESIAN_POINT('',(1.,0.));
#9183 = VECTOR('',#9184,1.);
#9184 = DIRECTION('',(0.,-1.));
#9185 = ( GEOMETRIC_REPRESENTATION_CONTEXT(2) 
PARAMETRIC_REPRESENTATION_CONTEXT() REPRESENTATION_CONTEXT('2D SPACE',''
  ) );
#9186 = ORIENTED_EDGE('',*,*,#4048,.F.);
#9187 = ORIENTED_EDGE('',*,*,#9117,.F.);
#9188 = ADVANCED_FACE('',(#9189),#4031,.F.);
#9189 = FACE_BOUND('',#9190,.F.);
#9190 = EDGE_LOOP('',(#9191,#9214,#9235,#9236));
#9191 = ORIENTED_EDGE('',*,*,#9192,.F.);
#9192 = EDGE_CURVE('',#9193,#9144,#9195,.T.);
#9193 = VERTEX_POINT('',#9194);
#9194 = CARTESIAN_POINT('',(-6.812353515625,-8.27646484375,94.));
#9195 = SURFACE_CURVE('',#9196,(#9200,#9207),.PCURVE_S1.);
#9196 = B_SPLINE_CURVE_WITH_KNOTS('',2,(#9197,#9198,#9199),
  .UNSPECIFIED.,.F.,.F.,(3,3),(0.,1.),.PIECEWISE_BEZIER_KNOTS.);
#9197 = CARTESIAN_POINT('',(-6.812353515625,-8.27646484375,94.));
#9198 = CARTESIAN_POINT('',(-6.648388671875,-8.12822265625,94.));
#9199 = CARTESIAN_POINT('',(-6.569775390625,-7.98671875,94.));
#9200 = PCURVE('',#4031,#9201);
#9201 = DEFINITIONAL_REPRESENTATION('',(#9202),#9206);
#9202 = LINE('',#9203,#9204);
#9203 = CARTESIAN_POINT('',(0.,0.));
#9204 = VECTOR('',#9205,1.);
#9205 = DIRECTION('',(1.,0.));
#9206 = ( GEOMETRIC_REPRESENTATION_CONTEXT(2) 
PARAMETRIC_REPRESENTATION_CONTEXT() REPRESENTATION_CONTEXT('2D SPACE',''
  ) );
#9207 = PCURVE('',#7557,#9208);
#9208 = DEFINITIONAL_REPRESENTATION('',(#9209),#9213);
#9209 = B_SPLINE_CURVE_WITH_KNOTS('',2,(#9210,#9211,#9212),
  .UNSPECIFIED.,.F.,.F.,(3,3),(0.,1.),.PIECEWISE_BEZIER_KNOTS.);
#9210 = CARTESIAN_POINT('',(1.58798828125,1.716015625));
#9211 = CARTESIAN_POINT('',(1.751953125,1.8642578125));
#9212 = CARTESIAN_POINT('',(1.83056640625,2.00576171875));
#9213 = ( GEOMETRIC_REPRESENTATION_CONTEXT(2) 
PARAMETRIC_REPRESENTATION_CONTEXT() REPRESENTATION_CONTEXT('2D SPACE',''
  ) );
#9214 = ORIENTED_EDGE('',*,*,#9215,.T.);
#9215 = EDGE_CURVE('',#9193,#3984,#9216,.T.);
#9216 = SURFACE_CURVE('',#9217,(#9221,#9228),.PCURVE_S1.);
#9217 = LINE('',#9218,#9219);
#9218 = CARTESIAN_POINT('',(-6.812353515625,-8.27646484375,94.));
#9219 = VECTOR('',#9220,1.);
#9220 = DIRECTION('',(0.,0.,1.));
#9221 = PCURVE('',#4031,#9222);
#9222 = DEFINITIONAL_REPRESENTATION('',(#9223),#9227);
#9223 = LINE('',#9224,#9225);
#9224 = CARTESIAN_POINT('',(0.,0.));
#9225 = VECTOR('',#9226,1.);
#9226 = DIRECTION('',(0.,-1.));
#9227 = ( GEOMETRIC_REPRESENTATION_CONTEXT(2) 
PARAMETRIC_REPRESENTATION_CONTEXT() REPRESENTATION_CONTEXT('2D SPACE',''
  ) );
#9228 = PCURVE('',#3998,#9229);
#9229 = DEFINITIONAL_REPRESENTATION('',(#9230),#9234);
#9230 = LINE('',#9231,#9232);
#9231 = CARTESIAN_POINT('',(1.632689239376,0.));
#9232 = VECTOR('',#9233,1.);
#9233 = DIRECTION('',(0.,-1.));
#9234 = ( GEOMETRIC_REPRESENTATION_CONTEXT(2) 
PARAMETRIC_REPRESENTATION_CONTEXT() REPRESENTATION_CONTEXT('2D SPACE',''
  ) );
#9235 = ORIENTED_EDGE('',*,*,#4009,.F.);
#9236 = ORIENTED_EDGE('',*,*,#9166,.F.);
#9237 = ADVANCED_FACE('',(#9238),#3998,.F.);
#9238 = FACE_BOUND('',#9239,.F.);
#9239 = EDGE_LOOP('',(#9240,#9261,#9262,#9263));
#9240 = ORIENTED_EDGE('',*,*,#9241,.F.);
#9241 = EDGE_CURVE('',#7542,#9193,#9242,.T.);
#9242 = SURFACE_CURVE('',#9243,(#9247,#9254),.PCURVE_S1.);
#9243 = LINE('',#9244,#9245);
#9244 = CARTESIAN_POINT('',(-8.036474609375,-9.3568359375,94.));
#9245 = VECTOR('',#9246,1.);
#9246 = DIRECTION('',(0.749757555956,0.661712631954,0.));
#9247 = PCURVE('',#3998,#9248);
#9248 = DEFINITIONAL_REPRESENTATION('',(#9249),#9253);
#9249 = LINE('',#9250,#9251);
#9250 = CARTESIAN_POINT('',(0.,0.));
#9251 = VECTOR('',#9252,1.);
#9252 = DIRECTION('',(1.,0.));
#9253 = ( GEOMETRIC_REPRESENTATION_CONTEXT(2) 
PARAMETRIC_REPRESENTATION_CONTEXT() REPRESENTATION_CONTEXT('2D SPACE',''
  ) );
#9254 = PCURVE('',#7557,#9255);
#9255 = DEFINITIONAL_REPRESENTATION('',(#9256),#9260);
#9256 = LINE('',#9257,#9258);
#9257 = CARTESIAN_POINT('',(0.3638671875,0.63564453125));
#9258 = VECTOR('',#9259,1.);
#9259 = DIRECTION('',(0.749757555956,0.661712631954));
#9260 = ( GEOMETRIC_REPRESENTATION_CONTEXT(2) 
PARAMETRIC_REPRESENTATION_CONTEXT() REPRESENTATION_CONTEXT('2D SPACE',''
  ) );
#9261 = ORIENTED_EDGE('',*,*,#7592,.T.);
#9262 = ORIENTED_EDGE('',*,*,#3983,.F.);
#9263 = ORIENTED_EDGE('',*,*,#9215,.F.);
#9264 = ADVANCED_FACE('',(#9265),#3931,.F.);
#9265 = FACE_BOUND('',#9266,.F.);
#9266 = EDGE_LOOP('',(#9267,#9290,#9311,#9312));
#9267 = ORIENTED_EDGE('',*,*,#9268,.F.);
#9268 = EDGE_CURVE('',#9269,#7490,#9271,.T.);
#9269 = VERTEX_POINT('',#9270);
#9270 = CARTESIAN_POINT('',(-7.097607421875,9.5724609375,94.));
#9271 = SURFACE_CURVE('',#9272,(#9276,#9283),.PCURVE_S1.);
#9272 = LINE('',#9273,#9274);
#9273 = CARTESIAN_POINT('',(-7.097607421875,9.5724609375,94.));
#9274 = VECTOR('',#9275,1.);
#9275 = DIRECTION('',(-0.979375454391,-0.202048804344,0.));
#9276 = PCURVE('',#3931,#9277);
#9277 = DEFINITIONAL_REPRESENTATION('',(#9278),#9282);
#9278 = LINE('',#9279,#9280);
#9279 = CARTESIAN_POINT('',(0.,0.));
#9280 = VECTOR('',#9281,1.);
#9281 = DIRECTION('',(1.,0.));
#9282 = ( GEOMETRIC_REPRESENTATION_CONTEXT(2) 
PARAMETRIC_REPRESENTATION_CONTEXT() REPRESENTATION_CONTEXT('2D SPACE',''
  ) );
#9283 = PCURVE('',#7430,#9284);
#9284 = DEFINITIONAL_REPRESENTATION('',(#9285),#9289);
#9285 = LINE('',#9286,#9287);
#9286 = CARTESIAN_POINT('',(1.302734375,2.76494140625));
#9287 = VECTOR('',#9288,1.);
#9288 = DIRECTION('',(-0.979375454391,-0.202048804344));
#9289 = ( GEOMETRIC_REPRESENTATION_CONTEXT(2) 
PARAMETRIC_REPRESENTATION_CONTEXT() REPRESENTATION_CONTEXT('2D SPACE',''
  ) );
#9290 = ORIENTED_EDGE('',*,*,#9291,.T.);
#9291 = EDGE_CURVE('',#9269,#3891,#9292,.T.);
#9292 = SURFACE_CURVE('',#9293,(#9297,#9304),.PCURVE_S1.);
#9293 = LINE('',#9294,#9295);
#9294 = CARTESIAN_POINT('',(-7.097607421875,9.5724609375,94.));
#9295 = VECTOR('',#9296,1.);
#9296 = DIRECTION('',(0.,0.,1.));
#9297 = PCURVE('',#3931,#9298);
#9298 = DEFINITIONAL_REPRESENTATION('',(#9299),#9303);
#9299 = LINE('',#9300,#9301);
#9300 = CARTESIAN_POINT('',(-1.087325179217E-16,0.));
#9301 = VECTOR('',#9302,1.);
#9302 = DIRECTION('',(0.,-1.));
#9303 = ( GEOMETRIC_REPRESENTATION_CONTEXT(2) 
PARAMETRIC_REPRESENTATION_CONTEXT() REPRESENTATION_CONTEXT('2D SPACE',''
  ) );
#9304 = PCURVE('',#3905,#9305);
#9305 = DEFINITIONAL_REPRESENTATION('',(#9306),#9310);
#9306 = LINE('',#9307,#9308);
#9307 = CARTESIAN_POINT('',(2.16748046875,0.));
#9308 = VECTOR('',#9309,1.);
#9309 = DIRECTION('',(0.,-1.));
#9310 = ( GEOMETRIC_REPRESENTATION_CONTEXT(2) 
PARAMETRIC_REPRESENTATION_CONTEXT() REPRESENTATION_CONTEXT('2D SPACE',''
  ) );
#9311 = ORIENTED_EDGE('',*,*,#3916,.F.);
#9312 = ORIENTED_EDGE('',*,*,#7512,.F.);
#9313 = ADVANCED_FACE('',(#9314),#3905,.F.);
#9314 = FACE_BOUND('',#9315,.F.);
#9315 = EDGE_LOOP('',(#9316,#9339,#9360,#9361));
#9316 = ORIENTED_EDGE('',*,*,#9317,.F.);
#9317 = EDGE_CURVE('',#9318,#9269,#9320,.T.);
#9318 = VERTEX_POINT('',#9319);
#9319 = CARTESIAN_POINT('',(-7.097607421875,7.40498046875,94.));
#9320 = SURFACE_CURVE('',#9321,(#9325,#9332),.PCURVE_S1.);
#9321 = LINE('',#9322,#9323);
#9322 = CARTESIAN_POINT('',(-7.097607421875,7.40498046875,94.));
#9323 = VECTOR('',#9324,1.);
#9324 = DIRECTION('',(0.,1.,0.));
#9325 = PCURVE('',#3905,#9326);
#9326 = DEFINITIONAL_REPRESENTATION('',(#9327),#9331);
#9327 = LINE('',#9328,#9329);
#9328 = CARTESIAN_POINT('',(0.,0.));
#9329 = VECTOR('',#9330,1.);
#9330 = DIRECTION('',(1.,0.));
#9331 = ( GEOMETRIC_REPRESENTATION_CONTEXT(2) 
PARAMETRIC_REPRESENTATION_CONTEXT() REPRESENTATION_CONTEXT('2D SPACE',''
  ) );
#9332 = PCURVE('',#7430,#9333);
#9333 = DEFINITIONAL_REPRESENTATION('',(#9334),#9338);
#9334 = LINE('',#9335,#9336);
#9335 = CARTESIAN_POINT('',(1.302734375,0.5974609375));
#9336 = VECTOR('',#9337,1.);
#9337 = DIRECTION('',(0.,1.));
#9338 = ( GEOMETRIC_REPRESENTATION_CONTEXT(2) 
PARAMETRIC_REPRESENTATION_CONTEXT() REPRESENTATION_CONTEXT('2D SPACE',''
  ) );
#9339 = ORIENTED_EDGE('',*,*,#9340,.T.);
#9340 = EDGE_CURVE('',#9318,#3865,#9341,.T.);
#9341 = SURFACE_CURVE('',#9342,(#9346,#9353),.PCURVE_S1.);
#9342 = LINE('',#9343,#9344);
#9343 = CARTESIAN_POINT('',(-7.097607421875,7.40498046875,94.));
#9344 = VECTOR('',#9345,1.);
#9345 = DIRECTION('',(0.,0.,1.));
#9346 = PCURVE('',#3905,#9347);
#9347 = DEFINITIONAL_REPRESENTATION('',(#9348),#9352);
#9348 = LINE('',#9349,#9350);
#9349 = CARTESIAN_POINT('',(0.,0.));
#9350 = VECTOR('',#9351,1.);
#9351 = DIRECTION('',(0.,-1.));
#9352 = ( GEOMETRIC_REPRESENTATION_CONTEXT(2) 
PARAMETRIC_REPRESENTATION_CONTEXT() REPRESENTATION_CONTEXT('2D SPACE',''
  ) );
#9353 = PCURVE('',#3879,#9354);
#9354 = DEFINITIONAL_REPRESENTATION('',(#9355),#9359);
#9355 = LINE('',#9356,#9357);
#9356 = CARTESIAN_POINT('',(0.763671875,0.));
#9357 = VECTOR('',#9358,1.);
#9358 = DIRECTION('',(0.,-1.));
#9359 = ( GEOMETRIC_REPRESENTATION_CONTEXT(2) 
PARAMETRIC_REPRESENTATION_CONTEXT() REPRESENTATION_CONTEXT('2D SPACE',''
  ) );
#9360 = ORIENTED_EDGE('',*,*,#3890,.F.);
#9361 = ORIENTED_EDGE('',*,*,#9291,.F.);
#9362 = ADVANCED_FACE('',(#9363),#3879,.F.);
#9363 = FACE_BOUND('',#9364,.F.);
#9364 = EDGE_LOOP('',(#9365,#9388,#9409,#9410));
#9365 = ORIENTED_EDGE('',*,*,#9366,.F.);
#9366 = EDGE_CURVE('',#9367,#9318,#9369,.T.);
#9367 = VERTEX_POINT('',#9368);
#9368 = CARTESIAN_POINT('',(-7.861279296875,7.40498046875,94.));
#9369 = SURFACE_CURVE('',#9370,(#9374,#9381),.PCURVE_S1.);
#9370 = LINE('',#9371,#9372);
#9371 = CARTESIAN_POINT('',(-7.861279296875,7.40498046875,94.));
#9372 = VECTOR('',#9373,1.);
#9373 = DIRECTION('',(1.,0.,0.));
#9374 = PCURVE('',#3879,#9375);
#9375 = DEFINITIONAL_REPRESENTATION('',(#9376),#9380);
#9376 = LINE('',#9377,#9378);
#9377 = CARTESIAN_POINT('',(0.,0.));
#9378 = VECTOR('',#9379,1.);
#9379 = DIRECTION('',(1.,0.));
#9380 = ( GEOMETRIC_REPRESENTATION_CONTEXT(2) 
PARAMETRIC_REPRESENTATION_CONTEXT() REPRESENTATION_CONTEXT('2D SPACE',''
  ) );
#9381 = PCURVE('',#7430,#9382);
#9382 = DEFINITIONAL_REPRESENTATION('',(#9383),#9387);
#9383 = LINE('',#9384,#9385);
#9384 = CARTESIAN_POINT('',(0.5390625,0.5974609375));
#9385 = VECTOR('',#9386,1.);
#9386 = DIRECTION('',(1.,0.));
#9387 = ( GEOMETRIC_REPRESENTATION_CONTEXT(2) 
PARAMETRIC_REPRESENTATION_CONTEXT() REPRESENTATION_CONTEXT('2D SPACE',''
  ) );
#9388 = ORIENTED_EDGE('',*,*,#9389,.T.);
#9389 = EDGE_CURVE('',#9367,#3839,#9390,.T.);
#9390 = SURFACE_CURVE('',#9391,(#9395,#9402),.PCURVE_S1.);
#9391 = LINE('',#9392,#9393);
#9392 = CARTESIAN_POINT('',(-7.861279296875,7.40498046875,94.));
#9393 = VECTOR('',#9394,1.);
#9394 = DIRECTION('',(0.,0.,1.));
#9395 = PCURVE('',#3879,#9396);
#9396 = DEFINITIONAL_REPRESENTATION('',(#9397),#9401);
#9397 = LINE('',#9398,#9399);
#9398 = CARTESIAN_POINT('',(0.,0.));
#9399 = VECTOR('',#9400,1.);
#9400 = DIRECTION('',(0.,-1.));
#9401 = ( GEOMETRIC_REPRESENTATION_CONTEXT(2) 
PARAMETRIC_REPRESENTATION_CONTEXT() REPRESENTATION_CONTEXT('2D SPACE',''
  ) );
#9402 = PCURVE('',#3853,#9403);
#9403 = DEFINITIONAL_REPRESENTATION('',(#9404),#9408);
#9404 = LINE('',#9405,#9406);
#9405 = CARTESIAN_POINT('',(0.5974609375,0.));
#9406 = VECTOR('',#9407,1.);
#9407 = DIRECTION('',(0.,-1.));
#9408 = ( GEOMETRIC_REPRESENTATION_CONTEXT(2) 
PARAMETRIC_REPRESENTATION_CONTEXT() REPRESENTATION_CONTEXT('2D SPACE',''
  ) );
#9409 = ORIENTED_EDGE('',*,*,#3864,.F.);
#9410 = ORIENTED_EDGE('',*,*,#9340,.F.);
#9411 = ADVANCED_FACE('',(#9412),#3853,.F.);
#9412 = FACE_BOUND('',#9413,.F.);
#9413 = EDGE_LOOP('',(#9414,#9437,#9458,#9459));
#9414 = ORIENTED_EDGE('',*,*,#9415,.F.);
#9415 = EDGE_CURVE('',#9416,#9367,#9418,.T.);
#9416 = VERTEX_POINT('',#9417);
#9417 = CARTESIAN_POINT('',(-7.861279296875,6.80751953125,94.));
#9418 = SURFACE_CURVE('',#9419,(#9423,#9430),.PCURVE_S1.);
#9419 = LINE('',#9420,#9421);
#9420 = CARTESIAN_POINT('',(-7.861279296875,6.80751953125,94.));
#9421 = VECTOR('',#9422,1.);
#9422 = DIRECTION('',(0.,1.,0.));
#9423 = PCURVE('',#3853,#9424);
#9424 = DEFINITIONAL_REPRESENTATION('',(#9425),#9429);
#9425 = LINE('',#9426,#9427);
#9426 = CARTESIAN_POINT('',(0.,0.));
#9427 = VECTOR('',#9428,1.);
#9428 = DIRECTION('',(1.,0.));
#9429 = ( GEOMETRIC_REPRESENTATION_CONTEXT(2) 
PARAMETRIC_REPRESENTATION_CONTEXT() REPRESENTATION_CONTEXT('2D SPACE',''
  ) );
#9430 = PCURVE('',#7430,#9431);
#9431 = DEFINITIONAL_REPRESENTATION('',(#9432),#9436);
#9432 = LINE('',#9433,#9434);
#9433 = CARTESIAN_POINT('',(0.5390625,0.));
#9434 = VECTOR('',#9435,1.);
#9435 = DIRECTION('',(0.,1.));
#9436 = ( GEOMETRIC_REPRESENTATION_CONTEXT(2) 
PARAMETRIC_REPRESENTATION_CONTEXT() REPRESENTATION_CONTEXT('2D SPACE',''
  ) );
#9437 = ORIENTED_EDGE('',*,*,#9438,.T.);
#9438 = EDGE_CURVE('',#9416,#3813,#9439,.T.);
#9439 = SURFACE_CURVE('',#9440,(#9444,#9451),.PCURVE_S1.);
#9440 = LINE('',#9441,#9442);
#9441 = CARTESIAN_POINT('',(-7.861279296875,6.80751953125,94.));
#9442 = VECTOR('',#9443,1.);
#9443 = DIRECTION('',(0.,0.,1.));
#9444 = PCURVE('',#3853,#9445);
#9445 = DEFINITIONAL_REPRESENTATION('',(#9446),#9450);
#9446 = LINE('',#9447,#9448);
#9447 = CARTESIAN_POINT('',(0.,0.));
#9448 = VECTOR('',#9449,1.);
#9449 = DIRECTION('',(0.,-1.));
#9450 = ( GEOMETRIC_REPRESENTATION_CONTEXT(2) 
PARAMETRIC_REPRESENTATION_CONTEXT() REPRESENTATION_CONTEXT('2D SPACE',''
  ) );
#9451 = PCURVE('',#3827,#9452);
#9452 = DEFINITIONAL_REPRESENTATION('',(#9453),#9457);
#9453 = LINE('',#9454,#9455);
#9454 = CARTESIAN_POINT('',(2.344921875,0.));
#9455 = VECTOR('',#9456,1.);
#9456 = DIRECTION('',(0.,-1.));
#9457 = ( GEOMETRIC_REPRESENTATION_CONTEXT(2) 
PARAMETRIC_REPRESENTATION_CONTEXT() REPRESENTATION_CONTEXT('2D SPACE',''
  ) );
#9458 = ORIENTED_EDGE('',*,*,#3838,.F.);
#9459 = ORIENTED_EDGE('',*,*,#9389,.F.);
#9460 = ADVANCED_FACE('',(#9461),#3827,.F.);
#9461 = FACE_BOUND('',#9462,.F.);
#9462 = EDGE_LOOP('',(#9463,#9486,#9507,#9508));
#9463 = ORIENTED_EDGE('',*,*,#9464,.F.);
#9464 = EDGE_CURVE('',#9465,#9416,#9467,.T.);
#9465 = VERTEX_POINT('',#9466);
#9466 = CARTESIAN_POINT('',(-5.516357421875,6.80751953125,94.));
#9467 = SURFACE_CURVE('',#9468,(#9472,#9479),.PCURVE_S1.);
#9468 = LINE('',#9469,#9470);
#9469 = CARTESIAN_POINT('',(-5.516357421875,6.80751953125,94.));
#9470 = VECTOR('',#9471,1.);
#9471 = DIRECTION('',(-1.,0.,0.));
#9472 = PCURVE('',#3827,#9473);
#9473 = DEFINITIONAL_REPRESENTATION('',(#9474),#9478);
#9474 = LINE('',#9475,#9476);
#9475 = CARTESIAN_POINT('',(0.,-0.));
#9476 = VECTOR('',#9477,1.);
#9477 = DIRECTION('',(1.,0.));
#9478 = ( GEOMETRIC_REPRESENTATION_CONTEXT(2) 
PARAMETRIC_REPRESENTATION_CONTEXT() REPRESENTATION_CONTEXT('2D SPACE',''
  ) );
#9479 = PCURVE('',#7430,#9480);
#9480 = DEFINITIONAL_REPRESENTATION('',(#9481),#9485);
#9481 = LINE('',#9482,#9483);
#9482 = CARTESIAN_POINT('',(2.883984375,0.));
#9483 = VECTOR('',#9484,1.);
#9484 = DIRECTION('',(-1.,0.));
#9485 = ( GEOMETRIC_REPRESENTATION_CONTEXT(2) 
PARAMETRIC_REPRESENTATION_CONTEXT() REPRESENTATION_CONTEXT('2D SPACE',''
  ) );
#9486 = ORIENTED_EDGE('',*,*,#9487,.T.);
#9487 = EDGE_CURVE('',#9465,#3787,#9488,.T.);
#9488 = SURFACE_CURVE('',#9489,(#9493,#9500),.PCURVE_S1.);
#9489 = LINE('',#9490,#9491);
#9490 = CARTESIAN_POINT('',(-5.516357421875,6.80751953125,94.));
#9491 = VECTOR('',#9492,1.);
#9492 = DIRECTION('',(0.,0.,1.));
#9493 = PCURVE('',#3827,#9494);
#9494 = DEFINITIONAL_REPRESENTATION('',(#9495),#9499);
#9495 = LINE('',#9496,#9497);
#9496 = CARTESIAN_POINT('',(0.,-0.));
#9497 = VECTOR('',#9498,1.);
#9498 = DIRECTION('',(0.,-1.));
#9499 = ( GEOMETRIC_REPRESENTATION_CONTEXT(2) 
PARAMETRIC_REPRESENTATION_CONTEXT() REPRESENTATION_CONTEXT('2D SPACE',''
  ) );
#9500 = PCURVE('',#3801,#9501);
#9501 = DEFINITIONAL_REPRESENTATION('',(#9502),#9506);
#9502 = LINE('',#9503,#9504);
#9503 = CARTESIAN_POINT('',(0.5974609375,0.));
#9504 = VECTOR('',#9505,1.);
#9505 = DIRECTION('',(0.,-1.));
#9506 = ( GEOMETRIC_REPRESENTATION_CONTEXT(2) 
PARAMETRIC_REPRESENTATION_CONTEXT() REPRESENTATION_CONTEXT('2D SPACE',''
  ) );
#9507 = ORIENTED_EDGE('',*,*,#3812,.F.);
#9508 = ORIENTED_EDGE('',*,*,#9438,.F.);
#9509 = ADVANCED_FACE('',(#9510),#3801,.F.);
#9510 = FACE_BOUND('',#9511,.F.);
#9511 = EDGE_LOOP('',(#9512,#9535,#9556,#9557));
#9512 = ORIENTED_EDGE('',*,*,#9513,.F.);
#9513 = EDGE_CURVE('',#9514,#9465,#9516,.T.);
#9514 = VERTEX_POINT('',#9515);
#9515 = CARTESIAN_POINT('',(-5.516357421875,7.40498046875,94.));
#9516 = SURFACE_CURVE('',#9517,(#9521,#9528),.PCURVE_S1.);
#9517 = LINE('',#9518,#9519);
#9518 = CARTESIAN_POINT('',(-5.516357421875,7.40498046875,94.));
#9519 = VECTOR('',#9520,1.);
#9520 = DIRECTION('',(0.,-1.,0.));
#9521 = PCURVE('',#3801,#9522);
#9522 = DEFINITIONAL_REPRESENTATION('',(#9523),#9527);
#9523 = LINE('',#9524,#9525);
#9524 = CARTESIAN_POINT('',(0.,0.));
#9525 = VECTOR('',#9526,1.);
#9526 = DIRECTION('',(1.,0.));
#9527 = ( GEOMETRIC_REPRESENTATION_CONTEXT(2) 
PARAMETRIC_REPRESENTATION_CONTEXT() REPRESENTATION_CONTEXT('2D SPACE',''
  ) );
#9528 = PCURVE('',#7430,#9529);
#9529 = DEFINITIONAL_REPRESENTATION('',(#9530),#9534);
#9530 = LINE('',#9531,#9532);
#9531 = CARTESIAN_POINT('',(2.883984375,0.5974609375));
#9532 = VECTOR('',#9533,1.);
#9533 = DIRECTION('',(0.,-1.));
#9534 = ( GEOMETRIC_REPRESENTATION_CONTEXT(2) 
PARAMETRIC_REPRESENTATION_CONTEXT() REPRESENTATION_CONTEXT('2D SPACE',''
  ) );
#9535 = ORIENTED_EDGE('',*,*,#9536,.T.);
#9536 = EDGE_CURVE('',#9514,#3761,#9537,.T.);
#9537 = SURFACE_CURVE('',#9538,(#9542,#9549),.PCURVE_S1.);
#9538 = LINE('',#9539,#9540);
#9539 = CARTESIAN_POINT('',(-5.516357421875,7.40498046875,94.));
#9540 = VECTOR('',#9541,1.);
#9541 = DIRECTION('',(0.,0.,1.));
#9542 = PCURVE('',#3801,#9543);
#9543 = DEFINITIONAL_REPRESENTATION('',(#9544),#9548);
#9544 = LINE('',#9545,#9546);
#9545 = CARTESIAN_POINT('',(0.,0.));
#9546 = VECTOR('',#9547,1.);
#9547 = DIRECTION('',(0.,-1.));
#9548 = ( GEOMETRIC_REPRESENTATION_CONTEXT(2) 
PARAMETRIC_REPRESENTATION_CONTEXT() REPRESENTATION_CONTEXT('2D SPACE',''
  ) );
#9549 = PCURVE('',#3775,#9550);
#9550 = DEFINITIONAL_REPRESENTATION('',(#9551),#9555);
#9551 = LINE('',#9552,#9553);
#9552 = CARTESIAN_POINT('',(0.763671875,0.));
#9553 = VECTOR('',#9554,1.);
#9554 = DIRECTION('',(0.,-1.));
#9555 = ( GEOMETRIC_REPRESENTATION_CONTEXT(2) 
PARAMETRIC_REPRESENTATION_CONTEXT() REPRESENTATION_CONTEXT('2D SPACE',''
  ) );
#9556 = ORIENTED_EDGE('',*,*,#3786,.F.);
#9557 = ORIENTED_EDGE('',*,*,#9487,.F.);
#9558 = ADVANCED_FACE('',(#9559),#3775,.F.);
#9559 = FACE_BOUND('',#9560,.F.);
#9560 = EDGE_LOOP('',(#9561,#9584,#9605,#9606));
#9561 = ORIENTED_EDGE('',*,*,#9562,.F.);
#9562 = EDGE_CURVE('',#9563,#9514,#9565,.T.);
#9563 = VERTEX_POINT('',#9564);
#9564 = CARTESIAN_POINT('',(-6.280029296875,7.40498046875,94.));
#9565 = SURFACE_CURVE('',#9566,(#9570,#9577),.PCURVE_S1.);
#9566 = LINE('',#9567,#9568);
#9567 = CARTESIAN_POINT('',(-6.280029296875,7.40498046875,94.));
#9568 = VECTOR('',#9569,1.);
#9569 = DIRECTION('',(1.,0.,0.));
#9570 = PCURVE('',#3775,#9571);
#9571 = DEFINITIONAL_REPRESENTATION('',(#9572),#9576);
#9572 = LINE('',#9573,#9574);
#9573 = CARTESIAN_POINT('',(0.,0.));
#9574 = VECTOR('',#9575,1.);
#9575 = DIRECTION('',(1.,0.));
#9576 = ( GEOMETRIC_REPRESENTATION_CONTEXT(2) 
PARAMETRIC_REPRESENTATION_CONTEXT() REPRESENTATION_CONTEXT('2D SPACE',''
  ) );
#9577 = PCURVE('',#7430,#9578);
#9578 = DEFINITIONAL_REPRESENTATION('',(#9579),#9583);
#9579 = LINE('',#9580,#9581);
#9580 = CARTESIAN_POINT('',(2.1203125,0.5974609375));
#9581 = VECTOR('',#9582,1.);
#9582 = DIRECTION('',(1.,0.));
#9583 = ( GEOMETRIC_REPRESENTATION_CONTEXT(2) 
PARAMETRIC_REPRESENTATION_CONTEXT() REPRESENTATION_CONTEXT('2D SPACE',''
  ) );
#9584 = ORIENTED_EDGE('',*,*,#9585,.T.);
#9585 = EDGE_CURVE('',#9563,#3735,#9586,.T.);
#9586 = SURFACE_CURVE('',#9587,(#9591,#9598),.PCURVE_S1.);
#9587 = LINE('',#9588,#9589);
#9588 = CARTESIAN_POINT('',(-6.280029296875,7.40498046875,94.));
#9589 = VECTOR('',#9590,1.);
#9590 = DIRECTION('',(0.,0.,1.));
#9591 = PCURVE('',#3775,#9592);
#9592 = DEFINITIONAL_REPRESENTATION('',(#9593),#9597);
#9593 = LINE('',#9594,#9595);
#9594 = CARTESIAN_POINT('',(0.,0.));
#9595 = VECTOR('',#9596,1.);
#9596 = DIRECTION('',(0.,-1.));
#9597 = ( GEOMETRIC_REPRESENTATION_CONTEXT(2) 
PARAMETRIC_REPRESENTATION_CONTEXT() REPRESENTATION_CONTEXT('2D SPACE',''
  ) );
#9598 = PCURVE('',#3749,#9599);
#9599 = DEFINITIONAL_REPRESENTATION('',(#9600),#9604);
#9600 = LINE('',#9601,#9602);
#9601 = CARTESIAN_POINT('',(2.75595703125,0.));
#9602 = VECTOR('',#9603,1.);
#9603 = DIRECTION('',(0.,-1.));
#9604 = ( GEOMETRIC_REPRESENTATION_CONTEXT(2) 
PARAMETRIC_REPRESENTATION_CONTEXT() REPRESENTATION_CONTEXT('2D SPACE',''
  ) );
#9605 = ORIENTED_EDGE('',*,*,#3760,.F.);
#9606 = ORIENTED_EDGE('',*,*,#9536,.F.);
#9607 = ADVANCED_FACE('',(#9608),#3749,.F.);
#9608 = FACE_BOUND('',#9609,.F.);
#9609 = EDGE_LOOP('',(#9610,#9633,#9654,#9655));
#9610 = ORIENTED_EDGE('',*,*,#9611,.F.);
#9611 = EDGE_CURVE('',#9612,#9563,#9614,.T.);
#9612 = VERTEX_POINT('',#9613);
#9613 = CARTESIAN_POINT('',(-6.280029296875,10.1609375,94.));
#9614 = SURFACE_CURVE('',#9615,(#9619,#9626),.PCURVE_S1.);
#9615 = LINE('',#9616,#9617);
#9616 = CARTESIAN_POINT('',(-6.280029296875,10.1609375,94.));
#9617 = VECTOR('',#9618,1.);
#9618 = DIRECTION('',(0.,-1.,0.));
#9619 = PCURVE('',#3749,#9620);
#9620 = DEFINITIONAL_REPRESENTATION('',(#9621),#9625);
#9621 = LINE('',#9622,#9623);
#9622 = CARTESIAN_POINT('',(0.,0.));
#9623 = VECTOR('',#9624,1.);
#9624 = DIRECTION('',(1.,0.));
#9625 = ( GEOMETRIC_REPRESENTATION_CONTEXT(2) 
PARAMETRIC_REPRESENTATION_CONTEXT() REPRESENTATION_CONTEXT('2D SPACE',''
  ) );
#9626 = PCURVE('',#7430,#9627);
#9627 = DEFINITIONAL_REPRESENTATION('',(#9628),#9632);
#9628 = LINE('',#9629,#9630);
#9629 = CARTESIAN_POINT('',(2.1203125,3.35341796875));
#9630 = VECTOR('',#9631,1.);
#9631 = DIRECTION('',(0.,-1.));
#9632 = ( GEOMETRIC_REPRESENTATION_CONTEXT(2) 
PARAMETRIC_REPRESENTATION_CONTEXT() REPRESENTATION_CONTEXT('2D SPACE',''
  ) );
#9633 = ORIENTED_EDGE('',*,*,#9634,.T.);
#9634 = EDGE_CURVE('',#9612,#3709,#9635,.T.);
#9635 = SURFACE_CURVE('',#9636,(#9640,#9647),.PCURVE_S1.);
#9636 = LINE('',#9637,#9638);
#9637 = CARTESIAN_POINT('',(-6.280029296875,10.1609375,94.));
#9638 = VECTOR('',#9639,1.);
#9639 = DIRECTION('',(0.,0.,1.));
#9640 = PCURVE('',#3749,#9641);
#9641 = DEFINITIONAL_REPRESENTATION('',(#9642),#9646);
#9642 = LINE('',#9643,#9644);
#9643 = CARTESIAN_POINT('',(0.,0.));
#9644 = VECTOR('',#9645,1.);
#9645 = DIRECTION('',(0.,-1.));
#9646 = ( GEOMETRIC_REPRESENTATION_CONTEXT(2) 
PARAMETRIC_REPRESENTATION_CONTEXT() REPRESENTATION_CONTEXT('2D SPACE',''
  ) );
#9647 = PCURVE('',#3723,#9648);
#9648 = DEFINITIONAL_REPRESENTATION('',(#9649),#9653);
#9649 = LINE('',#9650,#9651);
#9650 = CARTESIAN_POINT('',(0.8220703125,0.));
#9651 = VECTOR('',#9652,1.);
#9652 = DIRECTION('',(0.,-1.));
#9653 = ( GEOMETRIC_REPRESENTATION_CONTEXT(2) 
PARAMETRIC_REPRESENTATION_CONTEXT() REPRESENTATION_CONTEXT('2D SPACE',''
  ) );
#9654 = ORIENTED_EDGE('',*,*,#3734,.F.);
#9655 = ORIENTED_EDGE('',*,*,#9585,.F.);
#9656 = ADVANCED_FACE('',(#9657),#3723,.F.);
#9657 = FACE_BOUND('',#9658,.F.);
#9658 = EDGE_LOOP('',(#9659,#9680,#9681,#9682));
#9659 = ORIENTED_EDGE('',*,*,#9660,.F.);
#9660 = EDGE_CURVE('',#7415,#9612,#9661,.T.);
#9661 = SURFACE_CURVE('',#9662,(#9666,#9673),.PCURVE_S1.);
#9662 = LINE('',#9663,#9664);
#9663 = CARTESIAN_POINT('',(-7.102099609375,10.1609375,94.));
#9664 = VECTOR('',#9665,1.);
#9665 = DIRECTION('',(1.,0.,0.));
#9666 = PCURVE('',#3723,#9667);
#9667 = DEFINITIONAL_REPRESENTATION('',(#9668),#9672);
#9668 = LINE('',#9669,#9670);
#9669 = CARTESIAN_POINT('',(0.,0.));
#9670 = VECTOR('',#9671,1.);
#9671 = DIRECTION('',(1.,0.));
#9672 = ( GEOMETRIC_REPRESENTATION_CONTEXT(2) 
PARAMETRIC_REPRESENTATION_CONTEXT() REPRESENTATION_CONTEXT('2D SPACE',''
  ) );
#9673 = PCURVE('',#7430,#9674);
#9674 = DEFINITIONAL_REPRESENTATION('',(#9675),#9679);
#9675 = LINE('',#9676,#9677);
#9676 = CARTESIAN_POINT('',(1.2982421875,3.35341796875));
#9677 = VECTOR('',#9678,1.);
#9678 = DIRECTION('',(1.,0.));
#9679 = ( GEOMETRIC_REPRESENTATION_CONTEXT(2) 
PARAMETRIC_REPRESENTATION_CONTEXT() REPRESENTATION_CONTEXT('2D SPACE',''
  ) );
#9680 = ORIENTED_EDGE('',*,*,#7465,.T.);
#9681 = ORIENTED_EDGE('',*,*,#3708,.F.);
#9682 = ORIENTED_EDGE('',*,*,#9634,.F.);
#9683 = ADVANCED_FACE('',(#9684),#3656,.F.);
#9684 = FACE_BOUND('',#9685,.F.);
#9685 = EDGE_LOOP('',(#9686,#9709,#9730,#9731));
#9686 = ORIENTED_EDGE('',*,*,#9687,.F.);
#9687 = EDGE_CURVE('',#9688,#7363,#9690,.T.);
#9688 = VERTEX_POINT('',#9689);
#9689 = CARTESIAN_POINT('',(5.687060546875,8.27421875,94.));
#9690 = SURFACE_CURVE('',#9691,(#9695,#9702),.PCURVE_S1.);
#9691 = LINE('',#9692,#9693);
#9692 = CARTESIAN_POINT('',(5.687060546875,8.27421875,94.));
#9693 = VECTOR('',#9694,1.);
#9694 = DIRECTION('',(0.,1.,0.));
#9695 = PCURVE('',#3656,#9696);
#9696 = DEFINITIONAL_REPRESENTATION('',(#9697),#9701);
#9697 = LINE('',#9698,#9699);
#9698 = CARTESIAN_POINT('',(0.,0.));
#9699 = VECTOR('',#9700,1.);
#9700 = DIRECTION('',(1.,0.));
#9701 = ( GEOMETRIC_REPRESENTATION_CONTEXT(2) 
PARAMETRIC_REPRESENTATION_CONTEXT() REPRESENTATION_CONTEXT('2D SPACE',''
  ) );
#9702 = PCURVE('',#7303,#9703);
#9703 = DEFINITIONAL_REPRESENTATION('',(#9704),#9708);
#9704 = LINE('',#9705,#9706);
#9705 = CARTESIAN_POINT('',(0.48740234375,1.46669921875));
#9706 = VECTOR('',#9707,1.);
#9707 = DIRECTION('',(0.,1.));
#9708 = ( GEOMETRIC_REPRESENTATION_CONTEXT(2) 
PARAMETRIC_REPRESENTATION_CONTEXT() REPRESENTATION_CONTEXT('2D SPACE',''
  ) );
#9709 = ORIENTED_EDGE('',*,*,#9710,.T.);
#9710 = EDGE_CURVE('',#9688,#3603,#9711,.T.);
#9711 = SURFACE_CURVE('',#9712,(#9716,#9723),.PCURVE_S1.);
#9712 = LINE('',#9713,#9714);
#9713 = CARTESIAN_POINT('',(5.687060546875,8.27421875,94.));
#9714 = VECTOR('',#9715,1.);
#9715 = DIRECTION('',(0.,0.,1.));
#9716 = PCURVE('',#3656,#9717);
#9717 = DEFINITIONAL_REPRESENTATION('',(#9718),#9722);
#9718 = LINE('',#9719,#9720);
#9719 = CARTESIAN_POINT('',(0.,0.));
#9720 = VECTOR('',#9721,1.);
#9721 = DIRECTION('',(0.,-1.));
#9722 = ( GEOMETRIC_REPRESENTATION_CONTEXT(2) 
PARAMETRIC_REPRESENTATION_CONTEXT() REPRESENTATION_CONTEXT('2D SPACE',''
  ) );
#9723 = PCURVE('',#3624,#9724);
#9724 = DEFINITIONAL_REPRESENTATION('',(#9725),#9729);
#9725 = LINE('',#9726,#9727);
#9726 = CARTESIAN_POINT('',(1.,0.));
#9727 = VECTOR('',#9728,1.);
#9728 = DIRECTION('',(0.,-1.));
#9729 = ( GEOMETRIC_REPRESENTATION_CONTEXT(2) 
PARAMETRIC_REPRESENTATION_CONTEXT() REPRESENTATION_CONTEXT('2D SPACE',''
  ) );
#9730 = ORIENTED_EDGE('',*,*,#3641,.F.);
#9731 = ORIENTED_EDGE('',*,*,#7385,.F.);
#9732 = ADVANCED_FACE('',(#9733),#3624,.F.);
#9733 = FACE_BOUND('',#9734,.F.);
#9734 = EDGE_LOOP('',(#9735,#9758,#9779,#9780));
#9735 = ORIENTED_EDGE('',*,*,#9736,.F.);
#9736 = EDGE_CURVE('',#9737,#9688,#9739,.T.);
#9737 = VERTEX_POINT('',#9738);
#9738 = CARTESIAN_POINT('',(6.140771484375,8.423583984375,94.));
#9739 = SURFACE_CURVE('',#9740,(#9744,#9751),.PCURVE_S1.);
#9740 = B_SPLINE_CURVE_WITH_KNOTS('',2,(#9741,#9742,#9743),
  .UNSPECIFIED.,.F.,.F.,(3,3),(0.,1.),.PIECEWISE_BEZIER_KNOTS.);
#9741 = CARTESIAN_POINT('',(6.140771484375,8.423583984375,94.));
#9742 = CARTESIAN_POINT('',(5.929638671875,8.37529296875,94.));
#9743 = CARTESIAN_POINT('',(5.687060546875,8.27421875,94.));
#9744 = PCURVE('',#3624,#9745);
#9745 = DEFINITIONAL_REPRESENTATION('',(#9746),#9750);
#9746 = LINE('',#9747,#9748);
#9747 = CARTESIAN_POINT('',(0.,0.));
#9748 = VECTOR('',#9749,1.);
#9749 = DIRECTION('',(1.,0.));
#9750 = ( GEOMETRIC_REPRESENTATION_CONTEXT(2) 
PARAMETRIC_REPRESENTATION_CONTEXT() REPRESENTATION_CONTEXT('2D SPACE',''
  ) );
#9751 = PCURVE('',#7303,#9752);
#9752 = DEFINITIONAL_REPRESENTATION('',(#9753),#9757);
#9753 = B_SPLINE_CURVE_WITH_KNOTS('',2,(#9754,#9755,#9756),
  .UNSPECIFIED.,.F.,.F.,(3,3),(0.,1.),.PIECEWISE_BEZIER_KNOTS.);
#9754 = CARTESIAN_POINT('',(0.94111328125,1.616064453125));
#9755 = CARTESIAN_POINT('',(0.72998046875,1.5677734375));
#9756 = CARTESIAN_POINT('',(0.48740234375,1.46669921875));
#9757 = ( GEOMETRIC_REPRESENTATION_CONTEXT(2) 
PARAMETRIC_REPRESENTATION_CONTEXT() REPRESENTATION_CONTEXT('2D SPACE',''
  ) );
#9758 = ORIENTED_EDGE('',*,*,#9759,.T.);
#9759 = EDGE_CURVE('',#9737,#3564,#9760,.T.);
#9760 = SURFACE_CURVE('',#9761,(#9765,#9772),.PCURVE_S1.);
#9761 = LINE('',#9762,#9763);
#9762 = CARTESIAN_POINT('',(6.140771484375,8.423583984375,94.));
#9763 = VECTOR('',#9764,1.);
#9764 = DIRECTION('',(0.,0.,1.));
#9765 = PCURVE('',#3624,#9766);
#9766 = DEFINITIONAL_REPRESENTATION('',(#9767),#9771);
#9767 = LINE('',#9768,#9769);
#9768 = CARTESIAN_POINT('',(0.,0.));
#9769 = VECTOR('',#9770,1.);
#9770 = DIRECTION('',(0.,-1.));
#9771 = ( GEOMETRIC_REPRESENTATION_CONTEXT(2) 
PARAMETRIC_REPRESENTATION_CONTEXT() REPRESENTATION_CONTEXT('2D SPACE',''
  ) );
#9772 = PCURVE('',#3585,#9773);
#9773 = DEFINITIONAL_REPRESENTATION('',(#9774),#9778);
#9774 = LINE('',#9775,#9776);
#9775 = CARTESIAN_POINT('',(1.,0.));
#9776 = VECTOR('',#9777,1.);
#9777 = DIRECTION('',(0.,-1.));
#9778 = ( GEOMETRIC_REPRESENTATION_CONTEXT(2) 
PARAMETRIC_REPRESENTATION_CONTEXT() REPRESENTATION_CONTEXT('2D SPACE',''
  ) );
#9779 = ORIENTED_EDGE('',*,*,#3602,.F.);
#9780 = ORIENTED_EDGE('',*,*,#9710,.F.);
#9781 = ADVANCED_FACE('',(#9782),#3585,.F.);
#9782 = FACE_BOUND('',#9783,.F.);
#9783 = EDGE_LOOP('',(#9784,#9807,#9828,#9829));
#9784 = ORIENTED_EDGE('',*,*,#9785,.F.);
#9785 = EDGE_CURVE('',#9786,#9737,#9788,.T.);
#9786 = VERTEX_POINT('',#9787);
#9787 = CARTESIAN_POINT('',(6.538330078125,8.471875,94.));
#9788 = SURFACE_CURVE('',#9789,(#9793,#9800),.PCURVE_S1.);
#9789 = B_SPLINE_CURVE_WITH_KNOTS('',2,(#9790,#9791,#9792),
  .UNSPECIFIED.,.F.,.F.,(3,3),(0.,1.),.PIECEWISE_BEZIER_KNOTS.);
#9790 = CARTESIAN_POINT('',(6.538330078125,8.471875,94.));
#9791 = CARTESIAN_POINT('',(6.351904296875,8.471875,94.));
#9792 = CARTESIAN_POINT('',(6.140771484375,8.423583984375,94.));
#9793 = PCURVE('',#3585,#9794);
#9794 = DEFINITIONAL_REPRESENTATION('',(#9795),#9799);
#9795 = LINE('',#9796,#9797);
#9796 = CARTESIAN_POINT('',(0.,0.));
#9797 = VECTOR('',#9798,1.);
#9798 = DIRECTION('',(1.,0.));
#9799 = ( GEOMETRIC_REPRESENTATION_CONTEXT(2) 
PARAMETRIC_REPRESENTATION_CONTEXT() REPRESENTATION_CONTEXT('2D SPACE',''
  ) );
#9800 = PCURVE('',#7303,#9801);
#9801 = DEFINITIONAL_REPRESENTATION('',(#9802),#9806);
#9802 = B_SPLINE_CURVE_WITH_KNOTS('',2,(#9803,#9804,#9805),
  .UNSPECIFIED.,.F.,.F.,(3,3),(0.,1.),.PIECEWISE_BEZIER_KNOTS.);
#9803 = CARTESIAN_POINT('',(1.338671875,1.66435546875));
#9804 = CARTESIAN_POINT('',(1.15224609375,1.66435546875));
#9805 = CARTESIAN_POINT('',(0.94111328125,1.616064453125));
#9806 = ( GEOMETRIC_REPRESENTATION_CONTEXT(2) 
PARAMETRIC_REPRESENTATION_CONTEXT() REPRESENTATION_CONTEXT('2D SPACE',''
  ) );
#9807 = ORIENTED_EDGE('',*,*,#9808,.T.);
#9808 = EDGE_CURVE('',#9786,#3513,#9809,.T.);
#9809 = SURFACE_CURVE('',#9810,(#9814,#9821),.PCURVE_S1.);
#9810 = LINE('',#9811,#9812);
#9811 = CARTESIAN_POINT('',(6.538330078125,8.471875,94.));
#9812 = VECTOR('',#9813,1.);
#9813 = DIRECTION('',(0.,0.,1.));
#9814 = PCURVE('',#3585,#9815);
#9815 = DEFINITIONAL_REPRESENTATION('',(#9816),#9820);
#9816 = LINE('',#9817,#9818);
#9817 = CARTESIAN_POINT('',(0.,0.));
#9818 = VECTOR('',#9819,1.);
#9819 = DIRECTION('',(0.,-1.));
#9820 = ( GEOMETRIC_REPRESENTATION_CONTEXT(2) 
PARAMETRIC_REPRESENTATION_CONTEXT() REPRESENTATION_CONTEXT('2D SPACE',''
  ) );
#9821 = PCURVE('',#3542,#9822);
#9822 = DEFINITIONAL_REPRESENTATION('',(#9823),#9827);
#9823 = LINE('',#9824,#9825);
#9824 = CARTESIAN_POINT('',(1.,0.));
#9825 = VECTOR('',#9826,1.);
#9826 = DIRECTION('',(0.,-1.));
#9827 = ( GEOMETRIC_REPRESENTATION_CONTEXT(2) 
PARAMETRIC_REPRESENTATION_CONTEXT() REPRESENTATION_CONTEXT('2D SPACE',''
  ) );
#9828 = ORIENTED_EDGE('',*,*,#3563,.F.);
#9829 = ORIENTED_EDGE('',*,*,#9759,.F.);
#9830 = ADVANCED_FACE('',(#9831),#3542,.F.);
#9831 = FACE_BOUND('',#9832,.F.);
#9832 = EDGE_LOOP('',(#9833,#9856,#9877,#9878));
#9833 = ORIENTED_EDGE('',*,*,#9834,.F.);
#9834 = EDGE_CURVE('',#9835,#9786,#9837,.T.);
#9835 = VERTEX_POINT('',#9836);
#9836 = CARTESIAN_POINT('',(7.03359375,8.319140625,94.));
#9837 = SURFACE_CURVE('',#9838,(#9842,#9849),.PCURVE_S1.);
#9838 = B_SPLINE_CURVE_WITH_KNOTS('',2,(#9839,#9840,#9841),
  .UNSPECIFIED.,.F.,.F.,(3,3),(0.,1.),.PIECEWISE_BEZIER_KNOTS.);
#9839 = CARTESIAN_POINT('',(7.03359375,8.319140625,94.));
#9840 = CARTESIAN_POINT('',(6.852783203125,8.471875,94.));
#9841 = CARTESIAN_POINT('',(6.538330078125,8.471875,94.));
#9842 = PCURVE('',#3542,#9843);
#9843 = DEFINITIONAL_REPRESENTATION('',(#9844),#9848);
#9844 = LINE('',#9845,#9846);
#9845 = CARTESIAN_POINT('',(0.,0.));
#9846 = VECTOR('',#9847,1.);
#9847 = DIRECTION('',(1.,0.));
#9848 = ( GEOMETRIC_REPRESENTATION_CONTEXT(2) 
PARAMETRIC_REPRESENTATION_CONTEXT() REPRESENTATION_CONTEXT('2D SPACE',''
  ) );
#9849 = PCURVE('',#7303,#9850);
#9850 = DEFINITIONAL_REPRESENTATION('',(#9851),#9855);
#9851 = B_SPLINE_CURVE_WITH_KNOTS('',2,(#9852,#9853,#9854),
  .UNSPECIFIED.,.F.,.F.,(3,3),(0.,1.),.PIECEWISE_BEZIER_KNOTS.);
#9852 = CARTESIAN_POINT('',(1.833935546875,1.51162109375));
#9853 = CARTESIAN_POINT('',(1.653125,1.66435546875));
#9854 = CARTESIAN_POINT('',(1.338671875,1.66435546875));
#9855 = ( GEOMETRIC_REPRESENTATION_CONTEXT(2) 
PARAMETRIC_REPRESENTATION_CONTEXT() REPRESENTATION_CONTEXT('2D SPACE',''
  ) );
#9856 = ORIENTED_EDGE('',*,*,#9857,.T.);
#9857 = EDGE_CURVE('',#9835,#3462,#9858,.T.);
#9858 = SURFACE_CURVE('',#9859,(#9863,#9870),.PCURVE_S1.);
#9859 = LINE('',#9860,#9861);
#9860 = CARTESIAN_POINT('',(7.03359375,8.319140625,94.));
#9861 = VECTOR('',#9862,1.);
#9862 = DIRECTION('',(0.,0.,1.));
#9863 = PCURVE('',#3542,#9864);
#9864 = DEFINITIONAL_REPRESENTATION('',(#9865),#9869);
#9865 = LINE('',#9866,#9867);
#9866 = CARTESIAN_POINT('',(0.,0.));
#9867 = VECTOR('',#9868,1.);
#9868 = DIRECTION('',(0.,-1.));
#9869 = ( GEOMETRIC_REPRESENTATION_CONTEXT(2) 
PARAMETRIC_REPRESENTATION_CONTEXT() REPRESENTATION_CONTEXT('2D SPACE',''
  ) );
#9870 = PCURVE('',#3491,#9871);
#9871 = DEFINITIONAL_REPRESENTATION('',(#9872),#9876);
#9872 = LINE('',#9873,#9874);
#9873 = CARTESIAN_POINT('',(1.,0.));
#9874 = VECTOR('',#9875,1.);
#9875 = DIRECTION('',(0.,-1.));
#9876 = ( GEOMETRIC_REPRESENTATION_CONTEXT(2) 
PARAMETRIC_REPRESENTATION_CONTEXT() REPRESENTATION_CONTEXT('2D SPACE',''
  ) );
#9877 = ORIENTED_EDGE('',*,*,#3512,.F.);
#9878 = ORIENTED_EDGE('',*,*,#9808,.F.);
#9879 = ADVANCED_FACE('',(#9880),#3491,.F.);
#9880 = FACE_BOUND('',#9881,.F.);
#9881 = EDGE_LOOP('',(#9882,#9905,#9926,#9927));
#9882 = ORIENTED_EDGE('',*,*,#9883,.F.);
#9883 = EDGE_CURVE('',#9884,#9835,#9886,.T.);
#9884 = VERTEX_POINT('',#9885);
#9885 = CARTESIAN_POINT('',(7.214404296875,7.9013671875,94.));
#9886 = SURFACE_CURVE('',#9887,(#9891,#9898),.PCURVE_S1.);
#9887 = B_SPLINE_CURVE_WITH_KNOTS('',2,(#9888,#9889,#9890),
  .UNSPECIFIED.,.F.,.F.,(3,3),(0.,1.),.PIECEWISE_BEZIER_KNOTS.);
#9888 = CARTESIAN_POINT('',(7.214404296875,7.9013671875,94.));
#9889 = CARTESIAN_POINT('',(7.214404296875,8.16640625,94.));
#9890 = CARTESIAN_POINT('',(7.03359375,8.319140625,94.));
#9891 = PCURVE('',#3491,#9892);
#9892 = DEFINITIONAL_REPRESENTATION('',(#9893),#9897);
#9893 = LINE('',#9894,#9895);
#9894 = CARTESIAN_POINT('',(0.,0.));
#9895 = VECTOR('',#9896,1.);
#9896 = DIRECTION('',(1.,0.));
#9897 = ( GEOMETRIC_REPRESENTATION_CONTEXT(2) 
PARAMETRIC_REPRESENTATION_CONTEXT() REPRESENTATION_CONTEXT('2D SPACE',''
  ) );
#9898 = PCURVE('',#7303,#9899);
#9899 = DEFINITIONAL_REPRESENTATION('',(#9900),#9904);
#9900 = B_SPLINE_CURVE_WITH_KNOTS('',2,(#9901,#9902,#9903),
  .UNSPECIFIED.,.F.,.F.,(3,3),(0.,1.),.PIECEWISE_BEZIER_KNOTS.);
#9901 = CARTESIAN_POINT('',(2.01474609375,1.09384765625));
#9902 = CARTESIAN_POINT('',(2.01474609375,1.35888671875));
#9903 = CARTESIAN_POINT('',(1.833935546875,1.51162109375));
#9904 = ( GEOMETRIC_REPRESENTATION_CONTEXT(2) 
PARAMETRIC_REPRESENTATION_CONTEXT() REPRESENTATION_CONTEXT('2D SPACE',''
  ) );
#9905 = ORIENTED_EDGE('',*,*,#9906,.T.);
#9906 = EDGE_CURVE('',#9884,#3411,#9907,.T.);
#9907 = SURFACE_CURVE('',#9908,(#9912,#9919),.PCURVE_S1.);
#9908 = LINE('',#9909,#9910);
#9909 = CARTESIAN_POINT('',(7.214404296875,7.9013671875,94.));
#9910 = VECTOR('',#9911,1.);
#9911 = DIRECTION('',(0.,0.,1.));
#9912 = PCURVE('',#3491,#9913);
#9913 = DEFINITIONAL_REPRESENTATION('',(#9914),#9918);
#9914 = LINE('',#9915,#9916);
#9915 = CARTESIAN_POINT('',(0.,0.));
#9916 = VECTOR('',#9917,1.);
#9917 = DIRECTION('',(0.,-1.));
#9918 = ( GEOMETRIC_REPRESENTATION_CONTEXT(2) 
PARAMETRIC_REPRESENTATION_CONTEXT() REPRESENTATION_CONTEXT('2D SPACE',''
  ) );
#9919 = PCURVE('',#3440,#9920);
#9920 = DEFINITIONAL_REPRESENTATION('',(#9921),#9925);
#9921 = LINE('',#9922,#9923);
#9922 = CARTESIAN_POINT('',(1.,0.));
#9923 = VECTOR('',#9924,1.);
#9924 = DIRECTION('',(0.,-1.));
#9925 = ( GEOMETRIC_REPRESENTATION_CONTEXT(2) 
PARAMETRIC_REPRESENTATION_CONTEXT() REPRESENTATION_CONTEXT('2D SPACE',''
  ) );
#9926 = ORIENTED_EDGE('',*,*,#3461,.F.);
#9927 = ORIENTED_EDGE('',*,*,#9857,.F.);
#9928 = ADVANCED_FACE('',(#9929),#3440,.F.);
#9929 = FACE_BOUND('',#9930,.F.);
#9930 = EDGE_LOOP('',(#9931,#9954,#9975,#9976));
#9931 = ORIENTED_EDGE('',*,*,#9932,.F.);
#9932 = EDGE_CURVE('',#9933,#9884,#9935,.T.);
#9933 = VERTEX_POINT('',#9934);
#9934 = CARTESIAN_POINT('',(7.03359375,7.484716796875,94.));
#9935 = SURFACE_CURVE('',#9936,(#9940,#9947),.PCURVE_S1.);
#9936 = B_SPLINE_CURVE_WITH_KNOTS('',2,(#9937,#9938,#9939),
  .UNSPECIFIED.,.F.,.F.,(3,3),(0.,1.),.PIECEWISE_BEZIER_KNOTS.);
#9937 = CARTESIAN_POINT('',(7.03359375,7.484716796875,94.));
#9938 = CARTESIAN_POINT('',(7.214404296875,7.63857421875,94.));
#9939 = CARTESIAN_POINT('',(7.214404296875,7.9013671875,94.));
#9940 = PCURVE('',#3440,#9941);
#9941 = DEFINITIONAL_REPRESENTATION('',(#9942),#9946);
#9942 = LINE('',#9943,#9944);
#9943 = CARTESIAN_POINT('',(0.,0.));
#9944 = VECTOR('',#9945,1.);
#9945 = DIRECTION('',(1.,0.));
#9946 = ( GEOMETRIC_REPRESENTATION_CONTEXT(2) 
PARAMETRIC_REPRESENTATION_CONTEXT() REPRESENTATION_CONTEXT('2D SPACE',''
  ) );
#9947 = PCURVE('',#7303,#9948);
#9948 = DEFINITIONAL_REPRESENTATION('',(#9949),#9953);
#9949 = B_SPLINE_CURVE_WITH_KNOTS('',2,(#9950,#9951,#9952),
  .UNSPECIFIED.,.F.,.F.,(3,3),(0.,1.),.PIECEWISE_BEZIER_KNOTS.);
#9950 = CARTESIAN_POINT('',(1.833935546875,0.677197265625));
#9951 = CARTESIAN_POINT('',(2.01474609375,0.8310546875));
#9952 = CARTESIAN_POINT('',(2.01474609375,1.09384765625));
#9953 = ( GEOMETRIC_REPRESENTATION_CONTEXT(2) 
PARAMETRIC_REPRESENTATION_CONTEXT() REPRESENTATION_CONTEXT('2D SPACE',''
  ) );
#9954 = ORIENTED_EDGE('',*,*,#9955,.T.);
#9955 = EDGE_CURVE('',#9933,#3360,#9956,.T.);
#9956 = SURFACE_CURVE('',#9957,(#9961,#9968),.PCURVE_S1.);
#9957 = LINE('',#9958,#9959);
#9958 = CARTESIAN_POINT('',(7.03359375,7.484716796875,94.));
#9959 = VECTOR('',#9960,1.);
#9960 = DIRECTION('',(0.,0.,1.));
#9961 = PCURVE('',#3440,#9962);
#9962 = DEFINITIONAL_REPRESENTATION('',(#9963),#9967);
#9963 = LINE('',#9964,#9965);
#9964 = CARTESIAN_POINT('',(0.,0.));
#9965 = VECTOR('',#9966,1.);
#9966 = DIRECTION('',(0.,-1.));
#9967 = ( GEOMETRIC_REPRESENTATION_CONTEXT(2) 
PARAMETRIC_REPRESENTATION_CONTEXT() REPRESENTATION_CONTEXT('2D SPACE',''
  ) );
#9968 = PCURVE('',#3389,#9969);
#9969 = DEFINITIONAL_REPRESENTATION('',(#9970),#9974);
#9970 = LINE('',#9971,#9972);
#9971 = CARTESIAN_POINT('',(1.,0.));
#9972 = VECTOR('',#9973,1.);
#9973 = DIRECTION('',(0.,-1.));
#9974 = ( GEOMETRIC_REPRESENTATION_CONTEXT(2) 
PARAMETRIC_REPRESENTATION_CONTEXT() REPRESENTATION_CONTEXT('2D SPACE',''
  ) );
#9975 = ORIENTED_EDGE('',*,*,#3410,.F.);
#9976 = ORIENTED_EDGE('',*,*,#9906,.F.);
#9977 = ADVANCED_FACE('',(#9978),#3389,.F.);
#9978 = FACE_BOUND('',#9979,.F.);
#9979 = EDGE_LOOP('',(#9980,#10003,#10024,#10025));
#9980 = ORIENTED_EDGE('',*,*,#9981,.F.);
#9981 = EDGE_CURVE('',#9982,#9933,#9984,.T.);
#9982 = VERTEX_POINT('',#9983);
#9983 = CARTESIAN_POINT('',(6.538330078125,7.330859375,94.));
#9984 = SURFACE_CURVE('',#9985,(#9989,#9996),.PCURVE_S1.);
#9985 = B_SPLINE_CURVE_WITH_KNOTS('',2,(#9986,#9987,#9988),
  .UNSPECIFIED.,.F.,.F.,(3,3),(0.,1.),.PIECEWISE_BEZIER_KNOTS.);
#9986 = CARTESIAN_POINT('',(6.538330078125,7.330859375,94.));
#9987 = CARTESIAN_POINT('',(6.852783203125,7.330859375,94.));
#9988 = CARTESIAN_POINT('',(7.03359375,7.484716796875,94.));
#9989 = PCURVE('',#3389,#9990);
#9990 = DEFINITIONAL_REPRESENTATION('',(#9991),#9995);
#9991 = LINE('',#9992,#9993);
#9992 = CARTESIAN_POINT('',(0.,0.));
#9993 = VECTOR('',#9994,1.);
#9994 = DIRECTION('',(1.,0.));
#9995 = ( GEOMETRIC_REPRESENTATION_CONTEXT(2) 
PARAMETRIC_REPRESENTATION_CONTEXT() REPRESENTATION_CONTEXT('2D SPACE',''
  ) );
#9996 = PCURVE('',#7303,#9997);
#9997 = DEFINITIONAL_REPRESENTATION('',(#9998),#10002);
#9998 = B_SPLINE_CURVE_WITH_KNOTS('',2,(#9999,#10000,#10001),
  .UNSPECIFIED.,.F.,.F.,(3,3),(0.,1.),.PIECEWISE_BEZIER_KNOTS.);
#9999 = CARTESIAN_POINT('',(1.338671875,0.52333984375));
#10000 = CARTESIAN_POINT('',(1.653125,0.52333984375));
#10001 = CARTESIAN_POINT('',(1.833935546875,0.677197265625));
#10002 = ( GEOMETRIC_REPRESENTATION_CONTEXT(2) 
PARAMETRIC_REPRESENTATION_CONTEXT() REPRESENTATION_CONTEXT('2D SPACE',''
  ) );
#10003 = ORIENTED_EDGE('',*,*,#10004,.T.);
#10004 = EDGE_CURVE('',#9982,#3321,#10005,.T.);
#10005 = SURFACE_CURVE('',#10006,(#10010,#10017),.PCURVE_S1.);
#10006 = LINE('',#10007,#10008);
#10007 = CARTESIAN_POINT('',(6.538330078125,7.330859375,94.));
#10008 = VECTOR('',#10009,1.);
#10009 = DIRECTION('',(0.,0.,1.));
#10010 = PCURVE('',#3389,#10011);
#10011 = DEFINITIONAL_REPRESENTATION('',(#10012),#10016);
#10012 = LINE('',#10013,#10014);
#10013 = CARTESIAN_POINT('',(0.,0.));
#10014 = VECTOR('',#10015,1.);
#10015 = DIRECTION('',(0.,-1.));
#10016 = ( GEOMETRIC_REPRESENTATION_CONTEXT(2) 
PARAMETRIC_REPRESENTATION_CONTEXT() REPRESENTATION_CONTEXT('2D SPACE',''
  ) );
#10017 = PCURVE('',#3342,#10018);
#10018 = DEFINITIONAL_REPRESENTATION('',(#10019),#10023);
#10019 = LINE('',#10020,#10021);
#10020 = CARTESIAN_POINT('',(1.,0.));
#10021 = VECTOR('',#10022,1.);
#10022 = DIRECTION('',(0.,-1.));
#10023 = ( GEOMETRIC_REPRESENTATION_CONTEXT(2) 
PARAMETRIC_REPRESENTATION_CONTEXT() REPRESENTATION_CONTEXT('2D SPACE',''
  ) );
#10024 = ORIENTED_EDGE('',*,*,#3359,.F.);
#10025 = ORIENTED_EDGE('',*,*,#9955,.F.);
#10026 = ADVANCED_FACE('',(#10027),#3342,.F.);
#10027 = FACE_BOUND('',#10028,.F.);
#10028 = EDGE_LOOP('',(#10029,#10052,#10073,#10074));
#10029 = ORIENTED_EDGE('',*,*,#10030,.F.);
#10030 = EDGE_CURVE('',#10031,#9982,#10033,.T.);
#10031 = VERTEX_POINT('',#10032);
#10032 = CARTESIAN_POINT('',(6.07451171875,7.40947265625,94.));
#10033 = SURFACE_CURVE('',#10034,(#10038,#10045),.PCURVE_S1.);
#10034 = B_SPLINE_CURVE_WITH_KNOTS('',2,(#10035,#10036,#10037),
  .UNSPECIFIED.,.F.,.F.,(3,3),(0.,1.),.PIECEWISE_BEZIER_KNOTS.);
#10035 = CARTESIAN_POINT('',(6.07451171875,7.40947265625,94.));
#10036 = CARTESIAN_POINT('',(6.320458984375,7.330859375,94.));
#10037 = CARTESIAN_POINT('',(6.538330078125,7.330859375,94.));
#10038 = PCURVE('',#3342,#10039);
#10039 = DEFINITIONAL_REPRESENTATION('',(#10040),#10044);
#10040 = LINE('',#10041,#10042);
#10041 = CARTESIAN_POINT('',(0.,0.));
#10042 = VECTOR('',#10043,1.);
#10043 = DIRECTION('',(1.,0.));
#10044 = ( GEOMETRIC_REPRESENTATION_CONTEXT(2) 
PARAMETRIC_REPRESENTATION_CONTEXT() REPRESENTATION_CONTEXT('2D SPACE',''
  ) );
#10045 = PCURVE('',#7303,#10046);
#10046 = DEFINITIONAL_REPRESENTATION('',(#10047),#10051);
#10047 = B_SPLINE_CURVE_WITH_KNOTS('',2,(#10048,#10049,#10050),
  .UNSPECIFIED.,.F.,.F.,(3,3),(0.,1.),.PIECEWISE_BEZIER_KNOTS.);
#10048 = CARTESIAN_POINT('',(0.874853515625,0.601953125));
#10049 = CARTESIAN_POINT('',(1.12080078125,0.52333984375));
#10050 = CARTESIAN_POINT('',(1.338671875,0.52333984375));
#10051 = ( GEOMETRIC_REPRESENTATION_CONTEXT(2) 
PARAMETRIC_REPRESENTATION_CONTEXT() REPRESENTATION_CONTEXT('2D SPACE',''
  ) );
#10052 = ORIENTED_EDGE('',*,*,#10053,.T.);
#10053 = EDGE_CURVE('',#10031,#3282,#10054,.T.);
#10054 = SURFACE_CURVE('',#10055,(#10059,#10066),.PCURVE_S1.);
#10055 = LINE('',#10056,#10057);
#10056 = CARTESIAN_POINT('',(6.07451171875,7.40947265625,94.));
#10057 = VECTOR('',#10058,1.);
#10058 = DIRECTION('',(0.,0.,1.));
#10059 = PCURVE('',#3342,#10060);
#10060 = DEFINITIONAL_REPRESENTATION('',(#10061),#10065);
#10061 = LINE('',#10062,#10063);
#10062 = CARTESIAN_POINT('',(0.,0.));
#10063 = VECTOR('',#10064,1.);
#10064 = DIRECTION('',(0.,-1.));
#10065 = ( GEOMETRIC_REPRESENTATION_CONTEXT(2) 
PARAMETRIC_REPRESENTATION_CONTEXT() REPRESENTATION_CONTEXT('2D SPACE',''
  ) );
#10066 = PCURVE('',#3303,#10067);
#10067 = DEFINITIONAL_REPRESENTATION('',(#10068),#10072);
#10068 = LINE('',#10069,#10070);
#10069 = CARTESIAN_POINT('',(1.,0.));
#10070 = VECTOR('',#10071,1.);
#10071 = DIRECTION('',(0.,-1.));
#10072 = ( GEOMETRIC_REPRESENTATION_CONTEXT(2) 
PARAMETRIC_REPRESENTATION_CONTEXT() REPRESENTATION_CONTEXT('2D SPACE',''
  ) );
#10073 = ORIENTED_EDGE('',*,*,#3320,.F.);
#10074 = ORIENTED_EDGE('',*,*,#10004,.F.);
#10075 = ADVANCED_FACE('',(#10076),#3303,.F.);
#10076 = FACE_BOUND('',#10077,.F.);
#10077 = EDGE_LOOP('',(#10078,#10101,#10122,#10123));
#10078 = ORIENTED_EDGE('',*,*,#10079,.F.);
#10079 = EDGE_CURVE('',#10080,#10031,#10082,.T.);
#10080 = VERTEX_POINT('',#10081);
#10081 = CARTESIAN_POINT('',(5.554541015625,7.6453125,94.));
#10082 = SURFACE_CURVE('',#10083,(#10087,#10094),.PCURVE_S1.);
#10083 = B_SPLINE_CURVE_WITH_KNOTS('',2,(#10084,#10085,#10086),
  .UNSPECIFIED.,.F.,.F.,(3,3),(0.,1.),.PIECEWISE_BEZIER_KNOTS.);
#10084 = CARTESIAN_POINT('',(5.554541015625,7.6453125,94.));
#10085 = CARTESIAN_POINT('',(5.828564453125,7.4880859375,94.));
#10086 = CARTESIAN_POINT('',(6.07451171875,7.40947265625,94.));
#10087 = PCURVE('',#3303,#10088);
#10088 = DEFINITIONAL_REPRESENTATION('',(#10089),#10093);
#10089 = LINE('',#10090,#10091);
#10090 = CARTESIAN_POINT('',(0.,0.));
#10091 = VECTOR('',#10092,1.);
#10092 = DIRECTION('',(1.,0.));
#10093 = ( GEOMETRIC_REPRESENTATION_CONTEXT(2) 
PARAMETRIC_REPRESENTATION_CONTEXT() REPRESENTATION_CONTEXT('2D SPACE',''
  ) );
#10094 = PCURVE('',#7303,#10095);
#10095 = DEFINITIONAL_REPRESENTATION('',(#10096),#10100);
#10096 = B_SPLINE_CURVE_WITH_KNOTS('',2,(#10097,#10098,#10099),
  .UNSPECIFIED.,.F.,.F.,(3,3),(0.,1.),.PIECEWISE_BEZIER_KNOTS.);
#10097 = CARTESIAN_POINT('',(0.3548828125,0.83779296875));
#10098 = CARTESIAN_POINT('',(0.62890625,0.68056640625));
#10099 = CARTESIAN_POINT('',(0.874853515625,0.601953125));
#10100 = ( GEOMETRIC_REPRESENTATION_CONTEXT(2) 
PARAMETRIC_REPRESENTATION_CONTEXT() REPRESENTATION_CONTEXT('2D SPACE',''
  ) );
#10101 = ORIENTED_EDGE('',*,*,#10102,.T.);
#10102 = EDGE_CURVE('',#10080,#3256,#10103,.T.);
#10103 = SURFACE_CURVE('',#10104,(#10108,#10115),.PCURVE_S1.);
#10104 = LINE('',#10105,#10106);
#10105 = CARTESIAN_POINT('',(5.554541015625,7.6453125,94.));
#10106 = VECTOR('',#10107,1.);
#10107 = DIRECTION('',(0.,0.,1.));
#10108 = PCURVE('',#3303,#10109);
#10109 = DEFINITIONAL_REPRESENTATION('',(#10110),#10114);
#10110 = LINE('',#10111,#10112);
#10111 = CARTESIAN_POINT('',(0.,0.));
#10112 = VECTOR('',#10113,1.);
#10113 = DIRECTION('',(0.,-1.));
#10114 = ( GEOMETRIC_REPRESENTATION_CONTEXT(2) 
PARAMETRIC_REPRESENTATION_CONTEXT() REPRESENTATION_CONTEXT('2D SPACE',''
  ) );
#10115 = PCURVE('',#3270,#10116);
#10116 = DEFINITIONAL_REPRESENTATION('',(#10117),#10121);
#10117 = LINE('',#10118,#10119);
#10118 = CARTESIAN_POINT('',(0.68056640625,0.));
#10119 = VECTOR('',#10120,1.);
#10120 = DIRECTION('',(0.,-1.));
#10121 = ( GEOMETRIC_REPRESENTATION_CONTEXT(2) 
PARAMETRIC_REPRESENTATION_CONTEXT() REPRESENTATION_CONTEXT('2D SPACE',''
  ) );
#10122 = ORIENTED_EDGE('',*,*,#3281,.F.);
#10123 = ORIENTED_EDGE('',*,*,#10053,.F.);
#10124 = ADVANCED_FACE('',(#10125),#3270,.F.);
#10125 = FACE_BOUND('',#10126,.F.);
#10126 = EDGE_LOOP('',(#10127,#10150,#10171,#10172));
#10127 = ORIENTED_EDGE('',*,*,#10128,.F.);
#10128 = EDGE_CURVE('',#10129,#10080,#10131,.T.);
#10129 = VERTEX_POINT('',#10130);
#10130 = CARTESIAN_POINT('',(5.554541015625,6.96474609375,94.));
#10131 = SURFACE_CURVE('',#10132,(#10136,#10143),.PCURVE_S1.);
#10132 = LINE('',#10133,#10134);
#10133 = CARTESIAN_POINT('',(5.554541015625,6.96474609375,94.));
#10134 = VECTOR('',#10135,1.);
#10135 = DIRECTION('',(0.,1.,0.));
#10136 = PCURVE('',#3270,#10137);
#10137 = DEFINITIONAL_REPRESENTATION('',(#10138),#10142);
#10138 = LINE('',#10139,#10140);
#10139 = CARTESIAN_POINT('',(0.,0.));
#10140 = VECTOR('',#10141,1.);
#10141 = DIRECTION('',(1.,0.));
#10142 = ( GEOMETRIC_REPRESENTATION_CONTEXT(2) 
PARAMETRIC_REPRESENTATION_CONTEXT() REPRESENTATION_CONTEXT('2D SPACE',''
  ) );
#10143 = PCURVE('',#7303,#10144);
#10144 = DEFINITIONAL_REPRESENTATION('',(#10145),#10149);
#10145 = LINE('',#10146,#10147);
#10146 = CARTESIAN_POINT('',(0.3548828125,0.1572265625));
#10147 = VECTOR('',#10148,1.);
#10148 = DIRECTION('',(0.,1.));
#10149 = ( GEOMETRIC_REPRESENTATION_CONTEXT(2) 
PARAMETRIC_REPRESENTATION_CONTEXT() REPRESENTATION_CONTEXT('2D SPACE',''
  ) );
#10150 = ORIENTED_EDGE('',*,*,#10151,.T.);
#10151 = EDGE_CURVE('',#10129,#3217,#10152,.T.);
#10152 = SURFACE_CURVE('',#10153,(#10157,#10164),.PCURVE_S1.);
#10153 = LINE('',#10154,#10155);
#10154 = CARTESIAN_POINT('',(5.554541015625,6.96474609375,94.));
#10155 = VECTOR('',#10156,1.);
#10156 = DIRECTION('',(0.,0.,1.));
#10157 = PCURVE('',#3270,#10158);
#10158 = DEFINITIONAL_REPRESENTATION('',(#10159),#10163);
#10159 = LINE('',#10160,#10161);
#10160 = CARTESIAN_POINT('',(0.,0.));
#10161 = VECTOR('',#10162,1.);
#10162 = DIRECTION('',(0.,-1.));
#10163 = ( GEOMETRIC_REPRESENTATION_CONTEXT(2) 
PARAMETRIC_REPRESENTATION_CONTEXT() REPRESENTATION_CONTEXT('2D SPACE',''
  ) );
#10164 = PCURVE('',#3238,#10165);
#10165 = DEFINITIONAL_REPRESENTATION('',(#10166),#10170);
#10166 = LINE('',#10167,#10168);
#10167 = CARTESIAN_POINT('',(1.,0.));
#10168 = VECTOR('',#10169,1.);
#10169 = DIRECTION('',(0.,-1.));
#10170 = ( GEOMETRIC_REPRESENTATION_CONTEXT(2) 
PARAMETRIC_REPRESENTATION_CONTEXT() REPRESENTATION_CONTEXT('2D SPACE',''
  ) );
#10171 = ORIENTED_EDGE('',*,*,#3255,.F.);
#10172 = ORIENTED_EDGE('',*,*,#10102,.F.);
#10173 = ADVANCED_FACE('',(#10174),#3238,.F.);
#10174 = FACE_BOUND('',#10175,.F.);
#10175 = EDGE_LOOP('',(#10176,#10199,#10220,#10221));
#10176 = ORIENTED_EDGE('',*,*,#10177,.F.);
#10177 = EDGE_CURVE('',#10178,#10129,#10180,.T.);
#10178 = VERTEX_POINT('',#10179);
#10179 = CARTESIAN_POINT('',(6.11044921875,6.797412109375,94.));
#10180 = SURFACE_CURVE('',#10181,(#10185,#10192),.PCURVE_S1.);
#10181 = B_SPLINE_CURVE_WITH_KNOTS('',2,(#10182,#10183,#10184),
  .UNSPECIFIED.,.F.,.F.,(3,3),(0.,1.),.PIECEWISE_BEZIER_KNOTS.);
#10182 = CARTESIAN_POINT('',(6.11044921875,6.797412109375,94.));
#10183 = CARTESIAN_POINT('',(5.830810546875,6.85244140625,94.));
#10184 = CARTESIAN_POINT('',(5.554541015625,6.96474609375,94.));
#10185 = PCURVE('',#3238,#10186);
#10186 = DEFINITIONAL_REPRESENTATION('',(#10187),#10191);
#10187 = LINE('',#10188,#10189);
#10188 = CARTESIAN_POINT('',(0.,0.));
#10189 = VECTOR('',#10190,1.);
#10190 = DIRECTION('',(1.,0.));
#10191 = ( GEOMETRIC_REPRESENTATION_CONTEXT(2) 
PARAMETRIC_REPRESENTATION_CONTEXT() REPRESENTATION_CONTEXT('2D SPACE',''
  ) );
#10192 = PCURVE('',#7303,#10193);
#10193 = DEFINITIONAL_REPRESENTATION('',(#10194),#10198);
#10194 = B_SPLINE_CURVE_WITH_KNOTS('',2,(#10195,#10196,#10197),
  .UNSPECIFIED.,.F.,.F.,(3,3),(0.,1.),.PIECEWISE_BEZIER_KNOTS.);
#10195 = CARTESIAN_POINT('',(0.910791015625,-1.0107421875E-02));
#10196 = CARTESIAN_POINT('',(0.63115234375,4.4921875E-02));
#10197 = CARTESIAN_POINT('',(0.3548828125,0.1572265625));
#10198 = ( GEOMETRIC_REPRESENTATION_CONTEXT(2) 
PARAMETRIC_REPRESENTATION_CONTEXT() REPRESENTATION_CONTEXT('2D SPACE',''
  ) );
#10199 = ORIENTED_EDGE('',*,*,#10200,.T.);
#10200 = EDGE_CURVE('',#10178,#3172,#10201,.T.);
#10201 = SURFACE_CURVE('',#10202,(#10206,#10213),.PCURVE_S1.);
#10202 = LINE('',#10203,#10204);
#10203 = CARTESIAN_POINT('',(6.11044921875,6.797412109375,94.));
#10204 = VECTOR('',#10205,1.);
#10205 = DIRECTION('',(0.,0.,1.));
#10206 = PCURVE('',#3238,#10207);
#10207 = DEFINITIONAL_REPRESENTATION('',(#10208),#10212);
#10208 = LINE('',#10209,#10210);
#10209 = CARTESIAN_POINT('',(0.,0.));
#10210 = VECTOR('',#10211,1.);
#10211 = DIRECTION('',(0.,-1.));
#10212 = ( GEOMETRIC_REPRESENTATION_CONTEXT(2) 
PARAMETRIC_REPRESENTATION_CONTEXT() REPRESENTATION_CONTEXT('2D SPACE',''
  ) );
#10213 = PCURVE('',#3197,#10214);
#10214 = DEFINITIONAL_REPRESENTATION('',(#10215),#10219);
#10215 = LINE('',#10216,#10217);
#10216 = CARTESIAN_POINT('',(1.,0.));
#10217 = VECTOR('',#10218,1.);
#10218 = DIRECTION('',(0.,-1.));
#10219 = ( GEOMETRIC_REPRESENTATION_CONTEXT(2) 
PARAMETRIC_REPRESENTATION_CONTEXT() REPRESENTATION_CONTEXT('2D SPACE',''
  ) );
#10220 = ORIENTED_EDGE('',*,*,#3216,.F.);
#10221 = ORIENTED_EDGE('',*,*,#10151,.F.);
#10222 = ADVANCED_FACE('',(#10223),#3197,.F.);
#10223 = FACE_BOUND('',#10224,.F.);
#10224 = EDGE_LOOP('',(#10225,#10248,#10269,#10270));
#10225 = ORIENTED_EDGE('',*,*,#10226,.F.);
#10226 = EDGE_CURVE('',#10227,#10178,#10229,.T.);
#10227 = VERTEX_POINT('',#10228);
#10228 = CARTESIAN_POINT('',(6.675341796875,6.7423828125,94.));
#10229 = SURFACE_CURVE('',#10230,(#10234,#10241),.PCURVE_S1.);
#10230 = B_SPLINE_CURVE_WITH_KNOTS('',2,(#10231,#10232,#10233),
  .UNSPECIFIED.,.F.,.F.,(3,3),(0.,1.),.PIECEWISE_BEZIER_KNOTS.);
#10231 = CARTESIAN_POINT('',(6.675341796875,6.7423828125,94.));
#10232 = CARTESIAN_POINT('',(6.390087890625,6.7423828125,94.));
#10233 = CARTESIAN_POINT('',(6.11044921875,6.797412109375,94.));
#10234 = PCURVE('',#3197,#10235);
#10235 = DEFINITIONAL_REPRESENTATION('',(#10236),#10240);
#10236 = LINE('',#10237,#10238);
#10237 = CARTESIAN_POINT('',(0.,0.));
#10238 = VECTOR('',#10239,1.);
#10239 = DIRECTION('',(1.,0.));
#10240 = ( GEOMETRIC_REPRESENTATION_CONTEXT(2) 
PARAMETRIC_REPRESENTATION_CONTEXT() REPRESENTATION_CONTEXT('2D SPACE',''
  ) );
#10241 = PCURVE('',#7303,#10242);
#10242 = DEFINITIONAL_REPRESENTATION('',(#10243),#10247);
#10243 = B_SPLINE_CURVE_WITH_KNOTS('',2,(#10244,#10245,#10246),
  .UNSPECIFIED.,.F.,.F.,(3,3),(0.,1.),.PIECEWISE_BEZIER_KNOTS.);
#10244 = CARTESIAN_POINT('',(1.47568359375,-6.513671875E-02));
#10245 = CARTESIAN_POINT('',(1.1904296875,-6.513671875E-02));
#10246 = CARTESIAN_POINT('',(0.910791015625,-1.0107421875E-02));
#10247 = ( GEOMETRIC_REPRESENTATION_CONTEXT(2) 
PARAMETRIC_REPRESENTATION_CONTEXT() REPRESENTATION_CONTEXT('2D SPACE',''
  ) );
#10248 = ORIENTED_EDGE('',*,*,#10249,.T.);
#10249 = EDGE_CURVE('',#10227,#3115,#10250,.T.);
#10250 = SURFACE_CURVE('',#10251,(#10255,#10262),.PCURVE_S1.);
#10251 = LINE('',#10252,#10253);
#10252 = CARTESIAN_POINT('',(6.675341796875,6.7423828125,94.));
#10253 = VECTOR('',#10254,1.);
#10254 = DIRECTION('',(0.,0.,1.));
#10255 = PCURVE('',#3197,#10256);
#10256 = DEFINITIONAL_REPRESENTATION('',(#10257),#10261);
#10257 = LINE('',#10258,#10259);
#10258 = CARTESIAN_POINT('',(0.,0.));
#10259 = VECTOR('',#10260,1.);
#10260 = DIRECTION('',(0.,-1.));
#10261 = ( GEOMETRIC_REPRESENTATION_CONTEXT(2) 
PARAMETRIC_REPRESENTATION_CONTEXT() REPRESENTATION_CONTEXT('2D SPACE',''
  ) );
#10262 = PCURVE('',#3148,#10263);
#10263 = DEFINITIONAL_REPRESENTATION('',(#10264),#10268);
#10264 = LINE('',#10265,#10266);
#10265 = CARTESIAN_POINT('',(1.,0.));
#10266 = VECTOR('',#10267,1.);
#10267 = DIRECTION('',(0.,-1.));
#10268 = ( GEOMETRIC_REPRESENTATION_CONTEXT(2) 
PARAMETRIC_REPRESENTATION_CONTEXT() REPRESENTATION_CONTEXT('2D SPACE',''
  ) );
#10269 = ORIENTED_EDGE('',*,*,#3171,.F.);
#10270 = ORIENTED_EDGE('',*,*,#10200,.F.);
#10271 = ADVANCED_FACE('',(#10272),#3148,.F.);
#10272 = FACE_BOUND('',#10273,.F.);
#10273 = EDGE_LOOP('',(#10274,#10297,#10318,#10319));
#10274 = ORIENTED_EDGE('',*,*,#10275,.F.);
#10275 = EDGE_CURVE('',#10276,#10227,#10278,.T.);
#10276 = VERTEX_POINT('',#10277);
#10277 = CARTESIAN_POINT('',(7.707421875,7.05009765625,94.));
#10278 = SURFACE_CURVE('',#10279,(#10283,#10290),.PCURVE_S1.);
#10279 = B_SPLINE_CURVE_WITH_KNOTS('',2,(#10280,#10281,#10282),
  .UNSPECIFIED.,.F.,.F.,(3,3),(0.,1.),.PIECEWISE_BEZIER_KNOTS.);
#10280 = CARTESIAN_POINT('',(7.707421875,7.05009765625,94.));
#10281 = CARTESIAN_POINT('',(7.335693359375,6.7423828125,94.));
#10282 = CARTESIAN_POINT('',(6.675341796875,6.7423828125,94.));
#10283 = PCURVE('',#3148,#10284);
#10284 = DEFINITIONAL_REPRESENTATION('',(#10285),#10289);
#10285 = LINE('',#10286,#10287);
#10286 = CARTESIAN_POINT('',(0.,0.));
#10287 = VECTOR('',#10288,1.);
#10288 = DIRECTION('',(1.,0.));
#10289 = ( GEOMETRIC_REPRESENTATION_CONTEXT(2) 
PARAMETRIC_REPRESENTATION_CONTEXT() REPRESENTATION_CONTEXT('2D SPACE',''
  ) );
#10290 = PCURVE('',#7303,#10291);
#10291 = DEFINITIONAL_REPRESENTATION('',(#10292),#10296);
#10292 = B_SPLINE_CURVE_WITH_KNOTS('',2,(#10293,#10294,#10295),
  .UNSPECIFIED.,.F.,.F.,(3,3),(0.,1.),.PIECEWISE_BEZIER_KNOTS.);
#10293 = CARTESIAN_POINT('',(2.507763671875,0.242578125));
#10294 = CARTESIAN_POINT('',(2.13603515625,-6.513671875E-02));
#10295 = CARTESIAN_POINT('',(1.47568359375,-6.513671875E-02));
#10296 = ( GEOMETRIC_REPRESENTATION_CONTEXT(2) 
PARAMETRIC_REPRESENTATION_CONTEXT() REPRESENTATION_CONTEXT('2D SPACE',''
  ) );
#10297 = ORIENTED_EDGE('',*,*,#10298,.T.);
#10298 = EDGE_CURVE('',#10276,#3052,#10299,.T.);
#10299 = SURFACE_CURVE('',#10300,(#10304,#10311),.PCURVE_S1.);
#10300 = LINE('',#10301,#10302);
#10301 = CARTESIAN_POINT('',(7.707421875,7.05009765625,94.));
#10302 = VECTOR('',#10303,1.);
#10303 = DIRECTION('',(0.,0.,1.));
#10304 = PCURVE('',#3148,#10305);
#10305 = DEFINITIONAL_REPRESENTATION('',(#10306),#10310);
#10306 = LINE('',#10307,#10308);
#10307 = CARTESIAN_POINT('',(0.,0.));
#10308 = VECTOR('',#10309,1.);
#10309 = DIRECTION('',(0.,-1.));
#10310 = ( GEOMETRIC_REPRESENTATION_CONTEXT(2) 
PARAMETRIC_REPRESENTATION_CONTEXT() REPRESENTATION_CONTEXT('2D SPACE',''
  ) );
#10311 = PCURVE('',#3089,#10312);
#10312 = DEFINITIONAL_REPRESENTATION('',(#10313),#10317);
#10313 = LINE('',#10314,#10315);
#10314 = CARTESIAN_POINT('',(1.,0.));
#10315 = VECTOR('',#10316,1.);
#10316 = DIRECTION('',(0.,-1.));
#10317 = ( GEOMETRIC_REPRESENTATION_CONTEXT(2) 
PARAMETRIC_REPRESENTATION_CONTEXT() REPRESENTATION_CONTEXT('2D SPACE',''
  ) );
#10318 = ORIENTED_EDGE('',*,*,#3114,.F.);
#10319 = ORIENTED_EDGE('',*,*,#10249,.F.);
#10320 = ADVANCED_FACE('',(#10321),#3089,.F.);
#10321 = FACE_BOUND('',#10322,.F.);
#10322 = EDGE_LOOP('',(#10323,#10346,#10367,#10368));
#10323 = ORIENTED_EDGE('',*,*,#10324,.F.);
#10324 = EDGE_CURVE('',#10325,#10276,#10327,.T.);
#10325 = VERTEX_POINT('',#10326);
#10326 = CARTESIAN_POINT('',(8.079150390625,7.9013671875,94.));
#10327 = SURFACE_CURVE('',#10328,(#10332,#10339),.PCURVE_S1.);
#10328 = B_SPLINE_CURVE_WITH_KNOTS('',2,(#10329,#10330,#10331),
  .UNSPECIFIED.,.F.,.F.,(3,3),(0.,1.),.PIECEWISE_BEZIER_KNOTS.);
#10329 = CARTESIAN_POINT('',(8.079150390625,7.9013671875,94.));
#10330 = CARTESIAN_POINT('',(8.079150390625,7.3578125,94.));
#10331 = CARTESIAN_POINT('',(7.707421875,7.05009765625,94.));
#10332 = PCURVE('',#3089,#10333);
#10333 = DEFINITIONAL_REPRESENTATION('',(#10334),#10338);
#10334 = LINE('',#10335,#10336);
#10335 = CARTESIAN_POINT('',(0.,0.));
#10336 = VECTOR('',#10337,1.);
#10337 = DIRECTION('',(1.,0.));
#10338 = ( GEOMETRIC_REPRESENTATION_CONTEXT(2) 
PARAMETRIC_REPRESENTATION_CONTEXT() REPRESENTATION_CONTEXT('2D SPACE',''
  ) );
#10339 = PCURVE('',#7303,#10340);
#10340 = DEFINITIONAL_REPRESENTATION('',(#10341),#10345);
#10341 = B_SPLINE_CURVE_WITH_KNOTS('',2,(#10342,#10343,#10344),
  .UNSPECIFIED.,.F.,.F.,(3,3),(0.,1.),.PIECEWISE_BEZIER_KNOTS.);
#10342 = CARTESIAN_POINT('',(2.8794921875,1.09384765625));
#10343 = CARTESIAN_POINT('',(2.8794921875,0.55029296875));
#10344 = CARTESIAN_POINT('',(2.507763671875,0.242578125));
#10345 = ( GEOMETRIC_REPRESENTATION_CONTEXT(2) 
PARAMETRIC_REPRESENTATION_CONTEXT() REPRESENTATION_CONTEXT('2D SPACE',''
  ) );
#10346 = ORIENTED_EDGE('',*,*,#10347,.T.);
#10347 = EDGE_CURVE('',#10325,#2995,#10348,.T.);
#10348 = SURFACE_CURVE('',#10349,(#10353,#10360),.PCURVE_S1.);
#10349 = LINE('',#10350,#10351);
#10350 = CARTESIAN_POINT('',(8.079150390625,7.9013671875,94.));
#10351 = VECTOR('',#10352,1.);
#10352 = DIRECTION('',(0.,0.,1.));
#10353 = PCURVE('',#3089,#10354);
#10354 = DEFINITIONAL_REPRESENTATION('',(#10355),#10359);
#10355 = LINE('',#10356,#10357);
#10356 = CARTESIAN_POINT('',(0.,0.));
#10357 = VECTOR('',#10358,1.);
#10358 = DIRECTION('',(0.,-1.));
#10359 = ( GEOMETRIC_REPRESENTATION_CONTEXT(2) 
PARAMETRIC_REPRESENTATION_CONTEXT() REPRESENTATION_CONTEXT('2D SPACE',''
  ) );
#10360 = PCURVE('',#3028,#10361);
#10361 = DEFINITIONAL_REPRESENTATION('',(#10362),#10366);
#10362 = LINE('',#10363,#10364);
#10363 = CARTESIAN_POINT('',(1.,0.));
#10364 = VECTOR('',#10365,1.);
#10365 = DIRECTION('',(0.,-1.));
#10366 = ( GEOMETRIC_REPRESENTATION_CONTEXT(2) 
PARAMETRIC_REPRESENTATION_CONTEXT() REPRESENTATION_CONTEXT('2D SPACE',''
  ) );
#10367 = ORIENTED_EDGE('',*,*,#3051,.F.);
#10368 = ORIENTED_EDGE('',*,*,#10298,.F.);
#10369 = ADVANCED_FACE('',(#10370),#3028,.F.);
#10370 = FACE_BOUND('',#10371,.F.);
#10371 = EDGE_LOOP('',(#10372,#10395,#10416,#10417));
#10372 = ORIENTED_EDGE('',*,*,#10373,.F.);
#10373 = EDGE_CURVE('',#10374,#10325,#10376,.T.);
#10374 = VERTEX_POINT('',#10375);
#10375 = CARTESIAN_POINT('',(7.737744140625,8.756005859375,94.));
#10376 = SURFACE_CURVE('',#10377,(#10381,#10388),.PCURVE_S1.);
#10377 = B_SPLINE_CURVE_WITH_KNOTS('',2,(#10378,#10379,#10380),
  .UNSPECIFIED.,.F.,.F.,(3,3),(0.,1.),.PIECEWISE_BEZIER_KNOTS.);
#10378 = CARTESIAN_POINT('',(7.737744140625,8.756005859375,94.));
#10379 = CARTESIAN_POINT('',(8.079150390625,8.4494140625,94.));
#10380 = CARTESIAN_POINT('',(8.079150390625,7.9013671875,94.));
#10381 = PCURVE('',#3028,#10382);
#10382 = DEFINITIONAL_REPRESENTATION('',(#10383),#10387);
#10383 = LINE('',#10384,#10385);
#10384 = CARTESIAN_POINT('',(0.,0.));
#10385 = VECTOR('',#10386,1.);
#10386 = DIRECTION('',(1.,0.));
#10387 = ( GEOMETRIC_REPRESENTATION_CONTEXT(2) 
PARAMETRIC_REPRESENTATION_CONTEXT() REPRESENTATION_CONTEXT('2D SPACE',''
  ) );
#10388 = PCURVE('',#7303,#10389);
#10389 = DEFINITIONAL_REPRESENTATION('',(#10390),#10394);
#10390 = B_SPLINE_CURVE_WITH_KNOTS('',2,(#10391,#10392,#10393),
  .UNSPECIFIED.,.F.,.F.,(3,3),(0.,1.),.PIECEWISE_BEZIER_KNOTS.);
#10391 = CARTESIAN_POINT('',(2.5380859375,1.948486328125));
#10392 = CARTESIAN_POINT('',(2.8794921875,1.64189453125));
#10393 = CARTESIAN_POINT('',(2.8794921875,1.09384765625));
#10394 = ( GEOMETRIC_REPRESENTATION_CONTEXT(2) 
PARAMETRIC_REPRESENTATION_CONTEXT() REPRESENTATION_CONTEXT('2D SPACE',''
  ) );
#10395 = ORIENTED_EDGE('',*,*,#10396,.T.);
#10396 = EDGE_CURVE('',#10374,#2938,#10397,.T.);
#10397 = SURFACE_CURVE('',#10398,(#10402,#10409),.PCURVE_S1.);
#10398 = LINE('',#10399,#10400);
#10399 = CARTESIAN_POINT('',(7.737744140625,8.756005859375,94.));
#10400 = VECTOR('',#10401,1.);
#10401 = DIRECTION('',(0.,0.,1.));
#10402 = PCURVE('',#3028,#10403);
#10403 = DEFINITIONAL_REPRESENTATION('',(#10404),#10408);
#10404 = LINE('',#10405,#10406);
#10405 = CARTESIAN_POINT('',(0.,0.));
#10406 = VECTOR('',#10407,1.);
#10407 = DIRECTION('',(0.,-1.));
#10408 = ( GEOMETRIC_REPRESENTATION_CONTEXT(2) 
PARAMETRIC_REPRESENTATION_CONTEXT() REPRESENTATION_CONTEXT('2D SPACE',''
  ) );
#10409 = PCURVE('',#2971,#10410);
#10410 = DEFINITIONAL_REPRESENTATION('',(#10411),#10415);
#10411 = LINE('',#10412,#10413);
#10412 = CARTESIAN_POINT('',(1.,0.));
#10413 = VECTOR('',#10414,1.);
#10414 = DIRECTION('',(0.,-1.));
#10415 = ( GEOMETRIC_REPRESENTATION_CONTEXT(2) 
PARAMETRIC_REPRESENTATION_CONTEXT() REPRESENTATION_CONTEXT('2D SPACE',''
  ) );
#10416 = ORIENTED_EDGE('',*,*,#2994,.F.);
#10417 = ORIENTED_EDGE('',*,*,#10347,.F.);
#10418 = ADVANCED_FACE('',(#10419),#2971,.F.);
#10419 = FACE_BOUND('',#10420,.F.);
#10420 = EDGE_LOOP('',(#10421,#10444,#10465,#10466));
#10421 = ORIENTED_EDGE('',*,*,#10422,.F.);
#10422 = EDGE_CURVE('',#10423,#10374,#10425,.T.);
#10423 = VERTEX_POINT('',#10424);
#10424 = CARTESIAN_POINT('',(6.783154296875,9.06259765625,94.));
#10425 = SURFACE_CURVE('',#10426,(#10430,#10437),.PCURVE_S1.);
#10426 = B_SPLINE_CURVE_WITH_KNOTS('',2,(#10427,#10428,#10429),
  .UNSPECIFIED.,.F.,.F.,(3,3),(0.,1.),.PIECEWISE_BEZIER_KNOTS.);
#10427 = CARTESIAN_POINT('',(6.783154296875,9.06259765625,94.));
#10428 = CARTESIAN_POINT('',(7.396337890625,9.06259765625,94.));
#10429 = CARTESIAN_POINT('',(7.737744140625,8.756005859375,94.));
#10430 = PCURVE('',#2971,#10431);
#10431 = DEFINITIONAL_REPRESENTATION('',(#10432),#10436);
#10432 = LINE('',#10433,#10434);
#10433 = CARTESIAN_POINT('',(0.,0.));
#10434 = VECTOR('',#10435,1.);
#10435 = DIRECTION('',(1.,0.));
#10436 = ( GEOMETRIC_REPRESENTATION_CONTEXT(2) 
PARAMETRIC_REPRESENTATION_CONTEXT() REPRESENTATION_CONTEXT('2D SPACE',''
  ) );
#10437 = PCURVE('',#7303,#10438);
#10438 = DEFINITIONAL_REPRESENTATION('',(#10439),#10443);
#10439 = B_SPLINE_CURVE_WITH_KNOTS('',2,(#10440,#10441,#10442),
  .UNSPECIFIED.,.F.,.F.,(3,3),(0.,1.),.PIECEWISE_BEZIER_KNOTS.);
#10440 = CARTESIAN_POINT('',(1.58349609375,2.255078125));
#10441 = CARTESIAN_POINT('',(2.1966796875,2.255078125));
#10442 = CARTESIAN_POINT('',(2.5380859375,1.948486328125));
#10443 = ( GEOMETRIC_REPRESENTATION_CONTEXT(2) 
PARAMETRIC_REPRESENTATION_CONTEXT() REPRESENTATION_CONTEXT('2D SPACE',''
  ) );
#10444 = ORIENTED_EDGE('',*,*,#10445,.T.);
#10445 = EDGE_CURVE('',#10423,#2902,#10446,.T.);
#10446 = SURFACE_CURVE('',#10447,(#10451,#10458),.PCURVE_S1.);
#10447 = LINE('',#10448,#10449);
#10448 = CARTESIAN_POINT('',(6.783154296875,9.06259765625,94.));
#10449 = VECTOR('',#10450,1.);
#10450 = DIRECTION('',(0.,0.,1.));
#10451 = PCURVE('',#2971,#10452);
#10452 = DEFINITIONAL_REPRESENTATION('',(#10453),#10457);
#10453 = LINE('',#10454,#10455);
#10454 = CARTESIAN_POINT('',(0.,0.));
#10455 = VECTOR('',#10456,1.);
#10456 = DIRECTION('',(0.,-1.));
#10457 = ( GEOMETRIC_REPRESENTATION_CONTEXT(2) 
PARAMETRIC_REPRESENTATION_CONTEXT() REPRESENTATION_CONTEXT('2D SPACE',''
  ) );
#10458 = PCURVE('',#2921,#10459);
#10459 = DEFINITIONAL_REPRESENTATION('',(#10460),#10464);
#10460 = LINE('',#10461,#10462);
#10461 = CARTESIAN_POINT('',(1.,0.));
#10462 = VECTOR('',#10463,1.);
#10463 = DIRECTION('',(0.,-1.));
#10464 = ( GEOMETRIC_REPRESENTATION_CONTEXT(2) 
PARAMETRIC_REPRESENTATION_CONTEXT() REPRESENTATION_CONTEXT('2D SPACE',''
  ) );
#10465 = ORIENTED_EDGE('',*,*,#2937,.F.);
#10466 = ORIENTED_EDGE('',*,*,#10396,.F.);
#10467 = ADVANCED_FACE('',(#10468),#2921,.F.);
#10468 = FACE_BOUND('',#10469,.F.);
#10469 = EDGE_LOOP('',(#10470,#10493,#10514,#10515));
#10470 = ORIENTED_EDGE('',*,*,#10471,.F.);
#10471 = EDGE_CURVE('',#10472,#10423,#10474,.T.);
#10472 = VERTEX_POINT('',#10473);
#10473 = CARTESIAN_POINT('',(6.575390625,9.047998046875,94.));
#10474 = SURFACE_CURVE('',#10475,(#10479,#10486),.PCURVE_S1.);
#10475 = B_SPLINE_CURVE_WITH_KNOTS('',2,(#10476,#10477,#10478),
  .UNSPECIFIED.,.F.,.F.,(3,3),(0.,1.),.PIECEWISE_BEZIER_KNOTS.);
#10476 = CARTESIAN_POINT('',(6.575390625,9.047998046875,94.));
#10477 = CARTESIAN_POINT('',(6.675341796875,9.06259765625,94.));
#10478 = CARTESIAN_POINT('',(6.783154296875,9.06259765625,94.));
#10479 = PCURVE('',#2921,#10480);
#10480 = DEFINITIONAL_REPRESENTATION('',(#10481),#10485);
#10481 = LINE('',#10482,#10483);
#10482 = CARTESIAN_POINT('',(0.,0.));
#10483 = VECTOR('',#10484,1.);
#10484 = DIRECTION('',(1.,0.));
#10485 = ( GEOMETRIC_REPRESENTATION_CONTEXT(2) 
PARAMETRIC_REPRESENTATION_CONTEXT() REPRESENTATION_CONTEXT('2D SPACE',''
  ) );
#10486 = PCURVE('',#7303,#10487);
#10487 = DEFINITIONAL_REPRESENTATION('',(#10488),#10492);
#10488 = B_SPLINE_CURVE_WITH_KNOTS('',2,(#10489,#10490,#10491),
  .UNSPECIFIED.,.F.,.F.,(3,3),(0.,1.),.PIECEWISE_BEZIER_KNOTS.);
#10489 = CARTESIAN_POINT('',(1.375732421875,2.240478515625));
#10490 = CARTESIAN_POINT('',(1.47568359375,2.255078125));
#10491 = CARTESIAN_POINT('',(1.58349609375,2.255078125));
#10492 = ( GEOMETRIC_REPRESENTATION_CONTEXT(2) 
PARAMETRIC_REPRESENTATION_CONTEXT() REPRESENTATION_CONTEXT('2D SPACE',''
  ) );
#10493 = ORIENTED_EDGE('',*,*,#10494,.T.);
#10494 = EDGE_CURVE('',#10472,#2866,#10495,.T.);
#10495 = SURFACE_CURVE('',#10496,(#10500,#10507),.PCURVE_S1.);
#10496 = LINE('',#10497,#10498);
#10497 = CARTESIAN_POINT('',(6.575390625,9.047998046875,94.));
#10498 = VECTOR('',#10499,1.);
#10499 = DIRECTION('',(0.,0.,1.));
#10500 = PCURVE('',#2921,#10501);
#10501 = DEFINITIONAL_REPRESENTATION('',(#10502),#10506);
#10502 = LINE('',#10503,#10504);
#10503 = CARTESIAN_POINT('',(0.,0.));
#10504 = VECTOR('',#10505,1.);
#10505 = DIRECTION('',(0.,-1.));
#10506 = ( GEOMETRIC_REPRESENTATION_CONTEXT(2) 
PARAMETRIC_REPRESENTATION_CONTEXT() REPRESENTATION_CONTEXT('2D SPACE',''
  ) );
#10507 = PCURVE('',#2885,#10508);
#10508 = DEFINITIONAL_REPRESENTATION('',(#10509),#10513);
#10509 = LINE('',#10510,#10511);
#10510 = CARTESIAN_POINT('',(1.,0.));
#10511 = VECTOR('',#10512,1.);
#10512 = DIRECTION('',(0.,-1.));
#10513 = ( GEOMETRIC_REPRESENTATION_CONTEXT(2) 
PARAMETRIC_REPRESENTATION_CONTEXT() REPRESENTATION_CONTEXT('2D SPACE',''
  ) );
#10514 = ORIENTED_EDGE('',*,*,#2901,.F.);
#10515 = ORIENTED_EDGE('',*,*,#10445,.F.);
#10516 = ADVANCED_FACE('',(#10517),#2885,.F.);
#10517 = FACE_BOUND('',#10518,.F.);
#10518 = EDGE_LOOP('',(#10519,#10542,#10563,#10564));
#10519 = ORIENTED_EDGE('',*,*,#10520,.F.);
#10520 = EDGE_CURVE('',#10521,#10472,#10523,.T.);
#10521 = VERTEX_POINT('',#10522);
#10522 = CARTESIAN_POINT('',(6.376611328125,9.0064453125,94.));
#10523 = SURFACE_CURVE('',#10524,(#10528,#10535),.PCURVE_S1.);
#10524 = B_SPLINE_CURVE_WITH_KNOTS('',2,(#10525,#10526,#10527),
  .UNSPECIFIED.,.F.,.F.,(3,3),(0.,1.),.PIECEWISE_BEZIER_KNOTS.);
#10525 = CARTESIAN_POINT('',(6.376611328125,9.0064453125,94.));
#10526 = CARTESIAN_POINT('',(6.475439453125,9.0333984375,94.));
#10527 = CARTESIAN_POINT('',(6.575390625,9.047998046875,94.));
#10528 = PCURVE('',#2885,#10529);
#10529 = DEFINITIONAL_REPRESENTATION('',(#10530),#10534);
#10530 = LINE('',#10531,#10532);
#10531 = CARTESIAN_POINT('',(0.,0.));
#10532 = VECTOR('',#10533,1.);
#10533 = DIRECTION('',(1.,0.));
#10534 = ( GEOMETRIC_REPRESENTATION_CONTEXT(2) 
PARAMETRIC_REPRESENTATION_CONTEXT() REPRESENTATION_CONTEXT('2D SPACE',''
  ) );
#10535 = PCURVE('',#7303,#10536);
#10536 = DEFINITIONAL_REPRESENTATION('',(#10537),#10541);
#10537 = B_SPLINE_CURVE_WITH_KNOTS('',2,(#10538,#10539,#10540),
  .UNSPECIFIED.,.F.,.F.,(3,3),(0.,1.),.PIECEWISE_BEZIER_KNOTS.);
#10538 = CARTESIAN_POINT('',(1.176953125,2.19892578125));
#10539 = CARTESIAN_POINT('',(1.27578125,2.22587890625));
#10540 = CARTESIAN_POINT('',(1.375732421875,2.240478515625));
#10541 = ( GEOMETRIC_REPRESENTATION_CONTEXT(2) 
PARAMETRIC_REPRESENTATION_CONTEXT() REPRESENTATION_CONTEXT('2D SPACE',''
  ) );
#10542 = ORIENTED_EDGE('',*,*,#10543,.T.);
#10543 = EDGE_CURVE('',#10521,#2840,#10544,.T.);
#10544 = SURFACE_CURVE('',#10545,(#10549,#10556),.PCURVE_S1.);
#10545 = LINE('',#10546,#10547);
#10546 = CARTESIAN_POINT('',(6.376611328125,9.0064453125,94.));
#10547 = VECTOR('',#10548,1.);
#10548 = DIRECTION('',(0.,0.,1.));
#10549 = PCURVE('',#2885,#10550);
#10550 = DEFINITIONAL_REPRESENTATION('',(#10551),#10555);
#10551 = LINE('',#10552,#10553);
#10552 = CARTESIAN_POINT('',(0.,0.));
#10553 = VECTOR('',#10554,1.);
#10554 = DIRECTION('',(0.,-1.));
#10555 = ( GEOMETRIC_REPRESENTATION_CONTEXT(2) 
PARAMETRIC_REPRESENTATION_CONTEXT() REPRESENTATION_CONTEXT('2D SPACE',''
  ) );
#10556 = PCURVE('',#2854,#10557);
#10557 = DEFINITIONAL_REPRESENTATION('',(#10558),#10562);
#10558 = LINE('',#10559,#10560);
#10559 = CARTESIAN_POINT('',(0.51884765625,0.));
#10560 = VECTOR('',#10561,1.);
#10561 = DIRECTION('',(0.,-1.));
#10562 = ( GEOMETRIC_REPRESENTATION_CONTEXT(2) 
PARAMETRIC_REPRESENTATION_CONTEXT() REPRESENTATION_CONTEXT('2D SPACE',''
  ) );
#10563 = ORIENTED_EDGE('',*,*,#2865,.F.);
#10564 = ORIENTED_EDGE('',*,*,#10494,.F.);
#10565 = ADVANCED_FACE('',(#10566),#2854,.F.);
#10566 = FACE_BOUND('',#10567,.F.);
#10567 = EDGE_LOOP('',(#10568,#10591,#10612,#10613));
#10568 = ORIENTED_EDGE('',*,*,#10569,.F.);
#10569 = EDGE_CURVE('',#10570,#10521,#10572,.T.);
#10570 = VERTEX_POINT('',#10571);
#10571 = CARTESIAN_POINT('',(6.376611328125,9.52529296875,94.));
#10572 = SURFACE_CURVE('',#10573,(#10577,#10584),.PCURVE_S1.);
#10573 = LINE('',#10574,#10575);
#10574 = CARTESIAN_POINT('',(6.376611328125,9.52529296875,94.));
#10575 = VECTOR('',#10576,1.);
#10576 = DIRECTION('',(0.,-1.,0.));
#10577 = PCURVE('',#2854,#10578);
#10578 = DEFINITIONAL_REPRESENTATION('',(#10579),#10583);
#10579 = LINE('',#10580,#10581);
#10580 = CARTESIAN_POINT('',(0.,0.));
#10581 = VECTOR('',#10582,1.);
#10582 = DIRECTION('',(1.,0.));
#10583 = ( GEOMETRIC_REPRESENTATION_CONTEXT(2) 
PARAMETRIC_REPRESENTATION_CONTEXT() REPRESENTATION_CONTEXT('2D SPACE',''
  ) );
#10584 = PCURVE('',#7303,#10585);
#10585 = DEFINITIONAL_REPRESENTATION('',(#10586),#10590);
#10586 = LINE('',#10587,#10588);
#10587 = CARTESIAN_POINT('',(1.176953125,2.7177734375));
#10588 = VECTOR('',#10589,1.);
#10589 = DIRECTION('',(0.,-1.));
#10590 = ( GEOMETRIC_REPRESENTATION_CONTEXT(2) 
PARAMETRIC_REPRESENTATION_CONTEXT() REPRESENTATION_CONTEXT('2D SPACE',''
  ) );
#10591 = ORIENTED_EDGE('',*,*,#10592,.T.);
#10592 = EDGE_CURVE('',#10570,#2814,#10593,.T.);
#10593 = SURFACE_CURVE('',#10594,(#10598,#10605),.PCURVE_S1.);
#10594 = LINE('',#10595,#10596);
#10595 = CARTESIAN_POINT('',(6.376611328125,9.52529296875,94.));
#10596 = VECTOR('',#10597,1.);
#10597 = DIRECTION('',(0.,0.,1.));
#10598 = PCURVE('',#2854,#10599);
#10599 = DEFINITIONAL_REPRESENTATION('',(#10600),#10604);
#10600 = LINE('',#10601,#10602);
#10601 = CARTESIAN_POINT('',(0.,0.));
#10602 = VECTOR('',#10603,1.);
#10603 = DIRECTION('',(0.,-1.));
#10604 = ( GEOMETRIC_REPRESENTATION_CONTEXT(2) 
PARAMETRIC_REPRESENTATION_CONTEXT() REPRESENTATION_CONTEXT('2D SPACE',''
  ) );
#10605 = PCURVE('',#2828,#10606);
#10606 = DEFINITIONAL_REPRESENTATION('',(#10607),#10611);
#10607 = LINE('',#10608,#10609);
#10608 = CARTESIAN_POINT('',(1.4599609375,0.));
#10609 = VECTOR('',#10610,1.);
#10610 = DIRECTION('',(0.,-1.));
#10611 = ( GEOMETRIC_REPRESENTATION_CONTEXT(2) 
PARAMETRIC_REPRESENTATION_CONTEXT() REPRESENTATION_CONTEXT('2D SPACE',''
  ) );
#10612 = ORIENTED_EDGE('',*,*,#2839,.F.);
#10613 = ORIENTED_EDGE('',*,*,#10543,.F.);
#10614 = ADVANCED_FACE('',(#10615),#2828,.F.);
#10615 = FACE_BOUND('',#10616,.F.);
#10616 = EDGE_LOOP('',(#10617,#10638,#10639,#10640));
#10617 = ORIENTED_EDGE('',*,*,#10618,.F.);
#10618 = EDGE_CURVE('',#7288,#10570,#10619,.T.);
#10619 = SURFACE_CURVE('',#10620,(#10624,#10631),.PCURVE_S1.);
#10620 = LINE('',#10621,#10622);
#10621 = CARTESIAN_POINT('',(7.836572265625,9.52529296875,94.));
#10622 = VECTOR('',#10623,1.);
#10623 = DIRECTION('',(-1.,0.,0.));
#10624 = PCURVE('',#2828,#10625);
#10625 = DEFINITIONAL_REPRESENTATION('',(#10626),#10630);
#10626 = LINE('',#10627,#10628);
#10627 = CARTESIAN_POINT('',(0.,-0.));
#10628 = VECTOR('',#10629,1.);
#10629 = DIRECTION('',(1.,0.));
#10630 = ( GEOMETRIC_REPRESENTATION_CONTEXT(2) 
PARAMETRIC_REPRESENTATION_CONTEXT() REPRESENTATION_CONTEXT('2D SPACE',''
  ) );
#10631 = PCURVE('',#7303,#10632);
#10632 = DEFINITIONAL_REPRESENTATION('',(#10633),#10637);
#10633 = LINE('',#10634,#10635);
#10634 = CARTESIAN_POINT('',(2.6369140625,2.7177734375));
#10635 = VECTOR('',#10636,1.);
#10636 = DIRECTION('',(-1.,0.));
#10637 = ( GEOMETRIC_REPRESENTATION_CONTEXT(2) 
PARAMETRIC_REPRESENTATION_CONTEXT() REPRESENTATION_CONTEXT('2D SPACE',''
  ) );
#10638 = ORIENTED_EDGE('',*,*,#7338,.T.);
#10639 = ORIENTED_EDGE('',*,*,#2813,.F.);
#10640 = ORIENTED_EDGE('',*,*,#10592,.F.);
#10641 = ADVANCED_FACE('',(#10642),#5264,.F.);
#10642 = FACE_BOUND('',#10643,.F.);
#10643 = EDGE_LOOP('',(#10644,#10674,#10695,#10696));
#10644 = ORIENTED_EDGE('',*,*,#10645,.F.);
#10645 = EDGE_CURVE('',#10646,#10648,#10650,.T.);
#10646 = VERTEX_POINT('',#10647);
#10647 = CARTESIAN_POINT('',(-1.393701171875,-8.64033203125,94.));
#10648 = VERTEX_POINT('',#10649);
#10649 = CARTESIAN_POINT('',(-5.0537109375E-02,-6.6390625,94.));
#10650 = SURFACE_CURVE('',#10651,(#10655,#10662),.PCURVE_S1.);
#10651 = LINE('',#10652,#10653);
#10652 = CARTESIAN_POINT('',(-1.393701171875,-8.64033203125,94.));
#10653 = VECTOR('',#10654,1.);
#10654 = DIRECTION('',(0.557278183537,0.830325855404,0.));
#10655 = PCURVE('',#5264,#10656);
#10656 = DEFINITIONAL_REPRESENTATION('',(#10657),#10661);
#10657 = LINE('',#10658,#10659);
#10658 = CARTESIAN_POINT('',(0.,0.));
#10659 = VECTOR('',#10660,1.);
#10660 = DIRECTION('',(1.,0.));
#10661 = ( GEOMETRIC_REPRESENTATION_CONTEXT(2) 
PARAMETRIC_REPRESENTATION_CONTEXT() REPRESENTATION_CONTEXT('2D SPACE',''
  ) );
#10662 = PCURVE('',#10663,#10668);
#10663 = PLANE('',#10664);
#10664 = AXIS2_PLACEMENT_3D('',#10665,#10666,#10667);
#10665 = CARTESIAN_POINT('',(-1.600341796875,-9.99248046875,94.));
#10666 = DIRECTION('',(0.,0.,1.));
#10667 = DIRECTION('',(1.,0.,0.));
#10668 = DEFINITIONAL_REPRESENTATION('',(#10669),#10673);
#10669 = LINE('',#10670,#10671);
#10670 = CARTESIAN_POINT('',(0.206640625,1.3521484375));
#10671 = VECTOR('',#10672,1.);
#10672 = DIRECTION('',(0.557278183537,0.830325855404));
#10673 = ( GEOMETRIC_REPRESENTATION_CONTEXT(2) 
PARAMETRIC_REPRESENTATION_CONTEXT() REPRESENTATION_CONTEXT('2D SPACE',''
  ) );
#10674 = ORIENTED_EDGE('',*,*,#10675,.T.);
#10675 = EDGE_CURVE('',#10646,#5250,#10676,.T.);
#10676 = SURFACE_CURVE('',#10677,(#10681,#10688),.PCURVE_S1.);
#10677 = LINE('',#10678,#10679);
#10678 = CARTESIAN_POINT('',(-1.393701171875,-8.64033203125,94.));
#10679 = VECTOR('',#10680,1.);
#10680 = DIRECTION('',(0.,0.,1.));
#10681 = PCURVE('',#5264,#10682);
#10682 = DEFINITIONAL_REPRESENTATION('',(#10683),#10687);
#10683 = LINE('',#10684,#10685);
#10684 = CARTESIAN_POINT('',(0.,0.));
#10685 = VECTOR('',#10686,1.);
#10686 = DIRECTION('',(0.,-1.));
#10687 = ( GEOMETRIC_REPRESENTATION_CONTEXT(2) 
PARAMETRIC_REPRESENTATION_CONTEXT() REPRESENTATION_CONTEXT('2D SPACE',''
  ) );
#10688 = PCURVE('',#5522,#10689);
#10689 = DEFINITIONAL_REPRESENTATION('',(#10690),#10694);
#10690 = LINE('',#10691,#10692);
#10691 = CARTESIAN_POINT('',(0.7412109375,0.));
#10692 = VECTOR('',#10693,1.);
#10693 = DIRECTION('',(0.,-1.));
#10694 = ( GEOMETRIC_REPRESENTATION_CONTEXT(2) 
PARAMETRIC_REPRESENTATION_CONTEXT() REPRESENTATION_CONTEXT('2D SPACE',''
  ) );
#10695 = ORIENTED_EDGE('',*,*,#5247,.F.);
#10696 = ORIENTED_EDGE('',*,*,#10697,.F.);
#10697 = EDGE_CURVE('',#10648,#5248,#10698,.T.);
#10698 = SURFACE_CURVE('',#10699,(#10703,#10710),.PCURVE_S1.);
#10699 = LINE('',#10700,#10701);
#10700 = CARTESIAN_POINT('',(-5.0537109375E-02,-6.6390625,94.));
#10701 = VECTOR('',#10702,1.);
#10702 = DIRECTION('',(0.,0.,1.));
#10703 = PCURVE('',#5264,#10704);
#10704 = DEFINITIONAL_REPRESENTATION('',(#10705),#10709);
#10705 = LINE('',#10706,#10707);
#10706 = CARTESIAN_POINT('',(2.410221864373,0.));
#10707 = VECTOR('',#10708,1.);
#10708 = DIRECTION('',(0.,-1.));
#10709 = ( GEOMETRIC_REPRESENTATION_CONTEXT(2) 
PARAMETRIC_REPRESENTATION_CONTEXT() REPRESENTATION_CONTEXT('2D SPACE',''
  ) );
#10710 = PCURVE('',#5290,#10711);
#10711 = DEFINITIONAL_REPRESENTATION('',(#10712),#10716);
#10712 = LINE('',#10713,#10714);
#10713 = CARTESIAN_POINT('',(0.,0.));
#10714 = VECTOR('',#10715,1.);
#10715 = DIRECTION('',(0.,-1.));
#10716 = ( GEOMETRIC_REPRESENTATION_CONTEXT(2) 
PARAMETRIC_REPRESENTATION_CONTEXT() REPRESENTATION_CONTEXT('2D SPACE',''
  ) );
#10717 = ADVANCED_FACE('',(#10718),#5522,.F.);
#10718 = FACE_BOUND('',#10719,.F.);
#10719 = EDGE_LOOP('',(#10720,#10743,#10764,#10765));
#10720 = ORIENTED_EDGE('',*,*,#10721,.F.);
#10721 = EDGE_CURVE('',#10722,#10646,#10724,.T.);
#10722 = VERTEX_POINT('',#10723);
#10723 = CARTESIAN_POINT('',(-1.393701171875,-9.38154296875,94.));
#10724 = SURFACE_CURVE('',#10725,(#10729,#10736),.PCURVE_S1.);
#10725 = LINE('',#10726,#10727);
#10726 = CARTESIAN_POINT('',(-1.393701171875,-9.38154296875,94.));
#10727 = VECTOR('',#10728,1.);
#10728 = DIRECTION('',(0.,1.,0.));
#10729 = PCURVE('',#5522,#10730);
#10730 = DEFINITIONAL_REPRESENTATION('',(#10731),#10735);
#10731 = LINE('',#10732,#10733);
#10732 = CARTESIAN_POINT('',(0.,0.));
#10733 = VECTOR('',#10734,1.);
#10734 = DIRECTION('',(1.,0.));
#10735 = ( GEOMETRIC_REPRESENTATION_CONTEXT(2) 
PARAMETRIC_REPRESENTATION_CONTEXT() REPRESENTATION_CONTEXT('2D SPACE',''
  ) );
#10736 = PCURVE('',#10663,#10737);
#10737 = DEFINITIONAL_REPRESENTATION('',(#10738),#10742);
#10738 = LINE('',#10739,#10740);
#10739 = CARTESIAN_POINT('',(0.206640625,0.6109375));
#10740 = VECTOR('',#10741,1.);
#10741 = DIRECTION('',(0.,1.));
#10742 = ( GEOMETRIC_REPRESENTATION_CONTEXT(2) 
PARAMETRIC_REPRESENTATION_CONTEXT() REPRESENTATION_CONTEXT('2D SPACE',''
  ) );
#10743 = ORIENTED_EDGE('',*,*,#10744,.T.);
#10744 = EDGE_CURVE('',#10722,#5484,#10745,.T.);
#10745 = SURFACE_CURVE('',#10746,(#10750,#10757),.PCURVE_S1.);
#10746 = LINE('',#10747,#10748);
#10747 = CARTESIAN_POINT('',(-1.393701171875,-9.38154296875,94.));
#10748 = VECTOR('',#10749,1.);
#10749 = DIRECTION('',(0.,0.,1.));
#10750 = PCURVE('',#5522,#10751);
#10751 = DEFINITIONAL_REPRESENTATION('',(#10752),#10756);
#10752 = LINE('',#10753,#10754);
#10753 = CARTESIAN_POINT('',(0.,0.));
#10754 = VECTOR('',#10755,1.);
#10755 = DIRECTION('',(0.,-1.));
#10756 = ( GEOMETRIC_REPRESENTATION_CONTEXT(2) 
PARAMETRIC_REPRESENTATION_CONTEXT() REPRESENTATION_CONTEXT('2D SPACE',''
  ) );
#10757 = PCURVE('',#5498,#10758);
#10758 = DEFINITIONAL_REPRESENTATION('',(#10759),#10763);
#10759 = LINE('',#10760,#10761);
#10760 = CARTESIAN_POINT('',(1.4869140625,0.));
#10761 = VECTOR('',#10762,1.);
#10762 = DIRECTION('',(0.,-1.));
#10763 = ( GEOMETRIC_REPRESENTATION_CONTEXT(2) 
PARAMETRIC_REPRESENTATION_CONTEXT() REPRESENTATION_CONTEXT('2D SPACE',''
  ) );
#10764 = ORIENTED_EDGE('',*,*,#5509,.F.);
#10765 = ORIENTED_EDGE('',*,*,#10675,.F.);
#10766 = ADVANCED_FACE('',(#10767),#5498,.F.);
#10767 = FACE_BOUND('',#10768,.F.);
#10768 = EDGE_LOOP('',(#10769,#10792,#10813,#10814));
#10769 = ORIENTED_EDGE('',*,*,#10770,.F.);
#10770 = EDGE_CURVE('',#10771,#10722,#10773,.T.);
#10771 = VERTEX_POINT('',#10772);
#10772 = CARTESIAN_POINT('',(9.3212890625E-02,-9.38154296875,94.));
#10773 = SURFACE_CURVE('',#10774,(#10778,#10785),.PCURVE_S1.);
#10774 = LINE('',#10775,#10776);
#10775 = CARTESIAN_POINT('',(9.3212890625E-02,-9.38154296875,94.));
#10776 = VECTOR('',#10777,1.);
#10777 = DIRECTION('',(-1.,0.,0.));
#10778 = PCURVE('',#5498,#10779);
#10779 = DEFINITIONAL_REPRESENTATION('',(#10780),#10784);
#10780 = LINE('',#10781,#10782);
#10781 = CARTESIAN_POINT('',(0.,-0.));
#10782 = VECTOR('',#10783,1.);
#10783 = DIRECTION('',(1.,0.));
#10784 = ( GEOMETRIC_REPRESENTATION_CONTEXT(2) 
PARAMETRIC_REPRESENTATION_CONTEXT() REPRESENTATION_CONTEXT('2D SPACE',''
  ) );
#10785 = PCURVE('',#10663,#10786);
#10786 = DEFINITIONAL_REPRESENTATION('',(#10787),#10791);
#10787 = LINE('',#10788,#10789);
#10788 = CARTESIAN_POINT('',(1.6935546875,0.6109375));
#10789 = VECTOR('',#10790,1.);
#10790 = DIRECTION('',(-1.,0.));
#10791 = ( GEOMETRIC_REPRESENTATION_CONTEXT(2) 
PARAMETRIC_REPRESENTATION_CONTEXT() REPRESENTATION_CONTEXT('2D SPACE',''
  ) );
#10792 = ORIENTED_EDGE('',*,*,#10793,.T.);
#10793 = EDGE_CURVE('',#10771,#5458,#10794,.T.);
#10794 = SURFACE_CURVE('',#10795,(#10799,#10806),.PCURVE_S1.);
#10795 = LINE('',#10796,#10797);
#10796 = CARTESIAN_POINT('',(9.3212890625E-02,-9.38154296875,94.));
#10797 = VECTOR('',#10798,1.);
#10798 = DIRECTION('',(0.,0.,1.));
#10799 = PCURVE('',#5498,#10800);
#10800 = DEFINITIONAL_REPRESENTATION('',(#10801),#10805);
#10801 = LINE('',#10802,#10803);
#10802 = CARTESIAN_POINT('',(0.,-0.));
#10803 = VECTOR('',#10804,1.);
#10804 = DIRECTION('',(0.,-1.));
#10805 = ( GEOMETRIC_REPRESENTATION_CONTEXT(2) 
PARAMETRIC_REPRESENTATION_CONTEXT() REPRESENTATION_CONTEXT('2D SPACE',''
  ) );
#10806 = PCURVE('',#5472,#10807);
#10807 = DEFINITIONAL_REPRESENTATION('',(#10808),#10812);
#10808 = LINE('',#10809,#10810);
#10809 = CARTESIAN_POINT('',(0.6109375,0.));
#10810 = VECTOR('',#10811,1.);
#10811 = DIRECTION('',(0.,-1.));
#10812 = ( GEOMETRIC_REPRESENTATION_CONTEXT(2) 
PARAMETRIC_REPRESENTATION_CONTEXT() REPRESENTATION_CONTEXT('2D SPACE',''
  ) );
#10813 = ORIENTED_EDGE('',*,*,#5483,.F.);
#10814 = ORIENTED_EDGE('',*,*,#10744,.F.);
#10815 = ADVANCED_FACE('',(#10816),#5472,.F.);
#10816 = FACE_BOUND('',#10817,.F.);
#10817 = EDGE_LOOP('',(#10818,#10841,#10862,#10863));
#10818 = ORIENTED_EDGE('',*,*,#10819,.F.);
#10819 = EDGE_CURVE('',#10820,#10771,#10822,.T.);
#10820 = VERTEX_POINT('',#10821);
#10821 = CARTESIAN_POINT('',(9.3212890625E-02,-9.99248046875,94.));
#10822 = SURFACE_CURVE('',#10823,(#10827,#10834),.PCURVE_S1.);
#10823 = LINE('',#10824,#10825);
#10824 = CARTESIAN_POINT('',(9.3212890625E-02,-9.99248046875,94.));
#10825 = VECTOR('',#10826,1.);
#10826 = DIRECTION('',(0.,1.,0.));
#10827 = PCURVE('',#5472,#10828);
#10828 = DEFINITIONAL_REPRESENTATION('',(#10829),#10833);
#10829 = LINE('',#10830,#10831);
#10830 = CARTESIAN_POINT('',(0.,0.));
#10831 = VECTOR('',#10832,1.);
#10832 = DIRECTION('',(1.,0.));
#10833 = ( GEOMETRIC_REPRESENTATION_CONTEXT(2) 
PARAMETRIC_REPRESENTATION_CONTEXT() REPRESENTATION_CONTEXT('2D SPACE',''
  ) );
#10834 = PCURVE('',#10663,#10835);
#10835 = DEFINITIONAL_REPRESENTATION('',(#10836),#10840);
#10836 = LINE('',#10837,#10838);
#10837 = CARTESIAN_POINT('',(1.6935546875,0.));
#10838 = VECTOR('',#10839,1.);
#10839 = DIRECTION('',(0.,1.));
#10840 = ( GEOMETRIC_REPRESENTATION_CONTEXT(2) 
PARAMETRIC_REPRESENTATION_CONTEXT() REPRESENTATION_CONTEXT('2D SPACE',''
  ) );
#10841 = ORIENTED_EDGE('',*,*,#10842,.T.);
#10842 = EDGE_CURVE('',#10820,#5432,#10843,.T.);
#10843 = SURFACE_CURVE('',#10844,(#10848,#10855),.PCURVE_S1.);
#10844 = LINE('',#10845,#10846);
#10845 = CARTESIAN_POINT('',(9.3212890625E-02,-9.99248046875,94.));
#10846 = VECTOR('',#10847,1.);
#10847 = DIRECTION('',(0.,0.,1.));
#10848 = PCURVE('',#5472,#10849);
#10849 = DEFINITIONAL_REPRESENTATION('',(#10850),#10854);
#10850 = LINE('',#10851,#10852);
#10851 = CARTESIAN_POINT('',(0.,0.));
#10852 = VECTOR('',#10853,1.);
#10853 = DIRECTION('',(0.,-1.));
#10854 = ( GEOMETRIC_REPRESENTATION_CONTEXT(2) 
PARAMETRIC_REPRESENTATION_CONTEXT() REPRESENTATION_CONTEXT('2D SPACE',''
  ) );
#10855 = PCURVE('',#5446,#10856);
#10856 = DEFINITIONAL_REPRESENTATION('',(#10857),#10861);
#10857 = LINE('',#10858,#10859);
#10858 = CARTESIAN_POINT('',(0.817578125,0.));
#10859 = VECTOR('',#10860,1.);
#10860 = DIRECTION('',(0.,-1.));
#10861 = ( GEOMETRIC_REPRESENTATION_CONTEXT(2) 
PARAMETRIC_REPRESENTATION_CONTEXT() REPRESENTATION_CONTEXT('2D SPACE',''
  ) );
#10862 = ORIENTED_EDGE('',*,*,#5457,.F.);
#10863 = ORIENTED_EDGE('',*,*,#10793,.F.);
#10864 = ADVANCED_FACE('',(#10865),#5446,.F.);
#10865 = FACE_BOUND('',#10866,.F.);
#10866 = EDGE_LOOP('',(#10867,#10890,#10911,#10912));
#10867 = ORIENTED_EDGE('',*,*,#10868,.F.);
#10868 = EDGE_CURVE('',#10869,#10820,#10871,.T.);
#10869 = VERTEX_POINT('',#10870);
#10870 = CARTESIAN_POINT('',(0.910791015625,-9.99248046875,94.));
#10871 = SURFACE_CURVE('',#10872,(#10876,#10883),.PCURVE_S1.);
#10872 = LINE('',#10873,#10874);
#10873 = CARTESIAN_POINT('',(0.910791015625,-9.99248046875,94.));
#10874 = VECTOR('',#10875,1.);
#10875 = DIRECTION('',(-1.,0.,0.));
#10876 = PCURVE('',#5446,#10877);
#10877 = DEFINITIONAL_REPRESENTATION('',(#10878),#10882);
#10878 = LINE('',#10879,#10880);
#10879 = CARTESIAN_POINT('',(0.,-0.));
#10880 = VECTOR('',#10881,1.);
#10881 = DIRECTION('',(1.,0.));
#10882 = ( GEOMETRIC_REPRESENTATION_CONTEXT(2) 
PARAMETRIC_REPRESENTATION_CONTEXT() REPRESENTATION_CONTEXT('2D SPACE',''
  ) );
#10883 = PCURVE('',#10663,#10884);
#10884 = DEFINITIONAL_REPRESENTATION('',(#10885),#10889);
#10885 = LINE('',#10886,#10887);
#10886 = CARTESIAN_POINT('',(2.5111328125,0.));
#10887 = VECTOR('',#10888,1.);
#10888 = DIRECTION('',(-1.,0.));
#10889 = ( GEOMETRIC_REPRESENTATION_CONTEXT(2) 
PARAMETRIC_REPRESENTATION_CONTEXT() REPRESENTATION_CONTEXT('2D SPACE',''
  ) );
#10890 = ORIENTED_EDGE('',*,*,#10891,.T.);
#10891 = EDGE_CURVE('',#10869,#5406,#10892,.T.);
#10892 = SURFACE_CURVE('',#10893,(#10897,#10904),.PCURVE_S1.);
#10893 = LINE('',#10894,#10895);
#10894 = CARTESIAN_POINT('',(0.910791015625,-9.99248046875,94.));
#10895 = VECTOR('',#10896,1.);
#10896 = DIRECTION('',(0.,0.,1.));
#10897 = PCURVE('',#5446,#10898);
#10898 = DEFINITIONAL_REPRESENTATION('',(#10899),#10903);
#10899 = LINE('',#10900,#10901);
#10900 = CARTESIAN_POINT('',(0.,-0.));
#10901 = VECTOR('',#10902,1.);
#10902 = DIRECTION('',(0.,-1.));
#10903 = ( GEOMETRIC_REPRESENTATION_CONTEXT(2) 
PARAMETRIC_REPRESENTATION_CONTEXT() REPRESENTATION_CONTEXT('2D SPACE',''
  ) );
#10904 = PCURVE('',#5420,#10905);
#10905 = DEFINITIONAL_REPRESENTATION('',(#10906),#10910);
#10906 = LINE('',#10907,#10908);
#10907 = CARTESIAN_POINT('',(0.6109375,0.));
#10908 = VECTOR('',#10909,1.);
#10909 = DIRECTION('',(0.,-1.));
#10910 = ( GEOMETRIC_REPRESENTATION_CONTEXT(2) 
PARAMETRIC_REPRESENTATION_CONTEXT() REPRESENTATION_CONTEXT('2D SPACE',''
  ) );
#10911 = ORIENTED_EDGE('',*,*,#5431,.F.);
#10912 = ORIENTED_EDGE('',*,*,#10842,.F.);
#10913 = ADVANCED_FACE('',(#10914),#5420,.F.);
#10914 = FACE_BOUND('',#10915,.F.);
#10915 = EDGE_LOOP('',(#10916,#10939,#10960,#10961));
#10916 = ORIENTED_EDGE('',*,*,#10917,.F.);
#10917 = EDGE_CURVE('',#10918,#10869,#10920,.T.);
#10918 = VERTEX_POINT('',#10919);
#10919 = CARTESIAN_POINT('',(0.910791015625,-9.38154296875,94.));
#10920 = SURFACE_CURVE('',#10921,(#10925,#10932),.PCURVE_S1.);
#10921 = LINE('',#10922,#10923);
#10922 = CARTESIAN_POINT('',(0.910791015625,-9.38154296875,94.));
#10923 = VECTOR('',#10924,1.);
#10924 = DIRECTION('',(0.,-1.,0.));
#10925 = PCURVE('',#5420,#10926);
#10926 = DEFINITIONAL_REPRESENTATION('',(#10927),#10931);
#10927 = LINE('',#10928,#10929);
#10928 = CARTESIAN_POINT('',(0.,0.));
#10929 = VECTOR('',#10930,1.);
#10930 = DIRECTION('',(1.,0.));
#10931 = ( GEOMETRIC_REPRESENTATION_CONTEXT(2) 
PARAMETRIC_REPRESENTATION_CONTEXT() REPRESENTATION_CONTEXT('2D SPACE',''
  ) );
#10932 = PCURVE('',#10663,#10933);
#10933 = DEFINITIONAL_REPRESENTATION('',(#10934),#10938);
#10934 = LINE('',#10935,#10936);
#10935 = CARTESIAN_POINT('',(2.5111328125,0.6109375));
#10936 = VECTOR('',#10937,1.);
#10937 = DIRECTION('',(0.,-1.));
#10938 = ( GEOMETRIC_REPRESENTATION_CONTEXT(2) 
PARAMETRIC_REPRESENTATION_CONTEXT() REPRESENTATION_CONTEXT('2D SPACE',''
  ) );
#10939 = ORIENTED_EDGE('',*,*,#10940,.T.);
#10940 = EDGE_CURVE('',#10918,#5380,#10941,.T.);
#10941 = SURFACE_CURVE('',#10942,(#10946,#10953),.PCURVE_S1.);
#10942 = LINE('',#10943,#10944);
#10943 = CARTESIAN_POINT('',(0.910791015625,-9.38154296875,94.));
#10944 = VECTOR('',#10945,1.);
#10945 = DIRECTION('',(0.,0.,1.));
#10946 = PCURVE('',#5420,#10947);
#10947 = DEFINITIONAL_REPRESENTATION('',(#10948),#10952);
#10948 = LINE('',#10949,#10950);
#10949 = CARTESIAN_POINT('',(0.,0.));
#10950 = VECTOR('',#10951,1.);
#10951 = DIRECTION('',(0.,-1.));
#10952 = ( GEOMETRIC_REPRESENTATION_CONTEXT(2) 
PARAMETRIC_REPRESENTATION_CONTEXT() REPRESENTATION_CONTEXT('2D SPACE',''
  ) );
#10953 = PCURVE('',#5394,#10954);
#10954 = DEFINITIONAL_REPRESENTATION('',(#10955),#10959);
#10955 = LINE('',#10956,#10957);
#10956 = CARTESIAN_POINT('',(0.47841796875,0.));
#10957 = VECTOR('',#10958,1.);
#10958 = DIRECTION('',(0.,-1.));
#10959 = ( GEOMETRIC_REPRESENTATION_CONTEXT(2) 
PARAMETRIC_REPRESENTATION_CONTEXT() REPRESENTATION_CONTEXT('2D SPACE',''
  ) );
#10960 = ORIENTED_EDGE('',*,*,#5405,.F.);
#10961 = ORIENTED_EDGE('',*,*,#10891,.F.);
#10962 = ADVANCED_FACE('',(#10963),#5394,.F.);
#10963 = FACE_BOUND('',#10964,.F.);
#10964 = EDGE_LOOP('',(#10965,#10988,#11009,#11010));
#10965 = ORIENTED_EDGE('',*,*,#10966,.F.);
#10966 = EDGE_CURVE('',#10967,#10918,#10969,.T.);
#10967 = VERTEX_POINT('',#10968);
#10968 = CARTESIAN_POINT('',(1.389208984375,-9.38154296875,94.));
#10969 = SURFACE_CURVE('',#10970,(#10974,#10981),.PCURVE_S1.);
#10970 = LINE('',#10971,#10972);
#10971 = CARTESIAN_POINT('',(1.389208984375,-9.38154296875,94.));
#10972 = VECTOR('',#10973,1.);
#10973 = DIRECTION('',(-1.,0.,0.));
#10974 = PCURVE('',#5394,#10975);
#10975 = DEFINITIONAL_REPRESENTATION('',(#10976),#10980);
#10976 = LINE('',#10977,#10978);
#10977 = CARTESIAN_POINT('',(0.,-0.));
#10978 = VECTOR('',#10979,1.);
#10979 = DIRECTION('',(1.,0.));
#10980 = ( GEOMETRIC_REPRESENTATION_CONTEXT(2) 
PARAMETRIC_REPRESENTATION_CONTEXT() REPRESENTATION_CONTEXT('2D SPACE',''
  ) );
#10981 = PCURVE('',#10663,#10982);
#10982 = DEFINITIONAL_REPRESENTATION('',(#10983),#10987);
#10983 = LINE('',#10984,#10985);
#10984 = CARTESIAN_POINT('',(2.98955078125,0.6109375));
#10985 = VECTOR('',#10986,1.);
#10986 = DIRECTION('',(-1.,0.));
#10987 = ( GEOMETRIC_REPRESENTATION_CONTEXT(2) 
PARAMETRIC_REPRESENTATION_CONTEXT() REPRESENTATION_CONTEXT('2D SPACE',''
  ) );
#10988 = ORIENTED_EDGE('',*,*,#10989,.T.);
#10989 = EDGE_CURVE('',#10967,#5354,#10990,.T.);
#10990 = SURFACE_CURVE('',#10991,(#10995,#11002),.PCURVE_S1.);
#10991 = LINE('',#10992,#10993);
#10992 = CARTESIAN_POINT('',(1.389208984375,-9.38154296875,94.));
#10993 = VECTOR('',#10994,1.);
#10994 = DIRECTION('',(0.,0.,1.));
#10995 = PCURVE('',#5394,#10996);
#10996 = DEFINITIONAL_REPRESENTATION('',(#10997),#11001);
#10997 = LINE('',#10998,#10999);
#10998 = CARTESIAN_POINT('',(0.,-0.));
#10999 = VECTOR('',#11000,1.);
#11000 = DIRECTION('',(0.,-1.));
#11001 = ( GEOMETRIC_REPRESENTATION_CONTEXT(2) 
PARAMETRIC_REPRESENTATION_CONTEXT() REPRESENTATION_CONTEXT('2D SPACE',''
  ) );
#11002 = PCURVE('',#5368,#11003);
#11003 = DEFINITIONAL_REPRESENTATION('',(#11004),#11008);
#11004 = LINE('',#11005,#11006);
#11005 = CARTESIAN_POINT('',(0.62666015625,0.));
#11006 = VECTOR('',#11007,1.);
#11007 = DIRECTION('',(0.,-1.));
#11008 = ( GEOMETRIC_REPRESENTATION_CONTEXT(2) 
PARAMETRIC_REPRESENTATION_CONTEXT() REPRESENTATION_CONTEXT('2D SPACE',''
  ) );
#11009 = ORIENTED_EDGE('',*,*,#5379,.F.);
#11010 = ORIENTED_EDGE('',*,*,#10940,.F.);
#11011 = ADVANCED_FACE('',(#11012),#5368,.F.);
#11012 = FACE_BOUND('',#11013,.F.);
#11013 = EDGE_LOOP('',(#11014,#11037,#11058,#11059));
#11014 = ORIENTED_EDGE('',*,*,#11015,.F.);
#11015 = EDGE_CURVE('',#11016,#10967,#11018,.T.);
#11016 = VERTEX_POINT('',#11017);
#11017 = CARTESIAN_POINT('',(1.389208984375,-8.7548828125,94.));
#11018 = SURFACE_CURVE('',#11019,(#11023,#11030),.PCURVE_S1.);
#11019 = LINE('',#11020,#11021);
#11020 = CARTESIAN_POINT('',(1.389208984375,-8.7548828125,94.));
#11021 = VECTOR('',#11022,1.);
#11022 = DIRECTION('',(0.,-1.,0.));
#11023 = PCURVE('',#5368,#11024);
#11024 = DEFINITIONAL_REPRESENTATION('',(#11025),#11029);
#11025 = LINE('',#11026,#11027);
#11026 = CARTESIAN_POINT('',(0.,0.));
#11027 = VECTOR('',#11028,1.);
#11028 = DIRECTION('',(1.,0.));
#11029 = ( GEOMETRIC_REPRESENTATION_CONTEXT(2) 
PARAMETRIC_REPRESENTATION_CONTEXT() REPRESENTATION_CONTEXT('2D SPACE',''
  ) );
#11030 = PCURVE('',#10663,#11031);
#11031 = DEFINITIONAL_REPRESENTATION('',(#11032),#11036);
#11032 = LINE('',#11033,#11034);
#11033 = CARTESIAN_POINT('',(2.98955078125,1.23759765625));
#11034 = VECTOR('',#11035,1.);
#11035 = DIRECTION('',(0.,-1.));
#11036 = ( GEOMETRIC_REPRESENTATION_CONTEXT(2) 
PARAMETRIC_REPRESENTATION_CONTEXT() REPRESENTATION_CONTEXT('2D SPACE',''
  ) );
#11037 = ORIENTED_EDGE('',*,*,#11038,.T.);
#11038 = EDGE_CURVE('',#11016,#5328,#11039,.T.);
#11039 = SURFACE_CURVE('',#11040,(#11044,#11051),.PCURVE_S1.);
#11040 = LINE('',#11041,#11042);
#11041 = CARTESIAN_POINT('',(1.389208984375,-8.7548828125,94.));
#11042 = VECTOR('',#11043,1.);
#11043 = DIRECTION('',(0.,0.,1.));
#11044 = PCURVE('',#5368,#11045);
#11045 = DEFINITIONAL_REPRESENTATION('',(#11046),#11050);
#11046 = LINE('',#11047,#11048);
#11047 = CARTESIAN_POINT('',(0.,0.));
#11048 = VECTOR('',#11049,1.);
#11049 = DIRECTION('',(0.,-1.));
#11050 = ( GEOMETRIC_REPRESENTATION_CONTEXT(2) 
PARAMETRIC_REPRESENTATION_CONTEXT() REPRESENTATION_CONTEXT('2D SPACE',''
  ) );
#11051 = PCURVE('',#5342,#11052);
#11052 = DEFINITIONAL_REPRESENTATION('',(#11053),#11057);
#11053 = LINE('',#11054,#11055);
#11054 = CARTESIAN_POINT('',(0.47841796875,0.));
#11055 = VECTOR('',#11056,1.);
#11056 = DIRECTION('',(0.,-1.));
#11057 = ( GEOMETRIC_REPRESENTATION_CONTEXT(2) 
PARAMETRIC_REPRESENTATION_CONTEXT() REPRESENTATION_CONTEXT('2D SPACE',''
  ) );
#11058 = ORIENTED_EDGE('',*,*,#5353,.F.);
#11059 = ORIENTED_EDGE('',*,*,#10989,.F.);
#11060 = ADVANCED_FACE('',(#11061),#5342,.F.);
#11061 = FACE_BOUND('',#11062,.F.);
#11062 = EDGE_LOOP('',(#11063,#11086,#11107,#11108));
#11063 = ORIENTED_EDGE('',*,*,#11064,.F.);
#11064 = EDGE_CURVE('',#11065,#11016,#11067,.T.);
#11065 = VERTEX_POINT('',#11066);
#11066 = CARTESIAN_POINT('',(0.910791015625,-8.7548828125,94.));
#11067 = SURFACE_CURVE('',#11068,(#11072,#11079),.PCURVE_S1.);
#11068 = LINE('',#11069,#11070);
#11069 = CARTESIAN_POINT('',(0.910791015625,-8.7548828125,94.));
#11070 = VECTOR('',#11071,1.);
#11071 = DIRECTION('',(1.,0.,0.));
#11072 = PCURVE('',#5342,#11073);
#11073 = DEFINITIONAL_REPRESENTATION('',(#11074),#11078);
#11074 = LINE('',#11075,#11076);
#11075 = CARTESIAN_POINT('',(0.,0.));
#11076 = VECTOR('',#11077,1.);
#11077 = DIRECTION('',(1.,0.));
#11078 = ( GEOMETRIC_REPRESENTATION_CONTEXT(2) 
PARAMETRIC_REPRESENTATION_CONTEXT() REPRESENTATION_CONTEXT('2D SPACE',''
  ) );
#11079 = PCURVE('',#10663,#11080);
#11080 = DEFINITIONAL_REPRESENTATION('',(#11081),#11085);
#11081 = LINE('',#11082,#11083);
#11082 = CARTESIAN_POINT('',(2.5111328125,1.23759765625));
#11083 = VECTOR('',#11084,1.);
#11084 = DIRECTION('',(1.,0.));
#11085 = ( GEOMETRIC_REPRESENTATION_CONTEXT(2) 
PARAMETRIC_REPRESENTATION_CONTEXT() REPRESENTATION_CONTEXT('2D SPACE',''
  ) );
#11086 = ORIENTED_EDGE('',*,*,#11087,.T.);
#11087 = EDGE_CURVE('',#11065,#5302,#11088,.T.);
#11088 = SURFACE_CURVE('',#11089,(#11093,#11100),.PCURVE_S1.);
#11089 = LINE('',#11090,#11091);
#11090 = CARTESIAN_POINT('',(0.910791015625,-8.7548828125,94.));
#11091 = VECTOR('',#11092,1.);
#11092 = DIRECTION('',(0.,0.,1.));
#11093 = PCURVE('',#5342,#11094);
#11094 = DEFINITIONAL_REPRESENTATION('',(#11095),#11099);
#11095 = LINE('',#11096,#11097);
#11096 = CARTESIAN_POINT('',(0.,0.));
#11097 = VECTOR('',#11098,1.);
#11098 = DIRECTION('',(0.,-1.));
#11099 = ( GEOMETRIC_REPRESENTATION_CONTEXT(2) 
PARAMETRIC_REPRESENTATION_CONTEXT() REPRESENTATION_CONTEXT('2D SPACE',''
  ) );
#11100 = PCURVE('',#5316,#11101);
#11101 = DEFINITIONAL_REPRESENTATION('',(#11102),#11106);
#11102 = LINE('',#11103,#11104);
#11103 = CARTESIAN_POINT('',(2.1158203125,0.));
#11104 = VECTOR('',#11105,1.);
#11105 = DIRECTION('',(0.,-1.));
#11106 = ( GEOMETRIC_REPRESENTATION_CONTEXT(2) 
PARAMETRIC_REPRESENTATION_CONTEXT() REPRESENTATION_CONTEXT('2D SPACE',''
  ) );
#11107 = ORIENTED_EDGE('',*,*,#5327,.F.);
#11108 = ORIENTED_EDGE('',*,*,#11038,.F.);
#11109 = ADVANCED_FACE('',(#11110),#5316,.F.);
#11110 = FACE_BOUND('',#11111,.F.);
#11111 = EDGE_LOOP('',(#11112,#11135,#11156,#11157));
#11112 = ORIENTED_EDGE('',*,*,#11113,.F.);
#11113 = EDGE_CURVE('',#11114,#11065,#11116,.T.);
#11114 = VERTEX_POINT('',#11115);
#11115 = CARTESIAN_POINT('',(0.910791015625,-6.6390625,94.));
#11116 = SURFACE_CURVE('',#11117,(#11121,#11128),.PCURVE_S1.);
#11117 = LINE('',#11118,#11119);
#11118 = CARTESIAN_POINT('',(0.910791015625,-6.6390625,94.));
#11119 = VECTOR('',#11120,1.);
#11120 = DIRECTION('',(0.,-1.,0.));
#11121 = PCURVE('',#5316,#11122);
#11122 = DEFINITIONAL_REPRESENTATION('',(#11123),#11127);
#11123 = LINE('',#11124,#11125);
#11124 = CARTESIAN_POINT('',(0.,0.));
#11125 = VECTOR('',#11126,1.);
#11126 = DIRECTION('',(1.,0.));
#11127 = ( GEOMETRIC_REPRESENTATION_CONTEXT(2) 
PARAMETRIC_REPRESENTATION_CONTEXT() REPRESENTATION_CONTEXT('2D SPACE',''
  ) );
#11128 = PCURVE('',#10663,#11129);
#11129 = DEFINITIONAL_REPRESENTATION('',(#11130),#11134);
#11130 = LINE('',#11131,#11132);
#11131 = CARTESIAN_POINT('',(2.5111328125,3.35341796875));
#11132 = VECTOR('',#11133,1.);
#11133 = DIRECTION('',(0.,-1.));
#11134 = ( GEOMETRIC_REPRESENTATION_CONTEXT(2) 
PARAMETRIC_REPRESENTATION_CONTEXT() REPRESENTATION_CONTEXT('2D SPACE',''
  ) );
#11135 = ORIENTED_EDGE('',*,*,#11136,.T.);
#11136 = EDGE_CURVE('',#11114,#5276,#11137,.T.);
#11137 = SURFACE_CURVE('',#11138,(#11142,#11149),.PCURVE_S1.);
#11138 = LINE('',#11139,#11140);
#11139 = CARTESIAN_POINT('',(0.910791015625,-6.6390625,94.));
#11140 = VECTOR('',#11141,1.);
#11141 = DIRECTION('',(0.,0.,1.));
#11142 = PCURVE('',#5316,#11143);
#11143 = DEFINITIONAL_REPRESENTATION('',(#11144),#11148);
#11144 = LINE('',#11145,#11146);
#11145 = CARTESIAN_POINT('',(0.,0.));
#11146 = VECTOR('',#11147,1.);
#11147 = DIRECTION('',(0.,-1.));
#11148 = ( GEOMETRIC_REPRESENTATION_CONTEXT(2) 
PARAMETRIC_REPRESENTATION_CONTEXT() REPRESENTATION_CONTEXT('2D SPACE',''
  ) );
#11149 = PCURVE('',#5290,#11150);
#11150 = DEFINITIONAL_REPRESENTATION('',(#11151),#11155);
#11151 = LINE('',#11152,#11153);
#11152 = CARTESIAN_POINT('',(0.961328125,0.));
#11153 = VECTOR('',#11154,1.);
#11154 = DIRECTION('',(0.,-1.));
#11155 = ( GEOMETRIC_REPRESENTATION_CONTEXT(2) 
PARAMETRIC_REPRESENTATION_CONTEXT() REPRESENTATION_CONTEXT('2D SPACE',''
  ) );
#11156 = ORIENTED_EDGE('',*,*,#5301,.F.);
#11157 = ORIENTED_EDGE('',*,*,#11087,.F.);
#11158 = ADVANCED_FACE('',(#11159),#5290,.F.);
#11159 = FACE_BOUND('',#11160,.F.);
#11160 = EDGE_LOOP('',(#11161,#11182,#11183,#11184));
#11161 = ORIENTED_EDGE('',*,*,#11162,.F.);
#11162 = EDGE_CURVE('',#10648,#11114,#11163,.T.);
#11163 = SURFACE_CURVE('',#11164,(#11168,#11175),.PCURVE_S1.);
#11164 = LINE('',#11165,#11166);
#11165 = CARTESIAN_POINT('',(-5.0537109375E-02,-6.6390625,94.));
#11166 = VECTOR('',#11167,1.);
#11167 = DIRECTION('',(1.,0.,0.));
#11168 = PCURVE('',#5290,#11169);
#11169 = DEFINITIONAL_REPRESENTATION('',(#11170),#11174);
#11170 = LINE('',#11171,#11172);
#11171 = CARTESIAN_POINT('',(0.,0.));
#11172 = VECTOR('',#11173,1.);
#11173 = DIRECTION('',(1.,0.));
#11174 = ( GEOMETRIC_REPRESENTATION_CONTEXT(2) 
PARAMETRIC_REPRESENTATION_CONTEXT() REPRESENTATION_CONTEXT('2D SPACE',''
  ) );
#11175 = PCURVE('',#10663,#11176);
#11176 = DEFINITIONAL_REPRESENTATION('',(#11177),#11181);
#11177 = LINE('',#11178,#11179);
#11178 = CARTESIAN_POINT('',(1.5498046875,3.35341796875));
#11179 = VECTOR('',#11180,1.);
#11180 = DIRECTION('',(1.,0.));
#11181 = ( GEOMETRIC_REPRESENTATION_CONTEXT(2) 
PARAMETRIC_REPRESENTATION_CONTEXT() REPRESENTATION_CONTEXT('2D SPACE',''
  ) );
#11182 = ORIENTED_EDGE('',*,*,#10697,.T.);
#11183 = ORIENTED_EDGE('',*,*,#5275,.F.);
#11184 = ORIENTED_EDGE('',*,*,#11136,.F.);
#11185 = ADVANCED_FACE('',(#11186),#5552,.T.);
#11186 = FACE_BOUND('',#11187,.T.);
#11187 = EDGE_LOOP('',(#11188,#11218,#11239,#11240));
#11188 = ORIENTED_EDGE('',*,*,#11189,.F.);
#11189 = EDGE_CURVE('',#11190,#11192,#11194,.T.);
#11190 = VERTEX_POINT('',#11191);
#11191 = CARTESIAN_POINT('',(-6.,-5.5,94.));
#11192 = VERTEX_POINT('',#11193);
#11193 = CARTESIAN_POINT('',(-6.,-0.8,94.));
#11194 = SURFACE_CURVE('',#11195,(#11199,#11206),.PCURVE_S1.);
#11195 = LINE('',#11196,#11197);
#11196 = CARTESIAN_POINT('',(-6.,-5.5,94.));
#11197 = VECTOR('',#11198,1.);
#11198 = DIRECTION('',(0.,1.,0.));
#11199 = PCURVE('',#5552,#11200);
#11200 = DEFINITIONAL_REPRESENTATION('',(#11201),#11205);
#11201 = LINE('',#11202,#11203);
#11202 = CARTESIAN_POINT('',(0.,0.));
#11203 = VECTOR('',#11204,1.);
#11204 = DIRECTION('',(1.,0.));
#11205 = ( GEOMETRIC_REPRESENTATION_CONTEXT(2) 
PARAMETRIC_REPRESENTATION_CONTEXT() REPRESENTATION_CONTEXT('2D SPACE',''
  ) );
#11206 = PCURVE('',#11207,#11212);
#11207 = PLANE('',#11208);
#11208 = AXIS2_PLACEMENT_3D('',#11209,#11210,#11211);
#11209 = CARTESIAN_POINT('',(-6.8,0.,94.));
#11210 = DIRECTION('',(0.,0.,1.));
#11211 = DIRECTION('',(1.,0.,-0.));
#11212 = DEFINITIONAL_REPRESENTATION('',(#11213),#11217);
#11213 = LINE('',#11214,#11215);
#11214 = CARTESIAN_POINT('',(0.8,-5.5));
#11215 = VECTOR('',#11216,1.);
#11216 = DIRECTION('',(0.,1.));
#11217 = ( GEOMETRIC_REPRESENTATION_CONTEXT(2) 
PARAMETRIC_REPRESENTATION_CONTEXT() REPRESENTATION_CONTEXT('2D SPACE',''
  ) );
#11218 = ORIENTED_EDGE('',*,*,#11219,.T.);
#11219 = EDGE_CURVE('',#11190,#5538,#11220,.T.);
#11220 = SURFACE_CURVE('',#11221,(#11225,#11232),.PCURVE_S1.);
#11221 = LINE('',#11222,#11223);
#11222 = CARTESIAN_POINT('',(-6.,-5.5,94.));
#11223 = VECTOR('',#11224,1.);
#11224 = DIRECTION('',(0.,0.,1.));
#11225 = PCURVE('',#5552,#11226);
#11226 = DEFINITIONAL_REPRESENTATION('',(#11227),#11231);
#11227 = LINE('',#11228,#11229);
#11228 = CARTESIAN_POINT('',(0.,0.));
#11229 = VECTOR('',#11230,1.);
#11230 = DIRECTION('',(0.,-1.));
#11231 = ( GEOMETRIC_REPRESENTATION_CONTEXT(2) 
PARAMETRIC_REPRESENTATION_CONTEXT() REPRESENTATION_CONTEXT('2D SPACE',''
  ) );
#11232 = PCURVE('',#5578,#11233);
#11233 = DEFINITIONAL_REPRESENTATION('',(#11234),#11238);
#11234 = LINE('',#11235,#11236);
#11235 = CARTESIAN_POINT('',(1.6,0.));
#11236 = VECTOR('',#11237,1.);
#11237 = DIRECTION('',(0.,-1.));
#11238 = ( GEOMETRIC_REPRESENTATION_CONTEXT(2) 
PARAMETRIC_REPRESENTATION_CONTEXT() REPRESENTATION_CONTEXT('2D SPACE',''
  ) );
#11239 = ORIENTED_EDGE('',*,*,#5535,.F.);
#11240 = ORIENTED_EDGE('',*,*,#11241,.T.);
#11241 = EDGE_CURVE('',#5536,#11192,#11242,.T.);
#11242 = SURFACE_CURVE('',#11243,(#11247,#11253),.PCURVE_S1.);
#11243 = LINE('',#11244,#11245);
#11244 = CARTESIAN_POINT('',(-6.,-0.8,94.));
#11245 = VECTOR('',#11246,1.);
#11246 = DIRECTION('',(0.,0.,-1.));
#11247 = PCURVE('',#5552,#11248);
#11248 = DEFINITIONAL_REPRESENTATION('',(#11249),#11252);
#11249 = B_SPLINE_CURVE_WITH_KNOTS('',1,(#11250,#11251),.UNSPECIFIED.,
  .F.,.F.,(2,2),(-1.2,0.),.PIECEWISE_BEZIER_KNOTS.);
#11250 = CARTESIAN_POINT('',(4.7,-1.2));
#11251 = CARTESIAN_POINT('',(4.7,0.));
#11252 = ( GEOMETRIC_REPRESENTATION_CONTEXT(2) 
PARAMETRIC_REPRESENTATION_CONTEXT() REPRESENTATION_CONTEXT('2D SPACE',''
  ) );
#11253 = PCURVE('',#6044,#11254);
#11254 = DEFINITIONAL_REPRESENTATION('',(#11255),#11258);
#11255 = B_SPLINE_CURVE_WITH_KNOTS('',1,(#11256,#11257),.UNSPECIFIED.,
  .F.,.F.,(2,2),(-1.2,0.),.PIECEWISE_BEZIER_KNOTS.);
#11256 = CARTESIAN_POINT('',(1.6,-1.2));
#11257 = CARTESIAN_POINT('',(1.6,0.));
#11258 = ( GEOMETRIC_REPRESENTATION_CONTEXT(2) 
PARAMETRIC_REPRESENTATION_CONTEXT() REPRESENTATION_CONTEXT('2D SPACE',''
  ) );
#11259 = ADVANCED_FACE('',(#11260),#6044,.T.);
#11260 = FACE_BOUND('',#11261,.T.);
#11261 = EDGE_LOOP('',(#11262,#11285,#11286,#11287));
#11262 = ORIENTED_EDGE('',*,*,#11263,.F.);
#11263 = EDGE_CURVE('',#11192,#11264,#11266,.T.);
#11264 = VERTEX_POINT('',#11265);
#11265 = CARTESIAN_POINT('',(-0.8,-0.8,94.));
#11266 = SURFACE_CURVE('',#11267,(#11271,#11278),.PCURVE_S1.);
#11267 = LINE('',#11268,#11269);
#11268 = CARTESIAN_POINT('',(-7.6,-0.8,94.));
#11269 = VECTOR('',#11270,1.);
#11270 = DIRECTION('',(1.,0.,0.));
#11271 = PCURVE('',#6044,#11272);
#11272 = DEFINITIONAL_REPRESENTATION('',(#11273),#11277);
#11273 = LINE('',#11274,#11275);
#11274 = CARTESIAN_POINT('',(0.,0.));
#11275 = VECTOR('',#11276,1.);
#11276 = DIRECTION('',(1.,0.));
#11277 = ( GEOMETRIC_REPRESENTATION_CONTEXT(2) 
PARAMETRIC_REPRESENTATION_CONTEXT() REPRESENTATION_CONTEXT('2D SPACE',''
  ) );
#11278 = PCURVE('',#11207,#11279);
#11279 = DEFINITIONAL_REPRESENTATION('',(#11280),#11284);
#11280 = LINE('',#11281,#11282);
#11281 = CARTESIAN_POINT('',(-0.8,-0.8));
#11282 = VECTOR('',#11283,1.);
#11283 = DIRECTION('',(1.,0.));
#11284 = ( GEOMETRIC_REPRESENTATION_CONTEXT(2) 
PARAMETRIC_REPRESENTATION_CONTEXT() REPRESENTATION_CONTEXT('2D SPACE',''
  ) );
#11285 = ORIENTED_EDGE('',*,*,#11241,.F.);
#11286 = ORIENTED_EDGE('',*,*,#6031,.F.);
#11287 = ORIENTED_EDGE('',*,*,#11288,.F.);
#11288 = EDGE_CURVE('',#11264,#6006,#11289,.T.);
#11289 = SURFACE_CURVE('',#11290,(#11294,#11300),.PCURVE_S1.);
#11290 = LINE('',#11291,#11292);
#11291 = CARTESIAN_POINT('',(-0.8,-0.8,94.));
#11292 = VECTOR('',#11293,1.);
#11293 = DIRECTION('',(0.,-0.,1.));
#11294 = PCURVE('',#6044,#11295);
#11295 = DEFINITIONAL_REPRESENTATION('',(#11296),#11299);
#11296 = B_SPLINE_CURVE_WITH_KNOTS('',1,(#11297,#11298),.UNSPECIFIED.,
  .F.,.F.,(2,2),(0.,1.2),.PIECEWISE_BEZIER_KNOTS.);
#11297 = CARTESIAN_POINT('',(6.8,0.));
#11298 = CARTESIAN_POINT('',(6.8,-1.2));
#11299 = ( GEOMETRIC_REPRESENTATION_CONTEXT(2) 
PARAMETRIC_REPRESENTATION_CONTEXT() REPRESENTATION_CONTEXT('2D SPACE',''
  ) );
#11300 = PCURVE('',#6020,#11301);
#11301 = DEFINITIONAL_REPRESENTATION('',(#11302),#11305);
#11302 = B_SPLINE_CURVE_WITH_KNOTS('',1,(#11303,#11304),.UNSPECIFIED.,
  .F.,.F.,(2,2),(0.,1.2),.PIECEWISE_BEZIER_KNOTS.);
#11303 = CARTESIAN_POINT('',(6.3,0.));
#11304 = CARTESIAN_POINT('',(6.3,-1.2));
#11305 = ( GEOMETRIC_REPRESENTATION_CONTEXT(2) 
PARAMETRIC_REPRESENTATION_CONTEXT() REPRESENTATION_CONTEXT('2D SPACE',''
  ) );
#11306 = ADVANCED_FACE('',(#11307),#6020,.T.);
#11307 = FACE_BOUND('',#11308,.T.);
#11308 = EDGE_LOOP('',(#11309,#11332,#11333,#11334));
#11309 = ORIENTED_EDGE('',*,*,#11310,.F.);
#11310 = EDGE_CURVE('',#11264,#11311,#11313,.T.);
#11311 = VERTEX_POINT('',#11312);
#11312 = CARTESIAN_POINT('',(-0.8,-5.5,94.));
#11313 = SURFACE_CURVE('',#11314,(#11318,#11325),.PCURVE_S1.);
#11314 = LINE('',#11315,#11316);
#11315 = CARTESIAN_POINT('',(-0.8,5.5,94.));
#11316 = VECTOR('',#11317,1.);
#11317 = DIRECTION('',(0.,-1.,0.));
#11318 = PCURVE('',#6020,#11319);
#11319 = DEFINITIONAL_REPRESENTATION('',(#11320),#11324);
#11320 = LINE('',#11321,#11322);
#11321 = CARTESIAN_POINT('',(0.,0.));
#11322 = VECTOR('',#11323,1.);
#11323 = DIRECTION('',(1.,0.));
#11324 = ( GEOMETRIC_REPRESENTATION_CONTEXT(2) 
PARAMETRIC_REPRESENTATION_CONTEXT() REPRESENTATION_CONTEXT('2D SPACE',''
  ) );
#11325 = PCURVE('',#11207,#11326);
#11326 = DEFINITIONAL_REPRESENTATION('',(#11327),#11331);
#11327 = LINE('',#11328,#11329);
#11328 = CARTESIAN_POINT('',(6.,5.5));
#11329 = VECTOR('',#11330,1.);
#11330 = DIRECTION('',(0.,-1.));
#11331 = ( GEOMETRIC_REPRESENTATION_CONTEXT(2) 
PARAMETRIC_REPRESENTATION_CONTEXT() REPRESENTATION_CONTEXT('2D SPACE',''
  ) );
#11332 = ORIENTED_EDGE('',*,*,#11288,.T.);
#11333 = ORIENTED_EDGE('',*,*,#6005,.F.);
#11334 = ORIENTED_EDGE('',*,*,#11335,.F.);
#11335 = EDGE_CURVE('',#11311,#5980,#11336,.T.);
#11336 = SURFACE_CURVE('',#11337,(#11341,#11348),.PCURVE_S1.);
#11337 = LINE('',#11338,#11339);
#11338 = CARTESIAN_POINT('',(-0.8,-5.5,94.));
#11339 = VECTOR('',#11340,1.);
#11340 = DIRECTION('',(0.,0.,1.));
#11341 = PCURVE('',#6020,#11342);
#11342 = DEFINITIONAL_REPRESENTATION('',(#11343),#11347);
#11343 = LINE('',#11344,#11345);
#11344 = CARTESIAN_POINT('',(11.,0.));
#11345 = VECTOR('',#11346,1.);
#11346 = DIRECTION('',(0.,-1.));
#11347 = ( GEOMETRIC_REPRESENTATION_CONTEXT(2) 
PARAMETRIC_REPRESENTATION_CONTEXT() REPRESENTATION_CONTEXT('2D SPACE',''
  ) );
#11348 = PCURVE('',#5994,#11349);
#11349 = DEFINITIONAL_REPRESENTATION('',(#11350),#11354);
#11350 = LINE('',#11351,#11352);
#11351 = CARTESIAN_POINT('',(0.,0.));
#11352 = VECTOR('',#11353,1.);
#11353 = DIRECTION('',(0.,-1.));
#11354 = ( GEOMETRIC_REPRESENTATION_CONTEXT(2) 
PARAMETRIC_REPRESENTATION_CONTEXT() REPRESENTATION_CONTEXT('2D SPACE',''
  ) );
#11355 = ADVANCED_FACE('',(#11356),#5994,.T.);
#11356 = FACE_BOUND('',#11357,.T.);
#11357 = EDGE_LOOP('',(#11358,#11381,#11382,#11383));
#11358 = ORIENTED_EDGE('',*,*,#11359,.F.);
#11359 = EDGE_CURVE('',#11311,#11360,#11362,.T.);
#11360 = VERTEX_POINT('',#11361);
#11361 = CARTESIAN_POINT('',(0.8,-5.5,94.));
#11362 = SURFACE_CURVE('',#11363,(#11367,#11374),.PCURVE_S1.);
#11363 = LINE('',#11364,#11365);
#11364 = CARTESIAN_POINT('',(-0.8,-5.5,94.));
#11365 = VECTOR('',#11366,1.);
#11366 = DIRECTION('',(1.,0.,0.));
#11367 = PCURVE('',#5994,#11368);
#11368 = DEFINITIONAL_REPRESENTATION('',(#11369),#11373);
#11369 = LINE('',#11370,#11371);
#11370 = CARTESIAN_POINT('',(0.,0.));
#11371 = VECTOR('',#11372,1.);
#11372 = DIRECTION('',(1.,0.));
#11373 = ( GEOMETRIC_REPRESENTATION_CONTEXT(2) 
PARAMETRIC_REPRESENTATION_CONTEXT() REPRESENTATION_CONTEXT('2D SPACE',''
  ) );
#11374 = PCURVE('',#11207,#11375);
#11375 = DEFINITIONAL_REPRESENTATION('',(#11376),#11380);
#11376 = LINE('',#11377,#11378);
#11377 = CARTESIAN_POINT('',(6.,-5.5));
#11378 = VECTOR('',#11379,1.);
#11379 = DIRECTION('',(1.,0.));
#11380 = ( GEOMETRIC_REPRESENTATION_CONTEXT(2) 
PARAMETRIC_REPRESENTATION_CONTEXT() REPRESENTATION_CONTEXT('2D SPACE',''
  ) );
#11381 = ORIENTED_EDGE('',*,*,#11335,.T.);
#11382 = ORIENTED_EDGE('',*,*,#5979,.F.);
#11383 = ORIENTED_EDGE('',*,*,#11384,.F.);
#11384 = EDGE_CURVE('',#11360,#5954,#11385,.T.);
#11385 = SURFACE_CURVE('',#11386,(#11390,#11397),.PCURVE_S1.);
#11386 = LINE('',#11387,#11388);
#11387 = CARTESIAN_POINT('',(0.8,-5.5,94.));
#11388 = VECTOR('',#11389,1.);
#11389 = DIRECTION('',(0.,0.,1.));
#11390 = PCURVE('',#5994,#11391);
#11391 = DEFINITIONAL_REPRESENTATION('',(#11392),#11396);
#11392 = LINE('',#11393,#11394);
#11393 = CARTESIAN_POINT('',(1.6,0.));
#11394 = VECTOR('',#11395,1.);
#11395 = DIRECTION('',(0.,-1.));
#11396 = ( GEOMETRIC_REPRESENTATION_CONTEXT(2) 
PARAMETRIC_REPRESENTATION_CONTEXT() REPRESENTATION_CONTEXT('2D SPACE',''
  ) );
#11397 = PCURVE('',#5968,#11398);
#11398 = DEFINITIONAL_REPRESENTATION('',(#11399),#11403);
#11399 = LINE('',#11400,#11401);
#11400 = CARTESIAN_POINT('',(0.,0.));
#11401 = VECTOR('',#11402,1.);
#11402 = DIRECTION('',(0.,-1.));
#11403 = ( GEOMETRIC_REPRESENTATION_CONTEXT(2) 
PARAMETRIC_REPRESENTATION_CONTEXT() REPRESENTATION_CONTEXT('2D SPACE',''
  ) );
#11404 = ADVANCED_FACE('',(#11405),#5968,.T.);
#11405 = FACE_BOUND('',#11406,.T.);
#11406 = EDGE_LOOP('',(#11407,#11430,#11431,#11432));
#11407 = ORIENTED_EDGE('',*,*,#11408,.F.);
#11408 = EDGE_CURVE('',#11360,#11409,#11411,.T.);
#11409 = VERTEX_POINT('',#11410);
#11410 = CARTESIAN_POINT('',(0.8,-0.8,94.));
#11411 = SURFACE_CURVE('',#11412,(#11416,#11423),.PCURVE_S1.);
#11412 = LINE('',#11413,#11414);
#11413 = CARTESIAN_POINT('',(0.8,-5.5,94.));
#11414 = VECTOR('',#11415,1.);
#11415 = DIRECTION('',(0.,1.,0.));
#11416 = PCURVE('',#5968,#11417);
#11417 = DEFINITIONAL_REPRESENTATION('',(#11418),#11422);
#11418 = LINE('',#11419,#11420);
#11419 = CARTESIAN_POINT('',(0.,0.));
#11420 = VECTOR('',#11421,1.);
#11421 = DIRECTION('',(1.,0.));
#11422 = ( GEOMETRIC_REPRESENTATION_CONTEXT(2) 
PARAMETRIC_REPRESENTATION_CONTEXT() REPRESENTATION_CONTEXT('2D SPACE',''
  ) );
#11423 = PCURVE('',#11207,#11424);
#11424 = DEFINITIONAL_REPRESENTATION('',(#11425),#11429);
#11425 = LINE('',#11426,#11427);
#11426 = CARTESIAN_POINT('',(7.6,-5.5));
#11427 = VECTOR('',#11428,1.);
#11428 = DIRECTION('',(0.,1.));
#11429 = ( GEOMETRIC_REPRESENTATION_CONTEXT(2) 
PARAMETRIC_REPRESENTATION_CONTEXT() REPRESENTATION_CONTEXT('2D SPACE',''
  ) );
#11430 = ORIENTED_EDGE('',*,*,#11384,.T.);
#11431 = ORIENTED_EDGE('',*,*,#5953,.F.);
#11432 = ORIENTED_EDGE('',*,*,#11433,.T.);
#11433 = EDGE_CURVE('',#5928,#11409,#11434,.T.);
#11434 = SURFACE_CURVE('',#11435,(#11439,#11445),.PCURVE_S1.);
#11435 = LINE('',#11436,#11437);
#11436 = CARTESIAN_POINT('',(0.8,-0.8,94.));
#11437 = VECTOR('',#11438,1.);
#11438 = DIRECTION('',(0.,0.,-1.));
#11439 = PCURVE('',#5968,#11440);
#11440 = DEFINITIONAL_REPRESENTATION('',(#11441),#11444);
#11441 = B_SPLINE_CURVE_WITH_KNOTS('',1,(#11442,#11443),.UNSPECIFIED.,
  .F.,.F.,(2,2),(-1.2,0.),.PIECEWISE_BEZIER_KNOTS.);
#11442 = CARTESIAN_POINT('',(4.7,-1.2));
#11443 = CARTESIAN_POINT('',(4.7,0.));
#11444 = ( GEOMETRIC_REPRESENTATION_CONTEXT(2) 
PARAMETRIC_REPRESENTATION_CONTEXT() REPRESENTATION_CONTEXT('2D SPACE',''
  ) );
#11445 = PCURVE('',#5942,#11446);
#11446 = DEFINITIONAL_REPRESENTATION('',(#11447),#11450);
#11447 = B_SPLINE_CURVE_WITH_KNOTS('',1,(#11448,#11449),.UNSPECIFIED.,
  .F.,.F.,(2,2),(-1.2,0.),.PIECEWISE_BEZIER_KNOTS.);
#11448 = CARTESIAN_POINT('',(8.4,-1.2));
#11449 = CARTESIAN_POINT('',(8.4,0.));
#11450 = ( GEOMETRIC_REPRESENTATION_CONTEXT(2) 
PARAMETRIC_REPRESENTATION_CONTEXT() REPRESENTATION_CONTEXT('2D SPACE',''
  ) );
#11451 = ADVANCED_FACE('',(#11452),#5942,.T.);
#11452 = FACE_BOUND('',#11453,.T.);
#11453 = EDGE_LOOP('',(#11454,#11477,#11478,#11479));
#11454 = ORIENTED_EDGE('',*,*,#11455,.F.);
#11455 = EDGE_CURVE('',#11409,#11456,#11458,.T.);
#11456 = VERTEX_POINT('',#11457);
#11457 = CARTESIAN_POINT('',(6.,-0.8,94.));
#11458 = SURFACE_CURVE('',#11459,(#11463,#11470),.PCURVE_S1.);
#11459 = LINE('',#11460,#11461);
#11460 = CARTESIAN_POINT('',(-7.6,-0.8,94.));
#11461 = VECTOR('',#11462,1.);
#11462 = DIRECTION('',(1.,0.,0.));
#11463 = PCURVE('',#5942,#11464);
#11464 = DEFINITIONAL_REPRESENTATION('',(#11465),#11469);
#11465 = LINE('',#11466,#11467);
#11466 = CARTESIAN_POINT('',(0.,0.));
#11467 = VECTOR('',#11468,1.);
#11468 = DIRECTION('',(1.,0.));
#11469 = ( GEOMETRIC_REPRESENTATION_CONTEXT(2) 
PARAMETRIC_REPRESENTATION_CONTEXT() REPRESENTATION_CONTEXT('2D SPACE',''
  ) );
#11470 = PCURVE('',#11207,#11471);
#11471 = DEFINITIONAL_REPRESENTATION('',(#11472),#11476);
#11472 = LINE('',#11473,#11474);
#11473 = CARTESIAN_POINT('',(-0.8,-0.8));
#11474 = VECTOR('',#11475,1.);
#11475 = DIRECTION('',(1.,0.));
#11476 = ( GEOMETRIC_REPRESENTATION_CONTEXT(2) 
PARAMETRIC_REPRESENTATION_CONTEXT() REPRESENTATION_CONTEXT('2D SPACE',''
  ) );
#11477 = ORIENTED_EDGE('',*,*,#11433,.F.);
#11478 = ORIENTED_EDGE('',*,*,#5927,.F.);
#11479 = ORIENTED_EDGE('',*,*,#11480,.F.);
#11480 = EDGE_CURVE('',#11456,#5902,#11481,.T.);
#11481 = SURFACE_CURVE('',#11482,(#11486,#11492),.PCURVE_S1.);
#11482 = LINE('',#11483,#11484);
#11483 = CARTESIAN_POINT('',(6.,-0.8,94.));
#11484 = VECTOR('',#11485,1.);
#11485 = DIRECTION('',(0.,-0.,1.));
#11486 = PCURVE('',#5942,#11487);
#11487 = DEFINITIONAL_REPRESENTATION('',(#11488),#11491);
#11488 = B_SPLINE_CURVE_WITH_KNOTS('',1,(#11489,#11490),.UNSPECIFIED.,
  .F.,.F.,(2,2),(0.,1.2),.PIECEWISE_BEZIER_KNOTS.);
#11489 = CARTESIAN_POINT('',(13.6,0.));
#11490 = CARTESIAN_POINT('',(13.6,-1.2));
#11491 = ( GEOMETRIC_REPRESENTATION_CONTEXT(2) 
PARAMETRIC_REPRESENTATION_CONTEXT() REPRESENTATION_CONTEXT('2D SPACE',''
  ) );
#11492 = PCURVE('',#5916,#11493);
#11493 = DEFINITIONAL_REPRESENTATION('',(#11494),#11497);
#11494 = B_SPLINE_CURVE_WITH_KNOTS('',1,(#11495,#11496),.UNSPECIFIED.,
  .F.,.F.,(2,2),(0.,1.2),.PIECEWISE_BEZIER_KNOTS.);
#11495 = CARTESIAN_POINT('',(6.3,0.));
#11496 = CARTESIAN_POINT('',(6.3,-1.2));
#11497 = ( GEOMETRIC_REPRESENTATION_CONTEXT(2) 
PARAMETRIC_REPRESENTATION_CONTEXT() REPRESENTATION_CONTEXT('2D SPACE',''
  ) );
#11498 = ADVANCED_FACE('',(#11499),#5916,.T.);
#11499 = FACE_BOUND('',#11500,.T.);
#11500 = EDGE_LOOP('',(#11501,#11524,#11525,#11526));
#11501 = ORIENTED_EDGE('',*,*,#11502,.F.);
#11502 = EDGE_CURVE('',#11456,#11503,#11505,.T.);
#11503 = VERTEX_POINT('',#11504);
#11504 = CARTESIAN_POINT('',(6.,-5.5,94.));
#11505 = SURFACE_CURVE('',#11506,(#11510,#11517),.PCURVE_S1.);
#11506 = LINE('',#11507,#11508);
#11507 = CARTESIAN_POINT('',(6.,5.5,94.));
#11508 = VECTOR('',#11509,1.);
#11509 = DIRECTION('',(0.,-1.,0.));
#11510 = PCURVE('',#5916,#11511);
#11511 = DEFINITIONAL_REPRESENTATION('',(#11512),#11516);
#11512 = LINE('',#11513,#11514);
#11513 = CARTESIAN_POINT('',(0.,0.));
#11514 = VECTOR('',#11515,1.);
#11515 = DIRECTION('',(1.,0.));
#11516 = ( GEOMETRIC_REPRESENTATION_CONTEXT(2) 
PARAMETRIC_REPRESENTATION_CONTEXT() REPRESENTATION_CONTEXT('2D SPACE',''
  ) );
#11517 = PCURVE('',#11207,#11518);
#11518 = DEFINITIONAL_REPRESENTATION('',(#11519),#11523);
#11519 = LINE('',#11520,#11521);
#11520 = CARTESIAN_POINT('',(12.8,5.5));
#11521 = VECTOR('',#11522,1.);
#11522 = DIRECTION('',(0.,-1.));
#11523 = ( GEOMETRIC_REPRESENTATION_CONTEXT(2) 
PARAMETRIC_REPRESENTATION_CONTEXT() REPRESENTATION_CONTEXT('2D SPACE',''
  ) );
#11524 = ORIENTED_EDGE('',*,*,#11480,.T.);
#11525 = ORIENTED_EDGE('',*,*,#5901,.F.);
#11526 = ORIENTED_EDGE('',*,*,#11527,.F.);
#11527 = EDGE_CURVE('',#11503,#5876,#11528,.T.);
#11528 = SURFACE_CURVE('',#11529,(#11533,#11540),.PCURVE_S1.);
#11529 = LINE('',#11530,#11531);
#11530 = CARTESIAN_POINT('',(6.,-5.5,94.));
#11531 = VECTOR('',#11532,1.);
#11532 = DIRECTION('',(0.,0.,1.));
#11533 = PCURVE('',#5916,#11534);
#11534 = DEFINITIONAL_REPRESENTATION('',(#11535),#11539);
#11535 = LINE('',#11536,#11537);
#11536 = CARTESIAN_POINT('',(11.,0.));
#11537 = VECTOR('',#11538,1.);
#11538 = DIRECTION('',(0.,-1.));
#11539 = ( GEOMETRIC_REPRESENTATION_CONTEXT(2) 
PARAMETRIC_REPRESENTATION_CONTEXT() REPRESENTATION_CONTEXT('2D SPACE',''
  ) );
#11540 = PCURVE('',#5890,#11541);
#11541 = DEFINITIONAL_REPRESENTATION('',(#11542),#11546);
#11542 = LINE('',#11543,#11544);
#11543 = CARTESIAN_POINT('',(0.,0.));
#11544 = VECTOR('',#11545,1.);
#11545 = DIRECTION('',(0.,-1.));
#11546 = ( GEOMETRIC_REPRESENTATION_CONTEXT(2) 
PARAMETRIC_REPRESENTATION_CONTEXT() REPRESENTATION_CONTEXT('2D SPACE',''
  ) );
#11547 = ADVANCED_FACE('',(#11548),#5890,.T.);
#11548 = FACE_BOUND('',#11549,.T.);
#11549 = EDGE_LOOP('',(#11550,#11573,#11574,#11575));
#11550 = ORIENTED_EDGE('',*,*,#11551,.F.);
#11551 = EDGE_CURVE('',#11503,#11552,#11554,.T.);
#11552 = VERTEX_POINT('',#11553);
#11553 = CARTESIAN_POINT('',(7.6,-5.5,94.));
#11554 = SURFACE_CURVE('',#11555,(#11559,#11566),.PCURVE_S1.);
#11555 = LINE('',#11556,#11557);
#11556 = CARTESIAN_POINT('',(6.,-5.5,94.));
#11557 = VECTOR('',#11558,1.);
#11558 = DIRECTION('',(1.,0.,0.));
#11559 = PCURVE('',#5890,#11560);
#11560 = DEFINITIONAL_REPRESENTATION('',(#11561),#11565);
#11561 = LINE('',#11562,#11563);
#11562 = CARTESIAN_POINT('',(0.,0.));
#11563 = VECTOR('',#11564,1.);
#11564 = DIRECTION('',(1.,0.));
#11565 = ( GEOMETRIC_REPRESENTATION_CONTEXT(2) 
PARAMETRIC_REPRESENTATION_CONTEXT() REPRESENTATION_CONTEXT('2D SPACE',''
  ) );
#11566 = PCURVE('',#11207,#11567);
#11567 = DEFINITIONAL_REPRESENTATION('',(#11568),#11572);
#11568 = LINE('',#11569,#11570);
#11569 = CARTESIAN_POINT('',(12.8,-5.5));
#11570 = VECTOR('',#11571,1.);
#11571 = DIRECTION('',(1.,0.));
#11572 = ( GEOMETRIC_REPRESENTATION_CONTEXT(2) 
PARAMETRIC_REPRESENTATION_CONTEXT() REPRESENTATION_CONTEXT('2D SPACE',''
  ) );
#11573 = ORIENTED_EDGE('',*,*,#11527,.T.);
#11574 = ORIENTED_EDGE('',*,*,#5875,.F.);
#11575 = ORIENTED_EDGE('',*,*,#11576,.F.);
#11576 = EDGE_CURVE('',#11552,#5850,#11577,.T.);
#11577 = SURFACE_CURVE('',#11578,(#11582,#11589),.PCURVE_S1.);
#11578 = LINE('',#11579,#11580);
#11579 = CARTESIAN_POINT('',(7.6,-5.5,94.));
#11580 = VECTOR('',#11581,1.);
#11581 = DIRECTION('',(0.,0.,1.));
#11582 = PCURVE('',#5890,#11583);
#11583 = DEFINITIONAL_REPRESENTATION('',(#11584),#11588);
#11584 = LINE('',#11585,#11586);
#11585 = CARTESIAN_POINT('',(1.6,0.));
#11586 = VECTOR('',#11587,1.);
#11587 = DIRECTION('',(0.,-1.));
#11588 = ( GEOMETRIC_REPRESENTATION_CONTEXT(2) 
PARAMETRIC_REPRESENTATION_CONTEXT() REPRESENTATION_CONTEXT('2D SPACE',''
  ) );
#11589 = PCURVE('',#5864,#11590);
#11590 = DEFINITIONAL_REPRESENTATION('',(#11591),#11595);
#11591 = LINE('',#11592,#11593);
#11592 = CARTESIAN_POINT('',(-4.7,0.));
#11593 = VECTOR('',#11594,1.);
#11594 = DIRECTION('',(0.,-1.));
#11595 = ( GEOMETRIC_REPRESENTATION_CONTEXT(2) 
PARAMETRIC_REPRESENTATION_CONTEXT() REPRESENTATION_CONTEXT('2D SPACE',''
  ) );
#11596 = ADVANCED_FACE('',(#11597),#5864,.T.);
#11597 = FACE_BOUND('',#11598,.T.);
#11598 = EDGE_LOOP('',(#11599,#11622,#11623,#11624));
#11599 = ORIENTED_EDGE('',*,*,#11600,.T.);
#11600 = EDGE_CURVE('',#11601,#11552,#11603,.T.);
#11601 = VERTEX_POINT('',#11602);
#11602 = CARTESIAN_POINT('',(7.6,5.5,94.));
#11603 = SURFACE_CURVE('',#11604,(#11608,#11615),.PCURVE_S1.);
#11604 = LINE('',#11605,#11606);
#11605 = CARTESIAN_POINT('',(7.6,5.5,94.));
#11606 = VECTOR('',#11607,1.);
#11607 = DIRECTION('',(0.,-1.,0.));
#11608 = PCURVE('',#5864,#11609);
#11609 = DEFINITIONAL_REPRESENTATION('',(#11610),#11614);
#11610 = LINE('',#11611,#11612);
#11611 = CARTESIAN_POINT('',(6.3,0.));
#11612 = VECTOR('',#11613,1.);
#11613 = DIRECTION('',(-1.,0.));
#11614 = ( GEOMETRIC_REPRESENTATION_CONTEXT(2) 
PARAMETRIC_REPRESENTATION_CONTEXT() REPRESENTATION_CONTEXT('2D SPACE',''
  ) );
#11615 = PCURVE('',#11207,#11616);
#11616 = DEFINITIONAL_REPRESENTATION('',(#11617),#11621);
#11617 = LINE('',#11618,#11619);
#11618 = CARTESIAN_POINT('',(14.4,5.5));
#11619 = VECTOR('',#11620,1.);
#11620 = DIRECTION('',(0.,-1.));
#11621 = ( GEOMETRIC_REPRESENTATION_CONTEXT(2) 
PARAMETRIC_REPRESENTATION_CONTEXT() REPRESENTATION_CONTEXT('2D SPACE',''
  ) );
#11622 = ORIENTED_EDGE('',*,*,#11576,.T.);
#11623 = ORIENTED_EDGE('',*,*,#5849,.F.);
#11624 = ORIENTED_EDGE('',*,*,#11625,.F.);
#11625 = EDGE_CURVE('',#11601,#5824,#11626,.T.);
#11626 = SURFACE_CURVE('',#11627,(#11631,#11638),.PCURVE_S1.);
#11627 = LINE('',#11628,#11629);
#11628 = CARTESIAN_POINT('',(7.6,5.5,94.));
#11629 = VECTOR('',#11630,1.);
#11630 = DIRECTION('',(0.,0.,1.));
#11631 = PCURVE('',#5864,#11632);
#11632 = DEFINITIONAL_REPRESENTATION('',(#11633),#11637);
#11633 = LINE('',#11634,#11635);
#11634 = CARTESIAN_POINT('',(6.3,0.));
#11635 = VECTOR('',#11636,1.);
#11636 = DIRECTION('',(0.,-1.));
#11637 = ( GEOMETRIC_REPRESENTATION_CONTEXT(2) 
PARAMETRIC_REPRESENTATION_CONTEXT() REPRESENTATION_CONTEXT('2D SPACE',''
  ) );
#11638 = PCURVE('',#5838,#11639);
#11639 = DEFINITIONAL_REPRESENTATION('',(#11640),#11644);
#11640 = LINE('',#11641,#11642);
#11641 = CARTESIAN_POINT('',(0.,-0.));
#11642 = VECTOR('',#11643,1.);
#11643 = DIRECTION('',(0.,-1.));
#11644 = ( GEOMETRIC_REPRESENTATION_CONTEXT(2) 
PARAMETRIC_REPRESENTATION_CONTEXT() REPRESENTATION_CONTEXT('2D SPACE',''
  ) );
#11645 = ADVANCED_FACE('',(#11646),#5838,.T.);
#11646 = FACE_BOUND('',#11647,.T.);
#11647 = EDGE_LOOP('',(#11648,#11671,#11672,#11673));
#11648 = ORIENTED_EDGE('',*,*,#11649,.F.);
#11649 = EDGE_CURVE('',#11601,#11650,#11652,.T.);
#11650 = VERTEX_POINT('',#11651);
#11651 = CARTESIAN_POINT('',(6.,5.5,94.));
#11652 = SURFACE_CURVE('',#11653,(#11657,#11664),.PCURVE_S1.);
#11653 = LINE('',#11654,#11655);
#11654 = CARTESIAN_POINT('',(7.6,5.5,94.));
#11655 = VECTOR('',#11656,1.);
#11656 = DIRECTION('',(-1.,0.,0.));
#11657 = PCURVE('',#5838,#11658);
#11658 = DEFINITIONAL_REPRESENTATION('',(#11659),#11663);
#11659 = LINE('',#11660,#11661);
#11660 = CARTESIAN_POINT('',(0.,-0.));
#11661 = VECTOR('',#11662,1.);
#11662 = DIRECTION('',(1.,0.));
#11663 = ( GEOMETRIC_REPRESENTATION_CONTEXT(2) 
PARAMETRIC_REPRESENTATION_CONTEXT() REPRESENTATION_CONTEXT('2D SPACE',''
  ) );
#11664 = PCURVE('',#11207,#11665);
#11665 = DEFINITIONAL_REPRESENTATION('',(#11666),#11670);
#11666 = LINE('',#11667,#11668);
#11667 = CARTESIAN_POINT('',(14.4,5.5));
#11668 = VECTOR('',#11669,1.);
#11669 = DIRECTION('',(-1.,0.));
#11670 = ( GEOMETRIC_REPRESENTATION_CONTEXT(2) 
PARAMETRIC_REPRESENTATION_CONTEXT() REPRESENTATION_CONTEXT('2D SPACE',''
  ) );
#11671 = ORIENTED_EDGE('',*,*,#11625,.T.);
#11672 = ORIENTED_EDGE('',*,*,#5823,.F.);
#11673 = ORIENTED_EDGE('',*,*,#11674,.F.);
#11674 = EDGE_CURVE('',#11650,#5798,#11675,.T.);
#11675 = SURFACE_CURVE('',#11676,(#11680,#11687),.PCURVE_S1.);
#11676 = LINE('',#11677,#11678);
#11677 = CARTESIAN_POINT('',(6.,5.5,94.));
#11678 = VECTOR('',#11679,1.);
#11679 = DIRECTION('',(0.,0.,1.));
#11680 = PCURVE('',#5838,#11681);
#11681 = DEFINITIONAL_REPRESENTATION('',(#11682),#11686);
#11682 = LINE('',#11683,#11684);
#11683 = CARTESIAN_POINT('',(1.6,0.));
#11684 = VECTOR('',#11685,1.);
#11685 = DIRECTION('',(0.,-1.));
#11686 = ( GEOMETRIC_REPRESENTATION_CONTEXT(2) 
PARAMETRIC_REPRESENTATION_CONTEXT() REPRESENTATION_CONTEXT('2D SPACE',''
  ) );
#11687 = PCURVE('',#5812,#11688);
#11688 = DEFINITIONAL_REPRESENTATION('',(#11689),#11693);
#11689 = LINE('',#11690,#11691);
#11690 = CARTESIAN_POINT('',(0.,0.));
#11691 = VECTOR('',#11692,1.);
#11692 = DIRECTION('',(0.,-1.));
#11693 = ( GEOMETRIC_REPRESENTATION_CONTEXT(2) 
PARAMETRIC_REPRESENTATION_CONTEXT() REPRESENTATION_CONTEXT('2D SPACE',''
  ) );
#11694 = ADVANCED_FACE('',(#11695),#5812,.T.);
#11695 = FACE_BOUND('',#11696,.T.);
#11696 = EDGE_LOOP('',(#11697,#11720,#11721,#11722));
#11697 = ORIENTED_EDGE('',*,*,#11698,.F.);
#11698 = EDGE_CURVE('',#11650,#11699,#11701,.T.);
#11699 = VERTEX_POINT('',#11700);
#11700 = CARTESIAN_POINT('',(6.,0.8,94.));
#11701 = SURFACE_CURVE('',#11702,(#11706,#11713),.PCURVE_S1.);
#11702 = LINE('',#11703,#11704);
#11703 = CARTESIAN_POINT('',(6.,5.5,94.));
#11704 = VECTOR('',#11705,1.);
#11705 = DIRECTION('',(0.,-1.,0.));
#11706 = PCURVE('',#5812,#11707);
#11707 = DEFINITIONAL_REPRESENTATION('',(#11708),#11712);
#11708 = LINE('',#11709,#11710);
#11709 = CARTESIAN_POINT('',(0.,0.));
#11710 = VECTOR('',#11711,1.);
#11711 = DIRECTION('',(1.,0.));
#11712 = ( GEOMETRIC_REPRESENTATION_CONTEXT(2) 
PARAMETRIC_REPRESENTATION_CONTEXT() REPRESENTATION_CONTEXT('2D SPACE',''
  ) );
#11713 = PCURVE('',#11207,#11714);
#11714 = DEFINITIONAL_REPRESENTATION('',(#11715),#11719);
#11715 = LINE('',#11716,#11717);
#11716 = CARTESIAN_POINT('',(12.8,5.5));
#11717 = VECTOR('',#11718,1.);
#11718 = DIRECTION('',(0.,-1.));
#11719 = ( GEOMETRIC_REPRESENTATION_CONTEXT(2) 
PARAMETRIC_REPRESENTATION_CONTEXT() REPRESENTATION_CONTEXT('2D SPACE',''
  ) );
#11720 = ORIENTED_EDGE('',*,*,#11674,.T.);
#11721 = ORIENTED_EDGE('',*,*,#5797,.F.);
#11722 = ORIENTED_EDGE('',*,*,#11723,.T.);
#11723 = EDGE_CURVE('',#5772,#11699,#11724,.T.);
#11724 = SURFACE_CURVE('',#11725,(#11729,#11735),.PCURVE_S1.);
#11725 = LINE('',#11726,#11727);
#11726 = CARTESIAN_POINT('',(6.,0.8,94.));
#11727 = VECTOR('',#11728,1.);
#11728 = DIRECTION('',(0.,-0.,-1.));
#11729 = PCURVE('',#5812,#11730);
#11730 = DEFINITIONAL_REPRESENTATION('',(#11731),#11734);
#11731 = B_SPLINE_CURVE_WITH_KNOTS('',1,(#11732,#11733),.UNSPECIFIED.,
  .F.,.F.,(2,2),(-1.2,0.),.PIECEWISE_BEZIER_KNOTS.);
#11732 = CARTESIAN_POINT('',(4.7,-1.2));
#11733 = CARTESIAN_POINT('',(4.7,0.));
#11734 = ( GEOMETRIC_REPRESENTATION_CONTEXT(2) 
PARAMETRIC_REPRESENTATION_CONTEXT() REPRESENTATION_CONTEXT('2D SPACE',''
  ) );
#11735 = PCURVE('',#5786,#11736);
#11736 = DEFINITIONAL_REPRESENTATION('',(#11737),#11740);
#11737 = B_SPLINE_CURVE_WITH_KNOTS('',1,(#11738,#11739),.UNSPECIFIED.,
  .F.,.F.,(2,2),(-1.2,0.),.PIECEWISE_BEZIER_KNOTS.);
#11738 = CARTESIAN_POINT('',(1.6,-1.2));
#11739 = CARTESIAN_POINT('',(1.6,0.));
#11740 = ( GEOMETRIC_REPRESENTATION_CONTEXT(2) 
PARAMETRIC_REPRESENTATION_CONTEXT() REPRESENTATION_CONTEXT('2D SPACE',''
  ) );
#11741 = ADVANCED_FACE('',(#11742),#5786,.T.);
#11742 = FACE_BOUND('',#11743,.T.);
#11743 = EDGE_LOOP('',(#11744,#11767,#11768,#11769));
#11744 = ORIENTED_EDGE('',*,*,#11745,.F.);
#11745 = EDGE_CURVE('',#11699,#11746,#11748,.T.);
#11746 = VERTEX_POINT('',#11747);
#11747 = CARTESIAN_POINT('',(0.8,0.8,94.));
#11748 = SURFACE_CURVE('',#11749,(#11753,#11760),.PCURVE_S1.);
#11749 = LINE('',#11750,#11751);
#11750 = CARTESIAN_POINT('',(7.6,0.8,94.));
#11751 = VECTOR('',#11752,1.);
#11752 = DIRECTION('',(-1.,0.,0.));
#11753 = PCURVE('',#5786,#11754);
#11754 = DEFINITIONAL_REPRESENTATION('',(#11755),#11759);
#11755 = LINE('',#11756,#11757);
#11756 = CARTESIAN_POINT('',(0.,-0.));
#11757 = VECTOR('',#11758,1.);
#11758 = DIRECTION('',(1.,0.));
#11759 = ( GEOMETRIC_REPRESENTATION_CONTEXT(2) 
PARAMETRIC_REPRESENTATION_CONTEXT() REPRESENTATION_CONTEXT('2D SPACE',''
  ) );
#11760 = PCURVE('',#11207,#11761);
#11761 = DEFINITIONAL_REPRESENTATION('',(#11762),#11766);
#11762 = LINE('',#11763,#11764);
#11763 = CARTESIAN_POINT('',(14.4,0.8));
#11764 = VECTOR('',#11765,1.);
#11765 = DIRECTION('',(-1.,0.));
#11766 = ( GEOMETRIC_REPRESENTATION_CONTEXT(2) 
PARAMETRIC_REPRESENTATION_CONTEXT() REPRESENTATION_CONTEXT('2D SPACE',''
  ) );
#11767 = ORIENTED_EDGE('',*,*,#11723,.F.);
#11768 = ORIENTED_EDGE('',*,*,#5771,.F.);
#11769 = ORIENTED_EDGE('',*,*,#11770,.F.);
#11770 = EDGE_CURVE('',#11746,#5746,#11771,.T.);
#11771 = SURFACE_CURVE('',#11772,(#11776,#11782),.PCURVE_S1.);
#11772 = LINE('',#11773,#11774);
#11773 = CARTESIAN_POINT('',(0.8,0.8,94.));
#11774 = VECTOR('',#11775,1.);
#11775 = DIRECTION('',(0.,0.,1.));
#11776 = PCURVE('',#5786,#11777);
#11777 = DEFINITIONAL_REPRESENTATION('',(#11778),#11781);
#11778 = B_SPLINE_CURVE_WITH_KNOTS('',1,(#11779,#11780),.UNSPECIFIED.,
  .F.,.F.,(2,2),(0.,1.2),.PIECEWISE_BEZIER_KNOTS.);
#11779 = CARTESIAN_POINT('',(6.8,0.));
#11780 = CARTESIAN_POINT('',(6.8,-1.2));
#11781 = ( GEOMETRIC_REPRESENTATION_CONTEXT(2) 
PARAMETRIC_REPRESENTATION_CONTEXT() REPRESENTATION_CONTEXT('2D SPACE',''
  ) );
#11782 = PCURVE('',#5760,#11783);
#11783 = DEFINITIONAL_REPRESENTATION('',(#11784),#11787);
#11784 = B_SPLINE_CURVE_WITH_KNOTS('',1,(#11785,#11786),.UNSPECIFIED.,
  .F.,.F.,(2,2),(0.,1.2),.PIECEWISE_BEZIER_KNOTS.);
#11785 = CARTESIAN_POINT('',(6.3,0.));
#11786 = CARTESIAN_POINT('',(6.3,-1.2));
#11787 = ( GEOMETRIC_REPRESENTATION_CONTEXT(2) 
PARAMETRIC_REPRESENTATION_CONTEXT() REPRESENTATION_CONTEXT('2D SPACE',''
  ) );
#11788 = ADVANCED_FACE('',(#11789),#5760,.T.);
#11789 = FACE_BOUND('',#11790,.T.);
#11790 = EDGE_LOOP('',(#11791,#11814,#11815,#11816));
#11791 = ORIENTED_EDGE('',*,*,#11792,.F.);
#11792 = EDGE_CURVE('',#11746,#11793,#11795,.T.);
#11793 = VERTEX_POINT('',#11794);
#11794 = CARTESIAN_POINT('',(0.8,5.5,94.));
#11795 = SURFACE_CURVE('',#11796,(#11800,#11807),.PCURVE_S1.);
#11796 = LINE('',#11797,#11798);
#11797 = CARTESIAN_POINT('',(0.8,-5.5,94.));
#11798 = VECTOR('',#11799,1.);
#11799 = DIRECTION('',(0.,1.,0.));
#11800 = PCURVE('',#5760,#11801);
#11801 = DEFINITIONAL_REPRESENTATION('',(#11802),#11806);
#11802 = LINE('',#11803,#11804);
#11803 = CARTESIAN_POINT('',(0.,0.));
#11804 = VECTOR('',#11805,1.);
#11805 = DIRECTION('',(1.,0.));
#11806 = ( GEOMETRIC_REPRESENTATION_CONTEXT(2) 
PARAMETRIC_REPRESENTATION_CONTEXT() REPRESENTATION_CONTEXT('2D SPACE',''
  ) );
#11807 = PCURVE('',#11207,#11808);
#11808 = DEFINITIONAL_REPRESENTATION('',(#11809),#11813);
#11809 = LINE('',#11810,#11811);
#11810 = CARTESIAN_POINT('',(7.6,-5.5));
#11811 = VECTOR('',#11812,1.);
#11812 = DIRECTION('',(0.,1.));
#11813 = ( GEOMETRIC_REPRESENTATION_CONTEXT(2) 
PARAMETRIC_REPRESENTATION_CONTEXT() REPRESENTATION_CONTEXT('2D SPACE',''
  ) );
#11814 = ORIENTED_EDGE('',*,*,#11770,.T.);
#11815 = ORIENTED_EDGE('',*,*,#5745,.F.);
#11816 = ORIENTED_EDGE('',*,*,#11817,.F.);
#11817 = EDGE_CURVE('',#11793,#5720,#11818,.T.);
#11818 = SURFACE_CURVE('',#11819,(#11823,#11830),.PCURVE_S1.);
#11819 = LINE('',#11820,#11821);
#11820 = CARTESIAN_POINT('',(0.8,5.5,94.));
#11821 = VECTOR('',#11822,1.);
#11822 = DIRECTION('',(0.,0.,1.));
#11823 = PCURVE('',#5760,#11824);
#11824 = DEFINITIONAL_REPRESENTATION('',(#11825),#11829);
#11825 = LINE('',#11826,#11827);
#11826 = CARTESIAN_POINT('',(11.,0.));
#11827 = VECTOR('',#11828,1.);
#11828 = DIRECTION('',(0.,-1.));
#11829 = ( GEOMETRIC_REPRESENTATION_CONTEXT(2) 
PARAMETRIC_REPRESENTATION_CONTEXT() REPRESENTATION_CONTEXT('2D SPACE',''
  ) );
#11830 = PCURVE('',#5734,#11831);
#11831 = DEFINITIONAL_REPRESENTATION('',(#11832),#11836);
#11832 = LINE('',#11833,#11834);
#11833 = CARTESIAN_POINT('',(0.,-0.));
#11834 = VECTOR('',#11835,1.);
#11835 = DIRECTION('',(0.,-1.));
#11836 = ( GEOMETRIC_REPRESENTATION_CONTEXT(2) 
PARAMETRIC_REPRESENTATION_CONTEXT() REPRESENTATION_CONTEXT('2D SPACE',''
  ) );
#11837 = ADVANCED_FACE('',(#11838),#5734,.T.);
#11838 = FACE_BOUND('',#11839,.T.);
#11839 = EDGE_LOOP('',(#11840,#11863,#11864,#11865));
#11840 = ORIENTED_EDGE('',*,*,#11841,.F.);
#11841 = EDGE_CURVE('',#11793,#11842,#11844,.T.);
#11842 = VERTEX_POINT('',#11843);
#11843 = CARTESIAN_POINT('',(-0.8,5.5,94.));
#11844 = SURFACE_CURVE('',#11845,(#11849,#11856),.PCURVE_S1.);
#11845 = LINE('',#11846,#11847);
#11846 = CARTESIAN_POINT('',(0.8,5.5,94.));
#11847 = VECTOR('',#11848,1.);
#11848 = DIRECTION('',(-1.,0.,0.));
#11849 = PCURVE('',#5734,#11850);
#11850 = DEFINITIONAL_REPRESENTATION('',(#11851),#11855);
#11851 = LINE('',#11852,#11853);
#11852 = CARTESIAN_POINT('',(0.,-0.));
#11853 = VECTOR('',#11854,1.);
#11854 = DIRECTION('',(1.,0.));
#11855 = ( GEOMETRIC_REPRESENTATION_CONTEXT(2) 
PARAMETRIC_REPRESENTATION_CONTEXT() REPRESENTATION_CONTEXT('2D SPACE',''
  ) );
#11856 = PCURVE('',#11207,#11857);
#11857 = DEFINITIONAL_REPRESENTATION('',(#11858),#11862);
#11858 = LINE('',#11859,#11860);
#11859 = CARTESIAN_POINT('',(7.6,5.5));
#11860 = VECTOR('',#11861,1.);
#11861 = DIRECTION('',(-1.,0.));
#11862 = ( GEOMETRIC_REPRESENTATION_CONTEXT(2) 
PARAMETRIC_REPRESENTATION_CONTEXT() REPRESENTATION_CONTEXT('2D SPACE',''
  ) );
#11863 = ORIENTED_EDGE('',*,*,#11817,.T.);
#11864 = ORIENTED_EDGE('',*,*,#5719,.F.);
#11865 = ORIENTED_EDGE('',*,*,#11866,.F.);
#11866 = EDGE_CURVE('',#11842,#5694,#11867,.T.);
#11867 = SURFACE_CURVE('',#11868,(#11872,#11879),.PCURVE_S1.);
#11868 = LINE('',#11869,#11870);
#11869 = CARTESIAN_POINT('',(-0.8,5.5,94.));
#11870 = VECTOR('',#11871,1.);
#11871 = DIRECTION('',(0.,0.,1.));
#11872 = PCURVE('',#5734,#11873);
#11873 = DEFINITIONAL_REPRESENTATION('',(#11874),#11878);
#11874 = LINE('',#11875,#11876);
#11875 = CARTESIAN_POINT('',(1.6,0.));
#11876 = VECTOR('',#11877,1.);
#11877 = DIRECTION('',(0.,-1.));
#11878 = ( GEOMETRIC_REPRESENTATION_CONTEXT(2) 
PARAMETRIC_REPRESENTATION_CONTEXT() REPRESENTATION_CONTEXT('2D SPACE',''
  ) );
#11879 = PCURVE('',#5708,#11880);
#11880 = DEFINITIONAL_REPRESENTATION('',(#11881),#11885);
#11881 = LINE('',#11882,#11883);
#11882 = CARTESIAN_POINT('',(0.,0.));
#11883 = VECTOR('',#11884,1.);
#11884 = DIRECTION('',(0.,-1.));
#11885 = ( GEOMETRIC_REPRESENTATION_CONTEXT(2) 
PARAMETRIC_REPRESENTATION_CONTEXT() REPRESENTATION_CONTEXT('2D SPACE',''
  ) );
#11886 = ADVANCED_FACE('',(#11887),#5708,.T.);
#11887 = FACE_BOUND('',#11888,.T.);
#11888 = EDGE_LOOP('',(#11889,#11912,#11913,#11914));
#11889 = ORIENTED_EDGE('',*,*,#11890,.F.);
#11890 = EDGE_CURVE('',#11842,#11891,#11893,.T.);
#11891 = VERTEX_POINT('',#11892);
#11892 = CARTESIAN_POINT('',(-0.8,0.8,94.));
#11893 = SURFACE_CURVE('',#11894,(#11898,#11905),.PCURVE_S1.);
#11894 = LINE('',#11895,#11896);
#11895 = CARTESIAN_POINT('',(-0.8,5.5,94.));
#11896 = VECTOR('',#11897,1.);
#11897 = DIRECTION('',(0.,-1.,0.));
#11898 = PCURVE('',#5708,#11899);
#11899 = DEFINITIONAL_REPRESENTATION('',(#11900),#11904);
#11900 = LINE('',#11901,#11902);
#11901 = CARTESIAN_POINT('',(0.,0.));
#11902 = VECTOR('',#11903,1.);
#11903 = DIRECTION('',(1.,0.));
#11904 = ( GEOMETRIC_REPRESENTATION_CONTEXT(2) 
PARAMETRIC_REPRESENTATION_CONTEXT() REPRESENTATION_CONTEXT('2D SPACE',''
  ) );
#11905 = PCURVE('',#11207,#11906);
#11906 = DEFINITIONAL_REPRESENTATION('',(#11907),#11911);
#11907 = LINE('',#11908,#11909);
#11908 = CARTESIAN_POINT('',(6.,5.5));
#11909 = VECTOR('',#11910,1.);
#11910 = DIRECTION('',(0.,-1.));
#11911 = ( GEOMETRIC_REPRESENTATION_CONTEXT(2) 
PARAMETRIC_REPRESENTATION_CONTEXT() REPRESENTATION_CONTEXT('2D SPACE',''
  ) );
#11912 = ORIENTED_EDGE('',*,*,#11866,.T.);
#11913 = ORIENTED_EDGE('',*,*,#5693,.F.);
#11914 = ORIENTED_EDGE('',*,*,#11915,.T.);
#11915 = EDGE_CURVE('',#5668,#11891,#11916,.T.);
#11916 = SURFACE_CURVE('',#11917,(#11921,#11927),.PCURVE_S1.);
#11917 = LINE('',#11918,#11919);
#11918 = CARTESIAN_POINT('',(-0.8,0.8,94.));
#11919 = VECTOR('',#11920,1.);
#11920 = DIRECTION('',(0.,-0.,-1.));
#11921 = PCURVE('',#5708,#11922);
#11922 = DEFINITIONAL_REPRESENTATION('',(#11923),#11926);
#11923 = B_SPLINE_CURVE_WITH_KNOTS('',1,(#11924,#11925),.UNSPECIFIED.,
  .F.,.F.,(2,2),(-1.2,0.),.PIECEWISE_BEZIER_KNOTS.);
#11924 = CARTESIAN_POINT('',(4.7,-1.2));
#11925 = CARTESIAN_POINT('',(4.7,0.));
#11926 = ( GEOMETRIC_REPRESENTATION_CONTEXT(2) 
PARAMETRIC_REPRESENTATION_CONTEXT() REPRESENTATION_CONTEXT('2D SPACE',''
  ) );
#11927 = PCURVE('',#5682,#11928);
#11928 = DEFINITIONAL_REPRESENTATION('',(#11929),#11932);
#11929 = B_SPLINE_CURVE_WITH_KNOTS('',1,(#11930,#11931),.UNSPECIFIED.,
  .F.,.F.,(2,2),(-1.2,0.),.PIECEWISE_BEZIER_KNOTS.);
#11930 = CARTESIAN_POINT('',(8.4,-1.2));
#11931 = CARTESIAN_POINT('',(8.4,0.));
#11932 = ( GEOMETRIC_REPRESENTATION_CONTEXT(2) 
PARAMETRIC_REPRESENTATION_CONTEXT() REPRESENTATION_CONTEXT('2D SPACE',''
  ) );
#11933 = ADVANCED_FACE('',(#11934),#5682,.T.);
#11934 = FACE_BOUND('',#11935,.T.);
#11935 = EDGE_LOOP('',(#11936,#11959,#11960,#11961));
#11936 = ORIENTED_EDGE('',*,*,#11937,.F.);
#11937 = EDGE_CURVE('',#11891,#11938,#11940,.T.);
#11938 = VERTEX_POINT('',#11939);
#11939 = CARTESIAN_POINT('',(-6.,0.8,94.));
#11940 = SURFACE_CURVE('',#11941,(#11945,#11952),.PCURVE_S1.);
#11941 = LINE('',#11942,#11943);
#11942 = CARTESIAN_POINT('',(7.6,0.8,94.));
#11943 = VECTOR('',#11944,1.);
#11944 = DIRECTION('',(-1.,0.,0.));
#11945 = PCURVE('',#5682,#11946);
#11946 = DEFINITIONAL_REPRESENTATION('',(#11947),#11951);
#11947 = LINE('',#11948,#11949);
#11948 = CARTESIAN_POINT('',(0.,-0.));
#11949 = VECTOR('',#11950,1.);
#11950 = DIRECTION('',(1.,0.));
#11951 = ( GEOMETRIC_REPRESENTATION_CONTEXT(2) 
PARAMETRIC_REPRESENTATION_CONTEXT() REPRESENTATION_CONTEXT('2D SPACE',''
  ) );
#11952 = PCURVE('',#11207,#11953);
#11953 = DEFINITIONAL_REPRESENTATION('',(#11954),#11958);
#11954 = LINE('',#11955,#11956);
#11955 = CARTESIAN_POINT('',(14.4,0.8));
#11956 = VECTOR('',#11957,1.);
#11957 = DIRECTION('',(-1.,0.));
#11958 = ( GEOMETRIC_REPRESENTATION_CONTEXT(2) 
PARAMETRIC_REPRESENTATION_CONTEXT() REPRESENTATION_CONTEXT('2D SPACE',''
  ) );
#11959 = ORIENTED_EDGE('',*,*,#11915,.F.);
#11960 = ORIENTED_EDGE('',*,*,#5667,.F.);
#11961 = ORIENTED_EDGE('',*,*,#11962,.F.);
#11962 = EDGE_CURVE('',#11938,#5642,#11963,.T.);
#11963 = SURFACE_CURVE('',#11964,(#11968,#11974),.PCURVE_S1.);
#11964 = LINE('',#11965,#11966);
#11965 = CARTESIAN_POINT('',(-6.,0.8,94.));
#11966 = VECTOR('',#11967,1.);
#11967 = DIRECTION('',(0.,0.,1.));
#11968 = PCURVE('',#5682,#11969);
#11969 = DEFINITIONAL_REPRESENTATION('',(#11970),#11973);
#11970 = B_SPLINE_CURVE_WITH_KNOTS('',1,(#11971,#11972),.UNSPECIFIED.,
  .F.,.F.,(2,2),(0.,1.2),.PIECEWISE_BEZIER_KNOTS.);
#11971 = CARTESIAN_POINT('',(13.6,0.));
#11972 = CARTESIAN_POINT('',(13.6,-1.2));
#11973 = ( GEOMETRIC_REPRESENTATION_CONTEXT(2) 
PARAMETRIC_REPRESENTATION_CONTEXT() REPRESENTATION_CONTEXT('2D SPACE',''
  ) );
#11974 = PCURVE('',#5656,#11975);
#11975 = DEFINITIONAL_REPRESENTATION('',(#11976),#11979);
#11976 = B_SPLINE_CURVE_WITH_KNOTS('',1,(#11977,#11978),.UNSPECIFIED.,
  .F.,.F.,(2,2),(0.,1.2),.PIECEWISE_BEZIER_KNOTS.);
#11977 = CARTESIAN_POINT('',(6.3,0.));
#11978 = CARTESIAN_POINT('',(6.3,-1.2));
#11979 = ( GEOMETRIC_REPRESENTATION_CONTEXT(2) 
PARAMETRIC_REPRESENTATION_CONTEXT() REPRESENTATION_CONTEXT('2D SPACE',''
  ) );
#11980 = ADVANCED_FACE('',(#11981),#5656,.T.);
#11981 = FACE_BOUND('',#11982,.T.);
#11982 = EDGE_LOOP('',(#11983,#12006,#12007,#12008));
#11983 = ORIENTED_EDGE('',*,*,#11984,.F.);
#11984 = EDGE_CURVE('',#11938,#11985,#11987,.T.);
#11985 = VERTEX_POINT('',#11986);
#11986 = CARTESIAN_POINT('',(-6.,5.5,94.));
#11987 = SURFACE_CURVE('',#11988,(#11992,#11999),.PCURVE_S1.);
#11988 = LINE('',#11989,#11990);
#11989 = CARTESIAN_POINT('',(-6.,-5.5,94.));
#11990 = VECTOR('',#11991,1.);
#11991 = DIRECTION('',(0.,1.,0.));
#11992 = PCURVE('',#5656,#11993);
#11993 = DEFINITIONAL_REPRESENTATION('',(#11994),#11998);
#11994 = LINE('',#11995,#11996);
#11995 = CARTESIAN_POINT('',(0.,0.));
#11996 = VECTOR('',#11997,1.);
#11997 = DIRECTION('',(1.,0.));
#11998 = ( GEOMETRIC_REPRESENTATION_CONTEXT(2) 
PARAMETRIC_REPRESENTATION_CONTEXT() REPRESENTATION_CONTEXT('2D SPACE',''
  ) );
#11999 = PCURVE('',#11207,#12000);
#12000 = DEFINITIONAL_REPRESENTATION('',(#12001),#12005);
#12001 = LINE('',#12002,#12003);
#12002 = CARTESIAN_POINT('',(0.8,-5.5));
#12003 = VECTOR('',#12004,1.);
#12004 = DIRECTION('',(0.,1.));
#12005 = ( GEOMETRIC_REPRESENTATION_CONTEXT(2) 
PARAMETRIC_REPRESENTATION_CONTEXT() REPRESENTATION_CONTEXT('2D SPACE',''
  ) );
#12006 = ORIENTED_EDGE('',*,*,#11962,.T.);
#12007 = ORIENTED_EDGE('',*,*,#5641,.F.);
#12008 = ORIENTED_EDGE('',*,*,#12009,.F.);
#12009 = EDGE_CURVE('',#11985,#5616,#12010,.T.);
#12010 = SURFACE_CURVE('',#12011,(#12015,#12022),.PCURVE_S1.);
#12011 = LINE('',#12012,#12013);
#12012 = CARTESIAN_POINT('',(-6.,5.5,94.));
#12013 = VECTOR('',#12014,1.);
#12014 = DIRECTION('',(0.,0.,1.));
#12015 = PCURVE('',#5656,#12016);
#12016 = DEFINITIONAL_REPRESENTATION('',(#12017),#12021);
#12017 = LINE('',#12018,#12019);
#12018 = CARTESIAN_POINT('',(11.,0.));
#12019 = VECTOR('',#12020,1.);
#12020 = DIRECTION('',(0.,-1.));
#12021 = ( GEOMETRIC_REPRESENTATION_CONTEXT(2) 
PARAMETRIC_REPRESENTATION_CONTEXT() REPRESENTATION_CONTEXT('2D SPACE',''
  ) );
#12022 = PCURVE('',#5630,#12023);
#12023 = DEFINITIONAL_REPRESENTATION('',(#12024),#12028);
#12024 = LINE('',#12025,#12026);
#12025 = CARTESIAN_POINT('',(0.,-0.));
#12026 = VECTOR('',#12027,1.);
#12027 = DIRECTION('',(0.,-1.));
#12028 = ( GEOMETRIC_REPRESENTATION_CONTEXT(2) 
PARAMETRIC_REPRESENTATION_CONTEXT() REPRESENTATION_CONTEXT('2D SPACE',''
  ) );
#12029 = ADVANCED_FACE('',(#12030),#5630,.T.);
#12030 = FACE_BOUND('',#12031,.T.);
#12031 = EDGE_LOOP('',(#12032,#12055,#12056,#12057));
#12032 = ORIENTED_EDGE('',*,*,#12033,.F.);
#12033 = EDGE_CURVE('',#11985,#12034,#12036,.T.);
#12034 = VERTEX_POINT('',#12035);
#12035 = CARTESIAN_POINT('',(-7.6,5.5,94.));
#12036 = SURFACE_CURVE('',#12037,(#12041,#12048),.PCURVE_S1.);
#12037 = LINE('',#12038,#12039);
#12038 = CARTESIAN_POINT('',(-6.,5.5,94.));
#12039 = VECTOR('',#12040,1.);
#12040 = DIRECTION('',(-1.,0.,0.));
#12041 = PCURVE('',#5630,#12042);
#12042 = DEFINITIONAL_REPRESENTATION('',(#12043),#12047);
#12043 = LINE('',#12044,#12045);
#12044 = CARTESIAN_POINT('',(0.,-0.));
#12045 = VECTOR('',#12046,1.);
#12046 = DIRECTION('',(1.,0.));
#12047 = ( GEOMETRIC_REPRESENTATION_CONTEXT(2) 
PARAMETRIC_REPRESENTATION_CONTEXT() REPRESENTATION_CONTEXT('2D SPACE',''
  ) );
#12048 = PCURVE('',#11207,#12049);
#12049 = DEFINITIONAL_REPRESENTATION('',(#12050),#12054);
#12050 = LINE('',#12051,#12052);
#12051 = CARTESIAN_POINT('',(0.8,5.5));
#12052 = VECTOR('',#12053,1.);
#12053 = DIRECTION('',(-1.,0.));
#12054 = ( GEOMETRIC_REPRESENTATION_CONTEXT(2) 
PARAMETRIC_REPRESENTATION_CONTEXT() REPRESENTATION_CONTEXT('2D SPACE',''
  ) );
#12055 = ORIENTED_EDGE('',*,*,#12009,.T.);
#12056 = ORIENTED_EDGE('',*,*,#5615,.F.);
#12057 = ORIENTED_EDGE('',*,*,#12058,.F.);
#12058 = EDGE_CURVE('',#12034,#5590,#12059,.T.);
#12059 = SURFACE_CURVE('',#12060,(#12064,#12071),.PCURVE_S1.);
#12060 = LINE('',#12061,#12062);
#12061 = CARTESIAN_POINT('',(-7.6,5.5,94.));
#12062 = VECTOR('',#12063,1.);
#12063 = DIRECTION('',(0.,0.,1.));
#12064 = PCURVE('',#5630,#12065);
#12065 = DEFINITIONAL_REPRESENTATION('',(#12066),#12070);
#12066 = LINE('',#12067,#12068);
#12067 = CARTESIAN_POINT('',(1.6,0.));
#12068 = VECTOR('',#12069,1.);
#12069 = DIRECTION('',(0.,-1.));
#12070 = ( GEOMETRIC_REPRESENTATION_CONTEXT(2) 
PARAMETRIC_REPRESENTATION_CONTEXT() REPRESENTATION_CONTEXT('2D SPACE',''
  ) );
#12071 = PCURVE('',#5604,#12072);
#12072 = DEFINITIONAL_REPRESENTATION('',(#12073),#12077);
#12073 = LINE('',#12074,#12075);
#12074 = CARTESIAN_POINT('',(0.,0.));
#12075 = VECTOR('',#12076,1.);
#12076 = DIRECTION('',(0.,-1.));
#12077 = ( GEOMETRIC_REPRESENTATION_CONTEXT(2) 
PARAMETRIC_REPRESENTATION_CONTEXT() REPRESENTATION_CONTEXT('2D SPACE',''
  ) );
#12078 = ADVANCED_FACE('',(#12079),#5604,.T.);
#12079 = FACE_BOUND('',#12080,.T.);
#12080 = EDGE_LOOP('',(#12081,#12104,#12105,#12106));
#12081 = ORIENTED_EDGE('',*,*,#12082,.F.);
#12082 = EDGE_CURVE('',#12034,#12083,#12085,.T.);
#12083 = VERTEX_POINT('',#12084);
#12084 = CARTESIAN_POINT('',(-7.6,-5.5,94.));
#12085 = SURFACE_CURVE('',#12086,(#12090,#12097),.PCURVE_S1.);
#12086 = LINE('',#12087,#12088);
#12087 = CARTESIAN_POINT('',(-7.6,5.5,94.));
#12088 = VECTOR('',#12089,1.);
#12089 = DIRECTION('',(0.,-1.,0.));
#12090 = PCURVE('',#5604,#12091);
#12091 = DEFINITIONAL_REPRESENTATION('',(#12092),#12096);
#12092 = LINE('',#12093,#12094);
#12093 = CARTESIAN_POINT('',(0.,0.));
#12094 = VECTOR('',#12095,1.);
#12095 = DIRECTION('',(1.,0.));
#12096 = ( GEOMETRIC_REPRESENTATION_CONTEXT(2) 
PARAMETRIC_REPRESENTATION_CONTEXT() REPRESENTATION_CONTEXT('2D SPACE',''
  ) );
#12097 = PCURVE('',#11207,#12098);
#12098 = DEFINITIONAL_REPRESENTATION('',(#12099),#12103);
#12099 = LINE('',#12100,#12101);
#12100 = CARTESIAN_POINT('',(-0.8,5.5));
#12101 = VECTOR('',#12102,1.);
#12102 = DIRECTION('',(0.,-1.));
#12103 = ( GEOMETRIC_REPRESENTATION_CONTEXT(2) 
PARAMETRIC_REPRESENTATION_CONTEXT() REPRESENTATION_CONTEXT('2D SPACE',''
  ) );
#12104 = ORIENTED_EDGE('',*,*,#12058,.T.);
#12105 = ORIENTED_EDGE('',*,*,#5589,.F.);
#12106 = ORIENTED_EDGE('',*,*,#12107,.F.);
#12107 = EDGE_CURVE('',#12083,#5564,#12108,.T.);
#12108 = SURFACE_CURVE('',#12109,(#12113,#12120),.PCURVE_S1.);
#12109 = LINE('',#12110,#12111);
#12110 = CARTESIAN_POINT('',(-7.6,-5.5,94.));
#12111 = VECTOR('',#12112,1.);
#12112 = DIRECTION('',(0.,0.,1.));
#12113 = PCURVE('',#5604,#12114);
#12114 = DEFINITIONAL_REPRESENTATION('',(#12115),#12119);
#12115 = LINE('',#12116,#12117);
#12116 = CARTESIAN_POINT('',(11.,0.));
#12117 = VECTOR('',#12118,1.);
#12118 = DIRECTION('',(0.,-1.));
#12119 = ( GEOMETRIC_REPRESENTATION_CONTEXT(2) 
PARAMETRIC_REPRESENTATION_CONTEXT() REPRESENTATION_CONTEXT('2D SPACE',''
  ) );
#12120 = PCURVE('',#5578,#12121);
#12121 = DEFINITIONAL_REPRESENTATION('',(#12122),#12126);
#12122 = LINE('',#12123,#12124);
#12123 = CARTESIAN_POINT('',(0.,0.));
#12124 = VECTOR('',#12125,1.);
#12125 = DIRECTION('',(0.,-1.));
#12126 = ( GEOMETRIC_REPRESENTATION_CONTEXT(2) 
PARAMETRIC_REPRESENTATION_CONTEXT() REPRESENTATION_CONTEXT('2D SPACE',''
  ) );
#12127 = ADVANCED_FACE('',(#12128),#5578,.T.);
#12128 = FACE_BOUND('',#12129,.T.);
#12129 = EDGE_LOOP('',(#12130,#12151,#12152,#12153));
#12130 = ORIENTED_EDGE('',*,*,#12131,.F.);
#12131 = EDGE_CURVE('',#12083,#11190,#12132,.T.);
#12132 = SURFACE_CURVE('',#12133,(#12137,#12144),.PCURVE_S1.);
#12133 = LINE('',#12134,#12135);
#12134 = CARTESIAN_POINT('',(-7.6,-5.5,94.));
#12135 = VECTOR('',#12136,1.);
#12136 = DIRECTION('',(1.,0.,0.));
#12137 = PCURVE('',#5578,#12138);
#12138 = DEFINITIONAL_REPRESENTATION('',(#12139),#12143);
#12139 = LINE('',#12140,#12141);
#12140 = CARTESIAN_POINT('',(0.,0.));
#12141 = VECTOR('',#12142,1.);
#12142 = DIRECTION('',(1.,0.));
#12143 = ( GEOMETRIC_REPRESENTATION_CONTEXT(2) 
PARAMETRIC_REPRESENTATION_CONTEXT() REPRESENTATION_CONTEXT('2D SPACE',''
  ) );
#12144 = PCURVE('',#11207,#12145);
#12145 = DEFINITIONAL_REPRESENTATION('',(#12146),#12150);
#12146 = LINE('',#12147,#12148);
#12147 = CARTESIAN_POINT('',(-0.8,-5.5));
#12148 = VECTOR('',#12149,1.);
#12149 = DIRECTION('',(1.,0.));
#12150 = ( GEOMETRIC_REPRESENTATION_CONTEXT(2) 
PARAMETRIC_REPRESENTATION_CONTEXT() REPRESENTATION_CONTEXT('2D SPACE',''
  ) );
#12151 = ORIENTED_EDGE('',*,*,#12107,.T.);
#12152 = ORIENTED_EDGE('',*,*,#5563,.F.);
#12153 = ORIENTED_EDGE('',*,*,#11219,.F.);
#12154 = ADVANCED_FACE('',(#12155),#6089,.F.);
#12155 = FACE_BOUND('',#12156,.F.);
#12156 = EDGE_LOOP('',(#12157,#12187,#12208,#12209));
#12157 = ORIENTED_EDGE('',*,*,#12158,.F.);
#12158 = EDGE_CURVE('',#12159,#12161,#12163,.T.);
#12159 = VERTEX_POINT('',#12160);
#12160 = CARTESIAN_POINT('',(0.542431640625,8.615625,94.));
#12161 = VERTEX_POINT('',#12162);
#12162 = CARTESIAN_POINT('',(1.05791015625,8.311279296875,94.));
#12163 = SURFACE_CURVE('',#12164,(#12168,#12175),.PCURVE_S1.);
#12164 = B_SPLINE_CURVE_WITH_KNOTS('',2,(#12165,#12166,#12167),
  .UNSPECIFIED.,.F.,.F.,(3,3),(0.,1.),.PIECEWISE_BEZIER_KNOTS.);
#12165 = CARTESIAN_POINT('',(0.542431640625,8.615625,94.));
#12166 = CARTESIAN_POINT('',(0.881591796875,8.52802734375,94.));
#12167 = CARTESIAN_POINT('',(1.05791015625,8.311279296875,94.));
#12168 = PCURVE('',#6089,#12169);
#12169 = DEFINITIONAL_REPRESENTATION('',(#12170),#12174);
#12170 = LINE('',#12171,#12172);
#12171 = CARTESIAN_POINT('',(0.,0.));
#12172 = VECTOR('',#12173,1.);
#12173 = DIRECTION('',(1.,0.));
#12174 = ( GEOMETRIC_REPRESENTATION_CONTEXT(2) 
PARAMETRIC_REPRESENTATION_CONTEXT() REPRESENTATION_CONTEXT('2D SPACE',''
  ) );
#12175 = PCURVE('',#12176,#12181);
#12176 = PLANE('',#12177);
#12177 = AXIS2_PLACEMENT_3D('',#12178,#12179,#12180);
#12178 = CARTESIAN_POINT('',(-1.600341796875,6.80751953125,94.));
#12179 = DIRECTION('',(0.,0.,1.));
#12180 = DIRECTION('',(1.,0.,0.));
#12181 = DEFINITIONAL_REPRESENTATION('',(#12182),#12186);
#12182 = B_SPLINE_CURVE_WITH_KNOTS('',2,(#12183,#12184,#12185),
  .UNSPECIFIED.,.F.,.F.,(3,3),(0.,1.),.PIECEWISE_BEZIER_KNOTS.);
#12183 = CARTESIAN_POINT('',(2.1427734375,1.80810546875));
#12184 = CARTESIAN_POINT('',(2.48193359375,1.7205078125));
#12185 = CARTESIAN_POINT('',(2.658251953125,1.503759765625));
#12186 = ( GEOMETRIC_REPRESENTATION_CONTEXT(2) 
PARAMETRIC_REPRESENTATION_CONTEXT() REPRESENTATION_CONTEXT('2D SPACE',''
  ) );
#12187 = ORIENTED_EDGE('',*,*,#12188,.T.);
#12188 = EDGE_CURVE('',#12159,#6060,#12189,.T.);
#12189 = SURFACE_CURVE('',#12190,(#12194,#12201),.PCURVE_S1.);
#12190 = LINE('',#12191,#12192);
#12191 = CARTESIAN_POINT('',(0.542431640625,8.615625,94.));
#12192 = VECTOR('',#12193,1.);
#12193 = DIRECTION('',(0.,0.,1.));
#12194 = PCURVE('',#6089,#12195);
#12195 = DEFINITIONAL_REPRESENTATION('',(#12196),#12200);
#12196 = LINE('',#12197,#12198);
#12197 = CARTESIAN_POINT('',(0.,0.));
#12198 = VECTOR('',#12199,1.);
#12199 = DIRECTION('',(0.,-1.));
#12200 = ( GEOMETRIC_REPRESENTATION_CONTEXT(2) 
PARAMETRIC_REPRESENTATION_CONTEXT() REPRESENTATION_CONTEXT('2D SPACE',''
  ) );
#12201 = PCURVE('',#7264,#12202);
#12202 = DEFINITIONAL_REPRESENTATION('',(#12203),#12207);
#12203 = LINE('',#12204,#12205);
#12204 = CARTESIAN_POINT('',(1.,0.));
#12205 = VECTOR('',#12206,1.);
#12206 = DIRECTION('',(0.,-1.));
#12207 = ( GEOMETRIC_REPRESENTATION_CONTEXT(2) 
PARAMETRIC_REPRESENTATION_CONTEXT() REPRESENTATION_CONTEXT('2D SPACE',''
  ) );
#12208 = ORIENTED_EDGE('',*,*,#6057,.F.);
#12209 = ORIENTED_EDGE('',*,*,#12210,.F.);
#12210 = EDGE_CURVE('',#12161,#6058,#12211,.T.);
#12211 = SURFACE_CURVE('',#12212,(#12216,#12223),.PCURVE_S1.);
#12212 = LINE('',#12213,#12214);
#12213 = CARTESIAN_POINT('',(1.05791015625,8.311279296875,94.));
#12214 = VECTOR('',#12215,1.);
#12215 = DIRECTION('',(0.,0.,1.));
#12216 = PCURVE('',#6089,#12217);
#12217 = DEFINITIONAL_REPRESENTATION('',(#12218),#12222);
#12218 = LINE('',#12219,#12220);
#12219 = CARTESIAN_POINT('',(1.,0.));
#12220 = VECTOR('',#12221,1.);
#12221 = DIRECTION('',(0.,-1.));
#12222 = ( GEOMETRIC_REPRESENTATION_CONTEXT(2) 
PARAMETRIC_REPRESENTATION_CONTEXT() REPRESENTATION_CONTEXT('2D SPACE',''
  ) );
#12223 = PCURVE('',#6140,#12224);
#12224 = DEFINITIONAL_REPRESENTATION('',(#12225),#12229);
#12225 = LINE('',#12226,#12227);
#12226 = CARTESIAN_POINT('',(0.,0.));
#12227 = VECTOR('',#12228,1.);
#12228 = DIRECTION('',(0.,-1.));
#12229 = ( GEOMETRIC_REPRESENTATION_CONTEXT(2) 
PARAMETRIC_REPRESENTATION_CONTEXT() REPRESENTATION_CONTEXT('2D SPACE',''
  ) );
#12230 = ADVANCED_FACE('',(#12231),#7264,.F.);
#12231 = FACE_BOUND('',#12232,.F.);
#12232 = EDGE_LOOP('',(#12233,#12256,#12277,#12278));
#12233 = ORIENTED_EDGE('',*,*,#12234,.F.);
#12234 = EDGE_CURVE('',#12235,#12159,#12237,.T.);
#12235 = VERTEX_POINT('',#12236);
#12236 = CARTESIAN_POINT('',(1.000634765625,8.879541015625,94.));
#12237 = SURFACE_CURVE('',#12238,(#12242,#12249),.PCURVE_S1.);
#12238 = B_SPLINE_CURVE_WITH_KNOTS('',2,(#12239,#12240,#12241),
  .UNSPECIFIED.,.F.,.F.,(3,3),(0.,1.),.PIECEWISE_BEZIER_KNOTS.);
#12239 = CARTESIAN_POINT('',(1.000634765625,8.879541015625,94.));
#12240 = CARTESIAN_POINT('',(0.845654296875,8.6919921875,94.));
#12241 = CARTESIAN_POINT('',(0.542431640625,8.615625,94.));
#12242 = PCURVE('',#7264,#12243);
#12243 = DEFINITIONAL_REPRESENTATION('',(#12244),#12248);
#12244 = LINE('',#12245,#12246);
#12245 = CARTESIAN_POINT('',(0.,0.));
#12246 = VECTOR('',#12247,1.);
#12247 = DIRECTION('',(1.,0.));
#12248 = ( GEOMETRIC_REPRESENTATION_CONTEXT(2) 
PARAMETRIC_REPRESENTATION_CONTEXT() REPRESENTATION_CONTEXT('2D SPACE',''
  ) );
#12249 = PCURVE('',#12176,#12250);
#12250 = DEFINITIONAL_REPRESENTATION('',(#12251),#12255);
#12251 = B_SPLINE_CURVE_WITH_KNOTS('',2,(#12252,#12253,#12254),
  .UNSPECIFIED.,.F.,.F.,(3,3),(0.,1.),.PIECEWISE_BEZIER_KNOTS.);
#12252 = CARTESIAN_POINT('',(2.6009765625,2.072021484375));
#12253 = CARTESIAN_POINT('',(2.44599609375,1.88447265625));
#12254 = CARTESIAN_POINT('',(2.1427734375,1.80810546875));
#12255 = ( GEOMETRIC_REPRESENTATION_CONTEXT(2) 
PARAMETRIC_REPRESENTATION_CONTEXT() REPRESENTATION_CONTEXT('2D SPACE',''
  ) );
#12256 = ORIENTED_EDGE('',*,*,#12257,.T.);
#12257 = EDGE_CURVE('',#12235,#7192,#12258,.T.);
#12258 = SURFACE_CURVE('',#12259,(#12263,#12270),.PCURVE_S1.);
#12259 = LINE('',#12260,#12261);
#12260 = CARTESIAN_POINT('',(1.000634765625,8.879541015625,94.));
#12261 = VECTOR('',#12262,1.);
#12262 = DIRECTION('',(0.,0.,1.));
#12263 = PCURVE('',#7264,#12264);
#12264 = DEFINITIONAL_REPRESENTATION('',(#12265),#12269);
#12265 = LINE('',#12266,#12267);
#12266 = CARTESIAN_POINT('',(0.,0.));
#12267 = VECTOR('',#12268,1.);
#12268 = DIRECTION('',(0.,-1.));
#12269 = ( GEOMETRIC_REPRESENTATION_CONTEXT(2) 
PARAMETRIC_REPRESENTATION_CONTEXT() REPRESENTATION_CONTEXT('2D SPACE',''
  ) );
#12270 = PCURVE('',#7221,#12271);
#12271 = DEFINITIONAL_REPRESENTATION('',(#12272),#12276);
#12272 = LINE('',#12273,#12274);
#12273 = CARTESIAN_POINT('',(1.,0.));
#12274 = VECTOR('',#12275,1.);
#12275 = DIRECTION('',(0.,-1.));
#12276 = ( GEOMETRIC_REPRESENTATION_CONTEXT(2) 
PARAMETRIC_REPRESENTATION_CONTEXT() REPRESENTATION_CONTEXT('2D SPACE',''
  ) );
#12277 = ORIENTED_EDGE('',*,*,#7242,.F.);
#12278 = ORIENTED_EDGE('',*,*,#12188,.F.);
#12279 = ADVANCED_FACE('',(#12280),#7221,.F.);
#12280 = FACE_BOUND('',#12281,.F.);
#12281 = EDGE_LOOP('',(#12282,#12305,#12326,#12327));
#12282 = ORIENTED_EDGE('',*,*,#12283,.F.);
#12283 = EDGE_CURVE('',#12284,#12235,#12286,.T.);
#12284 = VERTEX_POINT('',#12285);
#12285 = CARTESIAN_POINT('',(1.155615234375,9.361328125,94.));
#12286 = SURFACE_CURVE('',#12287,(#12291,#12298),.PCURVE_S1.);
#12287 = B_SPLINE_CURVE_WITH_KNOTS('',2,(#12288,#12289,#12290),
  .UNSPECIFIED.,.F.,.F.,(3,3),(0.,1.),.PIECEWISE_BEZIER_KNOTS.);
#12288 = CARTESIAN_POINT('',(1.155615234375,9.361328125,94.));
#12289 = CARTESIAN_POINT('',(1.155615234375,9.06708984375,94.));
#12290 = CARTESIAN_POINT('',(1.000634765625,8.879541015625,94.));
#12291 = PCURVE('',#7221,#12292);
#12292 = DEFINITIONAL_REPRESENTATION('',(#12293),#12297);
#12293 = LINE('',#12294,#12295);
#12294 = CARTESIAN_POINT('',(0.,0.));
#12295 = VECTOR('',#12296,1.);
#12296 = DIRECTION('',(1.,0.));
#12297 = ( GEOMETRIC_REPRESENTATION_CONTEXT(2) 
PARAMETRIC_REPRESENTATION_CONTEXT() REPRESENTATION_CONTEXT('2D SPACE',''
  ) );
#12298 = PCURVE('',#12176,#12299);
#12299 = DEFINITIONAL_REPRESENTATION('',(#12300),#12304);
#12300 = B_SPLINE_CURVE_WITH_KNOTS('',2,(#12301,#12302,#12303),
  .UNSPECIFIED.,.F.,.F.,(3,3),(0.,1.),.PIECEWISE_BEZIER_KNOTS.);
#12301 = CARTESIAN_POINT('',(2.75595703125,2.55380859375));
#12302 = CARTESIAN_POINT('',(2.75595703125,2.2595703125));
#12303 = CARTESIAN_POINT('',(2.6009765625,2.072021484375));
#12304 = ( GEOMETRIC_REPRESENTATION_CONTEXT(2) 
PARAMETRIC_REPRESENTATION_CONTEXT() REPRESENTATION_CONTEXT('2D SPACE',''
  ) );
#12305 = ORIENTED_EDGE('',*,*,#12306,.T.);
#12306 = EDGE_CURVE('',#12284,#7135,#12307,.T.);
#12307 = SURFACE_CURVE('',#12308,(#12312,#12319),.PCURVE_S1.);
#12308 = LINE('',#12309,#12310);
#12309 = CARTESIAN_POINT('',(1.155615234375,9.361328125,94.));
#12310 = VECTOR('',#12311,1.);
#12311 = DIRECTION('',(0.,0.,1.));
#12312 = PCURVE('',#7221,#12313);
#12313 = DEFINITIONAL_REPRESENTATION('',(#12314),#12318);
#12314 = LINE('',#12315,#12316);
#12315 = CARTESIAN_POINT('',(0.,0.));
#12316 = VECTOR('',#12317,1.);
#12317 = DIRECTION('',(0.,-1.));
#12318 = ( GEOMETRIC_REPRESENTATION_CONTEXT(2) 
PARAMETRIC_REPRESENTATION_CONTEXT() REPRESENTATION_CONTEXT('2D SPACE',''
  ) );
#12319 = PCURVE('',#7168,#12320);
#12320 = DEFINITIONAL_REPRESENTATION('',(#12321),#12325);
#12321 = LINE('',#12322,#12323);
#12322 = CARTESIAN_POINT('',(1.,0.));
#12323 = VECTOR('',#12324,1.);
#12324 = DIRECTION('',(0.,-1.));
#12325 = ( GEOMETRIC_REPRESENTATION_CONTEXT(2) 
PARAMETRIC_REPRESENTATION_CONTEXT() REPRESENTATION_CONTEXT('2D SPACE',''
  ) );
#12326 = ORIENTED_EDGE('',*,*,#7191,.F.);
#12327 = ORIENTED_EDGE('',*,*,#12257,.F.);
#12328 = ADVANCED_FACE('',(#12329),#7168,.F.);
#12329 = FACE_BOUND('',#12330,.F.);
#12330 = EDGE_LOOP('',(#12331,#12354,#12375,#12376));
#12331 = ORIENTED_EDGE('',*,*,#12332,.F.);
#12332 = EDGE_CURVE('',#12333,#12284,#12335,.T.);
#12333 = VERTEX_POINT('',#12334);
#12334 = CARTESIAN_POINT('',(0.8310546875,10.007080078125,94.));
#12335 = SURFACE_CURVE('',#12336,(#12340,#12347),.PCURVE_S1.);
#12336 = B_SPLINE_CURVE_WITH_KNOTS('',2,(#12337,#12338,#12339),
  .UNSPECIFIED.,.F.,.F.,(3,3),(0.,1.),.PIECEWISE_BEZIER_KNOTS.);
#12337 = CARTESIAN_POINT('',(0.8310546875,10.007080078125,94.));
#12338 = CARTESIAN_POINT('',(1.155615234375,9.792578125,94.));
#12339 = CARTESIAN_POINT('',(1.155615234375,9.361328125,94.));
#12340 = PCURVE('',#7168,#12341);
#12341 = DEFINITIONAL_REPRESENTATION('',(#12342),#12346);
#12342 = LINE('',#12343,#12344);
#12343 = CARTESIAN_POINT('',(0.,0.));
#12344 = VECTOR('',#12345,1.);
#12345 = DIRECTION('',(1.,0.));
#12346 = ( GEOMETRIC_REPRESENTATION_CONTEXT(2) 
PARAMETRIC_REPRESENTATION_CONTEXT() REPRESENTATION_CONTEXT('2D SPACE',''
  ) );
#12347 = PCURVE('',#12176,#12348);
#12348 = DEFINITIONAL_REPRESENTATION('',(#12349),#12353);
#12349 = B_SPLINE_CURVE_WITH_KNOTS('',2,(#12350,#12351,#12352),
  .UNSPECIFIED.,.F.,.F.,(3,3),(0.,1.),.PIECEWISE_BEZIER_KNOTS.);
#12350 = CARTESIAN_POINT('',(2.431396484375,3.199560546875));
#12351 = CARTESIAN_POINT('',(2.75595703125,2.98505859375));
#12352 = CARTESIAN_POINT('',(2.75595703125,2.55380859375));
#12353 = ( GEOMETRIC_REPRESENTATION_CONTEXT(2) 
PARAMETRIC_REPRESENTATION_CONTEXT() REPRESENTATION_CONTEXT('2D SPACE',''
  ) );
#12354 = ORIENTED_EDGE('',*,*,#12355,.T.);
#12355 = EDGE_CURVE('',#12333,#7078,#12356,.T.);
#12356 = SURFACE_CURVE('',#12357,(#12361,#12368),.PCURVE_S1.);
#12357 = LINE('',#12358,#12359);
#12358 = CARTESIAN_POINT('',(0.8310546875,10.007080078125,94.));
#12359 = VECTOR('',#12360,1.);
#12360 = DIRECTION('',(0.,0.,1.));
#12361 = PCURVE('',#7168,#12362);
#12362 = DEFINITIONAL_REPRESENTATION('',(#12363),#12367);
#12363 = LINE('',#12364,#12365);
#12364 = CARTESIAN_POINT('',(0.,0.));
#12365 = VECTOR('',#12366,1.);
#12366 = DIRECTION('',(0.,-1.));
#12367 = ( GEOMETRIC_REPRESENTATION_CONTEXT(2) 
PARAMETRIC_REPRESENTATION_CONTEXT() REPRESENTATION_CONTEXT('2D SPACE',''
  ) );
#12368 = PCURVE('',#7111,#12369);
#12369 = DEFINITIONAL_REPRESENTATION('',(#12370),#12374);
#12370 = LINE('',#12371,#12372);
#12371 = CARTESIAN_POINT('',(1.,0.));
#12372 = VECTOR('',#12373,1.);
#12373 = DIRECTION('',(0.,-1.));
#12374 = ( GEOMETRIC_REPRESENTATION_CONTEXT(2) 
PARAMETRIC_REPRESENTATION_CONTEXT() REPRESENTATION_CONTEXT('2D SPACE',''
  ) );
#12375 = ORIENTED_EDGE('',*,*,#7134,.F.);
#12376 = ORIENTED_EDGE('',*,*,#12306,.F.);
#12377 = ADVANCED_FACE('',(#12378),#7111,.F.);
#12378 = FACE_BOUND('',#12379,.F.);
#12379 = EDGE_LOOP('',(#12380,#12403,#12424,#12425));
#12380 = ORIENTED_EDGE('',*,*,#12381,.F.);
#12381 = EDGE_CURVE('',#12382,#12333,#12384,.T.);
#12382 = VERTEX_POINT('',#12383);
#12383 = CARTESIAN_POINT('',(-0.147119140625,10.22158203125,94.));
#12384 = SURFACE_CURVE('',#12385,(#12389,#12396),.PCURVE_S1.);
#12385 = B_SPLINE_CURVE_WITH_KNOTS('',2,(#12386,#12387,#12388),
  .UNSPECIFIED.,.F.,.F.,(3,3),(0.,1.),.PIECEWISE_BEZIER_KNOTS.);
#12386 = CARTESIAN_POINT('',(-0.147119140625,10.22158203125,94.));
#12387 = CARTESIAN_POINT('',(0.506494140625,10.22158203125,94.));
#12388 = CARTESIAN_POINT('',(0.8310546875,10.007080078125,94.));
#12389 = PCURVE('',#7111,#12390);
#12390 = DEFINITIONAL_REPRESENTATION('',(#12391),#12395);
#12391 = LINE('',#12392,#12393);
#12392 = CARTESIAN_POINT('',(0.,0.));
#12393 = VECTOR('',#12394,1.);
#12394 = DIRECTION('',(1.,0.));
#12395 = ( GEOMETRIC_REPRESENTATION_CONTEXT(2) 
PARAMETRIC_REPRESENTATION_CONTEXT() REPRESENTATION_CONTEXT('2D SPACE',''
  ) );
#12396 = PCURVE('',#12176,#12397);
#12397 = DEFINITIONAL_REPRESENTATION('',(#12398),#12402);
#12398 = B_SPLINE_CURVE_WITH_KNOTS('',2,(#12399,#12400,#12401),
  .UNSPECIFIED.,.F.,.F.,(3,3),(0.,1.),.PIECEWISE_BEZIER_KNOTS.);
#12399 = CARTESIAN_POINT('',(1.45322265625,3.4140625));
#12400 = CARTESIAN_POINT('',(2.1068359375,3.4140625));
#12401 = CARTESIAN_POINT('',(2.431396484375,3.199560546875));
#12402 = ( GEOMETRIC_REPRESENTATION_CONTEXT(2) 
PARAMETRIC_REPRESENTATION_CONTEXT() REPRESENTATION_CONTEXT('2D SPACE',''
  ) );
#12403 = ORIENTED_EDGE('',*,*,#12404,.T.);
#12404 = EDGE_CURVE('',#12382,#7042,#12405,.T.);
#12405 = SURFACE_CURVE('',#12406,(#12410,#12417),.PCURVE_S1.);
#12406 = LINE('',#12407,#12408);
#12407 = CARTESIAN_POINT('',(-0.147119140625,10.22158203125,94.));
#12408 = VECTOR('',#12409,1.);
#12409 = DIRECTION('',(0.,0.,1.));
#12410 = PCURVE('',#7111,#12411);
#12411 = DEFINITIONAL_REPRESENTATION('',(#12412),#12416);
#12412 = LINE('',#12413,#12414);
#12413 = CARTESIAN_POINT('',(0.,0.));
#12414 = VECTOR('',#12415,1.);
#12415 = DIRECTION('',(0.,-1.));
#12416 = ( GEOMETRIC_REPRESENTATION_CONTEXT(2) 
PARAMETRIC_REPRESENTATION_CONTEXT() REPRESENTATION_CONTEXT('2D SPACE',''
  ) );
#12417 = PCURVE('',#7061,#12418);
#12418 = DEFINITIONAL_REPRESENTATION('',(#12419),#12423);
#12419 = LINE('',#12420,#12421);
#12420 = CARTESIAN_POINT('',(1.,0.));
#12421 = VECTOR('',#12422,1.);
#12422 = DIRECTION('',(0.,-1.));
#12423 = ( GEOMETRIC_REPRESENTATION_CONTEXT(2) 
PARAMETRIC_REPRESENTATION_CONTEXT() REPRESENTATION_CONTEXT('2D SPACE',''
  ) );
#12424 = ORIENTED_EDGE('',*,*,#7077,.F.);
#12425 = ORIENTED_EDGE('',*,*,#12355,.F.);
#12426 = ADVANCED_FACE('',(#12427),#7061,.F.);
#12427 = FACE_BOUND('',#12428,.F.);
#12428 = EDGE_LOOP('',(#12429,#12452,#12473,#12474));
#12429 = ORIENTED_EDGE('',*,*,#12430,.F.);
#12430 = EDGE_CURVE('',#12431,#12382,#12433,.T.);
#12431 = VERTEX_POINT('',#12432);
#12432 = CARTESIAN_POINT('',(-0.641259765625,10.18564453125,94.));
#12433 = SURFACE_CURVE('',#12434,(#12438,#12445),.PCURVE_S1.);
#12434 = B_SPLINE_CURVE_WITH_KNOTS('',2,(#12435,#12436,#12437),
  .UNSPECIFIED.,.F.,.F.,(3,3),(0.,1.),.PIECEWISE_BEZIER_KNOTS.);
#12435 = CARTESIAN_POINT('',(-0.641259765625,10.18564453125,94.));
#12436 = CARTESIAN_POINT('',(-0.389697265625,10.22158203125,94.));
#12437 = CARTESIAN_POINT('',(-0.147119140625,10.22158203125,94.));
#12438 = PCURVE('',#7061,#12439);
#12439 = DEFINITIONAL_REPRESENTATION('',(#12440),#12444);
#12440 = LINE('',#12441,#12442);
#12441 = CARTESIAN_POINT('',(0.,0.));
#12442 = VECTOR('',#12443,1.);
#12443 = DIRECTION('',(1.,0.));
#12444 = ( GEOMETRIC_REPRESENTATION_CONTEXT(2) 
PARAMETRIC_REPRESENTATION_CONTEXT() REPRESENTATION_CONTEXT('2D SPACE',''
  ) );
#12445 = PCURVE('',#12176,#12446);
#12446 = DEFINITIONAL_REPRESENTATION('',(#12447),#12451);
#12447 = B_SPLINE_CURVE_WITH_KNOTS('',2,(#12448,#12449,#12450),
  .UNSPECIFIED.,.F.,.F.,(3,3),(0.,1.),.PIECEWISE_BEZIER_KNOTS.);
#12448 = CARTESIAN_POINT('',(0.95908203125,3.378125));
#12449 = CARTESIAN_POINT('',(1.21064453125,3.4140625));
#12450 = CARTESIAN_POINT('',(1.45322265625,3.4140625));
#12451 = ( GEOMETRIC_REPRESENTATION_CONTEXT(2) 
PARAMETRIC_REPRESENTATION_CONTEXT() REPRESENTATION_CONTEXT('2D SPACE',''
  ) );
#12452 = ORIENTED_EDGE('',*,*,#12453,.T.);
#12453 = EDGE_CURVE('',#12431,#7006,#12454,.T.);
#12454 = SURFACE_CURVE('',#12455,(#12459,#12466),.PCURVE_S1.);
#12455 = LINE('',#12456,#12457);
#12456 = CARTESIAN_POINT('',(-0.641259765625,10.18564453125,94.));
#12457 = VECTOR('',#12458,1.);
#12458 = DIRECTION('',(0.,0.,1.));
#12459 = PCURVE('',#7061,#12460);
#12460 = DEFINITIONAL_REPRESENTATION('',(#12461),#12465);
#12461 = LINE('',#12462,#12463);
#12462 = CARTESIAN_POINT('',(0.,0.));
#12463 = VECTOR('',#12464,1.);
#12464 = DIRECTION('',(0.,-1.));
#12465 = ( GEOMETRIC_REPRESENTATION_CONTEXT(2) 
PARAMETRIC_REPRESENTATION_CONTEXT() REPRESENTATION_CONTEXT('2D SPACE',''
  ) );
#12466 = PCURVE('',#7025,#12467);
#12467 = DEFINITIONAL_REPRESENTATION('',(#12468),#12472);
#12468 = LINE('',#12469,#12470);
#12469 = CARTESIAN_POINT('',(1.,0.));
#12470 = VECTOR('',#12471,1.);
#12471 = DIRECTION('',(0.,-1.));
#12472 = ( GEOMETRIC_REPRESENTATION_CONTEXT(2) 
PARAMETRIC_REPRESENTATION_CONTEXT() REPRESENTATION_CONTEXT('2D SPACE',''
  ) );
#12473 = ORIENTED_EDGE('',*,*,#7041,.F.);
#12474 = ORIENTED_EDGE('',*,*,#12404,.F.);
#12475 = ADVANCED_FACE('',(#12476),#7025,.F.);
#12476 = FACE_BOUND('',#12477,.F.);
#12477 = EDGE_LOOP('',(#12478,#12501,#12522,#12523));
#12478 = ORIENTED_EDGE('',*,*,#12479,.F.);
#12479 = EDGE_CURVE('',#12480,#12431,#12482,.T.);
#12480 = VERTEX_POINT('',#12481);
#12481 = CARTESIAN_POINT('',(-1.148876953125,10.07783203125,94.));
#12482 = SURFACE_CURVE('',#12483,(#12487,#12494),.PCURVE_S1.);
#12483 = B_SPLINE_CURVE_WITH_KNOTS('',2,(#12484,#12485,#12486),
  .UNSPECIFIED.,.F.,.F.,(3,3),(0.,1.),.PIECEWISE_BEZIER_KNOTS.);
#12484 = CARTESIAN_POINT('',(-1.148876953125,10.07783203125,94.));
#12485 = CARTESIAN_POINT('',(-0.892822265625,10.14970703125,94.));
#12486 = CARTESIAN_POINT('',(-0.641259765625,10.18564453125,94.));
#12487 = PCURVE('',#7025,#12488);
#12488 = DEFINITIONAL_REPRESENTATION('',(#12489),#12493);
#12489 = LINE('',#12490,#12491);
#12490 = CARTESIAN_POINT('',(0.,0.));
#12491 = VECTOR('',#12492,1.);
#12492 = DIRECTION('',(1.,0.));
#12493 = ( GEOMETRIC_REPRESENTATION_CONTEXT(2) 
PARAMETRIC_REPRESENTATION_CONTEXT() REPRESENTATION_CONTEXT('2D SPACE',''
  ) );
#12494 = PCURVE('',#12176,#12495);
#12495 = DEFINITIONAL_REPRESENTATION('',(#12496),#12500);
#12496 = B_SPLINE_CURVE_WITH_KNOTS('',2,(#12497,#12498,#12499),
  .UNSPECIFIED.,.F.,.F.,(3,3),(0.,1.),.PIECEWISE_BEZIER_KNOTS.);
#12497 = CARTESIAN_POINT('',(0.45146484375,3.2703125));
#12498 = CARTESIAN_POINT('',(0.70751953125,3.3421875));
#12499 = CARTESIAN_POINT('',(0.95908203125,3.378125));
#12500 = ( GEOMETRIC_REPRESENTATION_CONTEXT(2) 
PARAMETRIC_REPRESENTATION_CONTEXT() REPRESENTATION_CONTEXT('2D SPACE',''
  ) );
#12501 = ORIENTED_EDGE('',*,*,#12502,.T.);
#12502 = EDGE_CURVE('',#12480,#6980,#12503,.T.);
#12503 = SURFACE_CURVE('',#12504,(#12508,#12515),.PCURVE_S1.);
#12504 = LINE('',#12505,#12506);
#12505 = CARTESIAN_POINT('',(-1.148876953125,10.07783203125,94.));
#12506 = VECTOR('',#12507,1.);
#12507 = DIRECTION('',(0.,0.,1.));
#12508 = PCURVE('',#7025,#12509);
#12509 = DEFINITIONAL_REPRESENTATION('',(#12510),#12514);
#12510 = LINE('',#12511,#12512);
#12511 = CARTESIAN_POINT('',(0.,0.));
#12512 = VECTOR('',#12513,1.);
#12513 = DIRECTION('',(0.,-1.));
#12514 = ( GEOMETRIC_REPRESENTATION_CONTEXT(2) 
PARAMETRIC_REPRESENTATION_CONTEXT() REPRESENTATION_CONTEXT('2D SPACE',''
  ) );
#12515 = PCURVE('',#6994,#12516);
#12516 = DEFINITIONAL_REPRESENTATION('',(#12517),#12521);
#12517 = LINE('',#12518,#12519);
#12518 = CARTESIAN_POINT('',(0.6333984375,0.));
#12519 = VECTOR('',#12520,1.);
#12520 = DIRECTION('',(0.,-1.));
#12521 = ( GEOMETRIC_REPRESENTATION_CONTEXT(2) 
PARAMETRIC_REPRESENTATION_CONTEXT() REPRESENTATION_CONTEXT('2D SPACE',''
  ) );
#12522 = ORIENTED_EDGE('',*,*,#7005,.F.);
#12523 = ORIENTED_EDGE('',*,*,#12453,.F.);
#12524 = ADVANCED_FACE('',(#12525),#6994,.F.);
#12525 = FACE_BOUND('',#12526,.F.);
#12526 = EDGE_LOOP('',(#12527,#12550,#12571,#12572));
#12527 = ORIENTED_EDGE('',*,*,#12528,.F.);
#12528 = EDGE_CURVE('',#12529,#12480,#12531,.T.);
#12529 = VERTEX_POINT('',#12530);
#12530 = CARTESIAN_POINT('',(-1.148876953125,9.44443359375,94.));
#12531 = SURFACE_CURVE('',#12532,(#12536,#12543),.PCURVE_S1.);
#12532 = LINE('',#12533,#12534);
#12533 = CARTESIAN_POINT('',(-1.148876953125,9.44443359375,94.));
#12534 = VECTOR('',#12535,1.);
#12535 = DIRECTION('',(0.,1.,0.));
#12536 = PCURVE('',#6994,#12537);
#12537 = DEFINITIONAL_REPRESENTATION('',(#12538),#12542);
#12538 = LINE('',#12539,#12540);
#12539 = CARTESIAN_POINT('',(0.,0.));
#12540 = VECTOR('',#12541,1.);
#12541 = DIRECTION('',(1.,0.));
#12542 = ( GEOMETRIC_REPRESENTATION_CONTEXT(2) 
PARAMETRIC_REPRESENTATION_CONTEXT() REPRESENTATION_CONTEXT('2D SPACE',''
  ) );
#12543 = PCURVE('',#12176,#12544);
#12544 = DEFINITIONAL_REPRESENTATION('',(#12545),#12549);
#12545 = LINE('',#12546,#12547);
#12546 = CARTESIAN_POINT('',(0.45146484375,2.6369140625));
#12547 = VECTOR('',#12548,1.);
#12548 = DIRECTION('',(0.,1.));
#12549 = ( GEOMETRIC_REPRESENTATION_CONTEXT(2) 
PARAMETRIC_REPRESENTATION_CONTEXT() REPRESENTATION_CONTEXT('2D SPACE',''
  ) );
#12550 = ORIENTED_EDGE('',*,*,#12551,.T.);
#12551 = EDGE_CURVE('',#12529,#6944,#12552,.T.);
#12552 = SURFACE_CURVE('',#12553,(#12557,#12564),.PCURVE_S1.);
#12553 = LINE('',#12554,#12555);
#12554 = CARTESIAN_POINT('',(-1.148876953125,9.44443359375,94.));
#12555 = VECTOR('',#12556,1.);
#12556 = DIRECTION('',(0.,0.,1.));
#12557 = PCURVE('',#6994,#12558);
#12558 = DEFINITIONAL_REPRESENTATION('',(#12559),#12563);
#12559 = LINE('',#12560,#12561);
#12560 = CARTESIAN_POINT('',(0.,0.));
#12561 = VECTOR('',#12562,1.);
#12562 = DIRECTION('',(0.,-1.));
#12563 = ( GEOMETRIC_REPRESENTATION_CONTEXT(2) 
PARAMETRIC_REPRESENTATION_CONTEXT() REPRESENTATION_CONTEXT('2D SPACE',''
  ) );
#12564 = PCURVE('',#6963,#12565);
#12565 = DEFINITIONAL_REPRESENTATION('',(#12566),#12570);
#12566 = LINE('',#12567,#12568);
#12567 = CARTESIAN_POINT('',(1.,0.));
#12568 = VECTOR('',#12569,1.);
#12569 = DIRECTION('',(0.,-1.));
#12570 = ( GEOMETRIC_REPRESENTATION_CONTEXT(2) 
PARAMETRIC_REPRESENTATION_CONTEXT() REPRESENTATION_CONTEXT('2D SPACE',''
  ) );
#12571 = ORIENTED_EDGE('',*,*,#6979,.F.);
#12572 = ORIENTED_EDGE('',*,*,#12502,.F.);
#12573 = ADVANCED_FACE('',(#12574),#6963,.F.);
#12574 = FACE_BOUND('',#12575,.F.);
#12575 = EDGE_LOOP('',(#12576,#12599,#12620,#12621));
#12576 = ORIENTED_EDGE('',*,*,#12577,.F.);
#12577 = EDGE_CURVE('',#12578,#12529,#12580,.T.);
#12578 = VERTEX_POINT('',#12579);
#12579 = CARTESIAN_POINT('',(-0.724365234375,9.58369140625,94.));
#12580 = SURFACE_CURVE('',#12581,(#12585,#12592),.PCURVE_S1.);
#12581 = B_SPLINE_CURVE_WITH_KNOTS('',2,(#12582,#12583,#12584),
  .UNSPECIFIED.,.F.,.F.,(3,3),(0.,1.),.PIECEWISE_BEZIER_KNOTS.);
#12582 = CARTESIAN_POINT('',(-0.724365234375,9.58369140625,94.));
#12583 = CARTESIAN_POINT('',(-0.937744140625,9.5365234375,94.));
#12584 = CARTESIAN_POINT('',(-1.148876953125,9.44443359375,94.));
#12585 = PCURVE('',#6963,#12586);
#12586 = DEFINITIONAL_REPRESENTATION('',(#12587),#12591);
#12587 = LINE('',#12588,#12589);
#12588 = CARTESIAN_POINT('',(0.,0.));
#12589 = VECTOR('',#12590,1.);
#12590 = DIRECTION('',(1.,0.));
#12591 = ( GEOMETRIC_REPRESENTATION_CONTEXT(2) 
PARAMETRIC_REPRESENTATION_CONTEXT() REPRESENTATION_CONTEXT('2D SPACE',''
  ) );
#12592 = PCURVE('',#12176,#12593);
#12593 = DEFINITIONAL_REPRESENTATION('',(#12594),#12598);
#12594 = B_SPLINE_CURVE_WITH_KNOTS('',2,(#12595,#12596,#12597),
  .UNSPECIFIED.,.F.,.F.,(3,3),(0.,1.),.PIECEWISE_BEZIER_KNOTS.);
#12595 = CARTESIAN_POINT('',(0.8759765625,2.776171875));
#12596 = CARTESIAN_POINT('',(0.66259765625,2.72900390625));
#12597 = CARTESIAN_POINT('',(0.45146484375,2.6369140625));
#12598 = ( GEOMETRIC_REPRESENTATION_CONTEXT(2) 
PARAMETRIC_REPRESENTATION_CONTEXT() REPRESENTATION_CONTEXT('2D SPACE',''
  ) );
#12599 = ORIENTED_EDGE('',*,*,#12600,.T.);
#12600 = EDGE_CURVE('',#12578,#6908,#12601,.T.);
#12601 = SURFACE_CURVE('',#12602,(#12606,#12613),.PCURVE_S1.);
#12602 = LINE('',#12603,#12604);
#12603 = CARTESIAN_POINT('',(-0.724365234375,9.58369140625,94.));
#12604 = VECTOR('',#12605,1.);
#12605 = DIRECTION('',(0.,0.,1.));
#12606 = PCURVE('',#6963,#12607);
#12607 = DEFINITIONAL_REPRESENTATION('',(#12608),#12612);
#12608 = LINE('',#12609,#12610);
#12609 = CARTESIAN_POINT('',(0.,0.));
#12610 = VECTOR('',#12611,1.);
#12611 = DIRECTION('',(0.,-1.));
#12612 = ( GEOMETRIC_REPRESENTATION_CONTEXT(2) 
PARAMETRIC_REPRESENTATION_CONTEXT() REPRESENTATION_CONTEXT('2D SPACE',''
  ) );
#12613 = PCURVE('',#6927,#12614);
#12614 = DEFINITIONAL_REPRESENTATION('',(#12615),#12619);
#12615 = LINE('',#12616,#12617);
#12616 = CARTESIAN_POINT('',(1.,0.));
#12617 = VECTOR('',#12618,1.);
#12618 = DIRECTION('',(0.,-1.));
#12619 = ( GEOMETRIC_REPRESENTATION_CONTEXT(2) 
PARAMETRIC_REPRESENTATION_CONTEXT() REPRESENTATION_CONTEXT('2D SPACE',''
  ) );
#12620 = ORIENTED_EDGE('',*,*,#6943,.F.);
#12621 = ORIENTED_EDGE('',*,*,#12551,.F.);
#12622 = ADVANCED_FACE('',(#12623),#6927,.F.);
#12623 = FACE_BOUND('',#12624,.F.);
#12624 = EDGE_LOOP('',(#12625,#12648,#12669,#12670));
#12625 = ORIENTED_EDGE('',*,*,#12626,.F.);
#12626 = EDGE_CURVE('',#12627,#12578,#12629,.T.);
#12627 = VERTEX_POINT('',#12628);
#12628 = CARTESIAN_POINT('',(-0.302099609375,9.630859375,94.));
#12629 = SURFACE_CURVE('',#12630,(#12634,#12641),.PCURVE_S1.);
#12630 = B_SPLINE_CURVE_WITH_KNOTS('',2,(#12631,#12632,#12633),
  .UNSPECIFIED.,.F.,.F.,(3,3),(0.,1.),.PIECEWISE_BEZIER_KNOTS.);
#12631 = CARTESIAN_POINT('',(-0.302099609375,9.630859375,94.));
#12632 = CARTESIAN_POINT('',(-0.510986328125,9.630859375,94.));
#12633 = CARTESIAN_POINT('',(-0.724365234375,9.58369140625,94.));
#12634 = PCURVE('',#6927,#12635);
#12635 = DEFINITIONAL_REPRESENTATION('',(#12636),#12640);
#12636 = LINE('',#12637,#12638);
#12637 = CARTESIAN_POINT('',(0.,0.));
#12638 = VECTOR('',#12639,1.);
#12639 = DIRECTION('',(1.,0.));
#12640 = ( GEOMETRIC_REPRESENTATION_CONTEXT(2) 
PARAMETRIC_REPRESENTATION_CONTEXT() REPRESENTATION_CONTEXT('2D SPACE',''
  ) );
#12641 = PCURVE('',#12176,#12642);
#12642 = DEFINITIONAL_REPRESENTATION('',(#12643),#12647);
#12643 = B_SPLINE_CURVE_WITH_KNOTS('',2,(#12644,#12645,#12646),
  .UNSPECIFIED.,.F.,.F.,(3,3),(0.,1.),.PIECEWISE_BEZIER_KNOTS.);
#12644 = CARTESIAN_POINT('',(1.2982421875,2.82333984375));
#12645 = CARTESIAN_POINT('',(1.08935546875,2.82333984375));
#12646 = CARTESIAN_POINT('',(0.8759765625,2.776171875));
#12647 = ( GEOMETRIC_REPRESENTATION_CONTEXT(2) 
PARAMETRIC_REPRESENTATION_CONTEXT() REPRESENTATION_CONTEXT('2D SPACE',''
  ) );
#12648 = ORIENTED_EDGE('',*,*,#12649,.T.);
#12649 = EDGE_CURVE('',#12627,#6866,#12650,.T.);
#12650 = SURFACE_CURVE('',#12651,(#12655,#12662),.PCURVE_S1.);
#12651 = LINE('',#12652,#12653);
#12652 = CARTESIAN_POINT('',(-0.302099609375,9.630859375,94.));
#12653 = VECTOR('',#12654,1.);
#12654 = DIRECTION('',(0.,0.,1.));
#12655 = PCURVE('',#6927,#12656);
#12656 = DEFINITIONAL_REPRESENTATION('',(#12657),#12661);
#12657 = LINE('',#12658,#12659);
#12658 = CARTESIAN_POINT('',(0.,0.));
#12659 = VECTOR('',#12660,1.);
#12660 = DIRECTION('',(0.,-1.));
#12661 = ( GEOMETRIC_REPRESENTATION_CONTEXT(2) 
PARAMETRIC_REPRESENTATION_CONTEXT() REPRESENTATION_CONTEXT('2D SPACE',''
  ) );
#12662 = PCURVE('',#6889,#12663);
#12663 = DEFINITIONAL_REPRESENTATION('',(#12664),#12668);
#12664 = LINE('',#12665,#12666);
#12665 = CARTESIAN_POINT('',(1.,0.));
#12666 = VECTOR('',#12667,1.);
#12667 = DIRECTION('',(0.,-1.));
#12668 = ( GEOMETRIC_REPRESENTATION_CONTEXT(2) 
PARAMETRIC_REPRESENTATION_CONTEXT() REPRESENTATION_CONTEXT('2D SPACE',''
  ) );
#12669 = ORIENTED_EDGE('',*,*,#6907,.F.);
#12670 = ORIENTED_EDGE('',*,*,#12600,.F.);
#12671 = ADVANCED_FACE('',(#12672),#6889,.F.);
#12672 = FACE_BOUND('',#12673,.F.);
#12673 = EDGE_LOOP('',(#12674,#12697,#12718,#12719));
#12674 = ORIENTED_EDGE('',*,*,#12675,.F.);
#12675 = EDGE_CURVE('',#12676,#12627,#12678,.T.);
#12676 = VERTEX_POINT('',#12677);
#12677 = CARTESIAN_POINT('',(0.135888671875,9.52529296875,94.));
#12678 = SURFACE_CURVE('',#12679,(#12683,#12690),.PCURVE_S1.);
#12679 = B_SPLINE_CURVE_WITH_KNOTS('',2,(#12680,#12681,#12682),
  .UNSPECIFIED.,.F.,.F.,(3,3),(0.,1.),.PIECEWISE_BEZIER_KNOTS.);
#12680 = CARTESIAN_POINT('',(0.135888671875,9.52529296875,94.));
#12681 = CARTESIAN_POINT('',(-1.9091796875E-02,9.630859375,94.));
#12682 = CARTESIAN_POINT('',(-0.302099609375,9.630859375,94.));
#12683 = PCURVE('',#6889,#12684);
#12684 = DEFINITIONAL_REPRESENTATION('',(#12685),#12689);
#12685 = LINE('',#12686,#12687);
#12686 = CARTESIAN_POINT('',(0.,0.));
#12687 = VECTOR('',#12688,1.);
#12688 = DIRECTION('',(1.,0.));
#12689 = ( GEOMETRIC_REPRESENTATION_CONTEXT(2) 
PARAMETRIC_REPRESENTATION_CONTEXT() REPRESENTATION_CONTEXT('2D SPACE',''
  ) );
#12690 = PCURVE('',#12176,#12691);
#12691 = DEFINITIONAL_REPRESENTATION('',(#12692),#12696);
#12692 = B_SPLINE_CURVE_WITH_KNOTS('',2,(#12693,#12694,#12695),
  .UNSPECIFIED.,.F.,.F.,(3,3),(0.,1.),.PIECEWISE_BEZIER_KNOTS.);
#12693 = CARTESIAN_POINT('',(1.73623046875,2.7177734375));
#12694 = CARTESIAN_POINT('',(1.58125,2.82333984375));
#12695 = CARTESIAN_POINT('',(1.2982421875,2.82333984375));
#12696 = ( GEOMETRIC_REPRESENTATION_CONTEXT(2) 
PARAMETRIC_REPRESENTATION_CONTEXT() REPRESENTATION_CONTEXT('2D SPACE',''
  ) );
#12697 = ORIENTED_EDGE('',*,*,#12698,.T.);
#12698 = EDGE_CURVE('',#12676,#6815,#12699,.T.);
#12699 = SURFACE_CURVE('',#12700,(#12704,#12711),.PCURVE_S1.);
#12700 = LINE('',#12701,#12702);
#12701 = CARTESIAN_POINT('',(0.135888671875,9.52529296875,94.));
#12702 = VECTOR('',#12703,1.);
#12703 = DIRECTION('',(0.,0.,1.));
#12704 = PCURVE('',#6889,#12705);
#12705 = DEFINITIONAL_REPRESENTATION('',(#12706),#12710);
#12706 = LINE('',#12707,#12708);
#12707 = CARTESIAN_POINT('',(0.,0.));
#12708 = VECTOR('',#12709,1.);
#12709 = DIRECTION('',(0.,-1.));
#12710 = ( GEOMETRIC_REPRESENTATION_CONTEXT(2) 
PARAMETRIC_REPRESENTATION_CONTEXT() REPRESENTATION_CONTEXT('2D SPACE',''
  ) );
#12711 = PCURVE('',#6844,#12712);
#12712 = DEFINITIONAL_REPRESENTATION('',(#12713),#12717);
#12713 = LINE('',#12714,#12715);
#12714 = CARTESIAN_POINT('',(1.,0.));
#12715 = VECTOR('',#12716,1.);
#12716 = DIRECTION('',(0.,-1.));
#12717 = ( GEOMETRIC_REPRESENTATION_CONTEXT(2) 
PARAMETRIC_REPRESENTATION_CONTEXT() REPRESENTATION_CONTEXT('2D SPACE',''
  ) );
#12718 = ORIENTED_EDGE('',*,*,#6865,.F.);
#12719 = ORIENTED_EDGE('',*,*,#12649,.F.);
#12720 = ADVANCED_FACE('',(#12721),#6844,.F.);
#12721 = FACE_BOUND('',#12722,.F.);
#12722 = EDGE_LOOP('',(#12723,#12746,#12767,#12768));
#12723 = ORIENTED_EDGE('',*,*,#12724,.F.);
#12724 = EDGE_CURVE('',#12725,#12676,#12727,.T.);
#12725 = VERTEX_POINT('',#12726);
#12726 = CARTESIAN_POINT('',(0.290869140625,9.2265625,94.));
#12727 = SURFACE_CURVE('',#12728,(#12732,#12739),.PCURVE_S1.);
#12728 = B_SPLINE_CURVE_WITH_KNOTS('',2,(#12729,#12730,#12731),
  .UNSPECIFIED.,.F.,.F.,(3,3),(0.,1.),.PIECEWISE_BEZIER_KNOTS.);
#12729 = CARTESIAN_POINT('',(0.290869140625,9.2265625,94.));
#12730 = CARTESIAN_POINT('',(0.290869140625,9.4197265625,94.));
#12731 = CARTESIAN_POINT('',(0.135888671875,9.52529296875,94.));
#12732 = PCURVE('',#6844,#12733);
#12733 = DEFINITIONAL_REPRESENTATION('',(#12734),#12738);
#12734 = LINE('',#12735,#12736);
#12735 = CARTESIAN_POINT('',(0.,0.));
#12736 = VECTOR('',#12737,1.);
#12737 = DIRECTION('',(1.,0.));
#12738 = ( GEOMETRIC_REPRESENTATION_CONTEXT(2) 
PARAMETRIC_REPRESENTATION_CONTEXT() REPRESENTATION_CONTEXT('2D SPACE',''
  ) );
#12739 = PCURVE('',#12176,#12740);
#12740 = DEFINITIONAL_REPRESENTATION('',(#12741),#12745);
#12741 = B_SPLINE_CURVE_WITH_KNOTS('',2,(#12742,#12743,#12744),
  .UNSPECIFIED.,.F.,.F.,(3,3),(0.,1.),.PIECEWISE_BEZIER_KNOTS.);
#12742 = CARTESIAN_POINT('',(1.8912109375,2.41904296875));
#12743 = CARTESIAN_POINT('',(1.8912109375,2.61220703125));
#12744 = CARTESIAN_POINT('',(1.73623046875,2.7177734375));
#12745 = ( GEOMETRIC_REPRESENTATION_CONTEXT(2) 
PARAMETRIC_REPRESENTATION_CONTEXT() REPRESENTATION_CONTEXT('2D SPACE',''
  ) );
#12746 = ORIENTED_EDGE('',*,*,#12747,.T.);
#12747 = EDGE_CURVE('',#12725,#6764,#12748,.T.);
#12748 = SURFACE_CURVE('',#12749,(#12753,#12760),.PCURVE_S1.);
#12749 = LINE('',#12750,#12751);
#12750 = CARTESIAN_POINT('',(0.290869140625,9.2265625,94.));
#12751 = VECTOR('',#12752,1.);
#12752 = DIRECTION('',(0.,0.,1.));
#12753 = PCURVE('',#6844,#12754);
#12754 = DEFINITIONAL_REPRESENTATION('',(#12755),#12759);
#12755 = LINE('',#12756,#12757);
#12756 = CARTESIAN_POINT('',(0.,0.));
#12757 = VECTOR('',#12758,1.);
#12758 = DIRECTION('',(0.,-1.));
#12759 = ( GEOMETRIC_REPRESENTATION_CONTEXT(2) 
PARAMETRIC_REPRESENTATION_CONTEXT() REPRESENTATION_CONTEXT('2D SPACE',''
  ) );
#12760 = PCURVE('',#6793,#12761);
#12761 = DEFINITIONAL_REPRESENTATION('',(#12762),#12766);
#12762 = LINE('',#12763,#12764);
#12763 = CARTESIAN_POINT('',(1.,0.));
#12764 = VECTOR('',#12765,1.);
#12765 = DIRECTION('',(0.,-1.));
#12766 = ( GEOMETRIC_REPRESENTATION_CONTEXT(2) 
PARAMETRIC_REPRESENTATION_CONTEXT() REPRESENTATION_CONTEXT('2D SPACE',''
  ) );
#12767 = ORIENTED_EDGE('',*,*,#6814,.F.);
#12768 = ORIENTED_EDGE('',*,*,#12698,.F.);
#12769 = ADVANCED_FACE('',(#12770),#6793,.F.);
#12770 = FACE_BOUND('',#12771,.F.);
#12771 = EDGE_LOOP('',(#12772,#12795,#12816,#12817));
#12772 = ORIENTED_EDGE('',*,*,#12773,.F.);
#12773 = EDGE_CURVE('',#12774,#12725,#12776,.T.);
#12774 = VERTEX_POINT('',#12775);
#12775 = CARTESIAN_POINT('',(0.131396484375,8.915478515625,94.));
#12776 = SURFACE_CURVE('',#12777,(#12781,#12788),.PCURVE_S1.);
#12777 = B_SPLINE_CURVE_WITH_KNOTS('',2,(#12778,#12779,#12780),
  .UNSPECIFIED.,.F.,.F.,(3,3),(0.,1.),.PIECEWISE_BEZIER_KNOTS.);
#12778 = CARTESIAN_POINT('',(0.131396484375,8.915478515625,94.));
#12779 = CARTESIAN_POINT('',(0.290869140625,9.01767578125,94.));
#12780 = CARTESIAN_POINT('',(0.290869140625,9.2265625,94.));
#12781 = PCURVE('',#6793,#12782);
#12782 = DEFINITIONAL_REPRESENTATION('',(#12783),#12787);
#12783 = LINE('',#12784,#12785);
#12784 = CARTESIAN_POINT('',(0.,0.));
#12785 = VECTOR('',#12786,1.);
#12786 = DIRECTION('',(1.,0.));
#12787 = ( GEOMETRIC_REPRESENTATION_CONTEXT(2) 
PARAMETRIC_REPRESENTATION_CONTEXT() REPRESENTATION_CONTEXT('2D SPACE',''
  ) );
#12788 = PCURVE('',#12176,#12789);
#12789 = DEFINITIONAL_REPRESENTATION('',(#12790),#12794);
#12790 = B_SPLINE_CURVE_WITH_KNOTS('',2,(#12791,#12792,#12793),
  .UNSPECIFIED.,.F.,.F.,(3,3),(0.,1.),.PIECEWISE_BEZIER_KNOTS.);
#12791 = CARTESIAN_POINT('',(1.73173828125,2.107958984375));
#12792 = CARTESIAN_POINT('',(1.8912109375,2.21015625));
#12793 = CARTESIAN_POINT('',(1.8912109375,2.41904296875));
#12794 = ( GEOMETRIC_REPRESENTATION_CONTEXT(2) 
PARAMETRIC_REPRESENTATION_CONTEXT() REPRESENTATION_CONTEXT('2D SPACE',''
  ) );
#12795 = ORIENTED_EDGE('',*,*,#12796,.T.);
#12796 = EDGE_CURVE('',#12774,#6722,#12797,.T.);
#12797 = SURFACE_CURVE('',#12798,(#12802,#12809),.PCURVE_S1.);
#12798 = LINE('',#12799,#12800);
#12799 = CARTESIAN_POINT('',(0.131396484375,8.915478515625,94.));
#12800 = VECTOR('',#12801,1.);
#12801 = DIRECTION('',(0.,0.,1.));
#12802 = PCURVE('',#6793,#12803);
#12803 = DEFINITIONAL_REPRESENTATION('',(#12804),#12808);
#12804 = LINE('',#12805,#12806);
#12805 = CARTESIAN_POINT('',(0.,0.));
#12806 = VECTOR('',#12807,1.);
#12807 = DIRECTION('',(0.,-1.));
#12808 = ( GEOMETRIC_REPRESENTATION_CONTEXT(2) 
PARAMETRIC_REPRESENTATION_CONTEXT() REPRESENTATION_CONTEXT('2D SPACE',''
  ) );
#12809 = PCURVE('',#6745,#12810);
#12810 = DEFINITIONAL_REPRESENTATION('',(#12811),#12815);
#12811 = LINE('',#12812,#12813);
#12812 = CARTESIAN_POINT('',(1.,0.));
#12813 = VECTOR('',#12814,1.);
#12814 = DIRECTION('',(0.,-1.));
#12815 = ( GEOMETRIC_REPRESENTATION_CONTEXT(2) 
PARAMETRIC_REPRESENTATION_CONTEXT() REPRESENTATION_CONTEXT('2D SPACE',''
  ) );
#12816 = ORIENTED_EDGE('',*,*,#6763,.F.);
#12817 = ORIENTED_EDGE('',*,*,#12747,.F.);
#12818 = ADVANCED_FACE('',(#12819),#6745,.F.);
#12819 = FACE_BOUND('',#12820,.F.);
#12820 = EDGE_LOOP('',(#12821,#12844,#12865,#12866));
#12821 = ORIENTED_EDGE('',*,*,#12822,.F.);
#12822 = EDGE_CURVE('',#12823,#12774,#12825,.T.);
#12823 = VERTEX_POINT('',#12824);
#12824 = CARTESIAN_POINT('',(-0.353759765625,8.81328125,94.));
#12825 = SURFACE_CURVE('',#12826,(#12830,#12837),.PCURVE_S1.);
#12826 = B_SPLINE_CURVE_WITH_KNOTS('',2,(#12827,#12828,#12829),
  .UNSPECIFIED.,.F.,.F.,(3,3),(0.,1.),.PIECEWISE_BEZIER_KNOTS.);
#12827 = CARTESIAN_POINT('',(-0.353759765625,8.81328125,94.));
#12828 = CARTESIAN_POINT('',(-2.8076171875E-02,8.81328125,94.));
#12829 = CARTESIAN_POINT('',(0.131396484375,8.915478515625,94.));
#12830 = PCURVE('',#6745,#12831);
#12831 = DEFINITIONAL_REPRESENTATION('',(#12832),#12836);
#12832 = LINE('',#12833,#12834);
#12833 = CARTESIAN_POINT('',(0.,0.));
#12834 = VECTOR('',#12835,1.);
#12835 = DIRECTION('',(1.,0.));
#12836 = ( GEOMETRIC_REPRESENTATION_CONTEXT(2) 
PARAMETRIC_REPRESENTATION_CONTEXT() REPRESENTATION_CONTEXT('2D SPACE',''
  ) );
#12837 = PCURVE('',#12176,#12838);
#12838 = DEFINITIONAL_REPRESENTATION('',(#12839),#12843);
#12839 = B_SPLINE_CURVE_WITH_KNOTS('',2,(#12840,#12841,#12842),
  .UNSPECIFIED.,.F.,.F.,(3,3),(0.,1.),.PIECEWISE_BEZIER_KNOTS.);
#12840 = CARTESIAN_POINT('',(1.24658203125,2.00576171875));
#12841 = CARTESIAN_POINT('',(1.572265625,2.00576171875));
#12842 = CARTESIAN_POINT('',(1.73173828125,2.107958984375));
#12843 = ( GEOMETRIC_REPRESENTATION_CONTEXT(2) 
PARAMETRIC_REPRESENTATION_CONTEXT() REPRESENTATION_CONTEXT('2D SPACE',''
  ) );
#12844 = ORIENTED_EDGE('',*,*,#12845,.T.);
#12845 = EDGE_CURVE('',#12823,#6696,#12846,.T.);
#12846 = SURFACE_CURVE('',#12847,(#12851,#12858),.PCURVE_S1.);
#12847 = LINE('',#12848,#12849);
#12848 = CARTESIAN_POINT('',(-0.353759765625,8.81328125,94.));
#12849 = VECTOR('',#12850,1.);
#12850 = DIRECTION('',(0.,0.,1.));
#12851 = PCURVE('',#6745,#12852);
#12852 = DEFINITIONAL_REPRESENTATION('',(#12853),#12857);
#12853 = LINE('',#12854,#12855);
#12854 = CARTESIAN_POINT('',(0.,0.));
#12855 = VECTOR('',#12856,1.);
#12856 = DIRECTION('',(0.,-1.));
#12857 = ( GEOMETRIC_REPRESENTATION_CONTEXT(2) 
PARAMETRIC_REPRESENTATION_CONTEXT() REPRESENTATION_CONTEXT('2D SPACE',''
  ) );
#12858 = PCURVE('',#6710,#12859);
#12859 = DEFINITIONAL_REPRESENTATION('',(#12860),#12864);
#12860 = LINE('',#12861,#12862);
#12861 = CARTESIAN_POINT('',(0.3638671875,0.));
#12862 = VECTOR('',#12863,1.);
#12863 = DIRECTION('',(0.,-1.));
#12864 = ( GEOMETRIC_REPRESENTATION_CONTEXT(2) 
PARAMETRIC_REPRESENTATION_CONTEXT() REPRESENTATION_CONTEXT('2D SPACE',''
  ) );
#12865 = ORIENTED_EDGE('',*,*,#6721,.F.);
#12866 = ORIENTED_EDGE('',*,*,#12796,.F.);
#12867 = ADVANCED_FACE('',(#12868),#6710,.F.);
#12868 = FACE_BOUND('',#12869,.F.);
#12869 = EDGE_LOOP('',(#12870,#12893,#12914,#12915));
#12870 = ORIENTED_EDGE('',*,*,#12871,.F.);
#12871 = EDGE_CURVE('',#12872,#12823,#12874,.T.);
#12872 = VERTEX_POINT('',#12873);
#12873 = CARTESIAN_POINT('',(-0.717626953125,8.81328125,94.));
#12874 = SURFACE_CURVE('',#12875,(#12879,#12886),.PCURVE_S1.);
#12875 = LINE('',#12876,#12877);
#12876 = CARTESIAN_POINT('',(-0.717626953125,8.81328125,94.));
#12877 = VECTOR('',#12878,1.);
#12878 = DIRECTION('',(1.,0.,0.));
#12879 = PCURVE('',#6710,#12880);
#12880 = DEFINITIONAL_REPRESENTATION('',(#12881),#12885);
#12881 = LINE('',#12882,#12883);
#12882 = CARTESIAN_POINT('',(0.,0.));
#12883 = VECTOR('',#12884,1.);
#12884 = DIRECTION('',(1.,0.));
#12885 = ( GEOMETRIC_REPRESENTATION_CONTEXT(2) 
PARAMETRIC_REPRESENTATION_CONTEXT() REPRESENTATION_CONTEXT('2D SPACE',''
  ) );
#12886 = PCURVE('',#12176,#12887);
#12887 = DEFINITIONAL_REPRESENTATION('',(#12888),#12892);
#12888 = LINE('',#12889,#12890);
#12889 = CARTESIAN_POINT('',(0.88271484375,2.00576171875));
#12890 = VECTOR('',#12891,1.);
#12891 = DIRECTION('',(1.,0.));
#12892 = ( GEOMETRIC_REPRESENTATION_CONTEXT(2) 
PARAMETRIC_REPRESENTATION_CONTEXT() REPRESENTATION_CONTEXT('2D SPACE',''
  ) );
#12893 = ORIENTED_EDGE('',*,*,#12894,.T.);
#12894 = EDGE_CURVE('',#12872,#6670,#12895,.T.);
#12895 = SURFACE_CURVE('',#12896,(#12900,#12907),.PCURVE_S1.);
#12896 = LINE('',#12897,#12898);
#12897 = CARTESIAN_POINT('',(-0.717626953125,8.81328125,94.));
#12898 = VECTOR('',#12899,1.);
#12899 = DIRECTION('',(0.,0.,1.));
#12900 = PCURVE('',#6710,#12901);
#12901 = DEFINITIONAL_REPRESENTATION('',(#12902),#12906);
#12902 = LINE('',#12903,#12904);
#12903 = CARTESIAN_POINT('',(0.,0.));
#12904 = VECTOR('',#12905,1.);
#12905 = DIRECTION('',(0.,-1.));
#12906 = ( GEOMETRIC_REPRESENTATION_CONTEXT(2) 
PARAMETRIC_REPRESENTATION_CONTEXT() REPRESENTATION_CONTEXT('2D SPACE',''
  ) );
#12907 = PCURVE('',#6684,#12908);
#12908 = DEFINITIONAL_REPRESENTATION('',(#12909),#12913);
#12909 = LINE('',#12910,#12911);
#12910 = CARTESIAN_POINT('',(0.55703125,0.));
#12911 = VECTOR('',#12912,1.);
#12912 = DIRECTION('',(0.,-1.));
#12913 = ( GEOMETRIC_REPRESENTATION_CONTEXT(2) 
PARAMETRIC_REPRESENTATION_CONTEXT() REPRESENTATION_CONTEXT('2D SPACE',''
  ) );
#12914 = ORIENTED_EDGE('',*,*,#6695,.F.);
#12915 = ORIENTED_EDGE('',*,*,#12845,.F.);
#12916 = ADVANCED_FACE('',(#12917),#6684,.F.);
#12917 = FACE_BOUND('',#12918,.F.);
#12918 = EDGE_LOOP('',(#12919,#12942,#12963,#12964));
#12919 = ORIENTED_EDGE('',*,*,#12920,.F.);
#12920 = EDGE_CURVE('',#12921,#12872,#12923,.T.);
#12921 = VERTEX_POINT('',#12922);
#12922 = CARTESIAN_POINT('',(-0.717626953125,8.25625,94.));
#12923 = SURFACE_CURVE('',#12924,(#12928,#12935),.PCURVE_S1.);
#12924 = LINE('',#12925,#12926);
#12925 = CARTESIAN_POINT('',(-0.717626953125,8.25625,94.));
#12926 = VECTOR('',#12927,1.);
#12927 = DIRECTION('',(0.,1.,0.));
#12928 = PCURVE('',#6684,#12929);
#12929 = DEFINITIONAL_REPRESENTATION('',(#12930),#12934);
#12930 = LINE('',#12931,#12932);
#12931 = CARTESIAN_POINT('',(0.,0.));
#12932 = VECTOR('',#12933,1.);
#12933 = DIRECTION('',(1.,0.));
#12934 = ( GEOMETRIC_REPRESENTATION_CONTEXT(2) 
PARAMETRIC_REPRESENTATION_CONTEXT() REPRESENTATION_CONTEXT('2D SPACE',''
  ) );
#12935 = PCURVE('',#12176,#12936);
#12936 = DEFINITIONAL_REPRESENTATION('',(#12937),#12941);
#12937 = LINE('',#12938,#12939);
#12938 = CARTESIAN_POINT('',(0.88271484375,1.44873046875));
#12939 = VECTOR('',#12940,1.);
#12940 = DIRECTION('',(0.,1.));
#12941 = ( GEOMETRIC_REPRESENTATION_CONTEXT(2) 
PARAMETRIC_REPRESENTATION_CONTEXT() REPRESENTATION_CONTEXT('2D SPACE',''
  ) );
#12942 = ORIENTED_EDGE('',*,*,#12943,.T.);
#12943 = EDGE_CURVE('',#12921,#6644,#12944,.T.);
#12944 = SURFACE_CURVE('',#12945,(#12949,#12956),.PCURVE_S1.);
#12945 = LINE('',#12946,#12947);
#12946 = CARTESIAN_POINT('',(-0.717626953125,8.25625,94.));
#12947 = VECTOR('',#12948,1.);
#12948 = DIRECTION('',(0.,0.,1.));
#12949 = PCURVE('',#6684,#12950);
#12950 = DEFINITIONAL_REPRESENTATION('',(#12951),#12955);
#12951 = LINE('',#12952,#12953);
#12952 = CARTESIAN_POINT('',(0.,0.));
#12953 = VECTOR('',#12954,1.);
#12954 = DIRECTION('',(0.,-1.));
#12955 = ( GEOMETRIC_REPRESENTATION_CONTEXT(2) 
PARAMETRIC_REPRESENTATION_CONTEXT() REPRESENTATION_CONTEXT('2D SPACE',''
  ) );
#12956 = PCURVE('',#6658,#12957);
#12957 = DEFINITIONAL_REPRESENTATION('',(#12958),#12962);
#12958 = LINE('',#12959,#12960);
#12959 = CARTESIAN_POINT('',(0.3458984375,0.));
#12960 = VECTOR('',#12961,1.);
#12961 = DIRECTION('',(0.,-1.));
#12962 = ( GEOMETRIC_REPRESENTATION_CONTEXT(2) 
PARAMETRIC_REPRESENTATION_CONTEXT() REPRESENTATION_CONTEXT('2D SPACE',''
  ) );
#12963 = ORIENTED_EDGE('',*,*,#6669,.F.);
#12964 = ORIENTED_EDGE('',*,*,#12894,.F.);
#12965 = ADVANCED_FACE('',(#12966),#6658,.F.);
#12966 = FACE_BOUND('',#12967,.F.);
#12967 = EDGE_LOOP('',(#12968,#12991,#13012,#13013));
#12968 = ORIENTED_EDGE('',*,*,#12969,.F.);
#12969 = EDGE_CURVE('',#12970,#12921,#12972,.T.);
#12970 = VERTEX_POINT('',#12971);
#12971 = CARTESIAN_POINT('',(-0.371728515625,8.25625,94.));
#12972 = SURFACE_CURVE('',#12973,(#12977,#12984),.PCURVE_S1.);
#12973 = LINE('',#12974,#12975);
#12974 = CARTESIAN_POINT('',(-0.371728515625,8.25625,94.));
#12975 = VECTOR('',#12976,1.);
#12976 = DIRECTION('',(-1.,0.,0.));
#12977 = PCURVE('',#6658,#12978);
#12978 = DEFINITIONAL_REPRESENTATION('',(#12979),#12983);
#12979 = LINE('',#12980,#12981);
#12980 = CARTESIAN_POINT('',(0.,-0.));
#12981 = VECTOR('',#12982,1.);
#12982 = DIRECTION('',(1.,0.));
#12983 = ( GEOMETRIC_REPRESENTATION_CONTEXT(2) 
PARAMETRIC_REPRESENTATION_CONTEXT() REPRESENTATION_CONTEXT('2D SPACE',''
  ) );
#12984 = PCURVE('',#12176,#12985);
#12985 = DEFINITIONAL_REPRESENTATION('',(#12986),#12990);
#12986 = LINE('',#12987,#12988);
#12987 = CARTESIAN_POINT('',(1.22861328125,1.44873046875));
#12988 = VECTOR('',#12989,1.);
#12989 = DIRECTION('',(-1.,0.));
#12990 = ( GEOMETRIC_REPRESENTATION_CONTEXT(2) 
PARAMETRIC_REPRESENTATION_CONTEXT() REPRESENTATION_CONTEXT('2D SPACE',''
  ) );
#12991 = ORIENTED_EDGE('',*,*,#12992,.T.);
#12992 = EDGE_CURVE('',#12970,#6602,#12993,.T.);
#12993 = SURFACE_CURVE('',#12994,(#12998,#13005),.PCURVE_S1.);
#12994 = LINE('',#12995,#12996);
#12995 = CARTESIAN_POINT('',(-0.371728515625,8.25625,94.));
#12996 = VECTOR('',#12997,1.);
#12997 = DIRECTION('',(0.,0.,1.));
#12998 = PCURVE('',#6658,#12999);
#12999 = DEFINITIONAL_REPRESENTATION('',(#13000),#13004);
#13000 = LINE('',#13001,#13002);
#13001 = CARTESIAN_POINT('',(0.,-0.));
#13002 = VECTOR('',#13003,1.);
#13003 = DIRECTION('',(0.,-1.));
#13004 = ( GEOMETRIC_REPRESENTATION_CONTEXT(2) 
PARAMETRIC_REPRESENTATION_CONTEXT() REPRESENTATION_CONTEXT('2D SPACE',''
  ) );
#13005 = PCURVE('',#6625,#13006);
#13006 = DEFINITIONAL_REPRESENTATION('',(#13007),#13011);
#13007 = LINE('',#13008,#13009);
#13008 = CARTESIAN_POINT('',(1.,0.));
#13009 = VECTOR('',#13010,1.);
#13010 = DIRECTION('',(0.,-1.));
#13011 = ( GEOMETRIC_REPRESENTATION_CONTEXT(2) 
PARAMETRIC_REPRESENTATION_CONTEXT() REPRESENTATION_CONTEXT('2D SPACE',''
  ) );
#13012 = ORIENTED_EDGE('',*,*,#6643,.F.);
#13013 = ORIENTED_EDGE('',*,*,#12943,.F.);
#13014 = ADVANCED_FACE('',(#13015),#6625,.F.);
#13015 = FACE_BOUND('',#13016,.F.);
#13016 = EDGE_LOOP('',(#13017,#13040,#13061,#13062));
#13017 = ORIENTED_EDGE('',*,*,#13018,.F.);
#13018 = EDGE_CURVE('',#13019,#12970,#13021,.T.);
#13019 = VERTEX_POINT('',#13020);
#13020 = CARTESIAN_POINT('',(0.18193359375,8.138330078125,94.));
#13021 = SURFACE_CURVE('',#13022,(#13026,#13033),.PCURVE_S1.);
#13022 = B_SPLINE_CURVE_WITH_KNOTS('',2,(#13023,#13024,#13025),
  .UNSPECIFIED.,.F.,.F.,(3,3),(0.,1.),.PIECEWISE_BEZIER_KNOTS.);
#13023 = CARTESIAN_POINT('',(0.18193359375,8.138330078125,94.));
#13024 = CARTESIAN_POINT('',(-5.615234375E-03,8.25625,94.));
#13025 = CARTESIAN_POINT('',(-0.371728515625,8.25625,94.));
#13026 = PCURVE('',#6625,#13027);
#13027 = DEFINITIONAL_REPRESENTATION('',(#13028),#13032);
#13028 = LINE('',#13029,#13030);
#13029 = CARTESIAN_POINT('',(0.,0.));
#13030 = VECTOR('',#13031,1.);
#13031 = DIRECTION('',(1.,0.));
#13032 = ( GEOMETRIC_REPRESENTATION_CONTEXT(2) 
PARAMETRIC_REPRESENTATION_CONTEXT() REPRESENTATION_CONTEXT('2D SPACE',''
  ) );
#13033 = PCURVE('',#12176,#13034);
#13034 = DEFINITIONAL_REPRESENTATION('',(#13035),#13039);
#13035 = B_SPLINE_CURVE_WITH_KNOTS('',2,(#13036,#13037,#13038),
  .UNSPECIFIED.,.F.,.F.,(3,3),(0.,1.),.PIECEWISE_BEZIER_KNOTS.);
#13036 = CARTESIAN_POINT('',(1.782275390625,1.330810546875));
#13037 = CARTESIAN_POINT('',(1.5947265625,1.44873046875));
#13038 = CARTESIAN_POINT('',(1.22861328125,1.44873046875));
#13039 = ( GEOMETRIC_REPRESENTATION_CONTEXT(2) 
PARAMETRIC_REPRESENTATION_CONTEXT() REPRESENTATION_CONTEXT('2D SPACE',''
  ) );
#13040 = ORIENTED_EDGE('',*,*,#13041,.T.);
#13041 = EDGE_CURVE('',#13019,#6551,#13042,.T.);
#13042 = SURFACE_CURVE('',#13043,(#13047,#13054),.PCURVE_S1.);
#13043 = LINE('',#13044,#13045);
#13044 = CARTESIAN_POINT('',(0.18193359375,8.138330078125,94.));
#13045 = VECTOR('',#13046,1.);
#13046 = DIRECTION('',(0.,0.,1.));
#13047 = PCURVE('',#6625,#13048);
#13048 = DEFINITIONAL_REPRESENTATION('',(#13049),#13053);
#13049 = LINE('',#13050,#13051);
#13050 = CARTESIAN_POINT('',(0.,0.));
#13051 = VECTOR('',#13052,1.);
#13052 = DIRECTION('',(0.,-1.));
#13053 = ( GEOMETRIC_REPRESENTATION_CONTEXT(2) 
PARAMETRIC_REPRESENTATION_CONTEXT() REPRESENTATION_CONTEXT('2D SPACE',''
  ) );
#13054 = PCURVE('',#6580,#13055);
#13055 = DEFINITIONAL_REPRESENTATION('',(#13056),#13060);
#13056 = LINE('',#13057,#13058);
#13057 = CARTESIAN_POINT('',(1.,0.));
#13058 = VECTOR('',#13059,1.);
#13059 = DIRECTION('',(0.,-1.));
#13060 = ( GEOMETRIC_REPRESENTATION_CONTEXT(2) 
PARAMETRIC_REPRESENTATION_CONTEXT() REPRESENTATION_CONTEXT('2D SPACE',''
  ) );
#13061 = ORIENTED_EDGE('',*,*,#6601,.F.);
#13062 = ORIENTED_EDGE('',*,*,#12992,.F.);
#13063 = ADVANCED_FACE('',(#13064),#6580,.F.);
#13064 = FACE_BOUND('',#13065,.F.);
#13065 = EDGE_LOOP('',(#13066,#13089,#13110,#13111));
#13066 = ORIENTED_EDGE('',*,*,#13067,.F.);
#13067 = EDGE_CURVE('',#13068,#13019,#13070,.T.);
#13068 = VERTEX_POINT('',#13069);
#13069 = CARTESIAN_POINT('',(0.369482421875,7.79130859375,94.));
#13070 = SURFACE_CURVE('',#13071,(#13075,#13082),.PCURVE_S1.);
#13071 = B_SPLINE_CURVE_WITH_KNOTS('',2,(#13072,#13073,#13074),
  .UNSPECIFIED.,.F.,.F.,(3,3),(0.,1.),.PIECEWISE_BEZIER_KNOTS.);
#13072 = CARTESIAN_POINT('',(0.369482421875,7.79130859375,94.));
#13073 = CARTESIAN_POINT('',(0.369482421875,8.02041015625,94.));
#13074 = CARTESIAN_POINT('',(0.18193359375,8.138330078125,94.));
#13075 = PCURVE('',#6580,#13076);
#13076 = DEFINITIONAL_REPRESENTATION('',(#13077),#13081);
#13077 = LINE('',#13078,#13079);
#13078 = CARTESIAN_POINT('',(0.,0.));
#13079 = VECTOR('',#13080,1.);
#13080 = DIRECTION('',(1.,0.));
#13081 = ( GEOMETRIC_REPRESENTATION_CONTEXT(2) 
PARAMETRIC_REPRESENTATION_CONTEXT() REPRESENTATION_CONTEXT('2D SPACE',''
  ) );
#13082 = PCURVE('',#12176,#13083);
#13083 = DEFINITIONAL_REPRESENTATION('',(#13084),#13088);
#13084 = B_SPLINE_CURVE_WITH_KNOTS('',2,(#13085,#13086,#13087),
  .UNSPECIFIED.,.F.,.F.,(3,3),(0.,1.),.PIECEWISE_BEZIER_KNOTS.);
#13085 = CARTESIAN_POINT('',(1.96982421875,0.9837890625));
#13086 = CARTESIAN_POINT('',(1.96982421875,1.212890625));
#13087 = CARTESIAN_POINT('',(1.782275390625,1.330810546875));
#13088 = ( GEOMETRIC_REPRESENTATION_CONTEXT(2) 
PARAMETRIC_REPRESENTATION_CONTEXT() REPRESENTATION_CONTEXT('2D SPACE',''
  ) );
#13089 = ORIENTED_EDGE('',*,*,#13090,.T.);
#13090 = EDGE_CURVE('',#13068,#6500,#13091,.T.);
#13091 = SURFACE_CURVE('',#13092,(#13096,#13103),.PCURVE_S1.);
#13092 = LINE('',#13093,#13094);
#13093 = CARTESIAN_POINT('',(0.369482421875,7.79130859375,94.));
#13094 = VECTOR('',#13095,1.);
#13095 = DIRECTION('',(0.,0.,1.));
#13096 = PCURVE('',#6580,#13097);
#13097 = DEFINITIONAL_REPRESENTATION('',(#13098),#13102);
#13098 = LINE('',#13099,#13100);
#13099 = CARTESIAN_POINT('',(0.,0.));
#13100 = VECTOR('',#13101,1.);
#13101 = DIRECTION('',(0.,-1.));
#13102 = ( GEOMETRIC_REPRESENTATION_CONTEXT(2) 
PARAMETRIC_REPRESENTATION_CONTEXT() REPRESENTATION_CONTEXT('2D SPACE',''
  ) );
#13103 = PCURVE('',#6529,#13104);
#13104 = DEFINITIONAL_REPRESENTATION('',(#13105),#13109);
#13105 = LINE('',#13106,#13107);
#13106 = CARTESIAN_POINT('',(1.,0.));
#13107 = VECTOR('',#13108,1.);
#13108 = DIRECTION('',(0.,-1.));
#13109 = ( GEOMETRIC_REPRESENTATION_CONTEXT(2) 
PARAMETRIC_REPRESENTATION_CONTEXT() REPRESENTATION_CONTEXT('2D SPACE',''
  ) );
#13110 = ORIENTED_EDGE('',*,*,#6550,.F.);
#13111 = ORIENTED_EDGE('',*,*,#13041,.F.);
#13112 = ADVANCED_FACE('',(#13113),#6529,.F.);
#13113 = FACE_BOUND('',#13114,.F.);
#13114 = EDGE_LOOP('',(#13115,#13138,#13159,#13160));
#13115 = ORIENTED_EDGE('',*,*,#13116,.F.);
#13116 = EDGE_CURVE('',#13117,#13068,#13119,.T.);
#13117 = VERTEX_POINT('',#13118);
#13118 = CARTESIAN_POINT('',(0.18642578125,7.44990234375,94.));
#13119 = SURFACE_CURVE('',#13120,(#13124,#13131),.PCURVE_S1.);
#13120 = B_SPLINE_CURVE_WITH_KNOTS('',2,(#13121,#13122,#13123),
  .UNSPECIFIED.,.F.,.F.,(3,3),(0.,1.),.PIECEWISE_BEZIER_KNOTS.);
#13121 = CARTESIAN_POINT('',(0.18642578125,7.44990234375,94.));
#13122 = CARTESIAN_POINT('',(0.369482421875,7.5689453125,94.));
#13123 = CARTESIAN_POINT('',(0.369482421875,7.79130859375,94.));
#13124 = PCURVE('',#6529,#13125);
#13125 = DEFINITIONAL_REPRESENTATION('',(#13126),#13130);
#13126 = LINE('',#13127,#13128);
#13127 = CARTESIAN_POINT('',(0.,0.));
#13128 = VECTOR('',#13129,1.);
#13129 = DIRECTION('',(1.,0.));
#13130 = ( GEOMETRIC_REPRESENTATION_CONTEXT(2) 
PARAMETRIC_REPRESENTATION_CONTEXT() REPRESENTATION_CONTEXT('2D SPACE',''
  ) );
#13131 = PCURVE('',#12176,#13132);
#13132 = DEFINITIONAL_REPRESENTATION('',(#13133),#13137);
#13133 = B_SPLINE_CURVE_WITH_KNOTS('',2,(#13134,#13135,#13136),
  .UNSPECIFIED.,.F.,.F.,(3,3),(0.,1.),.PIECEWISE_BEZIER_KNOTS.);
#13134 = CARTESIAN_POINT('',(1.786767578125,0.6423828125));
#13135 = CARTESIAN_POINT('',(1.96982421875,0.76142578125));
#13136 = CARTESIAN_POINT('',(1.96982421875,0.9837890625));
#13137 = ( GEOMETRIC_REPRESENTATION_CONTEXT(2) 
PARAMETRIC_REPRESENTATION_CONTEXT() REPRESENTATION_CONTEXT('2D SPACE',''
  ) );
#13138 = ORIENTED_EDGE('',*,*,#13139,.T.);
#13139 = EDGE_CURVE('',#13117,#6458,#13140,.T.);
#13140 = SURFACE_CURVE('',#13141,(#13145,#13152),.PCURVE_S1.);
#13141 = LINE('',#13142,#13143);
#13142 = CARTESIAN_POINT('',(0.18642578125,7.44990234375,94.));
#13143 = VECTOR('',#13144,1.);
#13144 = DIRECTION('',(0.,0.,1.));
#13145 = PCURVE('',#6529,#13146);
#13146 = DEFINITIONAL_REPRESENTATION('',(#13147),#13151);
#13147 = LINE('',#13148,#13149);
#13148 = CARTESIAN_POINT('',(0.,0.));
#13149 = VECTOR('',#13150,1.);
#13150 = DIRECTION('',(0.,-1.));
#13151 = ( GEOMETRIC_REPRESENTATION_CONTEXT(2) 
PARAMETRIC_REPRESENTATION_CONTEXT() REPRESENTATION_CONTEXT('2D SPACE',''
  ) );
#13152 = PCURVE('',#6481,#13153);
#13153 = DEFINITIONAL_REPRESENTATION('',(#13154),#13158);
#13154 = LINE('',#13155,#13156);
#13155 = CARTESIAN_POINT('',(1.,0.));
#13156 = VECTOR('',#13157,1.);
#13157 = DIRECTION('',(0.,-1.));
#13158 = ( GEOMETRIC_REPRESENTATION_CONTEXT(2) 
PARAMETRIC_REPRESENTATION_CONTEXT() REPRESENTATION_CONTEXT('2D SPACE',''
  ) );
#13159 = ORIENTED_EDGE('',*,*,#6499,.F.);
#13160 = ORIENTED_EDGE('',*,*,#13090,.F.);
#13161 = ADVANCED_FACE('',(#13162),#6481,.F.);
#13162 = FACE_BOUND('',#13163,.F.);
#13163 = EDGE_LOOP('',(#13164,#13187,#13208,#13209));
#13164 = ORIENTED_EDGE('',*,*,#13165,.F.);
#13165 = EDGE_CURVE('',#13166,#13117,#13168,.T.);
#13166 = VERTEX_POINT('',#13167);
#13167 = CARTESIAN_POINT('',(-0.340283203125,7.330859375,94.));
#13168 = SURFACE_CURVE('',#13169,(#13173,#13180),.PCURVE_S1.);
#13169 = B_SPLINE_CURVE_WITH_KNOTS('',2,(#13170,#13171,#13172),
  .UNSPECIFIED.,.F.,.F.,(3,3),(0.,1.),.PIECEWISE_BEZIER_KNOTS.);
#13170 = CARTESIAN_POINT('',(-0.340283203125,7.330859375,94.));
#13171 = CARTESIAN_POINT('',(3.369140625E-03,7.330859375,94.));
#13172 = CARTESIAN_POINT('',(0.18642578125,7.44990234375,94.));
#13173 = PCURVE('',#6481,#13174);
#13174 = DEFINITIONAL_REPRESENTATION('',(#13175),#13179);
#13175 = LINE('',#13176,#13177);
#13176 = CARTESIAN_POINT('',(0.,0.));
#13177 = VECTOR('',#13178,1.);
#13178 = DIRECTION('',(1.,0.));
#13179 = ( GEOMETRIC_REPRESENTATION_CONTEXT(2) 
PARAMETRIC_REPRESENTATION_CONTEXT() REPRESENTATION_CONTEXT('2D SPACE',''
  ) );
#13180 = PCURVE('',#12176,#13181);
#13181 = DEFINITIONAL_REPRESENTATION('',(#13182),#13186);
#13182 = B_SPLINE_CURVE_WITH_KNOTS('',2,(#13183,#13184,#13185),
  .UNSPECIFIED.,.F.,.F.,(3,3),(0.,1.),.PIECEWISE_BEZIER_KNOTS.);
#13183 = CARTESIAN_POINT('',(1.26005859375,0.52333984375));
#13184 = CARTESIAN_POINT('',(1.6037109375,0.52333984375));
#13185 = CARTESIAN_POINT('',(1.786767578125,0.6423828125));
#13186 = ( GEOMETRIC_REPRESENTATION_CONTEXT(2) 
PARAMETRIC_REPRESENTATION_CONTEXT() REPRESENTATION_CONTEXT('2D SPACE',''
  ) );
#13187 = ORIENTED_EDGE('',*,*,#13188,.T.);
#13188 = EDGE_CURVE('',#13166,#6419,#13189,.T.);
#13189 = SURFACE_CURVE('',#13190,(#13194,#13201),.PCURVE_S1.);
#13190 = LINE('',#13191,#13192);
#13191 = CARTESIAN_POINT('',(-0.340283203125,7.330859375,94.));
#13192 = VECTOR('',#13193,1.);
#13193 = DIRECTION('',(0.,0.,1.));
#13194 = PCURVE('',#6481,#13195);
#13195 = DEFINITIONAL_REPRESENTATION('',(#13196),#13200);
#13196 = LINE('',#13197,#13198);
#13197 = CARTESIAN_POINT('',(0.,0.));
#13198 = VECTOR('',#13199,1.);
#13199 = DIRECTION('',(0.,-1.));
#13200 = ( GEOMETRIC_REPRESENTATION_CONTEXT(2) 
PARAMETRIC_REPRESENTATION_CONTEXT() REPRESENTATION_CONTEXT('2D SPACE',''
  ) );
#13201 = PCURVE('',#6440,#13202);
#13202 = DEFINITIONAL_REPRESENTATION('',(#13203),#13207);
#13203 = LINE('',#13204,#13205);
#13204 = CARTESIAN_POINT('',(1.,0.));
#13205 = VECTOR('',#13206,1.);
#13206 = DIRECTION('',(0.,-1.));
#13207 = ( GEOMETRIC_REPRESENTATION_CONTEXT(2) 
PARAMETRIC_REPRESENTATION_CONTEXT() REPRESENTATION_CONTEXT('2D SPACE',''
  ) );
#13208 = ORIENTED_EDGE('',*,*,#6457,.F.);
#13209 = ORIENTED_EDGE('',*,*,#13139,.F.);
#13210 = ADVANCED_FACE('',(#13211),#6440,.F.);
#13211 = FACE_BOUND('',#13212,.F.);
#13212 = EDGE_LOOP('',(#13213,#13236,#13257,#13258));
#13213 = ORIENTED_EDGE('',*,*,#13214,.F.);
#13214 = EDGE_CURVE('',#13215,#13166,#13217,.T.);
#13215 = VERTEX_POINT('',#13216);
#13216 = CARTESIAN_POINT('',(-0.81083984375,7.392626953125,94.));
#13217 = SURFACE_CURVE('',#13218,(#13222,#13229),.PCURVE_S1.);
#13218 = B_SPLINE_CURVE_WITH_KNOTS('',2,(#13219,#13220,#13221),
  .UNSPECIFIED.,.F.,.F.,(3,3),(0.,1.),.PIECEWISE_BEZIER_KNOTS.);
#13219 = CARTESIAN_POINT('',(-0.81083984375,7.392626953125,94.));
#13220 = CARTESIAN_POINT('',(-0.571630859375,7.330859375,94.));
#13221 = CARTESIAN_POINT('',(-0.340283203125,7.330859375,94.));
#13222 = PCURVE('',#6440,#13223);
#13223 = DEFINITIONAL_REPRESENTATION('',(#13224),#13228);
#13224 = LINE('',#13225,#13226);
#13225 = CARTESIAN_POINT('',(0.,0.));
#13226 = VECTOR('',#13227,1.);
#13227 = DIRECTION('',(1.,0.));
#13228 = ( GEOMETRIC_REPRESENTATION_CONTEXT(2) 
PARAMETRIC_REPRESENTATION_CONTEXT() REPRESENTATION_CONTEXT('2D SPACE',''
  ) );
#13229 = PCURVE('',#12176,#13230);
#13230 = DEFINITIONAL_REPRESENTATION('',(#13231),#13235);
#13231 = B_SPLINE_CURVE_WITH_KNOTS('',2,(#13232,#13233,#13234),
  .UNSPECIFIED.,.F.,.F.,(3,3),(0.,1.),.PIECEWISE_BEZIER_KNOTS.);
#13232 = CARTESIAN_POINT('',(0.789501953125,0.585107421875));
#13233 = CARTESIAN_POINT('',(1.0287109375,0.52333984375));
#13234 = CARTESIAN_POINT('',(1.26005859375,0.52333984375));
#13235 = ( GEOMETRIC_REPRESENTATION_CONTEXT(2) 
PARAMETRIC_REPRESENTATION_CONTEXT() REPRESENTATION_CONTEXT('2D SPACE',''
  ) );
#13236 = ORIENTED_EDGE('',*,*,#13237,.T.);
#13237 = EDGE_CURVE('',#13215,#6380,#13238,.T.);
#13238 = SURFACE_CURVE('',#13239,(#13243,#13250),.PCURVE_S1.);
#13239 = LINE('',#13240,#13241);
#13240 = CARTESIAN_POINT('',(-0.81083984375,7.392626953125,94.));
#13241 = VECTOR('',#13242,1.);
#13242 = DIRECTION('',(0.,0.,1.));
#13243 = PCURVE('',#6440,#13244);
#13244 = DEFINITIONAL_REPRESENTATION('',(#13245),#13249);
#13245 = LINE('',#13246,#13247);
#13246 = CARTESIAN_POINT('',(0.,0.));
#13247 = VECTOR('',#13248,1.);
#13248 = DIRECTION('',(0.,-1.));
#13249 = ( GEOMETRIC_REPRESENTATION_CONTEXT(2) 
PARAMETRIC_REPRESENTATION_CONTEXT() REPRESENTATION_CONTEXT('2D SPACE',''
  ) );
#13250 = PCURVE('',#6401,#13251);
#13251 = DEFINITIONAL_REPRESENTATION('',(#13252),#13256);
#13252 = LINE('',#13253,#13254);
#13253 = CARTESIAN_POINT('',(1.,0.));
#13254 = VECTOR('',#13255,1.);
#13255 = DIRECTION('',(0.,-1.));
#13256 = ( GEOMETRIC_REPRESENTATION_CONTEXT(2) 
PARAMETRIC_REPRESENTATION_CONTEXT() REPRESENTATION_CONTEXT('2D SPACE',''
  ) );
#13257 = ORIENTED_EDGE('',*,*,#6418,.F.);
#13258 = ORIENTED_EDGE('',*,*,#13188,.F.);
#13259 = ADVANCED_FACE('',(#13260),#6401,.F.);
#13260 = FACE_BOUND('',#13261,.F.);
#13261 = EDGE_LOOP('',(#13262,#13285,#13306,#13307));
#13262 = ORIENTED_EDGE('',*,*,#13263,.F.);
#13263 = EDGE_CURVE('',#13264,#13215,#13266,.T.);
#13264 = VERTEX_POINT('',#13265);
#13265 = CARTESIAN_POINT('',(-1.292626953125,7.57568359375,94.));
#13266 = SURFACE_CURVE('',#13267,(#13271,#13278),.PCURVE_S1.);
#13267 = B_SPLINE_CURVE_WITH_KNOTS('',2,(#13268,#13269,#13270),
  .UNSPECIFIED.,.F.,.F.,(3,3),(0.,1.),.PIECEWISE_BEZIER_KNOTS.);
#13268 = CARTESIAN_POINT('',(-1.292626953125,7.57568359375,94.));
#13269 = CARTESIAN_POINT('',(-1.050048828125,7.45439453125,94.));
#13270 = CARTESIAN_POINT('',(-0.81083984375,7.392626953125,94.));
#13271 = PCURVE('',#6401,#13272);
#13272 = DEFINITIONAL_REPRESENTATION('',(#13273),#13277);
#13273 = LINE('',#13274,#13275);
#13274 = CARTESIAN_POINT('',(0.,0.));
#13275 = VECTOR('',#13276,1.);
#13276 = DIRECTION('',(1.,0.));
#13277 = ( GEOMETRIC_REPRESENTATION_CONTEXT(2) 
PARAMETRIC_REPRESENTATION_CONTEXT() REPRESENTATION_CONTEXT('2D SPACE',''
  ) );
#13278 = PCURVE('',#12176,#13279);
#13279 = DEFINITIONAL_REPRESENTATION('',(#13280),#13284);
#13280 = B_SPLINE_CURVE_WITH_KNOTS('',2,(#13281,#13282,#13283),
  .UNSPECIFIED.,.F.,.F.,(3,3),(0.,1.),.PIECEWISE_BEZIER_KNOTS.);
#13281 = CARTESIAN_POINT('',(0.30771484375,0.7681640625));
#13282 = CARTESIAN_POINT('',(0.55029296875,0.646875));
#13283 = CARTESIAN_POINT('',(0.789501953125,0.585107421875));
#13284 = ( GEOMETRIC_REPRESENTATION_CONTEXT(2) 
PARAMETRIC_REPRESENTATION_CONTEXT() REPRESENTATION_CONTEXT('2D SPACE',''
  ) );
#13285 = ORIENTED_EDGE('',*,*,#13286,.T.);
#13286 = EDGE_CURVE('',#13264,#6354,#13287,.T.);
#13287 = SURFACE_CURVE('',#13288,(#13292,#13299),.PCURVE_S1.);
#13288 = LINE('',#13289,#13290);
#13289 = CARTESIAN_POINT('',(-1.292626953125,7.57568359375,94.));
#13290 = VECTOR('',#13291,1.);
#13291 = DIRECTION('',(0.,0.,1.));
#13292 = PCURVE('',#6401,#13293);
#13293 = DEFINITIONAL_REPRESENTATION('',(#13294),#13298);
#13294 = LINE('',#13295,#13296);
#13295 = CARTESIAN_POINT('',(0.,0.));
#13296 = VECTOR('',#13297,1.);
#13297 = DIRECTION('',(0.,-1.));
#13298 = ( GEOMETRIC_REPRESENTATION_CONTEXT(2) 
PARAMETRIC_REPRESENTATION_CONTEXT() REPRESENTATION_CONTEXT('2D SPACE',''
  ) );
#13299 = PCURVE('',#6368,#13300);
#13300 = DEFINITIONAL_REPRESENTATION('',(#13301),#13305);
#13301 = LINE('',#13302,#13303);
#13302 = CARTESIAN_POINT('',(0.66708984375,0.));
#13303 = VECTOR('',#13304,1.);
#13304 = DIRECTION('',(0.,-1.));
#13305 = ( GEOMETRIC_REPRESENTATION_CONTEXT(2) 
PARAMETRIC_REPRESENTATION_CONTEXT() REPRESENTATION_CONTEXT('2D SPACE',''
  ) );
#13306 = ORIENTED_EDGE('',*,*,#6379,.F.);
#13307 = ORIENTED_EDGE('',*,*,#13237,.F.);
#13308 = ADVANCED_FACE('',(#13309),#6368,.F.);
#13309 = FACE_BOUND('',#13310,.F.);
#13310 = EDGE_LOOP('',(#13311,#13334,#13355,#13356));
#13311 = ORIENTED_EDGE('',*,*,#13312,.F.);
#13312 = EDGE_CURVE('',#13313,#13264,#13315,.T.);
#13313 = VERTEX_POINT('',#13314);
#13314 = CARTESIAN_POINT('',(-1.292626953125,6.90859375,94.));
#13315 = SURFACE_CURVE('',#13316,(#13320,#13327),.PCURVE_S1.);
#13316 = LINE('',#13317,#13318);
#13317 = CARTESIAN_POINT('',(-1.292626953125,6.90859375,94.));
#13318 = VECTOR('',#13319,1.);
#13319 = DIRECTION('',(0.,1.,0.));
#13320 = PCURVE('',#6368,#13321);
#13321 = DEFINITIONAL_REPRESENTATION('',(#13322),#13326);
#13322 = LINE('',#13323,#13324);
#13323 = CARTESIAN_POINT('',(0.,0.));
#13324 = VECTOR('',#13325,1.);
#13325 = DIRECTION('',(1.,0.));
#13326 = ( GEOMETRIC_REPRESENTATION_CONTEXT(2) 
PARAMETRIC_REPRESENTATION_CONTEXT() REPRESENTATION_CONTEXT('2D SPACE',''
  ) );
#13327 = PCURVE('',#12176,#13328);
#13328 = DEFINITIONAL_REPRESENTATION('',(#13329),#13333);
#13329 = LINE('',#13330,#13331);
#13330 = CARTESIAN_POINT('',(0.30771484375,0.10107421875));
#13331 = VECTOR('',#13332,1.);
#13332 = DIRECTION('',(0.,1.));
#13333 = ( GEOMETRIC_REPRESENTATION_CONTEXT(2) 
PARAMETRIC_REPRESENTATION_CONTEXT() REPRESENTATION_CONTEXT('2D SPACE',''
  ) );
#13334 = ORIENTED_EDGE('',*,*,#13335,.T.);
#13335 = EDGE_CURVE('',#13313,#6318,#13336,.T.);
#13336 = SURFACE_CURVE('',#13337,(#13341,#13348),.PCURVE_S1.);
#13337 = LINE('',#13338,#13339);
#13338 = CARTESIAN_POINT('',(-1.292626953125,6.90859375,94.));
#13339 = VECTOR('',#13340,1.);
#13340 = DIRECTION('',(0.,0.,1.));
#13341 = PCURVE('',#6368,#13342);
#13342 = DEFINITIONAL_REPRESENTATION('',(#13343),#13347);
#13343 = LINE('',#13344,#13345);
#13344 = CARTESIAN_POINT('',(0.,0.));
#13345 = VECTOR('',#13346,1.);
#13346 = DIRECTION('',(0.,-1.));
#13347 = ( GEOMETRIC_REPRESENTATION_CONTEXT(2) 
PARAMETRIC_REPRESENTATION_CONTEXT() REPRESENTATION_CONTEXT('2D SPACE',''
  ) );
#13348 = PCURVE('',#6337,#13349);
#13349 = DEFINITIONAL_REPRESENTATION('',(#13350),#13354);
#13350 = LINE('',#13351,#13352);
#13351 = CARTESIAN_POINT('',(1.,0.));
#13352 = VECTOR('',#13353,1.);
#13353 = DIRECTION('',(0.,-1.));
#13354 = ( GEOMETRIC_REPRESENTATION_CONTEXT(2) 
PARAMETRIC_REPRESENTATION_CONTEXT() REPRESENTATION_CONTEXT('2D SPACE',''
  ) );
#13355 = ORIENTED_EDGE('',*,*,#6353,.F.);
#13356 = ORIENTED_EDGE('',*,*,#13286,.F.);
#13357 = ADVANCED_FACE('',(#13358),#6337,.F.);
#13358 = FACE_BOUND('',#13359,.F.);
#13359 = EDGE_LOOP('',(#13360,#13383,#13404,#13405));
#13360 = ORIENTED_EDGE('',*,*,#13361,.F.);
#13361 = EDGE_CURVE('',#13362,#13313,#13364,.T.);
#13362 = VERTEX_POINT('',#13363);
#13363 = CARTESIAN_POINT('',(-0.77939453125,6.783935546875,94.));
#13364 = SURFACE_CURVE('',#13365,(#13369,#13376),.PCURVE_S1.);
#13365 = B_SPLINE_CURVE_WITH_KNOTS('',2,(#13366,#13367,#13368),
  .UNSPECIFIED.,.F.,.F.,(3,3),(0.,1.),.PIECEWISE_BEZIER_KNOTS.);
#13366 = CARTESIAN_POINT('',(-0.77939453125,6.783935546875,94.));
#13367 = CARTESIAN_POINT('',(-1.038818359375,6.82548828125,94.));
#13368 = CARTESIAN_POINT('',(-1.292626953125,6.90859375,94.));
#13369 = PCURVE('',#6337,#13370);
#13370 = DEFINITIONAL_REPRESENTATION('',(#13371),#13375);
#13371 = LINE('',#13372,#13373);
#13372 = CARTESIAN_POINT('',(0.,0.));
#13373 = VECTOR('',#13374,1.);
#13374 = DIRECTION('',(1.,0.));
#13375 = ( GEOMETRIC_REPRESENTATION_CONTEXT(2) 
PARAMETRIC_REPRESENTATION_CONTEXT() REPRESENTATION_CONTEXT('2D SPACE',''
  ) );
#13376 = PCURVE('',#12176,#13377);
#13377 = DEFINITIONAL_REPRESENTATION('',(#13378),#13382);
#13378 = B_SPLINE_CURVE_WITH_KNOTS('',2,(#13379,#13380,#13381),
  .UNSPECIFIED.,.F.,.F.,(3,3),(0.,1.),.PIECEWISE_BEZIER_KNOTS.);
#13379 = CARTESIAN_POINT('',(0.820947265625,-2.3583984375E-02));
#13380 = CARTESIAN_POINT('',(0.5615234375,1.796875E-02));
#13381 = CARTESIAN_POINT('',(0.30771484375,0.10107421875));
#13382 = ( GEOMETRIC_REPRESENTATION_CONTEXT(2) 
PARAMETRIC_REPRESENTATION_CONTEXT() REPRESENTATION_CONTEXT('2D SPACE',''
  ) );
#13383 = ORIENTED_EDGE('',*,*,#13384,.T.);
#13384 = EDGE_CURVE('',#13362,#6282,#13385,.T.);
#13385 = SURFACE_CURVE('',#13386,(#13390,#13397),.PCURVE_S1.);
#13386 = LINE('',#13387,#13388);
#13387 = CARTESIAN_POINT('',(-0.77939453125,6.783935546875,94.));
#13388 = VECTOR('',#13389,1.);
#13389 = DIRECTION('',(0.,0.,1.));
#13390 = PCURVE('',#6337,#13391);
#13391 = DEFINITIONAL_REPRESENTATION('',(#13392),#13396);
#13392 = LINE('',#13393,#13394);
#13393 = CARTESIAN_POINT('',(0.,0.));
#13394 = VECTOR('',#13395,1.);
#13395 = DIRECTION('',(0.,-1.));
#13396 = ( GEOMETRIC_REPRESENTATION_CONTEXT(2) 
PARAMETRIC_REPRESENTATION_CONTEXT() REPRESENTATION_CONTEXT('2D SPACE',''
  ) );
#13397 = PCURVE('',#6301,#13398);
#13398 = DEFINITIONAL_REPRESENTATION('',(#13399),#13403);
#13399 = LINE('',#13400,#13401);
#13400 = CARTESIAN_POINT('',(1.,0.));
#13401 = VECTOR('',#13402,1.);
#13402 = DIRECTION('',(0.,-1.));
#13403 = ( GEOMETRIC_REPRESENTATION_CONTEXT(2) 
PARAMETRIC_REPRESENTATION_CONTEXT() REPRESENTATION_CONTEXT('2D SPACE',''
  ) );
#13404 = ORIENTED_EDGE('',*,*,#6317,.F.);
#13405 = ORIENTED_EDGE('',*,*,#13335,.F.);
#13406 = ADVANCED_FACE('',(#13407),#6301,.F.);
#13407 = FACE_BOUND('',#13408,.F.);
#13408 = EDGE_LOOP('',(#13409,#13432,#13453,#13454));
#13409 = ORIENTED_EDGE('',*,*,#13410,.F.);
#13410 = EDGE_CURVE('',#13411,#13362,#13413,.T.);
#13411 = VERTEX_POINT('',#13412);
#13412 = CARTESIAN_POINT('',(-0.261669921875,6.7423828125,94.));
#13413 = SURFACE_CURVE('',#13414,(#13418,#13425),.PCURVE_S1.);
#13414 = B_SPLINE_CURVE_WITH_KNOTS('',2,(#13415,#13416,#13417),
  .UNSPECIFIED.,.F.,.F.,(3,3),(0.,1.),.PIECEWISE_BEZIER_KNOTS.);
#13415 = CARTESIAN_POINT('',(-0.261669921875,6.7423828125,94.));
#13416 = CARTESIAN_POINT('',(-0.519970703125,6.7423828125,94.));
#13417 = CARTESIAN_POINT('',(-0.77939453125,6.783935546875,94.));
#13418 = PCURVE('',#6301,#13419);
#13419 = DEFINITIONAL_REPRESENTATION('',(#13420),#13424);
#13420 = LINE('',#13421,#13422);
#13421 = CARTESIAN_POINT('',(0.,0.));
#13422 = VECTOR('',#13423,1.);
#13423 = DIRECTION('',(1.,0.));
#13424 = ( GEOMETRIC_REPRESENTATION_CONTEXT(2) 
PARAMETRIC_REPRESENTATION_CONTEXT() REPRESENTATION_CONTEXT('2D SPACE',''
  ) );
#13425 = PCURVE('',#12176,#13426);
#13426 = DEFINITIONAL_REPRESENTATION('',(#13427),#13431);
#13427 = B_SPLINE_CURVE_WITH_KNOTS('',2,(#13428,#13429,#13430),
  .UNSPECIFIED.,.F.,.F.,(3,3),(0.,1.),.PIECEWISE_BEZIER_KNOTS.);
#13428 = CARTESIAN_POINT('',(1.338671875,-6.513671875E-02));
#13429 = CARTESIAN_POINT('',(1.08037109375,-6.513671875E-02));
#13430 = CARTESIAN_POINT('',(0.820947265625,-2.3583984375E-02));
#13431 = ( GEOMETRIC_REPRESENTATION_CONTEXT(2) 
PARAMETRIC_REPRESENTATION_CONTEXT() REPRESENTATION_CONTEXT('2D SPACE',''
  ) );
#13432 = ORIENTED_EDGE('',*,*,#13433,.T.);
#13433 = EDGE_CURVE('',#13411,#6225,#13434,.T.);
#13434 = SURFACE_CURVE('',#13435,(#13439,#13446),.PCURVE_S1.);
#13435 = LINE('',#13436,#13437);
#13436 = CARTESIAN_POINT('',(-0.261669921875,6.7423828125,94.));
#13437 = VECTOR('',#13438,1.);
#13438 = DIRECTION('',(0.,0.,1.));
#13439 = PCURVE('',#6301,#13440);
#13440 = DEFINITIONAL_REPRESENTATION('',(#13441),#13445);
#13441 = LINE('',#13442,#13443);
#13442 = CARTESIAN_POINT('',(0.,0.));
#13443 = VECTOR('',#13444,1.);
#13444 = DIRECTION('',(0.,-1.));
#13445 = ( GEOMETRIC_REPRESENTATION_CONTEXT(2) 
PARAMETRIC_REPRESENTATION_CONTEXT() REPRESENTATION_CONTEXT('2D SPACE',''
  ) );
#13446 = PCURVE('',#6258,#13447);
#13447 = DEFINITIONAL_REPRESENTATION('',(#13448),#13452);
#13448 = LINE('',#13449,#13450);
#13449 = CARTESIAN_POINT('',(1.,0.));
#13450 = VECTOR('',#13451,1.);
#13451 = DIRECTION('',(0.,-1.));
#13452 = ( GEOMETRIC_REPRESENTATION_CONTEXT(2) 
PARAMETRIC_REPRESENTATION_CONTEXT() REPRESENTATION_CONTEXT('2D SPACE',''
  ) );
#13453 = ORIENTED_EDGE('',*,*,#6281,.F.);
#13454 = ORIENTED_EDGE('',*,*,#13384,.F.);
#13455 = ADVANCED_FACE('',(#13456),#6258,.F.);
#13456 = FACE_BOUND('',#13457,.F.);
#13457 = EDGE_LOOP('',(#13458,#13481,#13502,#13503));
#13458 = ORIENTED_EDGE('',*,*,#13459,.F.);
#13459 = EDGE_CURVE('',#13460,#13411,#13462,.T.);
#13460 = VERTEX_POINT('',#13461);
#13461 = CARTESIAN_POINT('',(0.852392578125,7.001806640625,94.));
#13462 = SURFACE_CURVE('',#13463,(#13467,#13474),.PCURVE_S1.);
#13463 = B_SPLINE_CURVE_WITH_KNOTS('',2,(#13464,#13465,#13466),
  .UNSPECIFIED.,.F.,.F.,(3,3),(0.,1.),.PIECEWISE_BEZIER_KNOTS.);
#13464 = CARTESIAN_POINT('',(0.852392578125,7.001806640625,94.));
#13465 = CARTESIAN_POINT('',(0.470556640625,6.7423828125,94.));
#13466 = CARTESIAN_POINT('',(-0.261669921875,6.7423828125,94.));
#13467 = PCURVE('',#6258,#13468);
#13468 = DEFINITIONAL_REPRESENTATION('',(#13469),#13473);
#13469 = LINE('',#13470,#13471);
#13470 = CARTESIAN_POINT('',(0.,0.));
#13471 = VECTOR('',#13472,1.);
#13472 = DIRECTION('',(1.,0.));
#13473 = ( GEOMETRIC_REPRESENTATION_CONTEXT(2) 
PARAMETRIC_REPRESENTATION_CONTEXT() REPRESENTATION_CONTEXT('2D SPACE',''
  ) );
#13474 = PCURVE('',#12176,#13475);
#13475 = DEFINITIONAL_REPRESENTATION('',(#13476),#13480);
#13476 = B_SPLINE_CURVE_WITH_KNOTS('',2,(#13477,#13478,#13479),
  .UNSPECIFIED.,.F.,.F.,(3,3),(0.,1.),.PIECEWISE_BEZIER_KNOTS.);
#13477 = CARTESIAN_POINT('',(2.452734375,0.194287109375));
#13478 = CARTESIAN_POINT('',(2.0708984375,-6.513671875E-02));
#13479 = CARTESIAN_POINT('',(1.338671875,-6.513671875E-02));
#13480 = ( GEOMETRIC_REPRESENTATION_CONTEXT(2) 
PARAMETRIC_REPRESENTATION_CONTEXT() REPRESENTATION_CONTEXT('2D SPACE',''
  ) );
#13481 = ORIENTED_EDGE('',*,*,#13482,.T.);
#13482 = EDGE_CURVE('',#13460,#6162,#13483,.T.);
#13483 = SURFACE_CURVE('',#13484,(#13488,#13495),.PCURVE_S1.);
#13484 = LINE('',#13485,#13486);
#13485 = CARTESIAN_POINT('',(0.852392578125,7.001806640625,94.));
#13486 = VECTOR('',#13487,1.);
#13487 = DIRECTION('',(0.,0.,1.));
#13488 = PCURVE('',#6258,#13489);
#13489 = DEFINITIONAL_REPRESENTATION('',(#13490),#13494);
#13490 = LINE('',#13491,#13492);
#13491 = CARTESIAN_POINT('',(0.,0.));
#13492 = VECTOR('',#13493,1.);
#13493 = DIRECTION('',(0.,-1.));
#13494 = ( GEOMETRIC_REPRESENTATION_CONTEXT(2) 
PARAMETRIC_REPRESENTATION_CONTEXT() REPRESENTATION_CONTEXT('2D SPACE',''
  ) );
#13495 = PCURVE('',#6199,#13496);
#13496 = DEFINITIONAL_REPRESENTATION('',(#13497),#13501);
#13497 = LINE('',#13498,#13499);
#13498 = CARTESIAN_POINT('',(1.,0.));
#13499 = VECTOR('',#13500,1.);
#13500 = DIRECTION('',(0.,-1.));
#13501 = ( GEOMETRIC_REPRESENTATION_CONTEXT(2) 
PARAMETRIC_REPRESENTATION_CONTEXT() REPRESENTATION_CONTEXT('2D SPACE',''
  ) );
#13502 = ORIENTED_EDGE('',*,*,#6224,.F.);
#13503 = ORIENTED_EDGE('',*,*,#13433,.F.);
#13504 = ADVANCED_FACE('',(#13505),#6199,.F.);
#13505 = FACE_BOUND('',#13506,.F.);
#13506 = EDGE_LOOP('',(#13507,#13530,#13551,#13552));
#13507 = ORIENTED_EDGE('',*,*,#13508,.F.);
#13508 = EDGE_CURVE('',#13509,#13460,#13511,.T.);
#13509 = VERTEX_POINT('',#13510);
#13510 = CARTESIAN_POINT('',(1.234228515625,7.75986328125,94.));
#13511 = SURFACE_CURVE('',#13512,(#13516,#13523),.PCURVE_S1.);
#13512 = B_SPLINE_CURVE_WITH_KNOTS('',2,(#13513,#13514,#13515),
  .UNSPECIFIED.,.F.,.F.,(3,3),(0.,1.),.PIECEWISE_BEZIER_KNOTS.);
#13513 = CARTESIAN_POINT('',(1.234228515625,7.75986328125,94.));
#13514 = CARTESIAN_POINT('',(1.234228515625,7.26123046875,94.));
#13515 = CARTESIAN_POINT('',(0.852392578125,7.001806640625,94.));
#13516 = PCURVE('',#6199,#13517);
#13517 = DEFINITIONAL_REPRESENTATION('',(#13518),#13522);
#13518 = LINE('',#13519,#13520);
#13519 = CARTESIAN_POINT('',(0.,0.));
#13520 = VECTOR('',#13521,1.);
#13521 = DIRECTION('',(1.,0.));
#13522 = ( GEOMETRIC_REPRESENTATION_CONTEXT(2) 
PARAMETRIC_REPRESENTATION_CONTEXT() REPRESENTATION_CONTEXT('2D SPACE',''
  ) );
#13523 = PCURVE('',#12176,#13524);
#13524 = DEFINITIONAL_REPRESENTATION('',(#13525),#13529);
#13525 = B_SPLINE_CURVE_WITH_KNOTS('',2,(#13526,#13527,#13528),
  .UNSPECIFIED.,.F.,.F.,(3,3),(0.,1.),.PIECEWISE_BEZIER_KNOTS.);
#13526 = CARTESIAN_POINT('',(2.8345703125,0.95234375));
#13527 = CARTESIAN_POINT('',(2.8345703125,0.4537109375));
#13528 = CARTESIAN_POINT('',(2.452734375,0.194287109375));
#13529 = ( GEOMETRIC_REPRESENTATION_CONTEXT(2) 
PARAMETRIC_REPRESENTATION_CONTEXT() REPRESENTATION_CONTEXT('2D SPACE',''
  ) );
#13530 = ORIENTED_EDGE('',*,*,#13531,.T.);
#13531 = EDGE_CURVE('',#13509,#6111,#13532,.T.);
#13532 = SURFACE_CURVE('',#13533,(#13537,#13544),.PCURVE_S1.);
#13533 = LINE('',#13534,#13535);
#13534 = CARTESIAN_POINT('',(1.234228515625,7.75986328125,94.));
#13535 = VECTOR('',#13536,1.);
#13536 = DIRECTION('',(0.,0.,1.));
#13537 = PCURVE('',#6199,#13538);
#13538 = DEFINITIONAL_REPRESENTATION('',(#13539),#13543);
#13539 = LINE('',#13540,#13541);
#13540 = CARTESIAN_POINT('',(0.,0.));
#13541 = VECTOR('',#13542,1.);
#13542 = DIRECTION('',(0.,-1.));
#13543 = ( GEOMETRIC_REPRESENTATION_CONTEXT(2) 
PARAMETRIC_REPRESENTATION_CONTEXT() REPRESENTATION_CONTEXT('2D SPACE',''
  ) );
#13544 = PCURVE('',#6140,#13545);
#13545 = DEFINITIONAL_REPRESENTATION('',(#13546),#13550);
#13546 = LINE('',#13547,#13548);
#13547 = CARTESIAN_POINT('',(1.,0.));
#13548 = VECTOR('',#13549,1.);
#13549 = DIRECTION('',(0.,-1.));
#13550 = ( GEOMETRIC_REPRESENTATION_CONTEXT(2) 
PARAMETRIC_REPRESENTATION_CONTEXT() REPRESENTATION_CONTEXT('2D SPACE',''
  ) );
#13551 = ORIENTED_EDGE('',*,*,#6161,.F.);
#13552 = ORIENTED_EDGE('',*,*,#13482,.F.);
#13553 = ADVANCED_FACE('',(#13554),#6140,.F.);
#13554 = FACE_BOUND('',#13555,.F.);
#13555 = EDGE_LOOP('',(#13556,#13577,#13578,#13579));
#13556 = ORIENTED_EDGE('',*,*,#13557,.F.);
#13557 = EDGE_CURVE('',#12161,#13509,#13558,.T.);
#13558 = SURFACE_CURVE('',#13559,(#13563,#13570),.PCURVE_S1.);
#13559 = B_SPLINE_CURVE_WITH_KNOTS('',2,(#13560,#13561,#13562),
  .UNSPECIFIED.,.F.,.F.,(3,3),(0.,1.),.PIECEWISE_BEZIER_KNOTS.);
#13560 = CARTESIAN_POINT('',(1.05791015625,8.311279296875,94.));
#13561 = CARTESIAN_POINT('',(1.234228515625,8.09453125,94.));
#13562 = CARTESIAN_POINT('',(1.234228515625,7.75986328125,94.));
#13563 = PCURVE('',#6140,#13564);
#13564 = DEFINITIONAL_REPRESENTATION('',(#13565),#13569);
#13565 = LINE('',#13566,#13567);
#13566 = CARTESIAN_POINT('',(0.,0.));
#13567 = VECTOR('',#13568,1.);
#13568 = DIRECTION('',(1.,0.));
#13569 = ( GEOMETRIC_REPRESENTATION_CONTEXT(2) 
PARAMETRIC_REPRESENTATION_CONTEXT() REPRESENTATION_CONTEXT('2D SPACE',''
  ) );
#13570 = PCURVE('',#12176,#13571);
#13571 = DEFINITIONAL_REPRESENTATION('',(#13572),#13576);
#13572 = B_SPLINE_CURVE_WITH_KNOTS('',2,(#13573,#13574,#13575),
  .UNSPECIFIED.,.F.,.F.,(3,3),(0.,1.),.PIECEWISE_BEZIER_KNOTS.);
#13573 = CARTESIAN_POINT('',(2.658251953125,1.503759765625));
#13574 = CARTESIAN_POINT('',(2.8345703125,1.28701171875));
#13575 = CARTESIAN_POINT('',(2.8345703125,0.95234375));
#13576 = ( GEOMETRIC_REPRESENTATION_CONTEXT(2) 
PARAMETRIC_REPRESENTATION_CONTEXT() REPRESENTATION_CONTEXT('2D SPACE',''
  ) );
#13577 = ORIENTED_EDGE('',*,*,#12210,.T.);
#13578 = ORIENTED_EDGE('',*,*,#6110,.F.);
#13579 = ORIENTED_EDGE('',*,*,#13531,.F.);
#13580 = ADVANCED_FACE('',(#13581),#7303,.T.);
#13581 = FACE_BOUND('',#13582,.F.);
#13582 = EDGE_LOOP('',(#13583,#13584,#13585,#13586,#13587,#13588,#13589,
    #13590,#13591,#13592,#13593,#13594,#13595,#13596,#13597,#13598,
    #13599,#13600,#13601,#13602,#13603,#13604));
#13583 = ORIENTED_EDGE('',*,*,#9687,.T.);
#13584 = ORIENTED_EDGE('',*,*,#7362,.T.);
#13585 = ORIENTED_EDGE('',*,*,#7285,.T.);
#13586 = ORIENTED_EDGE('',*,*,#10618,.T.);
#13587 = ORIENTED_EDGE('',*,*,#10569,.T.);
#13588 = ORIENTED_EDGE('',*,*,#10520,.T.);
#13589 = ORIENTED_EDGE('',*,*,#10471,.T.);
#13590 = ORIENTED_EDGE('',*,*,#10422,.T.);
#13591 = ORIENTED_EDGE('',*,*,#10373,.T.);
#13592 = ORIENTED_EDGE('',*,*,#10324,.T.);
#13593 = ORIENTED_EDGE('',*,*,#10275,.T.);
#13594 = ORIENTED_EDGE('',*,*,#10226,.T.);
#13595 = ORIENTED_EDGE('',*,*,#10177,.T.);
#13596 = ORIENTED_EDGE('',*,*,#10128,.T.);
#13597 = ORIENTED_EDGE('',*,*,#10079,.T.);
#13598 = ORIENTED_EDGE('',*,*,#10030,.T.);
#13599 = ORIENTED_EDGE('',*,*,#9981,.T.);
#13600 = ORIENTED_EDGE('',*,*,#9932,.T.);
#13601 = ORIENTED_EDGE('',*,*,#9883,.T.);
#13602 = ORIENTED_EDGE('',*,*,#9834,.T.);
#13603 = ORIENTED_EDGE('',*,*,#9785,.T.);
#13604 = ORIENTED_EDGE('',*,*,#9736,.T.);
#13605 = ADVANCED_FACE('',(#13606),#7430,.T.);
#13606 = FACE_BOUND('',#13607,.F.);
#13607 = EDGE_LOOP('',(#13608,#13609,#13610,#13611,#13612,#13613,#13614,
    #13615,#13616,#13617,#13618));
#13608 = ORIENTED_EDGE('',*,*,#9415,.T.);
#13609 = ORIENTED_EDGE('',*,*,#9366,.T.);
#13610 = ORIENTED_EDGE('',*,*,#9317,.T.);
#13611 = ORIENTED_EDGE('',*,*,#9268,.T.);
#13612 = ORIENTED_EDGE('',*,*,#7489,.T.);
#13613 = ORIENTED_EDGE('',*,*,#7412,.T.);
#13614 = ORIENTED_EDGE('',*,*,#9660,.T.);
#13615 = ORIENTED_EDGE('',*,*,#9611,.T.);
#13616 = ORIENTED_EDGE('',*,*,#9562,.T.);
#13617 = ORIENTED_EDGE('',*,*,#9513,.T.);
#13618 = ORIENTED_EDGE('',*,*,#9464,.T.);
#13619 = ADVANCED_FACE('',(#13620),#7557,.T.);
#13620 = FACE_BOUND('',#13621,.F.);
#13621 = EDGE_LOOP('',(#13622,#13623,#13624,#13625,#13626,#13627,#13628,
    #13629,#13630,#13631,#13632,#13633,#13634,#13635,#13636,#13637,
    #13638,#13639,#13640));
#13622 = ORIENTED_EDGE('',*,*,#8555,.T.);
#13623 = ORIENTED_EDGE('',*,*,#8506,.T.);
#13624 = ORIENTED_EDGE('',*,*,#8457,.T.);
#13625 = ORIENTED_EDGE('',*,*,#7616,.T.);
#13626 = ORIENTED_EDGE('',*,*,#7539,.T.);
#13627 = ORIENTED_EDGE('',*,*,#9241,.T.);
#13628 = ORIENTED_EDGE('',*,*,#9192,.T.);
#13629 = ORIENTED_EDGE('',*,*,#9143,.T.);
#13630 = ORIENTED_EDGE('',*,*,#9094,.T.);
#13631 = ORIENTED_EDGE('',*,*,#9045,.T.);
#13632 = ORIENTED_EDGE('',*,*,#8996,.T.);
#13633 = ORIENTED_EDGE('',*,*,#8947,.T.);
#13634 = ORIENTED_EDGE('',*,*,#8898,.T.);
#13635 = ORIENTED_EDGE('',*,*,#8849,.T.);
#13636 = ORIENTED_EDGE('',*,*,#8800,.T.);
#13637 = ORIENTED_EDGE('',*,*,#8751,.T.);
#13638 = ORIENTED_EDGE('',*,*,#8702,.T.);
#13639 = ORIENTED_EDGE('',*,*,#8653,.T.);
#13640 = ORIENTED_EDGE('',*,*,#8604,.T.);
#13641 = ADVANCED_FACE('',(#13642,#13660),#7684,.T.);
#13642 = FACE_BOUND('',#13643,.F.);
#13643 = EDGE_LOOP('',(#13644,#13645,#13646,#13647,#13648,#13649,#13650,
    #13651,#13652,#13653,#13654,#13655,#13656,#13657,#13658,#13659));
#13644 = ORIENTED_EDGE('',*,*,#8332,.T.);
#13645 = ORIENTED_EDGE('',*,*,#8283,.T.);
#13646 = ORIENTED_EDGE('',*,*,#8234,.T.);
#13647 = ORIENTED_EDGE('',*,*,#8185,.T.);
#13648 = ORIENTED_EDGE('',*,*,#8136,.T.);
#13649 = ORIENTED_EDGE('',*,*,#8087,.T.);
#13650 = ORIENTED_EDGE('',*,*,#8038,.T.);
#13651 = ORIENTED_EDGE('',*,*,#7989,.T.);
#13652 = ORIENTED_EDGE('',*,*,#7940,.T.);
#13653 = ORIENTED_EDGE('',*,*,#7891,.T.);
#13654 = ORIENTED_EDGE('',*,*,#7842,.T.);
#13655 = ORIENTED_EDGE('',*,*,#7792,.T.);
#13656 = ORIENTED_EDGE('',*,*,#7743,.T.);
#13657 = ORIENTED_EDGE('',*,*,#7666,.T.);
#13658 = ORIENTED_EDGE('',*,*,#8430,.T.);
#13659 = ORIENTED_EDGE('',*,*,#8381,.T.);
#13660 = FACE_BOUND('',#13661,.F.);
#13661 = EDGE_LOOP('',(#13662,#13692,#13722,#13752,#13782,#13812,#13840)
  );
#13662 = ORIENTED_EDGE('',*,*,#13663,.T.);
#13663 = EDGE_CURVE('',#13664,#13666,#13668,.T.);
#13664 = VERTEX_POINT('',#13665);
#13665 = CARTESIAN_POINT('',(6.315966796875,-8.1259765625,94.));
#13666 = VERTEX_POINT('',#13667);
#13667 = CARTESIAN_POINT('',(6.679833984375,-8.1259765625,94.));
#13668 = SURFACE_CURVE('',#13669,(#13673,#13680),.PCURVE_S1.);
#13669 = LINE('',#13670,#13671);
#13670 = CARTESIAN_POINT('',(6.315966796875,-8.1259765625,94.));
#13671 = VECTOR('',#13672,1.);
#13672 = DIRECTION('',(1.,0.,0.));
#13673 = PCURVE('',#7684,#13674);
#13674 = DEFINITIONAL_REPRESENTATION('',(#13675),#13679);
#13675 = LINE('',#13676,#13677);
#13676 = CARTESIAN_POINT('',(1.28701171875,1.86650390625));
#13677 = VECTOR('',#13678,1.);
#13678 = DIRECTION('',(1.,0.));
#13679 = ( GEOMETRIC_REPRESENTATION_CONTEXT(2) 
PARAMETRIC_REPRESENTATION_CONTEXT() REPRESENTATION_CONTEXT('2D SPACE',''
  ) );
#13680 = PCURVE('',#13681,#13686);
#13681 = PLANE('',#13682);
#13682 = AXIS2_PLACEMENT_3D('',#13683,#13684,#13685);
#13683 = CARTESIAN_POINT('',(6.315966796875,-8.1259765625,94.));
#13684 = DIRECTION('',(0.,1.,0.));
#13685 = DIRECTION('',(1.,0.,0.));
#13686 = DEFINITIONAL_REPRESENTATION('',(#13687),#13691);
#13687 = LINE('',#13688,#13689);
#13688 = CARTESIAN_POINT('',(0.,0.));
#13689 = VECTOR('',#13690,1.);
#13690 = DIRECTION('',(1.,0.));
#13691 = ( GEOMETRIC_REPRESENTATION_CONTEXT(2) 
PARAMETRIC_REPRESENTATION_CONTEXT() REPRESENTATION_CONTEXT('2D SPACE',''
  ) );
#13692 = ORIENTED_EDGE('',*,*,#13693,.T.);
#13693 = EDGE_CURVE('',#13666,#13694,#13696,.T.);
#13694 = VERTEX_POINT('',#13695);
#13695 = CARTESIAN_POINT('',(7.06953125,-8.02490234375,94.));
#13696 = SURFACE_CURVE('',#13697,(#13701,#13708),.PCURVE_S1.);
#13697 = B_SPLINE_CURVE_WITH_KNOTS('',2,(#13698,#13699,#13700),
  .UNSPECIFIED.,.F.,.F.,(3,3),(0.,1.),.PIECEWISE_BEZIER_KNOTS.);
#13698 = CARTESIAN_POINT('',(6.679833984375,-8.1259765625,94.));
#13699 = CARTESIAN_POINT('',(6.951611328125,-8.1259765625,94.));
#13700 = CARTESIAN_POINT('',(7.06953125,-8.02490234375,94.));
#13701 = PCURVE('',#7684,#13702);
#13702 = DEFINITIONAL_REPRESENTATION('',(#13703),#13707);
#13703 = B_SPLINE_CURVE_WITH_KNOTS('',2,(#13704,#13705,#13706),
  .UNSPECIFIED.,.F.,.F.,(3,3),(0.,1.),.PIECEWISE_BEZIER_KNOTS.);
#13704 = CARTESIAN_POINT('',(1.65087890625,1.86650390625));
#13705 = CARTESIAN_POINT('',(1.92265625,1.86650390625));
#13706 = CARTESIAN_POINT('',(2.040576171875,1.967578125));
#13707 = ( GEOMETRIC_REPRESENTATION_CONTEXT(2) 
PARAMETRIC_REPRESENTATION_CONTEXT() REPRESENTATION_CONTEXT('2D SPACE',''
  ) );
#13708 = PCURVE('',#13709,#13716);
#13709 = SURFACE_OF_LINEAR_EXTRUSION('',#13710,#13714);
#13710 = B_SPLINE_CURVE_WITH_KNOTS('',2,(#13711,#13712,#13713),
  .UNSPECIFIED.,.F.,.F.,(3,3),(0.,1.),.PIECEWISE_BEZIER_KNOTS.);
#13711 = CARTESIAN_POINT('',(6.679833984375,-8.1259765625,94.));
#13712 = CARTESIAN_POINT('',(6.951611328125,-8.1259765625,94.));
#13713 = CARTESIAN_POINT('',(7.06953125,-8.02490234375,94.));
#13714 = VECTOR('',#13715,1.);
#13715 = DIRECTION('',(-0.,-0.,-1.));
#13716 = DEFINITIONAL_REPRESENTATION('',(#13717),#13721);
#13717 = LINE('',#13718,#13719);
#13718 = CARTESIAN_POINT('',(0.,0.));
#13719 = VECTOR('',#13720,1.);
#13720 = DIRECTION('',(1.,0.));
#13721 = ( GEOMETRIC_REPRESENTATION_CONTEXT(2) 
PARAMETRIC_REPRESENTATION_CONTEXT() REPRESENTATION_CONTEXT('2D SPACE',''
  ) );
#13722 = ORIENTED_EDGE('',*,*,#13723,.T.);
#13723 = EDGE_CURVE('',#13694,#13724,#13726,.T.);
#13724 = VERTEX_POINT('',#13725);
#13725 = CARTESIAN_POINT('',(7.187451171875,-7.69248046875,94.));
#13726 = SURFACE_CURVE('',#13727,(#13731,#13738),.PCURVE_S1.);
#13727 = B_SPLINE_CURVE_WITH_KNOTS('',2,(#13728,#13729,#13730),
  .UNSPECIFIED.,.F.,.F.,(3,3),(0.,1.),.PIECEWISE_BEZIER_KNOTS.);
#13728 = CARTESIAN_POINT('',(7.06953125,-8.02490234375,94.));
#13729 = CARTESIAN_POINT('',(7.187451171875,-7.923828125,94.));
#13730 = CARTESIAN_POINT('',(7.187451171875,-7.69248046875,94.));
#13731 = PCURVE('',#7684,#13732);
#13732 = DEFINITIONAL_REPRESENTATION('',(#13733),#13737);
#13733 = B_SPLINE_CURVE_WITH_KNOTS('',2,(#13734,#13735,#13736),
  .UNSPECIFIED.,.F.,.F.,(3,3),(0.,1.),.PIECEWISE_BEZIER_KNOTS.);
#13734 = CARTESIAN_POINT('',(2.040576171875,1.967578125));
#13735 = CARTESIAN_POINT('',(2.15849609375,2.06865234375));
#13736 = CARTESIAN_POINT('',(2.15849609375,2.3));
#13737 = ( GEOMETRIC_REPRESENTATION_CONTEXT(2) 
PARAMETRIC_REPRESENTATION_CONTEXT() REPRESENTATION_CONTEXT('2D SPACE',''
  ) );
#13738 = PCURVE('',#13739,#13746);
#13739 = SURFACE_OF_LINEAR_EXTRUSION('',#13740,#13744);
#13740 = B_SPLINE_CURVE_WITH_KNOTS('',2,(#13741,#13742,#13743),
  .UNSPECIFIED.,.F.,.F.,(3,3),(0.,1.),.PIECEWISE_BEZIER_KNOTS.);
#13741 = CARTESIAN_POINT('',(7.06953125,-8.02490234375,94.));
#13742 = CARTESIAN_POINT('',(7.187451171875,-7.923828125,94.));
#13743 = CARTESIAN_POINT('',(7.187451171875,-7.69248046875,94.));
#13744 = VECTOR('',#13745,1.);
#13745 = DIRECTION('',(-0.,-0.,-1.));
#13746 = DEFINITIONAL_REPRESENTATION('',(#13747),#13751);
#13747 = LINE('',#13748,#13749);
#13748 = CARTESIAN_POINT('',(0.,0.));
#13749 = VECTOR('',#13750,1.);
#13750 = DIRECTION('',(1.,0.));
#13751 = ( GEOMETRIC_REPRESENTATION_CONTEXT(2) 
PARAMETRIC_REPRESENTATION_CONTEXT() REPRESENTATION_CONTEXT('2D SPACE',''
  ) );
#13752 = ORIENTED_EDGE('',*,*,#13753,.T.);
#13753 = EDGE_CURVE('',#13724,#13754,#13756,.T.);
#13754 = VERTEX_POINT('',#13755);
#13755 = CARTESIAN_POINT('',(7.06953125,-7.36455078125,94.));
#13756 = SURFACE_CURVE('',#13757,(#13761,#13768),.PCURVE_S1.);
#13757 = B_SPLINE_CURVE_WITH_KNOTS('',2,(#13758,#13759,#13760),
  .UNSPECIFIED.,.F.,.F.,(3,3),(0.,1.),.PIECEWISE_BEZIER_KNOTS.);
#13758 = CARTESIAN_POINT('',(7.187451171875,-7.69248046875,94.));
#13759 = CARTESIAN_POINT('',(7.187451171875,-7.46337890625,94.));
#13760 = CARTESIAN_POINT('',(7.06953125,-7.36455078125,94.));
#13761 = PCURVE('',#7684,#13762);
#13762 = DEFINITIONAL_REPRESENTATION('',(#13763),#13767);
#13763 = B_SPLINE_CURVE_WITH_KNOTS('',2,(#13764,#13765,#13766),
  .UNSPECIFIED.,.F.,.F.,(3,3),(0.,1.),.PIECEWISE_BEZIER_KNOTS.);
#13764 = CARTESIAN_POINT('',(2.15849609375,2.3));
#13765 = CARTESIAN_POINT('',(2.15849609375,2.5291015625));
#13766 = CARTESIAN_POINT('',(2.040576171875,2.6279296875));
#13767 = ( GEOMETRIC_REPRESENTATION_CONTEXT(2) 
PARAMETRIC_REPRESENTATION_CONTEXT() REPRESENTATION_CONTEXT('2D SPACE',''
  ) );
#13768 = PCURVE('',#13769,#13776);
#13769 = SURFACE_OF_LINEAR_EXTRUSION('',#13770,#13774);
#13770 = B_SPLINE_CURVE_WITH_KNOTS('',2,(#13771,#13772,#13773),
  .UNSPECIFIED.,.F.,.F.,(3,3),(0.,1.),.PIECEWISE_BEZIER_KNOTS.);
#13771 = CARTESIAN_POINT('',(7.187451171875,-7.69248046875,94.));
#13772 = CARTESIAN_POINT('',(7.187451171875,-7.46337890625,94.));
#13773 = CARTESIAN_POINT('',(7.06953125,-7.36455078125,94.));
#13774 = VECTOR('',#13775,1.);
#13775 = DIRECTION('',(-0.,-0.,-1.));
#13776 = DEFINITIONAL_REPRESENTATION('',(#13777),#13781);
#13777 = LINE('',#13778,#13779);
#13778 = CARTESIAN_POINT('',(0.,0.));
#13779 = VECTOR('',#13780,1.);
#13780 = DIRECTION('',(1.,0.));
#13781 = ( GEOMETRIC_REPRESENTATION_CONTEXT(2) 
PARAMETRIC_REPRESENTATION_CONTEXT() REPRESENTATION_CONTEXT('2D SPACE',''
  ) );
#13782 = ORIENTED_EDGE('',*,*,#13783,.T.);
#13783 = EDGE_CURVE('',#13754,#13784,#13786,.T.);
#13784 = VERTEX_POINT('',#13785);
#13785 = CARTESIAN_POINT('',(6.679833984375,-7.26572265625,94.));
#13786 = SURFACE_CURVE('',#13787,(#13791,#13798),.PCURVE_S1.);
#13787 = B_SPLINE_CURVE_WITH_KNOTS('',2,(#13788,#13789,#13790),
  .UNSPECIFIED.,.F.,.F.,(3,3),(0.,1.),.PIECEWISE_BEZIER_KNOTS.);
#13788 = CARTESIAN_POINT('',(7.06953125,-7.36455078125,94.));
#13789 = CARTESIAN_POINT('',(6.951611328125,-7.26572265625,94.));
#13790 = CARTESIAN_POINT('',(6.679833984375,-7.26572265625,94.));
#13791 = PCURVE('',#7684,#13792);
#13792 = DEFINITIONAL_REPRESENTATION('',(#13793),#13797);
#13793 = B_SPLINE_CURVE_WITH_KNOTS('',2,(#13794,#13795,#13796),
  .UNSPECIFIED.,.F.,.F.,(3,3),(0.,1.),.PIECEWISE_BEZIER_KNOTS.);
#13794 = CARTESIAN_POINT('',(2.040576171875,2.6279296875));
#13795 = CARTESIAN_POINT('',(1.92265625,2.7267578125));
#13796 = CARTESIAN_POINT('',(1.65087890625,2.7267578125));
#13797 = ( GEOMETRIC_REPRESENTATION_CONTEXT(2) 
PARAMETRIC_REPRESENTATION_CONTEXT() REPRESENTATION_CONTEXT('2D SPACE',''
  ) );
#13798 = PCURVE('',#13799,#13806);
#13799 = SURFACE_OF_LINEAR_EXTRUSION('',#13800,#13804);
#13800 = B_SPLINE_CURVE_WITH_KNOTS('',2,(#13801,#13802,#13803),
  .UNSPECIFIED.,.F.,.F.,(3,3),(0.,1.),.PIECEWISE_BEZIER_KNOTS.);
#13801 = CARTESIAN_POINT('',(7.06953125,-7.36455078125,94.));
#13802 = CARTESIAN_POINT('',(6.951611328125,-7.26572265625,94.));
#13803 = CARTESIAN_POINT('',(6.679833984375,-7.26572265625,94.));
#13804 = VECTOR('',#13805,1.);
#13805 = DIRECTION('',(-0.,-0.,-1.));
#13806 = DEFINITIONAL_REPRESENTATION('',(#13807),#13811);
#13807 = LINE('',#13808,#13809);
#13808 = CARTESIAN_POINT('',(0.,0.));
#13809 = VECTOR('',#13810,1.);
#13810 = DIRECTION('',(1.,0.));
#13811 = ( GEOMETRIC_REPRESENTATION_CONTEXT(2) 
PARAMETRIC_REPRESENTATION_CONTEXT() REPRESENTATION_CONTEXT('2D SPACE',''
  ) );
#13812 = ORIENTED_EDGE('',*,*,#13813,.T.);
#13813 = EDGE_CURVE('',#13784,#13814,#13816,.T.);
#13814 = VERTEX_POINT('',#13815);
#13815 = CARTESIAN_POINT('',(6.315966796875,-7.26572265625,94.));
#13816 = SURFACE_CURVE('',#13817,(#13821,#13828),.PCURVE_S1.);
#13817 = LINE('',#13818,#13819);
#13818 = CARTESIAN_POINT('',(6.679833984375,-7.26572265625,94.));
#13819 = VECTOR('',#13820,1.);
#13820 = DIRECTION('',(-1.,0.,0.));
#13821 = PCURVE('',#7684,#13822);
#13822 = DEFINITIONAL_REPRESENTATION('',(#13823),#13827);
#13823 = LINE('',#13824,#13825);
#13824 = CARTESIAN_POINT('',(1.65087890625,2.7267578125));
#13825 = VECTOR('',#13826,1.);
#13826 = DIRECTION('',(-1.,0.));
#13827 = ( GEOMETRIC_REPRESENTATION_CONTEXT(2) 
PARAMETRIC_REPRESENTATION_CONTEXT() REPRESENTATION_CONTEXT('2D SPACE',''
  ) );
#13828 = PCURVE('',#13829,#13834);
#13829 = PLANE('',#13830);
#13830 = AXIS2_PLACEMENT_3D('',#13831,#13832,#13833);
#13831 = CARTESIAN_POINT('',(6.679833984375,-7.26572265625,94.));
#13832 = DIRECTION('',(0.,-1.,0.));
#13833 = DIRECTION('',(-1.,0.,0.));
#13834 = DEFINITIONAL_REPRESENTATION('',(#13835),#13839);
#13835 = LINE('',#13836,#13837);
#13836 = CARTESIAN_POINT('',(0.,-0.));
#13837 = VECTOR('',#13838,1.);
#13838 = DIRECTION('',(1.,0.));
#13839 = ( GEOMETRIC_REPRESENTATION_CONTEXT(2) 
PARAMETRIC_REPRESENTATION_CONTEXT() REPRESENTATION_CONTEXT('2D SPACE',''
  ) );
#13840 = ORIENTED_EDGE('',*,*,#13841,.T.);
#13841 = EDGE_CURVE('',#13814,#13664,#13842,.T.);
#13842 = SURFACE_CURVE('',#13843,(#13847,#13854),.PCURVE_S1.);
#13843 = LINE('',#13844,#13845);
#13844 = CARTESIAN_POINT('',(6.315966796875,-7.26572265625,94.));
#13845 = VECTOR('',#13846,1.);
#13846 = DIRECTION('',(0.,-1.,0.));
#13847 = PCURVE('',#7684,#13848);
#13848 = DEFINITIONAL_REPRESENTATION('',(#13849),#13853);
#13849 = LINE('',#13850,#13851);
#13850 = CARTESIAN_POINT('',(1.28701171875,2.7267578125));
#13851 = VECTOR('',#13852,1.);
#13852 = DIRECTION('',(0.,-1.));
#13853 = ( GEOMETRIC_REPRESENTATION_CONTEXT(2) 
PARAMETRIC_REPRESENTATION_CONTEXT() REPRESENTATION_CONTEXT('2D SPACE',''
  ) );
#13854 = PCURVE('',#13855,#13860);
#13855 = PLANE('',#13856);
#13856 = AXIS2_PLACEMENT_3D('',#13857,#13858,#13859);
#13857 = CARTESIAN_POINT('',(6.315966796875,-7.26572265625,94.));
#13858 = DIRECTION('',(1.,0.,0.));
#13859 = DIRECTION('',(0.,-1.,0.));
#13860 = DEFINITIONAL_REPRESENTATION('',(#13861),#13865);
#13861 = LINE('',#13862,#13863);
#13862 = CARTESIAN_POINT('',(0.,0.));
#13863 = VECTOR('',#13864,1.);
#13864 = DIRECTION('',(1.,0.));
#13865 = ( GEOMETRIC_REPRESENTATION_CONTEXT(2) 
PARAMETRIC_REPRESENTATION_CONTEXT() REPRESENTATION_CONTEXT('2D SPACE',''
  ) );
#13866 = ADVANCED_FACE('',(#13867,#13880),#10663,.T.);
#13867 = FACE_BOUND('',#13868,.F.);
#13868 = EDGE_LOOP('',(#13869,#13870,#13871,#13872,#13873,#13874,#13875,
    #13876,#13877,#13878,#13879));
#13869 = ORIENTED_EDGE('',*,*,#10645,.T.);
#13870 = ORIENTED_EDGE('',*,*,#11162,.T.);
#13871 = ORIENTED_EDGE('',*,*,#11113,.T.);
#13872 = ORIENTED_EDGE('',*,*,#11064,.T.);
#13873 = ORIENTED_EDGE('',*,*,#11015,.T.);
#13874 = ORIENTED_EDGE('',*,*,#10966,.T.);
#13875 = ORIENTED_EDGE('',*,*,#10917,.T.);
#13876 = ORIENTED_EDGE('',*,*,#10868,.T.);
#13877 = ORIENTED_EDGE('',*,*,#10819,.T.);
#13878 = ORIENTED_EDGE('',*,*,#10770,.T.);
#13879 = ORIENTED_EDGE('',*,*,#10721,.T.);
#13880 = FACE_BOUND('',#13881,.F.);
#13881 = EDGE_LOOP('',(#13882,#13912,#13940));
#13882 = ORIENTED_EDGE('',*,*,#13883,.T.);
#13883 = EDGE_CURVE('',#13884,#13886,#13888,.T.);
#13884 = VERTEX_POINT('',#13885);
#13885 = CARTESIAN_POINT('',(9.3212890625E-02,-8.7548828125,94.));
#13886 = VERTEX_POINT('',#13887);
#13887 = CARTESIAN_POINT('',(9.3212890625E-02,-7.35107421875,94.));
#13888 = SURFACE_CURVE('',#13889,(#13893,#13900),.PCURVE_S1.);
#13889 = LINE('',#13890,#13891);
#13890 = CARTESIAN_POINT('',(9.3212890625E-02,-8.7548828125,94.));
#13891 = VECTOR('',#13892,1.);
#13892 = DIRECTION('',(0.,1.,0.));
#13893 = PCURVE('',#10663,#13894);
#13894 = DEFINITIONAL_REPRESENTATION('',(#13895),#13899);
#13895 = LINE('',#13896,#13897);
#13896 = CARTESIAN_POINT('',(1.6935546875,1.23759765625));
#13897 = VECTOR('',#13898,1.);
#13898 = DIRECTION('',(0.,1.));
#13899 = ( GEOMETRIC_REPRESENTATION_CONTEXT(2) 
PARAMETRIC_REPRESENTATION_CONTEXT() REPRESENTATION_CONTEXT('2D SPACE',''
  ) );
#13900 = PCURVE('',#13901,#13906);
#13901 = PLANE('',#13902);
#13902 = AXIS2_PLACEMENT_3D('',#13903,#13904,#13905);
#13903 = CARTESIAN_POINT('',(9.3212890625E-02,-8.7548828125,94.));
#13904 = DIRECTION('',(-1.,0.,0.));
#13905 = DIRECTION('',(0.,1.,0.));
#13906 = DEFINITIONAL_REPRESENTATION('',(#13907),#13911);
#13907 = LINE('',#13908,#13909);
#13908 = CARTESIAN_POINT('',(0.,0.));
#13909 = VECTOR('',#13910,1.);
#13910 = DIRECTION('',(1.,0.));
#13911 = ( GEOMETRIC_REPRESENTATION_CONTEXT(2) 
PARAMETRIC_REPRESENTATION_CONTEXT() REPRESENTATION_CONTEXT('2D SPACE',''
  ) );
#13912 = ORIENTED_EDGE('',*,*,#13913,.T.);
#13913 = EDGE_CURVE('',#13886,#13914,#13916,.T.);
#13914 = VERTEX_POINT('',#13915);
#13915 = CARTESIAN_POINT('',(-0.854638671875,-8.7548828125,94.));
#13916 = SURFACE_CURVE('',#13917,(#13921,#13928),.PCURVE_S1.);
#13917 = LINE('',#13918,#13919);
#13918 = CARTESIAN_POINT('',(9.3212890625E-02,-7.35107421875,94.));
#13919 = VECTOR('',#13920,1.);
#13920 = DIRECTION('',(-0.55958672133,-0.828771802918,0.));
#13921 = PCURVE('',#10663,#13922);
#13922 = DEFINITIONAL_REPRESENTATION('',(#13923),#13927);
#13923 = LINE('',#13924,#13925);
#13924 = CARTESIAN_POINT('',(1.6935546875,2.64140625));
#13925 = VECTOR('',#13926,1.);
#13926 = DIRECTION('',(-0.55958672133,-0.828771802918));
#13927 = ( GEOMETRIC_REPRESENTATION_CONTEXT(2) 
PARAMETRIC_REPRESENTATION_CONTEXT() REPRESENTATION_CONTEXT('2D SPACE',''
  ) );
#13928 = PCURVE('',#13929,#13934);
#13929 = PLANE('',#13930);
#13930 = AXIS2_PLACEMENT_3D('',#13931,#13932,#13933);
#13931 = CARTESIAN_POINT('',(9.3212890625E-02,-7.35107421875,94.));
#13932 = DIRECTION('',(0.828771802918,-0.55958672133,0.));
#13933 = DIRECTION('',(-0.55958672133,-0.828771802918,0.));
#13934 = DEFINITIONAL_REPRESENTATION('',(#13935),#13939);
#13935 = LINE('',#13936,#13937);
#13936 = CARTESIAN_POINT('',(0.,0.));
#13937 = VECTOR('',#13938,1.);
#13938 = DIRECTION('',(1.,0.));
#13939 = ( GEOMETRIC_REPRESENTATION_CONTEXT(2) 
PARAMETRIC_REPRESENTATION_CONTEXT() REPRESENTATION_CONTEXT('2D SPACE',''
  ) );
#13940 = ORIENTED_EDGE('',*,*,#13941,.T.);
#13941 = EDGE_CURVE('',#13914,#13884,#13942,.T.);
#13942 = SURFACE_CURVE('',#13943,(#13947,#13954),.PCURVE_S1.);
#13943 = LINE('',#13944,#13945);
#13944 = CARTESIAN_POINT('',(-0.854638671875,-8.7548828125,94.));
#13945 = VECTOR('',#13946,1.);
#13946 = DIRECTION('',(1.,0.,0.));
#13947 = PCURVE('',#10663,#13948);
#13948 = DEFINITIONAL_REPRESENTATION('',(#13949),#13953);
#13949 = LINE('',#13950,#13951);
#13950 = CARTESIAN_POINT('',(0.745703125,1.23759765625));
#13951 = VECTOR('',#13952,1.);
#13952 = DIRECTION('',(1.,0.));
#13953 = ( GEOMETRIC_REPRESENTATION_CONTEXT(2) 
PARAMETRIC_REPRESENTATION_CONTEXT() REPRESENTATION_CONTEXT('2D SPACE',''
  ) );
#13954 = PCURVE('',#13955,#13960);
#13955 = PLANE('',#13956);
#13956 = AXIS2_PLACEMENT_3D('',#13957,#13958,#13959);
#13957 = CARTESIAN_POINT('',(-0.854638671875,-8.7548828125,94.));
#13958 = DIRECTION('',(0.,1.,0.));
#13959 = DIRECTION('',(1.,0.,0.));
#13960 = DEFINITIONAL_REPRESENTATION('',(#13961),#13965);
#13961 = LINE('',#13962,#13963);
#13962 = CARTESIAN_POINT('',(0.,0.));
#13963 = VECTOR('',#13964,1.);
#13964 = DIRECTION('',(1.,0.));
#13965 = ( GEOMETRIC_REPRESENTATION_CONTEXT(2) 
PARAMETRIC_REPRESENTATION_CONTEXT() REPRESENTATION_CONTEXT('2D SPACE',''
  ) );
#13966 = ADVANCED_FACE('',(#13967),#11207,.T.);
#13967 = FACE_BOUND('',#13968,.T.);
#13968 = EDGE_LOOP('',(#13969,#13970,#13971,#13972,#13973,#13974,#13975,
    #13976,#13977,#13978,#13979,#13980,#13981,#13982,#13983,#13984,
    #13985,#13986,#13987,#13988));
#13969 = ORIENTED_EDGE('',*,*,#12131,.T.);
#13970 = ORIENTED_EDGE('',*,*,#11189,.T.);
#13971 = ORIENTED_EDGE('',*,*,#11263,.T.);
#13972 = ORIENTED_EDGE('',*,*,#11310,.T.);
#13973 = ORIENTED_EDGE('',*,*,#11359,.T.);
#13974 = ORIENTED_EDGE('',*,*,#11408,.T.);
#13975 = ORIENTED_EDGE('',*,*,#11455,.T.);
#13976 = ORIENTED_EDGE('',*,*,#11502,.T.);
#13977 = ORIENTED_EDGE('',*,*,#11551,.T.);
#13978 = ORIENTED_EDGE('',*,*,#11600,.F.);
#13979 = ORIENTED_EDGE('',*,*,#11649,.T.);
#13980 = ORIENTED_EDGE('',*,*,#11698,.T.);
#13981 = ORIENTED_EDGE('',*,*,#11745,.T.);
#13982 = ORIENTED_EDGE('',*,*,#11792,.T.);
#13983 = ORIENTED_EDGE('',*,*,#11841,.T.);
#13984 = ORIENTED_EDGE('',*,*,#11890,.T.);
#13985 = ORIENTED_EDGE('',*,*,#11937,.T.);
#13986 = ORIENTED_EDGE('',*,*,#11984,.T.);
#13987 = ORIENTED_EDGE('',*,*,#12033,.T.);
#13988 = ORIENTED_EDGE('',*,*,#12082,.T.);
#13989 = ADVANCED_FACE('',(#13990),#12176,.T.);
#13990 = FACE_BOUND('',#13991,.F.);
#13991 = EDGE_LOOP('',(#13992,#13993,#13994,#13995,#13996,#13997,#13998,
    #13999,#14000,#14001,#14002,#14003,#14004,#14005,#14006,#14007,
    #14008,#14009,#14010,#14011,#14012,#14013,#14014,#14015,#14016,
    #14017,#14018,#14019,#14020));
#13992 = ORIENTED_EDGE('',*,*,#12158,.T.);
#13993 = ORIENTED_EDGE('',*,*,#13557,.T.);
#13994 = ORIENTED_EDGE('',*,*,#13508,.T.);
#13995 = ORIENTED_EDGE('',*,*,#13459,.T.);
#13996 = ORIENTED_EDGE('',*,*,#13410,.T.);
#13997 = ORIENTED_EDGE('',*,*,#13361,.T.);
#13998 = ORIENTED_EDGE('',*,*,#13312,.T.);
#13999 = ORIENTED_EDGE('',*,*,#13263,.T.);
#14000 = ORIENTED_EDGE('',*,*,#13214,.T.);
#14001 = ORIENTED_EDGE('',*,*,#13165,.T.);
#14002 = ORIENTED_EDGE('',*,*,#13116,.T.);
#14003 = ORIENTED_EDGE('',*,*,#13067,.T.);
#14004 = ORIENTED_EDGE('',*,*,#13018,.T.);
#14005 = ORIENTED_EDGE('',*,*,#12969,.T.);
#14006 = ORIENTED_EDGE('',*,*,#12920,.T.);
#14007 = ORIENTED_EDGE('',*,*,#12871,.T.);
#14008 = ORIENTED_EDGE('',*,*,#12822,.T.);
#14009 = ORIENTED_EDGE('',*,*,#12773,.T.);
#14010 = ORIENTED_EDGE('',*,*,#12724,.T.);
#14011 = ORIENTED_EDGE('',*,*,#12675,.T.);
#14012 = ORIENTED_EDGE('',*,*,#12626,.T.);
#14013 = ORIENTED_EDGE('',*,*,#12577,.T.);
#14014 = ORIENTED_EDGE('',*,*,#12528,.T.);
#14015 = ORIENTED_EDGE('',*,*,#12479,.T.);
#14016 = ORIENTED_EDGE('',*,*,#12430,.T.);
#14017 = ORIENTED_EDGE('',*,*,#12381,.T.);
#14018 = ORIENTED_EDGE('',*,*,#12332,.T.);
#14019 = ORIENTED_EDGE('',*,*,#12283,.T.);
#14020 = ORIENTED_EDGE('',*,*,#12234,.T.);
#14021 = ADVANCED_FACE('',(#14022),#13681,.F.);
#14022 = FACE_BOUND('',#14023,.F.);
#14023 = EDGE_LOOP('',(#14024,#14025,#14048,#14074));
#14024 = ORIENTED_EDGE('',*,*,#13663,.F.);
#14025 = ORIENTED_EDGE('',*,*,#14026,.T.);
#14026 = EDGE_CURVE('',#13664,#14027,#14029,.T.);
#14027 = VERTEX_POINT('',#14028);
#14028 = CARTESIAN_POINT('',(6.315966796875,-8.1259765625,95.));
#14029 = SURFACE_CURVE('',#14030,(#14034,#14041),.PCURVE_S1.);
#14030 = LINE('',#14031,#14032);
#14031 = CARTESIAN_POINT('',(6.315966796875,-8.1259765625,94.));
#14032 = VECTOR('',#14033,1.);
#14033 = DIRECTION('',(0.,0.,1.));
#14034 = PCURVE('',#13681,#14035);
#14035 = DEFINITIONAL_REPRESENTATION('',(#14036),#14040);
#14036 = LINE('',#14037,#14038);
#14037 = CARTESIAN_POINT('',(0.,0.));
#14038 = VECTOR('',#14039,1.);
#14039 = DIRECTION('',(0.,-1.));
#14040 = ( GEOMETRIC_REPRESENTATION_CONTEXT(2) 
PARAMETRIC_REPRESENTATION_CONTEXT() REPRESENTATION_CONTEXT('2D SPACE',''
  ) );
#14041 = PCURVE('',#13855,#14042);
#14042 = DEFINITIONAL_REPRESENTATION('',(#14043),#14047);
#14043 = LINE('',#14044,#14045);
#14044 = CARTESIAN_POINT('',(0.86025390625,0.));
#14045 = VECTOR('',#14046,1.);
#14046 = DIRECTION('',(0.,-1.));
#14047 = ( GEOMETRIC_REPRESENTATION_CONTEXT(2) 
PARAMETRIC_REPRESENTATION_CONTEXT() REPRESENTATION_CONTEXT('2D SPACE',''
  ) );
#14048 = ORIENTED_EDGE('',*,*,#14049,.F.);
#14049 = EDGE_CURVE('',#14050,#14027,#14052,.T.);
#14050 = VERTEX_POINT('',#14051);
#14051 = CARTESIAN_POINT('',(6.679833984375,-8.1259765625,95.));
#14052 = SURFACE_CURVE('',#14053,(#14057,#14063),.PCURVE_S1.);
#14053 = LINE('',#14054,#14055);
#14054 = CARTESIAN_POINT('',(3.157983398437,-8.1259765625,95.));
#14055 = VECTOR('',#14056,1.);
#14056 = DIRECTION('',(-1.,0.,0.));
#14057 = PCURVE('',#13681,#14058);
#14058 = DEFINITIONAL_REPRESENTATION('',(#14059),#14062);
#14059 = B_SPLINE_CURVE_WITH_KNOTS('',1,(#14060,#14061),.UNSPECIFIED.,
  .F.,.F.,(2,2),(-3.521850585938,-3.157983398437),
  .PIECEWISE_BEZIER_KNOTS.);
#14060 = CARTESIAN_POINT('',(0.3638671875,-1.));
#14061 = CARTESIAN_POINT('',(0.,-1.));
#14062 = ( GEOMETRIC_REPRESENTATION_CONTEXT(2) 
PARAMETRIC_REPRESENTATION_CONTEXT() REPRESENTATION_CONTEXT('2D SPACE',''
  ) );
#14063 = PCURVE('',#14064,#14069);
#14064 = PLANE('',#14065);
#14065 = AXIS2_PLACEMENT_3D('',#14066,#14067,#14068);
#14066 = CARTESIAN_POINT('',(0.,0.,95.));
#14067 = DIRECTION('',(0.,0.,1.));
#14068 = DIRECTION('',(1.,0.,-0.));
#14069 = DEFINITIONAL_REPRESENTATION('',(#14070),#14073);
#14070 = B_SPLINE_CURVE_WITH_KNOTS('',1,(#14071,#14072),.UNSPECIFIED.,
  .F.,.F.,(2,2),(-3.521850585938,-3.157983398437),
  .PIECEWISE_BEZIER_KNOTS.);
#14071 = CARTESIAN_POINT('',(6.679833984375,-8.1259765625));
#14072 = CARTESIAN_POINT('',(6.315966796875,-8.1259765625));
#14073 = ( GEOMETRIC_REPRESENTATION_CONTEXT(2) 
PARAMETRIC_REPRESENTATION_CONTEXT() REPRESENTATION_CONTEXT('2D SPACE',''
  ) );
#14074 = ORIENTED_EDGE('',*,*,#14075,.F.);
#14075 = EDGE_CURVE('',#13666,#14050,#14076,.T.);
#14076 = SURFACE_CURVE('',#14077,(#14081,#14088),.PCURVE_S1.);
#14077 = LINE('',#14078,#14079);
#14078 = CARTESIAN_POINT('',(6.679833984375,-8.1259765625,94.));
#14079 = VECTOR('',#14080,1.);
#14080 = DIRECTION('',(0.,0.,1.));
#14081 = PCURVE('',#13681,#14082);
#14082 = DEFINITIONAL_REPRESENTATION('',(#14083),#14087);
#14083 = LINE('',#14084,#14085);
#14084 = CARTESIAN_POINT('',(0.3638671875,0.));
#14085 = VECTOR('',#14086,1.);
#14086 = DIRECTION('',(0.,-1.));
#14087 = ( GEOMETRIC_REPRESENTATION_CONTEXT(2) 
PARAMETRIC_REPRESENTATION_CONTEXT() REPRESENTATION_CONTEXT('2D SPACE',''
  ) );
#14088 = PCURVE('',#13709,#14089);
#14089 = DEFINITIONAL_REPRESENTATION('',(#14090),#14094);
#14090 = LINE('',#14091,#14092);
#14091 = CARTESIAN_POINT('',(0.,0.));
#14092 = VECTOR('',#14093,1.);
#14093 = DIRECTION('',(0.,-1.));
#14094 = ( GEOMETRIC_REPRESENTATION_CONTEXT(2) 
PARAMETRIC_REPRESENTATION_CONTEXT() REPRESENTATION_CONTEXT('2D SPACE',''
  ) );
#14095 = ADVANCED_FACE('',(#14096),#13709,.F.);
#14096 = FACE_BOUND('',#14097,.F.);
#14097 = EDGE_LOOP('',(#14098,#14099,#14100,#14135));
#14098 = ORIENTED_EDGE('',*,*,#13693,.F.);
#14099 = ORIENTED_EDGE('',*,*,#14075,.T.);
#14100 = ORIENTED_EDGE('',*,*,#14101,.F.);
#14101 = EDGE_CURVE('',#14102,#14050,#14104,.T.);
#14102 = VERTEX_POINT('',#14103);
#14103 = CARTESIAN_POINT('',(7.06953125,-8.02490234375,95.));
#14104 = SURFACE_CURVE('',#14105,(#14113,#14124),.PCURVE_S1.);
#14105 = B_SPLINE_CURVE_WITH_KNOTS('',6,(#14106,#14107,#14108,#14109,
    #14110,#14111,#14112),.UNSPECIFIED.,.F.,.F.,(7,7),(0.,1.),
  .PIECEWISE_BEZIER_KNOTS.);
#14106 = CARTESIAN_POINT('',(7.06953125,-8.02490234375,95.));
#14107 = CARTESIAN_POINT('',(7.02888232877,-8.059744276233,95.));
#14108 = CARTESIAN_POINT('',(6.977501745545,-8.087175885384,95.));
#14109 = CARTESIAN_POINT('',(6.915912357886,-8.107113406021,95.));
#14110 = CARTESIAN_POINT('',(6.845058443972,-8.119878385414,95.));
#14111 = CARTESIAN_POINT('',(6.766016159572,-8.1259765625,95.));
#14112 = CARTESIAN_POINT('',(6.679833984375,-8.1259765625,95.));
#14113 = PCURVE('',#13709,#14114);
#14114 = DEFINITIONAL_REPRESENTATION('',(#14115),#14123);
#14115 = B_SPLINE_CURVE_WITH_KNOTS('',6,(#14116,#14117,#14118,#14119,
    #14120,#14121,#14122),.UNSPECIFIED.,.F.,.F.,(7,7),(0.,1.),
  .PIECEWISE_BEZIER_KNOTS.);
#14116 = CARTESIAN_POINT('',(1.,-1.));
#14117 = CARTESIAN_POINT('',(0.827641841246,-1.));
#14118 = CARTESIAN_POINT('',(0.656292774798,-1.));
#14119 = CARTESIAN_POINT('',(0.487149307281,-1.));
#14120 = CARTESIAN_POINT('',(0.321048174702,-1.));
#14121 = CARTESIAN_POINT('',(0.158552905861,-1.));
#14122 = CARTESIAN_POINT('',(0.,-1.));
#14123 = ( GEOMETRIC_REPRESENTATION_CONTEXT(2) 
PARAMETRIC_REPRESENTATION_CONTEXT() REPRESENTATION_CONTEXT('2D SPACE',''
  ) );
#14124 = PCURVE('',#14064,#14125);
#14125 = DEFINITIONAL_REPRESENTATION('',(#14126),#14134);
#14126 = B_SPLINE_CURVE_WITH_KNOTS('',6,(#14127,#14128,#14129,#14130,
    #14131,#14132,#14133),.UNSPECIFIED.,.F.,.F.,(7,7),(0.,1.),
  .PIECEWISE_BEZIER_KNOTS.);
#14127 = CARTESIAN_POINT('',(7.06953125,-8.02490234375));
#14128 = CARTESIAN_POINT('',(7.02888232877,-8.059744276233));
#14129 = CARTESIAN_POINT('',(6.977501745545,-8.087175885384));
#14130 = CARTESIAN_POINT('',(6.915912357886,-8.107113406021));
#14131 = CARTESIAN_POINT('',(6.845058443972,-8.119878385414));
#14132 = CARTESIAN_POINT('',(6.766016159572,-8.1259765625));
#14133 = CARTESIAN_POINT('',(6.679833984375,-8.1259765625));
#14134 = ( GEOMETRIC_REPRESENTATION_CONTEXT(2) 
PARAMETRIC_REPRESENTATION_CONTEXT() REPRESENTATION_CONTEXT('2D SPACE',''
  ) );
#14135 = ORIENTED_EDGE('',*,*,#14136,.F.);
#14136 = EDGE_CURVE('',#13694,#14102,#14137,.T.);
#14137 = SURFACE_CURVE('',#14138,(#14142,#14149),.PCURVE_S1.);
#14138 = LINE('',#14139,#14140);
#14139 = CARTESIAN_POINT('',(7.06953125,-8.02490234375,94.));
#14140 = VECTOR('',#14141,1.);
#14141 = DIRECTION('',(0.,0.,1.));
#14142 = PCURVE('',#13709,#14143);
#14143 = DEFINITIONAL_REPRESENTATION('',(#14144),#14148);
#14144 = LINE('',#14145,#14146);
#14145 = CARTESIAN_POINT('',(1.,0.));
#14146 = VECTOR('',#14147,1.);
#14147 = DIRECTION('',(0.,-1.));
#14148 = ( GEOMETRIC_REPRESENTATION_CONTEXT(2) 
PARAMETRIC_REPRESENTATION_CONTEXT() REPRESENTATION_CONTEXT('2D SPACE',''
  ) );
#14149 = PCURVE('',#13739,#14150);
#14150 = DEFINITIONAL_REPRESENTATION('',(#14151),#14155);
#14151 = LINE('',#14152,#14153);
#14152 = CARTESIAN_POINT('',(0.,0.));
#14153 = VECTOR('',#14154,1.);
#14154 = DIRECTION('',(0.,-1.));
#14155 = ( GEOMETRIC_REPRESENTATION_CONTEXT(2) 
PARAMETRIC_REPRESENTATION_CONTEXT() REPRESENTATION_CONTEXT('2D SPACE',''
  ) );
#14156 = ADVANCED_FACE('',(#14157),#13739,.F.);
#14157 = FACE_BOUND('',#14158,.F.);
#14158 = EDGE_LOOP('',(#14159,#14160,#14161,#14193));
#14159 = ORIENTED_EDGE('',*,*,#13723,.F.);
#14160 = ORIENTED_EDGE('',*,*,#14136,.T.);
#14161 = ORIENTED_EDGE('',*,*,#14162,.F.);
#14162 = EDGE_CURVE('',#14163,#14102,#14165,.T.);
#14163 = VERTEX_POINT('',#14164);
#14164 = CARTESIAN_POINT('',(7.187451171875,-7.69248046875,95.));
#14165 = SURFACE_CURVE('',#14166,(#14173,#14183),.PCURVE_S1.);
#14166 = B_SPLINE_CURVE_WITH_KNOTS('',5,(#14167,#14168,#14169,#14170,
    #14171,#14172),.UNSPECIFIED.,.F.,.F.,(6,6),(0.,1.),
  .PIECEWISE_BEZIER_KNOTS.);
#14167 = CARTESIAN_POINT('',(7.187451171875,-7.69248046875,95.));
#14168 = CARTESIAN_POINT('',(7.187451171875,-7.78192108586,95.));
#14169 = CARTESIAN_POINT('',(7.176435043799,-7.86137877795,95.));
#14170 = CARTESIAN_POINT('',(7.153329050992,-7.929141780089,95.));
#14171 = CARTESIAN_POINT('',(7.117506276791,-7.983780892215,95.));
#14172 = CARTESIAN_POINT('',(7.06953125,-8.02490234375,95.));
#14173 = PCURVE('',#13739,#14174);
#14174 = DEFINITIONAL_REPRESENTATION('',(#14175),#14182);
#14175 = B_SPLINE_CURVE_WITH_KNOTS('',5,(#14176,#14177,#14178,#14179,
    #14180,#14181),.UNSPECIFIED.,.F.,.F.,(6,6),(0.,1.),
  .PIECEWISE_BEZIER_KNOTS.);
#14176 = CARTESIAN_POINT('',(1.,-1.));
#14177 = CARTESIAN_POINT('',(0.806696513463,-1.));
#14178 = CARTESIAN_POINT('',(0.608665782977,-1.));
#14179 = CARTESIAN_POINT('',(0.407043635005,-1.));
#14180 = CARTESIAN_POINT('',(0.203422059767,-1.));
#14181 = CARTESIAN_POINT('',(0.,-1.));
#14182 = ( GEOMETRIC_REPRESENTATION_CONTEXT(2) 
PARAMETRIC_REPRESENTATION_CONTEXT() REPRESENTATION_CONTEXT('2D SPACE',''
  ) );
#14183 = PCURVE('',#14064,#14184);
#14184 = DEFINITIONAL_REPRESENTATION('',(#14185),#14192);
#14185 = B_SPLINE_CURVE_WITH_KNOTS('',5,(#14186,#14187,#14188,#14189,
    #14190,#14191),.UNSPECIFIED.,.F.,.F.,(6,6),(0.,1.),
  .PIECEWISE_BEZIER_KNOTS.);
#14186 = CARTESIAN_POINT('',(7.187451171875,-7.69248046875));
#14187 = CARTESIAN_POINT('',(7.187451171875,-7.78192108586));
#14188 = CARTESIAN_POINT('',(7.176435043799,-7.86137877795));
#14189 = CARTESIAN_POINT('',(7.153329050992,-7.929141780089));
#14190 = CARTESIAN_POINT('',(7.117506276791,-7.983780892215));
#14191 = CARTESIAN_POINT('',(7.06953125,-8.02490234375));
#14192 = ( GEOMETRIC_REPRESENTATION_CONTEXT(2) 
PARAMETRIC_REPRESENTATION_CONTEXT() REPRESENTATION_CONTEXT('2D SPACE',''
  ) );
#14193 = ORIENTED_EDGE('',*,*,#14194,.F.);
#14194 = EDGE_CURVE('',#13724,#14163,#14195,.T.);
#14195 = SURFACE_CURVE('',#14196,(#14200,#14207),.PCURVE_S1.);
#14196 = LINE('',#14197,#14198);
#14197 = CARTESIAN_POINT('',(7.187451171875,-7.69248046875,94.));
#14198 = VECTOR('',#14199,1.);
#14199 = DIRECTION('',(0.,0.,1.));
#14200 = PCURVE('',#13739,#14201);
#14201 = DEFINITIONAL_REPRESENTATION('',(#14202),#14206);
#14202 = LINE('',#14203,#14204);
#14203 = CARTESIAN_POINT('',(1.,0.));
#14204 = VECTOR('',#14205,1.);
#14205 = DIRECTION('',(0.,-1.));
#14206 = ( GEOMETRIC_REPRESENTATION_CONTEXT(2) 
PARAMETRIC_REPRESENTATION_CONTEXT() REPRESENTATION_CONTEXT('2D SPACE',''
  ) );
#14207 = PCURVE('',#13769,#14208);
#14208 = DEFINITIONAL_REPRESENTATION('',(#14209),#14213);
#14209 = LINE('',#14210,#14211);
#14210 = CARTESIAN_POINT('',(0.,0.));
#14211 = VECTOR('',#14212,1.);
#14212 = DIRECTION('',(0.,-1.));
#14213 = ( GEOMETRIC_REPRESENTATION_CONTEXT(2) 
PARAMETRIC_REPRESENTATION_CONTEXT() REPRESENTATION_CONTEXT('2D SPACE',''
  ) );
#14214 = ADVANCED_FACE('',(#14215),#13769,.F.);
#14215 = FACE_BOUND('',#14216,.F.);
#14216 = EDGE_LOOP('',(#14217,#14218,#14219,#14263));
#14217 = ORIENTED_EDGE('',*,*,#13753,.F.);
#14218 = ORIENTED_EDGE('',*,*,#14194,.T.);
#14219 = ORIENTED_EDGE('',*,*,#14220,.F.);
#14220 = EDGE_CURVE('',#14221,#14163,#14223,.T.);
#14221 = VERTEX_POINT('',#14222);
#14222 = CARTESIAN_POINT('',(7.06953125,-7.36455078125,95.));
#14223 = SURFACE_CURVE('',#14224,(#14235,#14249),.PCURVE_S1.);
#14224 = B_SPLINE_CURVE_WITH_KNOTS('',5,(#14225,#14226,#14227,#14228,
    #14229,#14230,#14231,#14232,#14233,#14234),.UNSPECIFIED.,.F.,.F.,(6,
    4,6),(0.,3.344261524152E-02,1.),.UNSPECIFIED.);
#14225 = CARTESIAN_POINT('',(7.06953125,-7.36455078125,95.));
#14226 = CARTESIAN_POINT('',(7.071134893145,-7.365894786933,95.));
#14227 = CARTESIAN_POINT('',(7.072724957221,-7.367253893965,95.));
#14228 = CARTESIAN_POINT('',(7.074301423062,-7.368628089673,95.));
#14229 = CARTESIAN_POINT('',(7.075864272678,-7.370017360067,95.));
#14230 = CARTESIAN_POINT('',(7.122188896778,-7.412009583652,95.));
#14231 = CARTESIAN_POINT('',(7.155587541147,-7.465187745171,95.));
#14232 = CARTESIAN_POINT('',(7.177150908436,-7.530558887323,95.));
#14233 = CARTESIAN_POINT('',(7.187451171875,-7.606834285111,95.));
#14234 = CARTESIAN_POINT('',(7.187451171875,-7.69248046875,95.));
#14235 = PCURVE('',#13769,#14236);
#14236 = DEFINITIONAL_REPRESENTATION('',(#14237),#14248);
#14237 = B_SPLINE_CURVE_WITH_KNOTS('',5,(#14238,#14239,#14240,#14241,
    #14242,#14243,#14244,#14245,#14246,#14247),.UNSPECIFIED.,.F.,.F.,(6,
    4,6),(0.,3.344261524152E-02,1.),.UNSPECIFIED.);
#14238 = CARTESIAN_POINT('',(1.,-1.));
#14239 = CARTESIAN_POINT('',(0.993200287453,-1.));
#14240 = CARTESIAN_POINT('',(0.986400357291,-1.));
#14241 = CARTESIAN_POINT('',(0.979600283388,-1.));
#14242 = CARTESIAN_POINT('',(0.972800139646,-1.));
#14243 = CARTESIAN_POINT('',(0.769462583746,-1.));
#14244 = CARTESIAN_POINT('',(0.572877910761,-1.));
#14245 = CARTESIAN_POINT('',(0.378218546813,-1.));
#14246 = CARTESIAN_POINT('',(0.186917502231,-1.));
#14247 = CARTESIAN_POINT('',(0.,-1.));
#14248 = ( GEOMETRIC_REPRESENTATION_CONTEXT(2) 
PARAMETRIC_REPRESENTATION_CONTEXT() REPRESENTATION_CONTEXT('2D SPACE',''
  ) );
#14249 = PCURVE('',#14064,#14250);
#14250 = DEFINITIONAL_REPRESENTATION('',(#14251),#14262);
#14251 = B_SPLINE_CURVE_WITH_KNOTS('',5,(#14252,#14253,#14254,#14255,
    #14256,#14257,#14258,#14259,#14260,#14261),.UNSPECIFIED.,.F.,.F.,(6,
    4,6),(0.,3.344261524152E-02,1.),.UNSPECIFIED.);
#14252 = CARTESIAN_POINT('',(7.06953125,-7.36455078125));
#14253 = CARTESIAN_POINT('',(7.071134893145,-7.365894786933));
#14254 = CARTESIAN_POINT('',(7.072724957221,-7.367253893965));
#14255 = CARTESIAN_POINT('',(7.074301423062,-7.368628089673));
#14256 = CARTESIAN_POINT('',(7.075864272678,-7.370017360067));
#14257 = CARTESIAN_POINT('',(7.122188896778,-7.412009583652));
#14258 = CARTESIAN_POINT('',(7.155587541147,-7.465187745171));
#14259 = CARTESIAN_POINT('',(7.177150908436,-7.530558887323));
#14260 = CARTESIAN_POINT('',(7.187451171875,-7.606834285111));
#14261 = CARTESIAN_POINT('',(7.187451171875,-7.69248046875));
#14262 = ( GEOMETRIC_REPRESENTATION_CONTEXT(2) 
PARAMETRIC_REPRESENTATION_CONTEXT() REPRESENTATION_CONTEXT('2D SPACE',''
  ) );
#14263 = ORIENTED_EDGE('',*,*,#14264,.F.);
#14264 = EDGE_CURVE('',#13754,#14221,#14265,.T.);
#14265 = SURFACE_CURVE('',#14266,(#14270,#14277),.PCURVE_S1.);
#14266 = LINE('',#14267,#14268);
#14267 = CARTESIAN_POINT('',(7.06953125,-7.36455078125,94.));
#14268 = VECTOR('',#14269,1.);
#14269 = DIRECTION('',(0.,0.,1.));
#14270 = PCURVE('',#13769,#14271);
#14271 = DEFINITIONAL_REPRESENTATION('',(#14272),#14276);
#14272 = LINE('',#14273,#14274);
#14273 = CARTESIAN_POINT('',(1.,0.));
#14274 = VECTOR('',#14275,1.);
#14275 = DIRECTION('',(0.,-1.));
#14276 = ( GEOMETRIC_REPRESENTATION_CONTEXT(2) 
PARAMETRIC_REPRESENTATION_CONTEXT() REPRESENTATION_CONTEXT('2D SPACE',''
  ) );
#14277 = PCURVE('',#13799,#14278);
#14278 = DEFINITIONAL_REPRESENTATION('',(#14279),#14283);
#14279 = LINE('',#14280,#14281);
#14280 = CARTESIAN_POINT('',(0.,0.));
#14281 = VECTOR('',#14282,1.);
#14282 = DIRECTION('',(0.,-1.));
#14283 = ( GEOMETRIC_REPRESENTATION_CONTEXT(2) 
PARAMETRIC_REPRESENTATION_CONTEXT() REPRESENTATION_CONTEXT('2D SPACE',''
  ) );
#14284 = ADVANCED_FACE('',(#14285),#13799,.F.);
#14285 = FACE_BOUND('',#14286,.F.);
#14286 = EDGE_LOOP('',(#14287,#14288,#14289,#14324));
#14287 = ORIENTED_EDGE('',*,*,#13783,.F.);
#14288 = ORIENTED_EDGE('',*,*,#14264,.T.);
#14289 = ORIENTED_EDGE('',*,*,#14290,.F.);
#14290 = EDGE_CURVE('',#14291,#14221,#14293,.T.);
#14291 = VERTEX_POINT('',#14292);
#14292 = CARTESIAN_POINT('',(6.679833984375,-7.26572265625,95.));
#14293 = SURFACE_CURVE('',#14294,(#14302,#14313),.PCURVE_S1.);
#14294 = B_SPLINE_CURVE_WITH_KNOTS('',6,(#14295,#14296,#14297,#14298,
    #14299,#14300,#14301),.UNSPECIFIED.,.F.,.F.,(7,7),(0.,1.),
  .PIECEWISE_BEZIER_KNOTS.);
#14295 = CARTESIAN_POINT('',(6.679833984375,-7.26572265625,95.));
#14296 = CARTESIAN_POINT('',(6.765994075445,-7.26572265625,95.));
#14297 = CARTESIAN_POINT('',(6.845016837714,-7.271682259358,95.));
#14298 = CARTESIAN_POINT('',(6.915862225644,-7.284156764707,95.));
#14299 = CARTESIAN_POINT('',(6.97745864853,-7.303643250464,95.));
#14300 = CARTESIAN_POINT('',(7.028859474669,-7.33046396002,95.));
#14301 = CARTESIAN_POINT('',(7.06953125,-7.36455078125,95.));
#14302 = PCURVE('',#13799,#14303);
#14303 = DEFINITIONAL_REPRESENTATION('',(#14304),#14312);
#14304 = B_SPLINE_CURVE_WITH_KNOTS('',6,(#14305,#14306,#14307,#14308,
    #14309,#14310,#14311),.UNSPECIFIED.,.F.,.F.,(7,7),(0.,1.),
  .PIECEWISE_BEZIER_KNOTS.);
#14305 = CARTESIAN_POINT('',(1.,-1.));
#14306 = CARTESIAN_POINT('',(0.84148772322,-1.));
#14307 = CARTESIAN_POINT('',(0.679037131265,-1.));
#14308 = CARTESIAN_POINT('',(0.512971182904,-1.));
#14309 = CARTESIAN_POINT('',(0.343837625001,-1.));
#14310 = CARTESIAN_POINT('',(0.172455063929,-1.));
#14311 = CARTESIAN_POINT('',(0.,-1.));
#14312 = ( GEOMETRIC_REPRESENTATION_CONTEXT(2) 
PARAMETRIC_REPRESENTATION_CONTEXT() REPRESENTATION_CONTEXT('2D SPACE',''
  ) );
#14313 = PCURVE('',#14064,#14314);
#14314 = DEFINITIONAL_REPRESENTATION('',(#14315),#14323);
#14315 = B_SPLINE_CURVE_WITH_KNOTS('',6,(#14316,#14317,#14318,#14319,
    #14320,#14321,#14322),.UNSPECIFIED.,.F.,.F.,(7,7),(0.,1.),
  .PIECEWISE_BEZIER_KNOTS.);
#14316 = CARTESIAN_POINT('',(6.679833984375,-7.26572265625));
#14317 = CARTESIAN_POINT('',(6.765994075445,-7.26572265625));
#14318 = CARTESIAN_POINT('',(6.845016837714,-7.271682259358));
#14319 = CARTESIAN_POINT('',(6.915862225644,-7.284156764707));
#14320 = CARTESIAN_POINT('',(6.97745864853,-7.303643250464));
#14321 = CARTESIAN_POINT('',(7.028859474669,-7.33046396002));
#14322 = CARTESIAN_POINT('',(7.06953125,-7.36455078125));
#14323 = ( GEOMETRIC_REPRESENTATION_CONTEXT(2) 
PARAMETRIC_REPRESENTATION_CONTEXT() REPRESENTATION_CONTEXT('2D SPACE',''
  ) );
#14324 = ORIENTED_EDGE('',*,*,#14325,.F.);
#14325 = EDGE_CURVE('',#13784,#14291,#14326,.T.);
#14326 = SURFACE_CURVE('',#14327,(#14331,#14338),.PCURVE_S1.);
#14327 = LINE('',#14328,#14329);
#14328 = CARTESIAN_POINT('',(6.679833984375,-7.26572265625,94.));
#14329 = VECTOR('',#14330,1.);
#14330 = DIRECTION('',(0.,0.,1.));
#14331 = PCURVE('',#13799,#14332);
#14332 = DEFINITIONAL_REPRESENTATION('',(#14333),#14337);
#14333 = LINE('',#14334,#14335);
#14334 = CARTESIAN_POINT('',(1.,0.));
#14335 = VECTOR('',#14336,1.);
#14336 = DIRECTION('',(0.,-1.));
#14337 = ( GEOMETRIC_REPRESENTATION_CONTEXT(2) 
PARAMETRIC_REPRESENTATION_CONTEXT() REPRESENTATION_CONTEXT('2D SPACE',''
  ) );
#14338 = PCURVE('',#13829,#14339);
#14339 = DEFINITIONAL_REPRESENTATION('',(#14340),#14344);
#14340 = LINE('',#14341,#14342);
#14341 = CARTESIAN_POINT('',(0.,-0.));
#14342 = VECTOR('',#14343,1.);
#14343 = DIRECTION('',(0.,-1.));
#14344 = ( GEOMETRIC_REPRESENTATION_CONTEXT(2) 
PARAMETRIC_REPRESENTATION_CONTEXT() REPRESENTATION_CONTEXT('2D SPACE',''
  ) );
#14345 = ADVANCED_FACE('',(#14346),#13829,.F.);
#14346 = FACE_BOUND('',#14347,.F.);
#14347 = EDGE_LOOP('',(#14348,#14349,#14350,#14371));
#14348 = ORIENTED_EDGE('',*,*,#13813,.F.);
#14349 = ORIENTED_EDGE('',*,*,#14325,.T.);
#14350 = ORIENTED_EDGE('',*,*,#14351,.F.);
#14351 = EDGE_CURVE('',#14352,#14291,#14354,.T.);
#14352 = VERTEX_POINT('',#14353);
#14353 = CARTESIAN_POINT('',(6.315966796875,-7.26572265625,95.));
#14354 = SURFACE_CURVE('',#14355,(#14359,#14365),.PCURVE_S1.);
#14355 = LINE('',#14356,#14357);
#14356 = CARTESIAN_POINT('',(3.339916992187,-7.26572265625,95.));
#14357 = VECTOR('',#14358,1.);
#14358 = DIRECTION('',(1.,0.,-0.));
#14359 = PCURVE('',#13829,#14360);
#14360 = DEFINITIONAL_REPRESENTATION('',(#14361),#14364);
#14361 = B_SPLINE_CURVE_WITH_KNOTS('',1,(#14362,#14363),.UNSPECIFIED.,
  .F.,.F.,(2,2),(2.976049804687,3.339916992187),
  .PIECEWISE_BEZIER_KNOTS.);
#14362 = CARTESIAN_POINT('',(0.3638671875,-1.));
#14363 = CARTESIAN_POINT('',(0.,-1.));
#14364 = ( GEOMETRIC_REPRESENTATION_CONTEXT(2) 
PARAMETRIC_REPRESENTATION_CONTEXT() REPRESENTATION_CONTEXT('2D SPACE',''
  ) );
#14365 = PCURVE('',#14064,#14366);
#14366 = DEFINITIONAL_REPRESENTATION('',(#14367),#14370);
#14367 = B_SPLINE_CURVE_WITH_KNOTS('',1,(#14368,#14369),.UNSPECIFIED.,
  .F.,.F.,(2,2),(2.976049804687,3.339916992187),
  .PIECEWISE_BEZIER_KNOTS.);
#14368 = CARTESIAN_POINT('',(6.315966796875,-7.26572265625));
#14369 = CARTESIAN_POINT('',(6.679833984375,-7.26572265625));
#14370 = ( GEOMETRIC_REPRESENTATION_CONTEXT(2) 
PARAMETRIC_REPRESENTATION_CONTEXT() REPRESENTATION_CONTEXT('2D SPACE',''
  ) );
#14371 = ORIENTED_EDGE('',*,*,#14372,.F.);
#14372 = EDGE_CURVE('',#13814,#14352,#14373,.T.);
#14373 = SURFACE_CURVE('',#14374,(#14378,#14385),.PCURVE_S1.);
#14374 = LINE('',#14375,#14376);
#14375 = CARTESIAN_POINT('',(6.315966796875,-7.26572265625,94.));
#14376 = VECTOR('',#14377,1.);
#14377 = DIRECTION('',(0.,0.,1.));
#14378 = PCURVE('',#13829,#14379);
#14379 = DEFINITIONAL_REPRESENTATION('',(#14380),#14384);
#14380 = LINE('',#14381,#14382);
#14381 = CARTESIAN_POINT('',(0.3638671875,0.));
#14382 = VECTOR('',#14383,1.);
#14383 = DIRECTION('',(0.,-1.));
#14384 = ( GEOMETRIC_REPRESENTATION_CONTEXT(2) 
PARAMETRIC_REPRESENTATION_CONTEXT() REPRESENTATION_CONTEXT('2D SPACE',''
  ) );
#14385 = PCURVE('',#13855,#14386);
#14386 = DEFINITIONAL_REPRESENTATION('',(#14387),#14391);
#14387 = LINE('',#14388,#14389);
#14388 = CARTESIAN_POINT('',(0.,0.));
#14389 = VECTOR('',#14390,1.);
#14390 = DIRECTION('',(0.,-1.));
#14391 = ( GEOMETRIC_REPRESENTATION_CONTEXT(2) 
PARAMETRIC_REPRESENTATION_CONTEXT() REPRESENTATION_CONTEXT('2D SPACE',''
  ) );
#14392 = ADVANCED_FACE('',(#14393),#13855,.F.);
#14393 = FACE_BOUND('',#14394,.F.);
#14394 = EDGE_LOOP('',(#14395,#14396,#14397,#14416));
#14395 = ORIENTED_EDGE('',*,*,#13841,.F.);
#14396 = ORIENTED_EDGE('',*,*,#14372,.T.);
#14397 = ORIENTED_EDGE('',*,*,#14398,.F.);
#14398 = EDGE_CURVE('',#14027,#14352,#14399,.T.);
#14399 = SURFACE_CURVE('',#14400,(#14404,#14410),.PCURVE_S1.);
#14400 = LINE('',#14401,#14402);
#14401 = CARTESIAN_POINT('',(6.315966796875,-3.632861328125,95.));
#14402 = VECTOR('',#14403,1.);
#14403 = DIRECTION('',(0.,1.,0.));
#14404 = PCURVE('',#13855,#14405);
#14405 = DEFINITIONAL_REPRESENTATION('',(#14406),#14409);
#14406 = B_SPLINE_CURVE_WITH_KNOTS('',1,(#14407,#14408),.UNSPECIFIED.,
  .F.,.F.,(2,2),(-4.493115234375,-3.632861328125),
  .PIECEWISE_BEZIER_KNOTS.);
#14407 = CARTESIAN_POINT('',(0.86025390625,-1.));
#14408 = CARTESIAN_POINT('',(0.,-1.));
#14409 = ( GEOMETRIC_REPRESENTATION_CONTEXT(2) 
PARAMETRIC_REPRESENTATION_CONTEXT() REPRESENTATION_CONTEXT('2D SPACE',''
  ) );
#14410 = PCURVE('',#14064,#14411);
#14411 = DEFINITIONAL_REPRESENTATION('',(#14412),#14415);
#14412 = B_SPLINE_CURVE_WITH_KNOTS('',1,(#14413,#14414),.UNSPECIFIED.,
  .F.,.F.,(2,2),(-4.493115234375,-3.632861328125),
  .PIECEWISE_BEZIER_KNOTS.);
#14413 = CARTESIAN_POINT('',(6.315966796875,-8.1259765625));
#14414 = CARTESIAN_POINT('',(6.315966796875,-7.26572265625));
#14415 = ( GEOMETRIC_REPRESENTATION_CONTEXT(2) 
PARAMETRIC_REPRESENTATION_CONTEXT() REPRESENTATION_CONTEXT('2D SPACE',''
  ) );
#14416 = ORIENTED_EDGE('',*,*,#14026,.F.);
#14417 = ADVANCED_FACE('',(#14418),#13901,.F.);
#14418 = FACE_BOUND('',#14419,.F.);
#14419 = EDGE_LOOP('',(#14420,#14421,#14444,#14470));
#14420 = ORIENTED_EDGE('',*,*,#13883,.F.);
#14421 = ORIENTED_EDGE('',*,*,#14422,.T.);
#14422 = EDGE_CURVE('',#13884,#14423,#14425,.T.);
#14423 = VERTEX_POINT('',#14424);
#14424 = CARTESIAN_POINT('',(9.3212890625E-02,-8.7548828125,95.));
#14425 = SURFACE_CURVE('',#14426,(#14430,#14437),.PCURVE_S1.);
#14426 = LINE('',#14427,#14428);
#14427 = CARTESIAN_POINT('',(9.3212890625E-02,-8.7548828125,94.));
#14428 = VECTOR('',#14429,1.);
#14429 = DIRECTION('',(0.,0.,1.));
#14430 = PCURVE('',#13901,#14431);
#14431 = DEFINITIONAL_REPRESENTATION('',(#14432),#14436);
#14432 = LINE('',#14433,#14434);
#14433 = CARTESIAN_POINT('',(0.,0.));
#14434 = VECTOR('',#14435,1.);
#14435 = DIRECTION('',(0.,-1.));
#14436 = ( GEOMETRIC_REPRESENTATION_CONTEXT(2) 
PARAMETRIC_REPRESENTATION_CONTEXT() REPRESENTATION_CONTEXT('2D SPACE',''
  ) );
#14437 = PCURVE('',#13955,#14438);
#14438 = DEFINITIONAL_REPRESENTATION('',(#14439),#14443);
#14439 = LINE('',#14440,#14441);
#14440 = CARTESIAN_POINT('',(0.9478515625,0.));
#14441 = VECTOR('',#14442,1.);
#14442 = DIRECTION('',(0.,-1.));
#14443 = ( GEOMETRIC_REPRESENTATION_CONTEXT(2) 
PARAMETRIC_REPRESENTATION_CONTEXT() REPRESENTATION_CONTEXT('2D SPACE',''
  ) );
#14444 = ORIENTED_EDGE('',*,*,#14445,.F.);
#14445 = EDGE_CURVE('',#14446,#14423,#14448,.T.);
#14446 = VERTEX_POINT('',#14447);
#14447 = CARTESIAN_POINT('',(9.3212890625E-02,-7.35107421875,95.));
#14448 = SURFACE_CURVE('',#14449,(#14453,#14459),.PCURVE_S1.);
#14449 = LINE('',#14450,#14451);
#14450 = CARTESIAN_POINT('',(9.3212890625E-02,-4.37744140625,95.));
#14451 = VECTOR('',#14452,1.);
#14452 = DIRECTION('',(0.,-1.,0.));
#14453 = PCURVE('',#13901,#14454);
#14454 = DEFINITIONAL_REPRESENTATION('',(#14455),#14458);
#14455 = B_SPLINE_CURVE_WITH_KNOTS('',1,(#14456,#14457),.UNSPECIFIED.,
  .F.,.F.,(2,2),(2.9736328125,4.37744140625),.PIECEWISE_BEZIER_KNOTS.);
#14456 = CARTESIAN_POINT('',(1.40380859375,-1.));
#14457 = CARTESIAN_POINT('',(0.,-1.));
#14458 = ( GEOMETRIC_REPRESENTATION_CONTEXT(2) 
PARAMETRIC_REPRESENTATION_CONTEXT() REPRESENTATION_CONTEXT('2D SPACE',''
  ) );
#14459 = PCURVE('',#14460,#14465);
#14460 = PLANE('',#14461);
#14461 = AXIS2_PLACEMENT_3D('',#14462,#14463,#14464);
#14462 = CARTESIAN_POINT('',(0.,0.,95.));
#14463 = DIRECTION('',(0.,0.,1.));
#14464 = DIRECTION('',(1.,0.,-0.));
#14465 = DEFINITIONAL_REPRESENTATION('',(#14466),#14469);
#14466 = B_SPLINE_CURVE_WITH_KNOTS('',1,(#14467,#14468),.UNSPECIFIED.,
  .F.,.F.,(2,2),(2.9736328125,4.37744140625),.PIECEWISE_BEZIER_KNOTS.);
#14467 = CARTESIAN_POINT('',(9.3212890625E-02,-7.35107421875));
#14468 = CARTESIAN_POINT('',(9.3212890625E-02,-8.7548828125));
#14469 = ( GEOMETRIC_REPRESENTATION_CONTEXT(2) 
PARAMETRIC_REPRESENTATION_CONTEXT() REPRESENTATION_CONTEXT('2D SPACE',''
  ) );
#14470 = ORIENTED_EDGE('',*,*,#14471,.F.);
#14471 = EDGE_CURVE('',#13886,#14446,#14472,.T.);
#14472 = SURFACE_CURVE('',#14473,(#14477,#14484),.PCURVE_S1.);
#14473 = LINE('',#14474,#14475);
#14474 = CARTESIAN_POINT('',(9.3212890625E-02,-7.35107421875,94.));
#14475 = VECTOR('',#14476,1.);
#14476 = DIRECTION('',(0.,0.,1.));
#14477 = PCURVE('',#13901,#14478);
#14478 = DEFINITIONAL_REPRESENTATION('',(#14479),#14483);
#14479 = LINE('',#14480,#14481);
#14480 = CARTESIAN_POINT('',(1.40380859375,0.));
#14481 = VECTOR('',#14482,1.);
#14482 = DIRECTION('',(0.,-1.));
#14483 = ( GEOMETRIC_REPRESENTATION_CONTEXT(2) 
PARAMETRIC_REPRESENTATION_CONTEXT() REPRESENTATION_CONTEXT('2D SPACE',''
  ) );
#14484 = PCURVE('',#13929,#14485);
#14485 = DEFINITIONAL_REPRESENTATION('',(#14486),#14490);
#14486 = LINE('',#14487,#14488);
#14487 = CARTESIAN_POINT('',(0.,0.));
#14488 = VECTOR('',#14489,1.);
#14489 = DIRECTION('',(0.,-1.));
#14490 = ( GEOMETRIC_REPRESENTATION_CONTEXT(2) 
PARAMETRIC_REPRESENTATION_CONTEXT() REPRESENTATION_CONTEXT('2D SPACE',''
  ) );
#14491 = ADVANCED_FACE('',(#14492),#13929,.F.);
#14492 = FACE_BOUND('',#14493,.F.);
#14493 = EDGE_LOOP('',(#14494,#14495,#14496,#14517));
#14494 = ORIENTED_EDGE('',*,*,#13913,.F.);
#14495 = ORIENTED_EDGE('',*,*,#14471,.T.);
#14496 = ORIENTED_EDGE('',*,*,#14497,.F.);
#14497 = EDGE_CURVE('',#14498,#14446,#14500,.T.);
#14498 = VERTEX_POINT('',#14499);
#14499 = CARTESIAN_POINT('',(-0.854638671875,-8.7548828125,95.));
#14500 = SURFACE_CURVE('',#14501,(#14505,#14511),.PCURVE_S1.);
#14501 = LINE('',#14502,#14503);
#14502 = CARTESIAN_POINT('',(1.783221401815,-4.848099528006,95.));
#14503 = VECTOR('',#14504,1.);
#14504 = DIRECTION('',(0.55958672133,0.828771802918,-0.));
#14505 = PCURVE('',#13929,#14506);
#14506 = DEFINITIONAL_REPRESENTATION('',(#14507),#14510);
#14507 = B_SPLINE_CURVE_WITH_KNOTS('',1,(#14508,#14509),.UNSPECIFIED.,
  .F.,.F.,(2,2),(-4.713943296262,-3.020101168902),
  .PIECEWISE_BEZIER_KNOTS.);
#14508 = CARTESIAN_POINT('',(1.69384212736,-1.));
#14509 = CARTESIAN_POINT('',(0.,-1.));
#14510 = ( GEOMETRIC_REPRESENTATION_CONTEXT(2) 
PARAMETRIC_REPRESENTATION_CONTEXT() REPRESENTATION_CONTEXT('2D SPACE',''
  ) );
#14511 = PCURVE('',#14460,#14512);
#14512 = DEFINITIONAL_REPRESENTATION('',(#14513),#14516);
#14513 = B_SPLINE_CURVE_WITH_KNOTS('',1,(#14514,#14515),.UNSPECIFIED.,
  .F.,.F.,(2,2),(-4.713943296262,-3.020101168902),
  .PIECEWISE_BEZIER_KNOTS.);
#14514 = CARTESIAN_POINT('',(-0.854638671875,-8.7548828125));
#14515 = CARTESIAN_POINT('',(9.3212890625E-02,-7.35107421875));
#14516 = ( GEOMETRIC_REPRESENTATION_CONTEXT(2) 
PARAMETRIC_REPRESENTATION_CONTEXT() REPRESENTATION_CONTEXT('2D SPACE',''
  ) );
#14517 = ORIENTED_EDGE('',*,*,#14518,.F.);
#14518 = EDGE_CURVE('',#13914,#14498,#14519,.T.);
#14519 = SURFACE_CURVE('',#14520,(#14524,#14531),.PCURVE_S1.);
#14520 = LINE('',#14521,#14522);
#14521 = CARTESIAN_POINT('',(-0.854638671875,-8.7548828125,94.));
#14522 = VECTOR('',#14523,1.);
#14523 = DIRECTION('',(0.,0.,1.));
#14524 = PCURVE('',#13929,#14525);
#14525 = DEFINITIONAL_REPRESENTATION('',(#14526),#14530);
#14526 = LINE('',#14527,#14528);
#14527 = CARTESIAN_POINT('',(1.69384212736,0.));
#14528 = VECTOR('',#14529,1.);
#14529 = DIRECTION('',(0.,-1.));
#14530 = ( GEOMETRIC_REPRESENTATION_CONTEXT(2) 
PARAMETRIC_REPRESENTATION_CONTEXT() REPRESENTATION_CONTEXT('2D SPACE',''
  ) );
#14531 = PCURVE('',#13955,#14532);
#14532 = DEFINITIONAL_REPRESENTATION('',(#14533),#14537);
#14533 = LINE('',#14534,#14535);
#14534 = CARTESIAN_POINT('',(0.,0.));
#14535 = VECTOR('',#14536,1.);
#14536 = DIRECTION('',(0.,-1.));
#14537 = ( GEOMETRIC_REPRESENTATION_CONTEXT(2) 
PARAMETRIC_REPRESENTATION_CONTEXT() REPRESENTATION_CONTEXT('2D SPACE',''
  ) );
#14538 = ADVANCED_FACE('',(#14539),#13955,.F.);
#14539 = FACE_BOUND('',#14540,.F.);
#14540 = EDGE_LOOP('',(#14541,#14542,#14543,#14562));
#14541 = ORIENTED_EDGE('',*,*,#13941,.F.);
#14542 = ORIENTED_EDGE('',*,*,#14518,.T.);
#14543 = ORIENTED_EDGE('',*,*,#14544,.F.);
#14544 = EDGE_CURVE('',#14423,#14498,#14545,.T.);
#14545 = SURFACE_CURVE('',#14546,(#14550,#14556),.PCURVE_S1.);
#14546 = LINE('',#14547,#14548);
#14547 = CARTESIAN_POINT('',(-0.427319335938,-8.7548828125,95.));
#14548 = VECTOR('',#14549,1.);
#14549 = DIRECTION('',(-1.,0.,0.));
#14550 = PCURVE('',#13955,#14551);
#14551 = DEFINITIONAL_REPRESENTATION('',(#14552),#14555);
#14552 = B_SPLINE_CURVE_WITH_KNOTS('',1,(#14553,#14554),.UNSPECIFIED.,
  .F.,.F.,(2,2),(-0.520532226562,0.427319335938),
  .PIECEWISE_BEZIER_KNOTS.);
#14553 = CARTESIAN_POINT('',(0.9478515625,-1.));
#14554 = CARTESIAN_POINT('',(0.,-1.));
#14555 = ( GEOMETRIC_REPRESENTATION_CONTEXT(2) 
PARAMETRIC_REPRESENTATION_CONTEXT() REPRESENTATION_CONTEXT('2D SPACE',''
  ) );
#14556 = PCURVE('',#14460,#14557);
#14557 = DEFINITIONAL_REPRESENTATION('',(#14558),#14561);
#14558 = B_SPLINE_CURVE_WITH_KNOTS('',1,(#14559,#14560),.UNSPECIFIED.,
  .F.,.F.,(2,2),(-0.520532226562,0.427319335938),
  .PIECEWISE_BEZIER_KNOTS.);
#14559 = CARTESIAN_POINT('',(9.3212890625E-02,-8.7548828125));
#14560 = CARTESIAN_POINT('',(-0.854638671875,-8.7548828125));
#14561 = ( GEOMETRIC_REPRESENTATION_CONTEXT(2) 
PARAMETRIC_REPRESENTATION_CONTEXT() REPRESENTATION_CONTEXT('2D SPACE',''
  ) );
#14562 = ORIENTED_EDGE('',*,*,#14422,.F.);
#14563 = ADVANCED_FACE('',(#14564),#14064,.T.);
#14564 = FACE_BOUND('',#14565,.T.);
#14565 = EDGE_LOOP('',(#14566,#14567,#14568,#14569,#14570,#14571,#14572)
  );
#14566 = ORIENTED_EDGE('',*,*,#14049,.F.);
#14567 = ORIENTED_EDGE('',*,*,#14101,.F.);
#14568 = ORIENTED_EDGE('',*,*,#14162,.F.);
#14569 = ORIENTED_EDGE('',*,*,#14220,.F.);
#14570 = ORIENTED_EDGE('',*,*,#14290,.F.);
#14571 = ORIENTED_EDGE('',*,*,#14351,.F.);
#14572 = ORIENTED_EDGE('',*,*,#14398,.F.);
#14573 = ADVANCED_FACE('',(#14574),#14460,.T.);
#14574 = FACE_BOUND('',#14575,.T.);
#14575 = EDGE_LOOP('',(#14576,#14577,#14578));
#14576 = ORIENTED_EDGE('',*,*,#14445,.F.);
#14577 = ORIENTED_EDGE('',*,*,#14497,.F.);
#14578 = ORIENTED_EDGE('',*,*,#14544,.F.);
#14579 = ( GEOMETRIC_REPRESENTATION_CONTEXT(3) 
GLOBAL_UNCERTAINTY_ASSIGNED_CONTEXT((#14583)) 
GLOBAL_UNIT_ASSIGNED_CONTEXT((#14580,#14581,#14582)) 
REPRESENTATION_CONTEXT('Context #1',
  '3D Context with UNIT and UNCERTAINTY') );
#14580 = ( LENGTH_UNIT() NAMED_UNIT(*) SI_UNIT(.MILLI.,.METRE.) );
#14581 = ( NAMED_UNIT(*) PLANE_ANGLE_UNIT() SI_UNIT($,.RADIAN.) );
#14582 = ( NAMED_UNIT(*) SI_UNIT($,.STERADIAN.) SOLID_ANGLE_UNIT() );
#14583 = UNCERTAINTY_MEASURE_WITH_UNIT(LENGTH_MEASURE(1.E-06),#14580,
  'distance_accuracy_value','confusion accuracy');
#14584 = PRODUCT_RELATED_PRODUCT_CATEGORY('part',$,(#7));
ENDSEC;
END-ISO-10303-21;
