ISO-10303-21;
HEADER;
FILE_DESCRIPTION(('FreeCAD Model'),'2;1');
FILE_NAME('Open CASCADE Shape Model','2026-07-21T20:57:49',('FreeCAD'),(
    'FreeCAD'),'Open CASCADE STEP processor 7.8','FreeCAD','Unknown');
FILE_SCHEMA(('AUTOMOTIVE_DESIGN { 1 0 10303 214 1 1 1 1 }'));
ENDSEC;
DATA;
#1 = APPLICATION_PROTOCOL_DEFINITION('international standard',
  'automotive_design',2000,#2);
#2 = APPLICATION_CONTEXT(
  'core data for automotive mechanical design processes');
#3 = SHAPE_DEFINITION_REPRESENTATION(#4,#10);
#4 = PRODUCT_DEFINITION_SHAPE('','',#5);
#5 = PRODUCT_DEFINITION('design','',#6,#9);
#6 = PRODUCT_DEFINITION_FORMATION('','',#7);
#7 = PRODUCT('Open CASCADE STEP translator 7.8 11',
  'Open CASCADE STEP translator 7.8 11','',(#8));
#8 = PRODUCT_CONTEXT('',#2,'mechanical');
#9 = PRODUCT_DEFINITION_CONTEXT('part definition',#2,'design');
#10 = SHAPE_REPRESENTATION('',(#11,#15,#796,#4186),#6702);
#11 = AXIS2_PLACEMENT_3D('',#12,#13,#14);
#12 = CARTESIAN_POINT('',(0.,0.,0.));
#13 = DIRECTION('',(0.,0.,1.));
#14 = DIRECTION('',(1.,0.,-0.));
#15 = MANIFOLD_SOLID_BREP('',#16);
#16 = CLOSED_SHELL('',(#17,#68,#99,#124,#218,#260,#284,#309,#361,#633,
    #658,#677,#719,#739,#759,#776));
#17 = ADVANCED_FACE('',(#18,#52),#63,.F.);
#18 = FACE_BOUND('',#19,.F.);
#19 = EDGE_LOOP('',(#20,#30,#38,#46));
#20 = ORIENTED_EDGE('',*,*,#21,.F.);
#21 = EDGE_CURVE('',#22,#24,#26,.T.);
#22 = VERTEX_POINT('',#23);
#23 = CARTESIAN_POINT('',(16.,-14.,-67.75));
#24 = VERTEX_POINT('',#25);
#25 = CARTESIAN_POINT('',(16.,-13.99999999999,-32.89471842104));
#26 = LINE('',#27,#28);
#27 = CARTESIAN_POINT('',(16.,-14.,-67.75));
#28 = VECTOR('',#29,1.);
#29 = DIRECTION('',(0.,0.,1.));
#30 = ORIENTED_EDGE('',*,*,#31,.F.);
#31 = EDGE_CURVE('',#32,#22,#34,.T.);
#32 = VERTEX_POINT('',#33);
#33 = CARTESIAN_POINT('',(-16.,-14.,-67.75));
#34 = LINE('',#35,#36);
#35 = CARTESIAN_POINT('',(-16.,-14.,-67.75));
#36 = VECTOR('',#37,1.);
#37 = DIRECTION('',(1.,0.,0.));
#38 = ORIENTED_EDGE('',*,*,#39,.T.);
#39 = EDGE_CURVE('',#32,#40,#42,.T.);
#40 = VERTEX_POINT('',#41);
#41 = CARTESIAN_POINT('',(-16.,-13.99999999999,-32.89471842104));
#42 = LINE('',#43,#44);
#43 = CARTESIAN_POINT('',(-16.,-14.,-67.75));
#44 = VECTOR('',#45,1.);
#45 = DIRECTION('',(0.,0.,1.));
#46 = ORIENTED_EDGE('',*,*,#47,.T.);
#47 = EDGE_CURVE('',#40,#24,#48,.T.);
#48 = LINE('',#49,#50);
#49 = CARTESIAN_POINT('',(-16.,-14.,-32.89471842104));
#50 = VECTOR('',#51,1.);
#51 = DIRECTION('',(1.,0.,0.));
#52 = FACE_BOUND('',#53,.F.);
#53 = EDGE_LOOP('',(#54));
#54 = ORIENTED_EDGE('',*,*,#55,.F.);
#55 = EDGE_CURVE('',#56,#56,#58,.T.);
#56 = VERTEX_POINT('',#57);
#57 = CARTESIAN_POINT('',(-1.396097351028E-15,-14.,-46.05));
#58 = CIRCLE('',#59,5.7);
#59 = AXIS2_PLACEMENT_3D('',#60,#61,#62);
#60 = CARTESIAN_POINT('',(0.,-14.,-51.75));
#61 = DIRECTION('',(0.,1.,0.));
#62 = DIRECTION('',(0.,0.,1.));
#63 = PLANE('',#64);
#64 = AXIS2_PLACEMENT_3D('',#65,#66,#67);
#65 = CARTESIAN_POINT('',(-16.,-14.,-67.75));
#66 = DIRECTION('',(0.,1.,0.));
#67 = DIRECTION('',(0.,0.,1.));
#68 = ADVANCED_FACE('',(#69),#94,.F.);
#69 = FACE_BOUND('',#70,.F.);
#70 = EDGE_LOOP('',(#71,#79,#80,#88));
#71 = ORIENTED_EDGE('',*,*,#72,.F.);
#72 = EDGE_CURVE('',#32,#73,#75,.T.);
#73 = VERTEX_POINT('',#74);
#74 = CARTESIAN_POINT('',(-16.,-2.,-67.75));
#75 = LINE('',#76,#77);
#76 = CARTESIAN_POINT('',(-16.,-14.,-67.75));
#77 = VECTOR('',#78,1.);
#78 = DIRECTION('',(0.,1.,0.));
#79 = ORIENTED_EDGE('',*,*,#31,.T.);
#80 = ORIENTED_EDGE('',*,*,#81,.T.);
#81 = EDGE_CURVE('',#22,#82,#84,.T.);
#82 = VERTEX_POINT('',#83);
#83 = CARTESIAN_POINT('',(16.,-2.,-67.75));
#84 = LINE('',#85,#86);
#85 = CARTESIAN_POINT('',(16.,-14.,-67.75));
#86 = VECTOR('',#87,1.);
#87 = DIRECTION('',(0.,1.,0.));
#88 = ORIENTED_EDGE('',*,*,#89,.F.);
#89 = EDGE_CURVE('',#73,#82,#90,.T.);
#90 = LINE('',#91,#92);
#91 = CARTESIAN_POINT('',(-16.,-2.,-67.75));
#92 = VECTOR('',#93,1.);
#93 = DIRECTION('',(1.,0.,0.));
#94 = PLANE('',#95);
#95 = AXIS2_PLACEMENT_3D('',#96,#97,#98);
#96 = CARTESIAN_POINT('',(-16.,-14.,-67.75));
#97 = DIRECTION('',(0.,0.,1.));
#98 = DIRECTION('',(1.,0.,0.));
#99 = ADVANCED_FACE('',(#100),#119,.F.);
#100 = FACE_BOUND('',#101,.F.);
#101 = EDGE_LOOP('',(#102,#111,#117,#118));
#102 = ORIENTED_EDGE('',*,*,#103,.F.);
#103 = EDGE_CURVE('',#104,#104,#106,.T.);
#104 = VERTEX_POINT('',#105);
#105 = CARTESIAN_POINT('',(-1.396097351028E-15,-2.,-46.05));
#106 = CIRCLE('',#107,5.7);
#107 = AXIS2_PLACEMENT_3D('',#108,#109,#110);
#108 = CARTESIAN_POINT('',(0.,-2.,-51.75));
#109 = DIRECTION('',(0.,1.,0.));
#110 = DIRECTION('',(0.,0.,1.));
#111 = ORIENTED_EDGE('',*,*,#112,.F.);
#112 = EDGE_CURVE('',#56,#104,#113,.T.);
#113 = LINE('',#114,#115);
#114 = CARTESIAN_POINT('',(-1.396097351028E-15,-35.,-46.05));
#115 = VECTOR('',#116,1.);
#116 = DIRECTION('',(0.,1.,0.));
#117 = ORIENTED_EDGE('',*,*,#55,.T.);
#118 = ORIENTED_EDGE('',*,*,#112,.T.);
#119 = CYLINDRICAL_SURFACE('',#120,5.7);
#120 = AXIS2_PLACEMENT_3D('',#121,#122,#123);
#121 = CARTESIAN_POINT('',(0.,-35.,-51.75));
#122 = DIRECTION('',(0.,1.,0.));
#123 = DIRECTION('',(0.,0.,1.));
#124 = ADVANCED_FACE('',(#125),#213,.T.);
#125 = FACE_BOUND('',#126,.T.);
#126 = EDGE_LOOP('',(#127,#138,#147,#156,#162,#163,#164,#173,#182,#190,
    #198,#206));
#127 = ORIENTED_EDGE('',*,*,#128,.T.);
#128 = EDGE_CURVE('',#129,#131,#133,.T.);
#129 = VERTEX_POINT('',#130);
#130 = CARTESIAN_POINT('',(-16.,10.723805294764,-27.75));
#131 = VERTEX_POINT('',#132);
#132 = CARTESIAN_POINT('',(-16.,7.286648454927E-15,29.75));
#133 = CIRCLE('',#134,29.75);
#134 = AXIS2_PLACEMENT_3D('',#135,#136,#137);
#135 = CARTESIAN_POINT('',(-16.,0.,0.));
#136 = DIRECTION('',(1.,0.,-0.));
#137 = DIRECTION('',(0.,0.,1.));
#138 = ORIENTED_EDGE('',*,*,#139,.T.);
#139 = EDGE_CURVE('',#131,#140,#142,.T.);
#140 = VERTEX_POINT('',#141);
#141 = CARTESIAN_POINT('',(-16.,-10.72380529476,-27.75));
#142 = CIRCLE('',#143,29.75);
#143 = AXIS2_PLACEMENT_3D('',#144,#145,#146);
#144 = CARTESIAN_POINT('',(-16.,0.,0.));
#145 = DIRECTION('',(1.,0.,-0.));
#146 = DIRECTION('',(0.,0.,1.));
#147 = ORIENTED_EDGE('',*,*,#148,.T.);
#148 = EDGE_CURVE('',#140,#149,#151,.T.);
#149 = VERTEX_POINT('',#150);
#150 = CARTESIAN_POINT('',(-16.,-2.,-29.68269697989));
#151 = CIRCLE('',#152,29.75);
#152 = AXIS2_PLACEMENT_3D('',#153,#154,#155);
#153 = CARTESIAN_POINT('',(-16.,0.,0.));
#154 = DIRECTION('',(1.,0.,-0.));
#155 = DIRECTION('',(0.,0.,1.));
#156 = ORIENTED_EDGE('',*,*,#157,.F.);
#157 = EDGE_CURVE('',#73,#149,#158,.T.);
#158 = LINE('',#159,#160);
#159 = CARTESIAN_POINT('',(-16.,-2.,-67.75));
#160 = VECTOR('',#161,1.);
#161 = DIRECTION('',(0.,0.,1.));
#162 = ORIENTED_EDGE('',*,*,#72,.F.);
#163 = ORIENTED_EDGE('',*,*,#39,.T.);
#164 = ORIENTED_EDGE('',*,*,#165,.F.);
#165 = EDGE_CURVE('',#166,#40,#168,.T.);
#166 = VERTEX_POINT('',#167);
#167 = CARTESIAN_POINT('',(-16.,8.756224613904E-15,35.75));
#168 = CIRCLE('',#169,35.75);
#169 = AXIS2_PLACEMENT_3D('',#170,#171,#172);
#170 = CARTESIAN_POINT('',(-16.,0.,0.));
#171 = DIRECTION('',(1.,0.,-0.));
#172 = DIRECTION('',(0.,0.,1.));
#173 = ORIENTED_EDGE('',*,*,#174,.F.);
#174 = EDGE_CURVE('',#175,#166,#177,.T.);
#175 = VERTEX_POINT('',#176);
#176 = CARTESIAN_POINT('',(-16.,14.,-32.89471842104));
#177 = CIRCLE('',#178,35.75);
#178 = AXIS2_PLACEMENT_3D('',#179,#180,#181);
#179 = CARTESIAN_POINT('',(-16.,0.,0.));
#180 = DIRECTION('',(1.,0.,-0.));
#181 = DIRECTION('',(0.,0.,1.));
#182 = ORIENTED_EDGE('',*,*,#183,.F.);
#183 = EDGE_CURVE('',#184,#175,#186,.T.);
#184 = VERTEX_POINT('',#185);
#185 = CARTESIAN_POINT('',(-16.,14.,-67.75));
#186 = LINE('',#187,#188);
#187 = CARTESIAN_POINT('',(-16.,14.,-67.75));
#188 = VECTOR('',#189,1.);
#189 = DIRECTION('',(0.,0.,1.));
#190 = ORIENTED_EDGE('',*,*,#191,.F.);
#191 = EDGE_CURVE('',#192,#184,#194,.T.);
#192 = VERTEX_POINT('',#193);
#193 = CARTESIAN_POINT('',(-16.,2.,-67.75));
#194 = LINE('',#195,#196);
#195 = CARTESIAN_POINT('',(-16.,2.,-67.75));
#196 = VECTOR('',#197,1.);
#197 = DIRECTION('',(0.,1.,0.));
#198 = ORIENTED_EDGE('',*,*,#199,.T.);
#199 = EDGE_CURVE('',#192,#200,#202,.T.);
#200 = VERTEX_POINT('',#201);
#201 = CARTESIAN_POINT('',(-16.,2.,-29.68269697989));
#202 = LINE('',#203,#204);
#203 = CARTESIAN_POINT('',(-16.,2.,-67.75));
#204 = VECTOR('',#205,1.);
#205 = DIRECTION('',(0.,0.,1.));
#206 = ORIENTED_EDGE('',*,*,#207,.T.);
#207 = EDGE_CURVE('',#200,#129,#208,.T.);
#208 = CIRCLE('',#209,29.75);
#209 = AXIS2_PLACEMENT_3D('',#210,#211,#212);
#210 = CARTESIAN_POINT('',(-16.,0.,0.));
#211 = DIRECTION('',(1.,0.,-0.));
#212 = DIRECTION('',(0.,0.,1.));
#213 = PLANE('',#214);
#214 = AXIS2_PLACEMENT_3D('',#215,#216,#217);
#215 = CARTESIAN_POINT('',(-16.,4.38066615695E-15,-14.72157430981));
#216 = DIRECTION('',(-1.,-0.,-0.));
#217 = DIRECTION('',(0.,0.,-1.));
#218 = ADVANCED_FACE('',(#219,#244),#255,.T.);
#219 = FACE_BOUND('',#220,.T.);
#220 = EDGE_LOOP('',(#221,#231,#237,#238));
#221 = ORIENTED_EDGE('',*,*,#222,.F.);
#222 = EDGE_CURVE('',#223,#225,#227,.T.);
#223 = VERTEX_POINT('',#224);
#224 = CARTESIAN_POINT('',(16.,14.,-67.75));
#225 = VERTEX_POINT('',#226);
#226 = CARTESIAN_POINT('',(16.,14.,-32.89471842104));
#227 = LINE('',#228,#229);
#228 = CARTESIAN_POINT('',(16.,14.,-67.75));
#229 = VECTOR('',#230,1.);
#230 = DIRECTION('',(0.,0.,1.));
#231 = ORIENTED_EDGE('',*,*,#232,.F.);
#232 = EDGE_CURVE('',#184,#223,#233,.T.);
#233 = LINE('',#234,#235);
#234 = CARTESIAN_POINT('',(-16.,14.,-67.75));
#235 = VECTOR('',#236,1.);
#236 = DIRECTION('',(1.,0.,0.));
#237 = ORIENTED_EDGE('',*,*,#183,.T.);
#238 = ORIENTED_EDGE('',*,*,#239,.T.);
#239 = EDGE_CURVE('',#175,#225,#240,.T.);
#240 = LINE('',#241,#242);
#241 = CARTESIAN_POINT('',(-16.,14.,-32.89471842104));
#242 = VECTOR('',#243,1.);
#243 = DIRECTION('',(1.,0.,0.));
#244 = FACE_BOUND('',#245,.T.);
#245 = EDGE_LOOP('',(#246));
#246 = ORIENTED_EDGE('',*,*,#247,.F.);
#247 = EDGE_CURVE('',#248,#248,#250,.T.);
#248 = VERTEX_POINT('',#249);
#249 = CARTESIAN_POINT('',(-1.396097351028E-15,14.,-46.05));
#250 = CIRCLE('',#251,5.7);
#251 = AXIS2_PLACEMENT_3D('',#252,#253,#254);
#252 = CARTESIAN_POINT('',(0.,14.,-51.75));
#253 = DIRECTION('',(0.,1.,0.));
#254 = DIRECTION('',(0.,0.,1.));
#255 = PLANE('',#256);
#256 = AXIS2_PLACEMENT_3D('',#257,#258,#259);
#257 = CARTESIAN_POINT('',(-16.,14.,-67.75));
#258 = DIRECTION('',(0.,1.,0.));
#259 = DIRECTION('',(0.,0.,1.));
#260 = ADVANCED_FACE('',(#261),#279,.F.);
#261 = FACE_BOUND('',#262,.F.);
#262 = EDGE_LOOP('',(#263,#264,#272,#278));
#263 = ORIENTED_EDGE('',*,*,#191,.F.);
#264 = ORIENTED_EDGE('',*,*,#265,.T.);
#265 = EDGE_CURVE('',#192,#266,#268,.T.);
#266 = VERTEX_POINT('',#267);
#267 = CARTESIAN_POINT('',(16.,2.,-67.75));
#268 = LINE('',#269,#270);
#269 = CARTESIAN_POINT('',(-16.,2.,-67.75));
#270 = VECTOR('',#271,1.);
#271 = DIRECTION('',(1.,0.,0.));
#272 = ORIENTED_EDGE('',*,*,#273,.T.);
#273 = EDGE_CURVE('',#266,#223,#274,.T.);
#274 = LINE('',#275,#276);
#275 = CARTESIAN_POINT('',(16.,2.,-67.75));
#276 = VECTOR('',#277,1.);
#277 = DIRECTION('',(0.,1.,0.));
#278 = ORIENTED_EDGE('',*,*,#232,.F.);
#279 = PLANE('',#280);
#280 = AXIS2_PLACEMENT_3D('',#281,#282,#283);
#281 = CARTESIAN_POINT('',(-16.,2.,-67.75));
#282 = DIRECTION('',(0.,0.,1.));
#283 = DIRECTION('',(1.,0.,0.));
#284 = ADVANCED_FACE('',(#285),#304,.F.);
#285 = FACE_BOUND('',#286,.F.);
#286 = EDGE_LOOP('',(#287,#288,#296,#303));
#287 = ORIENTED_EDGE('',*,*,#247,.F.);
#288 = ORIENTED_EDGE('',*,*,#289,.F.);
#289 = EDGE_CURVE('',#290,#248,#292,.T.);
#290 = VERTEX_POINT('',#291);
#291 = CARTESIAN_POINT('',(-1.396097351028E-15,2.,-46.05));
#292 = LINE('',#293,#294);
#293 = CARTESIAN_POINT('',(-1.396097351028E-15,-35.,-46.05));
#294 = VECTOR('',#295,1.);
#295 = DIRECTION('',(0.,1.,0.));
#296 = ORIENTED_EDGE('',*,*,#297,.T.);
#297 = EDGE_CURVE('',#290,#290,#298,.T.);
#298 = CIRCLE('',#299,5.7);
#299 = AXIS2_PLACEMENT_3D('',#300,#301,#302);
#300 = CARTESIAN_POINT('',(0.,2.,-51.75));
#301 = DIRECTION('',(0.,1.,0.));
#302 = DIRECTION('',(0.,0.,1.));
#303 = ORIENTED_EDGE('',*,*,#289,.T.);
#304 = CYLINDRICAL_SURFACE('',#305,5.7);
#305 = AXIS2_PLACEMENT_3D('',#306,#307,#308);
#306 = CARTESIAN_POINT('',(0.,-35.,-51.75));
#307 = DIRECTION('',(0.,1.,0.));
#308 = DIRECTION('',(0.,0.,1.));
#309 = ADVANCED_FACE('',(#310),#356,.T.);
#310 = FACE_BOUND('',#311,.T.);
#311 = EDGE_LOOP('',(#312,#323,#332,#338,#339,#340,#349));
#312 = ORIENTED_EDGE('',*,*,#313,.F.);
#313 = EDGE_CURVE('',#314,#316,#318,.T.);
#314 = VERTEX_POINT('',#315);
#315 = CARTESIAN_POINT('',(16.,10.723805294764,-27.75));
#316 = VERTEX_POINT('',#317);
#317 = CARTESIAN_POINT('',(16.,15.093245278485,25.637013222361));
#318 = CIRCLE('',#319,29.75);
#319 = AXIS2_PLACEMENT_3D('',#320,#321,#322);
#320 = CARTESIAN_POINT('',(16.,0.,0.));
#321 = DIRECTION('',(1.,0.,-0.));
#322 = DIRECTION('',(0.,0.,1.));
#323 = ORIENTED_EDGE('',*,*,#324,.F.);
#324 = EDGE_CURVE('',#325,#314,#327,.T.);
#325 = VERTEX_POINT('',#326);
#326 = CARTESIAN_POINT('',(16.,2.,-29.68269697989));
#327 = CIRCLE('',#328,29.75);
#328 = AXIS2_PLACEMENT_3D('',#329,#330,#331);
#329 = CARTESIAN_POINT('',(16.,0.,0.));
#330 = DIRECTION('',(1.,0.,-0.));
#331 = DIRECTION('',(0.,0.,1.));
#332 = ORIENTED_EDGE('',*,*,#333,.F.);
#333 = EDGE_CURVE('',#266,#325,#334,.T.);
#334 = LINE('',#335,#336);
#335 = CARTESIAN_POINT('',(16.,2.,-67.75));
#336 = VECTOR('',#337,1.);
#337 = DIRECTION('',(0.,0.,1.));
#338 = ORIENTED_EDGE('',*,*,#273,.T.);
#339 = ORIENTED_EDGE('',*,*,#222,.T.);
#340 = ORIENTED_EDGE('',*,*,#341,.T.);
#341 = EDGE_CURVE('',#225,#342,#344,.T.);
#342 = VERTEX_POINT('',#343);
#343 = CARTESIAN_POINT('',(16.,15.308066077509,32.306742531035));
#344 = CIRCLE('',#345,35.75);
#345 = AXIS2_PLACEMENT_3D('',#346,#347,#348);
#346 = CARTESIAN_POINT('',(16.,0.,0.));
#347 = DIRECTION('',(1.,0.,-0.));
#348 = DIRECTION('',(0.,0.,1.));
#349 = ORIENTED_EDGE('',*,*,#350,.F.);
#350 = EDGE_CURVE('',#316,#342,#351,.T.);
#351 = ELLIPSE('',#352,47.321810101413,15.314206584725);
#352 = AXIS2_PLACEMENT_3D('',#353,#354,#355);
#353 = CARTESIAN_POINT('',(16.,0.,33.646689713115));
#354 = DIRECTION('',(1.,-0.,0.));
#355 = DIRECTION('',(0.,0.,-1.));
#356 = PLANE('',#357);
#357 = AXIS2_PLACEMENT_3D('',#358,#359,#360);
#358 = CARTESIAN_POINT('',(16.,18.145393963256,-18.92486461644));
#359 = DIRECTION('',(1.,0.,0.));
#360 = DIRECTION('',(0.,0.,1.));
#361 = ADVANCED_FACE('',(#362),#628,.T.);
#362 = FACE_BOUND('',#363,.T.);
#363 = EDGE_LOOP('',(#364,#375,#431,#439,#446,#447,#522,#523,#558,#607)
  );
#364 = ORIENTED_EDGE('',*,*,#365,.T.);
#365 = EDGE_CURVE('',#366,#368,#370,.T.);
#366 = VERTEX_POINT('',#367);
#367 = CARTESIAN_POINT('',(16.,-15.3080660775,32.306742531035));
#368 = VERTEX_POINT('',#369);
#369 = CARTESIAN_POINT('',(16.,-15.09324527848,25.637013222361));
#370 = ELLIPSE('',#371,47.321810101413,15.314206584725);
#371 = AXIS2_PLACEMENT_3D('',#372,#373,#374);
#372 = CARTESIAN_POINT('',(16.,0.,33.646689713115));
#373 = DIRECTION('',(1.,-0.,0.));
#374 = DIRECTION('',(0.,0.,-1.));
#375 = ORIENTED_EDGE('',*,*,#376,.F.);
#376 = EDGE_CURVE('',#377,#368,#379,.T.);
#377 = VERTEX_POINT('',#378);
#378 = CARTESIAN_POINT('',(26.251480635374,1.658989329171E-15,29.75));
#379 = B_SPLINE_CURVE_WITH_KNOTS('',8,(#380,#381,#382,#383,#384,#385,
    #386,#387,#388,#389,#390,#391,#392,#393,#394,#395,#396,#397,#398,
    #399,#400,#401,#402,#403,#404,#405,#406,#407,#408,#409,#410,#411,
    #412,#413,#414,#415,#416,#417,#418,#419,#420,#421,#422,#423,#424,
    #425,#426,#427,#428,#429,#430),.UNSPECIFIED.,.F.,.F.,(9,7,7,7,7,7,7,
    9),(0.,9.797052803315E-02,0.16398263682,0.259491278458,
    0.343929566261,0.465706918137,0.620968481523,1.),.UNSPECIFIED.);
#380 = CARTESIAN_POINT('',(26.251480635374,0.,29.75));
#381 = CARTESIAN_POINT('',(26.251480635374,-0.480092132192,29.75));
#382 = CARTESIAN_POINT('',(26.232801152825,-0.960337707579,
    29.741145749063));
#383 = CARTESIAN_POINT('',(26.195421962704,-1.437983085219,
    29.723427088948));
#384 = CARTESIAN_POINT('',(26.139844402357,-1.910722384551,
    29.697104334317));
#385 = CARTESIAN_POINT('',(26.066941557895,-2.376643489792,
    29.662634120026));
#386 = CARTESIAN_POINT('',(25.977833866916,-2.834182693263,
    29.62060559279));
#387 = CARTESIAN_POINT('',(25.873790137526,-3.28208797767,
    29.571686947261));
#388 = CARTESIAN_POINT('',(25.676891263129,-4.014043738773,
    29.479453043074));
#389 = CARTESIAN_POINT('',(25.591428476241,-4.303990744709,
    29.439501753761));
#390 = CARTESIAN_POINT('',(25.500141464781,-4.589030566736,
    29.396927609004));
#391 = CARTESIAN_POINT('',(25.403404263436,-4.869030738603,
    29.35192961203));
#392 = CARTESIAN_POINT('',(25.301578840311,-5.143917400422,
    29.304701126914));
#393 = CARTESIAN_POINT('',(25.195006826122,-5.413666990891,
    29.255425590363));
#394 = CARTESIAN_POINT('',(25.084003232091,-5.678299947508,
    29.204273407201));
#395 = CARTESIAN_POINT('',(24.802247528811,-6.313440780868,
    29.074900966404));
#396 = CARTESIAN_POINT('',(24.626987910967,-6.678359184416,
    28.994811101014));
#397 = CARTESIAN_POINT('',(24.443920909399,-7.032858043268,
    28.911595775312));
#398 = CARTESIAN_POINT('',(24.253807528048,-7.37720335014,
    28.825676199776));
#399 = CARTESIAN_POINT('',(24.057319652727,-7.71169710946,
    28.737429002922));
#400 = CARTESIAN_POINT('',(23.855037535463,-8.036673774203,
    28.647185780808));
#401 = CARTESIAN_POINT('',(23.647447278829,-8.35249668273,
    28.555232646531));
#402 = CARTESIAN_POINT('',(23.247061157594,-8.931021407227,
    28.379215505751));
#403 = CARTESIAN_POINT('',(23.055362962823,-9.195603375367,
    28.295482954599));
#404 = CARTESIAN_POINT('',(22.860128168842,-9.453551800214,
    28.21078502682));
#405 = CARTESIAN_POINT('',(22.661609312648,-9.705098957665,
    28.125278919117));
#406 = CARTESIAN_POINT('',(22.460029309915,-9.950463148658,
    28.039107426629));
#407 = CARTESIAN_POINT('',(22.25558301079,-10.18985240863,
    27.952400036877));
#408 = CARTESIAN_POINT('',(22.048438036943,-10.42346677712,
    27.865273815376));
#409 = CARTESIAN_POINT('',(21.536299909992,-10.980368607,27.651728031446
    ));
#410 = CARTESIAN_POINT('',(21.228569593699,-11.29760024908,
    27.524980551742));
#411 = CARTESIAN_POINT('',(20.915969846083,-11.60377241627,
    27.397908926822));
#412 = CARTESIAN_POINT('',(20.598862650987,-11.89937941888,
    27.270801870439));
#413 = CARTESIAN_POINT('',(20.277553427957,-12.18485402398,
    27.14392407962));
#414 = CARTESIAN_POINT('',(19.95229580937,-12.46058314662,
    27.017520082318));
#415 = CARTESIAN_POINT('',(19.623293847726,-12.7269167235,
    26.891817380206));
#416 = CARTESIAN_POINT('',(18.866659059698,-13.31215776807,
    26.607928230217));
#417 = CARTESIAN_POINT('',(18.436821733386,-13.6253536826,
    26.450329179149));
#418 = CARTESIAN_POINT('',(18.001524462056,-13.92440531774,26.2946775234
    ));
#419 = CARTESIAN_POINT('',(17.561043158205,-14.20982291552,
    26.141407622011));
#420 = CARTESIAN_POINT('',(17.115601749956,-14.48201104755,
    25.990948403839));
#421 = CARTESIAN_POINT('',(16.665375972236,-14.74128964229,
    25.843729063555));
#422 = CARTESIAN_POINT('',(16.210494058093,-14.98790414676,
    25.700184452835));
#423 = CARTESIAN_POINT('',(14.629380557281,-15.79357075647,
    25.220391322598));
#424 = CARTESIAN_POINT('',(13.481459132734,-16.29014232433,
    24.904886497858));
#425 = CARTESIAN_POINT('',(12.307341739659,-16.71504790823,
    24.620301041753));
#426 = CARTESIAN_POINT('',(11.107622633652,-17.06733228667,
    24.373929075412));
#427 = CARTESIAN_POINT('',(9.883670837919,-17.34349453885,
    24.174404592757));
#428 = CARTESIAN_POINT('',(8.637667148926,-17.53745570563,
    24.031571490498));
#429 = CARTESIAN_POINT('',(7.372797063789,-17.6403628683,23.955794661718
    ));
#430 = CARTESIAN_POINT('',(6.093873250359,-17.6403628683,23.955794661718
    ));
#431 = ORIENTED_EDGE('',*,*,#432,.T.);
#432 = EDGE_CURVE('',#377,#433,#435,.T.);
#433 = VERTEX_POINT('',#434);
#434 = CARTESIAN_POINT('',(29.204387975208,-3.600461589493E-15,
    42.258471828479));
#435 = LINE('',#436,#437);
#436 = CARTESIAN_POINT('',(18.793852415718,-4.898587196589E-15,
    -1.840402866513));
#437 = VECTOR('',#438,1.);
#438 = DIRECTION('',(0.229757172566,2.864921477068E-17,0.973247985693));
#439 = ORIENTED_EDGE('',*,*,#440,.F.);
#440 = EDGE_CURVE('',#433,#433,#441,.T.);
#441 = CIRCLE('',#442,14.7);
#442 = AXIS2_PLACEMENT_3D('',#443,#444,#445);
#443 = CARTESIAN_POINT('',(15.390906449655,0.,47.286167935366));
#444 = DIRECTION('',(0.342020143326,-0.,0.939692620786));
#445 = DIRECTION('',(0.939692620786,0.,-0.342020143326));
#446 = ORIENTED_EDGE('',*,*,#432,.F.);
#447 = ORIENTED_EDGE('',*,*,#448,.F.);
#448 = EDGE_CURVE('',#316,#377,#449,.T.);
#449 = B_SPLINE_CURVE_WITH_KNOTS('',8,(#450,#451,#452,#453,#454,#455,
    #456,#457,#458,#459,#460,#461,#462,#463,#464,#465,#466,#467,#468,
    #469,#470,#471,#472,#473,#474,#475,#476,#477,#478,#479,#480,#481,
    #482,#483,#484,#485,#486,#487,#488,#489,#490,#491,#492,#493,#494,
    #495,#496,#497,#498,#499,#500,#501,#502,#503,#504,#505,#506,#507,
    #508,#509,#510,#511,#512,#513,#514,#515,#516,#517,#518,#519,#520,
    #521),.UNSPECIFIED.,.F.,.F.,(9,7,7,7,7,7,7,7,7,7,9),(0.,
    0.107808472953,0.22725868543,0.39907077334,0.597600409527,
    0.660884417248,0.807680021928,0.852854958397,0.9042578775,
    0.944048131571,1.),.UNSPECIFIED.);
#450 = CARTESIAN_POINT('',(-9.779516610176,7.286648454927E-15,29.75));
#451 = CARTESIAN_POINT('',(-9.779516610176,0.969547609869,29.75));
#452 = CARTESIAN_POINT('',(-9.730035121534,1.939521644534,
    29.713888673681));
#453 = CARTESIAN_POINT('',(-9.630998766845,2.901090448893,
    29.641610482158));
#454 = CARTESIAN_POINT('',(-9.48375113248,3.846843762113,29.534706536452
    ));
#455 = CARTESIAN_POINT('',(-9.290446252227,4.770547440018,
    29.395851410122));
#456 = CARTESIAN_POINT('',(-9.053754125891,5.667001873492,
    29.228515756699));
#457 = CARTESIAN_POINT('',(-8.77672124562,6.531956311628,29.036701228113
    ));
#458 = CARTESIAN_POINT('',(-8.114619598622,8.281742252628,
    28.589793490669));
#459 = CARTESIAN_POINT('',(-7.720940391593,9.159096414851,
    28.329985609459));
#460 = CARTESIAN_POINT('',(-7.285327387194,9.991145228925,
    28.050619062424));
#461 = CARTESIAN_POINT('',(-6.811370993391,10.775919787774,
    27.757198668181));
#462 = CARTESIAN_POINT('',(-6.302409885118,11.512200584122,
    27.455169069166));
#463 = CARTESIAN_POINT('',(-5.76147927376,12.19937577315,27.149760284091
    ));
#464 = CARTESIAN_POINT('',(-5.191270081757,12.837330924008,
    26.845876063116));
#465 = CARTESIAN_POINT('',(-3.735047343728,14.273480260601,
    26.11956196701));
#466 = CARTESIAN_POINT('',(-2.819773037314,15.019719186736,
    25.703362810166));
#467 = CARTESIAN_POINT('',(-1.856781533032,15.663756245171,
    25.313729846705));
#468 = CARTESIAN_POINT('',(-0.854598063055,16.206085698585,
    24.963628460602));
#469 = CARTESIAN_POINT('',(0.178116676825,16.648910565872,
    24.663679776304));
#470 = CARTESIAN_POINT('',(1.232348303485,16.99608994329,24.420711496016
    ));
#471 = CARTESIAN_POINT('',(2.298648849878,17.252866433247,
    24.237297340812));
#472 = CARTESIAN_POINT('',(4.601968997593,17.625450625416,
    23.968035341351));
#473 = CARTESIAN_POINT('',(5.839727747551,17.713122989304,
    23.901794925628));
#474 = CARTESIAN_POINT('',(7.070083566999,17.69950420708,23.911474448636
    ));
#475 = CARTESIAN_POINT('',(8.285881216324,17.595766888165,
    23.989543783996));
#476 = CARTESIAN_POINT('',(9.482425072964,17.411061336221,
    24.126360186573));
#477 = CARTESIAN_POINT('',(10.657000905806,17.152311469077,
    24.31274428762));
#478 = CARTESIAN_POINT('',(11.808686976018,16.82397579509,
    24.540639585428));
#479 = CARTESIAN_POINT('',(13.298167484106,16.300527508044,
    24.887312695323));
#480 = CARTESIAN_POINT('',(13.655844281065,16.167066150093,
    24.974641460019));
#481 = CARTESIAN_POINT('',(14.011147210785,16.026722041522,
    25.065277796252));
#482 = CARTESIAN_POINT('',(14.364050519984,15.879526722027,
    25.15900488126));
#483 = CARTESIAN_POINT('',(14.714525110583,15.725488374005,
    25.255614061815));
#484 = CARTESIAN_POINT('',(15.062538487904,15.564590784424,
    25.354904377043));
#485 = CARTESIAN_POINT('',(15.408054708866,15.396792306695,
    25.456682081251));
#486 = CARTESIAN_POINT('',(16.546620809549,14.816628586763,
    25.802183016604));
#487 = CARTESIAN_POINT('',(17.32806502262,14.373983897552,
    26.055833630839));
#488 = CARTESIAN_POINT('',(18.095432250912,13.893047745255,
    26.31951123416));
#489 = CARTESIAN_POINT('',(18.848052879957,13.372110881805,
    26.591087553702));
#490 = CARTESIAN_POINT('',(19.58462005218,12.808908811724,
    26.868370140485));
#491 = CARTESIAN_POINT('',(20.303123046232,12.200331063188,
    27.148988752455));
#492 = CARTESIAN_POINT('',(21.000855861533,11.54237396756,
    27.430340498795));
#493 = CARTESIAN_POINT('',(21.881069790983,10.60878483248,
    27.795176215606));
#494 = CARTESIAN_POINT('',(22.085830252016,10.383833973226,
    27.880789669568));
#495 = CARTESIAN_POINT('',(22.288092967607,10.15345220461,
    27.966067077663));
#496 = CARTESIAN_POINT('',(22.487710581938,9.917457980871,
    28.050903018544));
#497 = CARTESIAN_POINT('',(22.684512528824,9.675661696719,
    28.135181592856));
#498 = CARTESIAN_POINT('',(22.878304283461,9.427863609795,
    28.218775646466));
#499 = CARTESIAN_POINT('',(23.068866019308,9.1738505297,28.301545817753)
  );
#500 = CARTESIAN_POINT('',(23.46882749787,8.617024147983,28.476409364998
    ));
#501 = CARTESIAN_POINT('',(23.677176579305,8.312347340702,
    28.568203455954));
#502 = CARTESIAN_POINT('',(23.880652713004,7.998998671315,28.65850511447
    ));
#503 = CARTESIAN_POINT('',(24.078827968404,7.676633127008,
    28.747058726747));
#504 = CARTESIAN_POINT('',(24.271192445158,7.344923807016,
    28.833569237722));
#505 = CARTESIAN_POINT('',(24.457155032505,7.003562867051,
    28.917701756259));
#506 = CARTESIAN_POINT('',(24.636044168657,6.652262463721,
    28.999081160333));
#507 = CARTESIAN_POINT('',(24.939527095282,6.010918556064,29.13783334824
    ));
#508 = CARTESIAN_POINT('',(25.067240693099,5.724999807309,
    29.196468840052));
#509 = CARTESIAN_POINT('',(25.189898284457,5.432886355793,
    29.253004248415));
#510 = CARTESIAN_POINT('',(25.307101693831,5.134515566039,
    29.307222940003));
#511 = CARTESIAN_POINT('',(25.418411133966,4.829880988086,
    29.358887844123));
#512 = CARTESIAN_POINT('',(25.523353626266,4.519041245963,
    29.407745536843));
#513 = CARTESIAN_POINT('',(25.621434386947,4.202132090564,
    29.453532142541));
#514 = CARTESIAN_POINT('',(25.839714426011,3.425539527676,
    29.555671444397));
#515 = CARTESIAN_POINT('',(25.952794713065,2.959871737938,
    29.608798478608));
#516 = CARTESIAN_POINT('',(26.049851264279,2.483389218353,29.65455443328
    ));
#517 = CARTESIAN_POINT('',(26.129410781539,1.997439309007,
    29.692162906165));
#518 = CARTESIAN_POINT('',(26.190155691525,1.503740983124,29.72093071817
    ));
#519 = CARTESIAN_POINT('',(26.231046840294,1.004432243868,
    29.740314219675));
#520 = CARTESIAN_POINT('',(26.251480635374,0.502129654231,29.75));
#521 = CARTESIAN_POINT('',(26.251480635374,1.658989329171E-15,29.75));
#522 = ORIENTED_EDGE('',*,*,#350,.T.);
#523 = ORIENTED_EDGE('',*,*,#524,.F.);
#524 = EDGE_CURVE('',#525,#342,#527,.T.);
#525 = VERTEX_POINT('',#526);
#526 = CARTESIAN_POINT('',(-6.759570687879,8.756224613904E-15,35.75));
#527 = B_SPLINE_CURVE_WITH_KNOTS('',8,(#528,#529,#530,#531,#532,#533,
    #534,#535,#536,#537,#538,#539,#540,#541,#542,#543,#544,#545,#546,
    #547,#548,#549,#550,#551,#552,#553,#554,#555,#556,#557),
  .UNSPECIFIED.,.F.,.F.,(9,7,7,7,9),(0.,0.181542184409,0.333181105983,
    0.620325549765,1.),.UNSPECIFIED.);
#528 = CARTESIAN_POINT('',(-6.759570687879,8.756224613904E-15,35.75));
#529 = CARTESIAN_POINT('',(-6.759570687879,0.952495534618,35.75));
#530 = CARTESIAN_POINT('',(-6.705828833779,1.905451674143,
    35.720997076506));
#531 = CARTESIAN_POINT('',(-6.598257724934,2.849596672073,
    35.662942089257));
#532 = CARTESIAN_POINT('',(-6.43840506592,3.77713223934,35.577235550741)
  );
#533 = CARTESIAN_POINT('',(-6.228762290349,4.681470791634,
    35.466334617383));
#534 = CARTESIAN_POINT('',(-5.972453672582,5.55709593671,35.333431177044
    ));
#535 = CARTESIAN_POINT('',(-5.673110387051,6.399488299984,
    35.182175435431));
#536 = CARTESIAN_POINT('',(-5.052094243539,7.877937326035,
    34.877966372163));
#537 = CARTESIAN_POINT('',(-4.742030152161,8.525581109077,
    34.729302777582));
#538 = CARTESIAN_POINT('',(-4.406553410141,9.146451986149,
    34.572523500791));
#539 = CARTESIAN_POINT('',(-4.04766822147,9.739478941558,34.409750112502
    ));
#540 = CARTESIAN_POINT('',(-3.667315456235,10.303965853952,
    34.243049772413));
#541 = CARTESIAN_POINT('',(-3.267338229698,10.839530755536,
    34.07437764013));
#542 = CARTESIAN_POINT('',(-2.849453936086,11.346058418326,
    33.905538838536));
#543 = CARTESIAN_POINT('',(-1.5929453954,12.728015000807,33.421227737874
    ));
#544 = CARTESIAN_POINT('',(-0.712369460012,13.528255145349,
    33.109673285781));
#545 = CARTESIAN_POINT('',(0.215884228917,14.225207682312,
    32.814575211686));
#546 = CARTESIAN_POINT('',(1.182008159581,14.821046895757,
    32.545257085217));
#547 = CARTESIAN_POINT('',(2.176917773875,15.319321225993,
    32.308773987477));
#548 = CARTESIAN_POINT('',(3.192323267551,15.724542746939,
    32.109583520054));
#549 = CARTESIAN_POINT('',(4.220835047802,16.041812797531,
    31.949838035019));
#550 = CARTESIAN_POINT('',(6.625025831437,16.586531492884,
    31.671293330416));
#551 = CARTESIAN_POINT('',(8.005829119054,16.752102311157,
    31.582270187488));
#552 = CARTESIAN_POINT('',(9.385312090084,16.785527947241,
    31.563490305459));
#553 = CARTESIAN_POINT('',(10.753456186131,16.698827548059,
    31.610522959773));
#554 = CARTESIAN_POINT('',(12.102981403024,16.502127164566,
    31.716024986172));
#555 = CARTESIAN_POINT('',(13.428881126098,16.202791150081,
    31.872085138803));
#556 = CARTESIAN_POINT('',(14.728253863733,15.805205478277,
    32.071180476254));
#557 = CARTESIAN_POINT('',(16.0000006,15.308065842963,32.306742642172));
#558 = ORIENTED_EDGE('',*,*,#559,.T.);
#559 = EDGE_CURVE('',#525,#560,#562,.T.);
#560 = VERTEX_POINT('',#561);
#561 = CARTESIAN_POINT('',(8.927651464961,-16.67876129648,
    31.620901657211));
#562 = B_SPLINE_CURVE_WITH_KNOTS('',7,(#563,#564,#565,#566,#567,#568,
    #569,#570,#571,#572,#573,#574,#575,#576,#577,#578,#579,#580,#581,
    #582,#583,#584,#585,#586,#587,#588,#589,#590,#591,#592,#593,#594,
    #595,#596,#597,#598,#599,#600,#601,#602,#603,#604,#605,#606),
  .UNSPECIFIED.,.F.,.F.,(8,6,6,6,6,6,6,8),(0.,0.106468663816,
    0.218933319882,0.293169292662,0.375112915302,0.492664028043,
    0.651303326464,1.),.UNSPECIFIED.);
#563 = CARTESIAN_POINT('',(-6.759570687879,7.105427357601E-15,35.75));
#564 = CARTESIAN_POINT('',(-6.759570687879,-0.476817632926,35.75));
#565 = CARTESIAN_POINT('',(-6.745822604467,-0.953658939252,
    35.742580487596));
#566 = CARTESIAN_POINT('',(-6.71832406901,-1.429378898052,
    35.727740136683));
#567 = CARTESIAN_POINT('',(-6.67717620387,-1.902888131432,
    35.705574825869));
#568 = CARTESIAN_POINT('',(-6.622568366317,-2.373150229734,
    35.676268972373));
#569 = CARTESIAN_POINT('',(-6.554769243413,-2.839180014245,
    35.640086653212));
#570 = CARTESIAN_POINT('',(-6.388937673579,-3.786859851501,
    35.552232280204));
#571 = CARTESIAN_POINT('',(-6.289411194546,-4.267947834311,
    35.499799270569));
#572 = CARTESIAN_POINT('',(-6.175942912331,-4.742234482981,
    35.440453122849));
#573 = CARTESIAN_POINT('',(-6.049004649909,-5.20879545921,
    35.374660429097));
#574 = CARTESIAN_POINT('',(-5.90911570694,-5.666836951794,
    35.302941134304));
#575 = CARTESIAN_POINT('',(-5.756823545637,-6.115682360094,
    35.225848856489));
#576 = CARTESIAN_POINT('',(-5.484350706693,-6.84459252765,
    35.089898495236));
#577 = CARTESIAN_POINT('',(-5.370849101693,-7.130172911774,
    35.033748774421));
#578 = CARTESIAN_POINT('',(-5.25234621565,-7.411346002351,
    34.975669233273));
#579 = CARTESIAN_POINT('',(-5.129002903678,-7.687975514757,
    34.915825669874));
#580 = CARTESIAN_POINT('',(-5.000979748924,-7.959945266183,
    34.854384758134));
#581 = CARTESIAN_POINT('',(-4.868435508906,-8.227157413575,
    34.791512393319));
#582 = CARTESIAN_POINT('',(-4.580400755141,-8.779145228571,
    34.65657222302));
#583 = CARTESIAN_POINT('',(-4.423957302318,-9.062862665647,
    34.584227758328));
#584 = CARTESIAN_POINT('',(-4.262403693483,-9.340575359844,
    34.510558419919));
#585 = CARTESIAN_POINT('',(-4.095944924304,-9.612197163899,
    34.435781110013));
#586 = CARTESIAN_POINT('',(-3.9247812803,-9.87766149409,34.360108341753)
  );
#587 = CARTESIAN_POINT('',(-3.749107121128,-10.13691939807,
    34.283746724325));
#588 = CARTESIAN_POINT('',(-3.310896754681,-10.75290148603,
    34.096649491827));
#589 = CARTESIAN_POINT('',(-3.043791493118,-11.10301844803,
    33.985397727651));
#590 = CARTESIAN_POINT('',(-2.768344153545,-11.440195645,33.873727763891
    ));
#591 = CARTESIAN_POINT('',(-2.485086726054,-11.76438913976,
    33.762200826459));
#592 = CARTESIAN_POINT('',(-2.194530960285,-12.07559886116,
    33.651347347123));
#593 = CARTESIAN_POINT('',(-1.897166408254,-12.3738635437,
    33.541662551791));
#594 = CARTESIAN_POINT('',(-1.183594080723,-13.04440222293,
    33.287770656965));
#595 = CARTESIAN_POINT('',(-0.762187598701,-13.40609459025,
    33.144901588323));
#596 = CARTESIAN_POINT('',(-0.330387375065,-13.74450964609,
    33.006116806287));
#597 = CARTESIAN_POINT('',(0.110704552603,-14.05990581037,
    32.872422486489));
#598 = CARTESIAN_POINT('',(0.560032409029,-14.35261731856,
    32.744694073508));
#599 = CARTESIAN_POINT('',(1.016588996556,-14.62304472985,
    32.623669254067));
#600 = CARTESIAN_POINT('',(2.496745628775,-15.4180694931,32.259986018075
    ));
#601 = CARTESIAN_POINT('',(3.544210491467,-15.8589308461,32.045357300939
    ));
#602 = CARTESIAN_POINT('',(4.611710520197,-16.19913230523,
    31.872410076643));
#603 = CARTESIAN_POINT('',(5.69045421679,-16.44482494291,31.744293170138
    ));
#604 = CARTESIAN_POINT('',(6.773050941737,-16.60259690613,31.66107551669
    ));
#605 = CARTESIAN_POINT('',(7.853580375306,-16.67876129648,
    31.620901657211));
#606 = CARTESIAN_POINT('',(8.927651464961,-16.67876129648,
    31.620901657211));
#607 = ORIENTED_EDGE('',*,*,#608,.F.);
#608 = EDGE_CURVE('',#366,#560,#609,.T.);
#609 = B_SPLINE_CURVE_WITH_KNOTS('',5,(#610,#611,#612,#613,#614,#615,
    #616,#617,#618,#619,#620,#621,#622,#623,#624,#625,#626,#627),
  .UNSPECIFIED.,.F.,.F.,(6,4,4,4,6),(0.,0.197669795314,0.385012902862,
    0.569626131157,1.),.UNSPECIFIED.);
#610 = CARTESIAN_POINT('',(16.0000006,-15.30806584296,32.306742642172));
#611 = CARTESIAN_POINT('',(15.732212182214,-15.4127472489,32.25714092675
    ));
#612 = CARTESIAN_POINT('',(15.463015563783,-15.5126275824,
    32.209294963796));
#613 = CARTESIAN_POINT('',(15.19245387869,-15.60770630092,
    32.163296181537));
#614 = CARTESIAN_POINT('',(14.920570325896,-15.69796781117,
    32.119236734089));
#615 = CARTESIAN_POINT('',(14.388516581014,-15.86433293709,
    32.037377860255));
#616 = CARTESIAN_POINT('',(14.128476835459,-15.94092987921,
    31.999371628512));
#617 = CARTESIAN_POINT('',(13.867325856511,-16.01314623498,
    31.963269963645));
#618 = CARTESIAN_POINT('',(13.605102875522,-16.08094440996,
    31.929152277251));
#619 = CARTESIAN_POINT('',(13.08243199763,-16.20668331278,
    31.865511270003));
#620 = CARTESIAN_POINT('',(12.822014202107,-16.26475332215,
    31.835928166443));
#621 = CARTESIAN_POINT('',(12.560635840833,-16.31843827777,
    31.808425247809));
#622 = CARTESIAN_POINT('',(12.298340947849,-16.36768084792,
    31.783078186656));
#623 = CARTESIAN_POINT('',(11.421686848771,-16.51669476053,
    31.706073121758));
#624 = CARTESIAN_POINT('',(10.803482706176,-16.59646545729,
    31.664308443397));
#625 = CARTESIAN_POINT('',(10.18116627192,-16.65087330534,
    31.635611794939));
#626 = CARTESIAN_POINT('',(9.555541057822,-16.67876129648,
    31.620901657211));
#627 = CARTESIAN_POINT('',(8.927651464961,-16.67876129648,
    31.620901657211));
#628 = CONICAL_SURFACE('',#629,20.,0.117237677006);
#629 = AXIS2_PLACEMENT_3D('',#630,#631,#632);
#630 = CARTESIAN_POINT('',(0.,0.,5.));
#631 = DIRECTION('',(-0.342020143326,-0.,-0.939692620786));
#632 = DIRECTION('',(0.939692620786,0.,-0.342020143326));
#633 = ADVANCED_FACE('',(#634),#653,.T.);
#634 = FACE_BOUND('',#635,.T.);
#635 = EDGE_LOOP('',(#636,#645,#651,#652));
#636 = ORIENTED_EDGE('',*,*,#637,.F.);
#637 = EDGE_CURVE('',#638,#638,#640,.T.);
#638 = VERTEX_POINT('',#639);
#639 = CARTESIAN_POINT('',(78.318480556774,-3.600461589493E-15,
    177.19833217333));
#640 = CIRCLE('',#641,14.7);
#641 = AXIS2_PLACEMENT_3D('',#642,#643,#644);
#642 = CARTESIAN_POINT('',(64.504999031221,0.,182.22602828022));
#643 = DIRECTION('',(0.342020143326,-0.,0.939692620786));
#644 = DIRECTION('',(0.939692620786,0.,-0.342020143326));
#645 = ORIENTED_EDGE('',*,*,#646,.F.);
#646 = EDGE_CURVE('',#433,#638,#647,.T.);
#647 = LINE('',#648,#649);
#648 = CARTESIAN_POINT('',(29.204387975208,-3.600461589493E-15,
    42.258471828479));
#649 = VECTOR('',#650,1.);
#650 = DIRECTION('',(0.342020143326,1.232595164408E-32,0.939692620786));
#651 = ORIENTED_EDGE('',*,*,#440,.T.);
#652 = ORIENTED_EDGE('',*,*,#646,.T.);
#653 = CYLINDRICAL_SURFACE('',#654,14.7);
#654 = AXIS2_PLACEMENT_3D('',#655,#656,#657);
#655 = CARTESIAN_POINT('',(15.390906449655,0.,47.286167935366));
#656 = DIRECTION('',(0.342020143326,0.,0.939692620786));
#657 = DIRECTION('',(0.939692620786,0.,-0.342020143326));
#658 = ADVANCED_FACE('',(#659),#672,.T.);
#659 = FACE_BOUND('',#660,.T.);
#660 = EDGE_LOOP('',(#661,#670,#671));
#661 = ORIENTED_EDGE('',*,*,#662,.T.);
#662 = EDGE_CURVE('',#638,#663,#665,.T.);
#663 = VERTEX_POINT('',#664);
#664 = CARTESIAN_POINT('',(64.504999031221,0.,196.92602828022));
#665 = CIRCLE('',#666,14.7);
#666 = AXIS2_PLACEMENT_3D('',#667,#668,#669);
#667 = CARTESIAN_POINT('',(64.504999031221,0.,182.22602828022));
#668 = DIRECTION('',(-2.449293598295E-16,-1.,0.));
#669 = DIRECTION('',(1.,-2.449293598295E-16,0.));
#670 = ORIENTED_EDGE('',*,*,#662,.F.);
#671 = ORIENTED_EDGE('',*,*,#637,.T.);
#672 = SPHERICAL_SURFACE('',#673,14.7);
#673 = AXIS2_PLACEMENT_3D('',#674,#675,#676);
#674 = CARTESIAN_POINT('',(64.504999031221,0.,182.22602828022));
#675 = DIRECTION('',(0.,0.,1.));
#676 = DIRECTION('',(1.,0.,0.));
#677 = ADVANCED_FACE('',(#678),#714,.T.);
#678 = FACE_BOUND('',#679,.T.);
#679 = EDGE_LOOP('',(#680,#689,#690,#697,#698,#699,#707));
#680 = ORIENTED_EDGE('',*,*,#681,.F.);
#681 = EDGE_CURVE('',#368,#682,#684,.T.);
#682 = VERTEX_POINT('',#683);
#683 = CARTESIAN_POINT('',(16.,-10.72380529476,-27.75));
#684 = CIRCLE('',#685,29.75);
#685 = AXIS2_PLACEMENT_3D('',#686,#687,#688);
#686 = CARTESIAN_POINT('',(16.,0.,0.));
#687 = DIRECTION('',(1.,0.,-0.));
#688 = DIRECTION('',(0.,0.,1.));
#689 = ORIENTED_EDGE('',*,*,#365,.F.);
#690 = ORIENTED_EDGE('',*,*,#691,.T.);
#691 = EDGE_CURVE('',#366,#24,#692,.T.);
#692 = CIRCLE('',#693,35.75);
#693 = AXIS2_PLACEMENT_3D('',#694,#695,#696);
#694 = CARTESIAN_POINT('',(16.,0.,0.));
#695 = DIRECTION('',(1.,0.,-0.));
#696 = DIRECTION('',(0.,0.,1.));
#697 = ORIENTED_EDGE('',*,*,#21,.F.);
#698 = ORIENTED_EDGE('',*,*,#81,.T.);
#699 = ORIENTED_EDGE('',*,*,#700,.T.);
#700 = EDGE_CURVE('',#82,#701,#703,.T.);
#701 = VERTEX_POINT('',#702);
#702 = CARTESIAN_POINT('',(16.,-2.,-29.68269697989));
#703 = LINE('',#704,#705);
#704 = CARTESIAN_POINT('',(16.,-2.,-67.75));
#705 = VECTOR('',#706,1.);
#706 = DIRECTION('',(0.,0.,1.));
#707 = ORIENTED_EDGE('',*,*,#708,.F.);
#708 = EDGE_CURVE('',#682,#701,#709,.T.);
#709 = CIRCLE('',#710,29.75);
#710 = AXIS2_PLACEMENT_3D('',#711,#712,#713);
#711 = CARTESIAN_POINT('',(16.,0.,0.));
#712 = DIRECTION('',(1.,0.,-0.));
#713 = DIRECTION('',(0.,0.,1.));
#714 = PLANE('',#715);
#715 = AXIS2_PLACEMENT_3D('',#716,#717,#718);
#716 = CARTESIAN_POINT('',(16.,-18.14539396325,-18.92486461644));
#717 = DIRECTION('',(1.,0.,0.));
#718 = DIRECTION('',(0.,0.,1.));
#719 = ADVANCED_FACE('',(#720,#731),#734,.T.);
#720 = FACE_BOUND('',#721,.T.);
#721 = EDGE_LOOP('',(#722,#723,#729,#730));
#722 = ORIENTED_EDGE('',*,*,#333,.T.);
#723 = ORIENTED_EDGE('',*,*,#724,.F.);
#724 = EDGE_CURVE('',#200,#325,#725,.T.);
#725 = LINE('',#726,#727);
#726 = CARTESIAN_POINT('',(-150.,2.,-29.68269697989));
#727 = VECTOR('',#728,1.);
#728 = DIRECTION('',(1.,0.,0.));
#729 = ORIENTED_EDGE('',*,*,#199,.F.);
#730 = ORIENTED_EDGE('',*,*,#265,.T.);
#731 = FACE_BOUND('',#732,.T.);
#732 = EDGE_LOOP('',(#733));
#733 = ORIENTED_EDGE('',*,*,#297,.T.);
#734 = PLANE('',#735);
#735 = AXIS2_PLACEMENT_3D('',#736,#737,#738);
#736 = CARTESIAN_POINT('',(0.,2.,-48.71634848994));
#737 = DIRECTION('',(-0.,-1.,-0.));
#738 = DIRECTION('',(0.,0.,-1.));
#739 = ADVANCED_FACE('',(#740,#751),#754,.T.);
#740 = FACE_BOUND('',#741,.T.);
#741 = EDGE_LOOP('',(#742,#743,#744,#745));
#742 = ORIENTED_EDGE('',*,*,#700,.F.);
#743 = ORIENTED_EDGE('',*,*,#89,.F.);
#744 = ORIENTED_EDGE('',*,*,#157,.T.);
#745 = ORIENTED_EDGE('',*,*,#746,.T.);
#746 = EDGE_CURVE('',#149,#701,#747,.T.);
#747 = LINE('',#748,#749);
#748 = CARTESIAN_POINT('',(-150.,-2.,-29.68269697989));
#749 = VECTOR('',#750,1.);
#750 = DIRECTION('',(1.,0.,0.));
#751 = FACE_BOUND('',#752,.T.);
#752 = EDGE_LOOP('',(#753));
#753 = ORIENTED_EDGE('',*,*,#103,.F.);
#754 = PLANE('',#755);
#755 = AXIS2_PLACEMENT_3D('',#756,#757,#758);
#756 = CARTESIAN_POINT('',(0.,-2.,-48.71634848994));
#757 = DIRECTION('',(0.,1.,0.));
#758 = DIRECTION('',(0.,0.,1.));
#759 = ADVANCED_FACE('',(#760),#771,.T.);
#760 = FACE_BOUND('',#761,.T.);
#761 = EDGE_LOOP('',(#762,#763,#764,#765,#766,#767,#768,#769,#770));
#762 = ORIENTED_EDGE('',*,*,#608,.T.);
#763 = ORIENTED_EDGE('',*,*,#559,.F.);
#764 = ORIENTED_EDGE('',*,*,#524,.T.);
#765 = ORIENTED_EDGE('',*,*,#341,.F.);
#766 = ORIENTED_EDGE('',*,*,#239,.F.);
#767 = ORIENTED_EDGE('',*,*,#174,.T.);
#768 = ORIENTED_EDGE('',*,*,#165,.T.);
#769 = ORIENTED_EDGE('',*,*,#47,.T.);
#770 = ORIENTED_EDGE('',*,*,#691,.F.);
#771 = CYLINDRICAL_SURFACE('',#772,35.75);
#772 = AXIS2_PLACEMENT_3D('',#773,#774,#775);
#773 = CARTESIAN_POINT('',(-16.,0.,0.));
#774 = DIRECTION('',(1.,0.,0.));
#775 = DIRECTION('',(0.,0.,1.));
#776 = ADVANCED_FACE('',(#777),#791,.F.);
#777 = FACE_BOUND('',#778,.F.);
#778 = EDGE_LOOP('',(#779,#780,#781,#782,#783,#784,#785,#786,#787,#788,
    #789,#790));
#779 = ORIENTED_EDGE('',*,*,#148,.T.);
#780 = ORIENTED_EDGE('',*,*,#746,.T.);
#781 = ORIENTED_EDGE('',*,*,#708,.F.);
#782 = ORIENTED_EDGE('',*,*,#681,.F.);
#783 = ORIENTED_EDGE('',*,*,#376,.F.);
#784 = ORIENTED_EDGE('',*,*,#448,.F.);
#785 = ORIENTED_EDGE('',*,*,#313,.F.);
#786 = ORIENTED_EDGE('',*,*,#324,.F.);
#787 = ORIENTED_EDGE('',*,*,#724,.F.);
#788 = ORIENTED_EDGE('',*,*,#207,.T.);
#789 = ORIENTED_EDGE('',*,*,#128,.T.);
#790 = ORIENTED_EDGE('',*,*,#139,.T.);
#791 = CYLINDRICAL_SURFACE('',#792,29.75);
#792 = AXIS2_PLACEMENT_3D('',#793,#794,#795);
#793 = CARTESIAN_POINT('',(-150.,0.,0.));
#794 = DIRECTION('',(1.,0.,0.));
#795 = DIRECTION('',(0.,0.,1.));
#796 = MANIFOLD_SOLID_BREP('',#797);
#797 = CLOSED_SHELL('',(#798,#838,#869,#900,#933,#973,#1004,#1026,#1057,
    #1197,#2736,#4061,#4078,#4119,#4128,#4142));
#798 = ADVANCED_FACE('',(#799),#833,.T.);
#799 = FACE_BOUND('',#800,.T.);
#800 = EDGE_LOOP('',(#801,#811,#819,#827));
#801 = ORIENTED_EDGE('',*,*,#802,.F.);
#802 = EDGE_CURVE('',#803,#805,#807,.T.);
#803 = VERTEX_POINT('',#804);
#804 = CARTESIAN_POINT('',(2.5,-55.,-34.75));
#805 = VERTEX_POINT('',#806);
#806 = CARTESIAN_POINT('',(2.5,-55.,-44.15065792321));
#807 = LINE('',#808,#809);
#808 = CARTESIAN_POINT('',(2.5,-55.,-34.75));
#809 = VECTOR('',#810,1.);
#810 = DIRECTION('',(0.,2.22044604925E-16,-1.));
#811 = ORIENTED_EDGE('',*,*,#812,.F.);
#812 = EDGE_CURVE('',#813,#803,#815,.T.);
#813 = VERTEX_POINT('',#814);
#814 = CARTESIAN_POINT('',(2.5,-63.,-34.75));
#815 = LINE('',#816,#817);
#816 = CARTESIAN_POINT('',(2.5,-63.,-34.75));
#817 = VECTOR('',#818,1.);
#818 = DIRECTION('',(0.,1.,2.22044604925E-16));
#819 = ORIENTED_EDGE('',*,*,#820,.T.);
#820 = EDGE_CURVE('',#813,#821,#823,.T.);
#821 = VERTEX_POINT('',#822);
#822 = CARTESIAN_POINT('',(2.5,-63.,-44.15065792321));
#823 = LINE('',#824,#825);
#824 = CARTESIAN_POINT('',(2.5,-63.,-34.75));
#825 = VECTOR('',#826,1.);
#826 = DIRECTION('',(0.,2.22044604925E-16,-1.));
#827 = ORIENTED_EDGE('',*,*,#828,.T.);
#828 = EDGE_CURVE('',#821,#805,#829,.T.);
#829 = LINE('',#830,#831);
#830 = CARTESIAN_POINT('',(2.5,-63.,-44.15065792321));
#831 = VECTOR('',#832,1.);
#832 = DIRECTION('',(0.,1.,2.22044604925E-16));
#833 = PLANE('',#834);
#834 = AXIS2_PLACEMENT_3D('',#835,#836,#837);
#835 = CARTESIAN_POINT('',(2.5,-63.,-34.75));
#836 = DIRECTION('',(1.,0.,-0.));
#837 = DIRECTION('',(0.,1.,2.22044604925E-16));
#838 = ADVANCED_FACE('',(#839),#864,.F.);
#839 = FACE_BOUND('',#840,.F.);
#840 = EDGE_LOOP('',(#841,#849,#857,#863));
#841 = ORIENTED_EDGE('',*,*,#842,.F.);
#842 = EDGE_CURVE('',#843,#813,#845,.T.);
#843 = VERTEX_POINT('',#844);
#844 = CARTESIAN_POINT('',(-2.5,-63.,-34.75));
#845 = LINE('',#846,#847);
#846 = CARTESIAN_POINT('',(-2.5,-63.,-34.75));
#847 = VECTOR('',#848,1.);
#848 = DIRECTION('',(1.,0.,-0.));
#849 = ORIENTED_EDGE('',*,*,#850,.T.);
#850 = EDGE_CURVE('',#843,#851,#853,.T.);
#851 = VERTEX_POINT('',#852);
#852 = CARTESIAN_POINT('',(-2.5,-55.,-34.75));
#853 = LINE('',#854,#855);
#854 = CARTESIAN_POINT('',(-2.5,-63.,-34.75));
#855 = VECTOR('',#856,1.);
#856 = DIRECTION('',(0.,1.,2.22044604925E-16));
#857 = ORIENTED_EDGE('',*,*,#858,.T.);
#858 = EDGE_CURVE('',#851,#803,#859,.T.);
#859 = LINE('',#860,#861);
#860 = CARTESIAN_POINT('',(-2.5,-55.,-34.75));
#861 = VECTOR('',#862,1.);
#862 = DIRECTION('',(1.,0.,-0.));
#863 = ORIENTED_EDGE('',*,*,#812,.F.);
#864 = PLANE('',#865);
#865 = AXIS2_PLACEMENT_3D('',#866,#867,#868);
#866 = CARTESIAN_POINT('',(-2.5,-63.,-34.75));
#867 = DIRECTION('',(0.,2.22044604925E-16,-1.));
#868 = DIRECTION('',(0.,1.,2.22044604925E-16));
#869 = ADVANCED_FACE('',(#870),#895,.F.);
#870 = FACE_BOUND('',#871,.F.);
#871 = EDGE_LOOP('',(#872,#880,#881,#889));
#872 = ORIENTED_EDGE('',*,*,#873,.F.);
#873 = EDGE_CURVE('',#851,#874,#876,.T.);
#874 = VERTEX_POINT('',#875);
#875 = CARTESIAN_POINT('',(-2.5,-55.,-44.15065792321));
#876 = LINE('',#877,#878);
#877 = CARTESIAN_POINT('',(-2.5,-55.,-34.75));
#878 = VECTOR('',#879,1.);
#879 = DIRECTION('',(0.,2.22044604925E-16,-1.));
#880 = ORIENTED_EDGE('',*,*,#850,.F.);
#881 = ORIENTED_EDGE('',*,*,#882,.T.);
#882 = EDGE_CURVE('',#843,#883,#885,.T.);
#883 = VERTEX_POINT('',#884);
#884 = CARTESIAN_POINT('',(-2.5,-63.,-44.15065792321));
#885 = LINE('',#886,#887);
#886 = CARTESIAN_POINT('',(-2.5,-63.,-34.75));
#887 = VECTOR('',#888,1.);
#888 = DIRECTION('',(0.,2.22044604925E-16,-1.));
#889 = ORIENTED_EDGE('',*,*,#890,.T.);
#890 = EDGE_CURVE('',#883,#874,#891,.T.);
#891 = LINE('',#892,#893);
#892 = CARTESIAN_POINT('',(-2.5,-63.,-44.15065792321));
#893 = VECTOR('',#894,1.);
#894 = DIRECTION('',(0.,1.,2.22044604925E-16));
#895 = PLANE('',#896);
#896 = AXIS2_PLACEMENT_3D('',#897,#898,#899);
#897 = CARTESIAN_POINT('',(-2.5,-63.,-34.75));
#898 = DIRECTION('',(1.,0.,-0.));
#899 = DIRECTION('',(0.,1.,2.22044604925E-16));
#900 = ADVANCED_FACE('',(#901),#928,.T.);
#901 = FACE_BOUND('',#902,.T.);
#902 = EDGE_LOOP('',(#903,#912,#920,#927));
#903 = ORIENTED_EDGE('',*,*,#904,.F.);
#904 = EDGE_CURVE('',#905,#874,#907,.T.);
#905 = VERTEX_POINT('',#906);
#906 = CARTESIAN_POINT('',(-2.5,-55.,-59.34934207678));
#907 = CIRCLE('',#908,8.);
#908 = AXIS2_PLACEMENT_3D('',#909,#910,#911);
#909 = CARTESIAN_POINT('',(0.,-55.,-51.75));
#910 = DIRECTION('',(0.,1.,2.22044604925E-16));
#911 = DIRECTION('',(1.,0.,-0.));
#912 = ORIENTED_EDGE('',*,*,#913,.F.);
#913 = EDGE_CURVE('',#914,#905,#916,.T.);
#914 = VERTEX_POINT('',#915);
#915 = CARTESIAN_POINT('',(-2.5,-63.,-59.34934207678));
#916 = LINE('',#917,#918);
#917 = CARTESIAN_POINT('',(-2.5,-63.,-59.34934207678));
#918 = VECTOR('',#919,1.);
#919 = DIRECTION('',(0.,1.,2.22044604925E-16));
#920 = ORIENTED_EDGE('',*,*,#921,.T.);
#921 = EDGE_CURVE('',#914,#883,#922,.T.);
#922 = CIRCLE('',#923,8.);
#923 = AXIS2_PLACEMENT_3D('',#924,#925,#926);
#924 = CARTESIAN_POINT('',(0.,-63.,-51.75));
#925 = DIRECTION('',(0.,1.,2.22044604925E-16));
#926 = DIRECTION('',(1.,0.,-0.));
#927 = ORIENTED_EDGE('',*,*,#890,.T.);
#928 = CYLINDRICAL_SURFACE('',#929,8.);
#929 = AXIS2_PLACEMENT_3D('',#930,#931,#932);
#930 = CARTESIAN_POINT('',(0.,-63.,-51.75));
#931 = DIRECTION('',(0.,1.,2.22044604925E-16));
#932 = DIRECTION('',(1.,0.,-0.));
#933 = ADVANCED_FACE('',(#934),#968,.T.);
#934 = FACE_BOUND('',#935,.T.);
#935 = EDGE_LOOP('',(#936,#946,#954,#962));
#936 = ORIENTED_EDGE('',*,*,#937,.F.);
#937 = EDGE_CURVE('',#938,#940,#942,.T.);
#938 = VERTEX_POINT('',#939);
#939 = CARTESIAN_POINT('',(2.5,-55.,-59.34934207678));
#940 = VERTEX_POINT('',#941);
#941 = CARTESIAN_POINT('',(2.5,-55.,-68.75));
#942 = LINE('',#943,#944);
#943 = CARTESIAN_POINT('',(2.5,-55.,-34.75));
#944 = VECTOR('',#945,1.);
#945 = DIRECTION('',(0.,2.22044604925E-16,-1.));
#946 = ORIENTED_EDGE('',*,*,#947,.F.);
#947 = EDGE_CURVE('',#948,#938,#950,.T.);
#948 = VERTEX_POINT('',#949);
#949 = CARTESIAN_POINT('',(2.5,-63.,-59.34934207678));
#950 = LINE('',#951,#952);
#951 = CARTESIAN_POINT('',(2.5,-63.,-59.34934207678));
#952 = VECTOR('',#953,1.);
#953 = DIRECTION('',(0.,1.,2.22044604925E-16));
#954 = ORIENTED_EDGE('',*,*,#955,.T.);
#955 = EDGE_CURVE('',#948,#956,#958,.T.);
#956 = VERTEX_POINT('',#957);
#957 = CARTESIAN_POINT('',(2.5,-63.,-68.75));
#958 = LINE('',#959,#960);
#959 = CARTESIAN_POINT('',(2.5,-63.,-34.75));
#960 = VECTOR('',#961,1.);
#961 = DIRECTION('',(0.,2.22044604925E-16,-1.));
#962 = ORIENTED_EDGE('',*,*,#963,.T.);
#963 = EDGE_CURVE('',#956,#940,#964,.T.);
#964 = LINE('',#965,#966);
#965 = CARTESIAN_POINT('',(2.5,-63.,-68.75));
#966 = VECTOR('',#967,1.);
#967 = DIRECTION('',(0.,1.,2.22044604925E-16));
#968 = PLANE('',#969);
#969 = AXIS2_PLACEMENT_3D('',#970,#971,#972);
#970 = CARTESIAN_POINT('',(2.5,-63.,-34.75));
#971 = DIRECTION('',(1.,0.,-0.));
#972 = DIRECTION('',(0.,1.,2.22044604925E-16));
#973 = ADVANCED_FACE('',(#974),#999,.T.);
#974 = FACE_BOUND('',#975,.T.);
#975 = EDGE_LOOP('',(#976,#984,#992,#998));
#976 = ORIENTED_EDGE('',*,*,#977,.F.);
#977 = EDGE_CURVE('',#978,#956,#980,.T.);
#978 = VERTEX_POINT('',#979);
#979 = CARTESIAN_POINT('',(-2.5,-63.,-68.75));
#980 = LINE('',#981,#982);
#981 = CARTESIAN_POINT('',(-2.5,-63.,-68.75));
#982 = VECTOR('',#983,1.);
#983 = DIRECTION('',(1.,0.,-0.));
#984 = ORIENTED_EDGE('',*,*,#985,.T.);
#985 = EDGE_CURVE('',#978,#986,#988,.T.);
#986 = VERTEX_POINT('',#987);
#987 = CARTESIAN_POINT('',(-2.5,-55.,-68.75));
#988 = LINE('',#989,#990);
#989 = CARTESIAN_POINT('',(-2.5,-63.,-68.75));
#990 = VECTOR('',#991,1.);
#991 = DIRECTION('',(0.,1.,2.22044604925E-16));
#992 = ORIENTED_EDGE('',*,*,#993,.T.);
#993 = EDGE_CURVE('',#986,#940,#994,.T.);
#994 = LINE('',#995,#996);
#995 = CARTESIAN_POINT('',(-2.5,-55.,-68.75));
#996 = VECTOR('',#997,1.);
#997 = DIRECTION('',(1.,0.,-0.));
#998 = ORIENTED_EDGE('',*,*,#963,.F.);
#999 = PLANE('',#1000);
#1000 = AXIS2_PLACEMENT_3D('',#1001,#1002,#1003);
#1001 = CARTESIAN_POINT('',(-2.5,-63.,-68.75));
#1002 = DIRECTION('',(0.,2.22044604925E-16,-1.));
#1003 = DIRECTION('',(0.,1.,2.22044604925E-16));
#1004 = ADVANCED_FACE('',(#1005),#1021,.F.);
#1005 = FACE_BOUND('',#1006,.F.);
#1006 = EDGE_LOOP('',(#1007,#1013,#1014,#1020));
#1007 = ORIENTED_EDGE('',*,*,#1008,.F.);
#1008 = EDGE_CURVE('',#905,#986,#1009,.T.);
#1009 = LINE('',#1010,#1011);
#1010 = CARTESIAN_POINT('',(-2.5,-55.,-34.75));
#1011 = VECTOR('',#1012,1.);
#1012 = DIRECTION('',(0.,2.22044604925E-16,-1.));
#1013 = ORIENTED_EDGE('',*,*,#913,.F.);
#1014 = ORIENTED_EDGE('',*,*,#1015,.T.);
#1015 = EDGE_CURVE('',#914,#978,#1016,.T.);
#1016 = LINE('',#1017,#1018);
#1017 = CARTESIAN_POINT('',(-2.5,-63.,-34.75));
#1018 = VECTOR('',#1019,1.);
#1019 = DIRECTION('',(0.,2.22044604925E-16,-1.));
#1020 = ORIENTED_EDGE('',*,*,#985,.T.);
#1021 = PLANE('',#1022);
#1022 = AXIS2_PLACEMENT_3D('',#1023,#1024,#1025);
#1023 = CARTESIAN_POINT('',(-2.5,-63.,-34.75));
#1024 = DIRECTION('',(1.,0.,-0.));
#1025 = DIRECTION('',(0.,1.,2.22044604925E-16));
#1026 = ADVANCED_FACE('',(#1027),#1052,.T.);
#1027 = FACE_BOUND('',#1028,.T.);
#1028 = EDGE_LOOP('',(#1029,#1038,#1039,#1040,#1041,#1042,#1043,#1044,
    #1045));
#1029 = ORIENTED_EDGE('',*,*,#1030,.F.);
#1030 = EDGE_CURVE('',#821,#1031,#1033,.T.);
#1031 = VERTEX_POINT('',#1032);
#1032 = CARTESIAN_POINT('',(8.,-63.,-51.75));
#1033 = CIRCLE('',#1034,8.);
#1034 = AXIS2_PLACEMENT_3D('',#1035,#1036,#1037);
#1035 = CARTESIAN_POINT('',(0.,-63.,-51.75));
#1036 = DIRECTION('',(0.,1.,2.22044604925E-16));
#1037 = DIRECTION('',(1.,0.,-0.));
#1038 = ORIENTED_EDGE('',*,*,#820,.F.);
#1039 = ORIENTED_EDGE('',*,*,#842,.F.);
#1040 = ORIENTED_EDGE('',*,*,#882,.T.);
#1041 = ORIENTED_EDGE('',*,*,#921,.F.);
#1042 = ORIENTED_EDGE('',*,*,#1015,.T.);
#1043 = ORIENTED_EDGE('',*,*,#977,.T.);
#1044 = ORIENTED_EDGE('',*,*,#955,.F.);
#1045 = ORIENTED_EDGE('',*,*,#1046,.F.);
#1046 = EDGE_CURVE('',#1031,#948,#1047,.T.);
#1047 = CIRCLE('',#1048,8.);
#1048 = AXIS2_PLACEMENT_3D('',#1049,#1050,#1051);
#1049 = CARTESIAN_POINT('',(0.,-63.,-51.75));
#1050 = DIRECTION('',(0.,1.,2.22044604925E-16));
#1051 = DIRECTION('',(1.,0.,-0.));
#1052 = PLANE('',#1053);
#1053 = AXIS2_PLACEMENT_3D('',#1054,#1055,#1056);
#1054 = CARTESIAN_POINT('',(8.97967231815E-02,-63.,-51.75));
#1055 = DIRECTION('',(0.,-1.,-2.22044604925E-16));
#1056 = DIRECTION('',(-1.,0.,0.));
#1057 = ADVANCED_FACE('',(#1058,#1083),#1192,.T.);
#1058 = FACE_BOUND('',#1059,.T.);
#1059 = EDGE_LOOP('',(#1060,#1069,#1070,#1071,#1072,#1073,#1074,#1075,
    #1076));
#1060 = ORIENTED_EDGE('',*,*,#1061,.T.);
#1061 = EDGE_CURVE('',#1062,#938,#1064,.T.);
#1062 = VERTEX_POINT('',#1063);
#1063 = CARTESIAN_POINT('',(8.,-55.,-51.75));
#1064 = CIRCLE('',#1065,8.);
#1065 = AXIS2_PLACEMENT_3D('',#1066,#1067,#1068);
#1066 = CARTESIAN_POINT('',(0.,-55.,-51.75));
#1067 = DIRECTION('',(0.,1.,2.22044604925E-16));
#1068 = DIRECTION('',(1.,0.,-0.));
#1069 = ORIENTED_EDGE('',*,*,#937,.T.);
#1070 = ORIENTED_EDGE('',*,*,#993,.F.);
#1071 = ORIENTED_EDGE('',*,*,#1008,.F.);
#1072 = ORIENTED_EDGE('',*,*,#904,.T.);
#1073 = ORIENTED_EDGE('',*,*,#873,.F.);
#1074 = ORIENTED_EDGE('',*,*,#858,.T.);
#1075 = ORIENTED_EDGE('',*,*,#802,.T.);
#1076 = ORIENTED_EDGE('',*,*,#1077,.T.);
#1077 = EDGE_CURVE('',#805,#1062,#1078,.T.);
#1078 = CIRCLE('',#1079,8.);
#1079 = AXIS2_PLACEMENT_3D('',#1080,#1081,#1082);
#1080 = CARTESIAN_POINT('',(0.,-55.,-51.75));
#1081 = DIRECTION('',(0.,1.,2.22044604925E-16));
#1082 = DIRECTION('',(1.,0.,-0.));
#1083 = FACE_BOUND('',#1084,.T.);
#1084 = EDGE_LOOP('',(#1085,#1118,#1127,#1136,#1145));
#1085 = ORIENTED_EDGE('',*,*,#1086,.T.);
#1086 = EDGE_CURVE('',#1087,#1089,#1091,.T.);
#1087 = VERTEX_POINT('',#1088);
#1088 = CARTESIAN_POINT('',(5.300014423144,-55.,-51.74998333715));
#1089 = VERTEX_POINT('',#1090);
#1090 = CARTESIAN_POINT('',(0.831671085772,-55.,-47.83741476705));
#1091 = B_SPLINE_CURVE_WITH_KNOTS('',7,(#1092,#1093,#1094,#1095,#1096,
    #1097,#1098,#1099,#1100,#1101,#1102,#1103,#1104,#1105,#1106,#1107,
    #1108,#1109,#1110,#1111,#1112,#1113,#1114,#1115,#1116,#1117),
  .UNSPECIFIED.,.F.,.F.,(8,6,6,6,8),(0.,0.35282300598,0.621497381634,
    0.83133214463,1.),.UNSPECIFIED.);
#1092 = CARTESIAN_POINT('',(5.300014423144,-55.,-51.74998333715));
#1093 = CARTESIAN_POINT('',(5.222890836229,-55.,-51.32190985304));
#1094 = CARTESIAN_POINT('',(5.104230923468,-55.,-50.90174259151));
#1095 = CARTESIAN_POINT('',(4.944219147825,-55.,-50.49467588445));
#1096 = CARTESIAN_POINT('',(4.743841264745,-55.,-50.10594268595));
#1097 = CARTESIAN_POINT('',(4.504872098565,-55.,-49.74079084258));
#1098 = CARTESIAN_POINT('',(4.229948006962,-55.,-49.40444994787));
#1099 = CARTESIAN_POINT('',(3.689026448899,-55.,-48.87154786537));
#1100 = CARTESIAN_POINT('',(3.436498019402,-55.,-48.66074075479));
#1101 = CARTESIAN_POINT('',(3.166965228659,-55.,-48.47173898945));
#1102 = CARTESIAN_POINT('',(2.882432800672,-55.,-48.3066116329));
#1103 = CARTESIAN_POINT('',(2.58522903036,-55.,-48.16725472297));
#1104 = CARTESIAN_POINT('',(2.278030964709,-55.,-48.05533561216));
#1105 = CARTESIAN_POINT('',(1.71858706599,-55.,-47.90724569961));
#1106 = CARTESIAN_POINT('',(1.469019754486,-55.,-47.85984805287));
#1107 = CARTESIAN_POINT('',(1.216684560807,-55.,-47.83063437533));
#1108 = CARTESIAN_POINT('',(0.963163643163,-55.,-47.82010227583));
#1109 = CARTESIAN_POINT('',(0.710148053038,-55.,-47.82859703072));
#1110 = CARTESIAN_POINT('',(0.459436591619,-55.,-47.85628282983));
#1111 = CARTESIAN_POINT('',(1.479108872291E-02,-55.,-47.94072078831));
#1112 = CARTESIAN_POINT('',(-0.180641076795,-55.,-47.99070645389));
#1113 = CARTESIAN_POINT('',(-0.372368919792,-55.,-48.05301725041));
#1114 = CARTESIAN_POINT('',(-0.55937261299,-55.,-48.12752367831));
#1115 = CARTESIAN_POINT('',(-0.740609183772,-55.,-48.21399398182));
#1116 = CARTESIAN_POINT('',(-0.915019065337,-55.,-48.31208048155));
#1117 = CARTESIAN_POINT('',(-1.081536641696,-55.,-48.42129839538));
#1118 = ORIENTED_EDGE('',*,*,#1119,.F.);
#1119 = EDGE_CURVE('',#1120,#1089,#1122,.T.);
#1120 = VERTEX_POINT('',#1121);
#1121 = CARTESIAN_POINT('',(-2.5,-55.,-48.6275010008));
#1122 = CIRCLE('',#1123,4.);
#1123 = AXIS2_PLACEMENT_3D('',#1124,#1125,#1126);
#1124 = CARTESIAN_POINT('',(0.,-55.,-51.75));
#1125 = DIRECTION('',(0.,1.,2.22044604925E-16));
#1126 = DIRECTION('',(1.,0.,-0.));
#1127 = ORIENTED_EDGE('',*,*,#1128,.F.);
#1128 = EDGE_CURVE('',#1129,#1120,#1131,.T.);
#1129 = VERTEX_POINT('',#1130);
#1130 = CARTESIAN_POINT('',(-2.5,-55.,-54.87249899919));
#1131 = CIRCLE('',#1132,4.);
#1132 = AXIS2_PLACEMENT_3D('',#1133,#1134,#1135);
#1133 = CARTESIAN_POINT('',(0.,-55.,-51.75));
#1134 = DIRECTION('',(0.,1.,2.22044604925E-16));
#1135 = DIRECTION('',(1.,0.,-0.));
#1136 = ORIENTED_EDGE('',*,*,#1137,.F.);
#1137 = EDGE_CURVE('',#1138,#1129,#1140,.T.);
#1138 = VERTEX_POINT('',#1139);
#1139 = CARTESIAN_POINT('',(0.831637209429,-55.,-55.66259243365));
#1140 = CIRCLE('',#1141,4.);
#1141 = AXIS2_PLACEMENT_3D('',#1142,#1143,#1144);
#1142 = CARTESIAN_POINT('',(0.,-55.,-51.75));
#1143 = DIRECTION('',(0.,1.,2.22044604925E-16));
#1144 = DIRECTION('',(1.,0.,-0.));
#1145 = ORIENTED_EDGE('',*,*,#1146,.T.);
#1146 = EDGE_CURVE('',#1138,#1087,#1147,.T.);
#1147 = B_SPLINE_CURVE_WITH_KNOTS('',8,(#1148,#1149,#1150,#1151,#1152,
    #1153,#1154,#1155,#1156,#1157,#1158,#1159,#1160,#1161,#1162,#1163,
    #1164,#1165,#1166,#1167,#1168,#1169,#1170,#1171,#1172,#1173,#1174,
    #1175,#1176,#1177,#1178,#1179,#1180,#1181,#1182,#1183,#1184,#1185,
    #1186,#1187,#1188,#1189,#1190,#1191),.UNSPECIFIED.,.F.,.F.,(9,7,7,7,
    7,7,9),(0.,0.149976577609,0.331324011021,0.556984877618,
    0.838834668928,0.8580303283,1.),.UNSPECIFIED.);
#1148 = CARTESIAN_POINT('',(-1.081579715884,-55.,-55.07869757563));
#1149 = CARTESIAN_POINT('',(-0.952025377825,-55.,-55.16367290049));
#1150 = CARTESIAN_POINT('',(-0.817791174093,-55.,-55.24204750888));
#1151 = CARTESIAN_POINT('',(-0.679345227062,-55.,-55.31360923265));
#1152 = CARTESIAN_POINT('',(-0.53715347912,-55.,-55.3781873007));
#1153 = CARTESIAN_POINT('',(-0.391678157769,-55.,-55.4356494429));
#1154 = CARTESIAN_POINT('',(-0.243376240718,-55.,-55.48589899405));
#1155 = CARTESIAN_POINT('',(-9.269792098625E-02,-55.,-55.52887199787));
#1156 = CARTESIAN_POINT('',(0.244450066172,-55.,-55.6076561706));
#1157 = CARTESIAN_POINT('',(0.431818777296,-55.,-55.64009057182));
#1158 = CARTESIAN_POINT('',(0.621241865264,-55.,-55.66177788239));
#1159 = CARTESIAN_POINT('',(0.811966978075,-55.,-55.67272549459));
#1160 = CARTESIAN_POINT('',(1.003269619292,-55.,-55.67299872891));
#1161 = CARTESIAN_POINT('',(1.194453869778,-55.,-55.66271401083));
#1162 = CARTESIAN_POINT('',(1.384852819694,-55.,-55.6420343208));
#1163 = CARTESIAN_POINT('',(1.808982098649,-55.,-55.57275686137));
#1164 = CARTESIAN_POINT('',(2.041944157738,-55.,-55.51856978659));
#1165 = CARTESIAN_POINT('',(2.271491389762,-55.,-55.4490014947));
#1166 = CARTESIAN_POINT('',(2.496494369504,-55.,-55.36454582652));
#1167 = CARTESIAN_POINT('',(2.715911832296,-55.,-55.26577581186));
#1168 = CARTESIAN_POINT('',(2.92878647007,-55.,-55.15333030321));
#1169 = CARTESIAN_POINT('',(3.134242436016,-55.,-55.02790609312));
#1170 = CARTESIAN_POINT('',(3.577839416366,-55.,-54.71833032847));
#1171 = CARTESIAN_POINT('',(3.811406279972,-55.,-54.52731384634));
#1172 = CARTESIAN_POINT('',(4.030640247161,-55.,-54.31865943179));
#1173 = CARTESIAN_POINT('',(4.234237802407,-55.,-54.09391285076));
#1174 = CARTESIAN_POINT('',(4.421106320635,-55.,-53.85468130966));
#1175 = CARTESIAN_POINT('',(4.590344752444,-55.,-53.60261337625));
#1176 = CARTESIAN_POINT('',(4.741235490037,-55.,-53.33938978377));
#1177 = CARTESIAN_POINT('',(4.882238216788,-55.,-53.04815502127));
#1178 = CARTESIAN_POINT('',(4.891141059567,-55.,-53.02954067558));
#1179 = CARTESIAN_POINT('',(4.899955379824,-55.,-53.01088211003));
#1180 = CARTESIAN_POINT('',(4.908684081274,-55.,-52.99218262489));
#1181 = CARTESIAN_POINT('',(4.917322069491,-55.,-52.97343841653));
#1182 = CARTESIAN_POINT('',(4.925873678134,-55.,-52.95465396781));
#1183 = CARTESIAN_POINT('',(4.934336237011,-55.,-52.93582752443));
#1184 = CARTESIAN_POINT('',(5.004645186729,-55.,-52.77742047854));
#1185 = CARTESIAN_POINT('',(5.061739018985,-55.,-52.6356478612));
#1186 = CARTESIAN_POINT('',(5.113930947807,-55.,-52.49185603697));
#1187 = CARTESIAN_POINT('',(5.161171682567,-55.,-52.34625727755));
#1188 = CARTESIAN_POINT('',(5.203423050977,-55.,-52.19906241322));
#1189 = CARTESIAN_POINT('',(5.240657447319,-55.,-52.05048061685));
#1190 = CARTESIAN_POINT('',(5.272857280672,-55.,-51.90071918802));
#1191 = CARTESIAN_POINT('',(5.300014423144,-55.,-51.74998333715));
#1192 = PLANE('',#1193);
#1193 = AXIS2_PLACEMENT_3D('',#1194,#1195,#1196);
#1194 = CARTESIAN_POINT('',(8.97967231815E-02,-55.,-51.75));
#1195 = DIRECTION('',(0.,1.,2.22044604925E-16));
#1196 = DIRECTION('',(1.,0.,-0.));
#1197 = ADVANCED_FACE('',(#1198),#2381,.T.);
#1198 = FACE_BOUND('',#1199,.T.);
#1199 = EDGE_LOOP('',(#1200,#1219,#1220,#1402,#1445,#1473,#1536,#1599,
    #1669,#1732,#1795,#1865,#1928,#1991,#2054,#2117,#2194,#2264,#2320));
#1200 = ORIENTED_EDGE('',*,*,#1201,.F.);
#1201 = EDGE_CURVE('',#1089,#1202,#1204,.T.);
#1202 = VERTEX_POINT('',#1203);
#1203 = CARTESIAN_POINT('',(4.,-54.3499954585,-51.75));
#1204 = B_SPLINE_CURVE_WITH_KNOTS('',7,(#1205,#1206,#1207,#1208,#1209,
    #1210,#1211,#1212,#1213,#1214,#1215,#1216,#1217,#1218),
  .UNSPECIFIED.,.F.,.F.,(8,6,8),(0.,0.308723612644,1.),.UNSPECIFIED.);
#1205 = CARTESIAN_POINT('',(0.831666196944,-55.0000006,-47.83741372787)
  );
#1206 = CARTESIAN_POINT('',(1.066431774093,-54.97135134628,
    -47.88731590971));
#1207 = CARTESIAN_POINT('',(1.297856467007,-54.94268342716,
    -47.95368509171));
#1208 = CARTESIAN_POINT('',(1.524381312107,-54.91401761525,
    -48.03622860172));
#1209 = CARTESIAN_POINT('',(1.744594996075,-54.88536150319,
    -48.13446354962));
#1210 = CARTESIAN_POINT('',(1.95721872393,-54.85671433267,
    -48.24777991152));
#1211 = CARTESIAN_POINT('',(2.16109161918,-54.82806880502,-48.3754884358
    ));
#1212 = CARTESIAN_POINT('',(2.789696069629,-54.73523842005,
    -48.83338970825));
#1213 = CARTESIAN_POINT('',(3.175201872496,-54.67097841317,
    -49.21850674376));
#1214 = CARTESIAN_POINT('',(3.497509940415,-54.60679525825,
    -49.6623538937));
#1215 = CARTESIAN_POINT('',(3.746725728666,-54.54262084477,
    -50.15221586627));
#1216 = CARTESIAN_POINT('',(3.915698878676,-54.47843028021,
    -50.6740690679));
#1217 = CARTESIAN_POINT('',(4.,-54.41416685413,-51.21240141779));
#1218 = CARTESIAN_POINT('',(4.,-54.3499954585,-51.75));
#1219 = ORIENTED_EDGE('',*,*,#1086,.F.);
#1220 = ORIENTED_EDGE('',*,*,#1221,.T.);
#1221 = EDGE_CURVE('',#1087,#1222,#1224,.T.);
#1222 = VERTEX_POINT('',#1223);
#1223 = CARTESIAN_POINT('',(-2.650123734412,-11.,-47.1601200133));
#1224 = B_SPLINE_CURVE_WITH_KNOTS('',11,(#1225,#1226,#1227,#1228,#1229,
    #1230,#1231,#1232,#1233,#1234,#1235,#1236,#1237,#1238,#1239,#1240,
    #1241,#1242,#1243,#1244,#1245,#1246,#1247,#1248,#1249,#1250,#1251,
    #1252,#1253,#1254,#1255,#1256,#1257,#1258,#1259,#1260,#1261,#1262,
    #1263,#1264,#1265,#1266,#1267,#1268,#1269,#1270,#1271,#1272,#1273,
    #1274,#1275,#1276,#1277,#1278,#1279,#1280,#1281,#1282,#1283,#1284,
    #1285,#1286,#1287,#1288,#1289,#1290,#1291,#1292,#1293,#1294,#1295,
    #1296,#1297,#1298,#1299,#1300,#1301,#1302,#1303,#1304,#1305,#1306,
    #1307,#1308,#1309,#1310,#1311,#1312,#1313,#1314,#1315,#1316,#1317,
    #1318,#1319,#1320,#1321,#1322,#1323,#1324,#1325,#1326,#1327,#1328,
    #1329,#1330,#1331,#1332,#1333,#1334,#1335,#1336,#1337,#1338,#1339,
    #1340,#1341,#1342,#1343,#1344,#1345,#1346,#1347,#1348,#1349,#1350,
    #1351,#1352,#1353,#1354,#1355,#1356,#1357,#1358,#1359,#1360,#1361,
    #1362,#1363,#1364,#1365,#1366,#1367,#1368,#1369,#1370,#1371,#1372,
    #1373,#1374,#1375,#1376,#1377,#1378,#1379,#1380,#1381,#1382,#1383,
    #1384,#1385,#1386,#1387,#1388,#1389,#1390,#1391,#1392,#1393,#1394,
    #1395,#1396,#1397,#1398,#1399,#1400,#1401),.UNSPECIFIED.,.F.,.F.,(12
    ,11,11,11,11,11,11,11,11,11,11,11,11,11,11,11,12),(0.,7.252754625486
    ,14.505509250972,21.758263876457,29.011018501943,36.263773127429,
    43.516527752915,50.769282378401,58.022037003887,65.274791629372,
    72.527546254858,79.780300880344,87.03305550583,94.285810131316,
    101.5385647568,108.79131938228,116.04407400777),
  .PIECEWISE_BEZIER_KNOTS.);
#1225 = CARTESIAN_POINT('',(5.3,-58.,-51.75));
#1226 = CARTESIAN_POINT('',(5.299999951712,-57.71583005881,
    -54.90348433772));
#1227 = CARTESIAN_POINT('',(3.236715145419,-57.43208490492,
    -58.05696752639));
#1228 = CARTESIAN_POINT('',(-0.896324826397,-57.14703401221,
    -59.70991548273));
#1229 = CARTESIAN_POINT('',(-5.840273870118,-56.86483191152,
    -58.35772672794));
#1230 = CARTESIAN_POINT('',(-9.236404107035,-56.57796411665,
    -53.66606616468));
#1231 = CARTESIAN_POINT('',(-8.425766077024,-56.29700084314,
    -47.50866636795));
#1232 = CARTESIAN_POINT('',(-3.931071500343,-56.01019692018,
    -43.85585866771));
#1233 = CARTESIAN_POINT('',(1.194393692525,-55.72789230088,
    -43.82931922695));
#1234 = CARTESIAN_POINT('',(4.758786284074,-55.44294732324,
    -46.49566453041));
#1235 = CARTESIAN_POINT('',(5.935589063086,-55.15911957172,
    -50.07570284482));
#1236 = CARTESIAN_POINT('',(5.119406879332,-54.875,-53.12174093904));
#1237 = CARTESIAN_POINT('',(4.303225027652,-54.59083005881,
    -56.16777289115));
#1238 = CARTESIAN_POINT('',(1.494063438632,-54.30708490493,
    -58.67978634251));
#1239 = CARTESIAN_POINT('',(-2.925961022908,-54.02203401219,
    -59.20670200417));
#1240 = CARTESIAN_POINT('',(-7.351476885755,-53.73983191155,
    -56.62099979339));
#1241 = CARTESIAN_POINT('',(-9.417595684148,-53.45296411662,
    -51.21022050217));
#1242 = CARTESIAN_POINT('',(-7.040927139439,-53.17200084318,
    -45.4724375766));
#1243 = CARTESIAN_POINT('',(-1.753969365658,-52.88519692015,
    -43.1074088388));
#1244 = CARTESIAN_POINT('',(3.203718748616,-52.60289230091,
    -44.4083417145));
#1245 = CARTESIAN_POINT('',(5.956556662462,-52.31794732322,
    -47.90636619182));
#1246 = CARTESIAN_POINT('',(6.166678761194,-52.03411957173,
    -51.66899663036));
#1247 = CARTESIAN_POINT('',(4.589934640058,-51.74999999999,-54.4));
#1248 = CARTESIAN_POINT('',(3.013192429375,-51.46583005882,
    -57.13099752276));
#1249 = CARTESIAN_POINT('',(-0.350406222446,-51.1820849049,
    -58.8303516714));
#1250 = CARTESIAN_POINT('',(-4.756197811071,-50.89703401224,
    -58.19532660681));
#1251 = CARTESIAN_POINT('',(-8.361688900552,-50.6148319115,
    -54.55232227261));
#1252 = CARTESIAN_POINT('',(-8.956993678649,-50.32796411666,
    -48.79115992042));
#1253 = CARTESIAN_POINT('',(-5.176260653039,-50.04700084315,
    -43.86401429022));
#1254 = CARTESIAN_POINT('',(0.542662882771,-49.76019692016,
    -42.94793731499));
#1255 = CARTESIAN_POINT('',(4.994715666358,-49.47789230091,
    -45.48768608154));
#1256 = CARTESIAN_POINT('',(6.748397547989,-49.19294732322,
    -49.57900514536));
#1257 = CARTESIAN_POINT('',(5.977519492642,-48.90911957173,
    -53.26781066168));
#1258 = CARTESIAN_POINT('',(3.747665940289,-48.62499999999,
    -55.49766594028));
#1259 = CARTESIAN_POINT('',(1.517815746571,-48.34083005882,
    -57.72751606571));
#1260 = CARTESIAN_POINT('',(-2.170996278537,-48.05708490491,
    -58.49840273473));
#1261 = CARTESIAN_POINT('',(-6.262307578407,-47.77203401222,
    -56.74471285261));
#1262 = CARTESIAN_POINT('',(-8.802065635095,-47.48983191152,
    -52.29267112002));
#1263 = CARTESIAN_POINT('',(-7.885987356126,-47.20296411664,
    -46.57373940037));
#1264 = CARTESIAN_POINT('',(-2.958840557255,-46.92200084316,
    -42.79300789776));
#1265 = CARTESIAN_POINT('',(2.802313552483,-46.63519692016,
    -43.38831181706));
#1266 = CARTESIAN_POINT('',(6.445330965625,-46.3528923009,
    -46.99379679316));
#1267 = CARTESIAN_POINT('',(7.080346292863,-46.06794732323,
    -51.3995938105));
#1268 = CARTESIAN_POINT('',(5.381002148988,-45.78411957173,
    -54.7631884047));
#1269 = CARTESIAN_POINT('',(2.65,-45.49999999999,-56.33993464005));
#1270 = CARTESIAN_POINT('',(-8.099757105111E-02,-45.21583005882,
    -57.9166767671));
#1271 = CARTESIAN_POINT('',(-3.843636525988,-44.9320849049,
    -57.70656130394));
#1272 = CARTESIAN_POINT('',(-7.341651433221,-44.64703401224,
    -54.95371767165));
#1273 = CARTESIAN_POINT('',(-8.642596142721,-44.36483191148,
    -49.9960378274));
#1274 = CARTESIAN_POINT('',(-6.277564027474,-44.07796411671,
    -44.70907248602));
#1275 = CARTESIAN_POINT('',(-0.539780367231,-43.79700084308,
    -42.33240571493));
#1276 = CARTESIAN_POINT('',(4.870991184652,-43.51019692024,
    -44.39852155046));
#1277 = CARTESIAN_POINT('',(7.456707610989,-43.22789230083,
    -48.82403489332));
#1278 = CARTESIAN_POINT('',(6.929781138706,-42.94294732327,
    -53.24406207839));
#1279 = CARTESIAN_POINT('',(4.417778401407,-42.6591195717,
    -56.05322233747));
#1280 = CARTESIAN_POINT('',(1.371740939042,-42.375,-56.86940687933));
#1281 = CARTESIAN_POINT('',(-1.67429103806,-42.09083005878,
    -57.68558863772));
#1282 = CARTESIAN_POINT('',(-5.254339296107,-41.80708490498,
    -56.50879006398));
#1283 = CARTESIAN_POINT('',(-7.920673875509,-41.5220340121,
    -52.94439442575));
#1284 = CARTESIAN_POINT('',(-7.89414800579,-41.23983191166,
    -47.81893415831));
#1285 = CARTESIAN_POINT('',(-4.241335084512,-40.95296411652,
    -43.32423314602));
#1286 = CARTESIAN_POINT('',(1.916064962792,-40.67200084324,
    -42.51359701937));
#1287 = CARTESIAN_POINT('',(6.607718817278,-40.38519692013,
    -45.90972239126));
#1288 = CARTESIAN_POINT('',(7.959921955459,-40.1028923009,
    -50.85367268014));
#1289 = CARTESIAN_POINT('',(6.306962851951,-39.81794732323,
    -54.98671248468));
#1290 = CARTESIAN_POINT('',(3.153490356492,-39.53411957173,
    -57.04999877935));
#1291 = CARTESIAN_POINT('',(6.338263247585E-13,-39.24999999999,-57.05));
#1292 = CARTESIAN_POINT('',(-3.153484337728,-38.96583005883,
    -57.04999995171));
#1293 = CARTESIAN_POINT('',(-6.306967526389,-38.68208490489,
    -54.98671514542));
#1294 = CARTESIAN_POINT('',(-7.959915482728,-38.39703401225,
    -50.8536751736));
#1295 = CARTESIAN_POINT('',(-6.607726727956,-38.11483191149,
    -45.90972612987));
#1296 = CARTESIAN_POINT('',(-1.916066164665,-37.82796411669,
    -42.51359589297));
#1297 = CARTESIAN_POINT('',(4.241333632018,-37.5470008431,
    -43.32423392296));
#1298 = CARTESIAN_POINT('',(7.89414133231,-37.26019692022,
    -47.81892849966));
#1299 = CARTESIAN_POINT('',(7.920680773036,-36.97789230084,
    -52.94439369251));
#1300 = CARTESIAN_POINT('',(5.254335469591,-36.69294732327,
    -56.50878628407));
#1301 = CARTESIAN_POINT('',(1.674297155173,-36.4091195717,
    -57.68558906308));
#1302 = CARTESIAN_POINT('',(-1.371740939045,-36.125,-56.86940687933));
#1303 = CARTESIAN_POINT('',(-4.41777289115,-35.84083005878,
    -56.05322502765));
#1304 = CARTESIAN_POINT('',(-6.929786342522,-35.55708490499,
    -53.24406343863));
#1305 = CARTESIAN_POINT('',(-7.456702004161,-35.27203401211,
    -48.82403897708));
#1306 = CARTESIAN_POINT('',(-4.870999793405,-34.98983191164,
    -44.39852311425));
#1307 = CARTESIAN_POINT('',(0.539779497841,-34.70296411656,
    -42.33240431582));
#1308 = CARTESIAN_POINT('',(6.27756242339,-34.42200084319,
    -44.70907286058));
#1309 = CARTESIAN_POINT('',(8.642591161196,-34.13519692018,
    -49.99603063432));
#1310 = CARTESIAN_POINT('',(7.341658285497,-33.85289230086,
    -54.95371874862));
#1311 = CARTESIAN_POINT('',(3.843633808171,-33.56794732326,
    -57.70655666245));
#1312 = CARTESIAN_POINT('',(8.100336963559E-02,-33.28411957172,
    -57.91667876119));
#1313 = CARTESIAN_POINT('',(-2.65,-32.99999999999,-56.33993464005));
#1314 = CARTESIAN_POINT('',(-5.3809973908,-32.71582849545,
    -54.76319256132));
#1315 = CARTESIAN_POINT('',(-7.080352257816,-32.43209185208,
    -51.39959319121));
#1316 = CARTESIAN_POINT('',(-6.445325020698,-32.14701522142,
    -46.99380377487));
#1317 = CARTESIAN_POINT('',(-2.802325449815,-31.8648695519,
    -43.3883079226));
#1318 = CARTESIAN_POINT('',(2.958845124191,-31.57790435295,
    -42.7930113654));
#1319 = CARTESIAN_POINT('',(7.885979159028,-31.2970784501,
    -46.57373279694));
#1320 = CARTESIAN_POINT('',(8.802069747466,-31.01011325098,
    -52.29266994443));
#1321 = CARTESIAN_POINT('',(6.262307564057,-30.72796758166,
    -56.74470931267));
#1322 = CARTESIAN_POINT('',(2.170999612991,-30.44289095086,
    -58.49840230581));
#1323 = CARTESIAN_POINT('',(-1.51781359371,-30.15915430756,
    -57.72751656094));
#1324 = CARTESIAN_POINT('',(-3.7476644887,-29.874982803,-55.49766739171)
  );
#1325 = CARTESIAN_POINT('',(-5.977518997746,-29.59086479465,
    -53.26781281487));
#1326 = CARTESIAN_POINT('',(-6.748397976371,-29.30702853253,
    -49.57900847928));
#1327 = CARTESIAN_POINT('',(-4.994719207027,-29.02210929305,
    -45.48768606789));
#1328 = CARTESIAN_POINT('',(-0.542664057532,-28.73974824219,
    -42.94794142659));
#1329 = CARTESIAN_POINT('',(5.176254048831,-28.45304172382,
    -43.86400609383));
#1330 = CARTESIAN_POINT('',(8.956997146899,-28.17194107918,
    -48.79116448681));
#1331 = CARTESIAN_POINT('',(8.361685005695,-27.88523456082,
    -54.55231037562));
#1332 = CARTESIAN_POINT('',(4.756204792986,-27.60287350988,
    -58.19533255158));
#1333 = CARTESIAN_POINT('',(0.35040560307,-27.31795427055,
    -58.83034570651));
#1334 = CARTESIAN_POINT('',(-3.013188272732,-27.03411800827,
    -57.13100228094));
#1335 = CARTESIAN_POINT('',(-4.58993464006,-26.75000000004,
    -54.39999999999));
#1336 = CARTESIAN_POINT('',(-6.166676718783,-26.46582849532,
    -51.66900260921));
#1337 = CARTESIAN_POINT('',(-5.956561518643,-26.18209185233,
    -47.906362673));
#1338 = CARTESIAN_POINT('',(-3.203717090945,-25.89701522109,
    -44.40835073331));
#1339 = CARTESIAN_POINT('',(1.753961009372,-25.61486955219,
    -43.10739951746));
#1340 = CARTESIAN_POINT('',(7.040929360871,-25.32790435284,
    -45.47244286305));
#1341 = CARTESIAN_POINT('',(9.417591886801,-25.04707844996,
    -51.21021068499));
#1342 = CARTESIAN_POINT('',(7.351481035084,-24.76011325128,
    -56.62100083138));
#1343 = CARTESIAN_POINT('',(2.925962780394,-24.47796758132,
    -59.2066989314));
#1344 = CARTESIAN_POINT('',(-1.494060336435,-24.19289095112,
    -58.67978763823));
#1345 = CARTESIAN_POINT('',(-4.303223410832,-23.90915430742,
    -56.16777439648));
#1346 = CARTESIAN_POINT('',(-5.119406347934,-23.62498280304,
    -53.1217429218));
#1347 = CARTESIAN_POINT('',(-5.935589711086,-23.34086479456,
    -50.075704957));
#1348 = CARTESIAN_POINT('',(-4.758788322024,-23.05702853269,
    -46.49566720345));
#1349 = CARTESIAN_POINT('',(-1.194396752022,-22.77210929273,
    -43.82931744486));
#1350 = CARTESIAN_POINT('',(3.931068427196,-22.48974824275,
    -43.85586164097));
#1351 = CARTESIAN_POINT('',(8.425764455774,-22.20304172302,
    -47.50865596772));
#1352 = CARTESIAN_POINT('',(9.236404827456,-21.92194108009,
    -53.66607185326));
#1353 = CARTESIAN_POINT('',(5.840276445559,-21.63523455996,
    -58.35771447755));
#1354 = CARTESIAN_POINT('',(0.896327900532,-21.35287351054,
    -59.7099241219));
#1355 = CARTESIAN_POINT('',(-3.236712699363,-21.06795427014,
    -58.056962051));
#1356 = CARTESIAN_POINT('',(-5.299998731045,-20.78411800849,
    -54.90349053672));
#1357 = CARTESIAN_POINT('',(-5.3,-20.49999999995,-51.75));
#1358 = CARTESIAN_POINT('',(-5.299999951714,-20.21583005895,
    -48.59651566225));
#1359 = CARTESIAN_POINT('',(-3.236715145406,-19.93208490466,
    -45.44303247364));
#1360 = CARTESIAN_POINT('',(0.896324826356,-19.64703401253,
    -43.79008451722));
#1361 = CARTESIAN_POINT('',(5.840273870197,-19.36483191124,
    -45.14227327209));
#1362 = CARTESIAN_POINT('',(9.236404106928,-19.07796411681,
    -49.83393383528));
#1363 = CARTESIAN_POINT('',(8.425766077129,-18.7970008431,
    -55.99133363204));
#1364 = CARTESIAN_POINT('',(3.931071500266,-18.51019692017,
    -59.6441413323));
#1365 = CARTESIAN_POINT('',(-1.194393692485,-18.2278923009,
    -59.67068077303));
#1366 = CARTESIAN_POINT('',(-4.758786284088,-17.94294732324,
    -57.00433546959));
#1367 = CARTESIAN_POINT('',(-5.935589063084,-17.6591195717,
    -53.42429715517));
#1368 = CARTESIAN_POINT('',(-5.119406879331,-17.37500000002,
    -50.37825906095));
#1369 = CARTESIAN_POINT('',(-4.303225027653,-17.09083005874,
    -47.33222710885));
#1370 = CARTESIAN_POINT('',(-1.494063438633,-16.80708490506,
    -44.82021365747));
#1371 = CARTESIAN_POINT('',(2.92596102292,-16.52203401199,
    -44.29329799584));
#1372 = CARTESIAN_POINT('',(7.351476885721,-16.23983191179,
    -46.87900020658));
#1373 = CARTESIAN_POINT('',(9.417595684206,-15.95296411642,
    -52.28977949784));
#1374 = CARTESIAN_POINT('',(7.040927139371,-15.67200084329,
    -58.02756242339));
#1375 = CARTESIAN_POINT('',(1.753969365713,-15.38519692012,
    -60.39259116119));
#1376 = CARTESIAN_POINT('',(-3.203718748649,-15.10289230089,
    -59.0916582855));
#1377 = CARTESIAN_POINT('',(-5.95655666245,-14.81794732324,
    -55.59363380817));
#1378 = CARTESIAN_POINT('',(-6.166678761196,-14.53411957173,
    -51.83100336963));
#1379 = CARTESIAN_POINT('',(-4.589934640058,-14.24999999998,-49.1));
#1380 = CARTESIAN_POINT('',(-3.013192429374,-13.96583005884,
    -46.36900247723));
#1381 = CARTESIAN_POINT('',(0.350406222448,-13.68208490489,
    -44.66964832859));
#1382 = CARTESIAN_POINT('',(4.75619781106,-13.39703401222,
    -45.30467339318));
#1383 = CARTESIAN_POINT('',(8.361688900575,-13.11483191158,
    -48.94767772738));
#1384 = CARTESIAN_POINT('',(8.956993678613,-12.8279641165,
    -54.70884007958));
#1385 = CARTESIAN_POINT('',(5.176260653078,-12.54700084338,
    -59.63598570975));
#1386 = CARTESIAN_POINT('',(-0.542662882804,-12.26019691992,
    -60.55206268503));
#1387 = CARTESIAN_POINT('',(-4.994715666336,-11.97789230112,
    -58.01231391843));
#1388 = CARTESIAN_POINT('',(-6.748397548002,-11.69294732308,
    -53.92099485464));
#1389 = CARTESIAN_POINT('',(-5.977519492636,-11.40911957181,
    -50.23218933831));
#1390 = CARTESIAN_POINT('',(-3.747665940291,-11.12499999996,
    -48.00233405971));
#1391 = CARTESIAN_POINT('',(-1.517815908171,-10.84082849555,
    -45.77248402759));
#1392 = CARTESIAN_POINT('',(2.170996996662,-10.5570918519,
    -45.00159685062));
#1393 = CARTESIAN_POINT('',(6.262305635986,-10.27201522165,
    -46.75528826893));
#1394 = CARTESIAN_POINT('',(8.802069526043,-9.989869551752,
    -51.20732663334));
#1395 = CARTESIAN_POINT('',(7.885981178237,-9.702904352953,
    -56.92626416675));
#1396 = CARTESIAN_POINT('',(2.958848579637,-9.422078450251,
    -60.70698747004));
#1397 = CARTESIAN_POINT('',(-2.802322201516,-9.135113250761,
    -60.11169317701));
#1398 = CARTESIAN_POINT('',(-6.445323183737,-8.852967581872,
    -56.50619871343));
#1399 = CARTESIAN_POINT('',(-7.080352120147,-8.56789095073,
    -52.10040955429));
#1400 = CARTESIAN_POINT('',(-5.380998558308,-8.284154307629,
    -48.73680952195));
#1401 = CARTESIAN_POINT('',(-2.65000177767,-7.999982802977,
    -47.16006638641));
#1402 = ORIENTED_EDGE('',*,*,#1403,.T.);
#1403 = EDGE_CURVE('',#1222,#1404,#1406,.T.);
#1404 = VERTEX_POINT('',#1405);
#1405 = CARTESIAN_POINT('',(-3.804234180936,-11.,-52.98604299949));
#1406 = B_SPLINE_CURVE_WITH_KNOTS('',7,(#1407,#1408,#1409,#1410,#1411,
    #1412,#1413,#1414,#1415,#1416,#1417,#1418,#1419,#1420,#1421,#1422,
    #1423,#1424,#1425,#1426,#1427,#1428,#1429,#1430,#1431,#1432,#1433,
    #1434,#1435,#1436,#1437,#1438,#1439,#1440,#1441,#1442,#1443,#1444),
  .UNSPECIFIED.,.F.,.F.,(8,6,6,6,6,6,8),(0.,0.157770438972,
    0.174638350223,0.418102896153,0.655280141633,0.844697825437,1.),
  .UNSPECIFIED.);
#1407 = CARTESIAN_POINT('',(-2.650123734412,-11.,-47.1601200133));
#1408 = CARTESIAN_POINT('',(-2.798665796985,-11.,-47.28571667948));
#1409 = CARTESIAN_POINT('',(-2.941666487668,-11.,-47.4177023064));
#1410 = CARTESIAN_POINT('',(-3.078744080851,-11.,-47.55583576768));
#1411 = CARTESIAN_POINT('',(-3.209525918876,-11.,-47.69984791123));
#1412 = CARTESIAN_POINT('',(-3.333650556766,-11.,-47.84943991676));
#1413 = CARTESIAN_POINT('',(-3.45076990697,-11.,-48.00428165321));
#1414 = CARTESIAN_POINT('',(-3.572288590541,-11.,-48.18108727964));
#1415 = CARTESIAN_POINT('',(-3.583941756048,-11.,-48.19822051441));
#1416 = CARTESIAN_POINT('',(-3.595513280764,-11.,-48.21540799775));
#1417 = CARTESIAN_POINT('',(-3.606996273408,-11.,-48.23265216389));
#1418 = CARTESIAN_POINT('',(-3.618397288835,-11.,-48.24994948297));
#1419 = CARTESIAN_POINT('',(-3.629711545696,-11.,-48.26730148631));
#1420 = CARTESIAN_POINT('',(-3.803009946424,-11.,-48.53593060465));
#1421 = CARTESIAN_POINT('',(-3.947207457975,-11.,-48.79834126405));
#1422 = CARTESIAN_POINT('',(-4.072309024636,-11.,-49.07054734347));
#1423 = CARTESIAN_POINT('',(-4.17722405068,-11.,-49.35099568354));
#1424 = CARTESIAN_POINT('',(-4.260995489871,-11.,-49.63797242817));
#1425 = CARTESIAN_POINT('',(-4.322825208283,-11.,-49.92959638821));
#1426 = CARTESIAN_POINT('',(-4.400408461977,-11.,-50.51041570403));
#1427 = CARTESIAN_POINT('',(-4.417314944007,-11.,-50.79950984295));
#1428 = CARTESIAN_POINT('',(-4.412288784728,-11.,-51.0891636923));
#1429 = CARTESIAN_POINT('',(-4.384982441234,-11.,-51.37734615138));
#1430 = CARTESIAN_POINT('',(-4.335262215762,-11.,-51.66191985936));
#1431 = CARTESIAN_POINT('',(-4.263244089972,-11.,-51.94064788202));
#1432 = CARTESIAN_POINT('',(-4.094379113028,-11.,-52.42728254838));
#1433 = CARTESIAN_POINT('',(-4.005448031138,-11.,-52.63816062616));
#1434 = CARTESIAN_POINT('',(-3.90278456366,-11.,-52.84264942333));
#1435 = CARTESIAN_POINT('',(-3.786731454557,-11.,-53.03954859602));
#1436 = CARTESIAN_POINT('',(-3.657761105589,-11.,-53.22765181508));
#1437 = CARTESIAN_POINT('',(-3.516490753067,-11.,-53.40575730248));
#1438 = CARTESIAN_POINT('',(-3.23844078203,-11.,-53.70954822653));
#1439 = CARTESIAN_POINT('',(-3.105430887592,-11.,-53.83890140908));
#1440 = CARTESIAN_POINT('',(-2.965112677691,-11.,-53.96009301057));
#1441 = CARTESIAN_POINT('',(-2.817989956963,-11.,-54.07248815741));
#1442 = CARTESIAN_POINT('',(-2.664640507641,-11.,-54.17547758353));
#1443 = CARTESIAN_POINT('',(-2.505721588062,-11.,-54.26848633967));
#1444 = CARTESIAN_POINT('',(-2.341975431177,-11.,-54.35098250254));
#1445 = ORIENTED_EDGE('',*,*,#1446,.F.);
#1446 = EDGE_CURVE('',#1447,#1404,#1449,.T.);
#1447 = VERTEX_POINT('',#1448);
#1448 = CARTESIAN_POINT('',(4.,-12.35000060895,-51.75));
#1449 = B_SPLINE_CURVE_WITH_KNOTS('',8,(#1450,#1451,#1452,#1453,#1454,
    #1455,#1456,#1457,#1458,#1459,#1460,#1461,#1462,#1463,#1464,#1465,
    #1466,#1467,#1468,#1469,#1470,#1471,#1472),.UNSPECIFIED.,.F.,.F.,(9,
    7,7,9),(0.,0.220624405773,0.536026536095,1.),.UNSPECIFIED.);
#1450 = CARTESIAN_POINT('',(4.,-12.35000060895,-51.75));
#1451 = CARTESIAN_POINT('',(4.000002239635,-12.29504743316,
    -52.21037002418));
#1452 = CARTESIAN_POINT('',(3.939436019339,-12.24002670486,
    -52.67135540993));
#1453 = CARTESIAN_POINT('',(3.818072285541,-12.18502812965,
    -53.12277109571));
#1454 = CARTESIAN_POINT('',(3.637885771656,-12.13006195742,
    -53.55532304895));
#1455 = CARTESIAN_POINT('',(3.402383009924,-12.07509890148,
    -53.96038620664));
#1456 = CARTESIAN_POINT('',(3.11633894869,-12.02010885083,
    -54.32998359638));
#1457 = CARTESIAN_POINT('',(2.785942175131,-11.96509837548,
    -54.65696663784));
#1458 = CARTESIAN_POINT('',(1.895296888173,-11.83157904778,
    -55.33346908439));
#1459 = CARTESIAN_POINT('',(1.293796176135,-11.75269893713,
    -55.63469563333));
#1460 = CARTESIAN_POINT('',(0.639970708057,-11.6739597605,
    -55.81849483333));
#1461 = CARTESIAN_POINT('',(-3.975378177881E-02,-11.59539661655,
    -55.87611276542));
#1462 = CARTESIAN_POINT('',(-0.718254305906,-11.51683593083,
    -55.80539634019));
#1463 = CARTESIAN_POINT('',(-1.368415628491,-11.43810362611,
    -55.60904022271));
#1464 = CARTESIAN_POINT('',(-1.963935894596,-11.35923216702,
    -55.29630737248));
#1465 = CARTESIAN_POINT('',(-3.239791187293,-11.16509253699,
    -54.28798242602));
#1466 = CARTESIAN_POINT('',(-3.848263666566,-11.04732710831,
    -53.46527920971));
#1467 = CARTESIAN_POINT('',(-4.198538728424,-10.93117998486,
    -52.48409236343));
#1468 = CARTESIAN_POINT('',(-4.27087666508,-10.81546906566,
    -51.43942371806));
#1469 = CARTESIAN_POINT('',(-4.048316797777,-10.69930666913,
    -50.41591725404));
#1470 = CARTESIAN_POINT('',(-3.559242736448,-10.58334309485,
    -49.49568006241));
#1471 = CARTESIAN_POINT('',(-2.838405411112,-10.46557178121,
    -48.76992807149));
#1472 = CARTESIAN_POINT('',(-2.000084395679,-10.35000862882,
    -48.2859471121));
#1473 = ORIENTED_EDGE('',*,*,#1474,.F.);
#1474 = EDGE_CURVE('',#1475,#1447,#1477,.T.);
#1475 = VERTEX_POINT('',#1476);
#1476 = CARTESIAN_POINT('',(4.,-15.35000266794,-51.75));
#1477 = B_SPLINE_CURVE_WITH_KNOTS('',8,(#1478,#1479,#1480,#1481,#1482,
    #1483,#1484,#1485,#1486,#1487,#1488,#1489,#1490,#1491,#1492,#1493,
    #1494,#1495,#1496,#1497,#1498,#1499,#1500,#1501,#1502,#1503,#1504,
    #1505,#1506,#1507,#1508,#1509,#1510,#1511,#1512,#1513,#1514,#1515,
    #1516,#1517,#1518,#1519,#1520,#1521,#1522,#1523,#1524,#1525,#1526,
    #1527,#1528,#1529,#1530,#1531,#1532,#1533,#1534,#1535),
  .UNSPECIFIED.,.F.,.F.,(9,7,7,7,7,7,7,7,9),(0.,8.646032772986E-02,
    0.220834704379,0.369971137409,0.547336945744,0.639351560801,
    0.730216879064,0.860679452738,1.),.UNSPECIFIED.);
#1478 = CARTESIAN_POINT('',(4.,-15.35000266794,-51.75));
#1479 = CARTESIAN_POINT('',(4.,-15.31759864004,-52.02147319497));
#1480 = CARTESIAN_POINT('',(3.978941228141,-15.28519257475,
    -52.29299361826));
#1481 = CARTESIAN_POINT('',(3.936822633244,-15.25278414381,
    -52.56259862706));
#1482 = CARTESIAN_POINT('',(3.87384837416,-15.22037372256,
    -52.82837714639));
#1483 = CARTESIAN_POINT('',(3.790427819764,-15.18796238996,
    -53.08846966912));
#1484 = CARTESIAN_POINT('',(3.687175548962,-15.15555192857,
    -53.34106825592));
#1485 = CARTESIAN_POINT('',(3.564911350686,-15.12314482454,
    -53.5844165353));
#1486 = CARTESIAN_POINT('',(3.206685596322,-15.04038817081,
    -54.17798907853));
#1487 = CARTESIAN_POINT('',(2.944990563717,-14.98998863195,
    -54.51320213406));
#1488 = CARTESIAN_POINT('',(2.643414456336,-14.93960699526,
    -54.81581812717));
#1489 = CARTESIAN_POINT('',(2.306829782456,-14.88923931458,
    -55.08040750743));
#1490 = CARTESIAN_POINT('',(1.940800883744,-14.83887215805,
    -55.3024871007));
#1491 = CARTESIAN_POINT('',(1.551485012111,-14.78849226362,
    -55.47842217297));
#1492 = CARTESIAN_POINT('',(1.145688516766,-14.73809646127,
    -55.60555622509));
#1493 = CARTESIAN_POINT('',(0.270735420667,-14.63186896031,
    -55.76819068762));
#1494 = CARTESIAN_POINT('',(-0.201531676181,-14.5759210503,
    -55.79228238868));
#1495 = CARTESIAN_POINT('',(-0.675396581325,-14.52000808711,
    -55.75273071017));
#1496 = CARTESIAN_POINT('',(-1.140863058582,-14.46411747615,
    -55.64984842113));
#1497 = CARTESIAN_POINT('',(-1.588386487797,-14.40822628409,
    -55.48564318286));
#1498 = CARTESIAN_POINT('',(-2.008846989933,-14.35231238068,
    -55.26356960616));
#1499 = CARTESIAN_POINT('',(-2.393664090304,-14.29636420947,
    -54.98875591367));
#1500 = CARTESIAN_POINT('',(-3.141504811404,-14.17402312152,
    -54.28790036771));
#1501 = CARTESIAN_POINT('',(-3.488171707026,-14.10740411467,
    -53.84162811015));
#1502 = CARTESIAN_POINT('',(-3.761183669762,-14.04087877833,
    -53.34198461192));
#1503 = CARTESIAN_POINT('',(-3.951951692459,-13.97440163099,
    -52.80355879278));
#1504 = CARTESIAN_POINT('',(-4.054510056529,-13.90792552052,
    -52.241640542));
#1505 = CARTESIAN_POINT('',(-4.066465618716,-13.84139771074,
    -51.67247048537));
#1506 = CARTESIAN_POINT('',(-3.988007036875,-13.77477728883,
    -51.1128627963));
#1507 = CARTESIAN_POINT('',(-3.740668284148,-13.67381606516,
    -50.30401518749));
#1508 = CARTESIAN_POINT('',(-3.633341986042,-13.63932612425,
    -50.03462272207));
#1509 = CARTESIAN_POINT('',(-3.503875993461,-13.60483187644,
    -49.77440699493));
#1510 = CARTESIAN_POINT('',(-3.353196843788,-13.57033362947,
    -49.52550296911));
#1511 = CARTESIAN_POINT('',(-3.182456657988,-13.53583256843,
    -49.28989648232));
#1512 = CARTESIAN_POINT('',(-2.993033140599,-13.50133075575,
    -49.06942424701));
#1513 = CARTESIAN_POINT('',(-2.786529579742,-13.46683113123,
    -48.86577385033));
#1514 = CARTESIAN_POINT('',(-2.345789913648,-13.39827473091,
    -48.49750800021));
#1515 = CARTESIAN_POINT('',(-2.111812664872,-13.36420671194,
    -48.33233432515));
#1516 = CARTESIAN_POINT('',(-1.864605791674,-13.33013414108,
    -48.18643893082));
#1517 = CARTESIAN_POINT('',(-1.606037669172,-13.2960580491,
    -48.06106189764));
#1518 = CARTESIAN_POINT('',(-1.338082356718,-13.26197981164,
    -47.95720718449));
#1519 = CARTESIAN_POINT('',(-1.062819597894,-13.22790114911,
    -47.87564262879));
#1520 = CARTESIAN_POINT('',(-0.782434820515,-13.19382412678,
    -47.81689994646));
#1521 = CARTESIAN_POINT('',(-9.258382481691E-02,-13.11082987524,
    -47.73012477428));
#1522 = CARTESIAN_POINT('',(0.320393850053,-13.06186520192,
    -47.72654753943));
#1523 = CARTESIAN_POINT('',(0.732770951966,-13.01291251204,
    -47.77155471271));
#1524 = CARTESIAN_POINT('',(1.137851902391,-12.96397173391,
    -47.86477336737));
#1525 = CARTESIAN_POINT('',(1.529220593071,-12.91503187563,
    -48.00480802573));
#1526 = CARTESIAN_POINT('',(1.900736175934,-12.8660799779,
    -48.18937157001));
#1527 = CARTESIAN_POINT('',(2.246582100906,-12.8171111677,
    -48.41519366267));
#1528 = CARTESIAN_POINT('',(2.897712865407,-12.71591931027,
    -48.95806135573));
#1529 = CARTESIAN_POINT('',(3.199118915413,-12.66362827679,
    -49.28064901978));
#1530 = CARTESIAN_POINT('',(3.459082693434,-12.61136122268,
    -49.64014056929));
#1531 = CARTESIAN_POINT('',(3.6725632521,-12.55910468975,-50.03023608005
    ));
#1532 = CARTESIAN_POINT('',(3.835559541658,-12.50684132711,
    -50.44404444498));
#1533 = CARTESIAN_POINT('',(3.945258976158,-12.45455598843,
    -50.87407420335));
#1534 = CARTESIAN_POINT('',(4.,-12.40224837964,-51.3122861872));
#1535 = CARTESIAN_POINT('',(4.,-12.35000060895,-51.75));
#1536 = ORIENTED_EDGE('',*,*,#1537,.F.);
#1537 = EDGE_CURVE('',#1538,#1475,#1540,.T.);
#1538 = VERTEX_POINT('',#1539);
#1539 = CARTESIAN_POINT('',(4.,-18.35000508946,-51.75));
#1540 = B_SPLINE_CURVE_WITH_KNOTS('',8,(#1541,#1542,#1543,#1544,#1545,
    #1546,#1547,#1548,#1549,#1550,#1551,#1552,#1553,#1554,#1555,#1556,
    #1557,#1558,#1559,#1560,#1561,#1562,#1563,#1564,#1565,#1566,#1567,
    #1568,#1569,#1570,#1571,#1572,#1573,#1574,#1575,#1576,#1577,#1578,
    #1579,#1580,#1581,#1582,#1583,#1584,#1585,#1586,#1587,#1588,#1589,
    #1590,#1591,#1592,#1593,#1594,#1595,#1596,#1597,#1598),
  .UNSPECIFIED.,.F.,.F.,(9,7,7,7,7,7,7,7,9),(0.,0.155066023084,
    0.242613636028,0.341001602034,0.515575843658,0.610503407006,
    0.7146117581,0.858773640919,1.),.UNSPECIFIED.);
#1541 = CARTESIAN_POINT('',(4.,-18.35000508946,-51.75));
#1542 = CARTESIAN_POINT('',(4.,-18.29185847117,-52.23713447844));
#1543 = CARTESIAN_POINT('',(3.932199692531,-18.2336514764,
    -52.72477136902));
#1544 = CARTESIAN_POINT('',(3.796357334291,-18.17548732095,
    -53.20102212763));
#1545 = CARTESIAN_POINT('',(3.595042665297,-18.11734399783,
    -53.65501246302));
#1546 = CARTESIAN_POINT('',(3.33242397873,-18.05919310327,
    -54.07659428181));
#1547 = CARTESIAN_POINT('',(3.01451453401,-18.00101049061,
    -54.45654981564));
#1548 = CARTESIAN_POINT('',(2.648916317164,-17.94278282214,
    -54.78652458772));
#1549 = CARTESIAN_POINT('',(2.018308013707,-17.85181801693,
    -55.21439802249));
#1550 = CARTESIAN_POINT('',(1.778598036727,-17.81899394693,
    -55.35093084526));
#1551 = CARTESIAN_POINT('',(1.528416029268,-17.78616921408,
    -55.46846189501));
#1552 = CARTESIAN_POINT('',(1.269518773473,-17.75334314585,
    -55.56606122437));
#1553 = CARTESIAN_POINT('',(1.003738147262,-17.72051582093,
    -55.64300455477));
#1554 = CARTESIAN_POINT('',(0.732981124328,-17.68768806915,
    -55.69877327637));
#1555 = CARTESIAN_POINT('',(0.459229774138,-17.65486147152,
    -55.73305444812));
#1556 = CARTESIAN_POINT('',(-0.124159833306,-17.58515101347,
    -55.75999800122));
#1557 = CARTESIAN_POINT('',(-0.434153800981,-17.54826586372,
    -55.74699833785));
#1558 = CARTESIAN_POINT('',(-0.742552663237,-17.51137957641,
    -55.7066164746));
#1559 = CARTESIAN_POINT('',(-1.046545448718,-17.47449059849,
    -55.63906855558));
#1560 = CARTESIAN_POINT('',(-1.343398192575,-17.4375991584,
    -55.54491220208));
#1561 = CARTESIAN_POINT('',(-1.630453936461,-17.40070726606,
    -55.42504651251));
#1562 = CARTESIAN_POINT('',(-1.905132728532,-17.36381871293,
    -55.28071206247));
#1563 = CARTESIAN_POINT('',(-2.625904615334,-17.26150184809,
    -54.8167828011));
#1564 = CARTESIAN_POINT('',(-3.0413200079,-17.19593560578,
    -54.44728098709));
#1565 = CARTESIAN_POINT('',(-3.396105674969,-17.13045820703,
    -54.0139903712));
#1566 = CARTESIAN_POINT('',(-3.679666411283,-17.06502250405,
    -53.52897505556));
#1567 = CARTESIAN_POINT('',(-3.883673143413,-16.99958495109,
    -53.00550007519));
#1568 = CARTESIAN_POINT('',(-4.002899036854,-16.9340958178,
    -52.45832468691));
#1569 = CARTESIAN_POINT('',(-4.034476983347,-16.86852928628,
    -51.90327185022));
#1570 = CARTESIAN_POINT('',(-3.951488571019,-16.76751877822,
    -51.06109546925));
#1571 = CARTESIAN_POINT('',(-3.896971117692,-16.73193441236,
    -50.76685376984));
#1572 = CARTESIAN_POINT('',(-3.817437840606,-16.69634637537,
    -50.47763187309));
#1573 = CARTESIAN_POINT('',(-3.713437793031,-16.66075607813,
    -50.19592757127));
#1574 = CARTESIAN_POINT('',(-3.585798750665,-16.62516493215,
    -49.92411767899));
#1575 = CARTESIAN_POINT('',(-3.435627211634,-16.5895743496,
    -49.66445803323));
#1576 = CARTESIAN_POINT('',(-3.264308396491,-16.5539857433,
    -49.41908349333));
#1577 = CARTESIAN_POINT('',(-2.864250934573,-16.47937373523,
    -48.93877766405));
#1578 = CARTESIAN_POINT('',(-2.631445517466,-16.44034381145,
    -48.70702674648));
#1579 = CARTESIAN_POINT('',(-2.377335684671,-16.4013111189,
    -48.49741656539));
#1580 = CARTESIAN_POINT('',(-2.104396659765,-16.36227637674,
    -48.31223423535));
#1581 = CARTESIAN_POINT('',(-1.815333202119,-16.32324065971,
    -48.15339260838));
#1582 = CARTESIAN_POINT('',(-1.513079606908,-16.28420539821,
    -48.02243027392));
#1583 = CARTESIAN_POINT('',(-1.200799705101,-16.24517237821,
    -47.9205115589));
#1584 = CARTESIAN_POINT('',(-0.440278911541,-16.1520996448,
    -47.74860827372));
#1585 = CARTESIAN_POINT('',(1.4681025168E-02,-16.09800399058,
    -47.70582174155));
#1586 = CARTESIAN_POINT('',(0.473707105589,-16.04393243051,
    -47.72233928714));
#1587 = CARTESIAN_POINT('',(0.927819944967,-15.98989057509,
    -47.79831360815));
#1588 = CARTESIAN_POINT('',(1.368293769155,-15.93584930092,
    -47.93238133902));
#1589 = CARTESIAN_POINT('',(1.786702044016,-15.88177975223,
    -48.12187778129));
#1590 = CARTESIAN_POINT('',(2.175061579908,-15.82768803629,
    -48.36266276897));
#1591 = CARTESIAN_POINT('',(2.869941062919,-15.72071155746,
    -48.92863097991));
#1592 = CARTESIAN_POINT('',(3.178653845148,-15.66772314374,
    -49.25255635744));
#1593 = CARTESIAN_POINT('',(3.44514133211,-15.61475589252,
    -49.61478436513));
#1594 = CARTESIAN_POINT('',(3.664044660621,-15.56181640303,
    -50.00877593942));
#1595 = CARTESIAN_POINT('',(3.831259776786,-15.50887917713,
    -50.42731124601));
#1596 = CARTESIAN_POINT('',(3.943802913664,-15.45591832632,
    -50.86264654912));
#1597 = CARTESIAN_POINT('',(4.,-15.40293816187,-51.30651909359));
#1598 = CARTESIAN_POINT('',(4.,-15.35000266794,-51.75));
#1599 = ORIENTED_EDGE('',*,*,#1600,.F.);
#1600 = EDGE_CURVE('',#1601,#1538,#1603,.T.);
#1601 = VERTEX_POINT('',#1602);
#1602 = CARTESIAN_POINT('',(4.,-21.35000533419,-51.75));
#1603 = B_SPLINE_CURVE_WITH_KNOTS('',8,(#1604,#1605,#1606,#1607,#1608,
    #1609,#1610,#1611,#1612,#1613,#1614,#1615,#1616,#1617,#1618,#1619,
    #1620,#1621,#1622,#1623,#1624,#1625,#1626,#1627,#1628,#1629,#1630,
    #1631,#1632,#1633,#1634,#1635,#1636,#1637,#1638,#1639,#1640,#1641,
    #1642,#1643,#1644,#1645,#1646,#1647,#1648,#1649,#1650,#1651,#1652,
    #1653,#1654,#1655,#1656,#1657,#1658,#1659,#1660,#1661,#1662,#1663,
    #1664,#1665,#1666,#1667,#1668),.UNSPECIFIED.,.F.,.F.,(9,7,7,7,7,7,7,
    7,7,9),(0.,9.69919125984E-02,0.234535555937,0.371535936617,
    0.477282862745,0.563983172737,0.652656388858,0.809892768001,
    0.911036014272,1.),.UNSPECIFIED.);
#1604 = CARTESIAN_POINT('',(4.,-21.35000533419,-51.75));
#1605 = CARTESIAN_POINT('',(4.,-21.31366029463,-52.05448035955));
#1606 = CARTESIAN_POINT('',(3.973492277437,-21.27730551937,
    -52.35908914615));
#1607 = CARTESIAN_POINT('',(3.920490475338,-21.24094590884,
    -52.66099709108));
#1608 = CARTESIAN_POINT('',(3.841322926443,-21.20458511559,
    -52.95748390827));
#1609 = CARTESIAN_POINT('',(3.736632653211,-21.16822554419,
    -53.24593829424));
#1610 = CARTESIAN_POINT('',(3.607377367811,-21.1318683513,
    -53.52385792815));
#1611 = CARTESIAN_POINT('',(3.45482947213,-21.09551344566,
    -53.78884947178));
#1612 = CARTESIAN_POINT('',(3.033468347099,-21.00760616113,
    -54.39283879397));
#1613 = CARTESIAN_POINT('',(2.742469179368,-20.95601764086,
    -54.71681184026));
#1614 = CARTESIAN_POINT('',(2.41217527125,-20.90444834253,
    -55.00376379847));
#1615 = CARTESIAN_POINT('',(2.04816614346,-20.85289983051,
    -55.24829995829));
#1616 = CARTESIAN_POINT('',(1.656739213658,-20.80134829362,
    -55.4460641656));
#1617 = CARTESIAN_POINT('',(1.244784737415,-20.74977208401,
    -55.59365814831));
#1618 = CARTESIAN_POINT('',(0.819800597254,-20.69817931923,
    -55.68883081131));
#1619 = CARTESIAN_POINT('',(-3.800929933747E-02,-20.59529536113,
    -55.77287787937));
#1620 = CARTESIAN_POINT('',(-0.471589241155,-20.54391048446,
    -55.76224970211));
#1621 = CARTESIAN_POINT('',(-0.902624773609,-20.49254626508,
    -55.69811479761));
#1622 = CARTESIAN_POINT('',(-1.323413751441,-20.44119825009,
    -55.58120831306));
#1623 = CARTESIAN_POINT('',(-1.72664286561,-20.38985129674,
    -55.41347346345));
#1624 = CARTESIAN_POINT('',(-2.10537021349,-20.33848842657,
    -55.19789729742));
#1625 = CARTESIAN_POINT('',(-2.453094653688,-20.28710122007,
    -54.9386314333));
#1626 = CARTESIAN_POINT('',(-3.004048668325,-20.19611965459,
    -54.41194262226));
#1627 = CARTESIAN_POINT('',(-3.222373330747,-20.15647173094,
    -54.15965660346));
#1628 = CARTESIAN_POINT('',(-3.41637708332,-20.11682462231,
    -53.88699365286));
#1629 = CARTESIAN_POINT('',(-3.583873225097,-20.07717773012,
    -53.5967201442));
#1630 = CARTESIAN_POINT('',(-3.723069163013,-20.03752684597,
    -53.29182779048));
#1631 = CARTESIAN_POINT('',(-3.832544637916,-19.99786922883,
    -52.9755108693));
#1632 = CARTESIAN_POINT('',(-3.911288745909,-19.95820864013,
    -52.65117755372));
#1633 = CARTESIAN_POINT('',(-3.997792342197,-19.88606551042,
    -52.05298798868));
#1634 = CARTESIAN_POINT('',(-4.015794903834,-19.85356038401,
    -51.78040297663));
#1635 = CARTESIAN_POINT('',(-4.012554866787,-19.82105330667,
    -51.50670709923));
#1636 = CARTESIAN_POINT('',(-3.988005507449,-19.78854552872,
    -51.23384745161));
#1637 = CARTESIAN_POINT('',(-3.942287396685,-19.75603791614,
    -50.96373727341));
#1638 = CARTESIAN_POINT('',(-3.875748399829,-19.72353095061,
    -50.69825594869));
#1639 = CARTESIAN_POINT('',(-3.788943676687,-19.69102472949,
    -50.43924900601));
#1640 = CARTESIAN_POINT('',(-3.573908598196,-19.62527351831,
    -49.93210195959));
#1641 = CARTESIAN_POINT('',(-3.444741364367,-19.5920242637,
    -49.68426420729));
#1642 = CARTESIAN_POINT('',(-3.295968623319,-19.55877190061,
    -49.44698047419));
#1643 = CARTESIAN_POINT('',(-3.12860783041,-19.52551739868,
    -49.22206980275));
#1644 = CARTESIAN_POINT('',(-2.943859253087,-19.49226199856,
    -49.01120466518));
#1645 = CARTESIAN_POINT('',(-2.743105970877,-19.45900721193,
    -48.81591096342));
#1646 = CARTESIAN_POINT('',(-2.527913875399,-19.42575482151,
    -48.63756802916));
#1647 = CARTESIAN_POINT('',(-1.895948291408,-19.33355124586,
    -48.19341210174));
#1648 = CARTESIAN_POINT('',(-1.451105302706,-19.27449494609,
    -47.96595753652));
#1649 = CARTESIAN_POINT('',(-0.975671950266,-19.21548561029,
    -47.80269165468));
#1650 = CARTESIAN_POINT('',(-0.480628062149,-19.15650814502,
    -47.70789046529));
#1651 = CARTESIAN_POINT('',(2.281619349927E-02,-19.09753509506,
    -47.68397977853));
#1652 = CARTESIAN_POINT('',(0.523207287971,-19.0385357891,
    -47.73119170791));
#1653 = CARTESIAN_POINT('',(1.008954149603,-18.97948707889,
    -47.84794141064));
#1654 = CARTESIAN_POINT('',(1.764061501398,-18.88258658082,
    -48.14596483186));
#1655 = CARTESIAN_POINT('',(2.049168539894,-18.84464659968,
    -48.28953045282));
#1656 = CARTESIAN_POINT('',(2.320813559231,-18.80670237105,
    -48.45880336392));
#1657 = CARTESIAN_POINT('',(2.5762724941,-18.7687568777,-48.6522887244)
  );
#1658 = CARTESIAN_POINT('',(2.813077914985,-18.73081225477,
    -48.86819329024));
#1659 = CARTESIAN_POINT('',(3.029019028163,-18.69286978972,
    -49.10442541418));
#1660 = CARTESIAN_POINT('',(3.222141675699,-18.6549299224,-49.3585950457
    ));
#1661 = CARTESIAN_POINT('',(3.539052063332,-18.58362286917,
    -49.86499010822));
#1662 = CARTESIAN_POINT('',(3.668454705322,-18.55024985558,
    -50.11387160414));
#1663 = CARTESIAN_POINT('',(3.777816582831,-18.51687481977,
    -50.37282303759));
#1664 = CARTESIAN_POINT('',(3.866224792233,-18.48349908067,
    -50.63994639987));
#1665 = CARTESIAN_POINT('',(3.932993204866,-18.45012366065,
    -50.91328085474));
#1666 = CARTESIAN_POINT('',(3.977662467033,-18.41674928544,
    -51.19080273847));
#1667 = CARTESIAN_POINT('',(4.,-18.3833763842,-51.47042555981));
#1668 = CARTESIAN_POINT('',(4.,-18.35000508946,-51.75));
#1669 = ORIENTED_EDGE('',*,*,#1670,.F.);
#1670 = EDGE_CURVE('',#1671,#1601,#1673,.T.);
#1671 = VERTEX_POINT('',#1672);
#1672 = CARTESIAN_POINT('',(4.,-24.35000287002,-51.75));
#1673 = B_SPLINE_CURVE_WITH_KNOTS('',8,(#1674,#1675,#1676,#1677,#1678,
    #1679,#1680,#1681,#1682,#1683,#1684,#1685,#1686,#1687,#1688,#1689,
    #1690,#1691,#1692,#1693,#1694,#1695,#1696,#1697,#1698,#1699,#1700,
    #1701,#1702,#1703,#1704,#1705,#1706,#1707,#1708,#1709,#1710,#1711,
    #1712,#1713,#1714,#1715,#1716,#1717,#1718,#1719,#1720,#1721,#1722,
    #1723,#1724,#1725,#1726,#1727,#1728,#1729,#1730,#1731),
  .UNSPECIFIED.,.F.,.F.,(9,7,7,7,7,7,7,7,9),(0.,0.159408143887,
    0.245747824204,0.339097095309,0.429577807305,0.559390155757,
    0.706633546267,0.836394673727,1.),.UNSPECIFIED.);
#1674 = CARTESIAN_POINT('',(4.,-24.35000287002,-51.75));
#1675 = CARTESIAN_POINT('',(4.,-24.29025324773,-52.25054435854));
#1676 = CARTESIAN_POINT('',(3.92841547266,-24.23040845396,
    -52.75188697292));
#1677 = CARTESIAN_POINT('',(3.784850343159,-24.17061582033,
    -53.24083811259));
#1678 = CARTESIAN_POINT('',(3.572274347641,-24.11085792291,
    -53.70550961248));
#1679 = CARTESIAN_POINT('',(3.295387597121,-24.05110394741,
    -54.13494257056));
#1680 = CARTESIAN_POINT('',(2.96092205308,-23.99132294164,
    -54.51930210688));
#1681 = CARTESIAN_POINT('',(2.577233100841,-23.93148729629,
    -54.84975959003));
#1682 = CARTESIAN_POINT('',(1.927080629872,-23.83936156908,
    -55.26566321098));
#1683 = CARTESIAN_POINT('',(1.687331301778,-23.80699674117,
    -55.39409122935));
#1684 = CARTESIAN_POINT('',(1.437888965019,-23.77463203389,
    -55.50378798452));
#1685 = CARTESIAN_POINT('',(1.180455683246,-23.74226628458,
    -55.59390962713));
#1686 = CARTESIAN_POINT('',(0.916800234822,-23.70989916245,
    -55.66380646384));
#1687 = CARTESIAN_POINT('',(0.648758112824,-23.67753116856,
    -55.7130229574));
#1688 = CARTESIAN_POINT('',(0.378231525042,-23.64516363584,
    -55.7412977266));
#1689 = CARTESIAN_POINT('',(-0.185857618482,-23.57780623851,
    -55.7564192503));
#1690 = CARTESIAN_POINT('',(-0.479632544294,-23.54281078887,
    -55.73972689053));
#1691 = CARTESIAN_POINT('',(-0.771651388386,-23.50781228989,
    -55.69842058947));
#1692 = CARTESIAN_POINT('',(-1.059499785236,-23.47281137865,
    -55.63271343221));
#1693 = CARTESIAN_POINT('',(-1.340832998873,-23.43780941963,
    -55.54309746644));
#1694 = CARTESIAN_POINT('',(-1.61337592288,-23.40280850475,
    -55.43034370245));
#1695 = CARTESIAN_POINT('',(-1.874923080389,-23.36781145332,
    -55.29550211311));
#1696 = CARTESIAN_POINT('',(-2.364120528414,-23.29890737848,
    -54.98908265073));
#1697 = CARTESIAN_POINT('',(-2.592734385621,-23.26498526367,
    -54.81865922205));
#1698 = CARTESIAN_POINT('',(-2.807250843841,-23.23105816325,
    -54.62984239785));
#1699 = CARTESIAN_POINT('',(-3.005931440239,-23.19712849837,
    -54.42400996638));
#1700 = CARTESIAN_POINT('',(-3.187228601014,-23.1631984157,
    -54.20270645418));
#1701 = CARTESIAN_POINT('',(-3.349785641392,-23.12926978743,
    -53.96764312609));
#1702 = CARTESIAN_POINT('',(-3.492436765632,-23.09534421126,
    -53.7206979852));
#1703 = CARTESIAN_POINT('',(-3.788910475588,-23.01275638694,
    -53.09551126679));
#1704 = CARTESIAN_POINT('',(-3.920791451045,-22.9640739957,
    -52.70655061474));
#1705 = CARTESIAN_POINT('',(-4.006847241938,-22.91538689299,
    -52.30318132712));
#1706 = CARTESIAN_POINT('',(-4.045392991425,-22.86671136338,
    -51.89170577596));
#1707 = CARTESIAN_POINT('',(-4.03574279592,-22.81804446981,
    -51.47852173886));
#1708 = CARTESIAN_POINT('',(-3.978111734148,-22.76936584241,
    -51.07006967335));
#1709 = CARTESIAN_POINT('',(-3.873738866603,-22.72066570611,
    -50.67278672171));
#1710 = CARTESIAN_POINT('',(-3.556782118665,-22.61679770234,
    -49.86235993484));
#1711 = CARTESIAN_POINT('',(-3.331263916332,-22.56154506438,
    -49.45351905195));
#1712 = CARTESIAN_POINT('',(-3.052208936807,-22.50632565148,
    -49.07604883215));
#1713 = CARTESIAN_POINT('',(-2.724903204298,-22.4511245936,
    -48.73793520707));
#1714 = CARTESIAN_POINT('',(-2.355777970415,-22.39591997758,
    -48.44599328454));
#1715 = CARTESIAN_POINT('',(-1.952253327927,-22.34069140374,
    -48.20599522897));
#1716 = CARTESIAN_POINT('',(-1.522874966491,-22.28543028407,
    -48.02244701997));
#1717 = CARTESIAN_POINT('',(-0.685164742025,-22.18159742267,
    -47.78810732025));
#1718 = CARTESIAN_POINT('',(-0.279696148556,-22.13292465594,
    -47.72394608712));
#1719 = CARTESIAN_POINT('',(0.132240314251,-22.08426889184,
    -47.70734820636));
#1720 = CARTESIAN_POINT('',(0.544106589125,-22.03562679484,
    -47.73891029941));
#1721 = CARTESIAN_POINT('',(0.949487711728,-21.98698519633,
    -47.81821157988));
#1722 = CARTESIAN_POINT('',(1.342105833966,-21.9383297892,
    -47.94393889581));
#1723 = CARTESIAN_POINT('',(1.715852243152,-21.88965396894,
    -48.11379720027));
#1724 = CARTESIAN_POINT('',(2.505036258768,-21.77966214323,
    -48.58948294181));
#1725 = CARTESIAN_POINT('',(2.906889352,-21.71822624044,-48.91979961883)
  );
#1726 = CARTESIAN_POINT('',(3.258069617941,-21.65685114396,
    -49.30814378929));
#1727 = CARTESIAN_POINT('',(3.54934005992,-21.59550717265,
    -49.74510217764));
#1728 = CARTESIAN_POINT('',(3.773236933431,-21.53416224802,
    -50.22013732777));
#1729 = CARTESIAN_POINT('',(3.924563220145,-21.47278088397,
    -50.72143912457));
#1730 = CARTESIAN_POINT('',(4.,-21.41134061322,-51.23616405319));
#1731 = CARTESIAN_POINT('',(4.,-21.35000533419,-51.75));
#1732 = ORIENTED_EDGE('',*,*,#1733,.F.);
#1733 = EDGE_CURVE('',#1734,#1671,#1736,.T.);
#1734 = VERTEX_POINT('',#1735);
#1735 = CARTESIAN_POINT('',(4.,-27.34999993839,-51.75));
#1736 = B_SPLINE_CURVE_WITH_KNOTS('',8,(#1737,#1738,#1739,#1740,#1741,
    #1742,#1743,#1744,#1745,#1746,#1747,#1748,#1749,#1750,#1751,#1752,
    #1753,#1754,#1755,#1756,#1757,#1758,#1759,#1760,#1761,#1762,#1763,
    #1764,#1765,#1766,#1767,#1768,#1769,#1770,#1771,#1772,#1773,#1774,
    #1775,#1776,#1777,#1778,#1779,#1780,#1781,#1782,#1783,#1784,#1785,
    #1786,#1787,#1788,#1789,#1790,#1791,#1792,#1793,#1794),
  .UNSPECIFIED.,.F.,.F.,(9,7,7,7,7,7,7,7,9),(0.,0.10196104264,
    0.239209052595,0.394804609984,0.450613702385,0.567646651426,
    0.66332163742,0.824276753908,1.),.UNSPECIFIED.);
#1737 = CARTESIAN_POINT('',(4.,-27.34999993839,-51.75));
#1738 = CARTESIAN_POINT('',(4.,-27.31177850235,-52.07019768378));
#1739 = CARTESIAN_POINT('',(3.970690301049,-27.27355483698,
    -52.39047950835));
#1740 = CARTESIAN_POINT('',(3.912094631654,-27.23532991462,
    -52.7075845645));
#1741 = CARTESIAN_POINT('',(3.824617625216,-27.19710458811,
    -53.01837882308));
#1742 = CARTESIAN_POINT('',(3.709044820037,-27.15887959071,
    -53.31985513505));
#1743 = CARTESIAN_POINT('',(3.566542659309,-27.12065553619,
    -53.60913323145));
#1744 = CARTESIAN_POINT('',(3.398658491126,-27.08243291876,
    -53.88345972337));
#1745 = CARTESIAN_POINT('',(2.949763873947,-26.99276374243,
    -54.48581268901));
#1746 = CARTESIAN_POINT('',(2.649443874071,-26.94127701079,
    -54.79996550884));
#1747 = CARTESIAN_POINT('',(2.311143764128,-26.88980848116,
    -55.07604200031));
#1748 = CARTESIAN_POINT('',(1.940596369424,-26.83836229522,
    -55.30884356676));
#1749 = CARTESIAN_POINT('',(1.544204806485,-26.7869163064,
    -55.49424421098));
#1750 = CARTESIAN_POINT('',(1.12890597275,-26.73544839794,
    -55.62909716279));
#1751 = CARTESIAN_POINT('',(0.702176864777,-26.68396298586,
    -55.71140149934));
#1752 = CARTESIAN_POINT('',(-0.215291629266,-26.57419513573,
    -55.77397653447));
#1753 = CARTESIAN_POINT('',(-0.70803192258,-26.51579824151,
    -55.73920835851));
#1754 = CARTESIAN_POINT('',(-1.193964620265,-26.45744714587,
    -55.63533098061));
#1755 = CARTESIAN_POINT('',(-1.661880577766,-26.39912189478,
    -55.46414172562));
#1756 = CARTESIAN_POINT('',(-2.101349342532,-26.34079073518,
    -55.22933282388));
#1757 = CARTESIAN_POINT('',(-2.502638535032,-26.28242870772,
    -54.93620844036));
#1758 = CARTESIAN_POINT('',(-2.856903844216,-26.22402999347,
    -54.59196629789));
#1759 = CARTESIAN_POINT('',(-3.264524744728,-26.14480188066,
    -54.06809916778));
#1760 = CARTESIAN_POINT('',(-3.365243592696,-26.12387988857,
    -53.92436253241));
#1761 = CARTESIAN_POINT('',(-3.458731430157,-26.10295486439,
    -53.77562386061));
#1762 = CARTESIAN_POINT('',(-3.544685854142,-26.08202936765,
    -53.62233058617));
#1763 = CARTESIAN_POINT('',(-3.622843345075,-26.06110512898,
    -53.46493960037));
#1764 = CARTESIAN_POINT('',(-3.692979266772,-26.04018305005,
    -53.30391725194));
#1765 = CARTESIAN_POINT('',(-3.754907866442,-26.01926320357,
    -53.13973934707));
#1766 = CARTESIAN_POINT('',(-3.920829039708,-25.95447853038,
    -52.6230066455));
#1767 = CARTESIAN_POINT('',(-3.996468303278,-25.91060291797,
    -52.26123628992));
#1768 = CARTESIAN_POINT('',(-4.033870967372,-25.86673822066,
    -51.89224204755));
#1769 = CARTESIAN_POINT('',(-4.032321140599,-25.82288144644,
    -51.52071731553));
#1770 = CARTESIAN_POINT('',(-3.991759101824,-25.77901957128,
    -51.15137091117));
#1771 = CARTESIAN_POINT('',(-3.912741674131,-25.73514258673,
    -50.78890106131));
#1772 = CARTESIAN_POINT('',(-3.796520009157,-25.69125641045,
    -50.43795939301));
#1773 = CARTESIAN_POINT('',(-3.521558397221,-25.61153929,-49.82935982457
    ));
#1774 = CARTESIAN_POINT('',(-3.37435025255,-25.57567172553,
    -49.56614621219));
#1775 = CARTESIAN_POINT('',(-3.204683905778,-25.53980264157,
    -49.31590466568));
#1776 = CARTESIAN_POINT('',(-3.013917142839,-25.50393349829,
    -49.08086151302));
#1777 = CARTESIAN_POINT('',(-2.803648946719,-25.46806184261,
    -48.86305608257));
#1778 = CARTESIAN_POINT('',(-2.575704350011,-25.43218598949,
    -48.66434166635));
#1779 = CARTESIAN_POINT('',(-2.332147170867,-25.39631008297,
    -48.48636019702));
#1780 = CARTESIAN_POINT('',(-1.643258427309,-25.30012093224,
    -48.06826950862));
#1781 = CARTESIAN_POINT('',(-1.172612336603,-25.23969275364,
    -47.86800347025));
#1782 = CARTESIAN_POINT('',(-0.674771354348,-25.17931570019,
    -47.7370975567));
#1783 = CARTESIAN_POINT('',(-0.161793679114,-25.11896958107,
    -47.67926896234));
#1784 = CARTESIAN_POINT('',(0.354153170384,-25.05862217462,
    -47.6962067801));
#1785 = CARTESIAN_POINT('',(0.860810519979,-24.99824449015,
    -47.78717340962));
#1786 = CARTESIAN_POINT('',(1.345916646984,-24.93780960572,
    -47.94946857501));
#1787 = CARTESIAN_POINT('',(2.290521596203,-24.81159452487,
    -48.42463021025));
#1788 = CARTESIAN_POINT('',(2.74557465028,-24.74556785441,
    -48.75094621529));
#1789 = CARTESIAN_POINT('',(3.146222816951,-24.67963022844,
    -49.14807974361));
#1790 = CARTESIAN_POINT('',(3.480409536474,-24.6137353176,
    -49.60485423534));
#1791 = CARTESIAN_POINT('',(3.738264434741,-24.54784180451,
    -50.10865301791));
#1792 = CARTESIAN_POINT('',(3.912976338512,-24.48190482058,
    -50.6450031427));
#1793 = CARTESIAN_POINT('',(4.,-24.41588120555,-51.19811317737));
#1794 = CARTESIAN_POINT('',(4.,-24.35000287002,-51.75));
#1795 = ORIENTED_EDGE('',*,*,#1796,.F.);
#1796 = EDGE_CURVE('',#1797,#1734,#1799,.T.);
#1797 = VERTEX_POINT('',#1798);
#1798 = CARTESIAN_POINT('',(4.,-30.3499992204,-51.75));
#1799 = B_SPLINE_CURVE_WITH_KNOTS('',8,(#1800,#1801,#1802,#1803,#1804,
    #1805,#1806,#1807,#1808,#1809,#1810,#1811,#1812,#1813,#1814,#1815,
    #1816,#1817,#1818,#1819,#1820,#1821,#1822,#1823,#1824,#1825,#1826,
    #1827,#1828,#1829,#1830,#1831,#1832,#1833,#1834,#1835,#1836,#1837,
    #1838,#1839,#1840,#1841,#1842,#1843,#1844,#1845,#1846,#1847,#1848,
    #1849,#1850,#1851,#1852,#1853,#1854,#1855,#1856,#1857,#1858,#1859,
    #1860,#1861,#1862,#1863,#1864),.UNSPECIFIED.,.F.,.F.,(9,7,7,7,7,7,7,
    7,7,9),(0.,0.126645339804,0.245729569507,0.253728111815,
    0.316442593026,0.420977068259,0.544464700565,0.723173689179,
    0.868674545674,1.),.UNSPECIFIED.);
#1800 = CARTESIAN_POINT('',(4.,-30.3499992204,-51.75));
#1801 = CARTESIAN_POINT('',(4.,-30.30251941298,-52.14776825978));
#1802 = CARTESIAN_POINT('',(3.954793393982,-30.25500087703,
    -52.54586446731));
#1803 = CARTESIAN_POINT('',(3.864256201024,-30.20749190713,
    -52.93789022597));
#1804 = CARTESIAN_POINT('',(3.729450796224,-30.15999292141,
    -53.31780351885));
#1805 = CARTESIAN_POINT('',(3.552317566035,-30.1124943506,
    -53.67991500489));
#1806 = CARTESIAN_POINT('',(3.335568247701,-30.06498595595,
    -54.01886984801));
#1807 = CARTESIAN_POINT('',(3.082759722526,-30.01746638043,
    -54.3296978208));
#1808 = CARTESIAN_POINT('',(2.531263894781,-29.92533207133,
    -54.86971468338));
#1809 = CARTESIAN_POINT('',(2.235984117164,-29.88067432606,
    -55.10289827398));
#1810 = CARTESIAN_POINT('',(1.916355011796,-29.8360291225,
    -55.30394279695));
#1811 = CARTESIAN_POINT('',(1.576481543553,-29.79139112053,
    -55.46997048307));
#1812 = CARTESIAN_POINT('',(1.220773165864,-29.74674936465,
    -55.59873755245));
#1813 = CARTESIAN_POINT('',(0.853919719645,-29.70209431326,
    -55.68859332292));
#1814 = CARTESIAN_POINT('',(0.480913311809,-29.65742682339,
    -55.73855788957));
#1815 = CARTESIAN_POINT('',(8.19419828808E-02,-29.60978585837,
    -55.74923949409));
#1816 = CARTESIAN_POINT('',(5.682604959059E-02,-29.60678735035,
    -55.74973156366));
#1817 = CARTESIAN_POINT('',(3.170678433206E-02,-29.60378883703,
    -55.75004336638));
#1818 = CARTESIAN_POINT('',(6.585683206104E-03,-29.60079031672,
    -55.75017487675));
#1819 = CARTESIAN_POINT('',(-1.853575615602E-02,-29.59779178791,
    -55.75012608398));
#1820 = CARTESIAN_POINT('',(-4.365603459268E-02,-29.59479324927,
    -55.749896992));
#1821 = CARTESIAN_POINT('',(-6.877365141186E-02,-29.59179469968,
    -55.74948761943));
#1822 = CARTESIAN_POINT('',(-0.290795130165,-29.56528520057,
    -55.7442749449));
#1823 = CARTESIAN_POINT('',(-0.487440976103,-29.54177499376,
    -55.72857487459));
#1824 = CARTESIAN_POINT('',(-0.683107005164,-29.51826286679,
    -55.7018079189));
#1825 = CARTESIAN_POINT('',(-0.877077898454,-29.49474746302,
    -55.66404351068));
#1826 = CARTESIAN_POINT('',(-1.068640655236,-29.47122872009,
    -55.61541038543));
#1827 = CARTESIAN_POINT('',(-1.257084592921,-29.44770786994,
    -55.55609658131));
#1828 = CARTESIAN_POINT('',(-1.441701347075,-29.42418743879,
    -55.48634943914));
#1829 = CARTESIAN_POINT('',(-1.921953769437,-29.36147371727,
    -55.27333937214));
#1830 = CARTESIAN_POINT('',(-2.209730567985,-29.32227478128,
    -55.11196980986));
#1831 = CARTESIAN_POINT('',(-2.481887561363,-29.28307432446,
    -54.92383347869));
#1832 = CARTESIAN_POINT('',(-2.735505132262,-29.24387260101,
    -54.71071857411));
#1833 = CARTESIAN_POINT('',(-2.967971751751,-29.20467023398,
    -54.47473492392));
#1834 = CARTESIAN_POINT('',(-3.176983979284,-29.16546821532,
    -54.21831398828));
#1835 = CARTESIAN_POINT('',(-3.360546462694,-29.12626790587,
    -53.94420885966));
#1836 = CARTESIAN_POINT('',(-3.701758933672,-29.04076737598,
    -53.31443279119));
#1837 = CARTESIAN_POINT('',(-3.848775603683,-28.99445859326,
    -52.95283613869));
#1838 = CARTESIAN_POINT('',(-3.955275733965,-28.94816478439,
    -52.57572919448));
#1839 = CARTESIAN_POINT('',(-4.019460428863,-28.90187457378,
    -52.1883892379));
#1840 = CARTESIAN_POINT('',(-4.04031903114,-28.85557457999,
    -51.79624562009));
#1841 = CARTESIAN_POINT('',(-4.017591039003,-28.80925684126,
    -51.40486506882));
#1842 = CARTESIAN_POINT('',(-3.951882973428,-28.76292745349,
    -51.01994001011));
#1843 = CARTESIAN_POINT('',(-3.690257700311,-28.64965286737,
    -50.10777103186));
#1844 = CARTESIAN_POINT('',(-3.448683831009,-28.58250726396,
    -49.59187309796));
#1845 = CARTESIAN_POINT('',(-3.124782490175,-28.51545687957,
    -49.11795706231));
#1846 = CARTESIAN_POINT('',(-2.727849190676,-28.44845943219,
    -48.70066548454));
#1847 = CARTESIAN_POINT('',(-2.269123159881,-28.38146750709,
    -48.35254856631));
#1848 = CARTESIAN_POINT('',(-1.762331055558,-28.31443398777,
    -48.08327928293));
#1849 = CARTESIAN_POINT('',(-1.222952549789,-28.24730478555,
    -47.90041485547));
#1850 = CARTESIAN_POINT('',(-0.219249440259,-28.12578017297,
    -47.72996459766));
#1851 = CARTESIAN_POINT('',(0.241620980724,-28.07119132737,
    -47.71220286901));
#1852 = CARTESIAN_POINT('',(0.703268861007,-28.01662768333,
    -47.75498426958));
#1853 = CARTESIAN_POINT('',(1.156475806421,-27.96209463105,
    -47.85794403241));
#1854 = CARTESIAN_POINT('',(1.592373408731,-27.90756200113,
    -48.01916864649));
#1855 = CARTESIAN_POINT('',(2.002484421218,-27.85299924321,
    -48.23542225127));
#1856 = CARTESIAN_POINT('',(2.378881735235,-27.79841123665,
    -48.50197424351));
#1857 = CARTESIAN_POINT('',(3.017354408619,-27.69465144207,
    -49.09187499234));
#1858 = CARTESIAN_POINT('',(3.287451069091,-27.64539961992,
    -49.40757818896));
#1859 = CARTESIAN_POINT('',(3.519486249861,-27.59616251312,
    -49.7543892385));
#1860 = CARTESIAN_POINT('',(3.709417123993,-27.54694218364,
    -50.12689156499));
#1861 = CARTESIAN_POINT('',(3.854140030754,-27.4977201781,
    -50.51918744294));
#1862 = CARTESIAN_POINT('',(3.951414757558,-27.44847869845,
    -50.92499324599));
#1863 = CARTESIAN_POINT('',(4.,-27.39922227451,-51.33764296567));
#1864 = CARTESIAN_POINT('',(4.,-27.34999993839,-51.75));
#1865 = ORIENTED_EDGE('',*,*,#1866,.F.);
#1866 = EDGE_CURVE('',#1867,#1797,#1869,.T.);
#1867 = VERTEX_POINT('',#1868);
#1868 = CARTESIAN_POINT('',(4.,-33.35000093823,-51.75));
#1869 = B_SPLINE_CURVE_WITH_KNOTS('',8,(#1870,#1871,#1872,#1873,#1874,
    #1875,#1876,#1877,#1878,#1879,#1880,#1881,#1882,#1883,#1884,#1885,
    #1886,#1887,#1888,#1889,#1890,#1891,#1892,#1893,#1894,#1895,#1896,
    #1897,#1898,#1899,#1900,#1901,#1902,#1903,#1904,#1905,#1906,#1907,
    #1908,#1909,#1910,#1911,#1912,#1913,#1914,#1915,#1916,#1917,#1918,
    #1919,#1920,#1921,#1922,#1923,#1924,#1925,#1926,#1927),
  .UNSPECIFIED.,.F.,.F.,(9,7,7,7,7,7,7,7,9),(0.,0.127056091152,
    0.306551316341,0.36984000066,0.529328068036,0.650621842179,
    0.740455467857,0.879278059571,1.),.UNSPECIFIED.);
#1870 = CARTESIAN_POINT('',(4.,-33.35000093823,-51.75));
#1871 = CARTESIAN_POINT('',(4.,-33.3023743275,-52.14900293405));
#1872 = CARTESIAN_POINT('',(3.954513280209,-33.25471450783,
    -52.54828450105));
#1873 = CARTESIAN_POINT('',(3.863429161538,-33.20706720595,
    -52.94140708703));
#1874 = CARTESIAN_POINT('',(3.727846929705,-33.15943019148,
    -53.32231203705));
#1875 = CARTESIAN_POINT('',(3.549690733624,-33.11179289102,
    -53.68525678133));
#1876 = CARTESIAN_POINT('',(3.331732327429,-33.06414586163,
    -54.02485514125));
#1877 = CARTESIAN_POINT('',(3.077549809364,-33.01648794907,
    -54.33608572113));
#1878 = CARTESIAN_POINT('',(2.388251055722,-32.90159467816,
    -55.00789674793));
#1879 = CARTESIAN_POINT('',(1.920291815002,-32.83415394061,
    -55.33725555958));
#1880 = CARTESIAN_POINT('',(1.401267359731,-32.7668120942,
    -55.58856593069));
#1881 = CARTESIAN_POINT('',(0.846710978717,-32.69951572739,
    -55.75369179287));
#1882 = CARTESIAN_POINT('',(0.272789579933,-32.63221809503,
    -55.82721783783));
#1883 = CARTESIAN_POINT('',(-0.303544084789,-32.56486377147,
    -55.80756522938));
#1884 = CARTESIAN_POINT('',(-0.864812141313,-32.49741695185,
    -55.69585872471));
#1885 = CARTESIAN_POINT('',(-1.579464461061,-32.40641677887,
    -55.43032459218));
#1886 = CARTESIAN_POINT('',(-1.76188473094,-32.38268935504,
    -55.35050090711));
#1887 = CARTESIAN_POINT('',(-1.939689120139,-32.35895873888,
    -55.26034682575));
#1888 = CARTESIAN_POINT('',(-2.112175733719,-32.33522686044,
    -55.16018570224));
#1889 = CARTESIAN_POINT('',(-2.278682028581,-32.31149518904,
    -55.05039014751));
#1890 = CARTESIAN_POINT('',(-2.438584813465,-32.28776473322,
    -54.93138202918));
#1891 = CARTESIAN_POINT('',(-2.591300248947,-32.2640360408,
    -54.80363247165));
#1892 = CARTESIAN_POINT('',(-3.101643850964,-32.18051733856,
    -54.3250146524));
#1893 = CARTESIAN_POINT('',(-3.418497056038,-32.12064062312,
    -53.92957356595));
#1894 = CARTESIAN_POINT('',(-3.677047655358,-32.06082062451,
    -53.49007670673));
#1895 = CARTESIAN_POINT('',(-3.870526537758,-32.00102881827,
    -53.01677291854));
#1896 = CARTESIAN_POINT('',(-3.994320211566,-31.94123323339,
    -52.52066776525));
#1897 = CARTESIAN_POINT('',(-4.045649213913,-31.88140654674,
    -52.01336290306));
#1898 = CARTESIAN_POINT('',(-4.023916512352,-31.82152874364,
    -51.50711694541));
#1899 = CARTESIAN_POINT('',(-3.861825299713,-31.71626503729,
    -50.64030580667));
#1900 = CARTESIAN_POINT('',(-3.751029705787,-31.67078072327,
    -50.27337724039));
#1901 = CARTESIAN_POINT('',(-3.600435583487,-31.62531241591,
    -49.91937843251));
#1902 = CARTESIAN_POINT('',(-3.411883604964,-31.57985512338,
    -49.58329113275));
#1903 = CARTESIAN_POINT('',(-3.187869327168,-31.5343966294,
    -49.26970802293));
#1904 = CARTESIAN_POINT('',(-2.931483859713,-31.48892551898,
    -48.98285707491));
#1905 = CARTESIAN_POINT('',(-2.646472398568,-31.4434397906,
    -48.72654815963));
#1906 = CARTESIAN_POINT('',(-2.108453873547,-31.36430121874,
    -48.33913478196));
#1907 = CARTESIAN_POINT('',(-1.866199402794,-31.330626212,
    -48.19272098461));
#1908 = CARTESIAN_POINT('',(-1.612414472407,-31.29694992023,
    -48.06601996214));
#1909 = CARTESIAN_POINT('',(-1.348980284463,-31.2632730072,
    -47.96008741629));
#1910 = CARTESIAN_POINT('',(-1.077859354711,-31.2295961351,
    -47.87575058332));
#1911 = CARTESIAN_POINT('',(-0.801095512571,-31.1959199646,
    -47.81360823403));
#1912 = CARTESIAN_POINT('',(-0.520813901134,-31.16224515477,
    -47.77403067371));
#1913 = CARTESIAN_POINT('',(0.1959330002,-31.07653678999,-47.73108858662
    ));
#1914 = CARTESIAN_POINT('',(0.634749766461,-31.02445385557,
    -47.75919657131));
#1915 = CARTESIAN_POINT('',(1.068749364764,-30.97238834161,
    -47.84214795608));
#1916 = CARTESIAN_POINT('',(1.489979294845,-30.92034576923,
    -47.97885867449));
#1917 = CARTESIAN_POINT('',(1.890901865448,-30.86830245238,
    -48.16697944056));
#1918 = CARTESIAN_POINT('',(2.264404825164,-30.81623515973,
    -48.40307486999));
#1919 = CARTESIAN_POINT('',(2.603935271703,-30.76415038504,
    -48.68249861592));
#1920 = CARTESIAN_POINT('',(3.164485594268,-30.6668610323,
    -49.27416740553));
#1921 = CARTESIAN_POINT('',(3.395551188151,-30.62158372975,
    -49.57776654124));
#1922 = CARTESIAN_POINT('',(3.593125456725,-30.57631411269,
    -49.90582498996));
#1923 = CARTESIAN_POINT('',(3.754267861348,-30.53105549436,
    -50.25397956195));
#1924 = CARTESIAN_POINT('',(3.87673703926,-30.48579677127,
    -50.61754820989));
#1925 = CARTESIAN_POINT('',(3.958937290255,-30.4405271369,
    -50.99158776091));
#1926 = CARTESIAN_POINT('',(4.,-30.3952504447,-51.37090198507));
#1927 = CARTESIAN_POINT('',(4.,-30.3499992204,-51.75));
#1928 = ORIENTED_EDGE('',*,*,#1929,.F.);
#1929 = EDGE_CURVE('',#1930,#1867,#1932,.T.);
#1930 = VERTEX_POINT('',#1931);
#1931 = CARTESIAN_POINT('',(4.,-36.35000276287,-51.75));
#1932 = B_SPLINE_CURVE_WITH_KNOTS('',8,(#1933,#1934,#1935,#1936,#1937,
    #1938,#1939,#1940,#1941,#1942,#1943,#1944,#1945,#1946,#1947,#1948,
    #1949,#1950,#1951,#1952,#1953,#1954,#1955,#1956,#1957,#1958,#1959,
    #1960,#1961,#1962,#1963,#1964,#1965,#1966,#1967,#1968,#1969,#1970,
    #1971,#1972,#1973,#1974,#1975,#1976,#1977,#1978,#1979,#1980,#1981,
    #1982,#1983,#1984,#1985,#1986,#1987,#1988,#1989,#1990),
  .UNSPECIFIED.,.F.,.F.,(9,7,7,7,7,7,7,7,9),(0.,9.296835949805E-02,
    0.244318962469,0.345583742276,0.524687887074,0.691194590779,
    0.781685037553,0.888551193415,1.),.UNSPECIFIED.);
#1933 = CARTESIAN_POINT('',(4.,-36.35000276287,-51.75));
#1934 = CARTESIAN_POINT('',(4.,-36.31514851688,-52.0419966874));
#1935 = CARTESIAN_POINT('',(3.975643729788,-36.28029723122,
    -52.33400827651));
#1936 = CARTESIAN_POINT('',(3.926928556066,-36.24544431471,
    -52.62362000819));
#1937 = CARTESIAN_POINT('',(3.854125426697,-36.21058749663,
    -52.9084791153));
#1938 = CARTESIAN_POINT('',(3.75777887071,-36.17572682673,
    -53.18629482266));
#1939 = CARTESIAN_POINT('',(3.638706998298,-36.1408646752,-53.4548383471
    ));
#1940 = CARTESIAN_POINT('',(3.498001500817,-36.1060057327,
    -53.71194289742));
#1941 = CARTESIAN_POINT('',(3.074965489035,-36.01442399738,
    -54.35201567761));
#1942 = CARTESIAN_POINT('',(2.758739835842,-35.95762325595,
    -54.71341470524));
#1943 = CARTESIAN_POINT('',(2.394287984599,-35.90086369489,
    -55.03027359158));
#1944 = CARTESIAN_POINT('',(1.989154520387,-35.844132525,-55.29533436209
    ));
#1945 = CARTESIAN_POINT('',(1.551814254709,-35.7874012077,
    -55.50294350713));
#1946 = CARTESIAN_POINT('',(1.091506921614,-35.73064245971,
    -55.64884119811));
#1947 = CARTESIAN_POINT('',(0.618326163739,-35.67384405129,
    -55.73040293619));
#1948 = CARTESIAN_POINT('',(-0.174518831017,-35.579142592,
    -55.75882591262));
#1949 = CARTESIAN_POINT('',(-0.493403111536,-35.54117776437,
    -55.74134124038));
#1950 = CARTESIAN_POINT('',(-0.810213825975,-35.50322226162,
    -55.69485901997));
#1951 = CARTESIAN_POINT('',(-1.121893306328,-35.4652722486,
    -55.61968536804));
#1952 = CARTESIAN_POINT('',(-1.42546640286,-35.42731356684,
    -55.51649111517));
#1953 = CARTESIAN_POINT('',(-1.718047343252,-35.38934217219,
    -55.38629150866));
#1954 = CARTESIAN_POINT('',(-1.996859228229,-35.35137361926,
    -55.23047094873));
#1955 = CARTESIAN_POINT('',(-2.723411882733,-35.24627955961,
    -54.73318056146));
#1956 = CARTESIAN_POINT('',(-3.137592349194,-35.17898972927,
    -54.34016614764));
#1957 = CARTESIAN_POINT('',(-3.485606390403,-35.11180171885,
    -53.88202215768));
#1958 = CARTESIAN_POINT('',(-3.756498909492,-35.04465287447,
    -53.37226960702));
#1959 = CARTESIAN_POINT('',(-3.941839777129,-34.97750269913,
    -52.82557331031));
#1960 = CARTESIAN_POINT('',(-4.036736675006,-34.91030601854,
    -52.25812495568));
#1961 = CARTESIAN_POINT('',(-4.038860297153,-34.84301108584,
    -51.68716484134));
#1962 = CARTESIAN_POINT('',(-3.871038772292,-34.71345955009,
    -50.61489455482));
#1963 = CARTESIAN_POINT('',(-3.712879314672,-34.65094536607,
    -50.10954853359));
#1964 = CARTESIAN_POINT('',(-3.479309350067,-34.58849861227,
    -49.63037317419));
#1965 = CARTESIAN_POINT('',(-3.175927726625,-34.52608663217,
    -49.19010305189));
#1966 = CARTESIAN_POINT('',(-2.810117230096,-34.4636714031,
    -48.80012891819));
#1967 = CARTESIAN_POINT('',(-2.391430330917,-34.40121775622,
    -48.47010121604));
#1968 = CARTESIAN_POINT('',(-1.931134383004,-34.33869593638,
    -48.20823404302));
#1969 = CARTESIAN_POINT('',(-1.178495585083,-34.24236505551,
    -47.91699938977));
#1970 = CARTESIAN_POINT('',(-0.90512294355,-34.20844170686,
    -47.83595445752));
#1971 = CARTESIAN_POINT('',(-0.625456193429,-34.17451792585,
    -47.7772236777));
#1972 = CARTESIAN_POINT('',(-0.341616322959,-34.14059306895,
    -47.74135554807));
#1973 = CARTESIAN_POINT('',(-5.576513475618E-02,-34.10666426692,
    -47.72866398375));
#1974 = CARTESIAN_POINT('',(0.229902224043,-34.07272974539,
    -47.73923139782));
#1975 = CARTESIAN_POINT('',(0.513161314553,-34.03879289121,
    -47.77288456299));
#1976 = CARTESIAN_POINT('',(1.120773531269,-33.96480181091,
    -47.89558286536));
#1977 = CARTESIAN_POINT('',(1.443504734705,-33.92473420186,
    -47.99361997063));
#1978 = CARTESIAN_POINT('',(1.756262608428,-33.88466595573,
    -48.12246546376));
#1979 = CARTESIAN_POINT('',(2.055607382349,-33.84459812824,
    -48.28091991637));
#1980 = CARTESIAN_POINT('',(2.338349559988,-33.80453111235,
    -48.46737357805));
#1981 = CARTESIAN_POINT('',(2.601549918476,-33.76446463826,
    -48.67980637644));
#1982 = CARTESIAN_POINT('',(2.842519508556,-33.72439777345,
    -48.91578791719));
#1983 = CARTESIAN_POINT('',(3.284395216312,-33.64254183324,
    -49.44017445168));
#1984 = CARTESIAN_POINT('',(3.483267377209,-33.60075067587,
    -49.73055223372));
#1985 = CARTESIAN_POINT('',(3.652691464895,-33.55895600347,
    -50.04031066038));
#1986 = CARTESIAN_POINT('',(3.790465274534,-33.51715910713,
    -50.36594518304));
#1987 = CARTESIAN_POINT('',(3.894929068838,-33.47536201606,
    -50.70374687421));
#1988 = CARTESIAN_POINT('',(3.96496557806,-33.43356749758,
    -51.04980242745));
#1989 = CARTESIAN_POINT('',(4.,-33.39177905712,-51.39999415746));
#1990 = CARTESIAN_POINT('',(4.,-33.35000093823,-51.75));
#1991 = ORIENTED_EDGE('',*,*,#1992,.F.);
#1992 = EDGE_CURVE('',#1993,#1930,#1995,.T.);
#1993 = VERTEX_POINT('',#1994);
#1994 = CARTESIAN_POINT('',(4.,-39.35000286838,-51.75));
#1995 = B_SPLINE_CURVE_WITH_KNOTS('',8,(#1996,#1997,#1998,#1999,#2000,
    #2001,#2002,#2003,#2004,#2005,#2006,#2007,#2008,#2009,#2010,#2011,
    #2012,#2013,#2014,#2015,#2016,#2017,#2018,#2019,#2020,#2021,#2022,
    #2023,#2024,#2025,#2026,#2027,#2028,#2029,#2030,#2031,#2032,#2033,
    #2034,#2035,#2036,#2037,#2038,#2039,#2040,#2041,#2042,#2043,#2044,
    #2045,#2046,#2047,#2048,#2049,#2050,#2051,#2052,#2053),
  .UNSPECIFIED.,.F.,.F.,(9,7,7,7,7,7,7,7,9),(0.,0.16879126396,
    0.264578096368,0.347062095879,0.435376243834,0.570886527004,
    0.733103619144,0.871969813561,1.),.UNSPECIFIED.);
#1996 = CARTESIAN_POINT('',(4.,-39.35000286838,-51.75));
#1997 = CARTESIAN_POINT('',(4.,-39.28674695207,-52.27992896982));
#1998 = CARTESIAN_POINT('',(3.919763811268,-39.22336675289,
    -52.81090069728));
#1999 = CARTESIAN_POINT('',(3.758744632462,-39.16005342745,
    -53.32711973198));
#2000 = CARTESIAN_POINT('',(3.520736246389,-39.09678061161,
    -53.81450695428));
#2001 = CARTESIAN_POINT('',(3.211606125467,-39.03351196652,
    -54.26015354666));
#2002 = CARTESIAN_POINT('',(2.83979321084,-38.97020867837,
    -54.65267305397));
#2003 = CARTESIAN_POINT('',(2.415653057654,-38.9068322232,
    -54.98194791037));
#2004 = CARTESIAN_POINT('',(1.690699683357,-38.80766732186,
    -55.38757960417));
#2005 = CARTESIAN_POINT('',(1.415541810647,-38.77176114454,
    -55.5119004789));
#2006 = CARTESIAN_POINT('',(1.130067687463,-38.73585565404,
    -55.61239023462));
#2007 = CARTESIAN_POINT('',(0.836710761087,-38.69995395932,
    -55.68805571143));
#2008 = CARTESIAN_POINT('',(0.537955624254,-38.66405669219,
    -55.73820925105));
#2009 = CARTESIAN_POINT('',(0.23633801515,-38.62816200728,
    -55.76246869681));
#2010 = CARTESIAN_POINT('',(-6.555518258295E-02,-38.59226558204,
    -55.76075739369));
#2011 = CARTESIAN_POINT('',(-0.623017998101,-38.52544211716,
    -55.70966367192));
#2012 = CARTESIAN_POINT('',(-0.879289611456,-38.49451489944,
    -55.66691811553));
#2013 = CARTESIAN_POINT('',(-1.132177286479,-38.46358350905,
    -55.60522511183));
#2014 = CARTESIAN_POINT('',(-1.380023740876,-38.43265127272,
    -55.52490563457));
#2015 = CARTESIAN_POINT('',(-1.62123790349,-38.40172029844,
    -55.42644403856));
#2016 = CARTESIAN_POINT('',(-1.854294914306,-38.3707914755,
    -55.31048805968));
#2017 = CARTESIAN_POINT('',(-2.077736124451,-38.33986447442,
    -55.17784881485));
#2018 = CARTESIAN_POINT('',(-2.517617292303,-38.27582505132,
    -54.87066722918));
#2019 = CARTESIAN_POINT('',(-2.73251711199,-38.24270891437,
    -54.69376464111));
#2020 = CARTESIAN_POINT('',(-2.933143966837,-38.20959106967,
    -54.50001163262));
#2021 = CARTESIAN_POINT('',(-3.117951940748,-38.17647280333,
    -54.29076644853));
#2022 = CARTESIAN_POINT('',(-3.285573789949,-38.14335495412,
    -54.06752698374));
#2023 = CARTESIAN_POINT('',(-3.434820942983,-38.11023791348,
    -53.83193078328));
#2024 = CARTESIAN_POINT('',(-3.564683500717,-38.0771216255,
    -53.58575504222));
#2025 = CARTESIAN_POINT('',(-3.842573496746,-37.9931919419,
    -52.93988946584));
#2026 = CARTESIAN_POINT('',(-3.963375883718,-37.94234350587,
    -52.52811794375));
#2027 = CARTESIAN_POINT('',(-4.033534523769,-37.89151338194,
    -52.10276755363));
#2028 = CARTESIAN_POINT('',(-4.051455935861,-37.84070477916,
    -51.67111049531));
#2029 = CARTESIAN_POINT('',(-4.016745783441,-37.78989607343,
    -51.24047269351));
#2030 = CARTESIAN_POINT('',(-3.930076558702,-37.73906624301,
    -50.81816975084));
#2031 = CARTESIAN_POINT('',(-3.793333199088,-37.68822067862,
    -50.41143181464));
#2032 = CARTESIAN_POINT('',(-3.390615387986,-37.57660157536,
    -49.56750036942));
#2033 = CARTESIAN_POINT('',(-3.103903843623,-37.51568848612,
    -49.13889591235));
#2034 = CARTESIAN_POINT('',(-2.755548714021,-37.4548322223,
    -48.75418836565));
#2035 = CARTESIAN_POINT('',(-2.353734697047,-37.39401021457,
    -48.42339573353));
#2036 = CARTESIAN_POINT('',(-1.908084763889,-37.33318983755,
    -48.1545696524));
#2037 = CARTESIAN_POINT('',(-1.429393690824,-37.27233761067,
    -47.95409652852));
#2038 = CARTESIAN_POINT('',(-0.929821852585,-37.21142838033,
    -47.82635035527));
#2039 = CARTESIAN_POINT('',(1.053842617201E-02,-37.09854985518,
    -47.72630435876));
#2040 = CARTESIAN_POINT('',(0.450300536501,-37.0464538023,
    -47.73418149595));
#2041 = CARTESIAN_POINT('',(0.887733859443,-36.99437843376,
    -47.79707984682));
#2042 = CARTESIAN_POINT('',(1.31487900583,-36.94232528493,
    -47.91427496015));
#2043 = CARTESIAN_POINT('',(1.724114112926,-36.89026936277,
    -48.08377940153));
#2044 = CARTESIAN_POINT('',(2.108180444035,-36.83818672787,
    -48.30250476374));
#2045 = CARTESIAN_POINT('',(2.460312849925,-36.78608302886,
    -48.56612354389));
#2046 = CARTESIAN_POINT('',(3.06412262367,-36.68602529892,
    -49.14753297535));
#2047 = CARTESIAN_POINT('',(3.321863778319,-36.63800643763,
    -49.45984384013));
#2048 = CARTESIAN_POINT('',(3.542947417741,-36.59000245844,
    -49.80107952801));
#2049 = CARTESIAN_POINT('',(3.723711681603,-36.54201410466,
    -50.16617397468));
#2050 = CARTESIAN_POINT('',(3.861342107524,-36.49402429513,
    -50.54963386144));
#2051 = CARTESIAN_POINT('',(3.953811278822,-36.44601659595,
    -50.94561789499));
#2052 = CARTESIAN_POINT('',(4.,-36.39799467834,-51.34794051079));
#2053 = CARTESIAN_POINT('',(4.,-36.35000276287,-51.75));
#2054 = ORIENTED_EDGE('',*,*,#2055,.F.);
#2055 = EDGE_CURVE('',#2056,#1993,#2058,.T.);
#2056 = VERTEX_POINT('',#2057);
#2057 = CARTESIAN_POINT('',(4.,-42.35000241008,-51.75));
#2058 = B_SPLINE_CURVE_WITH_KNOTS('',8,(#2059,#2060,#2061,#2062,#2063,
    #2064,#2065,#2066,#2067,#2068,#2069,#2070,#2071,#2072,#2073,#2074,
    #2075,#2076,#2077,#2078,#2079,#2080,#2081,#2082,#2083,#2084,#2085,
    #2086,#2087,#2088,#2089,#2090,#2091,#2092,#2093,#2094,#2095,#2096,
    #2097,#2098,#2099,#2100,#2101,#2102,#2103,#2104,#2105,#2106,#2107,
    #2108,#2109,#2110,#2111,#2112,#2113,#2114,#2115,#2116),
  .UNSPECIFIED.,.F.,.F.,(9,7,7,7,7,7,7,7,9),(0.,0.170283203239,
    0.271037772965,0.383277963259,0.506640990776,0.608275940656,
    0.766748435874,0.877323361226,1.),.UNSPECIFIED.);
#2059 = CARTESIAN_POINT('',(4.,-42.35000241008,-51.75));
#2060 = CARTESIAN_POINT('',(4.,-42.28619855686,-52.28452249209));
#2061 = CARTESIAN_POINT('',(3.918366706569,-42.22226563967,
    -52.82013416553));
#2062 = CARTESIAN_POINT('',(3.754524537949,-42.15840614207,
    -53.34056993365));
#2063 = CARTESIAN_POINT('',(3.512434455625,-42.09458756994,
    -53.83140846976));
#2064 = CARTESIAN_POINT('',(3.198148696277,-42.03076876011,
    -54.27944661931));
#2065 = CARTESIAN_POINT('',(2.820370734126,-41.96690557704,
    -54.67305736691));
#2066 = CARTESIAN_POINT('',(2.389770280556,-41.90296776692,
    -55.0018987866));
#2067 = CARTESIAN_POINT('',(1.643315099978,-41.80138862816,
    -55.41054495002));
#2068 = CARTESIAN_POINT('',(1.352008480404,-41.7636261095,
    -55.53740212978));
#2069 = CARTESIAN_POINT('',(1.049657724657,-41.72586158787,
    -55.63771494854));
#2070 = CARTESIAN_POINT('',(0.739106153086,-41.68809534608,
    -55.71036774733));
#2071 = CARTESIAN_POINT('',(0.423262384718,-41.6503280838,
    -55.75462214997));
#2072 = CARTESIAN_POINT('',(0.105100337257,-41.61256091757,
    -55.77011706312));
#2073 = CARTESIAN_POINT('',(-0.212340772915,-41.57479538082,
    -55.75686867621));
#2074 = CARTESIAN_POINT('',(-0.875323027308,-41.4949667538,
    -55.66893021563));
#2075 = CARTESIAN_POINT('',(-1.220220424966,-41.4528894942,
    -55.58734855387));
#2076 = CARTESIAN_POINT('',(-1.55626930082,-41.41080569356,
    -55.47113928573));
#2077 = CARTESIAN_POINT('',(-1.879374956334,-41.36871877889,
    -55.32144110284));
#2078 = CARTESIAN_POINT('',(-2.185727317333,-41.32663155573,
    -55.13991757892));
#2079 = CARTESIAN_POINT('',(-2.471800933999,-41.28454620806,
    -54.92875716983));
#2080 = CARTESIAN_POINT('',(-2.734354980877,-41.24246429841,
    -54.69067321352));
#2081 = CARTESIAN_POINT('',(-3.229906541629,-41.15413941589,
    -54.1411936969));
#2082 = CARTESIAN_POINT('',(-3.457662581184,-41.10786909847,
    -53.82461284802));
#2083 = CARTESIAN_POINT('',(-3.649733643909,-41.06161007086,
    -53.48346424601));
#2084 = CARTESIAN_POINT('',(-3.803127120206,-41.01536409917,
    -53.12248124762));
#2085 = CARTESIAN_POINT('',(-3.915612400832,-40.96911750129,
    -52.7467239881));
#2086 = CARTESIAN_POINT('',(-3.985662907227,-40.92285763897,
    -52.36152075775));
#2087 = CARTESIAN_POINT('',(-4.012553273821,-40.87658886089,
    -51.97245447084));
#2088 = CARTESIAN_POINT('',(-3.983477902443,-40.792251409,
    -51.26650736666));
#2089 = CARTESIAN_POINT('',(-3.941260749542,-40.75414132834,
    -50.94870555947));
#2090 = CARTESIAN_POINT('',(-3.870057495492,-40.71603155628,
    -50.63520029706));
#2091 = CARTESIAN_POINT('',(-3.770411736289,-40.67792260472,
    -50.32908187899));
#2092 = CARTESIAN_POINT('',(-3.643237796308,-40.63981122045,
    -50.0333148286));
#2093 = CARTESIAN_POINT('',(-3.489793719101,-40.60169431448,
    -49.75073841286));
#2094 = CARTESIAN_POINT('',(-3.311705107186,-40.56357354326,
    -49.4840510174));
#2095 = CARTESIAN_POINT('',(-2.798161792026,-40.46604976289,
    -48.84860927956));
#2096 = CARTESIAN_POINT('',(-2.429730909035,-40.40654033872,
    -48.50535333885));
#2097 = CARTESIAN_POINT('',(-2.013564293807,-40.34707601214,
    -48.21627251563));
#2098 = CARTESIAN_POINT('',(-1.559239641545,-40.28763911624,
    -47.98866560567));
#2099 = CARTESIAN_POINT('',(-1.077115364528,-40.22819906031,
    -47.82806679991));
#2100 = CARTESIAN_POINT('',(-0.578430734232,-40.168728659,
    -47.73790216438));
#2101 = CARTESIAN_POINT('',(-7.51054253502E-02,-40.10920656199,
    -47.71984576648));
#2102 = CARTESIAN_POINT('',(0.765331421681,-40.00832747852,
    -47.80856570342));
#2103 = CARTESIAN_POINT('',(1.10723614227,-39.96685384657,
    -47.87931857622));
#2104 = CARTESIAN_POINT('',(1.441492357147,-39.92538552874,
    -47.98395924945));
#2105 = CARTESIAN_POINT('',(1.764205332276,-39.88392336259,
    -48.12147493073));
#2106 = CARTESIAN_POINT('',(2.071684902446,-39.84245982943,
    -48.2903570034));
#2107 = CARTESIAN_POINT('',(2.360445532801,-39.80098877086,
    -48.48863949511));
#2108 = CARTESIAN_POINT('',(2.627251955851,-39.75951503628,
    -48.71386140047));
#2109 = CARTESIAN_POINT('',(3.137649603651,-39.67207654444,
    -49.23930577091));
#2110 = CARTESIAN_POINT('',(3.375857206202,-39.62605705689,
    -49.54540244999));
#2111 = CARTESIAN_POINT('',(3.579734987161,-39.58004535924,
    -49.87716626401));
#2112 = CARTESIAN_POINT('',(3.74613102317,-39.53404089687,
    -50.23002407652));
#2113 = CARTESIAN_POINT('',(3.872649611001,-39.48803499916,
    -50.59907319964));
#2114 = CARTESIAN_POINT('',(3.9575839481,-39.44201929869,-50.97912792142
    ));
#2115 = CARTESIAN_POINT('',(4.,-39.39599440516,-51.36470406034));
#2116 = CARTESIAN_POINT('',(4.,-39.35000286838,-51.75));
#2117 = ORIENTED_EDGE('',*,*,#2118,.F.);
#2118 = EDGE_CURVE('',#2119,#2056,#2121,.T.);
#2119 = VERTEX_POINT('',#2120);
#2120 = CARTESIAN_POINT('',(4.,-45.35000346169,-51.75));
#2121 = B_SPLINE_CURVE_WITH_KNOTS('',8,(#2122,#2123,#2124,#2125,#2126,
    #2127,#2128,#2129,#2130,#2131,#2132,#2133,#2134,#2135,#2136,#2137,
    #2138,#2139,#2140,#2141,#2142,#2143,#2144,#2145,#2146,#2147,#2148,
    #2149,#2150,#2151,#2152,#2153,#2154,#2155,#2156,#2157,#2158,#2159,
    #2160,#2161,#2162,#2163,#2164,#2165,#2166,#2167,#2168,#2169,#2170,
    #2171,#2172,#2173,#2174,#2175,#2176,#2177,#2178,#2179,#2180,#2181,
    #2182,#2183,#2184,#2185,#2186,#2187,#2188,#2189,#2190,#2191,#2192,
    #2193),.UNSPECIFIED.,.F.,.F.,(9,7,7,7,7,7,7,7,7,7,9),(0.,
    0.13513197397,0.224614987768,0.276209729608,0.40670570053,
    0.440773281834,0.543057774624,0.640522865279,0.726107171363,
    0.875245481064,1.),.UNSPECIFIED.);
#2122 = CARTESIAN_POINT('',(4.,-45.35000346169,-51.75));
#2123 = CARTESIAN_POINT('',(4.,-45.29937357162,-52.17416165529));
#2124 = CARTESIAN_POINT('',(3.948594404284,-45.24871364904,
    -52.59857473402));
#2125 = CARTESIAN_POINT('',(3.845687871792,-45.19807553479,
    -53.01553455878));
#2126 = CARTESIAN_POINT('',(3.69267249968,-45.14745046724,
    -53.41780324294));
#2127 = CARTESIAN_POINT('',(3.492030094225,-45.09682029904,
    -53.79859046068));
#2128 = CARTESIAN_POINT('',(3.247198286517,-45.04616961227,
    -54.15152451688));
#2129 = CARTESIAN_POINT('',(2.962688878125,-44.99549756924,
    -54.47073270801));
#2130 = CARTESIAN_POINT('',(2.433710147521,-44.91134217588,
    -54.93683941004));
#2131 = CARTESIAN_POINT('',(2.207971987062,-44.8778005613,
    -55.10570530215));
#2132 = CARTESIAN_POINT('',(1.968893655158,-44.84426382705,
    -55.25623419247));
#2133 = CARTESIAN_POINT('',(1.718266583068,-44.81072622837,
    -55.38719456254));
#2134 = CARTESIAN_POINT('',(1.457967469733,-44.77718843363,
    -55.49759255871));
#2135 = CARTESIAN_POINT('',(1.189938946828,-44.74365359664,
    -55.58664834994));
#2136 = CARTESIAN_POINT('',(0.916184154401,-44.71011602851,
    -55.65379081405));
#2137 = CARTESIAN_POINT('',(0.478806585687,-44.65723014294,
    -55.7245440076));
#2138 = CARTESIAN_POINT('',(0.317651623762,-44.63788911521,
    -55.74301420541));
#2139 = CARTESIAN_POINT('',(0.155694932695,-44.61854788529,
    -55.75401528963));
#2140 = CARTESIAN_POINT('',(-6.664178723306E-03,-44.59920578218,
    -55.75750782389));
#2141 = CARTESIAN_POINT('',(-0.169023721883,-44.57986218873,
    -55.7534773393));
#2142 = CARTESIAN_POINT('',(-0.330979482561,-44.56051674654,
    -55.74193517695));
#2143 = CARTESIAN_POINT('',(-0.492125475131,-44.54116956083,
    -55.7229193305));
#2144 = CARTESIAN_POINT('',(-1.056554529233,-44.47288509435,
    -55.62966229623));
#2145 = CARTESIAN_POINT('',(-1.453420063714,-44.42392204525,
    -55.51536757327));
#2146 = CARTESIAN_POINT('',(-1.835870743727,-44.3749724686,
    -55.35479462829));
#2147 = CARTESIAN_POINT('',(-2.197595148846,-44.32603816032,
    -55.15009230672));
#2148 = CARTESIAN_POINT('',(-2.532806784154,-44.2771021514,
    -54.90434832156));
#2149 = CARTESIAN_POINT('',(-2.83630016968,-44.22814835748,
    -54.62156278413));
#2150 = CARTESIAN_POINT('',(-3.103506929848,-44.17918122854,
    -54.30662173469));
#2151 = CARTESIAN_POINT('',(-3.389824765768,-44.11747009704,
    -53.87615677206));
#2152 = CARTESIAN_POINT('',(-3.446372841765,-44.10469479524,
    -53.78522998002));
#2153 = CARTESIAN_POINT('',(-3.500131743336,-44.09191938917,
    -53.69258724143));
#2154 = CARTESIAN_POINT('',(-3.551041404582,-44.07914375372,
    -53.59832759054));
#2155 = CARTESIAN_POINT('',(-3.599046061264,-44.06636774266,
    -53.5025521515));
#2156 = CARTESIAN_POINT('',(-3.644094250809,-44.05359118858,
    -53.40536413831));
#2157 = CARTESIAN_POINT('',(-3.686138812303,-44.04081390294,
    -53.30686885483));
#2158 = CARTESIAN_POINT('',(-3.842224689206,-43.98967033255,
    -52.90784898535));
#2159 = CARTESIAN_POINT('',(-3.931839390907,-43.95130464467,
    -52.5977052363));
#2160 = CARTESIAN_POINT('',(-3.992802614523,-43.91293736668,
    -52.27980594618));
#2161 = CARTESIAN_POINT('',(-4.024343131513,-43.87456811763,
    -51.95724244678));
#2162 = CARTESIAN_POINT('',(-4.026096861871,-43.83619738139,
    -51.63313390314));
#2163 = CARTESIAN_POINT('',(-3.998106874127,-43.7978265066,
    -51.31062731354));
#2164 = CARTESIAN_POINT('',(-3.940823385345,-43.75945770668,
    -50.99289750953));
#2165 = CARTESIAN_POINT('',(-3.773423041814,-43.68453801688,
    -50.38799150255));
#2166 = CARTESIAN_POINT('',(-3.665908393986,-43.64798594225,
    -50.09996677617));
#2167 = CARTESIAN_POINT('',(-3.533322704866,-43.61143453625,
    -49.82177429409));
#2168 = CARTESIAN_POINT('',(-3.376714759788,-43.57488182219,
    -49.55594347469));
#2169 = CARTESIAN_POINT('',(-3.197419242194,-43.53832714643,
    -49.30483183744));
#2170 = CARTESIAN_POINT('',(-2.997056733636,-43.50177117835,
    -49.07062500288));
#2171 = CARTESIAN_POINT('',(-2.777533713773,-43.46521591035,
    -48.85533669264));
#2172 = CARTESIAN_POINT('',(-2.333379169073,-43.39656892433,
    -48.48999330577));
#2173 = CARTESIAN_POINT('',(-2.112530420056,-43.36446797014,
    -48.3350949379));
#2174 = CARTESIAN_POINT('',(-1.879996867227,-43.33236504058,
    -48.19733611331));
#2175 = CARTESIAN_POINT('',(-1.637354491916,-43.30026257954,
    -48.07775091982));
#2176 = CARTESIAN_POINT('',(-1.386254702881,-43.26816222949,
    -47.9771850455));
#2177 = CARTESIAN_POINT('',(-1.128424336305,-43.23606483149,
    -47.8962957787));
#2178 = CARTESIAN_POINT('',(-0.865665655799,-43.20397042519,
    -47.83555200801));
#2179 = CARTESIAN_POINT('',(-0.136659861996,-43.11595476057,
    -47.72497687387));
#2180 = CARTESIAN_POINT('',(0.336543271134,-43.05995817585,
    -47.71662985146));
#2181 = CARTESIAN_POINT('',(0.809214105387,-43.00399634667,
    -47.77207791095));
#2182 = CARTESIAN_POINT('',(1.271333761874,-42.94806153039,
    -47.89059664853));
#2183 = CARTESIAN_POINT('',(1.713364763782,-42.89213288006,
    -48.06993773042));
#2184 = CARTESIAN_POINT('',(2.126350063404,-42.83618647852,
    -48.30620140141));
#2185 = CARTESIAN_POINT('',(2.501888927281,-42.78020633299,
    -48.59404377615));
#2186 = CARTESIAN_POINT('',(3.109389702958,-42.67750168465,
    -49.2033761132));
#2187 = CARTESIAN_POINT('',(3.355155346266,-42.63069811336,
    -49.51204042876));
#2188 = CARTESIAN_POINT('',(3.565650534842,-42.58391029812,
    -49.84758456301));
#2189 = CARTESIAN_POINT('',(3.737550224697,-42.53713440825,
    -50.20523910614));
#2190 = CARTESIAN_POINT('',(3.868317410502,-42.49035839161,
    -50.57989077025));
#2191 = CARTESIAN_POINT('',(3.956134853969,-42.44357150861,
    -50.96611922247));
#2192 = CARTESIAN_POINT('',(4.,-42.39677282224,-51.35817668523));
#2193 = CARTESIAN_POINT('',(4.,-42.35000241008,-51.75));
#2194 = ORIENTED_EDGE('',*,*,#2195,.F.);
#2195 = EDGE_CURVE('',#2196,#2119,#2198,.T.);
#2196 = VERTEX_POINT('',#2197);
#2197 = CARTESIAN_POINT('',(4.,-48.35000425752,-51.75));
#2198 = B_SPLINE_CURVE_WITH_KNOTS('',8,(#2199,#2200,#2201,#2202,#2203,
    #2204,#2205,#2206,#2207,#2208,#2209,#2210,#2211,#2212,#2213,#2214,
    #2215,#2216,#2217,#2218,#2219,#2220,#2221,#2222,#2223,#2224,#2225,
    #2226,#2227,#2228,#2229,#2230,#2231,#2232,#2233,#2234,#2235,#2236,
    #2237,#2238,#2239,#2240,#2241,#2242,#2243,#2244,#2245,#2246,#2247,
    #2248,#2249,#2250,#2251,#2252,#2253,#2254,#2255,#2256,#2257,#2258,
    #2259,#2260,#2261,#2262,#2263),.UNSPECIFIED.,.F.,.F.,(9,7,7,7,7,7,7,
    7,7,9),(0.,9.56644316527E-02,0.185592938536,0.274847387603,
    0.386057083476,0.484725953412,0.576623190277,0.6799264753,
    0.837899977623,1.),.UNSPECIFIED.);
#2199 = CARTESIAN_POINT('',(4.,-48.35000425752,-51.75));
#2200 = CARTESIAN_POINT('',(4.,-48.31416731769,-52.05022430239));
#2201 = CARTESIAN_POINT('',(3.974228683736,-48.27832015325,
    -52.35057492086));
#2202 = CARTESIAN_POINT('',(3.922697660965,-48.24246762631,
    -52.64834022814));
#2203 = CARTESIAN_POINT('',(3.845716691306,-48.20661349193,
    -52.94091091168));
#2204 = CARTESIAN_POINT('',(3.74389368424,-48.17076039809,
    -53.22577997371));
#2205 = CARTESIAN_POINT('',(3.618134699109,-48.1349098857,
    -53.50054273114));
#2206 = CARTESIAN_POINT('',(3.469643945118,-48.09906238859,
    -53.76289681566));
#2207 = CARTESIAN_POINT('',(3.140379835338,-48.02952131102,
    -54.24353301667));
#2208 = CARTESIAN_POINT('',(2.961993521293,-47.99581307212,
    -54.46364044485));
#2209 = CARTESIAN_POINT('',(2.766009839657,-47.96211140628,
    -54.66909590081));
#2210 = CARTESIAN_POINT('',(2.55386937279,-47.92840191381,
    -54.85825448825));
#2211 = CARTESIAN_POINT('',(2.327162322044,-47.8946899665,
    -55.02966735851));
#2212 = CARTESIAN_POINT('',(2.087616091942,-47.86098438553,
    -55.18206782406));
#2213 = CARTESIAN_POINT('',(1.837099966323,-47.82727561762,
    -55.31437795417));
#2214 = CARTESIAN_POINT('',(1.320105726539,-47.7601215863,
    -55.53627213219));
#2215 = CARTESIAN_POINT('',(1.053668421119,-47.72666372007,
    -55.62620889668));
#2216 = CARTESIAN_POINT('',(0.780289146969,-47.69320461884,
    -55.69468634574));
#2217 = CARTESIAN_POINT('',(0.501993431596,-47.65974447148,
    -55.74109647861));
#2218 = CARTESIAN_POINT('',(0.220850216214,-47.62628102045,
    -55.76505850063));
#2219 = CARTESIAN_POINT('',(-6.103606400681E-02,-47.59281297857,
    -55.76641254742));
#2220 = CARTESIAN_POINT('',(-0.341529847506,-47.55934357096,
    -55.74523828263));
#2221 = CARTESIAN_POINT('',(-0.963522606407,-47.4841943337,
    -55.64789749132));
#2222 = CARTESIAN_POINT('',(-1.303378810895,-47.44248116893,
    -55.55943437584));
#2223 = CARTESIAN_POINT('',(-1.633813204454,-47.40076951146,
    -55.43710492644));
#2224 = CARTESIAN_POINT('',(-1.950880512104,-47.35906127403,
    -55.28214185774));
#2225 = CARTESIAN_POINT('',(-2.250892523602,-47.3173525833,
    -55.09628148594));
#2226 = CARTESIAN_POINT('',(-2.53040993267,-47.27563937863,
    -54.88171704925));
#2227 = CARTESIAN_POINT('',(-2.786276153707,-47.23392384063,
    -54.64113283427));
#2228 = CARTESIAN_POINT('',(-3.21929935642,-47.15524538569,
    -54.1441877802));
#2229 = CARTESIAN_POINT('',(-3.402240951433,-47.11825131886,
    -53.89245100814));
#2230 = CARTESIAN_POINT('',(-3.562616361333,-47.08125470176,
    -53.62485388211));
#2231 = CARTESIAN_POINT('',(-3.698819291703,-47.04425762358,
    -53.34378061095));
#2232 = CARTESIAN_POINT('',(-3.809570500675,-47.00726134572,
    -53.05174879921));
#2233 = CARTESIAN_POINT('',(-3.893917798927,-46.97026630177,
    -52.75140944716));
#2234 = CARTESIAN_POINT('',(-3.951236049685,-46.93327209757,
    -52.44554695079));
#2235 = CARTESIAN_POINT('',(-4.009160000743,-46.8618218589,
    -51.8497813654));
#2236 = CARTESIAN_POINT('',(-4.013383817761,-46.82736072148,
    -51.56009642884));
#2237 = CARTESIAN_POINT('',(-3.993696229024,-46.79289963262,
    -51.27042433631));
#2238 = CARTESIAN_POINT('',(-3.95014796607,-46.75844176544,
    -50.9830961422));
#2239 = CARTESIAN_POINT('',(-3.883042882725,-46.72398793249,
    -50.70037391116));
#2240 = CARTESIAN_POINT('',(-3.792937955103,-46.68953658571,
    -50.42445071808));
#2241 = CARTESIAN_POINT('',(-3.680643281604,-46.65508381649,
    -50.15745064807));
#2242 = CARTESIAN_POINT('',(-3.397240988971,-46.58188575109,
    -49.61363017263));
#2243 = CARTESIAN_POINT('',(-3.220517533456,-46.54314533008,
    -49.33966198196));
#2244 = CARTESIAN_POINT('',(-3.01863841712,-46.50440231648,
    -49.08252809137));
#2245 = CARTESIAN_POINT('',(-2.79348837583,-46.46565740849,
    -48.84492706801));
#2246 = CARTESIAN_POINT('',(-2.547250180575,-46.42691177856,
    -48.62925217934));
#2247 = CARTESIAN_POINT('',(-2.282404637462,-46.38816707339,
    -48.43759139309));
#2248 = CARTESIAN_POINT('',(-2.001730587721,-46.34942541394,
    -48.27172737728));
#2249 = CARTESIAN_POINT('',(-1.259592339326,-46.2514534814,
    -47.92120301757));
#2250 = CARTESIAN_POINT('',(-0.780124343582,-46.19212390649,
    -47.77255577448));
#2251 = CARTESIAN_POINT('',(-0.281355690128,-46.13284386132,
    -47.69302993309));
#2252 = CARTESIAN_POINT('',(0.225004000738,-46.0735975223,
    -47.68499175438));
#2253 = CARTESIAN_POINT('',(0.727331592876,-46.0143576049,
    -47.74888387088));
#2254 = CARTESIAN_POINT('',(1.214160370743,-45.95509326615,
    -47.88293065846));
#2255 = CARTESIAN_POINT('',(1.674207813287,-45.8957808746,
    -48.08348746188));
#2256 = CARTESIAN_POINT('',(2.530488836381,-45.77575939127,
    -48.61058173222));
#2257 = CARTESIAN_POINT('',(2.925978250909,-45.71488138292,
    -48.94103488236));
#2258 = CARTESIAN_POINT('',(3.271280975652,-45.65406138955,
    -49.32806074126));
#2259 = CARTESIAN_POINT('',(3.557470817827,-45.59327123222,
    -49.76243330649));
#2260 = CARTESIAN_POINT('',(3.777352334303,-45.53248116107,
    -50.23385027202));
#2261 = CARTESIAN_POINT('',(3.925923333748,-45.4716587673,
    -50.73080716623));
#2262 = CARTESIAN_POINT('',(4.,-45.41078187848,-51.2408171074));
#2263 = CARTESIAN_POINT('',(4.,-45.35000346169,-51.75));
#2264 = ORIENTED_EDGE('',*,*,#2265,.F.);
#2265 = EDGE_CURVE('',#2266,#2196,#2268,.T.);
#2266 = VERTEX_POINT('',#2267);
#2267 = CARTESIAN_POINT('',(4.,-51.35000031355,-51.75));
#2268 = B_SPLINE_CURVE_WITH_KNOTS('',8,(#2269,#2270,#2271,#2272,#2273,
    #2274,#2275,#2276,#2277,#2278,#2279,#2280,#2281,#2282,#2283,#2284,
    #2285,#2286,#2287,#2288,#2289,#2290,#2291,#2292,#2293,#2294,#2295,
    #2296,#2297,#2298,#2299,#2300,#2301,#2302,#2303,#2304,#2305,#2306,
    #2307,#2308,#2309,#2310,#2311,#2312,#2313,#2314,#2315,#2316,#2317,
    #2318,#2319),.UNSPECIFIED.,.F.,.F.,(9,7,7,7,7,7,7,9),(0.,
    0.108841757624,0.258986096635,0.410834191478,0.56513046481,
    0.68364339193,0.825322563392,1.),.UNSPECIFIED.);
#2269 = CARTESIAN_POINT('',(4.,-51.35000031355,-51.75));
#2270 = CARTESIAN_POINT('',(4.,-51.30919551358,-52.09182820041));
#2271 = CARTESIAN_POINT('',(3.966615281356,-51.26837266801,
    -52.43380169923));
#2272 = CARTESIAN_POINT('',(3.899796216326,-51.2275605575,
    -52.77190397125));
#2273 = CARTESIAN_POINT('',(3.80012910472,-51.18675320544,
    -53.10231078398));
#2274 = CARTESIAN_POINT('',(3.668667037448,-51.14595959881,
    -53.42137251418));
#2275 = CARTESIAN_POINT('',(3.506915946868,-51.10516252169,
    -53.72561422185));
#2276 = CARTESIAN_POINT('',(3.31682809145,-51.06434883973,
    -54.01174702438));
#2277 = CARTESIAN_POINT('',(2.803029505449,-50.96725440332,
    -54.64229693782));
#2278 = CARTESIAN_POINT('',(2.455571010367,-50.91090145704,
    -54.96813614066));
#2279 = CARTESIAN_POINT('',(2.065157845715,-50.85458955672,
    -55.24571988316));
#2280 = CARTESIAN_POINT('',(1.639801799203,-50.79829770346,
    -55.46876692732));
#2281 = CARTESIAN_POINT('',(1.188217170431,-50.74199840107,
    -55.63242517696));
#2282 = CARTESIAN_POINT('',(0.719871181912,-50.68567182654,
    -55.73349273699));
#2283 = CARTESIAN_POINT('',(0.244852359645,-50.62930792272,
    -55.77024473172));
#2284 = CARTESIAN_POINT('',(-0.702001675398,-50.51610225434,
    -55.71668478656));
#2285 = CARTESIAN_POINT('',(-1.175037346233,-50.459107443,
    -55.62485284535));
#2286 = CARTESIAN_POINT('',(-1.63374625886,-50.40215175988,
    -55.4684703267));
#2287 = CARTESIAN_POINT('',(-2.067996128628,-50.34522219242,
    -55.250493135));
#2288 = CARTESIAN_POINT('',(-2.468444232162,-50.28829544321,
    -54.97534400749));
#2289 = CARTESIAN_POINT('',(-2.826727260947,-50.23134724904,
    -54.64907997707));
#2290 = CARTESIAN_POINT('',(-3.135385641687,-50.17436447311,
    -54.27916304031));
#2291 = CARTESIAN_POINT('',(-3.646097984209,-50.05962607536,
    -53.46483730341));
#2292 = CARTESIAN_POINT('',(-3.847029315186,-50.00172113672,
    -53.01824499461));
#2293 = CARTESIAN_POINT('',(-3.984927327062,-49.9438620664,
    -52.54536884204));
#2294 = CARTESIAN_POINT('',(-4.056244946245,-49.88603438113,
    -52.05670954487));
#2295 = CARTESIAN_POINT('',(-4.059196717139,-49.82821209327,
    -51.56292143924));
#2296 = CARTESIAN_POINT('',(-3.993991051297,-49.77036582404,
    -51.07478755495));
#2297 = CARTESIAN_POINT('',(-3.862573204567,-49.71247431446,
    -50.60313291364));
#2298 = CARTESIAN_POINT('',(-3.521732765587,-49.61021494354,
    -49.81715079024));
#2299 = CARTESIAN_POINT('',(-3.337243566254,-49.56578442546,
    -49.49128965307));
#2300 = CARTESIAN_POINT('',(-3.118452216615,-49.5213491079,
    -49.18576241943));
#2301 = CARTESIAN_POINT('',(-2.868000167989,-49.47691138821,
    -48.90480022054));
#2302 = CARTESIAN_POINT('',(-2.589050120843,-49.4324735414,
    -48.65211419561));
#2303 = CARTESIAN_POINT('',(-2.285286024791,-49.38803772015,
    -48.43089549177));
#2304 = CARTESIAN_POINT('',(-1.960913078596,-49.3436059548,
    -48.24381526415));
#2305 = CARTESIAN_POINT('',(-1.213891168731,-49.24607024466,
    -47.9127583864));
#2306 = CARTESIAN_POINT('',(-0.783877652533,-49.19291731964,
    -47.78405368482));
#2307 = CARTESIAN_POINT('',(-0.338791845417,-49.13979567197,
    -47.71070824522));
#2308 = CARTESIAN_POINT('',(0.113015996253,-49.08669656514,
    -47.69448785935));
#2309 = CARTESIAN_POINT('',(0.563202808508,-49.03360000115,
    -47.73585095065));
#2310 = CARTESIAN_POINT('',(1.003475208911,-48.98048445973,
    -47.83385833002));
#2311 = CARTESIAN_POINT('',(1.425628793774,-48.92733773473,
    -47.98628362259));
#2312 = CARTESIAN_POINT('',(2.310134018654,-48.80874549043,
    -48.43877356432));
#2313 = CARTESIAN_POINT('',(2.760351835888,-48.74313076298,
    -48.76567594506));
#2314 = CARTESIAN_POINT('',(3.156455631898,-48.67760342368,
    -49.16215039451));
#2315 = CARTESIAN_POINT('',(3.486705805505,-48.61211436073,
    -49.61722581603));
#2316 = CARTESIAN_POINT('',(3.741459230709,-48.54662638711,
    -50.11850032658));
#2317 = CARTESIAN_POINT('',(3.914030856134,-48.48109547166,
    -50.65176334626));
#2318 = CARTESIAN_POINT('',(4.,-48.4154812123,-51.20146619198));
#2319 = CARTESIAN_POINT('',(4.,-48.35000425752,-51.75));
#2320 = ORIENTED_EDGE('',*,*,#2321,.F.);
#2321 = EDGE_CURVE('',#1202,#2266,#2322,.T.);
#2322 = B_SPLINE_CURVE_WITH_KNOTS('',8,(#2323,#2324,#2325,#2326,#2327,
    #2328,#2329,#2330,#2331,#2332,#2333,#2334,#2335,#2336,#2337,#2338,
    #2339,#2340,#2341,#2342,#2343,#2344,#2345,#2346,#2347,#2348,#2349,
    #2350,#2351,#2352,#2353,#2354,#2355,#2356,#2357,#2358,#2359,#2360,
    #2361,#2362,#2363,#2364,#2365,#2366,#2367,#2368,#2369,#2370,#2371,
    #2372,#2373,#2374,#2375,#2376,#2377,#2378,#2379,#2380),
  .UNSPECIFIED.,.F.,.F.,(9,7,7,7,7,7,7,7,9),(0.,8.111539883056E-02,
    0.185045866052,0.289318084432,0.390544940794,0.551762961778,
    0.714151202863,0.867656102198,1.),.UNSPECIFIED.);
#2323 = CARTESIAN_POINT('',(4.,-54.3499954585,-51.75));
#2324 = CARTESIAN_POINT('',(4.,-54.31959243615,-52.00470260614));
#2325 = CARTESIAN_POINT('',(3.981464756884,-54.28919262589,
    -52.25938386386));
#2326 = CARTESIAN_POINT('',(3.944399537832,-54.25879609794,
    -52.51248882819));
#2327 = CARTESIAN_POINT('',(3.888963230505,-54.2283918154,
    -52.76247028388));
#2328 = CARTESIAN_POINT('',(3.815459974756,-54.19799356028,
    -53.00779805929));
#2329 = CARTESIAN_POINT('',(3.724351734505,-54.16757000442,
    -53.24695140132));
#2330 = CARTESIAN_POINT('',(3.616264750373,-54.13715476811,
    -53.47844297036));
#2331 = CARTESIAN_POINT('',(3.332858995992,-54.06778914112,
    -53.98574828922));
#2332 = CARTESIAN_POINT('',(3.147055472517,-54.028829128,-54.25590673909
    ));
#2333 = CARTESIAN_POINT('',(2.936326852913,-53.98986778034,
    -54.50829036122));
#2334 = CARTESIAN_POINT('',(2.70267113736,-53.9509052122,-54.74021364765
    ));
#2335 = CARTESIAN_POINT('',(2.448379908508,-53.91194197379,
    -54.94931231762));
#2336 = CARTESIAN_POINT('',(2.176038331474,-53.87297905153,
    -55.13354331757));
#2337 = CARTESIAN_POINT('',(1.888525153846,-53.83401786797,
    -55.29118482114));
#2338 = CARTESIAN_POINT('',(1.288515380517,-53.75597459278,
    -55.55091396563));
#2339 = CARTESIAN_POINT('',(0.975749846693,-53.71688474941,
    -55.65290241388));
#2340 = CARTESIAN_POINT('',(0.653931922403,-53.67779208681,
    -55.72543424055));
#2341 = CARTESIAN_POINT('',(0.326314378332,-53.63869797663,
    -55.76758158431));
#2342 = CARTESIAN_POINT('',(-3.813062340328E-03,-53.59960382715,
    -55.77885605591));
#2343 = CARTESIAN_POINT('',(-0.333123723947,-53.56051108328,
    -55.75920873815));
#2344 = CARTESIAN_POINT('',(-0.658253978327,-53.52142122652,
    -55.70903018588));
#2345 = CARTESIAN_POINT('',(-1.284078205196,-53.44439184854,
    -55.55160362485));
#2346 = CARTESIAN_POINT('',(-1.585422925137,-53.40644085806,
    -55.4460065899));
#2347 = CARTESIAN_POINT('',(-1.876724246285,-53.36848665564,
    -55.31316712493));
#2348 = CARTESIAN_POINT('',(-2.155086481622,-53.33053202879,
    -55.15421960862));
#2349 = CARTESIAN_POINT('',(-2.41783141548,-53.29257870046,
    -54.97062499452));
#2350 = CARTESIAN_POINT('',(-2.66249830354,-53.25462732902,
    -54.7641708111));
#2351 = CARTESIAN_POINT('',(-2.886843872835,-53.21667750826,
    -54.53697116166));
#2352 = CARTESIAN_POINT('',(-3.410553292,-53.11828746198,-53.90046634235
    ));
#2353 = CARTESIAN_POINT('',(-3.676165025101,-53.0577582703,
    -53.46234693434));
#2354 = CARTESIAN_POINT('',(-3.876803482165,-52.99728462054,
    -52.98737100122));
#2355 = CARTESIAN_POINT('',(-4.006940723811,-52.93684391299,
    -52.48694681448));
#2356 = CARTESIAN_POINT('',(-4.063374748103,-52.87640344108,
    -51.97295922776));
#2357 = CARTESIAN_POINT('',(-4.044861640575,-52.81592980375,
    -51.45765787699));
#2358 = CARTESIAN_POINT('',(-3.952498815058,-52.75539984968,
    -50.95368430729));
#2359 = CARTESIAN_POINT('',(-3.628244870741,-52.63408584272,
    -49.99047166821));
#2360 = CARTESIAN_POINT('',(-3.394843052013,-52.57311473542,
    -49.5300912537));
#2361 = CARTESIAN_POINT('',(-3.094846930239,-52.51219898803,
    -49.10595168468));
#2362 = CARTESIAN_POINT('',(-2.735185780806,-52.45131467746,
    -48.72901077842));
#2363 = CARTESIAN_POINT('',(-2.324467272068,-52.3904296481,
    -48.40844991635));
#2364 = CARTESIAN_POINT('',(-1.872678703464,-52.3295118695,
    -48.15193466963));
#2365 = CARTESIAN_POINT('',(-1.391418709971,-52.26853832538,
    -47.96528716733));
#2366 = CARTESIAN_POINT('',(-0.424438170926,-52.15011668133,
    -47.74347145879));
#2367 = CARTESIAN_POINT('',(6.090368880956E-02,-52.09249796908,
    -47.70027427089));
#2368 = CARTESIAN_POINT('',(0.550410498582,-52.03492172815,
    -47.72452837506));
#2369 = CARTESIAN_POINT('',(1.033167138754,-51.97737062525,
    -47.81625832918));
#2370 = CARTESIAN_POINT('',(1.498702275091,-51.91981783423,
    -47.97358661325));
#2371 = CARTESIAN_POINT('',(1.936959730746,-51.86223834124,
    -48.19301098749));
#2372 = CARTESIAN_POINT('',(2.338427721621,-51.80461879889,
    -48.46912476225));
#2373 = CARTESIAN_POINT('',(3.001837565002,-51.69746647004,
    -49.0738640099));
#2374 = CARTESIAN_POINT('',(3.276013753777,-51.6478122991,
    -49.39057436511));
#2375 = CARTESIAN_POINT('',(3.511702730276,-51.59817298219,
    -49.73917877384));
#2376 = CARTESIAN_POINT('',(3.704691380992,-51.54854622827,
    -50.11410409386));
#2377 = CARTESIAN_POINT('',(3.851770863498,-51.49891903549,
    -50.50930314768));
#2378 = CARTESIAN_POINT('',(3.950633990032,-51.44927777594,
    -50.91833429227));
#2379 = CARTESIAN_POINT('',(4.000000004588,-51.39961876327,
    -51.33433846189));
#2380 = CARTESIAN_POINT('',(4.,-51.35000031355,-51.75));
#2381 = B_SPLINE_SURFACE_WITH_KNOTS('',1,11,(
    (#2382,#2383,#2384,#2385,#2386,#2387,#2388,#2389,#2390,#2391,#2392
      ,#2393,#2394,#2395,#2396,#2397,#2398,#2399,#2400,#2401,#2402,#2403
      ,#2404,#2405,#2406,#2407,#2408,#2409,#2410,#2411,#2412,#2413,#2414
      ,#2415,#2416,#2417,#2418,#2419,#2420,#2421,#2422,#2423,#2424,#2425
      ,#2426,#2427,#2428,#2429,#2430,#2431,#2432,#2433,#2434,#2435,#2436
      ,#2437,#2438,#2439,#2440,#2441,#2442,#2443,#2444,#2445,#2446,#2447
      ,#2448,#2449,#2450,#2451,#2452,#2453,#2454,#2455,#2456,#2457,#2458
      ,#2459,#2460,#2461,#2462,#2463,#2464,#2465,#2466,#2467,#2468,#2469
      ,#2470,#2471,#2472,#2473,#2474,#2475,#2476,#2477,#2478,#2479,#2480
      ,#2481,#2482,#2483,#2484,#2485,#2486,#2487,#2488,#2489,#2490,#2491
      ,#2492,#2493,#2494,#2495,#2496,#2497,#2498,#2499,#2500,#2501,#2502
      ,#2503,#2504,#2505,#2506,#2507,#2508,#2509,#2510,#2511,#2512,#2513
      ,#2514,#2515,#2516,#2517,#2518,#2519,#2520,#2521,#2522,#2523,#2524
      ,#2525,#2526,#2527,#2528,#2529,#2530,#2531,#2532,#2533,#2534,#2535
      ,#2536,#2537,#2538,#2539,#2540,#2541,#2542,#2543,#2544,#2545,#2546
      ,#2547,#2548,#2549,#2550,#2551,#2552,#2553,#2554,#2555,#2556,#2557
      ,#2558)
    ,(#2559,#2560,#2561,#2562,#2563,#2564,#2565,#2566,#2567,#2568,#2569
      ,#2570,#2571,#2572,#2573,#2574,#2575,#2576,#2577,#2578,#2579,#2580
      ,#2581,#2582,#2583,#2584,#2585,#2586,#2587,#2588,#2589,#2590,#2591
      ,#2592,#2593,#2594,#2595,#2596,#2597,#2598,#2599,#2600,#2601,#2602
      ,#2603,#2604,#2605,#2606,#2607,#2608,#2609,#2610,#2611,#2612,#2613
      ,#2614,#2615,#2616,#2617,#2618,#2619,#2620,#2621,#2622,#2623,#2624
      ,#2625,#2626,#2627,#2628,#2629,#2630,#2631,#2632,#2633,#2634,#2635
      ,#2636,#2637,#2638,#2639,#2640,#2641,#2642,#2643,#2644,#2645,#2646
      ,#2647,#2648,#2649,#2650,#2651,#2652,#2653,#2654,#2655,#2656,#2657
      ,#2658,#2659,#2660,#2661,#2662,#2663,#2664,#2665,#2666,#2667,#2668
      ,#2669,#2670,#2671,#2672,#2673,#2674,#2675,#2676,#2677,#2678,#2679
      ,#2680,#2681,#2682,#2683,#2684,#2685,#2686,#2687,#2688,#2689,#2690
      ,#2691,#2692,#2693,#2694,#2695,#2696,#2697,#2698,#2699,#2700,#2701
      ,#2702,#2703,#2704,#2705,#2706,#2707,#2708,#2709,#2710,#2711,#2712
      ,#2713,#2714,#2715,#2716,#2717,#2718,#2719,#2720,#2721,#2722,#2723
      ,#2724,#2725,#2726,#2727,#2728,#2729,#2730,#2731,#2732,#2733,#2734
      ,#2735
    )),.UNSPECIFIED.,.F.,.F.,.F.,(2,2),(12,11,11,11,11,11,11,11,11,11,11
    ,11,11,11,11,11,12),(0.,2.01246117975),(0.,7.252754625486,
    14.505509250972,21.758263876457,29.011018501943,36.263773127429,
    43.516527752915,50.769282378401,58.022037003887,65.274791629372,
    72.527546254858,79.780300880344,87.03305550583,94.285810131316,
    101.5385647568,108.79131938228,116.04407400777),
  .PIECEWISE_BEZIER_KNOTS.);
#2382 = CARTESIAN_POINT('',(3.5,-57.1,-51.75));
#2383 = CARTESIAN_POINT('',(3.499945267167,-56.81593948786,
    -53.83249505613));
#2384 = CARTESIAN_POINT('',(2.137634794214,-56.53171559611,
    -55.9149651113));
#2385 = CARTESIAN_POINT('',(-0.592376624118,-56.2479939118,
    -57.00651121423));
#2386 = CARTESIAN_POINT('',(-3.855944231558,-55.96317653518,
    -56.1136867016));
#2387 = CARTESIAN_POINT('',(-6.100639267995,-55.6801536672,
    -53.01513399771));
#2388 = CARTESIAN_POINT('',(-5.563011733422,-55.39485980702,
    -48.94935837363));
#2389 = CARTESIAN_POINT('',(-2.596855873296,-55.11181238183,
    -46.53669532021));
#2390 = CARTESIAN_POINT('',(0.789212582573,-54.82703442413,
    -46.51947819125));
#2391 = CARTESIAN_POINT('',(3.142429418907,-54.54327201094,
    -48.28013104338));
#2392 = CARTESIAN_POINT('',(3.919748722942,-54.25907988449,
    -50.64433866392));
#2393 = CARTESIAN_POINT('',(3.380740392012,-53.975,-52.65586665785));
#2394 = CARTESIAN_POINT('',(2.841698142293,-53.69093948786,
    -54.6673882498));
#2395 = CARTESIAN_POINT('',(0.986824361919,-53.40671559611,
    -56.32630796281));
#2396 = CARTESIAN_POINT('',(-1.932677093178,-53.1229939118,
    -56.67408158581));
#2397 = CARTESIAN_POINT('',(-4.853961343207,-52.83817653518,
    -54.96700587893));
#2398 = CARTESIAN_POINT('',(-6.220205799072,-52.5551536672,
    -51.39306397224));
#2399 = CARTESIAN_POINT('',(-4.648597313822,-52.26985980703,
    -47.60497453817));
#2400 = CARTESIAN_POINT('',(-1.159067616142,-51.98681238183,
    -46.04221861209));
#2401 = CARTESIAN_POINT('',(2.116079475883,-51.70203442413,
    -46.90196714697));
#2402 = CARTESIAN_POINT('',(3.933421902984,-51.41827201094,
    -49.21168454247));
#2403 = CARTESIAN_POINT('',(4.072352735269,-51.13407988449,
    -51.69651878187));
#2404 = CARTESIAN_POINT('',(3.031088913243,-50.85,-53.49999999999));
#2405 = CARTESIAN_POINT('',(1.989793985161,-50.56593948785,
    -55.30346625545));
#2406 = CARTESIAN_POINT('',(-0.231236519865,-50.28171559612,
    -56.42578298936));
#2407 = CARTESIAN_POINT('',(-3.141268812183,-49.99799391177,
    -56.00608393473));
#2408 = CARTESIAN_POINT('',(-5.521189010946,-49.71317653521,
    -53.60109142199));
#2409 = CARTESIAN_POINT('',(-5.91587558423,-49.43015366718,
    -49.79531854716));
#2410 = CARTESIAN_POINT('',(-3.417388669532,-49.14485980703,
    -46.543067338));
#2411 = CARTESIAN_POINT('',(0.357709183651,-48.86181238184,
    -45.93671777295));
#2412 = CARTESIAN_POINT('',(3.298739049875,-48.57703442411,
    -47.61484152988));
#2413 = CARTESIAN_POINT('',(4.45635818467,-48.29327201095,
    -50.31622004521));
#2414 = CARTESIAN_POINT('',(3.947432638563,-48.00907988449,
    -52.75234355645));
#2415 = CARTESIAN_POINT('',(2.474873734152,-47.725,-54.22487373415));
#2416 = CARTESIAN_POINT('',(1.002288656218,-47.44093948785,
    -55.69738140818));
#2417 = CARTESIAN_POINT('',(-1.433539014925,-47.15671559612,
    -56.20661113229));
#2418 = CARTESIAN_POINT('',(-4.135788252889,-46.87299391178,
    -55.04804119703));
#2419 = CARTESIAN_POINT('',(-5.812156771702,-46.5881765352,
    -52.10902814368));
#2420 = CARTESIAN_POINT('',(-5.208388224858,-46.30515366719,
    -48.33078143289));
#2421 = CARTESIAN_POINT('',(-1.953290634845,-46.01985980703,
    -45.83600399383));
#2422 = CARTESIAN_POINT('',(1.850108693685,-45.73681238183,
    -46.22738251074));
#2423 = CARTESIAN_POINT('',(4.25659500905,-45.45203442412,
    -48.60952012884));
#2424 = CARTESIAN_POINT('',(4.675601020553,-45.16827201094,
    -51.51846528245));
#2425 = CARTESIAN_POINT('',(3.553501530978,-44.88407988449,
    -53.7398602741));
#2426 = CARTESIAN_POINT('',(1.749999999999,-44.6,-54.78108891324));
#2427 = CARTESIAN_POINT('',(-5.352098828334E-02,-44.31593948785,
    -55.82228904129));
#2428 = CARTESIAN_POINT('',(-2.538148195164,-44.03171559611,
    -55.68372859144));
#2429 = CARTESIAN_POINT('',(-4.848460558849,-43.74799391179,
    -53.86524240203));
#2430 = CARTESIAN_POINT('',(-5.70703565355,-43.46317653519,
    -50.59249769068));
#2431 = CARTESIAN_POINT('',(-4.145957815179,-43.18015366719,
    -47.09925841346));
#2432 = CARTESIAN_POINT('',(-0.356079071408,-42.89485980703,
    -45.5319697041));
#2433 = CARTESIAN_POINT('',(3.216426353728,-42.61181238183,
    -46.89440450389));
#2434 = CARTESIAN_POINT('',(4.924371052695,-42.32703442413,
    -49.81821724109));
#2435 = CARTESIAN_POINT('',(4.57620937369,-42.04327201093,
    -52.73648922808));
#2436 = CARTESIAN_POINT('',(2.917405166492,-41.7590798845,
    -54.59177130247));
#2437 = CARTESIAN_POINT('',(0.90586665786,-41.47499999999,
    -55.13074039201));
#2438 = CARTESIAN_POINT('',(-1.105683265889,-41.19093948787,
    -55.66967690599));
#2439 = CARTESIAN_POINT('',(-3.469786770358,-40.90671559608,
    -54.89276894794));
#2440 = CARTESIAN_POINT('',(-5.230718290274,-40.62299391185,
    -52.53829333284));
#2441 = CARTESIAN_POINT('',(-5.212989486759,-40.33817653513,
    -49.15484910731));
#2442 = CARTESIAN_POINT('',(-2.800987232152,-40.05515366723,
    -46.18467574734));
#2443 = CARTESIAN_POINT('',(1.265398692537,-39.76985980702,
    -45.65168390333));
#2444 = CARTESIAN_POINT('',(4.363549872982,-39.48681238181,
    -47.8923273058));
#2445 = CARTESIAN_POINT('',(5.256559347103,-39.20203442415,
    -51.15856215599));
#2446 = CARTESIAN_POINT('',(4.164956620517,-38.91827201093,
    -53.88728556303));
#2447 = CARTESIAN_POINT('',(2.08249246116,-38.6340798845,-55.25002031284
    ));
#2448 = CARTESIAN_POINT('',(4.3326453536E-13,-38.35,-55.24999999999));
#2449 = CARTESIAN_POINT('',(-2.082495056135,-38.06593948785,
    -55.24994526718));
#2450 = CARTESIAN_POINT('',(-4.164965111314,-37.78171559613,
    -53.88763479418));
#2451 = CARTESIAN_POINT('',(-5.256511214202,-37.49799391176,
    -51.15762337592));
#2452 = CARTESIAN_POINT('',(-4.363686701666,-37.21317653523,
    -47.89405576839));
#2453 = CARTESIAN_POINT('',(-1.26513399764,-36.93015366716,
    -45.64936073205));
#2454 = CARTESIAN_POINT('',(2.800641626305,-36.64485980706,
    -46.18698826653));
#2455 = CARTESIAN_POINT('',(5.213304679813,-36.36181238181,
    -49.15314412674));
#2456 = CARTESIAN_POINT('',(5.230521808733,-36.07703442414,
    -52.53921258254));
#2457 = CARTESIAN_POINT('',(3.469868956613,-35.79327201093,
    -54.89242941892));
#2458 = CARTESIAN_POINT('',(1.105661336078,-35.5090798845,
    -55.66974872293));
#2459 = CARTESIAN_POINT('',(-0.90586665786,-35.22499999999,
    -55.13074039201));
#2460 = CARTESIAN_POINT('',(-2.917388249797,-34.94093948787,
    -54.59169814227));
#2461 = CARTESIAN_POINT('',(-4.576307962814,-34.65671559608,
    -52.73682436196));
#2462 = CARTESIAN_POINT('',(-4.924081585846,-34.37299391184,
    -49.81732290674));
#2463 = CARTESIAN_POINT('',(-3.217005878847,-34.08817653515,
    -46.89603865688));
#2464 = CARTESIAN_POINT('',(0.356936027613,-33.80515366721,
    -45.52979420084));
#2465 = CARTESIAN_POINT('',(4.145025461974,-33.51985980705,
    -47.10140268621));
#2466 = CARTESIAN_POINT('',(5.707781387793,-33.23681238179,
    -50.59093238386));
#2467 = CARTESIAN_POINT('',(4.84803285309,-32.95203442416,
    -53.86607947585));
#2468 = CARTESIAN_POINT('',(2.538315457507,-32.66827201092,-55.683421903
    ));
#2469 = CARTESIAN_POINT('',(5.348121813414E-02,-32.3840798845,
    -55.82235273525));
#2470 = CARTESIAN_POINT('',(-1.749999999999,-32.1,-54.78108891324));
#2471 = CARTESIAN_POINT('',(-3.553465540887,-31.81594008916,
    -53.73979316908));
#2472 = CARTESIAN_POINT('',(-4.675786164715,-31.53171292409,
    -51.51876710655));
#2473 = CARTESIAN_POINT('',(-4.256075346035,-31.24800113911,
    -48.60872137905));
#2474 = CARTESIAN_POINT('',(-1.851108626269,-30.96316205793,
    -46.22883063726));
#2475 = CARTESIAN_POINT('',(1.954708769003,-30.68017665353,
    -45.83409321924));
#2476 = CARTESIAN_POINT('',(5.20689719021,-30.39482995782,-48.3326518411
    ));
#2477 = CARTESIAN_POINT('',(5.813320469698,-30.11184456269,
    -52.10766550855));
#2478 = CARTESIAN_POINT('',(4.135124061547,-29.82700546963,
    -55.04877834622));
#2479 = CARTESIAN_POINT('',(1.433805720895,-29.54329369288,
    -56.20632875845));
#2480 = CARTESIAN_POINT('',(-1.002359433152,-29.2590665244,
    -55.69745077057));
#2481 = CARTESIAN_POINT('',(-2.474865873921,-28.97500661431,
    -54.22486475736));
#2482 = CARTESIAN_POINT('',(-3.947397284884,-28.69092612776,
    -52.75230678822));
#2483 = CARTESIAN_POINT('',(-4.45658536617,-28.40673727806,
    -50.31643155884));
#2484 = CARTESIAN_POINT('',(-3.298075605647,-28.12296495728,
    -47.61425104349));
#2485 = CARTESIAN_POINT('',(-0.358989900932,-27.83820871608,
    -45.93779955314));
#2486 = CARTESIAN_POINT('',(3.419183095186,-27.55512381794,
    -46.54165228586));
#2487 = CARTESIAN_POINT('',(5.9140233225,-27.26988279342,-49.79667816852
    ));
#2488 = CARTESIAN_POINT('',(5.522600284839,-26.98679790451,
    -53.60012834199));
#2489 = CARTESIAN_POINT('',(3.140488459973,-26.70204165151,
    -56.0065852002));
#2490 = CARTESIAN_POINT('',(0.231531542125,-26.41826933887,
    -56.42560464702));
#2491 = CARTESIAN_POINT('',(-1.989859559491,-26.13408048583,
    -55.30350071487));
#2492 = CARTESIAN_POINT('',(-3.031088913269,-25.84999999998,
    -53.50000000001));
#2493 = CARTESIAN_POINT('',(-4.072288014344,-25.56594008922,
    -51.6964786622));
#2494 = CARTESIAN_POINT('',(-3.93373315472,-25.28171292395,
    -49.21185335788));
#2495 = CARTESIAN_POINT('',(-2.115230059476,-24.99800113933,
    -46.90153524051));
#2496 = CARTESIAN_POINT('',(1.157477585845,-24.71316205771,
    -46.04297276074));
#2497 = CARTESIAN_POINT('',(4.650780841119,-24.43017665364,
    -47.6040288252));
#2498 = CARTESIAN_POINT('',(6.217979321474,-24.14482995789,
    -51.39393827658));
#2499 = CARTESIAN_POINT('',(4.855650452356,-23.86184456249,
    -54.96640765092));
#2500 = CARTESIAN_POINT('',(1.931733312359,-23.57700546984,
    -56.67438788019));
#2501 = CARTESIAN_POINT('',(-0.986452201062,-23.29329369274,
    -56.32619677288));
#2502 = CARTESIAN_POINT('',(-2.841794118019,-23.00906652446,
    -54.66741293089));
#2503 = CARTESIAN_POINT('',(-3.380729096488,-22.72500661429,
    -52.65586281386));
#2504 = CARTESIAN_POINT('',(-3.9196997216,-22.44092612778,
    -50.64432449853));
#2505 = CARTESIAN_POINT('',(-3.142731920757,-22.15673727803,
    -48.28020062879));
#2506 = CARTESIAN_POINT('',(-0.788342779651,-21.87296495732,
    -46.51929853727));
#2507 = CARTESIAN_POINT('',(2.595205849186,-21.58820871599,
    -46.53699181046));
#2508 = CARTESIAN_POINT('',(5.56527327818,-21.30512381811,
    -48.94903011566));
#2509 = CARTESIAN_POINT('',(6.098355351008,-21.01988279318,
    -53.01538533324));
#2510 = CARTESIAN_POINT('',(3.857647971184,-20.73679790478,
    -56.11355828692));
#2511 = CARTESIAN_POINT('',(0.59145018609,-20.45204165128,
    -57.00655514674));
#2512 = CARTESIAN_POINT('',(-2.137290125978,-20.16826933902,
    -55.91495817341));
#2513 = CARTESIAN_POINT('',(-3.50001928606,-19.88408048575,
    -53.83249211171));
#2514 = CARTESIAN_POINT('',(-3.49999999997,-19.60000000001,-51.75));
#2515 = CARTESIAN_POINT('',(-3.499945267268,-19.31593948779,
    -49.66750494387));
#2516 = CARTESIAN_POINT('',(-2.137634794007,-19.03171559625,
    -47.58503488862));
#2517 = CARTESIAN_POINT('',(0.592376623811,-18.74799391156,-46.493488786
    ));
#2518 = CARTESIAN_POINT('',(3.855944231896,-18.46317653545,
    -47.38631329793));
#2519 = CARTESIAN_POINT('',(6.100639267729,-18.18015366699,
    -50.48486600289));
#2520 = CARTESIAN_POINT('',(5.563011733557,-17.89485980713,
    -54.55064162579));
#2521 = CARTESIAN_POINT('',(2.596855873269,-17.61181238182,
    -56.96330468015));
#2522 = CARTESIAN_POINT('',(-0.789212582586,-17.3270344241,
    -56.98052180857));
#2523 = CARTESIAN_POINT('',(-3.142429418903,-17.04327201095,
    -55.21986895665));
#2524 = CARTESIAN_POINT('',(-3.919748722931,-16.7590798845,
    -52.85566133607));
#2525 = CARTESIAN_POINT('',(-3.380740392026,-16.47499999999,
    -50.84413334213));
#2526 = CARTESIAN_POINT('',(-2.841698142246,-16.19093948789,
    -48.8326117502));
#2527 = CARTESIAN_POINT('',(-0.986824362028,-15.90671559604,
    -47.17369203718));
#2528 = CARTESIAN_POINT('',(1.932677093366,-15.62299391189,
    -46.82591841411));
#2529 = CARTESIAN_POINT('',(4.853961342963,-15.33817653509,
    -48.53299412126));
#2530 = CARTESIAN_POINT('',(6.220205799306,-15.05515366724,
    -52.10693602743));
#2531 = CARTESIAN_POINT('',(4.648597313667,-14.76985980706,
    -55.89502546218));
#2532 = CARTESIAN_POINT('',(1.159067616197,-14.48681238175,
    -57.45778138762));
#2533 = CARTESIAN_POINT('',(-2.116079475875,-14.2020344242,
    -56.59803285317));
#2534 = CARTESIAN_POINT('',(-3.933421903005,-13.9182720109,
    -54.28831545748));
#2535 = CARTESIAN_POINT('',(-4.072352735263,-13.6340798845,
    -51.80348121813));
#2536 = CARTESIAN_POINT('',(-3.031088913238,-13.35,-50.));
#2537 = CARTESIAN_POINT('',(-1.989793985173,-13.06593948784,
    -48.19653374453));
#2538 = CARTESIAN_POINT('',(0.231236519886,-12.78171559614,
    -47.07421701062));
#2539 = CARTESIAN_POINT('',(3.141268812155,-12.49799391175,
    -47.49391606528));
#2540 = CARTESIAN_POINT('',(5.521189010965,-12.21317653522,
    -49.89890857794));
#2541 = CARTESIAN_POINT('',(5.915875584242,-11.9301536672,
    -53.70468145293));
#2542 = CARTESIAN_POINT('',(3.417388669474,-11.64485980697,
    -56.95693266186));
#2543 = CARTESIAN_POINT('',(-0.35770918356,-11.36181238192,
    -57.56328222716));
#2544 = CARTESIAN_POINT('',(-3.298739049968,-11.07703442404,
    -55.88515847002));
#2545 = CARTESIAN_POINT('',(-4.456358184602,-10.79327201099,
    -53.18377995484));
#2546 = CARTESIAN_POINT('',(-3.9474326386,-10.50907988447,
    -50.74765644351));
#2547 = CARTESIAN_POINT('',(-2.474873734137,-10.22500000001,
    -49.27512626586));
#2548 = CARTESIAN_POINT('',(-1.00228805295,-9.940940089114,
    -47.8026194932));
#2549 = CARTESIAN_POINT('',(1.43353633407,-9.656712924208,
    -47.29338486204));
#2550 = CARTESIAN_POINT('',(4.135795504204,-9.373001138933,
    -48.45196963767));
#2551 = CARTESIAN_POINT('',(5.812142246233,-9.088162058137,
    -51.39095015283));
#2552 = CARTESIAN_POINT('',(5.208411287952,-8.805176653402,
    -55.16925302702));
#2553 = CARTESIAN_POINT('',(1.953260685721,-8.519829957843,
    -57.66395125777));
#2554 = CARTESIAN_POINT('',(-1.850076404889,-8.23684456277,
    -57.27266573311));
#2555 = CARTESIAN_POINT('',(-4.256624060793,-7.952005469539,
    -54.89043646416));
#2556 = CARTESIAN_POINT('',(-4.675579265736,-7.668293692951,
    -51.98156722187));
#2557 = CARTESIAN_POINT('',(-3.553514935988,-7.384066524374,
    -49.76011969722));
#2558 = CARTESIAN_POINT('',(-1.749993363456,-7.100006614318,
    -48.71892100253));
#2559 = CARTESIAN_POINT('',(5.3,-58.,-51.75));
#2560 = CARTESIAN_POINT('',(5.299999951712,-57.71583005881,
    -54.90348433772));
#2561 = CARTESIAN_POINT('',(3.236715145419,-57.43208490492,
    -58.05696752639));
#2562 = CARTESIAN_POINT('',(-0.896324826397,-57.14703401221,
    -59.70991548273));
#2563 = CARTESIAN_POINT('',(-5.840273870118,-56.86483191152,
    -58.35772672794));
#2564 = CARTESIAN_POINT('',(-9.236404107035,-56.57796411665,
    -53.66606616468));
#2565 = CARTESIAN_POINT('',(-8.425766077024,-56.29700084314,
    -47.50866636795));
#2566 = CARTESIAN_POINT('',(-3.931071500343,-56.01019692018,
    -43.85585866771));
#2567 = CARTESIAN_POINT('',(1.194393692525,-55.72789230088,
    -43.82931922695));
#2568 = CARTESIAN_POINT('',(4.758786284074,-55.44294732324,
    -46.49566453041));
#2569 = CARTESIAN_POINT('',(5.935589063086,-55.15911957172,
    -50.07570284482));
#2570 = CARTESIAN_POINT('',(5.119406879332,-54.875,-53.12174093904));
#2571 = CARTESIAN_POINT('',(4.303225027652,-54.59083005881,
    -56.16777289115));
#2572 = CARTESIAN_POINT('',(1.494063438632,-54.30708490493,
    -58.67978634251));
#2573 = CARTESIAN_POINT('',(-2.925961022908,-54.02203401219,
    -59.20670200417));
#2574 = CARTESIAN_POINT('',(-7.351476885755,-53.73983191155,
    -56.62099979339));
#2575 = CARTESIAN_POINT('',(-9.417595684148,-53.45296411662,
    -51.21022050217));
#2576 = CARTESIAN_POINT('',(-7.040927139439,-53.17200084318,
    -45.4724375766));
#2577 = CARTESIAN_POINT('',(-1.753969365658,-52.88519692015,
    -43.1074088388));
#2578 = CARTESIAN_POINT('',(3.203718748616,-52.60289230091,
    -44.4083417145));
#2579 = CARTESIAN_POINT('',(5.956556662462,-52.31794732322,
    -47.90636619182));
#2580 = CARTESIAN_POINT('',(6.166678761194,-52.03411957173,
    -51.66899663036));
#2581 = CARTESIAN_POINT('',(4.589934640058,-51.74999999999,-54.4));
#2582 = CARTESIAN_POINT('',(3.013192429375,-51.46583005882,
    -57.13099752276));
#2583 = CARTESIAN_POINT('',(-0.350406222446,-51.1820849049,
    -58.8303516714));
#2584 = CARTESIAN_POINT('',(-4.756197811071,-50.89703401224,
    -58.19532660681));
#2585 = CARTESIAN_POINT('',(-8.361688900552,-50.6148319115,
    -54.55232227261));
#2586 = CARTESIAN_POINT('',(-8.956993678649,-50.32796411666,
    -48.79115992042));
#2587 = CARTESIAN_POINT('',(-5.176260653039,-50.04700084315,
    -43.86401429022));
#2588 = CARTESIAN_POINT('',(0.542662882771,-49.76019692016,
    -42.94793731499));
#2589 = CARTESIAN_POINT('',(4.994715666358,-49.47789230091,
    -45.48768608154));
#2590 = CARTESIAN_POINT('',(6.748397547989,-49.19294732322,
    -49.57900514536));
#2591 = CARTESIAN_POINT('',(5.977519492642,-48.90911957173,
    -53.26781066168));
#2592 = CARTESIAN_POINT('',(3.747665940289,-48.62499999999,
    -55.49766594028));
#2593 = CARTESIAN_POINT('',(1.517815746571,-48.34083005882,
    -57.72751606571));
#2594 = CARTESIAN_POINT('',(-2.170996278537,-48.05708490491,
    -58.49840273473));
#2595 = CARTESIAN_POINT('',(-6.262307578407,-47.77203401222,
    -56.74471285261));
#2596 = CARTESIAN_POINT('',(-8.802065635095,-47.48983191152,
    -52.29267112002));
#2597 = CARTESIAN_POINT('',(-7.885987356126,-47.20296411664,
    -46.57373940037));
#2598 = CARTESIAN_POINT('',(-2.958840557255,-46.92200084316,
    -42.79300789776));
#2599 = CARTESIAN_POINT('',(2.802313552483,-46.63519692016,
    -43.38831181706));
#2600 = CARTESIAN_POINT('',(6.445330965625,-46.3528923009,
    -46.99379679316));
#2601 = CARTESIAN_POINT('',(7.080346292863,-46.06794732323,
    -51.3995938105));
#2602 = CARTESIAN_POINT('',(5.381002148988,-45.78411957173,
    -54.7631884047));
#2603 = CARTESIAN_POINT('',(2.65,-45.49999999999,-56.33993464005));
#2604 = CARTESIAN_POINT('',(-8.099757105111E-02,-45.21583005882,
    -57.9166767671));
#2605 = CARTESIAN_POINT('',(-3.843636525988,-44.9320849049,
    -57.70656130394));
#2606 = CARTESIAN_POINT('',(-7.341651433221,-44.64703401224,
    -54.95371767165));
#2607 = CARTESIAN_POINT('',(-8.642596142721,-44.36483191148,
    -49.9960378274));
#2608 = CARTESIAN_POINT('',(-6.277564027474,-44.07796411671,
    -44.70907248602));
#2609 = CARTESIAN_POINT('',(-0.539780367231,-43.79700084308,
    -42.33240571493));
#2610 = CARTESIAN_POINT('',(4.870991184652,-43.51019692024,
    -44.39852155046));
#2611 = CARTESIAN_POINT('',(7.456707610989,-43.22789230083,
    -48.82403489332));
#2612 = CARTESIAN_POINT('',(6.929781138706,-42.94294732327,
    -53.24406207839));
#2613 = CARTESIAN_POINT('',(4.417778401407,-42.6591195717,
    -56.05322233747));
#2614 = CARTESIAN_POINT('',(1.371740939042,-42.375,-56.86940687933));
#2615 = CARTESIAN_POINT('',(-1.67429103806,-42.09083005878,
    -57.68558863772));
#2616 = CARTESIAN_POINT('',(-5.254339296107,-41.80708490498,
    -56.50879006398));
#2617 = CARTESIAN_POINT('',(-7.920673875509,-41.5220340121,
    -52.94439442575));
#2618 = CARTESIAN_POINT('',(-7.89414800579,-41.23983191166,
    -47.81893415831));
#2619 = CARTESIAN_POINT('',(-4.241335084512,-40.95296411652,
    -43.32423314602));
#2620 = CARTESIAN_POINT('',(1.916064962792,-40.67200084324,
    -42.51359701937));
#2621 = CARTESIAN_POINT('',(6.607718817278,-40.38519692013,
    -45.90972239126));
#2622 = CARTESIAN_POINT('',(7.959921955459,-40.1028923009,
    -50.85367268014));
#2623 = CARTESIAN_POINT('',(6.306962851951,-39.81794732323,
    -54.98671248468));
#2624 = CARTESIAN_POINT('',(3.153490356492,-39.53411957173,
    -57.04999877935));
#2625 = CARTESIAN_POINT('',(6.338263247585E-13,-39.24999999999,-57.05));
#2626 = CARTESIAN_POINT('',(-3.153484337728,-38.96583005883,
    -57.04999995171));
#2627 = CARTESIAN_POINT('',(-6.306967526389,-38.68208490489,
    -54.98671514542));
#2628 = CARTESIAN_POINT('',(-7.959915482728,-38.39703401225,
    -50.8536751736));
#2629 = CARTESIAN_POINT('',(-6.607726727956,-38.11483191149,
    -45.90972612987));
#2630 = CARTESIAN_POINT('',(-1.916066164665,-37.82796411669,
    -42.51359589297));
#2631 = CARTESIAN_POINT('',(4.241333632018,-37.5470008431,
    -43.32423392296));
#2632 = CARTESIAN_POINT('',(7.89414133231,-37.26019692022,
    -47.81892849966));
#2633 = CARTESIAN_POINT('',(7.920680773036,-36.97789230084,
    -52.94439369251));
#2634 = CARTESIAN_POINT('',(5.254335469591,-36.69294732327,
    -56.50878628407));
#2635 = CARTESIAN_POINT('',(1.674297155173,-36.4091195717,
    -57.68558906308));
#2636 = CARTESIAN_POINT('',(-1.371740939045,-36.125,-56.86940687933));
#2637 = CARTESIAN_POINT('',(-4.41777289115,-35.84083005878,
    -56.05322502765));
#2638 = CARTESIAN_POINT('',(-6.929786342522,-35.55708490499,
    -53.24406343863));
#2639 = CARTESIAN_POINT('',(-7.456702004161,-35.27203401211,
    -48.82403897708));
#2640 = CARTESIAN_POINT('',(-4.870999793405,-34.98983191164,
    -44.39852311425));
#2641 = CARTESIAN_POINT('',(0.539779497841,-34.70296411656,
    -42.33240431582));
#2642 = CARTESIAN_POINT('',(6.27756242339,-34.42200084319,
    -44.70907286058));
#2643 = CARTESIAN_POINT('',(8.642591161196,-34.13519692018,
    -49.99603063432));
#2644 = CARTESIAN_POINT('',(7.341658285497,-33.85289230086,
    -54.95371874862));
#2645 = CARTESIAN_POINT('',(3.843633808171,-33.56794732326,
    -57.70655666245));
#2646 = CARTESIAN_POINT('',(8.100336963559E-02,-33.28411957172,
    -57.91667876119));
#2647 = CARTESIAN_POINT('',(-2.65,-32.99999999999,-56.33993464005));
#2648 = CARTESIAN_POINT('',(-5.3809973908,-32.71582849545,
    -54.76319256132));
#2649 = CARTESIAN_POINT('',(-7.080352257816,-32.43209185208,
    -51.39959319121));
#2650 = CARTESIAN_POINT('',(-6.445325020698,-32.14701522142,
    -46.99380377487));
#2651 = CARTESIAN_POINT('',(-2.802325449815,-31.8648695519,
    -43.3883079226));
#2652 = CARTESIAN_POINT('',(2.958845124191,-31.57790435295,
    -42.7930113654));
#2653 = CARTESIAN_POINT('',(7.885979159028,-31.2970784501,
    -46.57373279694));
#2654 = CARTESIAN_POINT('',(8.802069747466,-31.01011325098,
    -52.29266994443));
#2655 = CARTESIAN_POINT('',(6.262307564057,-30.72796758166,
    -56.74470931267));
#2656 = CARTESIAN_POINT('',(2.170999612991,-30.44289095086,
    -58.49840230581));
#2657 = CARTESIAN_POINT('',(-1.51781359371,-30.15915430756,
    -57.72751656094));
#2658 = CARTESIAN_POINT('',(-3.7476644887,-29.874982803,-55.49766739171)
  );
#2659 = CARTESIAN_POINT('',(-5.977518997746,-29.59086479465,
    -53.26781281487));
#2660 = CARTESIAN_POINT('',(-6.748397976371,-29.30702853253,
    -49.57900847928));
#2661 = CARTESIAN_POINT('',(-4.994719207027,-29.02210929305,
    -45.48768606789));
#2662 = CARTESIAN_POINT('',(-0.542664057532,-28.73974824219,
    -42.94794142659));
#2663 = CARTESIAN_POINT('',(5.176254048831,-28.45304172382,
    -43.86400609383));
#2664 = CARTESIAN_POINT('',(8.956997146899,-28.17194107918,
    -48.79116448681));
#2665 = CARTESIAN_POINT('',(8.361685005695,-27.88523456082,
    -54.55231037562));
#2666 = CARTESIAN_POINT('',(4.756204792986,-27.60287350988,
    -58.19533255158));
#2667 = CARTESIAN_POINT('',(0.35040560307,-27.31795427055,
    -58.83034570651));
#2668 = CARTESIAN_POINT('',(-3.013188272732,-27.03411800827,
    -57.13100228094));
#2669 = CARTESIAN_POINT('',(-4.58993464006,-26.75000000004,
    -54.39999999999));
#2670 = CARTESIAN_POINT('',(-6.166676718783,-26.46582849532,
    -51.66900260921));
#2671 = CARTESIAN_POINT('',(-5.956561518643,-26.18209185233,
    -47.906362673));
#2672 = CARTESIAN_POINT('',(-3.203717090945,-25.89701522109,
    -44.40835073331));
#2673 = CARTESIAN_POINT('',(1.753961009372,-25.61486955219,
    -43.10739951746));
#2674 = CARTESIAN_POINT('',(7.040929360871,-25.32790435284,
    -45.47244286305));
#2675 = CARTESIAN_POINT('',(9.417591886801,-25.04707844996,
    -51.21021068499));
#2676 = CARTESIAN_POINT('',(7.351481035084,-24.76011325128,
    -56.62100083138));
#2677 = CARTESIAN_POINT('',(2.925962780394,-24.47796758132,
    -59.2066989314));
#2678 = CARTESIAN_POINT('',(-1.494060336435,-24.19289095112,
    -58.67978763823));
#2679 = CARTESIAN_POINT('',(-4.303223410832,-23.90915430742,
    -56.16777439648));
#2680 = CARTESIAN_POINT('',(-5.119406347934,-23.62498280304,
    -53.1217429218));
#2681 = CARTESIAN_POINT('',(-5.935589711086,-23.34086479456,
    -50.075704957));
#2682 = CARTESIAN_POINT('',(-4.758788322024,-23.05702853269,
    -46.49566720345));
#2683 = CARTESIAN_POINT('',(-1.194396752022,-22.77210929273,
    -43.82931744486));
#2684 = CARTESIAN_POINT('',(3.931068427196,-22.48974824275,
    -43.85586164097));
#2685 = CARTESIAN_POINT('',(8.425764455774,-22.20304172302,
    -47.50865596772));
#2686 = CARTESIAN_POINT('',(9.236404827456,-21.92194108009,
    -53.66607185326));
#2687 = CARTESIAN_POINT('',(5.840276445559,-21.63523455996,
    -58.35771447755));
#2688 = CARTESIAN_POINT('',(0.896327900532,-21.35287351054,
    -59.7099241219));
#2689 = CARTESIAN_POINT('',(-3.236712699363,-21.06795427014,
    -58.056962051));
#2690 = CARTESIAN_POINT('',(-5.299998731045,-20.78411800849,
    -54.90349053672));
#2691 = CARTESIAN_POINT('',(-5.3,-20.49999999995,-51.75));
#2692 = CARTESIAN_POINT('',(-5.299999951714,-20.21583005895,
    -48.59651566225));
#2693 = CARTESIAN_POINT('',(-3.236715145406,-19.93208490466,
    -45.44303247364));
#2694 = CARTESIAN_POINT('',(0.896324826356,-19.64703401253,
    -43.79008451722));
#2695 = CARTESIAN_POINT('',(5.840273870197,-19.36483191124,
    -45.14227327209));
#2696 = CARTESIAN_POINT('',(9.236404106928,-19.07796411681,
    -49.83393383528));
#2697 = CARTESIAN_POINT('',(8.425766077129,-18.7970008431,
    -55.99133363204));
#2698 = CARTESIAN_POINT('',(3.931071500266,-18.51019692017,
    -59.6441413323));
#2699 = CARTESIAN_POINT('',(-1.194393692485,-18.2278923009,
    -59.67068077303));
#2700 = CARTESIAN_POINT('',(-4.758786284088,-17.94294732324,
    -57.00433546959));
#2701 = CARTESIAN_POINT('',(-5.935589063084,-17.6591195717,
    -53.42429715517));
#2702 = CARTESIAN_POINT('',(-5.119406879331,-17.37500000002,
    -50.37825906095));
#2703 = CARTESIAN_POINT('',(-4.303225027653,-17.09083005874,
    -47.33222710885));
#2704 = CARTESIAN_POINT('',(-1.494063438633,-16.80708490506,
    -44.82021365747));
#2705 = CARTESIAN_POINT('',(2.92596102292,-16.52203401199,
    -44.29329799584));
#2706 = CARTESIAN_POINT('',(7.351476885721,-16.23983191179,
    -46.87900020658));
#2707 = CARTESIAN_POINT('',(9.417595684206,-15.95296411642,
    -52.28977949784));
#2708 = CARTESIAN_POINT('',(7.040927139371,-15.67200084329,
    -58.02756242339));
#2709 = CARTESIAN_POINT('',(1.753969365713,-15.38519692012,
    -60.39259116119));
#2710 = CARTESIAN_POINT('',(-3.203718748649,-15.10289230089,
    -59.0916582855));
#2711 = CARTESIAN_POINT('',(-5.95655666245,-14.81794732324,
    -55.59363380817));
#2712 = CARTESIAN_POINT('',(-6.166678761196,-14.53411957173,
    -51.83100336963));
#2713 = CARTESIAN_POINT('',(-4.589934640058,-14.24999999998,-49.1));
#2714 = CARTESIAN_POINT('',(-3.013192429374,-13.96583005884,
    -46.36900247723));
#2715 = CARTESIAN_POINT('',(0.350406222448,-13.68208490489,
    -44.66964832859));
#2716 = CARTESIAN_POINT('',(4.75619781106,-13.39703401222,
    -45.30467339318));
#2717 = CARTESIAN_POINT('',(8.361688900575,-13.11483191158,
    -48.94767772738));
#2718 = CARTESIAN_POINT('',(8.956993678613,-12.8279641165,
    -54.70884007958));
#2719 = CARTESIAN_POINT('',(5.176260653078,-12.54700084338,
    -59.63598570975));
#2720 = CARTESIAN_POINT('',(-0.542662882804,-12.26019691992,
    -60.55206268503));
#2721 = CARTESIAN_POINT('',(-4.994715666336,-11.97789230112,
    -58.01231391843));
#2722 = CARTESIAN_POINT('',(-6.748397548002,-11.69294732308,
    -53.92099485464));
#2723 = CARTESIAN_POINT('',(-5.977519492636,-11.40911957181,
    -50.23218933831));
#2724 = CARTESIAN_POINT('',(-3.747665940291,-11.12499999996,
    -48.00233405971));
#2725 = CARTESIAN_POINT('',(-1.517815908171,-10.84082849555,
    -45.77248402759));
#2726 = CARTESIAN_POINT('',(2.170996996662,-10.5570918519,
    -45.00159685062));
#2727 = CARTESIAN_POINT('',(6.262305635986,-10.27201522165,
    -46.75528826893));
#2728 = CARTESIAN_POINT('',(8.802069526043,-9.989869551752,
    -51.20732663334));
#2729 = CARTESIAN_POINT('',(7.885981178237,-9.702904352953,
    -56.92626416675));
#2730 = CARTESIAN_POINT('',(2.958848579637,-9.422078450251,
    -60.70698747004));
#2731 = CARTESIAN_POINT('',(-2.802322201516,-9.135113250761,
    -60.11169317701));
#2732 = CARTESIAN_POINT('',(-6.445323183737,-8.852967581872,
    -56.50619871343));
#2733 = CARTESIAN_POINT('',(-7.080352120147,-8.56789095073,
    -52.10040955429));
#2734 = CARTESIAN_POINT('',(-5.380998558308,-8.284154307629,
    -48.73680952195));
#2735 = CARTESIAN_POINT('',(-2.65000177767,-7.999982802977,
    -47.16006638641));
#2736 = ADVANCED_FACE('',(#2737),#3706,.T.);
#2737 = FACE_BOUND('',#2738,.T.);
#2738 = EDGE_LOOP('',(#2739,#2740,#2741,#2790,#2860,#2923,#2986,#3049,
    #3119,#3189,#3245,#3308,#3364,#3419,#3496,#3559,#3622,#3677));
#2739 = ORIENTED_EDGE('',*,*,#1221,.F.);
#2740 = ORIENTED_EDGE('',*,*,#1146,.F.);
#2741 = ORIENTED_EDGE('',*,*,#2742,.T.);
#2742 = EDGE_CURVE('',#1138,#2743,#2745,.T.);
#2743 = VERTEX_POINT('',#2744);
#2744 = CARTESIAN_POINT('',(4.,-52.65000445106,-51.75));
#2745 = B_SPLINE_CURVE_WITH_KNOTS('',8,(#2746,#2747,#2748,#2749,#2750,
    #2751,#2752,#2753,#2754,#2755,#2756,#2757,#2758,#2759,#2760,#2761,
    #2762,#2763,#2764,#2765,#2766,#2767,#2768,#2769,#2770,#2771,#2772,
    #2773,#2774,#2775,#2776,#2777,#2778,#2779,#2780,#2781,#2782,#2783,
    #2784,#2785,#2786,#2787,#2788,#2789),.UNSPECIFIED.,.F.,.F.,(9,7,7,7,
    7,7,9),(0.,0.155154717722,0.326943191414,0.441612471541,
    0.629922039716,0.819251751855,1.),.UNSPECIFIED.);
#2746 = CARTESIAN_POINT('',(0.831642123471,-55.0000006,-55.66259138915)
  );
#2747 = CARTESIAN_POINT('',(0.458408800952,-54.95445442375,
    -55.7419241192));
#2748 = CARTESIAN_POINT('',(7.627830002987E-02,-54.90887782226,
    -55.78061859272));
#2749 = CARTESIAN_POINT('',(-0.309248077873,-54.86331257853,
    -55.7774125488));
#2750 = CARTESIAN_POINT('',(-0.692782096171,-54.81775832248,
    -55.73209070845));
#2751 = CARTESIAN_POINT('',(-1.069066432815,-54.77220608154,
    -55.64521651611));
#2752 = CARTESIAN_POINT('',(-1.432975824014,-54.72664639661,
    -55.51804968284));
#2753 = CARTESIAN_POINT('',(-1.779547878522,-54.68107584612,
    -55.35261434408));
#2754 = CARTESIAN_POINT('',(-2.463425356242,-54.58509248852,
    -54.92963099319));
#2755 = CARTESIAN_POINT('',(-2.796272901808,-54.53461157124,
    -54.66378950499));
#2756 = CARTESIAN_POINT('',(-3.095982248214,-54.48414599597,
    -54.35827211262));
#2757 = CARTESIAN_POINT('',(-3.357156940637,-54.4336935491,
    -54.01806352764));
#2758 = CARTESIAN_POINT('',(-3.575304742835,-54.38324015394,
    -53.64878460773));
#2759 = CARTESIAN_POINT('',(-3.746896311147,-54.332772116,
    -53.25669892756));
#2760 = CARTESIAN_POINT('',(-3.869316386471,-54.28228345456,
    -52.84863306741));
#2761 = CARTESIAN_POINT('',(-3.989506780863,-54.19816266623,
    -52.15424546261));
#2762 = CARTESIAN_POINT('',(-4.015216414674,-54.16448708192,
    -51.87235413469));
#2763 = CARTESIAN_POINT('',(-4.018155763446,-54.13081026762,
    -51.58871563047));
#2764 = CARTESIAN_POINT('',(-3.99819824103,-54.09713293161,
    -51.30548337219));
#2765 = CARTESIAN_POINT('',(-3.955458277871,-54.06345575855,
    -51.02478399576));
#2766 = CARTESIAN_POINT('',(-3.890291321009,-54.02977940948,
    -50.74871735071));
#2767 = CARTESIAN_POINT('',(-3.803293834076,-53.99610452182,
    -50.47935650028));
#2768 = CARTESIAN_POINT('',(-3.517961542608,-53.90713431183,
    -49.79077672007));
#2769 = CARTESIAN_POINT('',(-3.283773415237,-53.85177979285,
    -49.38581254012));
#2770 = CARTESIAN_POINT('',(-2.996489663601,-53.79645132621,
    -49.01342081902));
#2771 = CARTESIAN_POINT('',(-2.661576990932,-53.7411545124,
    -48.68152943527));
#2772 = CARTESIAN_POINT('',(-2.285687743539,-53.68585670359,
    -48.3968723958));
#2773 = CARTESIAN_POINT('',(-1.876427504988,-53.63052586203,
    -48.16508828367));
#2774 = CARTESIAN_POINT('',(-1.442420596198,-53.57516895185,
    -47.99047326615));
#2775 = CARTESIAN_POINT('',(-0.542495334321,-53.46427120051,
    -47.75968060328));
#2776 = CARTESIAN_POINT('',(-7.540968216809E-02,-53.40860958097,
    -47.7038884592));
#2777 = CARTESIAN_POINT('',(0.397532169279,-53.35298227356,
    -47.71081856187));
#2778 = CARTESIAN_POINT('',(0.866490260463,-53.2973788483,
    -47.78083850197));
#2779 = CARTESIAN_POINT('',(1.321958308835,-53.24177657515,
    -47.91262813056));
#2780 = CARTESIAN_POINT('',(1.754750742472,-53.18615181569,
    -48.10342105487));
#2781 = CARTESIAN_POINT('',(2.156087273562,-53.13049183184,
    -48.34878687764));
#2782 = CARTESIAN_POINT('',(2.863524192913,-53.02181115363,
    -48.92193174689));
#2783 = CARTESIAN_POINT('',(3.173890095408,-52.96866666705,
    -49.24609357227));
#2784 = CARTESIAN_POINT('',(3.441885947491,-52.91554390266,
    -49.60894548768));
#2785 = CARTESIAN_POINT('',(3.662083093378,-52.862440614,-50.00381952963
    ));
#2786 = CARTESIAN_POINT('',(3.830258029849,-52.80934080339,
    -50.42346789721));
#2787 = CARTESIAN_POINT('',(3.943482998364,-52.75622843892,
    -50.86005159826));
#2788 = CARTESIAN_POINT('',(4.000000003074,-52.7030907985,
    -51.30524336341));
#2789 = CARTESIAN_POINT('',(4.,-52.65000445106,-51.75));
#2790 = ORIENTED_EDGE('',*,*,#2791,.T.);
#2791 = EDGE_CURVE('',#2743,#2792,#2794,.T.);
#2792 = VERTEX_POINT('',#2793);
#2793 = CARTESIAN_POINT('',(4.,-49.64999934316,-51.75));
#2794 = B_SPLINE_CURVE_WITH_KNOTS('',8,(#2795,#2796,#2797,#2798,#2799,
    #2800,#2801,#2802,#2803,#2804,#2805,#2806,#2807,#2808,#2809,#2810,
    #2811,#2812,#2813,#2814,#2815,#2816,#2817,#2818,#2819,#2820,#2821,
    #2822,#2823,#2824,#2825,#2826,#2827,#2828,#2829,#2830,#2831,#2832,
    #2833,#2834,#2835,#2836,#2837,#2838,#2839,#2840,#2841,#2842,#2843,
    #2844,#2845,#2846,#2847,#2848,#2849,#2850,#2851,#2852,#2853,#2854,
    #2855,#2856,#2857,#2858,#2859),.UNSPECIFIED.,.F.,.F.,(9,7,7,7,7,7,7,
    7,7,9),(0.,7.520220610942E-02,0.197029873659,0.303236066971,
    0.395414895504,0.522821396595,0.666594097226,0.761785953015,
    0.867997162833,1.),.UNSPECIFIED.);
#2795 = CARTESIAN_POINT('',(4.,-52.65000445106,-51.75));
#2796 = CARTESIAN_POINT('',(4.,-52.62181021559,-51.98621089555));
#2797 = CARTESIAN_POINT('',(3.984047210081,-52.59360952828,
    -52.2224905274));
#2798 = CARTESIAN_POINT('',(3.952150489084,-52.56540628839,
    -52.45751607466));
#2799 = CARTESIAN_POINT('',(3.904431684482,-52.53720308493,
    -52.69000661672));
#2800 = CARTESIAN_POINT('',(3.841125632377,-52.50900119664,
    -52.91872313327));
#2801 = CARTESIAN_POINT('',(3.762580157508,-52.480800592,-53.14246850431
    ));
#2802 = CARTESIAN_POINT('',(3.669256073241,-52.45259992925,
    -53.36008751014));
#2803 = CARTESIAN_POINT('',(3.387530243168,-52.37870705714,
    -53.91128159368));
#2804 = CARTESIAN_POINT('',(3.17596160652,-52.33300379243,
    -54.23323980875));
#2805 = CARTESIAN_POINT('',(2.929538600032,-52.28730550002,
    -54.53125687275));
#2806 = CARTESIAN_POINT('',(2.65150512715,-52.24161569126,
    -54.80098903659));
#2807 = CARTESIAN_POINT('',(2.345651104939,-52.19592646598,
    -55.03868189594));
#2808 = CARTESIAN_POINT('',(2.016226738863,-52.15022687407,
    -55.24112990707));
#2809 = CARTESIAN_POINT('',(1.667951633803,-52.10451582401,
    -55.40574692836));
#2810 = CARTESIAN_POINT('',(0.990682232475,-52.01898270425,
    -55.63972028698));
#2811 = CARTESIAN_POINT('',(0.664900323344,-51.97915227734,
    -55.71859976687));
#2812 = CARTESIAN_POINT('',(0.332160371366,-51.93933285197,
    -55.76623371551));
#2813 = CARTESIAN_POINT('',(-4.080338867551E-03,-51.89951754836,
    -55.78196409994));
#2814 = CARTESIAN_POINT('',(-0.340332534002,-51.85969735425,
    -55.76556674511));
#2815 = CARTESIAN_POINT('',(-0.673078153302,-51.81986579257,
    -55.71723784743));
#2816 = CARTESIAN_POINT('',(-0.998777219368,-51.78002480423,
    -55.63764308954));
#2817 = CARTESIAN_POINT('',(-1.58743375213,-51.70563089426,
    -55.43292193482));
#2818 = CARTESIAN_POINT('',(-1.85312762581,-51.67106270039,
    -55.31514861529));
#2819 = CARTESIAN_POINT('',(-2.108744002954,-51.63649251809,
    -55.17551124765));
#2820 = CARTESIAN_POINT('',(-2.352182186479,-51.60192066535,
    -55.01502223595));
#2821 = CARTESIAN_POINT('',(-2.581495184809,-51.56734841351,
    -54.83492000479));
#2822 = CARTESIAN_POINT('',(-2.79488971187,-51.53277798725,
    -54.63666899944));
#2823 = CARTESIAN_POINT('',(-2.990726187094,-51.49821256463,
    -54.42195968572));
#2824 = CARTESIAN_POINT('',(-3.411875496718,-51.41589372942,
    -53.87584527982));
#2825 = CARTESIAN_POINT('',(-3.620209478871,-51.36809244516,
    -53.53077872537));
#2826 = CARTESIAN_POINT('',(-3.78841980652,-51.32030189889,
    -53.16262888304));
#2827 = CARTESIAN_POINT('',(-3.913629905678,-51.27252945013,
    -52.77692857743));
#2828 = CARTESIAN_POINT('',(-3.993898741208,-51.22476105073,
    -52.37948141407));
#2829 = CARTESIAN_POINT('',(-4.02811736791,-51.17698072839,
    -51.97627810323));
#2830 = CARTESIAN_POINT('',(-4.016090795249,-51.12918884645,
    -51.57347115511));
#2831 = CARTESIAN_POINT('',(-3.894160821834,-51.02751310152,
    -50.73046782411));
#2832 = CARTESIAN_POINT('',(-3.771772941327,-50.9735454206,
    -50.29135998612));
#2833 = CARTESIAN_POINT('',(-3.592795980309,-50.91960837481,
    -49.86955642055));
#2834 = CARTESIAN_POINT('',(-3.360326497822,-50.86569691944,
    -49.47350502033));
#2835 = CARTESIAN_POINT('',(-3.07873680821,-50.81179138529,
    -49.11079123272));
#2836 = CARTESIAN_POINT('',(-2.753473139163,-50.75786995087,
    -48.78823253796));
#2837 = CARTESIAN_POINT('',(-2.391186157343,-50.70391908282,
    -48.51175911108));
#2838 = CARTESIAN_POINT('',(-1.741098369998,-50.61431704593,
    -48.13641530743));
#2839 = CARTESIAN_POINT('',(-1.469307496391,-50.57861690845,
    -48.0090004097));
#2840 = CARTESIAN_POINT('',(-1.186959634293,-50.54291858897,
    -47.90499073614));
#2841 = CARTESIAN_POINT('',(-0.896420958369,-50.50722296605,
    -47.82540154002));
#2842 = CARTESIAN_POINT('',(-0.600142728138,-50.47152733048,
    -47.77095377854));
#2843 = CARTESIAN_POINT('',(-0.300650729772,-50.43582978141,
    -47.7420659712));
#2844 = CARTESIAN_POINT('',(-5.347178753376E-04,-50.40013362238,
    -47.73884605812));
#2845 = CARTESIAN_POINT('',(0.630166523031,-50.32463938038,
    -47.78589462413));
#2846 = CARTESIAN_POINT('',(0.960559561588,-50.28480861828,
    -47.84241287053));
#2847 = CARTESIAN_POINT('',(1.285042090845,-50.24498018101,
    -47.93041150252));
#2848 = CARTESIAN_POINT('',(1.600097867831,-50.20515616354,
    -48.04911973944));
#2849 = CARTESIAN_POINT('',(1.902387842551,-50.16533354952,
    -48.19732832792));
#2850 = CARTESIAN_POINT('',(2.188748387582,-50.12550908365,
    -48.37342710646));
#2851 = CARTESIAN_POINT('',(2.456215317066,-50.08568428828,
    -48.57538055542));
#2852 = CARTESIAN_POINT('',(3.007683651774,-49.99640855618,
    -49.08061692563));
#2853 = CARTESIAN_POINT('',(3.280326956208,-49.94690398043,
    -49.39696222636));
#2854 = CARTESIAN_POINT('',(3.51462005001,-49.89741811746,
    -49.74488797482));
#2855 = CARTESIAN_POINT('',(3.706467318055,-49.84794340104,
    -50.11888224077));
#2856 = CARTESIAN_POINT('',(3.852655603944,-49.79846535866,
    -50.5129975664));
#2857 = CARTESIAN_POINT('',(3.950936432725,-49.74897210374,
    -50.92084006409));
#2858 = CARTESIAN_POINT('',(4.,-49.69946294351,-51.33560605182));
#2859 = CARTESIAN_POINT('',(4.,-49.64999934316,-51.75));
#2860 = ORIENTED_EDGE('',*,*,#2861,.T.);
#2861 = EDGE_CURVE('',#2792,#2862,#2864,.T.);
#2862 = VERTEX_POINT('',#2863);
#2863 = CARTESIAN_POINT('',(4.,-46.64999966942,-51.75));
#2864 = B_SPLINE_CURVE_WITH_KNOTS('',8,(#2865,#2866,#2867,#2868,#2869,
    #2870,#2871,#2872,#2873,#2874,#2875,#2876,#2877,#2878,#2879,#2880,
    #2881,#2882,#2883,#2884,#2885,#2886,#2887,#2888,#2889,#2890,#2891,
    #2892,#2893,#2894,#2895,#2896,#2897,#2898,#2899,#2900,#2901,#2902,
    #2903,#2904,#2905,#2906,#2907,#2908,#2909,#2910,#2911,#2912,#2913,
    #2914,#2915,#2916,#2917,#2918,#2919,#2920,#2921,#2922),
  .UNSPECIFIED.,.F.,.F.,(9,7,7,7,7,7,7,7,9),(0.,6.16877503359E-02,
    0.166985337532,0.309946492734,0.39696660869,0.542397541073,
    0.690519236701,0.846318572897,1.),.UNSPECIFIED.);
#2865 = CARTESIAN_POINT('',(4.,-49.64999934316,-51.75));
#2866 = CARTESIAN_POINT('',(4.,-49.62687808717,-51.94370422872));
#2867 = CARTESIAN_POINT('',(3.989283364956,-49.60375785044,
    -52.13740770306));
#2868 = CARTESIAN_POINT('',(3.967843407108,-49.58063615614,
    -52.33042780174));
#2869 = CARTESIAN_POINT('',(3.935729149818,-49.55751167557,
    -52.52208237832));
#2870 = CARTESIAN_POINT('',(3.893045327571,-49.53438422813,
    -52.7116897612));
#2871 = CARTESIAN_POINT('',(3.839952385972,-49.51125478133,
    -52.8985687536));
#2872 = CARTESIAN_POINT('',(3.77666648175,-49.48812545076,
    -53.08203863362));
#2873 = CARTESIAN_POINT('',(3.578499173488,-49.42552477802,
    -53.5676118083));
#2874 = CARTESIAN_POINT('',(3.424577334692,-49.38603912026,
    -53.8620697839));
#2875 = CARTESIAN_POINT('',(3.243021784188,-49.34656088797,
    -54.14147343862));
#2876 = CARTESIAN_POINT('',(3.035593654105,-49.30707489035,
    -54.40282075087));
#2877 = CARTESIAN_POINT('',(2.804390937664,-49.26759878243,
    -54.64339490479));
#2878 = CARTESIAN_POINT('',(2.551825767827,-49.22813676426,
    -54.86074802269));
#2879 = CARTESIAN_POINT('',(2.280645768022,-49.18865050683,
    -55.05272809434));
#2880 = CARTESIAN_POINT('',(1.604753628067,-49.09558487822,
    -55.44138820328));
#2881 = CARTESIAN_POINT('',(1.186458339333,-49.04193849789,
    -55.61548091242));
#2882 = CARTESIAN_POINT('',(0.747026637447,-48.98831672088,
    -55.73508601146));
#2883 = CARTESIAN_POINT('',(0.294814179691,-48.93471572611,
    -55.79744505399));
#2884 = CARTESIAN_POINT('',(-0.161667941409,-48.88111656849,
    -55.80127797366));
#2885 = CARTESIAN_POINT('',(-0.613808789287,-48.82749855812,
    -55.74660969952));
#2886 = CARTESIAN_POINT('',(-1.052929374201,-48.77385430094,
    -55.63496088537));
#2887 = CARTESIAN_POINT('',(-1.724624034782,-48.68764051334,
    -55.36944200238));
#2888 = CARTESIAN_POINT('',(-1.970987454506,-48.65501492191,
    -55.24909682997));
#2889 = CARTESIAN_POINT('',(-2.20768134253,-48.62238793074,
    -55.10962901773));
#2890 = CARTESIAN_POINT('',(-2.432962973229,-48.58976138212,
    -54.95195987708));
#2891 = CARTESIAN_POINT('',(-2.645224597707,-48.55713626788,
    -54.77717630527));
#2892 = CARTESIAN_POINT('',(-2.842993443803,-48.52451272937,
    -54.58653078542));
#2893 = CARTESIAN_POINT('',(-3.024931716089,-48.49189005749,
    -54.3814413865));
#2894 = CARTESIAN_POINT('',(-3.465431154179,-48.40474543272,
    -53.7992470532));
#2895 = CARTESIAN_POINT('',(-3.693759669287,-48.35017299415,
    -53.39867156216));
#2896 = CARTESIAN_POINT('',(-3.868767667484,-48.29562524167,
    -52.96948287133));
#2897 = CARTESIAN_POINT('',(-3.986525578942,-48.24110657099,
    -52.52001461423));
#2898 = CARTESIAN_POINT('',(-4.044634428792,-48.18658622192,
    -52.05901049131));
#2899 = CARTESIAN_POINT('',(-4.042047289135,-48.13203458167,
    -51.59548983587));
#2900 = CARTESIAN_POINT('',(-3.979306491985,-48.07745947813,
    -51.13868473148));
#2901 = CARTESIAN_POINT('',(-3.736864441035,-47.96741677461,
    -50.24925998122));
#2902 = CARTESIAN_POINT('',(-3.55474330917,-47.91183138181,
    -49.81622952111));
#2903 = CARTESIAN_POINT('',(-3.315376068098,-47.85627171242,
    -49.40905693949));
#2904 = CARTESIAN_POINT('',(-3.023252047143,-47.80074531608,
    -49.03640165835));
#2905 = CARTESIAN_POINT('',(-2.684207056712,-47.7452202108,
    -48.70586591054));
#2906 = CARTESIAN_POINT('',(-2.305172002256,-47.68966372145,
    -48.42406638432));
#2907 = CARTESIAN_POINT('',(-1.894270099873,-47.63408181047,
    -48.19639448429));
#2908 = CARTESIAN_POINT('',(-1.005811071953,-47.52015805395,
    -47.84772793352));
#2909 = CARTESIAN_POINT('',(-0.524683852513,-47.46166918039,
    -47.73238839512));
#2910 = CARTESIAN_POINT('',(-2.921565429667E-02,-47.40322903321,
    -47.68527982882));
#2911 = CARTESIAN_POINT('',(0.469260389851,-47.34482101196,
    -47.70793888654));
#2912 = CARTESIAN_POINT('',(0.959615062605,-47.28641771884,
    -47.80010015025));
#2913 = CARTESIAN_POINT('',(1.430987872547,-47.22798955961,
    -47.95942039162));
#2914 = CARTESIAN_POINT('',(1.872808007857,-47.16951459771,
    -48.18180191187));
#2915 = CARTESIAN_POINT('',(2.672255891169,-47.05348839894,
    -48.7347006588));
#2916 = CARTESIAN_POINT('',(3.031835587704,-46.99580670294,
    -49.06432194549));
#2917 = CARTESIAN_POINT('',(3.344274737244,-46.93817050967,
    -49.44259574249));
#2918 = CARTESIAN_POINT('',(3.602286566739,-46.88055829378,
    -49.86143767444));
#2919 = CARTESIAN_POINT('',(3.800039577232,-46.8229430689,
    -50.31190041812));
#2920 = CARTESIAN_POINT('',(3.933454959152,-46.76529661816,
    -50.78411321509));
#2921 = CARTESIAN_POINT('',(4.,-46.70760749021,-51.26739552452));
#2922 = CARTESIAN_POINT('',(4.,-46.64999966942,-51.75));
#2923 = ORIENTED_EDGE('',*,*,#2924,.T.);
#2924 = EDGE_CURVE('',#2862,#2925,#2927,.T.);
#2925 = VERTEX_POINT('',#2926);
#2926 = CARTESIAN_POINT('',(4.,-43.65000237132,-51.75));
#2927 = B_SPLINE_CURVE_WITH_KNOTS('',8,(#2928,#2929,#2930,#2931,#2932,
    #2933,#2934,#2935,#2936,#2937,#2938,#2939,#2940,#2941,#2942,#2943,
    #2944,#2945,#2946,#2947,#2948,#2949,#2950,#2951,#2952,#2953,#2954,
    #2955,#2956,#2957,#2958,#2959,#2960,#2961,#2962,#2963,#2964,#2965,
    #2966,#2967,#2968,#2969,#2970,#2971,#2972,#2973,#2974,#2975,#2976,
    #2977,#2978,#2979,#2980,#2981,#2982,#2983,#2984,#2985),
  .UNSPECIFIED.,.F.,.F.,(9,7,7,7,7,7,7,7,9),(0.,9.349135087944E-02,
    0.229153393379,0.376974968553,0.536523188565,0.626946375043,
    0.729129990929,0.862504210509,1.),.UNSPECIFIED.);
#2928 = CARTESIAN_POINT('',(4.,-46.64999966942,-51.75));
#2929 = CARTESIAN_POINT('',(4.,-46.61495619258,-52.04357365941));
#2930 = CARTESIAN_POINT('',(3.975355303218,-46.57990581489,
    -52.33724579851));
#2931 = CARTESIAN_POINT('',(3.926087862479,-46.54485385184,
    -52.62848492149));
#2932 = CARTESIAN_POINT('',(3.852486709467,-46.50980360439,
    -52.91485535407));
#2933 = CARTESIAN_POINT('',(3.75510795472,-46.47475635894,
    -53.19401724348));
#2934 = CARTESIAN_POINT('',(3.634774787633,-46.4397113874,
    -53.46372655852));
#2935 = CARTESIAN_POINT('',(3.492577476458,-46.40466594709,
    -53.72183508949));
#2936 = CARTESIAN_POINT('',(3.093779104742,-46.31875448002,
    -54.32101110378));
#2937 = CARTESIAN_POINT('',(2.814374922482,-46.26786953124,
    -54.64717155137));
#2938 = CARTESIAN_POINT('',(2.495904527906,-46.21699339707,
    -54.93824919013));
#2939 = CARTESIAN_POINT('',(2.143586118464,-46.16612636231,
    -55.18894563719));
#2940 = CARTESIAN_POINT('',(1.763316798423,-46.11527194033,
    -55.3949177385));
#2941 = CARTESIAN_POINT('',(1.361603504834,-46.06440861503,
    -55.55270285169));
#2942 = CARTESIAN_POINT('',(0.945619675271,-46.01350039614,
    -55.65989439255));
#2943 = CARTESIAN_POINT('',(6.309996717077E-02,-45.90724008547,
    -55.77634795312));
#2944 = CARTESIAN_POINT('',(-0.405734160009,-45.85175784383,
    -55.77611609494));
#2945 = CARTESIAN_POINT('',(-0.872944031926,-45.79630947796,
    -55.71331595625));
#2946 = CARTESIAN_POINT('',(-1.328780767197,-45.74088859522,
    -55.58874988366));
#2947 = CARTESIAN_POINT('',(-1.764045679649,-45.68547198055,
    -55.40484885703));
#2948 = CARTESIAN_POINT('',(-2.170047133091,-45.63003400128,
    -55.16541169557));
#2949 = CARTESIAN_POINT('',(-2.538695699841,-45.57455983183,
    -54.87579518609));
#2950 = CARTESIAN_POINT('',(-3.212920417365,-45.45932065231,
    -54.18480448258));
#2951 = CARTESIAN_POINT('',(-3.512027435192,-45.39941897519,
    -53.77551736343));
#2952 = CARTESIAN_POINT('',(-3.750834756447,-45.33957121098,
    -53.32479187514));
#2953 = CARTESIAN_POINT('',(-3.923173497366,-45.2797546999,
    -52.84319244194));
#2954 = CARTESIAN_POINT('',(-4.024728999843,-45.21993942351,
    -52.34186496597));
#2955 = CARTESIAN_POINT('',(-4.053419493819,-45.16009341742,
    -51.83259113567));
#2956 = CARTESIAN_POINT('',(-4.009083270188,-45.10019449955,
    -51.32760905305));
#2957 = CARTESIAN_POINT('',(-3.830373654278,-45.00646987155,
    -50.56302435515));
#2958 = CARTESIAN_POINT('',(-3.743282794669,-44.97257116451,
    -50.29170266448));
#2959 = CARTESIAN_POINT('',(-3.634268773075,-44.93867428789,
    -50.02779835057));
#2960 = CARTESIAN_POINT('',(-3.504069128457,-44.9047771929,
    -49.77336028905));
#2961 = CARTESIAN_POINT('',(-3.353636606558,-44.87087864015,
    -49.53032353573));
#2962 = CARTESIAN_POINT('',(-3.184139159907,-44.8369781997,
    -49.30050932667));
#2963 = CARTESIAN_POINT('',(-2.996959947815,-44.80307625105,
    -49.08562507811));
#2964 = CARTESIAN_POINT('',(-2.563998412688,-44.73086239011,
    -48.6631049258));
#2965 = CARTESIAN_POINT('',(-2.313653535906,-44.6925457924,
    -48.45994858208));
#2966 = CARTESIAN_POINT('',(-2.045040956476,-44.65422693144,
    -48.28008280148));
#2967 = CARTESIAN_POINT('',(-1.760712747149,-44.61590794654,
    -48.12542666182));
#2968 = CARTESIAN_POINT('',(-1.463394802988,-44.57759037495,
    -47.99753087262));
#2969 = CARTESIAN_POINT('',(-1.155986841368,-44.53927515181,
    -47.89757777511));
#2970 = CARTESIAN_POINT('',(-0.841562401973,-44.50096261016,
    -47.82638134218));
#2971 = CARTESIAN_POINT('',(-0.108049651758,-44.41264853912,
    -47.72957468468));
#2972 = CARTESIAN_POINT('',(0.314106982733,-44.36261108232,
    -47.7244890089));
#2973 = CARTESIAN_POINT('',(0.735765424178,-44.3125883953,
    -47.77004537376));
#2974 = CARTESIAN_POINT('',(1.149791097497,-44.26258417377,
    -47.86598240683));
#2975 = CARTESIAN_POINT('',(1.549318542153,-44.2125798218,
    -48.01088335385));
#2976 = CARTESIAN_POINT('',(1.927819469281,-44.16255674916,
    -48.2021972919));
#2977 = CARTESIAN_POINT('',(2.279170818811,-44.11251866881,
    -48.43626034267));
#2978 = CARTESIAN_POINT('',(2.926118803238,-44.01096385713,
    -48.98878060106));
#2979 = CARTESIAN_POINT('',(3.220172443217,-43.95937375465,
    -49.30999614747));
#2980 = CARTESIAN_POINT('',(3.473541292326,-43.90780302495,
    -49.6667117193));
#2981 = CARTESIAN_POINT('',(3.681392636316,-43.85625531124,
    -50.05282986874));
#2982 = CARTESIAN_POINT('',(3.840016613997,-43.80470723218,
    -50.46164801176));
#2983 = CARTESIAN_POINT('',(3.946719907543,-43.75313631558,
    -50.88598285752));
#2984 = CARTESIAN_POINT('',(4.,-43.70154809529,-51.31817876117));
#2985 = CARTESIAN_POINT('',(4.,-43.65000237132,-51.75));
#2986 = ORIENTED_EDGE('',*,*,#2987,.T.);
#2987 = EDGE_CURVE('',#2925,#2988,#2990,.T.);
#2988 = VERTEX_POINT('',#2989);
#2989 = CARTESIAN_POINT('',(4.,-40.65000318697,-51.75));
#2990 = B_SPLINE_CURVE_WITH_KNOTS('',8,(#2991,#2992,#2993,#2994,#2995,
    #2996,#2997,#2998,#2999,#3000,#3001,#3002,#3003,#3004,#3005,#3006,
    #3007,#3008,#3009,#3010,#3011,#3012,#3013,#3014,#3015,#3016,#3017,
    #3018,#3019,#3020,#3021,#3022,#3023,#3024,#3025,#3026,#3027,#3028,
    #3029,#3030,#3031,#3032,#3033,#3034,#3035,#3036,#3037,#3038,#3039,
    #3040,#3041,#3042,#3043,#3044,#3045,#3046,#3047,#3048),
  .UNSPECIFIED.,.F.,.F.,(9,7,7,7,7,7,7,7,9),(0.,0.13682042167,
    0.262222763281,0.373100346741,0.542860890124,0.640645934117,
    0.745423535999,0.885496517171,1.),.UNSPECIFIED.);
#2991 = CARTESIAN_POINT('',(4.,-43.65000237132,-51.75));
#2992 = CARTESIAN_POINT('',(4.,-43.59872134498,-52.17960375011));
#2993 = CARTESIAN_POINT('',(3.947265149776,-43.54739029387,
    -52.60963801333));
#2994 = CARTESIAN_POINT('',(3.84163147221,-43.4960747521,-53.03193418182
    ));
#2995 = CARTESIAN_POINT('',(3.684580609644,-43.44478443536,
    -53.43892262708));
#2996 = CARTESIAN_POINT('',(3.478772212977,-43.39349954202,
    -53.82352255099));
#2997 = CARTESIAN_POINT('',(3.227854091245,-43.34219699397,
    -54.17914143246));
#2998 = CARTESIAN_POINT('',(2.936550121657,-43.29087661711,
    -54.49978406941));
#2999 = CARTESIAN_POINT('',(2.312667702611,-43.19257815866,
    -55.03735085829));
#3000 = CARTESIAN_POINT('',(1.985236189973,-43.14554663439,
    -55.26098172139));
#3001 = CARTESIAN_POINT('',(1.633340165772,-43.09852533725,
    -55.44710144461));
#3002 = CARTESIAN_POINT('',(1.262051516093,-43.051505633,-55.59269971239
    ));
#3003 = CARTESIAN_POINT('',(0.87673135201,-43.00450087753,
    -55.69559510571));
#3004 = CARTESIAN_POINT('',(0.482995011917,-42.95750205662,
    -55.75435816195));
#3005 = CARTESIAN_POINT('',(8.672699952442E-02,-42.91046303911,
    -55.76840460303));
#3006 = CARTESIAN_POINT('',(-0.653132060106,-42.82188732612,
    -55.71164965813));
#3007 = CARTESIAN_POINT('',(-0.997844239007,-42.78029982888,
    -55.65046179721));
#3008 = CARTESIAN_POINT('',(-1.335874946824,-42.73871424772,
    -55.55498327662));
#3009 = CARTESIAN_POINT('',(-1.663237602082,-42.69713260909,
    -55.42612174006));
#3010 = CARTESIAN_POINT('',(-1.976157864309,-42.65555031986,
    -55.26529762368));
#3011 = CARTESIAN_POINT('',(-2.27106802223,-42.61396221849,
    -55.07439879525));
#3012 = CARTESIAN_POINT('',(-2.544635722739,-42.57236987507,
    -54.85581864433));
#3013 = CARTESIAN_POINT('',(-3.17544090306,-42.46715578793,
    -54.2401556078));
#3014 = CARTESIAN_POINT('',(-3.500956925538,-42.40339913292,
    -53.80894818688));
#3015 = CARTESIAN_POINT('',(-3.758608980081,-42.33971431566,
    -53.32978146449));
#3016 = CARTESIAN_POINT('',(-3.940887015881,-42.27606836416,
    -52.81540381256));
#3017 = CARTESIAN_POINT('',(-4.042600478824,-42.21242537632,
    -52.27926842416));
#3018 = CARTESIAN_POINT('',(-4.061484600222,-42.1487468907,
    -51.73560346122));
#3019 = CARTESIAN_POINT('',(-3.997607797471,-42.08499640013,
    -51.19916394423));
#3020 = CARTESIAN_POINT('',(-3.773919821576,-41.98469332446,
    -50.38917120803));
#3021 = CARTESIAN_POINT('',(-3.666145584091,-41.94801578438,
    -50.10015638542));
#3022 = CARTESIAN_POINT('',(-3.533094675802,-41.91134134765,
    -49.82101795354));
#3023 = CARTESIAN_POINT('',(-3.375875699646,-41.87467548885,
    -49.55436032885));
#3024 = CARTESIAN_POINT('',(-3.195885814027,-41.83801544754,
    -49.30257905998));
#3025 = CARTESIAN_POINT('',(-2.994768326291,-41.80135607317,
    -49.06787405983));
#3026 = CARTESIAN_POINT('',(-2.774405917643,-41.76469428021,
    -48.85224180269));
#3027 = CARTESIAN_POINT('',(-2.282512695776,-41.68874825363,
    -48.448721457));
#3028 = CARTESIAN_POINT('',(-2.008356422591,-41.64946031249,
    -48.2638682356));
#3029 = CARTESIAN_POINT('',(-1.717242356707,-41.61016980366,
    -48.1051207257));
#3030 = CARTESIAN_POINT('',(-1.412089816876,-41.57087818627,
    -47.97429137328));
#3031 = CARTESIAN_POINT('',(-1.095975763829,-41.53158686471,
    -47.87277116642));
#3032 = CARTESIAN_POINT('',(-0.772134800283,-41.49229718865,
    -47.80152963526));
#3033 = CARTESIAN_POINT('',(-0.443959170933,-41.45301045301,
    -47.76111485207));
#3034 = CARTESIAN_POINT('',(0.324775237664,-41.36121262287,
    -47.73900483631));
#3035 = CARTESIAN_POINT('',(0.766550805358,-41.30864865439,
    -47.78162744896));
#3036 = CARTESIAN_POINT('',(1.201610125507,-41.25610960298,
    -47.87993662123));
#3037 = CARTESIAN_POINT('',(1.62179461568,-41.20358786722,
    -48.03253170669));
#3038 = CARTESIAN_POINT('',(2.019462876599,-41.15106567236,
    -48.23673699813));
#3039 = CARTESIAN_POINT('',(2.387448999825,-41.09852626774,
    -48.48876811068));
#3040 = CARTESIAN_POINT('',(2.719164593866,-41.04596482078,
    -48.7835827779));
#3041 = CARTESIAN_POINT('',(3.245905649001,-40.95053698188,
    -49.38496484517));
#3042 = CARTESIAN_POINT('',(3.455170175444,-40.90759066402,
    -49.67995042181));
#3043 = CARTESIAN_POINT('',(3.633642243586,-40.86465024868,
    -49.99595585659));
#3044 = CARTESIAN_POINT('',(3.778906849234,-40.82171793598,
    -50.32915987222));
#3045 = CARTESIAN_POINT('',(3.889141520786,-40.77878838692,
    -50.67551074314));
#3046 = CARTESIAN_POINT('',(3.963067991003,-40.73585544249,
    -51.03076231603));
#3047 = CARTESIAN_POINT('',(4.,-40.69291859815,-51.39047179961));
#3048 = CARTESIAN_POINT('',(4.,-40.65000318697,-51.75));
#3049 = ORIENTED_EDGE('',*,*,#3050,.T.);
#3050 = EDGE_CURVE('',#2988,#3051,#3053,.T.);
#3051 = VERTEX_POINT('',#3052);
#3052 = CARTESIAN_POINT('',(4.,-37.65000255137,-51.75));
#3053 = B_SPLINE_CURVE_WITH_KNOTS('',8,(#3054,#3055,#3056,#3057,#3058,
    #3059,#3060,#3061,#3062,#3063,#3064,#3065,#3066,#3067,#3068,#3069,
    #3070,#3071,#3072,#3073,#3074,#3075,#3076,#3077,#3078,#3079,#3080,
    #3081,#3082,#3083,#3084,#3085,#3086,#3087,#3088,#3089,#3090,#3091,
    #3092,#3093,#3094,#3095,#3096,#3097,#3098,#3099,#3100,#3101,#3102,
    #3103,#3104,#3105,#3106,#3107,#3108,#3109,#3110,#3111,#3112,#3113,
    #3114,#3115,#3116,#3117,#3118),.UNSPECIFIED.,.F.,.F.,(9,7,7,7,7,7,7,
    7,7,9),(0.,0.159830875909,0.223639348992,0.315026087946,
    0.409452070203,0.543727040963,0.649297033744,0.796363614701,
    0.900013298492,1.),.UNSPECIFIED.);
#3054 = CARTESIAN_POINT('',(4.,-40.65000318697,-51.75));
#3055 = CARTESIAN_POINT('',(4.,-40.59007795937,-52.2520296589));
#3056 = CARTESIAN_POINT('',(3.927989931253,-40.53007221773,
    -52.75473234069));
#3057 = CARTESIAN_POINT('',(3.783635992598,-40.4701154069,
    -53.24495346012));
#3058 = CARTESIAN_POINT('',(3.56988521139,-40.41018442905,
    -53.71076151901));
#3059 = CARTESIAN_POINT('',(3.291452855229,-40.35024892473,
    -54.1410836621));
#3060 = CARTESIAN_POINT('',(2.955132550272,-40.29028466353,
    -54.52596436632));
#3061 = CARTESIAN_POINT('',(2.569429519186,-40.23027112068,
    -54.85644935663));
#3062 = CARTESIAN_POINT('',(1.976650090793,-40.14643257603,
    -55.23324814327));
#3063 = CARTESIAN_POINT('',(1.80132209288,-40.12250741075,-55.3310915414
    ));
#3064 = CARTESIAN_POINT('',(1.62047926285,-40.09858059183,
    -55.41883928699));
#3065 = CARTESIAN_POINT('',(1.434819627793,-40.07465420766,
    -55.49612252331));
#3066 = CARTESIAN_POINT('',(1.245057091594,-40.05072962226,
    -55.56263487327));
#3067 = CARTESIAN_POINT('',(1.051921434935,-40.02680747526,
    -55.61813243944));
#3068 = CARTESIAN_POINT('',(0.856158315294,-40.00288768193,
    -55.66243380403));
#3069 = CARTESIAN_POINT('',(0.37548418878,-39.94471362585,
    -55.74266302623));
#3070 = CARTESIAN_POINT('',(8.847923956521E-02,-39.91045433292,
    -55.76670694297));
#3071 = CARTESIAN_POINT('',(-0.20017687116,-39.87619225276,
    -55.76716537294));
#3072 = CARTESIAN_POINT('',(-0.488205367174,-39.84192839642,
    -55.74391573284));
#3073 = CARTESIAN_POINT('',(-0.773357405566,-39.80766408751,
    -55.69709926229));
#3074 = CARTESIAN_POINT('',(-1.053414076747,-39.77340096225,
    -55.62712102386));
#3075 = CARTESIAN_POINT('',(-1.32618640444,-39.73914096945,
    -55.53464990299));
#3076 = CARTESIAN_POINT('',(-1.861601801755,-39.66949256847,
    -55.30279498118));
#3077 = CARTESIAN_POINT('',(-2.123790126168,-39.63409243711,
    -55.16187547112));
#3078 = CARTESIAN_POINT('',(-2.373706713102,-39.59868823049,
    -54.99889047188));
#3079 = CARTESIAN_POINT('',(-2.609172261615,-39.56328217358,
    -54.81510104914));
#3080 = CARTESIAN_POINT('',(-2.828201775642,-39.52787646227,
    -54.61199894019));
#3081 = CARTESIAN_POINT('',(-3.029004563998,-39.49247326337,
    -54.39130655401));
#3082 = CARTESIAN_POINT('',(-3.209984240373,-39.45707471461,
    -54.1549769712));
#3083 = CARTESIAN_POINT('',(-3.596911668922,-39.37135534059,
    -53.54999924161));
#3084 = CARTESIAN_POINT('',(-3.781477442174,-39.32098861043,
    -53.16714825158));
#3085 = CARTESIAN_POINT('',(-3.919208020117,-39.27063635102,
    -52.76301901275));
#3086 = CARTESIAN_POINT('',(-4.007405863109,-39.2203034645,
    -52.34434738678));
#3087 = CARTESIAN_POINT('',(-4.044518009446,-39.16997061933,
    -51.91810258097));
#3088 = CARTESIAN_POINT('',(-4.030012103308,-39.1196184787,
    -51.49140228971));
#3089 = CARTESIAN_POINT('',(-3.964514356035,-39.06925167614,
    -51.07146745475));
#3090 = CARTESIAN_POINT('',(-3.760340353327,-38.97935264218,
    -50.34652763664));
#3091 = CARTESIAN_POINT('',(-3.640214105219,-38.93976783477,
    -50.03582862559));
#3092 = CARTESIAN_POINT('',(-3.490769764433,-38.90018460302,
    -49.73700312445));
#3093 = CARTESIAN_POINT('',(-3.313419146024,-38.86060263418,
    -49.45326851604));
#3094 = CARTESIAN_POINT('',(-3.109956527477,-38.821017643,
    -49.18760180035));
#3095 = CARTESIAN_POINT('',(-2.882529710313,-38.78142601809,
    -48.94274663285));
#3096 = CARTESIAN_POINT('',(-2.633665944294,-38.74183002722,
    -48.72118214375));
#3097 = CARTESIAN_POINT('',(-1.9939506731,-38.64711773356,
    -48.25178561863));
#3098 = CARTESIAN_POINT('',(-1.585029481605,-38.59191369758,
    -48.02734050114));
#3099 = CARTESIAN_POINT('',(-1.147652865981,-38.53673720337,
    -47.8579491266));
#3100 = CARTESIAN_POINT('',(-0.690604664756,-38.48157996517,
    -47.74749642253));
#3101 = CARTESIAN_POINT('',(-0.222960282932,-38.42642199454,
    -47.69839682527));
#3102 = CARTESIAN_POINT('',(0.245919298087,-38.37124387096,
    -47.71142006828));
#3103 = CARTESIAN_POINT('',(0.706466027797,-38.31603451179,
    -47.78587368412));
#3104 = CARTESIAN_POINT('',(1.460792361206,-38.22203361882,
    -48.01207534801));
#3105 = CARTESIAN_POINT('',(1.764047613751,-38.18316708909,
    -48.13465074218));
#3106 = CARTESIAN_POINT('',(2.055415426616,-38.14429741414,
    -48.28527554305));
#3107 = CARTESIAN_POINT('',(2.33185436762,-38.10542638052,
    -48.46258789122));
#3108 = CARTESIAN_POINT('',(2.590574987467,-38.06655548828,
    -48.66487505763));
#3109 = CARTESIAN_POINT('',(2.829039819744,-38.02768595092,
    -48.89007344351));
#3110 = CARTESIAN_POINT('',(3.044963380924,-37.9888186954,-49.1357685804
    ));
#3111 = CARTESIAN_POINT('',(3.420898689049,-37.91246349537,
    -49.65331217944));
#3112 = CARTESIAN_POINT('',(3.582714967237,-37.87497145996,
    -49.92405214838));
#3113 = CARTESIAN_POINT('',(3.719971868105,-37.83747701472,
    -50.20893560076));
#3114 = CARTESIAN_POINT('',(3.83123388449,-37.79998002347,-50.5053584597
    ));
#3115 = CARTESIAN_POINT('',(3.915419138888,-37.76248145508,
    -50.81059200763));
#3116 = CARTESIAN_POINT('',(3.971799383453,-37.72498338346,
    -51.12178288635));
#3117 = CARTESIAN_POINT('',(4.,-37.68748898756,-51.43595309698));
#3118 = CARTESIAN_POINT('',(4.,-37.65000255137,-51.75));
#3119 = ORIENTED_EDGE('',*,*,#3120,.T.);
#3120 = EDGE_CURVE('',#3051,#3121,#3123,.T.);
#3121 = VERTEX_POINT('',#3122);
#3122 = CARTESIAN_POINT('',(4.,-34.65000271379,-51.75));
#3123 = B_SPLINE_CURVE_WITH_KNOTS('',8,(#3124,#3125,#3126,#3127,#3128,
    #3129,#3130,#3131,#3132,#3133,#3134,#3135,#3136,#3137,#3138,#3139,
    #3140,#3141,#3142,#3143,#3144,#3145,#3146,#3147,#3148,#3149,#3150,
    #3151,#3152,#3153,#3154,#3155,#3156,#3157,#3158,#3159,#3160,#3161,
    #3162,#3163,#3164,#3165,#3166,#3167,#3168,#3169,#3170,#3171,#3172,
    #3173,#3174,#3175,#3176,#3177,#3178,#3179,#3180,#3181,#3182,#3183,
    #3184,#3185,#3186,#3187,#3188),.UNSPECIFIED.,.F.,.F.,(9,7,7,7,7,7,7,
    7,7,9),(0.,8.973653865506E-02,0.183453539809,0.279490328684,
    0.310155908348,0.43214967235,0.590500919317,0.766528024949,
    0.88323807518,1.),.UNSPECIFIED.);
#3124 = CARTESIAN_POINT('',(4.,-37.65000255137,-51.75));
#3125 = CARTESIAN_POINT('',(4.,-37.61634038424,-52.03200865193));
#3126 = CARTESIAN_POINT('',(3.97727746739,-37.58267405672,
    -52.31405377304));
#3127 = CARTESIAN_POINT('',(3.931822287033,-37.54900857248,
    -52.59395305286));
#3128 = CARTESIAN_POINT('',(3.863884952894,-37.5153440867,
    -52.86957256668));
#3129 = CARTESIAN_POINT('',(3.773946387999,-37.48167859851,
    -53.13882546507));
#3130 = CARTESIAN_POINT('',(3.662711338576,-37.44801113926,
    -53.39967831743));
#3131 = CARTESIAN_POINT('',(3.53112534241,-37.41434545671,
    -53.65016510918));
#3132 = CARTESIAN_POINT('',(3.223020122073,-37.34555025755,
    -54.13722050607));
#3133 = CARTESIAN_POINT('',(3.044624218322,-37.31039779727,
    -54.37287988671));
#3134 = CARTESIAN_POINT('',(2.846592513769,-37.27524049153,
    -54.5932379946));
#3135 = CARTESIAN_POINT('',(2.630478341917,-37.24008139904,
    -54.79637017346));
#3136 = CARTESIAN_POINT('',(2.398023416134,-37.20492296001,
    -54.98057615087));
#3137 = CARTESIAN_POINT('',(2.151157829653,-37.16976699615,
    -55.1443800383));
#3138 = CARTESIAN_POINT('',(1.89200005557,-37.13461471067,
    -55.28653033107));
#3139 = CARTESIAN_POINT('',(1.347051707755,-37.06344864291,
    -55.52842672989));
#3140 = CARTESIAN_POINT('',(1.060563010245,-37.0274223955,
    -55.62710010523));
#3141 = CARTESIAN_POINT('',(0.765938282864,-36.99139357875,
    -55.70092217554));
#3142 = CARTESIAN_POINT('',(0.465740009898,-36.95536596799,
    -55.74911368301));
#3143 = CARTESIAN_POINT('',(0.162545731366,-36.91934148122,
    -55.7712139708));
#3144 = CARTESIAN_POINT('',(-0.141051956977,-36.88332017907,
    -55.76708098311));
#3145 = CARTESIAN_POINT('',(-0.442445403644,-36.84730026484,
    -55.73689126514));
#3146 = CARTESIAN_POINT('',(-0.833708774028,-36.79977581485,
    -55.66333797271));
#3147 = CARTESIAN_POINT('',(-0.927865985991,-36.78827993634,
    -55.64293990337));
#3148 = CARTESIAN_POINT('',(-1.021422637374,-36.77678781632,
    -55.61995913097));
#3149 = CARTESIAN_POINT('',(-1.114312836323,-36.76529743925,
    -55.59441264195));
#3150 = CARTESIAN_POINT('',(-1.206465699044,-36.75380740669,
    -55.56632103331));
#3151 = CARTESIAN_POINT('',(-1.297805349812,-36.74231693732,
    -55.53570851265));
#3152 = CARTESIAN_POINT('',(-1.388250920966,-36.73082586693,
    -55.50260289813));
#3153 = CARTESIAN_POINT('',(-1.833628598572,-36.67362029979,
    -55.32554191889));
#3154 = CARTESIAN_POINT('',(-2.174206056418,-36.62788566841,
    -55.1450404462));
#3155 = CARTESIAN_POINT('',(-2.494206645913,-36.58215689056,
    -54.92755513516));
#3156 = CARTESIAN_POINT('',(-2.789015591582,-36.53643752101,
    -54.67589427309));
#3157 = CARTESIAN_POINT('',(-3.054524841637,-36.49071693438,
    -54.39346337372));
#3158 = CARTESIAN_POINT('',(-3.287114588868,-36.4449826724,
    -54.08419146337));
#3159 = CARTESIAN_POINT('',(-3.483737093811,-36.39923673731,
    -53.75257077928));
#3160 = CARTESIAN_POINT('',(-3.847665847547,-36.29416884252,
    -52.95110868104));
#3161 = CARTESIAN_POINT('',(-3.989213887956,-36.23473640046,
    -52.46854623651));
#3162 = CARTESIAN_POINT('',(-4.061144441176,-36.17535456127,
    -51.96768917717));
#3163 = CARTESIAN_POINT('',(-4.061150416048,-36.11600154292,
    -51.46031021446));
#3164 = CARTESIAN_POINT('',(-3.989126105381,-36.05664777289,
    -50.95807010083));
#3165 = CARTESIAN_POINT('',(-3.84682863711,-35.99726526511,
    -50.4725036064));
#3166 = CARTESIAN_POINT('',(-3.638233502865,-35.93783526818,
    -50.01494549048));
#3167 = CARTESIAN_POINT('',(-3.072929005222,-35.81252695793,
    -49.13035849617));
#3168 = CARTESIAN_POINT('',(-2.701061611098,-35.7463971209,
    -48.71051105861));
#3169 = CARTESIAN_POINT('',(-2.264125444509,-35.68036078948,
    -48.35228907974));
#3170 = CARTESIAN_POINT('',(-1.774616853981,-35.61437422149,
    -48.06657936493));
#3171 = CARTESIAN_POINT('',(-1.246149464304,-35.54839245367,
    -47.86188031208));
#3172 = CARTESIAN_POINT('',(-0.693869418035,-35.48237019102,
    -47.74345754076));
#3173 = CARTESIAN_POINT('',(-0.133928353316,-35.41625591601,
    -47.71420537327));
#3174 = CARTESIAN_POINT('',(0.780389819134,-35.30652013334,
    -47.80978142111));
#3175 = CARTESIAN_POINT('',(1.14110161847,-35.26276346472,-47.8861177046
    ));
#3176 = CARTESIAN_POINT('',(1.4930678346,-35.21900346956,-48.00011534279
    ));
#3177 = CARTESIAN_POINT('',(1.831674202429,-35.17524278937,
    -48.15059032963));
#3178 = CARTESIAN_POINT('',(2.152624205062,-35.13148342703,
    -48.3357448003));
#3179 = CARTESIAN_POINT('',(2.451939073812,-35.08772674679,
    -48.55316703128));
#3180 = CARTESIAN_POINT('',(2.725957788188,-35.0439734743,
    -48.79983144029));
#3181 = CARTESIAN_POINT('',(3.216825428351,-34.9564544732,
    -49.34448674804));
#3182 = CARTESIAN_POINT('',(3.433873709233,-34.91267760126,
    -49.64276042727));
#3183 = CARTESIAN_POINT('',(3.61918861936,-34.86889593895,
    -49.96319238214));
#3184 = CARTESIAN_POINT('',(3.770126900439,-34.82511215737,
    -50.30180861612));
#3185 = CARTESIAN_POINT('',(3.884695335082,-34.78132874059,
    -50.65438837803));
#3186 = CARTESIAN_POINT('',(3.961550746798,-34.73754798562,
    -51.01646416206));
#3187 = CARTESIAN_POINT('',(4.,-34.69377200239,-51.38332170775));
#3188 = CARTESIAN_POINT('',(4.,-34.65000271379,-51.75));
#3189 = ORIENTED_EDGE('',*,*,#3190,.T.);
#3190 = EDGE_CURVE('',#3121,#3191,#3193,.T.);
#3191 = VERTEX_POINT('',#3192);
#3192 = CARTESIAN_POINT('',(4.,-31.65000373932,-51.75));
#3193 = B_SPLINE_CURVE_WITH_KNOTS('',8,(#3194,#3195,#3196,#3197,#3198,
    #3199,#3200,#3201,#3202,#3203,#3204,#3205,#3206,#3207,#3208,#3209,
    #3210,#3211,#3212,#3213,#3214,#3215,#3216,#3217,#3218,#3219,#3220,
    #3221,#3222,#3223,#3224,#3225,#3226,#3227,#3228,#3229,#3230,#3231,
    #3232,#3233,#3234,#3235,#3236,#3237,#3238,#3239,#3240,#3241,#3242,
    #3243,#3244),.UNSPECIFIED.,.F.,.F.,(9,7,7,7,7,7,7,9),(0.,
    0.172983853993,0.251635649623,0.344051173781,0.484629263097,
    0.644855759632,0.826768814517,1.),.UNSPECIFIED.);
#3194 = CARTESIAN_POINT('',(4.,-34.65000271379,-51.75));
#3195 = CARTESIAN_POINT('',(4.,-34.58517935431,-52.29305928911));
#3196 = CARTESIAN_POINT('',(3.915738037433,-34.52022269884,
    -52.83724200473));
#3197 = CARTESIAN_POINT('',(3.74661364042,-34.45534848723,
    -53.36545893159));
#3198 = CARTESIAN_POINT('',(3.496874450059,-34.3905176875,
    -53.86264415479));
#3199 = CARTESIAN_POINT('',(3.172943032592,-34.3256867806,
    -54.31499520915));
#3200 = CARTESIAN_POINT('',(2.784060177082,-34.26081305463,
    -54.71041607101));
#3201 = CARTESIAN_POINT('',(2.341567611137,-34.19585664159,
    -55.03815864543));
#3202 = CARTESIAN_POINT('',(1.642265635889,-34.10155661126,
    -55.40567148908));
#3203 = CARTESIAN_POINT('',(1.41556787674,-34.07208213228,
    -55.50511876217));
#3204 = CARTESIAN_POINT('',(1.182072427283,-34.0426105013,
    -55.58847149243));
#3205 = CARTESIAN_POINT('',(0.943123142549,-34.0131427103,
    -55.65519389062));
#3206 = CARTESIAN_POINT('',(0.700083037022,-33.98367804253,
    -55.70488556625));
#3207 = CARTESIAN_POINT('',(0.454334284634,-33.95421407244,
    -55.73728152759));
#3208 = CARTESIAN_POINT('',(0.207278218765,-33.92474666575,
    -55.75225218172));
#3209 = CARTESIAN_POINT('',(-0.329821505392,-33.86063499871,
    -55.74692594932));
#3210 = CARTESIAN_POINT('',(-0.619775767749,-33.82600021301,
    -55.7199886484));
#3211 = CARTESIAN_POINT('',(-0.907132001416,-33.79136333764,
    -55.66902273385));
#3212 = CARTESIAN_POINT('',(-1.189568919018,-33.75672364234,
    -55.59432142647));
#3213 = CARTESIAN_POINT('',(-1.464839399208,-33.72208195119,
    -55.49643986576));
#3214 = CARTESIAN_POINT('',(-1.730770486672,-33.68744064265,
    -55.37619510984));
#3215 = CARTESIAN_POINT('',(-1.985263392127,-33.65280364952,
    -55.23466613549));
#3216 = CARTESIAN_POINT('',(-2.592936989304,-33.56550322756,
    -54.82756987788));
#3217 = CARTESIAN_POINT('',(-2.928975535375,-33.5127771796,
    -54.53547061649));
#3218 = CARTESIAN_POINT('',(-3.226950013188,-33.46006881915,
    -54.20166143448));
#3219 = CARTESIAN_POINT('',(-3.481041000564,-33.40737576326,
    -53.83209896657));
#3220 = CARTESIAN_POINT('',(-3.686468472234,-33.35468333779,
    -53.43341076344));
#3221 = CARTESIAN_POINT('',(-3.839630091266,-33.30197364598,
    -53.01294427633));
#3222 = CARTESIAN_POINT('',(-3.938026935734,-33.24924024514,
    -52.57868092247));
#3223 = CARTESIAN_POINT('',(-4.029970216027,-33.13651981279,
    -51.63883300724));
#3224 = CARTESIAN_POINT('',(-4.007084703056,-33.07637123965,
    -51.1302775169));
#3225 = CARTESIAN_POINT('',(-3.910579326883,-33.01627514825,
    -50.62715863655));
#3226 = CARTESIAN_POINT('',(-3.742318743276,-32.95621151001,
    -50.14179587879));
#3227 = CARTESIAN_POINT('',(-3.50599234873,-32.89615177542,
    -49.68572413406));
#3228 = CARTESIAN_POINT('',(-3.207466770115,-32.83606480638,
    -49.26952166612));
#3229 = CARTESIAN_POINT('',(-2.854345567366,-32.7759234708,
    -48.90291870973));
#3230 = CARTESIAN_POINT('',(-2.006592802894,-32.64767807663,
    -48.24287670406));
#3231 = CARTESIAN_POINT('',(-1.497443225777,-32.57932176647,
    -47.96462990041));
#3232 = CARTESIAN_POINT('',(-0.945289570093,-32.51107503189,
    -47.77207930771));
#3233 = CARTESIAN_POINT('',(-0.367176887858,-32.4428782461,
    -47.67173239066));
#3234 = CARTESIAN_POINT('',(0.219548709876,-32.37468109397,
    -47.66721329261));
#3235 = CARTESIAN_POINT('',(0.797173359712,-32.30643458606,
    -47.75803803621));
#3236 = CARTESIAN_POINT('',(1.347801199128,-32.23808052629,
    -47.94082647061));
#3237 = CARTESIAN_POINT('',(2.336073997696,-32.10494799909,
    -48.45777881331));
#3238 = CARTESIAN_POINT('',(2.779942435407,-32.03987474102,
    -48.78539287457));
#3239 = CARTESIAN_POINT('',(3.170076246808,-31.97488986957,
    -49.18101301885));
#3240 = CARTESIAN_POINT('',(3.495121347386,-31.90994405058,
    -49.63384903799));
#3241 = CARTESIAN_POINT('',(3.745743155955,-31.84499697023,
    -50.13177459328));
#3242 = CARTESIAN_POINT('',(3.915463462462,-31.78000452286,
    -50.66090807292));
#3243 = CARTESIAN_POINT('',(4.,-31.71493275596,-51.20605556346));
#3244 = CARTESIAN_POINT('',(4.,-31.65000373932,-51.75));
#3245 = ORIENTED_EDGE('',*,*,#3246,.T.);
#3246 = EDGE_CURVE('',#3191,#3247,#3249,.T.);
#3247 = VERTEX_POINT('',#3248);
#3248 = CARTESIAN_POINT('',(4.,-28.65000369092,-51.75));
#3249 = B_SPLINE_CURVE_WITH_KNOTS('',8,(#3250,#3251,#3252,#3253,#3254,
    #3255,#3256,#3257,#3258,#3259,#3260,#3261,#3262,#3263,#3264,#3265,
    #3266,#3267,#3268,#3269,#3270,#3271,#3272,#3273,#3274,#3275,#3276,
    #3277,#3278,#3279,#3280,#3281,#3282,#3283,#3284,#3285,#3286,#3287,
    #3288,#3289,#3290,#3291,#3292,#3293,#3294,#3295,#3296,#3297,#3298,
    #3299,#3300,#3301,#3302,#3303,#3304,#3305,#3306,#3307),
  .UNSPECIFIED.,.F.,.F.,(9,7,7,7,7,7,7,7,9),(0.,0.161574195854,
    0.333176853721,0.354173575847,0.482275803444,0.619556437282,
    0.792371484804,0.897119231871,1.),.UNSPECIFIED.);
#3250 = CARTESIAN_POINT('',(4.,-31.65000373932,-51.75));
#3251 = CARTESIAN_POINT('',(4.,-31.58946715768,-52.25714670412));
#3252 = CARTESIAN_POINT('',(3.926514592669,-31.52882474318,
    -52.76517947877));
#3253 = CARTESIAN_POINT('',(3.779097942245,-31.46823459308,
    -53.26033740314));
#3254 = CARTESIAN_POINT('',(3.560885457653,-31.40767824647,-53.73024403)
  );
#3255 = CARTESIAN_POINT('',(3.276821631708,-31.34712395635,
    -54.16351181873));
#3256 = CARTESIAN_POINT('',(2.933995663029,-31.2865396954,
    -54.54995861485));
#3257 = CARTESIAN_POINT('',(2.541190978273,-31.22589645866,
    -54.88044075617));
#3258 = CARTESIAN_POINT('',(1.652599495496,-31.10103755843,
    -55.43227622835));
#3259 = CARTESIAN_POINT('',(1.150254285032,-31.03659846993,
    -55.64662619829));
#3260 = CARTESIAN_POINT('',(0.617084741151,-30.97223727097,
    -55.78182028367));
#3261 = CARTESIAN_POINT('',(6.775954364346E-02,-30.90791828448,
    -55.83357623751));
#3262 = CARTESIAN_POINT('',(-0.482965355906,-30.84360435253,
    -55.80006651883));
#3263 = CARTESIAN_POINT('',(-1.02029178388,-30.77925723381,
    -55.68264711556));
#3264 = CARTESIAN_POINT('',(-1.529455076072,-30.71482562328,
    -55.48511096957));
#3265 = CARTESIAN_POINT('',(-2.053465265481,-30.64264254821,
    -55.18331127756));
#3266 = CARTESIAN_POINT('',(-2.109972102111,-30.63477323935,
    -55.14933367707));
#3267 = CARTESIAN_POINT('',(-2.165835886325,-30.62690383161,
    -55.11429351697));
#3268 = CARTESIAN_POINT('',(-2.221033471546,-30.61903431004,
    -55.0782049236));
#3269 = CARTESIAN_POINT('',(-2.275542120548,-30.61116466035,
    -55.04108258686));
#3270 = CARTESIAN_POINT('',(-2.32933950546,-30.60329486892,
    -55.00294176014));
#3271 = CARTESIAN_POINT('',(-2.382403707764,-30.59542492279,
    -54.96379826037));
#3272 = CARTESIAN_POINT('',(-2.753856596156,-30.53953878998,
    -54.67883426162));
#3273 = CARTESIAN_POINT('',(-3.045114587914,-30.49148928639,
    -54.39712566314));
#3274 = CARTESIAN_POINT('',(-3.303137051341,-30.44345698336,
    -54.08250257371));
#3275 = CARTESIAN_POINT('',(-3.52367310095,-30.39544077051,
    -53.73964705681));
#3276 = CARTESIAN_POINT('',(-3.70332045126,-30.3474217742,
    -53.37374699635));
#3277 = CARTESIAN_POINT('',(-3.839443254282,-30.29938691215,
    -52.99038708974));
#3278 = CARTESIAN_POINT('',(-3.930258431211,-30.25134197099,
    -52.59554717581));
#3279 = CARTESIAN_POINT('',(-4.023134741656,-30.15184529754,
    -51.76722050459));
#3280 = CARTESIAN_POINT('',(-4.018424272572,-30.10034098253,
    -51.33249507639));
#3281 = CARTESIAN_POINT('',(-3.959935546849,-30.0488568158,
    -50.8996324628));
#3282 = CARTESIAN_POINT('',(-3.848297937695,-29.99739405727,
    -50.47633612321));
#3283 = CARTESIAN_POINT('',(-3.68535963096,-29.9459285729,
    -50.06999805281));
#3284 = CARTESIAN_POINT('',(-3.474035837036,-29.89443871714,
    -49.68767822404));
#3285 = CARTESIAN_POINT('',(-3.218439319489,-29.84293219791,
    -49.33597754329));
#3286 = CARTESIAN_POINT('',(-2.554008902315,-29.72669141203,
    -48.62405007178));
#3287 = CARTESIAN_POINT('',(-2.121401826959,-29.66177107051,
    -48.28385191761));
#3288 = CARTESIAN_POINT('',(-1.637667287596,-29.5969298287,
    -48.01312864687));
#3289 = CARTESIAN_POINT('',(-1.116174698169,-29.53213057774,
    -47.81999897963));
#3290 = CARTESIAN_POINT('',(-0.571013014793,-29.46733023271,
    -47.71018456861));
#3291 = CARTESIAN_POINT('',(-1.717979995305E-02,-29.40248817746,
    -47.68621631201));
#3292 = CARTESIAN_POINT('',(0.529719557699,-29.33756102437,
    -47.74825319977));
#3293 = CARTESIAN_POINT('',(1.37068186962,-29.23350421995,
    -47.97780477824));
#3294 = CARTESIAN_POINT('',(1.680002070506,-29.1942306046,
    -48.09431031336));
#3295 = CARTESIAN_POINT('',(1.977860115799,-29.15495426338,
    -48.23973440027));
#3296 = CARTESIAN_POINT('',(2.261091446618,-29.11567667316,
    -48.41274717372));
#3297 = CARTESIAN_POINT('',(2.526783612689,-29.07639926732,
    -48.61164680245));
#3298 = CARTESIAN_POINT('',(2.772276272345,-29.0371234357,
    -48.83435948916));
#3299 = CARTESIAN_POINT('',(2.99516119253,-28.99785052467,
    -49.07843947055));
#3300 = CARTESIAN_POINT('',(3.38787208028,-28.92001305776,
    -49.59901756753));
#3301 = CARTESIAN_POINT('',(3.558690988699,-28.88144210003,
    -49.8750094136));
#3302 = CARTESIAN_POINT('',(3.703736951566,-28.84286892899,
    -50.16636080007));
#3303 = CARTESIAN_POINT('',(3.821403635032,-28.80429401027,
    -50.47025112298));
#3304 = CARTESIAN_POINT('',(3.910480393878,-28.76571831007,
    -50.78372292981));
#3305 = CARTESIAN_POINT('',(3.970152271519,-28.72714329515,
    -51.10368191946));
#3306 = CARTESIAN_POINT('',(4.,-28.68857093281,-51.42689694227));
#3307 = CARTESIAN_POINT('',(4.,-28.65000369092,-51.75));
#3308 = ORIENTED_EDGE('',*,*,#3309,.T.);
#3309 = EDGE_CURVE('',#3247,#3310,#3312,.T.);
#3310 = VERTEX_POINT('',#3311);
#3311 = CARTESIAN_POINT('',(4.,-25.65000163146,-51.75));
#3312 = B_SPLINE_CURVE_WITH_KNOTS('',8,(#3313,#3314,#3315,#3316,#3317,
    #3318,#3319,#3320,#3321,#3322,#3323,#3324,#3325,#3326,#3327,#3328,
    #3329,#3330,#3331,#3332,#3333,#3334,#3335,#3336,#3337,#3338,#3339,
    #3340,#3341,#3342,#3343,#3344,#3345,#3346,#3347,#3348,#3349,#3350,
    #3351,#3352,#3353,#3354,#3355,#3356,#3357,#3358,#3359,#3360,#3361,
    #3362,#3363),.UNSPECIFIED.,.F.,.F.,(9,7,7,7,7,7,7,9),(0.,
    0.142408893607,0.296201937759,0.388738034883,0.541546697753,
    0.702442133588,0.844766532839,1.),.UNSPECIFIED.);
#3313 = CARTESIAN_POINT('',(4.,-28.65000369092,-51.75));
#3314 = CARTESIAN_POINT('',(4.,-28.59661712614,-52.19725423641));
#3315 = CARTESIAN_POINT('',(3.942846501593,-28.54319482235,
    -52.64480456564));
#3316 = CARTESIAN_POINT('',(3.828409355429,-28.48980183789,
    -53.08357964906));
#3317 = CARTESIAN_POINT('',(3.658463706601,-28.43642231332,
    -53.50516735938));
#3318 = CARTESIAN_POINT('',(3.435980360905,-28.38303674895,
    -53.90161942305));
#3319 = CARTESIAN_POINT('',(3.165251296012,-28.3296270347,
    -54.26558054687));
#3320 = CARTESIAN_POINT('',(2.851803227008,-28.2761901889,
    -54.59027513374));
#3321 = CARTESIAN_POINT('',(2.126346510024,-28.16517452421,
    -55.17225653626));
#3322 = CARTESIAN_POINT('',(1.707510221582,-28.10746071895,
    -55.42284315438));
#3323 = CARTESIAN_POINT('',(1.255440679756,-28.04978750467,
    -55.61430101972));
#3324 = CARTESIAN_POINT('',(0.780012532026,-27.99213713892,
    -55.74192076246));
#3325 = CARTESIAN_POINT('',(0.29148885691,-27.93448218863,
    -55.80266679944));
#3326 = CARTESIAN_POINT('',(-0.199479126873,-27.87679853573,
    -55.79546447035));
#3327 = CARTESIAN_POINT('',(-0.681940985902,-27.81907101755,
    -55.72091651088));
#3328 = CARTESIAN_POINT('',(-1.4230978071,-27.72674307233,
    -55.49956352771));
#3329 = CARTESIAN_POINT('',(-1.694705858715,-27.69205367354,
    -55.39325978781));
#3330 = CARTESIAN_POINT('',(-1.957165888791,-27.65735996693,
    -55.26450231499));
#3331 = CARTESIAN_POINT('',(-2.20829693578,-27.62266335475,
    -55.11422153546));
#3332 = CARTESIAN_POINT('',(-2.446069901741,-27.5879655009,
    -54.94358183895));
#3333 = CARTESIAN_POINT('',(-2.668607552342,-27.5532683309,
    -54.75398157869));
#3334 = CARTESIAN_POINT('',(-2.874184516856,-27.51857403191,
    -54.54705307141));
#3335 = CARTESIAN_POINT('',(-3.370098708853,-27.42660171475,
    -53.95742006137));
#3336 = CARTESIAN_POINT('',(-3.628975761148,-27.36924198807,
    -53.54740020017));
#3337 = CARTESIAN_POINT('',(-3.830337632662,-27.31196896797,
    -53.10316937768));
#3338 = CARTESIAN_POINT('',(-3.969217798054,-27.25468103533,
    -52.63428701989));
#3339 = CARTESIAN_POINT('',(-4.042526662363,-27.19737386061,
    -52.15077394452));
#3340 = CARTESIAN_POINT('',(-4.048788235438,-27.14006853719,
    -51.66302001093));
#3341 = CARTESIAN_POINT('',(-3.988413072859,-27.08270851966,
    -51.18181510211));
#3342 = CARTESIAN_POINT('',(-3.734295637323,-26.9651162317,
    -50.2300242036));
#3343 = CARTESIAN_POINT('',(-3.533283544493,-26.90471326521,
    -49.75992984966));
#3344 = CARTESIAN_POINT('',(-3.264740421085,-26.84436490201,
    -49.32104179784));
#3345 = CARTESIAN_POINT('',(-2.934688233083,-26.7840477231,
    -48.92444457578));
#3346 = CARTESIAN_POINT('',(-2.550881249973,-26.72373019191,
    -48.57961655208));
#3347 = CARTESIAN_POINT('',(-2.122499903421,-26.66338183552,
    -48.29465424766));
#3348 = CARTESIAN_POINT('',(-1.660383716105,-26.60298071249,
    -48.07598038582));
#3349 = CARTESIAN_POINT('',(-0.750363167342,-26.48931927424,
    -47.79567112881));
#3350 = CARTESIAN_POINT('',(-0.30600727062,-26.43592058968,
    -47.71852456741));
#3351 = CARTESIAN_POINT('',(0.146842355384,-26.38254318828,
    -47.69865823741));
#3352 = CARTESIAN_POINT('',(0.59958427678,-26.32919207788,
    -47.73690996267));
#3353 = CARTESIAN_POINT('',(1.043738639162,-26.27584018905,
    -47.83266010708));
#3354 = CARTESIAN_POINT('',(1.471009120182,-26.2224610694,
    -47.98402518149));
#3355 = CARTESIAN_POINT('',(1.873403325506,-26.16906144797,
    -48.18768425082));
#3356 = CARTESIAN_POINT('',(2.646980320518,-26.05752715617,
    -48.71172677083));
#3357 = CARTESIAN_POINT('',(3.013027476844,-25.99925978213,
    -49.04170301484));
#3358 = CARTESIAN_POINT('',(3.331387826827,-25.94103752323,
    -49.42173541645));
#3359 = CARTESIAN_POINT('',(3.594366236722,-25.88284493829,
    -49.84353606713));
#3360 = CARTESIAN_POINT('',(3.796060911108,-25.82465497055,
    -50.29782414803));
#3361 = CARTESIAN_POINT('',(3.932112654934,-25.76644018527,
    -50.77450617034));
#3362 = CARTESIAN_POINT('',(4.,-25.70818289591,-51.26257128098));
#3363 = CARTESIAN_POINT('',(4.,-25.65000163146,-51.75));
#3364 = ORIENTED_EDGE('',*,*,#3365,.T.);
#3365 = EDGE_CURVE('',#3310,#3366,#3368,.T.);
#3366 = VERTEX_POINT('',#3367);
#3367 = CARTESIAN_POINT('',(4.,-22.64999920926,-51.75));
#3368 = B_SPLINE_CURVE_WITH_KNOTS('',7,(#3369,#3370,#3371,#3372,#3373,
    #3374,#3375,#3376,#3377,#3378,#3379,#3380,#3381,#3382,#3383,#3384,
    #3385,#3386,#3387,#3388,#3389,#3390,#3391,#3392,#3393,#3394,#3395,
    #3396,#3397,#3398,#3399,#3400,#3401,#3402,#3403,#3404,#3405,#3406,
    #3407,#3408,#3409,#3410,#3411,#3412,#3413,#3414,#3415,#3416,#3417,
    #3418),.UNSPECIFIED.,.F.,.F.,(8,6,6,6,6,6,6,6,8),(0.,
    8.623504945012E-02,0.224179699334,0.368776821596,0.460793986068,
    0.609817058088,0.756404159516,0.866955308707,1.),.UNSPECIFIED.);
#3369 = CARTESIAN_POINT('',(4.,-25.65000163146,-51.75));
#3370 = CARTESIAN_POINT('',(4.,-25.61306300349,-52.05946299099));
#3371 = CARTESIAN_POINT('',(3.972064194235,-25.5761207284,
    -52.36899540457));
#3372 = CARTESIAN_POINT('',(3.91619023466,-25.53917486604,
    -52.67547662744));
#3373 = CARTESIAN_POINT('',(3.832782440993,-25.50222669303,
    -52.97588949773));
#3374 = CARTESIAN_POINT('',(3.722651800712,-25.46527870275,
    -53.26732030494));
#3375 = CARTESIAN_POINT('',(3.587015969057,-25.42833460541,
    -53.54695879002));
#3376 = CARTESIAN_POINT('',(3.172330686456,-25.33231634545,-54.236224481
    ));
#3377 = CARTESIAN_POINT('',(2.855627457924,-25.27316581488,
    -54.62401079424));
#3378 = CARTESIAN_POINT('',(2.48405690388,-25.21405408966,
    -54.96385518163));
#3379 = CARTESIAN_POINT('',(2.066556159404,-25.15497190088,
    -55.24694913148));
#3380 = CARTESIAN_POINT('',(1.613402363363,-25.09586856823,
    -55.46636046954));
#3381 = CARTESIAN_POINT('',(1.136015414377,-25.03672615443,
    -55.61711062026));
#3382 = CARTESIAN_POINT('',(0.135411868983,-24.91569119245,
    -55.78124633792));
#3383 = CARTESIAN_POINT('',(-0.389966267949,-24.85367755606,
    -55.78783320708));
#3384 = CARTESIAN_POINT('',(-0.913542521385,-24.79172231939,
    -55.71423269556));
#3385 = CARTESIAN_POINT('',(-1.420902455837,-24.7297742719,
    -55.56192584038));
#3386 = CARTESIAN_POINT('',(-1.898469391503,-24.66781814372,
    -55.33497522012));
#3387 = CARTESIAN_POINT('',(-2.333369314713,-24.60580493658,
    -55.04008632244));
#3388 = CARTESIAN_POINT('',(-2.957054368711,-24.50445055335,
    -54.46383102116));
#3389 = CARTESIAN_POINT('',(-3.178076593533,-24.46502731272,
    -54.21626976574));
#3390 = CARTESIAN_POINT('',(-3.374768117667,-24.42560400747,
    -53.94791057508));
#3391 = CARTESIAN_POINT('',(-3.544794132507,-24.38618433291,
    -53.66164933908));
#3392 = CARTESIAN_POINT('',(-3.68629244758,-24.3467683103,
    -53.36061501268));
#3393 = CARTESIAN_POINT('',(-3.797873490539,-24.30735228674,
    -53.04816961578));
#3394 = CARTESIAN_POINT('',(-4.009390894801,-24.20408227167,
    -52.20924048978));
#3395 = CARTESIAN_POINT('',(-4.059415775187,-24.14015547708,
    -51.66946241395));
#3396 = CARTESIAN_POINT('',(-4.024191988598,-24.07628267513,
    -51.12493087447));
#3397 = CARTESIAN_POINT('',(-3.904199126351,-24.01242192483,
    -50.59150372648));
#3398 = CARTESIAN_POINT('',(-3.702825985847,-23.94855360758,
    -50.08431373919));
#3399 = CARTESIAN_POINT('',(-3.42642719445,-23.88461272207,
    -49.6179332106));
#3400 = CARTESIAN_POINT('',(-2.75140182952,-23.75796112543,-48.799301302
    ));
#3401 = CARTESIAN_POINT('',(-2.353910223009,-23.69507131054,
    -48.44417169448));
#3402 = CARTESIAN_POINT('',(-1.903658786082,-23.63224872511,
    -48.15255256972));
#3403 = CARTESIAN_POINT('',(-1.413051095479,-23.56943382619,
    -47.93308764882));
#3404 = CARTESIAN_POINT('',(-0.8955690662,-23.5066118618,-47.79180832884
    ));
#3405 = CARTESIAN_POINT('',(-0.365916224101,-23.4437241644,
    -47.73216778557));
#3406 = CARTESIAN_POINT('',(0.556362366375,-23.33354844319,
    -47.76905339393));
#3407 = CARTESIAN_POINT('',(0.951266720771,-23.28615460159,
    -47.83081494417));
#3408 = CARTESIAN_POINT('',(1.337869419207,-23.23876911143,
    -47.93830039043));
#3409 = CARTESIAN_POINT('',(1.709897903171,-23.19138866312,
    -48.09004830798));
#3410 = CARTESIAN_POINT('',(2.061416338877,-23.14399800512,
    -48.28365252501));
#3411 = CARTESIAN_POINT('',(2.3868843805,-23.09659681068,-48.51576739537
    ));
#3412 = CARTESIAN_POINT('',(3.035745739679,-22.9922202393,
    -49.10191996551));
#3413 = CARTESIAN_POINT('',(3.34589730713,-22.93515461377,
    -49.47174779993));
#3414 = CARTESIAN_POINT('',(3.602821514309,-22.8781258899,
    -49.88344501735));
#3415 = CARTESIAN_POINT('',(3.800183903875,-22.82110303208,
    -50.32768073887));
#3416 = CARTESIAN_POINT('',(3.933472730807,-22.76407288847,
    -50.79433118979));
#3417 = CARTESIAN_POINT('',(4.,-22.70700564763,-51.27241759622));
#3418 = CARTESIAN_POINT('',(4.,-22.64999920926,-51.75));
#3419 = ORIENTED_EDGE('',*,*,#3420,.T.);
#3420 = EDGE_CURVE('',#3366,#3421,#3423,.T.);
#3421 = VERTEX_POINT('',#3422);
#3422 = CARTESIAN_POINT('',(4.,-19.64999896453,-51.75));
#3423 = B_SPLINE_CURVE_WITH_KNOTS('',8,(#3424,#3425,#3426,#3427,#3428,
    #3429,#3430,#3431,#3432,#3433,#3434,#3435,#3436,#3437,#3438,#3439,
    #3440,#3441,#3442,#3443,#3444,#3445,#3446,#3447,#3448,#3449,#3450,
    #3451,#3452,#3453,#3454,#3455,#3456,#3457,#3458,#3459,#3460,#3461,
    #3462,#3463,#3464,#3465,#3466,#3467,#3468,#3469,#3470,#3471,#3472,
    #3473,#3474,#3475,#3476,#3477,#3478,#3479,#3480,#3481,#3482,#3483,
    #3484,#3485,#3486,#3487,#3488,#3489,#3490,#3491,#3492,#3493,#3494,
    #3495),.UNSPECIFIED.,.F.,.F.,(9,7,7,7,7,7,7,7,7,7,9),(0.,
    9.242824313463E-02,0.226642643606,0.351582197302,0.441356137513,
    0.504656548625,0.554183203113,0.648127008674,0.795056053291,
    0.893526266572,1.),.UNSPECIFIED.);
#3424 = CARTESIAN_POINT('',(4.,-22.64999920926,-51.75));
#3425 = CARTESIAN_POINT('',(4.,-22.61535945643,-52.04020119302));
#3426 = CARTESIAN_POINT('',(3.975920971139,-22.58071013518,
    -52.33052360305));
#3427 = CARTESIAN_POINT('',(3.927772089649,-22.54605619661,
    -52.61851739795));
#3428 = CARTESIAN_POINT('',(3.855823511465,-22.51140123271,
    -52.90182184044));
#3429 = CARTESIAN_POINT('',(3.760606372226,-22.47674747637,
    -53.17816528819));
#3430 = CARTESIAN_POINT('',(3.642912787275,-22.44209580135,
    -53.44536519371));
#3431 = CARTESIAN_POINT('',(3.503795851659,-22.40744572232,
    -53.70132810444));
#3432 = CARTESIAN_POINT('',(3.113358380501,-22.32247989849,
    -54.29650392685));
#3433 = CARTESIAN_POINT('',(2.839548865982,-22.27213337795,
    -54.62133506381));
#3434 = CARTESIAN_POINT('',(2.52722252107,-22.22180289518,
    -54.91214975859));
#3435 = CARTESIAN_POINT('',(2.181389312054,-22.17149016077,
    -55.16376272664));
#3436 = CARTESIAN_POINT('',(1.807745724399,-22.12117478034,
    -55.37190633451));
#3437 = CARTESIAN_POINT('',(1.412563421509,-22.0708379857,
    -55.53316743575));
#3438 = CARTESIAN_POINT('',(1.002708584846,-22.02048685078,
    -55.64515142196));
#3439 = CARTESIAN_POINT('',(0.19768618875,-21.92334764345,
    -55.76433027081));
#3440 = CARTESIAN_POINT('',(-0.19714294074,-21.87648218604,
    -55.77832301946));
#3441 = CARTESIAN_POINT('',(-0.592641119355,-21.82962835036,
    -55.74784730951));
#3442 = CARTESIAN_POINT('',(-0.982929066121,-21.78278665119,
    -55.67306117517));
#3443 = CARTESIAN_POINT('',(-1.362348054948,-21.73594655288,
    -55.55498808893));
#3444 = CARTESIAN_POINT('',(-1.725456226025,-21.6890959406,
    -55.3954101178));
#3445 = CARTESIAN_POINT('',(-2.067056074442,-21.6422295865,
    -55.19692913971));
#3446 = CARTESIAN_POINT('',(-2.608872594179,-21.56171726019,
    -54.7952118234));
#3447 = CARTESIAN_POINT('',(-2.821791265479,-21.52806763393,
    -54.60906074295));
#3448 = CARTESIAN_POINT('',(-3.019435593801,-21.4944246816,
    -54.40598462438));
#3449 = CARTESIAN_POINT('',(-3.200293390852,-21.46078151442,
    -54.18741182028));
#3450 = CARTESIAN_POINT('',(-3.362989316946,-21.4271321319,
    -53.95493050753));
#3451 = CARTESIAN_POINT('',(-3.506299874241,-21.39347370628,
    -53.71029270774));
#3452 = CARTESIAN_POINT('',(-3.62918826044,-21.35981011362,
    -53.45542699331));
#3453 = CARTESIAN_POINT('',(-3.802548092577,-21.3024273954,
    -53.00703940648));
#3454 = CARTESIAN_POINT('',(-3.863681379409,-21.27870858705,
    -52.81763005567));
#3455 = CARTESIAN_POINT('',(-3.914008634576,-21.2549929394,
    -52.62488598867));
#3456 = CARTESIAN_POINT('',(-3.953330684334,-21.23127564527,
    -52.42948831433));
#3457 = CARTESIAN_POINT('',(-3.981499490077,-21.20755443727,
    -52.23214508857));
#3458 = CARTESIAN_POINT('',(-3.998418148333,-21.18382958775,
    -52.03359131427));
#3459 = CARTESIAN_POINT('',(-4.004040890767,-21.16010390884,
    -51.83458894134));
#3460 = CARTESIAN_POINT('',(-3.993938555335,-21.11782316499,
    -51.48049236388));
#3461 = CARTESIAN_POINT('',(-3.982600830539,-21.09926439614,
    -51.32525797196));
#3462 = CARTESIAN_POINT('',(-3.964365699732,-21.0807043042,
    -51.17057059352));
#3463 = CARTESIAN_POINT('',(-3.939262700875,-21.06214169905,
    -51.01677996846));
#3464 = CARTESIAN_POINT('',(-3.907345119935,-21.04357634204,
    -50.86423867395));
#3465 = CARTESIAN_POINT('',(-3.868689990894,-21.02500894608,
    -50.71330212448));
#3466 = CARTESIAN_POINT('',(-3.823398095746,-21.00644117559,
    -50.56432857183));
#3467 = CARTESIAN_POINT('',(-3.673330165259,-20.9526599335,
    -50.13950951881));
#3468 = CARTESIAN_POINT('',(-3.551594340148,-20.9174343403,
    -49.86955175059));
#3469 = CARTESIAN_POINT('',(-3.407203018793,-20.88220709774,
    -49.61018243624));
#3470 = CARTESIAN_POINT('',(-3.241250554371,-20.84697944327,
    -49.36360967423));
#3471 = CARTESIAN_POINT('',(-3.055070075023,-20.81174910772,
    -49.1318920769));
#3472 = CARTESIAN_POINT('',(-2.85022167666,-20.77651448905,
    -48.91693687518));
#3473 = CARTESIAN_POINT('',(-2.628507857156,-20.74127951307,
    -48.72047707661));
#3474 = CARTESIAN_POINT('',(-2.02214087949,-20.65097423259,
    -48.26805906343));
#3475 = CARTESIAN_POINT('',(-1.615414728525,-20.59582087268,
    -48.04051357089));
#3476 = CARTESIAN_POINT('',(-1.179841898946,-20.54069587889,
    -47.86769380404));
#3477 = CARTESIAN_POINT('',(-0.724152175314,-20.48558956642,
    -47.75354474993));
#3478 = CARTESIAN_POINT('',(-0.257382065013,-20.43048269465,
    -47.70054475899));
#3479 = CARTESIAN_POINT('',(0.211150921574,-20.37535477986,
    -47.70953735878));
#3480 = CARTESIAN_POINT('',(0.671909210735,-20.32019468067,
    -47.77991336761));
#3481 = CARTESIAN_POINT('',(1.412257366434,-20.22817442508,
    -47.99484072981));
#3482 = CARTESIAN_POINT('',(1.701806418611,-20.1912377405,
    -48.10737693268));
#3483 = CARTESIAN_POINT('',(1.981026638067,-20.15430088248,
    -48.24539597219));
#3484 = CARTESIAN_POINT('',(2.247288881083,-20.11736537098,
    -48.40777813294));
#3485 = CARTESIAN_POINT('',(2.498148232853,-20.08042765927,
    -48.59310034584));
#3486 = CARTESIAN_POINT('',(2.731355539445,-20.04348452057,
    -48.79964208164));
#3487 = CARTESIAN_POINT('',(2.944868939761,-20.00653843465,
    -49.02539124445));
#3488 = CARTESIAN_POINT('',(3.344467056712,-19.92966545215,
    -49.53043185324));
#3489 = CARTESIAN_POINT('',(3.527050026101,-19.88971285123,
    -49.81276188406));
#3490 = CARTESIAN_POINT('',(3.682326995444,-19.84976120341,
    -50.11214001036));
#3491 = CARTESIAN_POINT('',(3.80844163463,-19.80981191078,
    -50.42546443249));
#3492 = CARTESIAN_POINT('',(3.903982261668,-19.76985968629,
    -50.74944721183));
#3493 = CARTESIAN_POINT('',(3.967995510698,-19.72990049425,
    -51.08062978402));
#3494 = CARTESIAN_POINT('',(4.,-19.68993949083,-51.41539847216));
#3495 = CARTESIAN_POINT('',(4.,-19.64999896453,-51.75));
#3496 = ORIENTED_EDGE('',*,*,#3497,.T.);
#3497 = EDGE_CURVE('',#3421,#3498,#3500,.T.);
#3498 = VERTEX_POINT('',#3499);
#3499 = CARTESIAN_POINT('',(4.,-16.65000142943,-51.75));
#3500 = B_SPLINE_CURVE_WITH_KNOTS('',8,(#3501,#3502,#3503,#3504,#3505,
    #3506,#3507,#3508,#3509,#3510,#3511,#3512,#3513,#3514,#3515,#3516,
    #3517,#3518,#3519,#3520,#3521,#3522,#3523,#3524,#3525,#3526,#3527,
    #3528,#3529,#3530,#3531,#3532,#3533,#3534,#3535,#3536,#3537,#3538,
    #3539,#3540,#3541,#3542,#3543,#3544,#3545,#3546,#3547,#3548,#3549,
    #3550,#3551,#3552,#3553,#3554,#3555,#3556,#3557,#3558),
  .UNSPECIFIED.,.F.,.F.,(9,7,7,7,7,7,7,7,9),(0.,9.217390487055E-02,
    0.240366557179,0.400192636732,0.497207696552,0.607450543079,
    0.764993790192,0.841714817927,1.),.UNSPECIFIED.);
#3501 = CARTESIAN_POINT('',(4.,-19.64999896453,-51.75));
#3502 = CARTESIAN_POINT('',(4.,-19.61545082593,-52.03942683107));
#3503 = CARTESIAN_POINT('',(3.976052704285,-19.58089739764,
    -52.32893803105));
#3504 = CARTESIAN_POINT('',(3.928170876324,-19.54634169186,
    -52.61612269338));
#3505 = CARTESIAN_POINT('',(3.856623693576,-19.51178582215,
    -52.89865322602));
#3506 = CARTESIAN_POINT('',(3.761936747492,-19.47723100346,
    -53.17428535147));
#3507 = CARTESIAN_POINT('',(3.644892043512,-19.4426775521,
    -53.44085810669));
#3508 = CARTESIAN_POINT('',(3.506528001068,-19.40812488576,
    -53.69629384321));
#3509 = CARTESIAN_POINT('',(3.093490168837,-19.31801833398,
    -54.32816324931));
#3510 = CARTESIAN_POINT('',(2.786751640546,-19.2624064893,
    -54.68429278012));
#3511 = CARTESIAN_POINT('',(2.43346302553,-19.20682083841,
    -54.99814946975));
#3512 = CARTESIAN_POINT('',(2.040570990546,-19.15126770303,
    -55.26286949621));
#3513 = CARTESIAN_POINT('',(1.615978562385,-19.09571443995,
    -55.47301161478));
#3514 = CARTESIAN_POINT('',(1.168328210768,-19.04012856891,
    -55.62441042789));
#3515 = CARTESIAN_POINT('',(0.707019164023,-18.98451646614,
    -55.71443387529));
#3516 = CARTESIAN_POINT('',(-0.258570178234,-18.86904561173,
    -55.77307064079));
#3517 = CARTESIAN_POINT('',(-0.764691103768,-18.80904273384,
    -55.73167883003));
#3518 = CARTESIAN_POINT('',(-1.262739186079,-18.74909245807,
    -55.61734462538));
#3519 = CARTESIAN_POINT('',(-1.740550783401,-18.68917282411,
    -55.43220782138));
#3520 = CARTESIAN_POINT('',(-2.186898933682,-18.62925144087,
    -55.18050285411));
#3521 = CARTESIAN_POINT('',(-2.591382220723,-18.56929741737,
    -54.86821533255));
#3522 = CARTESIAN_POINT('',(-2.944623721387,-18.50929191696,
    -54.50338951955));
#3523 = CARTESIAN_POINT('',(-3.417907619391,-18.41300523442,
    -53.85017716337));
#3524 = CARTESIAN_POINT('',(-3.575214799245,-18.37663882864,
    -53.58785785083));
#3525 = CARTESIAN_POINT('',(-3.709442605684,-18.34027199063,
    -53.31219315994));
#3526 = CARTESIAN_POINT('',(-3.819282942083,-18.30390257858,
    -53.0255423394));
#3527 = CARTESIAN_POINT('',(-3.903735486365,-18.26753012515,
    -52.73038392957));
#3528 = CARTESIAN_POINT('',(-3.962107690999,-18.23115583746,
    -52.42931576248));
#3529 = CARTESIAN_POINT('',(-3.994014783003,-18.19478259711,
    -52.12505496181));
#3530 = CARTESIAN_POINT('',(-4.005476248041,-18.1170886772,
    -51.4742870739));
#3531 = CARTESIAN_POINT('',(-3.977335537646,-18.07573812533,
    -51.12735889147));
#3532 = CARTESIAN_POINT('',(-3.914827764602,-18.03438954136,
    -50.78379936722));
#3533 = CARTESIAN_POINT('',(-3.818468329067,-17.9930520375,
    -50.44758609594));
#3534 = CARTESIAN_POINT('',(-3.689292352161,-17.95171830169,
    -50.12254877565));
#3535 = CARTESIAN_POINT('',(-3.528810597031,-17.91037422976,
    -49.81236097339));
#3536 = CARTESIAN_POINT('',(-3.339046858317,-17.86901748926,
    -49.52050317671));
#3537 = CARTESIAN_POINT('',(-2.813423247509,-17.76861857754,
    -48.86391454192));
#3538 = CARTESIAN_POINT('',(-2.449112194342,-17.70946226991,
    -48.52077671476));
#3539 = CARTESIAN_POINT('',(-2.037386149901,-17.65035550439,
    -48.23087940976));
#3540 = CARTESIAN_POINT('',(-1.58757078072,-17.59128208176,
    -48.0015382276));
#3541 = CARTESIAN_POINT('',(-1.109878121839,-17.5322110766,
    -47.83806361707));
#3542 = CARTESIAN_POINT('',(-0.61521860326,-17.47311051419,
    -47.74406730828));
#3543 = CARTESIAN_POINT('',(-0.115288599478,-17.41395998411,
    -47.72115270007));
#3544 = CARTESIAN_POINT('',(0.617301402276,-17.32612139275,
    -47.79057853827));
#3545 = CARTESIAN_POINT('',(0.855518051368,-17.29737111296,
    -47.82982205384));
#3546 = CARTESIAN_POINT('',(1.090803954461,-17.2686256714,
    -47.88542296694));
#3547 = CARTESIAN_POINT('',(1.321916963095,-17.23987730745,
    -47.95713758717));
#3548 = CARTESIAN_POINT('',(1.547603314324,-17.21112189735,
    -48.04461393988));
#3549 = CARTESIAN_POINT('',(1.766607810374,-17.18235957762,
    -48.14737236421));
#3550 = CARTESIAN_POINT('',(1.977689446759,-17.15359641911,
    -48.26478061402));
#3551 = CARTESIAN_POINT('',(2.596297152949,-17.06553377802,
    -48.66679405235));
#3552 = CARTESIAN_POINT('',(2.975183270444,-17.00612513855,
    -48.99715703856));
#3553 = CARTESIAN_POINT('',(3.305271121303,-16.94676399386,
    -49.38041610281));
#3554 = CARTESIAN_POINT('',(3.57836829393,-16.88743128379,
    -49.80783076396));
#3555 = CARTESIAN_POINT('',(3.787938052565,-16.82809799756,
    -50.2697175627));
#3556 = CARTESIAN_POINT('',(3.929435755201,-16.76873560103,
    -50.7553197929));
#3557 = CARTESIAN_POINT('',(4.,-16.70932365653,-51.25303608939));
#3558 = CARTESIAN_POINT('',(4.,-16.65000142943,-51.75));
#3559 = ORIENTED_EDGE('',*,*,#3560,.T.);
#3560 = EDGE_CURVE('',#3498,#3561,#3563,.T.);
#3561 = VERTEX_POINT('',#3562);
#3562 = CARTESIAN_POINT('',(4.,-13.65000436165,-51.75));
#3563 = B_SPLINE_CURVE_WITH_KNOTS('',8,(#3564,#3565,#3566,#3567,#3568,
    #3569,#3570,#3571,#3572,#3573,#3574,#3575,#3576,#3577,#3578,#3579,
    #3580,#3581,#3582,#3583,#3584,#3585,#3586,#3587,#3588,#3589,#3590,
    #3591,#3592,#3593,#3594,#3595,#3596,#3597,#3598,#3599,#3600,#3601,
    #3602,#3603,#3604,#3605,#3606,#3607,#3608,#3609,#3610,#3611,#3612,
    #3613,#3614,#3615,#3616,#3617,#3618,#3619,#3620,#3621),
  .UNSPECIFIED.,.F.,.F.,(9,7,7,7,7,7,7,7,9),(0.,9.345391367814E-02,
    0.207284174896,0.343298252914,0.382672565845,0.546976569635,
    0.660175754535,0.830239762973,1.),.UNSPECIFIED.);
#3564 = CARTESIAN_POINT('',(4.,-16.65000142943,-51.75));
#3565 = CARTESIAN_POINT('',(4.,-16.61495943852,-52.04355952543));
#3566 = CARTESIAN_POINT('',(3.97536322065,-16.57991021941,
    -52.33722153314));
#3567 = CARTESIAN_POINT('',(3.926099967969,-16.54485754451,
    -52.62846193833));
#3568 = CARTESIAN_POINT('',(3.852493880624,-16.50980427697,
    -52.91484640796));
#3569 = CARTESIAN_POINT('',(3.755101929931,-16.47475237066,
    -53.19403036077));
#3570 = CARTESIAN_POINT('',(3.634754419854,-16.43970287014,
    -53.46375896724));
#3571 = CARTESIAN_POINT('',(3.492554987004,-16.40465591074,
    -53.72186714963));
#3572 = CARTESIAN_POINT('',(3.131737289524,-16.32692440137,
    -54.26398280191));
#3573 = CARTESIAN_POINT('',(2.903113042921,-16.28422483144,
    -54.54153438811));
#3574 = CARTESIAN_POINT('',(2.646491191608,-16.24153370314,
    -54.7951354238));
#3575 = CARTESIAN_POINT('',(2.364844330784,-16.19884801607,
    -55.02154619583));
#3576 = CARTESIAN_POINT('',(2.061514974616,-16.15615994178,
    -55.21799440074));
#3577 = CARTESIAN_POINT('',(1.740190008082,-16.11346361758,
    -55.38214811511));
#3578 = CARTESIAN_POINT('',(1.404929089223,-16.07076205412,
    -55.51217843762));
#3579 = CARTESIAN_POINT('',(0.648304067235,-15.97709597001,
    -55.72016195462));
#3580 = CARTESIAN_POINT('',(0.222174677401,-15.92605399473,-55.783223613
    ));
#3581 = CARTESIAN_POINT('',(-0.210524633953,-15.87502900962,
    -55.79384253634));
#3582 = CARTESIAN_POINT('',(-0.64221362451,-15.82401882478,
    -55.75142777086));
#3583 = CARTESIAN_POINT('',(-1.065488928703,-15.77300966917,
    -55.65662255841));
#3584 = CARTESIAN_POINT('',(-1.473135571949,-15.72198576418,
    -55.51113895429));
#3585 = CARTESIAN_POINT('',(-1.85817103396,-15.67093991739,
    -55.31788241456));
#3586 = CARTESIAN_POINT('',(-2.317064140317,-15.60516945909,
    -55.01289976149));
#3587 = CARTESIAN_POINT('',(-2.417611184607,-15.59041176915,
    -54.94082652954));
#3588 = CARTESIAN_POINT('',(-2.515565897247,-15.57565792069,
    -54.86523650906));
#3589 = CARTESIAN_POINT('',(-2.610803499187,-15.56090516669,
    -54.78622534004));
#3590 = CARTESIAN_POINT('',(-2.703195260532,-15.54615180765,
    -54.70389766866));
#3591 = CARTESIAN_POINT('',(-2.792610458741,-15.53139719231,
    -54.61836901362));
#3592 = CARTESIAN_POINT('',(-2.878918336829,-15.51664171859,
    -54.52976763239));
#3593 = CARTESIAN_POINT('',(-3.308637811361,-15.44031657735,
    -54.0562881353));
#3594 = CARTESIAN_POINT('',(-3.599560365693,-15.37864597835,
    -53.62263264193));
#3595 = CARTESIAN_POINT('',(-3.824733947081,-15.3170376279,
    -53.14768026194));
#3596 = CARTESIAN_POINT('',(-3.977956599777,-15.25546508127,
    -52.64327435654));
#3597 = CARTESIAN_POINT('',(-4.055101013319,-15.19389731739,
    -52.12179168895));
#3598 = CARTESIAN_POINT('',(-4.054618439265,-15.13229892566,
    -51.59617344282));
#3599 = CARTESIAN_POINT('',(-3.977041774773,-15.07062988847,
    -51.07975959104));
#3600 = CARTESIAN_POINT('',(-3.72356868942,-14.96663017686,
    -50.24622553795));
#3601 = CARTESIAN_POINT('',(-3.585569905205,-14.92417930416,
    -49.91653077557));
#3602 = CARTESIAN_POINT('',(-3.414275480306,-14.88173741607,
    -49.60145133026));
#3603 = CARTESIAN_POINT('',(-3.211523399716,-14.83930874251,
    -49.30494285384));
#3604 = CARTESIAN_POINT('',(-2.9796637643,-14.7968811549,-49.03060164141
    ));
#3605 = CARTESIAN_POINT('',(-2.721539247358,-14.75444184109,
    -48.78164423853));
#3606 = CARTESIAN_POINT('',(-2.440465551172,-14.71199298026,
    -48.56088704841));
#3607 = CARTESIAN_POINT('',(-1.689127823463,-14.60582966921,
    -48.08503871845));
#3608 = CARTESIAN_POINT('',(-1.193580579646,-14.54196783077,
    -47.86761076412));
#3609 = CARTESIAN_POINT('',(-0.666997229139,-14.47818975365,
    -47.72758853789));
#3610 = CARTESIAN_POINT('',(-0.123538607217,-14.41445077703,
    -47.66924832167));
#3611 = CARTESIAN_POINT('',(0.422469039786,-14.35071005093,
    -47.69459274536));
#3612 = CARTESIAN_POINT('',(0.956592107667,-14.28692693232,
    -47.80253841828));
#3613 = CARTESIAN_POINT('',(1.46434449166,-14.2230725226,-47.98958375653
    ));
#3614 = CARTESIAN_POINT('',(2.398497514454,-14.09572961236,
    -48.50481473144));
#3615 = CARTESIAN_POINT('',(2.826916758771,-14.03198584425,
    -48.83378224293));
#3616 = CARTESIAN_POINT('',(3.202700320885,-13.96831438057,
    -49.22704406884));
#3617 = CARTESIAN_POINT('',(3.515246688903,-13.90468075708,
    -49.67429121893));
#3618 = CARTESIAN_POINT('',(3.755951062891,-13.84104603206,
    -50.16397293427));
#3619 = CARTESIAN_POINT('',(3.918847224376,-13.77737117367,
    -50.68298289337));
#3620 = CARTESIAN_POINT('',(4.,-13.71362119063,-51.21705400362));
#3621 = CARTESIAN_POINT('',(4.,-13.65000436165,-51.75));
#3622 = ORIENTED_EDGE('',*,*,#3623,.T.);
#3623 = EDGE_CURVE('',#3561,#3624,#3626,.T.);
#3624 = VERTEX_POINT('',#3625);
#3625 = CARTESIAN_POINT('',(2.972586768413,-11.,-49.07348586698));
#3626 = B_SPLINE_CURVE_WITH_KNOTS('',7,(#3627,#3628,#3629,#3630,#3631,
    #3632,#3633,#3634,#3635,#3636,#3637,#3638,#3639,#3640,#3641,#3642,
    #3643,#3644,#3645,#3646,#3647,#3648,#3649,#3650,#3651,#3652,#3653,
    #3654,#3655,#3656,#3657,#3658,#3659,#3660,#3661,#3662,#3663,#3664,
    #3665,#3666,#3667,#3668,#3669,#3670,#3671,#3672,#3673,#3674,#3675,
    #3676),.UNSPECIFIED.,.F.,.F.,(8,6,6,6,6,6,6,6,8),(0.,0.102028008117,
    0.241283932887,0.397870706361,0.519540007259,0.623952845522,
    0.727173910311,0.880211319112,1.),.UNSPECIFIED.);
#3627 = CARTESIAN_POINT('',(4.,-13.65000436165,-51.75));
#3628 = CARTESIAN_POINT('',(4.,-13.60774725751,-52.10400624057));
#3629 = CARTESIAN_POINT('',(3.963419744591,-13.56547729915,
    -52.45818879474));
#3630 = CARTESIAN_POINT('',(3.890285820423,-13.52320254774,
    -52.8077783422));
#3631 = CARTESIAN_POINT('',(3.78129681148,-13.48092843701,
    -53.14824178892));
#3632 = CARTESIAN_POINT('',(3.637823299072,-13.4386577733,
    -53.47528226716));
#3633 = CARTESIAN_POINT('',(3.461907861841,-13.39639073552,
    -53.78483913545));
#3634 = CARTESIAN_POINT('',(2.975587476767,-13.29643707373,
    -54.46651288183));
#3635 = CARTESIAN_POINT('',(2.63923456946,-13.23870745752,
    -54.82067483623));
#3636 = CARTESIAN_POINT('',(2.254185427059,-13.18101174371,
    -55.12551214457));
#3637 = CARTESIAN_POINT('',(1.829222688527,-13.12333368931,
    -55.37346598029));
#3638 = CARTESIAN_POINT('',(1.374286415255,-13.06562788269,
    -55.55869441228));
#3639 = CARTESIAN_POINT('',(0.900336774913,-13.00788469659,
    -55.67720669944));
#3640 = CARTESIAN_POINT('',(-0.120699285784,-12.88533073879,
    -55.78494017718));
#3641 = CARTESIAN_POINT('',(-0.670945421743,-12.82036939135,
    -55.75638279804));
#3642 = CARTESIAN_POINT('',(-1.213331346836,-12.7554861912,
    -55.63997063523));
#3643 = CARTESIAN_POINT('',(-1.731423987523,-12.69061515237,
    -55.43865391628));
#3644 = CARTESIAN_POINT('',(-2.210080488428,-12.62573748876,
    -55.15832973738));
#3645 = CARTESIAN_POINT('',(-2.635226323913,-12.56078315615,
    -54.80792267336));
#3646 = CARTESIAN_POINT('',(-3.275218687533,-12.44551491463,
    -54.08478759344));
#3647 = CARTESIAN_POINT('',(-3.516110201098,-12.39511413127,
    -53.73413718136));
#3648 = CARTESIAN_POINT('',(-3.712878227477,-12.34473007549,
    -53.35489109429));
#3649 = CARTESIAN_POINT('',(-3.861679491474,-12.29434092886,
    -52.95367117396));
#3650 = CARTESIAN_POINT('',(-3.959796692692,-12.24393260089,
    -52.5376058965));
#3651 = CARTESIAN_POINT('',(-4.005673322742,-12.19349997376,
    -52.11439687091));
#3652 = CARTESIAN_POINT('',(-3.994357959661,-12.09987001486,
    -51.33006729968));
#3653 = CARTESIAN_POINT('',(-3.950833740802,-12.05662203067,
    -50.9682390506));
#3654 = CARTESIAN_POINT('',(-3.869108492206,-12.01336974856,
    -50.61189539347));
#3655 = CARTESIAN_POINT('',(-3.750016475185,-11.97011528832,
    -50.26586066064));
#3656 = CARTESIAN_POINT('',(-3.59512886363,-11.9268608754,
    -49.93470219463));
#3657 = CARTESIAN_POINT('',(-3.406753744015,-11.88360884096,
    -49.62273034819));
#3658 = CARTESIAN_POINT('',(-2.97161608238,-11.79760802875,
    -49.04856222054));
#3659 = CARTESIAN_POINT('',(-2.725438157582,-11.75486198768,
    -48.78568035143));
#3660 = CARTESIAN_POINT('',(-2.452342260414,-11.71211547995,
    -48.54919670614));
#3661 = CARTESIAN_POINT('',(-2.155707626739,-11.66936452194,
    -48.34236302712));
#3662 = CARTESIAN_POINT('',(-1.839352808877,-11.62660916503,
    -48.16783897008));
#3663 = CARTESIAN_POINT('',(-1.507535675598,-11.58385349565,
    -48.02769210398));
#3664 = CARTESIAN_POINT('',(-0.657034781274,-11.47772688796,
    -47.768769463));
#3665 = CARTESIAN_POINT('',(-0.12451883053,-11.41427072096,
    -47.69260620148));
#3666 = CARTESIAN_POINT('',(0.416816442766,-11.35087652513,
    -47.70004075796));
#3667 = CARTESIAN_POINT('',(0.951557916399,-11.28752069027,
    -47.79141108858));
#3668 = CARTESIAN_POINT('',(1.464641694069,-11.22412778451,
    -47.96413823954));
#3669 = CARTESIAN_POINT('',(1.941649487785,-11.16067640483,
    -48.2127841519));
#3670 = CARTESIAN_POINT('',(2.704248301145,-11.04769214135,
    -48.77346579555));
#3671 = CARTESIAN_POINT('',(3.009367651257,-10.99806596618,
    -49.06032366052));
#3672 = CARTESIAN_POINT('',(3.278581638509,-10.94845536418,
    -49.38338613413));
#3673 = CARTESIAN_POINT('',(3.506948032764,-10.89885267638,
    -49.73720500691));
#3674 = CARTESIAN_POINT('',(3.690476936907,-10.84923695871,
    -50.11563602525));
#3675 = CARTESIAN_POINT('',(3.8261985744,-10.79960425652,-50.51189399343
    ));
#3676 = CARTESIAN_POINT('',(3.912597744928,-10.74999958895,
    -50.91838777884));
#3677 = ORIENTED_EDGE('',*,*,#3678,.T.);
#3678 = EDGE_CURVE('',#3624,#1222,#3679,.T.);
#3679 = B_SPLINE_CURVE_WITH_KNOTS('',7,(#3680,#3681,#3682,#3683,#3684,
    #3685,#3686,#3687,#3688,#3689,#3690,#3691,#3692,#3693,#3694,#3695,
    #3696,#3697,#3698,#3699,#3700,#3701,#3702,#3703,#3704,#3705),
  .UNSPECIFIED.,.F.,.F.,(8,6,6,6,8),(0.,0.168668713715,0.378504479316,
    0.647180188998,1.),.UNSPECIFIED.);
#3680 = CARTESIAN_POINT('',(3.423530363112,-11.,-51.02233313921));
#3681 = CARTESIAN_POINT('',(3.434858311719,-11.,-50.82351025073));
#3682 = CARTESIAN_POINT('',(3.43259934124,-11.,-50.62341803011));
#3683 = CARTESIAN_POINT('',(3.416866424633,-11.,-50.42322180243));
#3684 = CARTESIAN_POINT('',(3.387888256409,-11.,-50.22401309762));
#3685 = CARTESIAN_POINT('',(3.3459856359,-11.,-50.02681110788));
#3686 = CARTESIAN_POINT('',(3.291556354073,-11.,-49.83256384786));
#3687 = CARTESIAN_POINT('',(3.142353112477,-11.,-49.40525955071));
#3688 = CARTESIAN_POINT('',(3.040969823554,-11.,-49.17428848631));
#3689 = CARTESIAN_POINT('',(2.921813703713,-11.,-48.95091803404));
#3690 = CARTESIAN_POINT('',(2.785926426209,-11.,-48.73662400772));
#3691 = CARTESIAN_POINT('',(2.634452624543,-11.,-48.53269834836));
#3692 = CARTESIAN_POINT('',(2.46861441656,-11.,-48.34026251224));
#3693 = CARTESIAN_POINT('',(2.060625809566,-11.,-47.92980980672));
#3694 = CARTESIAN_POINT('',(1.810091626073,-11.,-47.71972656472));
#3695 = CARTESIAN_POINT('',(1.540792203964,-11.,-47.53201903962));
#3696 = CARTESIAN_POINT('',(1.25551026351,-11.,-47.36817201783));
#3697 = CARTESIAN_POINT('',(0.957052193159,-11.,-47.22925387994));
#3698 = CARTESIAN_POINT('',(0.648212439945,-11.,-47.11596623534));
#3699 = CARTESIAN_POINT('',(-8.377439473597E-02,-11.,-46.91398183876));
#3700 = CARTESIAN_POINT('',(-0.512523881256,-11.,-46.84407238469));
#3701 = CARTESIAN_POINT('',(-0.948245625131,-11.,-46.81970762004));
#3702 = CARTESIAN_POINT('',(-1.385092190786,-11.,-46.84055549514));
#3703 = CARTESIAN_POINT('',(-1.817631366295,-11.,-46.90552851769));
#3704 = CARTESIAN_POINT('',(-2.240838596751,-11.,-47.01286308128));
#3705 = CARTESIAN_POINT('',(-2.650123734412,-11.,-47.1601200133));
#3706 = B_SPLINE_SURFACE_WITH_KNOTS('',1,11,(
    (#3707,#3708,#3709,#3710,#3711,#3712,#3713,#3714,#3715,#3716,#3717
      ,#3718,#3719,#3720,#3721,#3722,#3723,#3724,#3725,#3726,#3727,#3728
      ,#3729,#3730,#3731,#3732,#3733,#3734,#3735,#3736,#3737,#3738,#3739
      ,#3740,#3741,#3742,#3743,#3744,#3745,#3746,#3747,#3748,#3749,#3750
      ,#3751,#3752,#3753,#3754,#3755,#3756,#3757,#3758,#3759,#3760,#3761
      ,#3762,#3763,#3764,#3765,#3766,#3767,#3768,#3769,#3770,#3771,#3772
      ,#3773,#3774,#3775,#3776,#3777,#3778,#3779,#3780,#3781,#3782,#3783
      ,#3784,#3785,#3786,#3787,#3788,#3789,#3790,#3791,#3792,#3793,#3794
      ,#3795,#3796,#3797,#3798,#3799,#3800,#3801,#3802,#3803,#3804,#3805
      ,#3806,#3807,#3808,#3809,#3810,#3811,#3812,#3813,#3814,#3815,#3816
      ,#3817,#3818,#3819,#3820,#3821,#3822,#3823,#3824,#3825,#3826,#3827
      ,#3828,#3829,#3830,#3831,#3832,#3833,#3834,#3835,#3836,#3837,#3838
      ,#3839,#3840,#3841,#3842,#3843,#3844,#3845,#3846,#3847,#3848,#3849
      ,#3850,#3851,#3852,#3853,#3854,#3855,#3856,#3857,#3858,#3859,#3860
      ,#3861,#3862,#3863,#3864,#3865,#3866,#3867,#3868,#3869,#3870,#3871
      ,#3872,#3873,#3874,#3875,#3876,#3877,#3878,#3879,#3880,#3881,#3882
      ,#3883)
    ,(#3884,#3885,#3886,#3887,#3888,#3889,#3890,#3891,#3892,#3893,#3894
      ,#3895,#3896,#3897,#3898,#3899,#3900,#3901,#3902,#3903,#3904,#3905
      ,#3906,#3907,#3908,#3909,#3910,#3911,#3912,#3913,#3914,#3915,#3916
      ,#3917,#3918,#3919,#3920,#3921,#3922,#3923,#3924,#3925,#3926,#3927
      ,#3928,#3929,#3930,#3931,#3932,#3933,#3934,#3935,#3936,#3937,#3938
      ,#3939,#3940,#3941,#3942,#3943,#3944,#3945,#3946,#3947,#3948,#3949
      ,#3950,#3951,#3952,#3953,#3954,#3955,#3956,#3957,#3958,#3959,#3960
      ,#3961,#3962,#3963,#3964,#3965,#3966,#3967,#3968,#3969,#3970,#3971
      ,#3972,#3973,#3974,#3975,#3976,#3977,#3978,#3979,#3980,#3981,#3982
      ,#3983,#3984,#3985,#3986,#3987,#3988,#3989,#3990,#3991,#3992,#3993
      ,#3994,#3995,#3996,#3997,#3998,#3999,#4000,#4001,#4002,#4003,#4004
      ,#4005,#4006,#4007,#4008,#4009,#4010,#4011,#4012,#4013,#4014,#4015
      ,#4016,#4017,#4018,#4019,#4020,#4021,#4022,#4023,#4024,#4025,#4026
      ,#4027,#4028,#4029,#4030,#4031,#4032,#4033,#4034,#4035,#4036,#4037
      ,#4038,#4039,#4040,#4041,#4042,#4043,#4044,#4045,#4046,#4047,#4048
      ,#4049,#4050,#4051,#4052,#4053,#4054,#4055,#4056,#4057,#4058,#4059
      ,#4060
    )),.UNSPECIFIED.,.F.,.F.,.F.,(2,2),(12,11,11,11,11,11,11,11,11,11,11
    ,11,11,11,11,11,12),(0.,2.01246117975),(0.,7.252754625486,
    14.505509250972,21.758263876457,29.011018501943,36.263773127429,
    43.516527752915,50.769282378401,58.022037003887,65.274791629372,
    72.527546254858,79.780300880344,87.03305550583,94.285810131316,
    101.5385647568,108.79131938228,116.04407400777),
  .PIECEWISE_BEZIER_KNOTS.);
#3707 = CARTESIAN_POINT('',(5.3,-58.,-51.75));
#3708 = CARTESIAN_POINT('',(5.299999951712,-57.71583005881,
    -54.90348433772));
#3709 = CARTESIAN_POINT('',(3.236715145419,-57.43208490492,
    -58.05696752639));
#3710 = CARTESIAN_POINT('',(-0.896324826398,-57.14703401221,
    -59.70991548273));
#3711 = CARTESIAN_POINT('',(-5.840273870117,-56.86483191152,
    -58.35772672794));
#3712 = CARTESIAN_POINT('',(-9.236404107036,-56.57796411665,
    -53.66606616468));
#3713 = CARTESIAN_POINT('',(-8.425766077023,-56.29700084314,
    -47.50866636795));
#3714 = CARTESIAN_POINT('',(-3.931071500343,-56.01019692018,
    -43.85585866771));
#3715 = CARTESIAN_POINT('',(1.194393692525,-55.72789230088,
    -43.82931922695));
#3716 = CARTESIAN_POINT('',(4.758786284074,-55.44294732324,
    -46.49566453041));
#3717 = CARTESIAN_POINT('',(5.935589063086,-55.15911957172,
    -50.07570284482));
#3718 = CARTESIAN_POINT('',(5.119406879332,-54.875,-53.12174093904));
#3719 = CARTESIAN_POINT('',(4.303225027652,-54.59083005881,
    -56.16777289115));
#3720 = CARTESIAN_POINT('',(1.494063438632,-54.30708490493,
    -58.67978634251));
#3721 = CARTESIAN_POINT('',(-2.925961022908,-54.0220340122,
    -59.20670200417));
#3722 = CARTESIAN_POINT('',(-7.351476885755,-53.73983191155,
    -56.62099979339));
#3723 = CARTESIAN_POINT('',(-9.417595684148,-53.45296411662,
    -51.21022050217));
#3724 = CARTESIAN_POINT('',(-7.040927139439,-53.17200084317,
    -45.4724375766));
#3725 = CARTESIAN_POINT('',(-1.753969365658,-52.88519692015,
    -43.1074088388));
#3726 = CARTESIAN_POINT('',(3.203718748616,-52.60289230091,
    -44.4083417145));
#3727 = CARTESIAN_POINT('',(5.956556662462,-52.31794732322,
    -47.90636619182));
#3728 = CARTESIAN_POINT('',(6.166678761194,-52.03411957173,
    -51.66899663036));
#3729 = CARTESIAN_POINT('',(4.589934640058,-51.74999999999,-54.4));
#3730 = CARTESIAN_POINT('',(3.013192429375,-51.46583005882,
    -57.13099752276));
#3731 = CARTESIAN_POINT('',(-0.350406222446,-51.1820849049,
    -58.8303516714));
#3732 = CARTESIAN_POINT('',(-4.756197811071,-50.89703401224,
    -58.19532660681));
#3733 = CARTESIAN_POINT('',(-8.361688900552,-50.6148319115,
    -54.55232227261));
#3734 = CARTESIAN_POINT('',(-8.956993678649,-50.32796411666,
    -48.79115992042));
#3735 = CARTESIAN_POINT('',(-5.176260653039,-50.04700084315,
    -43.86401429021));
#3736 = CARTESIAN_POINT('',(0.542662882771,-49.76019692016,
    -42.94793731499));
#3737 = CARTESIAN_POINT('',(4.994715666358,-49.47789230091,
    -45.48768608154));
#3738 = CARTESIAN_POINT('',(6.748397547989,-49.19294732322,
    -49.57900514536));
#3739 = CARTESIAN_POINT('',(5.977519492642,-48.90911957173,
    -53.26781066168));
#3740 = CARTESIAN_POINT('',(3.747665940289,-48.62499999999,
    -55.49766594028));
#3741 = CARTESIAN_POINT('',(1.517815746571,-48.34083005882,
    -57.72751606571));
#3742 = CARTESIAN_POINT('',(-2.170996278537,-48.05708490491,
    -58.49840273473));
#3743 = CARTESIAN_POINT('',(-6.262307578407,-47.77203401222,
    -56.74471285261));
#3744 = CARTESIAN_POINT('',(-8.802065635095,-47.48983191152,
    -52.29267112002));
#3745 = CARTESIAN_POINT('',(-7.885987356126,-47.20296411664,
    -46.57373940037));
#3746 = CARTESIAN_POINT('',(-2.958840557255,-46.92200084316,
    -42.79300789776));
#3747 = CARTESIAN_POINT('',(2.802313552483,-46.63519692016,
    -43.38831181706));
#3748 = CARTESIAN_POINT('',(6.445330965625,-46.3528923009,
    -46.99379679316));
#3749 = CARTESIAN_POINT('',(7.080346292863,-46.06794732323,
    -51.3995938105));
#3750 = CARTESIAN_POINT('',(5.381002148988,-45.78411957173,
    -54.7631884047));
#3751 = CARTESIAN_POINT('',(2.65,-45.49999999999,-56.33993464005));
#3752 = CARTESIAN_POINT('',(-8.099757105111E-02,-45.21583005882,
    -57.9166767671));
#3753 = CARTESIAN_POINT('',(-3.843636525988,-44.9320849049,
    -57.70656130394));
#3754 = CARTESIAN_POINT('',(-7.341651433221,-44.64703401224,
    -54.95371767165));
#3755 = CARTESIAN_POINT('',(-8.642596142721,-44.36483191148,
    -49.9960378274));
#3756 = CARTESIAN_POINT('',(-6.277564027474,-44.07796411671,
    -44.70907248602));
#3757 = CARTESIAN_POINT('',(-0.539780367231,-43.79700084308,
    -42.33240571493));
#3758 = CARTESIAN_POINT('',(4.870991184652,-43.51019692024,
    -44.39852155046));
#3759 = CARTESIAN_POINT('',(7.456707610989,-43.22789230083,
    -48.82403489332));
#3760 = CARTESIAN_POINT('',(6.929781138706,-42.94294732327,
    -53.24406207839));
#3761 = CARTESIAN_POINT('',(4.417778401407,-42.6591195717,
    -56.05322233747));
#3762 = CARTESIAN_POINT('',(1.371740939042,-42.375,-56.86940687933));
#3763 = CARTESIAN_POINT('',(-1.67429103806,-42.09083005878,
    -57.68558863772));
#3764 = CARTESIAN_POINT('',(-5.254339296107,-41.80708490498,
    -56.50879006398));
#3765 = CARTESIAN_POINT('',(-7.920673875509,-41.5220340121,
    -52.94439442575));
#3766 = CARTESIAN_POINT('',(-7.89414800579,-41.23983191166,
    -47.81893415831));
#3767 = CARTESIAN_POINT('',(-4.241335084512,-40.95296411652,
    -43.32423314602));
#3768 = CARTESIAN_POINT('',(1.916064962792,-40.67200084324,
    -42.51359701937));
#3769 = CARTESIAN_POINT('',(6.607718817278,-40.38519692013,
    -45.90972239126));
#3770 = CARTESIAN_POINT('',(7.959921955459,-40.1028923009,
    -50.85367268014));
#3771 = CARTESIAN_POINT('',(6.306962851951,-39.81794732323,
    -54.98671248468));
#3772 = CARTESIAN_POINT('',(3.153490356492,-39.53411957173,
    -57.04999877935));
#3773 = CARTESIAN_POINT('',(6.338263247585E-13,-39.24999999999,-57.05));
#3774 = CARTESIAN_POINT('',(-3.153484337728,-38.96583005883,
    -57.04999995171));
#3775 = CARTESIAN_POINT('',(-6.306967526389,-38.68208490489,
    -54.98671514542));
#3776 = CARTESIAN_POINT('',(-7.959915482728,-38.39703401225,
    -50.8536751736));
#3777 = CARTESIAN_POINT('',(-6.607726727956,-38.11483191149,
    -45.90972612987));
#3778 = CARTESIAN_POINT('',(-1.916066164665,-37.82796411669,
    -42.51359589297));
#3779 = CARTESIAN_POINT('',(4.241333632018,-37.5470008431,
    -43.32423392296));
#3780 = CARTESIAN_POINT('',(7.89414133231,-37.26019692022,
    -47.81892849966));
#3781 = CARTESIAN_POINT('',(7.920680773036,-36.97789230084,
    -52.94439369251));
#3782 = CARTESIAN_POINT('',(5.254335469591,-36.69294732327,
    -56.50878628407));
#3783 = CARTESIAN_POINT('',(1.674297155173,-36.4091195717,
    -57.68558906308));
#3784 = CARTESIAN_POINT('',(-1.371740939045,-36.125,-56.86940687933));
#3785 = CARTESIAN_POINT('',(-4.41777289115,-35.84083005878,
    -56.05322502765));
#3786 = CARTESIAN_POINT('',(-6.929786342522,-35.55708490499,
    -53.24406343863));
#3787 = CARTESIAN_POINT('',(-7.456702004161,-35.27203401211,
    -48.82403897708));
#3788 = CARTESIAN_POINT('',(-4.870999793405,-34.98983191164,
    -44.39852311425));
#3789 = CARTESIAN_POINT('',(0.539779497841,-34.70296411656,
    -42.33240431582));
#3790 = CARTESIAN_POINT('',(6.27756242339,-34.42200084319,
    -44.70907286058));
#3791 = CARTESIAN_POINT('',(8.642591161196,-34.13519692018,
    -49.99603063432));
#3792 = CARTESIAN_POINT('',(7.341658285497,-33.85289230086,
    -54.95371874862));
#3793 = CARTESIAN_POINT('',(3.843633808171,-33.56794732326,
    -57.70655666245));
#3794 = CARTESIAN_POINT('',(8.100336963559E-02,-33.28411957172,
    -57.91667876119));
#3795 = CARTESIAN_POINT('',(-2.65,-32.99999999999,-56.33993464005));
#3796 = CARTESIAN_POINT('',(-5.3809973908,-32.71582849545,
    -54.76319256132));
#3797 = CARTESIAN_POINT('',(-7.080352257816,-32.43209185208,
    -51.39959319121));
#3798 = CARTESIAN_POINT('',(-6.445325020698,-32.14701522142,
    -46.99380377487));
#3799 = CARTESIAN_POINT('',(-2.802325449815,-31.8648695519,
    -43.3883079226));
#3800 = CARTESIAN_POINT('',(2.958845124191,-31.57790435295,
    -42.7930113654));
#3801 = CARTESIAN_POINT('',(7.885979159028,-31.2970784501,
    -46.57373279694));
#3802 = CARTESIAN_POINT('',(8.802069747466,-31.01011325098,
    -52.29266994443));
#3803 = CARTESIAN_POINT('',(6.262307564057,-30.72796758166,
    -56.74470931267));
#3804 = CARTESIAN_POINT('',(2.170999612991,-30.44289095086,
    -58.49840230581));
#3805 = CARTESIAN_POINT('',(-1.51781359371,-30.15915430756,
    -57.72751656094));
#3806 = CARTESIAN_POINT('',(-3.7476644887,-29.874982803,-55.49766739171)
  );
#3807 = CARTESIAN_POINT('',(-5.977518997746,-29.59086479465,
    -53.26781281487));
#3808 = CARTESIAN_POINT('',(-6.748397976371,-29.30702853253,
    -49.57900847928));
#3809 = CARTESIAN_POINT('',(-4.994719207027,-29.02210929305,
    -45.48768606789));
#3810 = CARTESIAN_POINT('',(-0.542664057532,-28.73974824219,
    -42.94794142659));
#3811 = CARTESIAN_POINT('',(5.176254048831,-28.45304172382,
    -43.86400609383));
#3812 = CARTESIAN_POINT('',(8.956997146899,-28.17194107918,
    -48.79116448681));
#3813 = CARTESIAN_POINT('',(8.361685005695,-27.88523456082,
    -54.55231037562));
#3814 = CARTESIAN_POINT('',(4.756204792986,-27.60287350988,
    -58.19533255158));
#3815 = CARTESIAN_POINT('',(0.35040560307,-27.31795427055,
    -58.83034570651));
#3816 = CARTESIAN_POINT('',(-3.013188272732,-27.03411800827,
    -57.13100228094));
#3817 = CARTESIAN_POINT('',(-4.58993464006,-26.75000000004,
    -54.39999999999));
#3818 = CARTESIAN_POINT('',(-6.166676718783,-26.46582849532,
    -51.66900260921));
#3819 = CARTESIAN_POINT('',(-5.956561518643,-26.18209185233,
    -47.906362673));
#3820 = CARTESIAN_POINT('',(-3.203717090945,-25.89701522109,
    -44.40835073331));
#3821 = CARTESIAN_POINT('',(1.753961009372,-25.61486955219,
    -43.10739951746));
#3822 = CARTESIAN_POINT('',(7.040929360871,-25.32790435284,
    -45.47244286305));
#3823 = CARTESIAN_POINT('',(9.417591886801,-25.04707844996,
    -51.21021068499));
#3824 = CARTESIAN_POINT('',(7.351481035084,-24.76011325128,
    -56.62100083138));
#3825 = CARTESIAN_POINT('',(2.925962780394,-24.47796758132,
    -59.2066989314));
#3826 = CARTESIAN_POINT('',(-1.494060336435,-24.19289095112,
    -58.67978763823));
#3827 = CARTESIAN_POINT('',(-4.303223410832,-23.90915430742,
    -56.16777439648));
#3828 = CARTESIAN_POINT('',(-5.119406347934,-23.62498280304,
    -53.1217429218));
#3829 = CARTESIAN_POINT('',(-5.935589711086,-23.34086479456,
    -50.075704957));
#3830 = CARTESIAN_POINT('',(-4.758788322024,-23.05702853269,
    -46.49566720345));
#3831 = CARTESIAN_POINT('',(-1.194396752022,-22.77210929273,
    -43.82931744486));
#3832 = CARTESIAN_POINT('',(3.931068427196,-22.48974824275,
    -43.85586164097));
#3833 = CARTESIAN_POINT('',(8.425764455774,-22.20304172302,
    -47.50865596772));
#3834 = CARTESIAN_POINT('',(9.236404827456,-21.92194108009,
    -53.66607185326));
#3835 = CARTESIAN_POINT('',(5.840276445559,-21.63523455996,
    -58.35771447755));
#3836 = CARTESIAN_POINT('',(0.896327900532,-21.35287351054,
    -59.7099241219));
#3837 = CARTESIAN_POINT('',(-3.236712699363,-21.06795427014,
    -58.056962051));
#3838 = CARTESIAN_POINT('',(-5.299998731045,-20.78411800849,
    -54.90349053672));
#3839 = CARTESIAN_POINT('',(-5.3,-20.49999999995,-51.75));
#3840 = CARTESIAN_POINT('',(-5.299999951714,-20.21583005895,
    -48.59651566225));
#3841 = CARTESIAN_POINT('',(-3.236715145406,-19.93208490466,
    -45.44303247364));
#3842 = CARTESIAN_POINT('',(0.896324826356,-19.64703401253,
    -43.79008451722));
#3843 = CARTESIAN_POINT('',(5.840273870197,-19.36483191124,
    -45.14227327209));
#3844 = CARTESIAN_POINT('',(9.236404106928,-19.07796411681,
    -49.83393383528));
#3845 = CARTESIAN_POINT('',(8.425766077129,-18.7970008431,
    -55.99133363204));
#3846 = CARTESIAN_POINT('',(3.931071500266,-18.51019692017,
    -59.6441413323));
#3847 = CARTESIAN_POINT('',(-1.194393692485,-18.2278923009,
    -59.67068077303));
#3848 = CARTESIAN_POINT('',(-4.758786284088,-17.94294732324,
    -57.00433546959));
#3849 = CARTESIAN_POINT('',(-5.935589063084,-17.6591195717,
    -53.42429715517));
#3850 = CARTESIAN_POINT('',(-5.119406879331,-17.37500000002,
    -50.37825906095));
#3851 = CARTESIAN_POINT('',(-4.303225027653,-17.09083005874,
    -47.33222710885));
#3852 = CARTESIAN_POINT('',(-1.494063438633,-16.80708490506,
    -44.82021365747));
#3853 = CARTESIAN_POINT('',(2.92596102292,-16.52203401199,
    -44.29329799584));
#3854 = CARTESIAN_POINT('',(7.351476885721,-16.23983191179,
    -46.87900020658));
#3855 = CARTESIAN_POINT('',(9.417595684206,-15.95296411642,
    -52.28977949784));
#3856 = CARTESIAN_POINT('',(7.040927139371,-15.67200084329,
    -58.02756242339));
#3857 = CARTESIAN_POINT('',(1.753969365713,-15.38519692012,
    -60.39259116119));
#3858 = CARTESIAN_POINT('',(-3.203718748649,-15.10289230089,
    -59.0916582855));
#3859 = CARTESIAN_POINT('',(-5.95655666245,-14.81794732324,
    -55.59363380817));
#3860 = CARTESIAN_POINT('',(-6.166678761196,-14.53411957173,
    -51.83100336963));
#3861 = CARTESIAN_POINT('',(-4.589934640058,-14.24999999998,-49.1));
#3862 = CARTESIAN_POINT('',(-3.013192429374,-13.96583005884,
    -46.36900247723));
#3863 = CARTESIAN_POINT('',(0.350406222448,-13.68208490489,
    -44.66964832859));
#3864 = CARTESIAN_POINT('',(4.75619781106,-13.39703401222,
    -45.30467339318));
#3865 = CARTESIAN_POINT('',(8.361688900575,-13.11483191158,
    -48.94767772738));
#3866 = CARTESIAN_POINT('',(8.956993678613,-12.8279641165,
    -54.70884007958));
#3867 = CARTESIAN_POINT('',(5.176260653078,-12.54700084338,
    -59.63598570975));
#3868 = CARTESIAN_POINT('',(-0.542662882804,-12.26019691992,
    -60.55206268503));
#3869 = CARTESIAN_POINT('',(-4.994715666336,-11.97789230112,
    -58.01231391843));
#3870 = CARTESIAN_POINT('',(-6.748397548002,-11.69294732308,
    -53.92099485464));
#3871 = CARTESIAN_POINT('',(-5.977519492636,-11.40911957181,
    -50.23218933831));
#3872 = CARTESIAN_POINT('',(-3.747665940291,-11.12499999996,
    -48.00233405971));
#3873 = CARTESIAN_POINT('',(-1.517815908171,-10.84082849555,
    -45.77248402759));
#3874 = CARTESIAN_POINT('',(2.170996996663,-10.5570918519,
    -45.00159685062));
#3875 = CARTESIAN_POINT('',(6.262305635984,-10.27201522165,
    -46.75528826893));
#3876 = CARTESIAN_POINT('',(8.802069526046,-9.989869551752,
    -51.20732663334));
#3877 = CARTESIAN_POINT('',(7.885981178232,-9.702904352953,
    -56.92626416675));
#3878 = CARTESIAN_POINT('',(2.95884857964,-9.422078450251,
    -60.70698747004));
#3879 = CARTESIAN_POINT('',(-2.802322201519,-9.135113250761,
    -60.11169317701));
#3880 = CARTESIAN_POINT('',(-6.445323183736,-8.852967581872,
    -56.50619871343));
#3881 = CARTESIAN_POINT('',(-7.080352120147,-8.56789095073,
    -52.10040955429));
#3882 = CARTESIAN_POINT('',(-5.380998558308,-8.284154307629,
    -48.73680952195));
#3883 = CARTESIAN_POINT('',(-2.65000177767,-7.999982802977,
    -47.16006638641));
#3884 = CARTESIAN_POINT('',(3.5,-58.9,-51.75));
#3885 = CARTESIAN_POINT('',(3.500054769979,-58.61593948787,
    -53.83250157971));
#3886 = CARTESIAN_POINT('',(2.137257429149,-58.3317155959,
    -55.91497023514));
#3887 = CARTESIAN_POINT('',(-0.591401264911,-58.04799391097,
    -57.00657635032));
#3888 = CARTESIAN_POINT('',(-3.857720005134,-57.76317653985,
    -56.113568418));
#3889 = CARTESIAN_POINT('',(-6.098322648935,-57.48015365564,
    -53.01539182602));
#3890 = CARTESIAN_POINT('',(-5.565332956399,-57.19485982411,
    -48.94901658726));
#3891 = CARTESIAN_POINT('',(-2.595187439019,-56.91181236487,
    -46.53697522169));
#3892 = CARTESIAN_POINT('',(0.788333630389,-56.62703443532,
    -46.51928005904));
#3893 = CARTESIAN_POINT('',(3.142748203994,-56.34327200614,
    -48.28018985385));
#3894 = CARTESIAN_POINT('',(3.919712221907,-56.0590798855,
    -50.64432154989));
#3895 = CARTESIAN_POINT('',(3.380740392012,-55.775,-52.65586665785));
#3896 = CARTESIAN_POINT('',(2.841802225463,-55.49093948787,
    -54.66742289251));
#3897 = CARTESIAN_POINT('',(0.986458529101,-55.2067155959,-56.3262152428
    ));
#3898 = CARTESIAN_POINT('',(-1.93175182697,-54.92299391097,
    -56.67439694397));
#3899 = CARTESIAN_POINT('',(-4.855645994748,-54.63817653985,
    -54.96643202174));
#3900 = CARTESIAN_POINT('',(-6.21803484773,-54.35515365565,
    -51.39391260039));
#3901 = CARTESIAN_POINT('',(-4.650750982262,-54.06985982411,
    -47.60404362119));
#3902 = CARTESIAN_POINT('',(-1.157528476181,-53.78681236487,
    -46.0429207987));
#3903 = CARTESIAN_POINT('',(2.115281753634,-53.50203443532,
    -46.90154827638));
#3904 = CARTESIAN_POINT('',(3.93371460448,-53.21827200614,
    -49.21182385667));
#3905 = CARTESIAN_POINT('',(4.072321907402,-52.93407988549,
    -51.69649280382));
#3906 = CARTESIAN_POINT('',(3.031088913248,-52.65,-53.5));
#3907 = CARTESIAN_POINT('',(1.989885555571,-52.36593948787,
    -55.30352665644));
#3908 = CARTESIAN_POINT('',(-0.23156588948,-52.08171559591,
    -56.42559874422));
#3909 = CARTESIAN_POINT('',(-3.140456694443,-51.79799391095,
    -56.00662802385));
#3910 = CARTESIAN_POINT('',(-5.522667734081,-51.51317653988,
    -53.60010109856));
#3911 = CARTESIAN_POINT('',(-5.91399824752,-51.23015365563,
    -49.79670014264));
#3912 = CARTESIAN_POINT('',(-3.41922801435,-50.94485982412,
    -46.54161073074));
#3913 = CARTESIAN_POINT('',(0.359014139365,-50.66181236488,
    -45.93779439195));
#3914 = CARTESIAN_POINT('',(3.298076921053,-50.37703443531,
    -47.61423046621));
#3915 = CARTESIAN_POINT('',(4.456604855434,-50.09327200615,
    -50.31643036914));
#3916 = CARTESIAN_POINT('',(3.947409584742,-49.80907988549,
    -52.75231048474));
#3917 = CARTESIAN_POINT('',(2.474873734154,-49.525,-54.22487373415));
#3918 = CARTESIAN_POINT('',(1.002361473521,-49.24093948787,
    -55.69746345122));
#3919 = CARTESIAN_POINT('',(-1.433809475403,-48.95671559591,
    -56.206347918));
#3920 = CARTESIAN_POINT('',(-4.135144627987,-48.67299391095,
    -55.0487769383));
#3921 = CARTESIAN_POINT('',(-5.813328794049,-48.38817653988,
    -52.10768884299));
#3922 = CARTESIAN_POINT('',(-5.206932440011,-48.10515365562,
    -48.33260184211));
#3923 = CARTESIAN_POINT('',(-1.954690307857,-47.81985982413,
    -45.83412096182));
#3924 = CARTESIAN_POINT('',(1.851090534638,-47.53681236486,
    -46.22876019219));
#3925 = CARTESIAN_POINT('',(4.256113596627,-47.25203443532,
    -48.60875851514));
#3926 = CARTESIAN_POINT('',(4.675784850374,-46.96827200614,
    -51.51873228284));
#3927 = CARTESIAN_POINT('',(3.553487822287,-46.68407988549,
    -53.73982236252));
#3928 = CARTESIAN_POINT('',(1.750000000001,-46.4,-54.78108891324));
#3929 = CARTESIAN_POINT('',(-5.347188647036E-02,-46.11593948787,
    -55.82238713529));
#3930 = CARTESIAN_POINT('',(-2.538341315055,-45.83171559591,
    -55.68340434565));
#3931 = CARTESIAN_POINT('',(-4.848029288788,-45.54799391096,
    -53.86611965589));
#3932 = CARTESIAN_POINT('',(-5.707821103673,-45.26317653987,
    -50.5909006839));
#3933 = CARTESIAN_POINT('',(-4.145022791592,-44.98015365563,
    -47.10139357851));
#3934 = CARTESIAN_POINT('',(-0.356943687144,-44.69485982412,
    -45.52978857291));
#3935 = CARTESIAN_POINT('',(3.217018169032,-44.41181236486,
    -46.89598936103));
#3936 = CARTESIAN_POINT('',(4.924103164163,-44.12703443533,
    -49.81735698012));
#3937 = CARTESIAN_POINT('',(4.576317834857,-43.84327200613,
    -52.73679470926));
#3938 = CARTESIAN_POINT('',(2.917401737161,-43.5590798855,
    -54.59173113465));
#3939 = CARTESIAN_POINT('',(0.905866657858,-43.27499999999,-55.130740392
    ));
#3940 = CARTESIAN_POINT('',(-1.10566122576,-42.99093948788,
    -55.66978436605));
#3941 = CARTESIAN_POINT('',(-3.469889388923,-42.70671559587,
    -54.89240576733));
#3942 = CARTESIAN_POINT('',(-5.230528765221,-42.42299391102,
    -52.53925231609));
#3943 = CARTESIAN_POINT('',(-5.213334837874,-42.13817653979,
    -49.15310322755));
#3944 = CARTESIAN_POINT('',(-2.800636689657,-41.85515365569,
    -46.1869801605));
#3945 = CARTESIAN_POINT('',(1.26512805572,-41.5698598241,-45.64935331325
    ));
#3946 = CARTESIAN_POINT('',(4.363711331768,-41.28681236485,
    -47.89401133336));
#3947 = CARTESIAN_POINT('',(5.256523238424,-41.00203443534,
    -51.15766187302));
#3948 = CARTESIAN_POINT('',(4.164982321654,-40.71827200613,
    -53.88760870704));
#3949 = CARTESIAN_POINT('',(2.082499544873,-40.4340798855,
    -55.24998062611));
#3950 = CARTESIAN_POINT('',(-1.079081268784E-12,-40.15,-55.25));
#3951 = CARTESIAN_POINT('',(-2.082501579718,-39.86593948786,
    -55.25005476996));
#3952 = CARTESIAN_POINT('',(-4.164970235133,-39.58171559592,
    -53.88725742918));
#3953 = CARTESIAN_POINT('',(-5.256576350351,-39.29799391093,
    -51.15859873503));
#3954 = CARTESIAN_POINT('',(-4.363568417956,-39.0131765399,
    -47.89227999492));
#3955 = CARTESIAN_POINT('',(-1.265391826075,-38.7301536556,-45.651677351
    ));
#3956 = CARTESIAN_POINT('',(2.800983412775,-38.44485982415,
    -46.18466704365));
#3957 = CARTESIAN_POINT('',(5.213024778294,-38.16181236484,
    -49.15481256094));
#3958 = CARTESIAN_POINT('',(5.230719940956,-37.87703443534,
    -52.53833363041));
#3959 = CARTESIAN_POINT('',(3.469810146146,-37.59327200613,
    -54.89274820397));
#3960 = CARTESIAN_POINT('',(1.105678450097,-37.3090798855,
    -55.66971222191));
#3961 = CARTESIAN_POINT('',(-0.905866657857,-37.02499999999,
    -55.130740392));
#3962 = CARTESIAN_POINT('',(-2.917422892517,-36.74093948788,
    -54.59180222548));
#3963 = CARTESIAN_POINT('',(-4.576215242796,-36.45671559588,
    -52.73645852905));
#3964 = CARTESIAN_POINT('',(-4.924396943954,-36.172993911,
    -49.81824817311));
#3965 = CARTESIAN_POINT('',(-3.216432021812,-35.88817653983,
    -46.89435400514));
#3966 = CARTESIAN_POINT('',(0.356087399739,-35.60515365564,
    -45.53196515237));
#3967 = CARTESIAN_POINT('',(4.145956378656,-35.31985982415,
    -47.09924901766));
#3968 = CARTESIAN_POINT('',(5.707079201418,-35.03681236481,
    -50.59247152384));
#3969 = CARTESIAN_POINT('',(4.84845172354,-34.75203443536,
    -53.86528175364));
#3970 = CARTESIAN_POINT('',(2.53817614335,-34.46827200612,
    -55.68371460446));
#3971 = CARTESIAN_POINT('',(5.350719616885E-02,-34.1840798855,
    -55.82232190741));
#3972 = CARTESIAN_POINT('',(-1.750000000001,-33.9,-54.78108891324));
#3973 = CARTESIAN_POINT('',(-3.553527472521,-33.61594008916,
    -53.73988627015));
#3974 = CARTESIAN_POINT('',(-4.675595117793,-33.33171292394,
    -51.51843093513));
#3975 = CARTESIAN_POINT('',(-4.256637832649,-33.04800113811,
    -48.60955189437));
#3976 = CARTESIAN_POINT('',(-1.850081450285,-32.76316206295,
    -46.22731506141));
#3977 = CARTESIAN_POINT('',(1.953268660706,-32.48017664143,
    -45.83602906898));
#3978 = CARTESIAN_POINT('',(5.208429780082,-32.19482997562,
    -48.33073651346));
#3979 = CARTESIAN_POINT('',(5.81216193272,-31.91184454497,
    -52.10905238242));
#3980 = CARTESIAN_POINT('',(4.135808830348,-31.62700548151,
    -55.04804251214));
#3981 = CARTESIAN_POINT('',(1.433540204476,-31.34329368757,
    -56.20663062179));
#3982 = CARTESIAN_POINT('',(-1.002292352636,-31.05906652572,
    -55.69739370788));
#3983 = CARTESIAN_POINT('',(-2.474882710991,-30.77500661415,
    -54.22488159446));
#3984 = CARTESIAN_POINT('',(-3.947445319111,-30.49092612809,
    -52.75234559666));
#3985 = CARTESIAN_POINT('',(-4.456377344408,-30.20673727733,
    -50.31621629095));
#3986 = CARTESIAN_POINT('',(-3.298737641696,-29.92296495714,
    -47.6148209631));
#3987 = CARTESIAN_POINT('',(-0.357732518407,-29.63820871999,
    -45.93670944901));
#3988 = CARTESIAN_POINT('',(3.417438668836,-29.35512380709,
    -46.54303208778));
#3989 = CARTESIAN_POINT('',(5.915847841381,-29.06988280997,
    -49.79533700868));
#3990 = CARTESIAN_POINT('',(5.521259456224,-28.78679788789,
    -53.60107333008));
#3991 = CARTESIAN_POINT('',(3.14123167595,-28.50204166253,
    -56.00612218549));
#3992 = CARTESIAN_POINT('',(0.231271343664,-28.21826933413,
    -56.42578167494));
#3993 = CARTESIAN_POINT('',(-1.989823178659,-27.93408048681,
    -55.30348853688));
#3994 = CARTESIAN_POINT('',(-3.03108891322,-27.64999999998,
    -53.49999999998));
#3995 = CARTESIAN_POINT('',(-4.072388199412,-27.36594008922,
    -51.69652832437));
#3996 = CARTESIAN_POINT('',(-3.93339961722,-27.0817129238,
    -49.21165774804));
#3997 = CARTESIAN_POINT('',(-2.116132445165,-26.79800113834,
    -46.90197324531));
#3998 = CARTESIAN_POINT('',(1.159124934364,-26.51316206272,
    -46.0421738203));
#3999 = CARTESIAN_POINT('',(4.648565746224,-26.23017664155,
    -47.60498526766));
#4000 = CARTESIAN_POINT('',(6.220264246295,-25.94482997568,
    -51.39304584772));
#4001 = CARTESIAN_POINT('',(4.853953693869,-25.66184454477,
    -54.9670294513));
#4002 = CARTESIAN_POINT('',(1.932694255839,-25.37700548172,
    -56.67409301326));
#4003 = CARTESIAN_POINT('',(-0.986833076249,-25.09329368743,
    -56.32632543602));
#4004 = CARTESIAN_POINT('',(-2.841707493447,-24.80906652578,
    -54.66739705346));
#4005 = CARTESIAN_POINT('',(-3.380752096303,-24.52500661413,
    -52.65586897665));
#4006 = CARTESIAN_POINT('',(-3.919760724786,-24.24092612812,
    -50.64433409053));
#4007 = CARTESIAN_POINT('',(-3.142444134497,-23.9567372773,
    -48.28011821227));
#4008 = CARTESIAN_POINT('',(-0.789201079837,-23.67296495718,
    -46.51946108385));
#4009 = CARTESIAN_POINT('',(2.596839827067,-23.38820871989,
    -46.53667644433));
#4010 = CARTESIAN_POINT('',(5.563072658779,-23.10512380727,
    -48.94935284543));
#4011 = CARTESIAN_POINT('',(6.100606011732,-22.81988280971,
    -53.01513611462));
#4012 = CARTESIAN_POINT('',(3.856014284412,-22.53679788816,
    -56.11370625611));
#4013 = CARTESIAN_POINT('',(0.592325338217,-22.2520416623,
    -57.00652577226));
#4014 = CARTESIAN_POINT('',(-2.137603978967,-21.96826933428,
    -55.91498138488));
#4015 = CARTESIAN_POINT('',(-3.49998169006,-21.68408048674,
    -53.83249975567));
#4016 = CARTESIAN_POINT('',(-3.50000000003,-21.40000000001,
    -51.74999999999));
#4017 = CARTESIAN_POINT('',(-3.500054769875,-21.11593948781,
    -49.66749842028));
#4018 = CARTESIAN_POINT('',(-2.137257429379,-20.83171559604,
    -47.5850297649));
#4019 = CARTESIAN_POINT('',(0.591401265281,-20.54799391074,
    -46.49342364947));
#4020 = CARTESIAN_POINT('',(3.857720004685,-20.2631765401,
    -47.38643158241));
#4021 = CARTESIAN_POINT('',(6.098322649341,-19.98015365545,
    -50.48460817342));
#4022 = CARTESIAN_POINT('',(5.565332956138,-19.69485982419,
    -54.55098341324));
#4023 = CARTESIAN_POINT('',(2.595187439126,-19.41181236488,
    -56.96302477798));
#4024 = CARTESIAN_POINT('',(-0.788333630411,-19.12703443529,
    -56.98071994109));
#4025 = CARTESIAN_POINT('',(-3.14274820399,-18.84327200616,
    -55.2198101461));
#4026 = CARTESIAN_POINT('',(-3.919712221919,-18.5590798855,
    -52.85567845009));
#4027 = CARTESIAN_POINT('',(-3.380740391998,-18.27499999999,
    -50.84413334214));
#4028 = CARTESIAN_POINT('',(-2.84180222551,-17.9909394879,
    -48.83257710747));
#4029 = CARTESIAN_POINT('',(-0.986458528984,-17.70671559583,
    -47.1737847572));
#4030 = CARTESIAN_POINT('',(1.931751826757,-17.42299391108,
    -46.82560305606));
#4031 = CARTESIAN_POINT('',(4.855645995046,-17.13817653974,
    -48.5335679781));
#4032 = CARTESIAN_POINT('',(6.21803484742,-16.85515365571,
    -52.10608739987));
#4033 = CARTESIAN_POINT('',(4.650750982495,-16.56985982412,
    -55.8959563785));
#4034 = CARTESIAN_POINT('',(1.157528476066,-16.28681236481,
    -57.45707920153));
#4035 = CARTESIAN_POINT('',(-2.115281753608,-16.00203443538,
    -56.59845172347));
#4036 = CARTESIAN_POINT('',(-3.933714604472,-15.71827200611,
    -54.28817614336));
#4037 = CARTESIAN_POINT('',(-4.072321907406,-15.4340798855,
    -51.80350719617));
#4038 = CARTESIAN_POINT('',(-3.031088913253,-15.15,-49.99999999999));
#4039 = CARTESIAN_POINT('',(-1.989885555559,-14.86593948785,
    -48.19647334356));
#4040 = CARTESIAN_POINT('',(0.231565889459,-14.58171559594,
    -47.07440125578));
#4041 = CARTESIAN_POINT('',(3.140456694469,-14.29799391091,
    -47.49337197612));
#4042 = CARTESIAN_POINT('',(5.522667734066,-14.01317653992,
    -49.89989890149));
#4043 = CARTESIAN_POINT('',(5.913998247502,-13.73015365561,
    -53.70329985725));
#4044 = CARTESIAN_POINT('',(3.41922801441,-13.4448598241,-56.95838926937
    ));
#4045 = CARTESIAN_POINT('',(-0.359014139454,-13.16181236492,
    -57.56220560792));
#4046 = CARTESIAN_POINT('',(-3.298076920965,-12.87703443526,
    -55.88576953387));
#4047 = CARTESIAN_POINT('',(-4.456604855497,-12.59327200619,
    -53.18356963079));
#4048 = CARTESIAN_POINT('',(-3.947409584709,-12.30907988547,
    -50.74768951529));
#4049 = CARTESIAN_POINT('',(-2.474873734167,-12.02500000001,
    -49.27512626583));
#4050 = CARTESIAN_POINT('',(-1.002361952482,-11.74094008911,
    -47.80253557561));
#4051 = CARTESIAN_POINT('',(1.433811603854,-11.45671292406,
    -47.2936564066));
#4052 = CARTESIAN_POINT('',(4.13513887084,-11.17300113793,
    -48.45121136425));
#4053 = CARTESIAN_POINT('',(5.813340326493,-10.88816206315,
    -51.39233458866));
#4054 = CARTESIAN_POINT('',(5.20691412911,-10.6051766413,-55.167360954)
  );
#4055 = CARTESIAN_POINT('',(1.954714085963,-10.31982997564,
    -57.6659273498));
#4056 = CARTESIAN_POINT('',(-1.851116170375,-10.03684454504,
    -57.27118772235));
#4057 = CARTESIAN_POINT('',(-4.256090530924,-9.752005481424,
    -54.89128834832));
#4058 = CARTESIAN_POINT('',(-4.675802122676,-9.468293687636,
    -51.98123262451));
#4059 = CARTESIAN_POINT('',(-3.553477179337,-9.184066525693,
    -49.76019926102));
#4060 = CARTESIAN_POINT('',(-1.750005269106,-8.900006614161,
    -48.71890038138));
#4061 = ADVANCED_FACE('',(#4062),#4073,.T.);
#4062 = FACE_BOUND('',#4063,.T.);
#4063 = EDGE_LOOP('',(#4064,#4071,#4072));
#4064 = ORIENTED_EDGE('',*,*,#4065,.F.);
#4065 = EDGE_CURVE('',#1404,#3624,#4066,.T.);
#4066 = CIRCLE('',#4067,4.);
#4067 = AXIS2_PLACEMENT_3D('',#4068,#4069,#4070);
#4068 = CARTESIAN_POINT('',(0.,-11.,-51.75));
#4069 = DIRECTION('',(0.,1.,2.22044604925E-16));
#4070 = DIRECTION('',(1.,0.,-0.));
#4071 = ORIENTED_EDGE('',*,*,#1403,.F.);
#4072 = ORIENTED_EDGE('',*,*,#3678,.F.);
#4073 = PLANE('',#4074);
#4074 = AXIS2_PLACEMENT_3D('',#4075,#4076,#4077);
#4075 = CARTESIAN_POINT('',(0.,-11.,-51.75));
#4076 = DIRECTION('',(0.,1.,2.22044604925E-16));
#4077 = DIRECTION('',(1.,0.,-0.));
#4078 = ADVANCED_FACE('',(#4079),#4114,.T.);
#4079 = FACE_BOUND('',#4080,.T.);
#4080 = EDGE_LOOP('',(#4081,#4091,#4098,#4099,#4106,#4107));
#4081 = ORIENTED_EDGE('',*,*,#4082,.T.);
#4082 = EDGE_CURVE('',#4083,#4085,#4087,.T.);
#4083 = VERTEX_POINT('',#4084);
#4084 = CARTESIAN_POINT('',(4.,-11.,-51.75));
#4085 = VERTEX_POINT('',#4086);
#4086 = CARTESIAN_POINT('',(2.5,-9.,-51.75));
#4087 = LINE('',#4088,#4089);
#4088 = CARTESIAN_POINT('',(4.,-11.,-51.75));
#4089 = VECTOR('',#4090,1.);
#4090 = DIRECTION('',(-0.6,0.8,3.067806804234E-17));
#4091 = ORIENTED_EDGE('',*,*,#4092,.F.);
#4092 = EDGE_CURVE('',#4085,#4085,#4093,.T.);
#4093 = CIRCLE('',#4094,2.5);
#4094 = AXIS2_PLACEMENT_3D('',#4095,#4096,#4097);
#4095 = CARTESIAN_POINT('',(0.,-9.,-51.75));
#4096 = DIRECTION('',(0.,1.,2.22044604925E-16));
#4097 = DIRECTION('',(1.,0.,-0.));
#4098 = ORIENTED_EDGE('',*,*,#4082,.F.);
#4099 = ORIENTED_EDGE('',*,*,#4100,.T.);
#4100 = EDGE_CURVE('',#4083,#1404,#4101,.T.);
#4101 = CIRCLE('',#4102,4.);
#4102 = AXIS2_PLACEMENT_3D('',#4103,#4104,#4105);
#4103 = CARTESIAN_POINT('',(0.,-11.,-51.75));
#4104 = DIRECTION('',(0.,1.,2.22044604925E-16));
#4105 = DIRECTION('',(1.,0.,-0.));
#4106 = ORIENTED_EDGE('',*,*,#4065,.T.);
#4107 = ORIENTED_EDGE('',*,*,#4108,.T.);
#4108 = EDGE_CURVE('',#3624,#4083,#4109,.T.);
#4109 = CIRCLE('',#4110,4.);
#4110 = AXIS2_PLACEMENT_3D('',#4111,#4112,#4113);
#4111 = CARTESIAN_POINT('',(0.,-11.,-51.75));
#4112 = DIRECTION('',(0.,1.,2.22044604925E-16));
#4113 = DIRECTION('',(1.,0.,-0.));
#4114 = CONICAL_SURFACE('',#4115,4.,0.643501108793);
#4115 = AXIS2_PLACEMENT_3D('',#4116,#4117,#4118);
#4116 = CARTESIAN_POINT('',(0.,-11.,-51.75));
#4117 = DIRECTION('',(0.,-1.,-2.22044604925E-16));
#4118 = DIRECTION('',(1.,0.,-0.));
#4119 = ADVANCED_FACE('',(#4120),#4123,.T.);
#4120 = FACE_BOUND('',#4121,.T.);
#4121 = EDGE_LOOP('',(#4122));
#4122 = ORIENTED_EDGE('',*,*,#4092,.T.);
#4123 = PLANE('',#4124);
#4124 = AXIS2_PLACEMENT_3D('',#4125,#4126,#4127);
#4125 = CARTESIAN_POINT('',(0.,-9.,-51.75));
#4126 = DIRECTION('',(0.,1.,2.22044604925E-16));
#4127 = DIRECTION('',(1.,0.,-0.));
#4128 = ADVANCED_FACE('',(#4129),#4137,.T.);
#4129 = FACE_BOUND('',#4130,.T.);
#4130 = EDGE_LOOP('',(#4131,#4132,#4133,#4134,#4135,#4136));
#4131 = ORIENTED_EDGE('',*,*,#1046,.T.);
#4132 = ORIENTED_EDGE('',*,*,#947,.T.);
#4133 = ORIENTED_EDGE('',*,*,#1061,.F.);
#4134 = ORIENTED_EDGE('',*,*,#1077,.F.);
#4135 = ORIENTED_EDGE('',*,*,#828,.F.);
#4136 = ORIENTED_EDGE('',*,*,#1030,.T.);
#4137 = CYLINDRICAL_SURFACE('',#4138,8.);
#4138 = AXIS2_PLACEMENT_3D('',#4139,#4140,#4141);
#4139 = CARTESIAN_POINT('',(0.,-63.,-51.75));
#4140 = DIRECTION('',(0.,1.,2.22044604925E-16));
#4141 = DIRECTION('',(1.,0.,-0.));
#4142 = ADVANCED_FACE('',(#4143),#4181,.T.);
#4143 = FACE_BOUND('',#4144,.T.);
#4144 = EDGE_LOOP('',(#4145,#4146,#4147,#4148,#4149,#4150,#4151,#4152,
    #4153,#4154,#4155,#4156,#4157,#4158,#4159,#4160,#4161,#4162,#4163,
    #4164,#4165,#4166,#4167,#4168,#4169,#4170,#4171,#4172,#4173,#4174,
    #4175,#4176,#4177,#4178,#4179,#4180));
#4145 = ORIENTED_EDGE('',*,*,#1446,.T.);
#4146 = ORIENTED_EDGE('',*,*,#4100,.F.);
#4147 = ORIENTED_EDGE('',*,*,#4108,.F.);
#4148 = ORIENTED_EDGE('',*,*,#3623,.F.);
#4149 = ORIENTED_EDGE('',*,*,#3560,.F.);
#4150 = ORIENTED_EDGE('',*,*,#3497,.F.);
#4151 = ORIENTED_EDGE('',*,*,#3420,.F.);
#4152 = ORIENTED_EDGE('',*,*,#3365,.F.);
#4153 = ORIENTED_EDGE('',*,*,#3309,.F.);
#4154 = ORIENTED_EDGE('',*,*,#3246,.F.);
#4155 = ORIENTED_EDGE('',*,*,#3190,.F.);
#4156 = ORIENTED_EDGE('',*,*,#3120,.F.);
#4157 = ORIENTED_EDGE('',*,*,#3050,.F.);
#4158 = ORIENTED_EDGE('',*,*,#2987,.F.);
#4159 = ORIENTED_EDGE('',*,*,#2924,.F.);
#4160 = ORIENTED_EDGE('',*,*,#2861,.F.);
#4161 = ORIENTED_EDGE('',*,*,#2791,.F.);
#4162 = ORIENTED_EDGE('',*,*,#2742,.F.);
#4163 = ORIENTED_EDGE('',*,*,#1137,.T.);
#4164 = ORIENTED_EDGE('',*,*,#1128,.T.);
#4165 = ORIENTED_EDGE('',*,*,#1119,.T.);
#4166 = ORIENTED_EDGE('',*,*,#1201,.T.);
#4167 = ORIENTED_EDGE('',*,*,#2321,.T.);
#4168 = ORIENTED_EDGE('',*,*,#2265,.T.);
#4169 = ORIENTED_EDGE('',*,*,#2195,.T.);
#4170 = ORIENTED_EDGE('',*,*,#2118,.T.);
#4171 = ORIENTED_EDGE('',*,*,#2055,.T.);
#4172 = ORIENTED_EDGE('',*,*,#1992,.T.);
#4173 = ORIENTED_EDGE('',*,*,#1929,.T.);
#4174 = ORIENTED_EDGE('',*,*,#1866,.T.);
#4175 = ORIENTED_EDGE('',*,*,#1796,.T.);
#4176 = ORIENTED_EDGE('',*,*,#1733,.T.);
#4177 = ORIENTED_EDGE('',*,*,#1670,.T.);
#4178 = ORIENTED_EDGE('',*,*,#1600,.T.);
#4179 = ORIENTED_EDGE('',*,*,#1537,.T.);
#4180 = ORIENTED_EDGE('',*,*,#1474,.T.);
#4181 = CYLINDRICAL_SURFACE('',#4182,4.);
#4182 = AXIS2_PLACEMENT_3D('',#4183,#4184,#4185);
#4183 = CARTESIAN_POINT('',(0.,-55.,-51.75));
#4184 = DIRECTION('',(0.,1.,2.22044604925E-16));
#4185 = DIRECTION('',(1.,0.,-0.));
#4186 = MANIFOLD_SOLID_BREP('',#4187);
#4187 = CLOSED_SHELL('',(#4188,#4228,#4259,#4290,#4323,#4363,#4394,#4416
    ,#4792,#5810,#6602,#6664,#6678));
#4188 = ADVANCED_FACE('',(#4189),#4223,.T.);
#4189 = FACE_BOUND('',#4190,.T.);
#4190 = EDGE_LOOP('',(#4191,#4201,#4209,#4217));
#4191 = ORIENTED_EDGE('',*,*,#4192,.F.);
#4192 = EDGE_CURVE('',#4193,#4195,#4197,.T.);
#4193 = VERTEX_POINT('',#4194);
#4194 = CARTESIAN_POINT('',(2.5,43.,-68.75));
#4195 = VERTEX_POINT('',#4196);
#4196 = CARTESIAN_POINT('',(2.5,43.,-60.39580823289));
#4197 = LINE('',#4198,#4199);
#4198 = CARTESIAN_POINT('',(2.5,43.,-68.75));
#4199 = VECTOR('',#4200,1.);
#4200 = DIRECTION('',(0.,2.22044604925E-16,1.));
#4201 = ORIENTED_EDGE('',*,*,#4202,.F.);
#4202 = EDGE_CURVE('',#4203,#4193,#4205,.T.);
#4203 = VERTEX_POINT('',#4204);
#4204 = CARTESIAN_POINT('',(2.5,55.,-68.75));
#4205 = LINE('',#4206,#4207);
#4206 = CARTESIAN_POINT('',(2.5,55.,-68.75));
#4207 = VECTOR('',#4208,1.);
#4208 = DIRECTION('',(0.,-1.,2.22044604925E-16));
#4209 = ORIENTED_EDGE('',*,*,#4210,.T.);
#4210 = EDGE_CURVE('',#4203,#4211,#4213,.T.);
#4211 = VERTEX_POINT('',#4212);
#4212 = CARTESIAN_POINT('',(2.5,55.,-60.39580823289));
#4213 = LINE('',#4214,#4215);
#4214 = CARTESIAN_POINT('',(2.5,55.,-68.75));
#4215 = VECTOR('',#4216,1.);
#4216 = DIRECTION('',(0.,2.22044604925E-16,1.));
#4217 = ORIENTED_EDGE('',*,*,#4218,.T.);
#4218 = EDGE_CURVE('',#4211,#4195,#4219,.T.);
#4219 = LINE('',#4220,#4221);
#4220 = CARTESIAN_POINT('',(2.5,55.,-60.39580823289));
#4221 = VECTOR('',#4222,1.);
#4222 = DIRECTION('',(0.,-1.,2.22044604925E-16));
#4223 = PLANE('',#4224);
#4224 = AXIS2_PLACEMENT_3D('',#4225,#4226,#4227);
#4225 = CARTESIAN_POINT('',(2.5,55.,-68.75));
#4226 = DIRECTION('',(1.,0.,0.));
#4227 = DIRECTION('',(0.,-1.,2.22044604925E-16));
#4228 = ADVANCED_FACE('',(#4229),#4254,.F.);
#4229 = FACE_BOUND('',#4230,.F.);
#4230 = EDGE_LOOP('',(#4231,#4239,#4247,#4253));
#4231 = ORIENTED_EDGE('',*,*,#4232,.F.);
#4232 = EDGE_CURVE('',#4233,#4203,#4235,.T.);
#4233 = VERTEX_POINT('',#4234);
#4234 = CARTESIAN_POINT('',(-2.5,55.,-68.75));
#4235 = LINE('',#4236,#4237);
#4236 = CARTESIAN_POINT('',(-2.5,55.,-68.75));
#4237 = VECTOR('',#4238,1.);
#4238 = DIRECTION('',(1.,0.,0.));
#4239 = ORIENTED_EDGE('',*,*,#4240,.T.);
#4240 = EDGE_CURVE('',#4233,#4241,#4243,.T.);
#4241 = VERTEX_POINT('',#4242);
#4242 = CARTESIAN_POINT('',(-2.5,43.,-68.75));
#4243 = LINE('',#4244,#4245);
#4244 = CARTESIAN_POINT('',(-2.5,55.,-68.75));
#4245 = VECTOR('',#4246,1.);
#4246 = DIRECTION('',(0.,-1.,2.22044604925E-16));
#4247 = ORIENTED_EDGE('',*,*,#4248,.T.);
#4248 = EDGE_CURVE('',#4241,#4193,#4249,.T.);
#4249 = LINE('',#4250,#4251);
#4250 = CARTESIAN_POINT('',(-2.5,43.,-68.75));
#4251 = VECTOR('',#4252,1.);
#4252 = DIRECTION('',(1.,0.,0.));
#4253 = ORIENTED_EDGE('',*,*,#4202,.F.);
#4254 = PLANE('',#4255);
#4255 = AXIS2_PLACEMENT_3D('',#4256,#4257,#4258);
#4256 = CARTESIAN_POINT('',(-2.5,55.,-68.75));
#4257 = DIRECTION('',(0.,2.22044604925E-16,1.));
#4258 = DIRECTION('',(0.,-1.,2.22044604925E-16));
#4259 = ADVANCED_FACE('',(#4260),#4285,.F.);
#4260 = FACE_BOUND('',#4261,.F.);
#4261 = EDGE_LOOP('',(#4262,#4270,#4271,#4279));
#4262 = ORIENTED_EDGE('',*,*,#4263,.F.);
#4263 = EDGE_CURVE('',#4241,#4264,#4266,.T.);
#4264 = VERTEX_POINT('',#4265);
#4265 = CARTESIAN_POINT('',(-2.5,43.,-60.39580823289));
#4266 = LINE('',#4267,#4268);
#4267 = CARTESIAN_POINT('',(-2.5,43.,-68.75));
#4268 = VECTOR('',#4269,1.);
#4269 = DIRECTION('',(0.,2.22044604925E-16,1.));
#4270 = ORIENTED_EDGE('',*,*,#4240,.F.);
#4271 = ORIENTED_EDGE('',*,*,#4272,.T.);
#4272 = EDGE_CURVE('',#4233,#4273,#4275,.T.);
#4273 = VERTEX_POINT('',#4274);
#4274 = CARTESIAN_POINT('',(-2.5,55.,-60.39580823289));
#4275 = LINE('',#4276,#4277);
#4276 = CARTESIAN_POINT('',(-2.5,55.,-68.75));
#4277 = VECTOR('',#4278,1.);
#4278 = DIRECTION('',(0.,2.22044604925E-16,1.));
#4279 = ORIENTED_EDGE('',*,*,#4280,.T.);
#4280 = EDGE_CURVE('',#4273,#4264,#4281,.T.);
#4281 = LINE('',#4282,#4283);
#4282 = CARTESIAN_POINT('',(-2.5,55.,-60.39580823289));
#4283 = VECTOR('',#4284,1.);
#4284 = DIRECTION('',(0.,-1.,2.22044604925E-16));
#4285 = PLANE('',#4286);
#4286 = AXIS2_PLACEMENT_3D('',#4287,#4288,#4289);
#4287 = CARTESIAN_POINT('',(-2.5,55.,-68.75));
#4288 = DIRECTION('',(1.,0.,0.));
#4289 = DIRECTION('',(0.,-1.,2.22044604925E-16));
#4290 = ADVANCED_FACE('',(#4291),#4318,.T.);
#4291 = FACE_BOUND('',#4292,.T.);
#4292 = EDGE_LOOP('',(#4293,#4302,#4310,#4317));
#4293 = ORIENTED_EDGE('',*,*,#4294,.F.);
#4294 = EDGE_CURVE('',#4295,#4264,#4297,.T.);
#4295 = VERTEX_POINT('',#4296);
#4296 = CARTESIAN_POINT('',(-2.5,43.,-43.1041917671));
#4297 = CIRCLE('',#4298,9.);
#4298 = AXIS2_PLACEMENT_3D('',#4299,#4300,#4301);
#4299 = CARTESIAN_POINT('',(0.,43.,-51.75));
#4300 = DIRECTION('',(0.,-1.,2.22044604925E-16));
#4301 = DIRECTION('',(1.,0.,0.));
#4302 = ORIENTED_EDGE('',*,*,#4303,.F.);
#4303 = EDGE_CURVE('',#4304,#4295,#4306,.T.);
#4304 = VERTEX_POINT('',#4305);
#4305 = CARTESIAN_POINT('',(-2.5,55.,-43.1041917671));
#4306 = LINE('',#4307,#4308);
#4307 = CARTESIAN_POINT('',(-2.5,55.,-43.1041917671));
#4308 = VECTOR('',#4309,1.);
#4309 = DIRECTION('',(0.,-1.,2.22044604925E-16));
#4310 = ORIENTED_EDGE('',*,*,#4311,.T.);
#4311 = EDGE_CURVE('',#4304,#4273,#4312,.T.);
#4312 = CIRCLE('',#4313,9.);
#4313 = AXIS2_PLACEMENT_3D('',#4314,#4315,#4316);
#4314 = CARTESIAN_POINT('',(0.,55.,-51.75));
#4315 = DIRECTION('',(0.,-1.,2.22044604925E-16));
#4316 = DIRECTION('',(1.,0.,0.));
#4317 = ORIENTED_EDGE('',*,*,#4280,.T.);
#4318 = CYLINDRICAL_SURFACE('',#4319,9.);
#4319 = AXIS2_PLACEMENT_3D('',#4320,#4321,#4322);
#4320 = CARTESIAN_POINT('',(0.,55.,-51.75));
#4321 = DIRECTION('',(0.,-1.,2.22044604925E-16));
#4322 = DIRECTION('',(1.,0.,0.));
#4323 = ADVANCED_FACE('',(#4324),#4358,.T.);
#4324 = FACE_BOUND('',#4325,.T.);
#4325 = EDGE_LOOP('',(#4326,#4336,#4344,#4352));
#4326 = ORIENTED_EDGE('',*,*,#4327,.F.);
#4327 = EDGE_CURVE('',#4328,#4330,#4332,.T.);
#4328 = VERTEX_POINT('',#4329);
#4329 = CARTESIAN_POINT('',(2.5,43.,-43.1041917671));
#4330 = VERTEX_POINT('',#4331);
#4331 = CARTESIAN_POINT('',(2.5,43.,-34.75));
#4332 = LINE('',#4333,#4334);
#4333 = CARTESIAN_POINT('',(2.5,43.,-68.75));
#4334 = VECTOR('',#4335,1.);
#4335 = DIRECTION('',(0.,2.22044604925E-16,1.));
#4336 = ORIENTED_EDGE('',*,*,#4337,.F.);
#4337 = EDGE_CURVE('',#4338,#4328,#4340,.T.);
#4338 = VERTEX_POINT('',#4339);
#4339 = CARTESIAN_POINT('',(2.5,55.,-43.1041917671));
#4340 = LINE('',#4341,#4342);
#4341 = CARTESIAN_POINT('',(2.5,55.,-43.1041917671));
#4342 = VECTOR('',#4343,1.);
#4343 = DIRECTION('',(0.,-1.,2.22044604925E-16));
#4344 = ORIENTED_EDGE('',*,*,#4345,.T.);
#4345 = EDGE_CURVE('',#4338,#4346,#4348,.T.);
#4346 = VERTEX_POINT('',#4347);
#4347 = CARTESIAN_POINT('',(2.5,55.,-34.75));
#4348 = LINE('',#4349,#4350);
#4349 = CARTESIAN_POINT('',(2.5,55.,-68.75));
#4350 = VECTOR('',#4351,1.);
#4351 = DIRECTION('',(0.,2.22044604925E-16,1.));
#4352 = ORIENTED_EDGE('',*,*,#4353,.T.);
#4353 = EDGE_CURVE('',#4346,#4330,#4354,.T.);
#4354 = LINE('',#4355,#4356);
#4355 = CARTESIAN_POINT('',(2.5,55.,-34.75));
#4356 = VECTOR('',#4357,1.);
#4357 = DIRECTION('',(0.,-1.,2.22044604925E-16));
#4358 = PLANE('',#4359);
#4359 = AXIS2_PLACEMENT_3D('',#4360,#4361,#4362);
#4360 = CARTESIAN_POINT('',(2.5,55.,-68.75));
#4361 = DIRECTION('',(1.,0.,0.));
#4362 = DIRECTION('',(0.,-1.,2.22044604925E-16));
#4363 = ADVANCED_FACE('',(#4364),#4389,.T.);
#4364 = FACE_BOUND('',#4365,.T.);
#4365 = EDGE_LOOP('',(#4366,#4374,#4382,#4388));
#4366 = ORIENTED_EDGE('',*,*,#4367,.F.);
#4367 = EDGE_CURVE('',#4368,#4346,#4370,.T.);
#4368 = VERTEX_POINT('',#4369);
#4369 = CARTESIAN_POINT('',(-2.5,55.,-34.75));
#4370 = LINE('',#4371,#4372);
#4371 = CARTESIAN_POINT('',(-2.5,55.,-34.75));
#4372 = VECTOR('',#4373,1.);
#4373 = DIRECTION('',(1.,0.,0.));
#4374 = ORIENTED_EDGE('',*,*,#4375,.T.);
#4375 = EDGE_CURVE('',#4368,#4376,#4378,.T.);
#4376 = VERTEX_POINT('',#4377);
#4377 = CARTESIAN_POINT('',(-2.5,43.,-34.75));
#4378 = LINE('',#4379,#4380);
#4379 = CARTESIAN_POINT('',(-2.5,55.,-34.75));
#4380 = VECTOR('',#4381,1.);
#4381 = DIRECTION('',(0.,-1.,2.22044604925E-16));
#4382 = ORIENTED_EDGE('',*,*,#4383,.T.);
#4383 = EDGE_CURVE('',#4376,#4330,#4384,.T.);
#4384 = LINE('',#4385,#4386);
#4385 = CARTESIAN_POINT('',(-2.5,43.,-34.75));
#4386 = VECTOR('',#4387,1.);
#4387 = DIRECTION('',(1.,0.,0.));
#4388 = ORIENTED_EDGE('',*,*,#4353,.F.);
#4389 = PLANE('',#4390);
#4390 = AXIS2_PLACEMENT_3D('',#4391,#4392,#4393);
#4391 = CARTESIAN_POINT('',(-2.5,55.,-34.75));
#4392 = DIRECTION('',(0.,2.22044604925E-16,1.));
#4393 = DIRECTION('',(0.,-1.,2.22044604925E-16));
#4394 = ADVANCED_FACE('',(#4395),#4411,.F.);
#4395 = FACE_BOUND('',#4396,.F.);
#4396 = EDGE_LOOP('',(#4397,#4403,#4404,#4410));
#4397 = ORIENTED_EDGE('',*,*,#4398,.F.);
#4398 = EDGE_CURVE('',#4295,#4376,#4399,.T.);
#4399 = LINE('',#4400,#4401);
#4400 = CARTESIAN_POINT('',(-2.5,43.,-68.75));
#4401 = VECTOR('',#4402,1.);
#4402 = DIRECTION('',(0.,2.22044604925E-16,1.));
#4403 = ORIENTED_EDGE('',*,*,#4303,.F.);
#4404 = ORIENTED_EDGE('',*,*,#4405,.T.);
#4405 = EDGE_CURVE('',#4304,#4368,#4406,.T.);
#4406 = LINE('',#4407,#4408);
#4407 = CARTESIAN_POINT('',(-2.5,55.,-68.75));
#4408 = VECTOR('',#4409,1.);
#4409 = DIRECTION('',(0.,2.22044604925E-16,1.));
#4410 = ORIENTED_EDGE('',*,*,#4375,.T.);
#4411 = PLANE('',#4412);
#4412 = AXIS2_PLACEMENT_3D('',#4413,#4414,#4415);
#4413 = CARTESIAN_POINT('',(-2.5,55.,-68.75));
#4414 = DIRECTION('',(1.,0.,0.));
#4415 = DIRECTION('',(0.,-1.,2.22044604925E-16));
#4416 = ADVANCED_FACE('',(#4417,#4442),#4787,.T.);
#4417 = FACE_BOUND('',#4418,.T.);
#4418 = EDGE_LOOP('',(#4419,#4428,#4435,#4436,#4437,#4438,#4439,#4440,
    #4441));
#4419 = ORIENTED_EDGE('',*,*,#4420,.F.);
#4420 = EDGE_CURVE('',#4421,#4338,#4423,.T.);
#4421 = VERTEX_POINT('',#4422);
#4422 = CARTESIAN_POINT('',(9.,55.,-51.75));
#4423 = CIRCLE('',#4424,9.);
#4424 = AXIS2_PLACEMENT_3D('',#4425,#4426,#4427);
#4425 = CARTESIAN_POINT('',(0.,55.,-51.75));
#4426 = DIRECTION('',(0.,-1.,2.22044604925E-16));
#4427 = DIRECTION('',(1.,0.,0.));
#4428 = ORIENTED_EDGE('',*,*,#4429,.F.);
#4429 = EDGE_CURVE('',#4211,#4421,#4430,.T.);
#4430 = CIRCLE('',#4431,9.);
#4431 = AXIS2_PLACEMENT_3D('',#4432,#4433,#4434);
#4432 = CARTESIAN_POINT('',(0.,55.,-51.75));
#4433 = DIRECTION('',(0.,-1.,2.22044604925E-16));
#4434 = DIRECTION('',(1.,0.,0.));
#4435 = ORIENTED_EDGE('',*,*,#4210,.F.);
#4436 = ORIENTED_EDGE('',*,*,#4232,.F.);
#4437 = ORIENTED_EDGE('',*,*,#4272,.T.);
#4438 = ORIENTED_EDGE('',*,*,#4311,.F.);
#4439 = ORIENTED_EDGE('',*,*,#4405,.T.);
#4440 = ORIENTED_EDGE('',*,*,#4367,.T.);
#4441 = ORIENTED_EDGE('',*,*,#4345,.F.);
#4442 = FACE_BOUND('',#4443,.T.);
#4443 = EDGE_LOOP('',(#4444,#4621,#4700,#4731,#4740,#4749,#4758));
#4444 = ORIENTED_EDGE('',*,*,#4445,.F.);
#4445 = EDGE_CURVE('',#4446,#4448,#4450,.T.);
#4446 = VERTEX_POINT('',#4447);
#4447 = CARTESIAN_POINT('',(5.6,55.,-51.74999999997));
#4448 = VERTEX_POINT('',#4449);
#4449 = CARTESIAN_POINT('',(2.5,55.,-55.66239017374));
#4450 = B_SPLINE_CURVE_WITH_KNOTS('',8,(#4451,#4452,#4453,#4454,#4455,
    #4456,#4457,#4458,#4459,#4460,#4461,#4462,#4463,#4464,#4465,#4466,
    #4467,#4468,#4469,#4470,#4471,#4472,#4473,#4474,#4475,#4476,#4477,
    #4478,#4479,#4480,#4481,#4482,#4483,#4484,#4485,#4486,#4487,#4488,
    #4489,#4490,#4491,#4492,#4493,#4494,#4495,#4496,#4497,#4498,#4499,
    #4500,#4501,#4502,#4503,#4504,#4505,#4506,#4507,#4508,#4509,#4510,
    #4511,#4512,#4513,#4514,#4515,#4516,#4517,#4518,#4519,#4520,#4521,
    #4522,#4523,#4524,#4525,#4526,#4527,#4528,#4529,#4530,#4531,#4532,
    #4533,#4534,#4535,#4536,#4537,#4538,#4539,#4540,#4541,#4542,#4543,
    #4544,#4545,#4546,#4547,#4548,#4549,#4550,#4551,#4552,#4553,#4554,
    #4555,#4556,#4557,#4558,#4559,#4560,#4561,#4562,#4563,#4564,#4565,
    #4566,#4567,#4568,#4569,#4570,#4571,#4572,#4573,#4574,#4575,#4576,
    #4577,#4578,#4579,#4580,#4581,#4582,#4583,#4584,#4585,#4586,#4587,
    #4588,#4589,#4590,#4591,#4592,#4593,#4594,#4595,#4596,#4597,#4598,
    #4599,#4600,#4601,#4602,#4603,#4604,#4605,#4606,#4607,#4608,#4609,
    #4610,#4611,#4612,#4613,#4614,#4615,#4616,#4617,#4618,#4619,#4620),
  .UNSPECIFIED.,.F.,.F.,(9,7,7,7,7,7,7,7,7,7,7,7,7,7,7,7,7,7,7,7,7,7,7,7
    ,9),(0.,3.625372200493E-02,7.231985686225E-02,0.108198052185,
    0.143743971173,0.179246469395,0.214418014012,0.249544548697,
    0.284341692746,0.319092433823,0.353515503594,0.387890902736,
    0.421940442792,0.455941117187,0.489617791701,0.52324444074,
    0.556548964809,0.61391787382,0.670729033306,0.7269833396,
    0.782681655272,0.837824812132,0.892413618986,0.946448872136,1.),
  .UNSPECIFIED.);
#4451 = CARTESIAN_POINT('',(5.6,55.,-51.74999999997));
#4452 = CARTESIAN_POINT('',(5.595996085497,55.,-51.7734778071));
#4453 = CARTESIAN_POINT('',(5.591878796901,55.,-51.79693532416));
#4454 = CARTESIAN_POINT('',(5.587641189656,55.,-51.82036944688));
#4455 = CARTESIAN_POINT('',(5.583295375243,55.,-51.84378373658));
#4456 = CARTESIAN_POINT('',(5.578827438122,55.,-51.86717264464));
#4457 = CARTESIAN_POINT('',(5.574248353866,55.,-51.89053921886));
#4458 = CARTESIAN_POINT('',(5.569552489519,55.,-51.91388089473));
#4459 = CARTESIAN_POINT('',(5.559955743399,55.,-51.96039347942));
#4460 = CARTESIAN_POINT('',(5.555055791753,55.,-51.98356459654));
#4461 = CARTESIAN_POINT('',(5.550041860508,55.,-52.00671018111));
#4462 = CARTESIAN_POINT('',(5.544913999667,55.,-52.02982955127));
#4463 = CARTESIAN_POINT('',(5.539672263974,55.,-52.05292202408));
#4464 = CARTESIAN_POINT('',(5.53431671291,55.,-52.07598691547));
#4465 = CARTESIAN_POINT('',(5.528847410697,55.,-52.09902354027));
#4466 = CARTESIAN_POINT('',(5.517710534655,55.,-52.1449189919));
#4467 = CARTESIAN_POINT('',(5.512044142593,55.,-52.16777811977));
#4468 = CARTESIAN_POINT('',(5.506265318001,55.,-52.19060792024));
#4469 = CARTESIAN_POINT('',(5.500374133555,55.,-52.21340771675));
#4470 = CARTESIAN_POINT('',(5.494370666712,55.,-52.23617683182));
#4471 = CARTESIAN_POINT('',(5.488254999712,55.,-52.25891458702));
#4472 = CARTESIAN_POINT('',(5.48202721958,55.,-52.28162030296));
#4473 = CARTESIAN_POINT('',(5.469406331043,55.,-52.32675631578));
#4474 = CARTESIAN_POINT('',(5.463015287999,55.,-52.349187216));
#4475 = CARTESIAN_POINT('',(5.456514378275,55.,-52.37158533838));
#4476 = CARTESIAN_POINT('',(5.449903695891,55.,-52.39395002054));
#4477 = CARTESIAN_POINT('',(5.443183339606,55.,-52.41628059936));
#4478 = CARTESIAN_POINT('',(5.436353412915,55.,-52.43857641092));
#4479 = CARTESIAN_POINT('',(5.429414024051,55.,-52.46083679054));
#4480 = CARTESIAN_POINT('',(5.415325158232,55.,-52.5052582072));
#4481 = CARTESIAN_POINT('',(5.408175948315,55.,-52.52741933246));
#4482 = CARTESIAN_POINT('',(5.400917768794,55.,-52.54954378557));
#4483 = CARTESIAN_POINT('',(5.393550737064,55.,-52.57163090289));
#4484 = CARTESIAN_POINT('',(5.386074975357,55.,-52.59368002016));
#4485 = CARTESIAN_POINT('',(5.378490610737,55.,-52.61569047254));
#4486 = CARTESIAN_POINT('',(5.370797775106,55.,-52.63766159453));
#4487 = CARTESIAN_POINT('',(5.355268157652,55.,-52.68131940401));
#4488 = CARTESIAN_POINT('',(5.347433386242,55.,-52.70300683382));
#4489 = CARTESIAN_POINT('',(5.339492423924,55.,-52.72465436182));
#4490 = CARTESIAN_POINT('',(5.331445408418,55.,-52.74626133989));
#4491 = CARTESIAN_POINT('',(5.323292482214,55.,-52.76782711952));
#4492 = CARTESIAN_POINT('',(5.315033792565,55.,-52.78935105171));
#4493 = CARTESIAN_POINT('',(5.306669491496,55.,-52.81083248704));
#4494 = CARTESIAN_POINT('',(5.289740819063,55.,-52.85368162909));
#4495 = CARTESIAN_POINT('',(5.281176717475,55.,-52.87504944628));
#4496 = CARTESIAN_POINT('',(5.272507587225,55.,-52.8963735798));
#4497 = CARTESIAN_POINT('',(5.263733589355,55.,-52.91765338199));
#4498 = CARTESIAN_POINT('',(5.254854889748,55.,-52.93888820487));
#4499 = CARTESIAN_POINT('',(5.245871659138,55.,-52.96007740021));
#4500 = CARTESIAN_POINT('',(5.236784073102,55.,-52.98122031946));
#4501 = CARTESIAN_POINT('',(5.218486744553,55.,-53.02321448552));
#4502 = CARTESIAN_POINT('',(5.20927894667,55.,-53.04406660836));
#4503 = CARTESIAN_POINT('',(5.199969093813,55.,-53.06487205157));
#4504 = CARTESIAN_POINT('',(5.190557366143,55.,-53.08563018429));
#4505 = CARTESIAN_POINT('',(5.181043948579,55.,-53.10634037551));
#4506 = CARTESIAN_POINT('',(5.171429030803,55.,-53.12700199413));
#4507 = CARTESIAN_POINT('',(5.161712807252,55.,-53.14761440892));
#4508 = CARTESIAN_POINT('',(5.142091238689,55.,-53.18871214733));
#4509 = CARTESIAN_POINT('',(5.132186163185,55.,-53.20919760388));
#4510 = CARTESIAN_POINT('',(5.122180449024,55.,-53.22963272933));
#4511 = CARTESIAN_POINT('',(5.112074299436,55.,-53.25001689488));
#4512 = CARTESIAN_POINT('',(5.101867922468,55.,-53.27034947175));
#4513 = CARTESIAN_POINT('',(5.091561530994,55.,-53.29062983124));
#4514 = CARTESIAN_POINT('',(5.081155342704,55.,-53.31085734465));
#4515 = CARTESIAN_POINT('',(5.060242878341,55.,-53.35101519719));
#4516 = CARTESIAN_POINT('',(5.049738471252,55.,-53.37094654012));
#4517 = CARTESIAN_POINT('',(5.039136575128,55.,-53.39082480108));
#4518 = CARTESIAN_POINT('',(5.028437410972,55.,-53.41064936924));
#4519 = CARTESIAN_POINT('',(5.017641204506,55.,-53.43041963394));
#4520 = CARTESIAN_POINT('',(5.006748186171,55.,-53.45013498474));
#4521 = CARTESIAN_POINT('',(4.99575859113,55.,-53.46979481138));
#4522 = CARTESIAN_POINT('',(4.973602079699,55.,-53.50897504814));
#4523 = CARTESIAN_POINT('',(4.962435429972,55.,-53.52849561374));
#4524 = CARTESIAN_POINT('',(4.951172948972,55.,-53.54795959305));
#4525 = CARTESIAN_POINT('',(4.939814880357,55.,-53.56736637889));
#4526 = CARTESIAN_POINT('',(4.92836147255,55.,-53.58671536445));
#4527 = CARTESIAN_POINT('',(4.916812978738,55.,-53.60600594326));
#4528 = CARTESIAN_POINT('',(4.905169656877,55.,-53.62523750921));
#4529 = CARTESIAN_POINT('',(4.88180515094,55.,-53.66339966481));
#4530 = CARTESIAN_POINT('',(4.870085751238,55.,-53.6823313795));
#4531 = CARTESIAN_POINT('',(4.858273825904,55.,-53.70120401193));
#4532 = CARTESIAN_POINT('',(4.846369634916,55.,-53.7200169739));
#4533 = CARTESIAN_POINT('',(4.834373442904,55.,-53.73876967772));
#4534 = CARTESIAN_POINT('',(4.822285519151,55.,-53.75746153621));
#4535 = CARTESIAN_POINT('',(4.810106137592,55.,-53.77609196268));
#4536 = CARTESIAN_POINT('',(4.78558262594,55.,-53.81320213109));
#4537 = CARTESIAN_POINT('',(4.773238757384,55.,-53.831682051));
#4538 = CARTESIAN_POINT('',(4.760804248543,55.,-53.85009954703));
#4539 = CARTESIAN_POINT('',(4.748279381497,55.,-53.86845403618));
#4540 = CARTESIAN_POINT('',(4.735664443013,55.,-53.88674493611));
#4541 = CARTESIAN_POINT('',(4.722959724543,55.,-53.90497166514));
#4542 = CARTESIAN_POINT('',(4.710165522226,55.,-53.92313364227));
#4543 = CARTESIAN_POINT('',(4.684521520147,55.,-53.9591544851));
#4544 = CARTESIAN_POINT('',(4.67167341199,55.,-53.97701459011));
#4545 = CARTESIAN_POINT('',(4.658738104724,55.,-53.99481003824));
#4546 = CARTESIAN_POINT('',(4.645715895223,55.,-54.01254026636));
#4547 = CARTESIAN_POINT('',(4.632607084925,55.,-54.03020471216));
#4548 = CARTESIAN_POINT('',(4.619411979828,55.,-54.04780281411));
#4549 = CARTESIAN_POINT('',(4.606130890497,55.,-54.06533401149));
#4550 = CARTESIAN_POINT('',(4.57941722945,55.,-54.10023553552));
#4551 = CARTESIAN_POINT('',(4.565984912073,55.,-54.11760606256));
#4552 = CARTESIAN_POINT('',(4.552467493653,55.,-54.13490876804));
#4553 = CARTESIAN_POINT('',(4.538865292504,55.,-54.1521430955));
#4554 = CARTESIAN_POINT('',(4.525178631524,55.,-54.16930848941));
#4555 = CARTESIAN_POINT('',(4.511407838196,55.,-54.1864043952));
#4556 = CARTESIAN_POINT('',(4.497553244588,55.,-54.20343025928));
#4557 = CARTESIAN_POINT('',(4.469810649108,55.,-54.23717837647));
#4558 = CARTESIAN_POINT('',(4.455924238656,55.,-54.25390197572));
#4559 = CARTESIAN_POINT('',(4.441956283072,55.,-54.27055578982));
#4560 = CARTESIAN_POINT('',(4.427907113885,55.,-54.28713928293));
#4561 = CARTESIAN_POINT('',(4.413777067079,55.,-54.30365192031));
#4562 = CARTESIAN_POINT('',(4.399566483094,55.,-54.32009316828));
#4563 = CARTESIAN_POINT('',(4.385275706823,55.,-54.33646249427));
#4564 = CARTESIAN_POINT('',(4.346150890732,55.,-54.38083164291));
#4565 = CARTESIAN_POINT('',(4.32115978391,55.,-54.40868893609));
#4566 = CARTESIAN_POINT('',(4.295933552635,55.,-54.43632852879));
#4567 = CARTESIAN_POINT('',(4.270474022058,55.,-54.463747715));
#4568 = CARTESIAN_POINT('',(4.244783056997,55.,-54.4909438003));
#4569 = CARTESIAN_POINT('',(4.218862561933,55.,-54.51791410182));
#4570 = CARTESIAN_POINT('',(4.192714481012,55.,-54.54465594824));
#4571 = CARTESIAN_POINT('',(4.140223524157,55.,-54.5974196699));
#4572 = CARTESIAN_POINT('',(4.113885013568,55.,-54.62344601867));
#4573 = CARTESIAN_POINT('',(4.087327192936,55.,-54.64924314305));
#4574 = CARTESIAN_POINT('',(4.060552027532,55.,-54.6748084736));
#4575 = CARTESIAN_POINT('',(4.033561521244,55.,-54.70013945454));
#4576 = CARTESIAN_POINT('',(4.006357716571,55.,-54.72523354371));
#4577 = CARTESIAN_POINT('',(3.97894269463,55.,-54.7500882126));
#4578 = CARTESIAN_POINT('',(3.923965222524,55.,-54.79907243033));
#4579 = CARTESIAN_POINT('',(3.896406851273,55.,-54.82320670024));
#4580 = CARTESIAN_POINT('',(3.868645519555,55.,-54.84710131431));
#4581 = CARTESIAN_POINT('',(3.840683323006,55.,-54.87075384639));
#4582 = CARTESIAN_POINT('',(3.812522394732,55.,-54.89416188603));
#4583 = CARTESIAN_POINT('',(3.784164905315,55.,-54.91732303837));
#4584 = CARTESIAN_POINT('',(3.755613062807,55.,-54.94023492426));
#4585 = CARTESIAN_POINT('',(3.698409254103,55.,-54.98533147291));
#4586 = CARTESIAN_POINT('',(3.669761066398,55.,-55.00752108655));
#4587 = CARTESIAN_POINT('',(3.640926729387,55.,-55.02946172681));
#4588 = CARTESIAN_POINT('',(3.611908459081,55.,-55.05115111696));
#4589 = CARTESIAN_POINT('',(3.582708507737,55.,-55.07258699789));
#4590 = CARTESIAN_POINT('',(3.553329163861,55.,-55.09376712805));
#4591 = CARTESIAN_POINT('',(3.523772752203,55.,-55.11468928347));
#4592 = CARTESIAN_POINT('',(3.46460685269,55.,-55.15580728905));
#4593 = CARTESIAN_POINT('',(3.435000829965,55.,-55.1760083014));
#4594 = CARTESIAN_POINT('',(3.40522585686,55.,-55.1959521536));
#4595 = CARTESIAN_POINT('',(3.375284259587,55.,-55.21563672388));
#4596 = CARTESIAN_POINT('',(3.345178399295,55.,-55.23505990988));
#4597 = CARTESIAN_POINT('',(3.314910672075,55.,-55.25421962869));
#4598 = CARTESIAN_POINT('',(3.284483508953,55.,-55.27311381681));
#4599 = CARTESIAN_POINT('',(3.22362270283,55.,-55.31017979158));
#4600 = CARTESIAN_POINT('',(3.193192199709,55.,-55.32835693245));
#4601 = CARTESIAN_POINT('',(3.162610259059,55.,-55.34626986963));
#4602 = CARTESIAN_POINT('',(3.131879306951,55.,-55.36391664115));
#4603 = CARTESIAN_POINT('',(3.101001803011,55.,-55.38129530626));
#4604 = CARTESIAN_POINT('',(3.069980240413,55.,-55.39840394539));
#4605 = CARTESIAN_POINT('',(3.038817145885,55.,-55.41524066019));
#4606 = CARTESIAN_POINT('',(2.97653042978,55.,-55.44819853183));
#4607 = CARTESIAN_POINT('',(2.945409612043,55.,-55.46432521486));
#4608 = CARTESIAN_POINT('',(2.914155109862,55.,-55.48018180186));
#4609 = CARTESIAN_POINT('',(2.88276943869,55.,-55.49576649497));
#4610 = CARTESIAN_POINT('',(2.851255146066,55.,-55.51107751924));
#4611 = CARTESIAN_POINT('',(2.819614811613,55.,-55.52611312261));
#4612 = CARTESIAN_POINT('',(2.787851047042,55.,-55.54087157591));
#4613 = CARTESIAN_POINT('',(2.724367612784,55.,-55.56970104082));
#4614 = CARTESIAN_POINT('',(2.692650097411,55.,-55.58377702823));
#4615 = CARTESIAN_POINT('',(2.660816523527,55.,-55.59757747417));
#4616 = CARTESIAN_POINT('',(2.62886949536,55.,-55.61110074237));
#4617 = CARTESIAN_POINT('',(2.59681164787,55.,-55.62434522116));
#4618 = CARTESIAN_POINT('',(2.564645646744,55.,-55.63730932349));
#4619 = CARTESIAN_POINT('',(2.532374188404,55.,-55.64999148695));
#4620 = CARTESIAN_POINT('',(2.5,55.,-55.66239017374));
#4621 = ORIENTED_EDGE('',*,*,#4622,.F.);
#4622 = EDGE_CURVE('',#4623,#4446,#4625,.T.);
#4623 = VERTEX_POINT('',#4624);
#4624 = CARTESIAN_POINT('',(2.5,55.,-47.83761163975));
#4625 = B_SPLINE_CURVE_WITH_KNOTS('',4,(#4626,#4627,#4628,#4629,#4630,
    #4631,#4632,#4633,#4634,#4635,#4636,#4637,#4638,#4639,#4640,#4641,
    #4642,#4643,#4644,#4645,#4646,#4647,#4648,#4649,#4650,#4651,#4652,
    #4653,#4654,#4655,#4656,#4657,#4658,#4659,#4660,#4661,#4662,#4663,
    #4664,#4665,#4666,#4667,#4668,#4669,#4670,#4671,#4672,#4673,#4674,
    #4675,#4676,#4677,#4678,#4679,#4680,#4681,#4682,#4683,#4684,#4685,
    #4686,#4687,#4688,#4689,#4690,#4691,#4692,#4693,#4694,#4695,#4696,
    #4697,#4698,#4699),.UNSPECIFIED.,.F.,.F.,(5,3,3,3,3,3,3,3,3,3,3,3,3,
    3,3,3,3,3,3,3,3,3,3,3,5),(0.,5.367908577174E-02,0.107716751872,
    0.162307984428,0.217453573975,0.273154320007,0.329411040097,
    0.386224575871,0.443595793771,0.477037369803,0.510529493602,
    0.544344628723,0.578209133387,0.61239848759,0.646636001594,
    0.681200161538,0.715811206256,0.750750609675,0.785735509067,
    0.821050337536,0.856409093405,0.892099127631,0.92783125471,
    0.963895686726,1.),.UNSPECIFIED.);
#4626 = CARTESIAN_POINT('',(2.5,55.,-47.83761163975));
#4627 = CARTESIAN_POINT('',(2.564902939334,55.,-47.86246851482));
#4628 = CARTESIAN_POINT('',(2.629324172585,55.,-47.8886546061));
#4629 = CARTESIAN_POINT('',(2.693225245481,55.,-47.91614822962));
#4630 = CARTESIAN_POINT('',(2.820337652416,55.,-47.9738959308));
#4631 = CARTESIAN_POINT('',(2.883541529113,55.,-48.00416722825));
#4632 = CARTESIAN_POINT('',(2.946144492984,55.,-48.0357159587));
#4633 = CARTESIAN_POINT('',(3.070713860864,55.,-48.1016533033));
#4634 = CARTESIAN_POINT('',(3.13266717585,55.,-48.13606770546));
#4635 = CARTESIAN_POINT('',(3.193935879943,55.,-48.17173354344));
#4636 = CARTESIAN_POINT('',(3.315651951251,55.,-48.24588714939));
#4637 = CARTESIAN_POINT('',(3.376084661437,55.,-48.28439990226));
#4638 = CARTESIAN_POINT('',(3.435750087954,55.,-48.32413267985));
#4639 = CARTESIAN_POINT('',(3.554074833157,55.,-48.40639029022));
#4640 = CARTESIAN_POINT('',(3.612717977334,55.,-48.44893921108));
#4641 = CARTESIAN_POINT('',(3.670512535873,55.,-48.4926713633));
#4642 = CARTESIAN_POINT('',(3.784911552528,55.,-48.5828858754));
#4643 = CARTESIAN_POINT('',(3.841498374357,55.,-48.62939133639));
#4644 = CARTESIAN_POINT('',(3.89715702594,55.,-48.67703790523));
#4645 = CARTESIAN_POINT('',(4.00710179148,55.,-48.77502742407));
#4646 = CARTESIAN_POINT('',(4.061368868104,55.,-48.82539240163));
#4647 = CARTESIAN_POINT('',(4.114630254088,55.,-48.87685110628));
#4648 = CARTESIAN_POINT('',(4.21960038506,55.,-48.98239912842));
#4649 = CARTESIAN_POINT('',(4.271288757402,55.,-49.03650931698));
#4650 = CARTESIAN_POINT('',(4.321896329259,55.,-49.09166068878));
#4651 = CARTESIAN_POINT('',(4.400252604928,55.,-49.18054754513));
#4652 = CARTESIAN_POINT('',(4.428731385346,55.,-49.21362073495));
#4653 = CARTESIAN_POINT('',(4.456829500941,55.,-49.24702722624));
#4654 = CARTESIAN_POINT('',(4.512297025606,55.,-49.31454257703));
#4655 = CARTESIAN_POINT('',(4.53966526899,55.,-49.34865242232));
#4656 = CARTESIAN_POINT('',(4.566642395407,55.,-49.3830812986));
#4657 = CARTESIAN_POINT('',(4.620062102836,55.,-49.45289673867));
#4658 = CARTESIAN_POINT('',(4.646497019171,55.,-49.48828933686));
#4659 = CARTESIAN_POINT('',(4.672524351563,55.,-49.52399135254));
#4660 = CARTESIAN_POINT('',(4.723792967416,55.,-49.59605079653));
#4661 = CARTESIAN_POINT('',(4.74903304772,55.,-49.63240910609));
#4662 = CARTESIAN_POINT('',(4.773856043417,55.,-49.66906169265));
#4663 = CARTESIAN_POINT('',(4.822894275732,55.,-49.74329361177));
#4664 = CARTESIAN_POINT('',(4.847101398092,55.,-49.78087846203));
#4665 = CARTESIAN_POINT('',(4.870875540373,55.,-49.81874672446));
#4666 = CARTESIAN_POINT('',(4.917583508258,55.,-49.89508711467));
#4667 = CARTESIAN_POINT('',(4.940516102911,55.,-49.93356001839));
#4668 = CARTESIAN_POINT('',(4.963007241051,55.,-49.97230038657));
#4669 = CARTESIAN_POINT('',(5.007310335776,55.,-50.05067132138));
#4670 = CARTESIAN_POINT('',(5.029113765252,55.,-50.09030685526));
#4671 = CARTESIAN_POINT('',(5.05046051186,55.,-50.13019777024));
#4672 = CARTESIAN_POINT('',(5.092262848966,55.,-50.21052748635));
#4673 = CARTESIAN_POINT('',(5.112717191241,55.,-50.25096695774));
#4674 = CARTESIAN_POINT('',(5.132707467332,55.,-50.29164512433));
#4675 = CARTESIAN_POINT('',(5.17193962531,55.,-50.37384955148));
#4676 = CARTESIAN_POINT('',(5.191172607719,55.,-50.41538019726));
#4677 = CARTESIAN_POINT('',(5.209927062691,55.,-50.45713627708));
#4678 = CARTESIAN_POINT('',(5.246497749496,55.,-50.54113608026));
#4679 = CARTESIAN_POINT('',(5.264312727661,55.,-50.58338036829));
#4680 = CARTESIAN_POINT('',(5.281642952237,55.,-50.62583274149));
#4681 = CARTESIAN_POINT('',(5.315488422779,55.,-50.7115379795));
#4682 = CARTESIAN_POINT('',(5.331994441508,55.,-50.75479461836));
#4683 = CARTESIAN_POINT('',(5.348002103656,55.,-50.7982449522));
#4684 = CARTESIAN_POINT('',(5.37903624564,55.,-50.88556893004));
#4685 = CARTESIAN_POINT('',(5.394061480013,55.,-50.92944303382));
#4686 = CARTESIAN_POINT('',(5.408583346858,55.,-50.97349290187));
#4687 = CARTESIAN_POINT('',(5.436748565119,55.,-51.06234009384));
#4688 = CARTESIAN_POINT('',(5.4503824107,55.,-51.10714055451));
#4689 = CARTESIAN_POINT('',(5.463500232929,55.,-51.15210131673));
#4690 = CARTESIAN_POINT('',(5.488716172254,55.,-51.24237789922));
#4691 = CARTESIAN_POINT('',(5.500813068187,55.,-51.28769407614));
#4692 = CARTESIAN_POINT('',(5.512390195689,55.,-51.33315212837));
#4693 = CARTESIAN_POINT('',(5.534605868299,55.,-51.42475728536));
#4694 = CARTESIAN_POINT('',(5.545234683104,55.,-51.4709068671));
#4695 = CARTESIAN_POINT('',(5.555332103842,55.,-51.51718185254));
#4696 = CARTESIAN_POINT('',(5.574473477257,55.,-51.61001487476));
#4697 = CARTESIAN_POINT('',(5.583516252291,55.,-51.65657316838));
#4698 = CARTESIAN_POINT('',(5.592025195916,55.,-51.7032380344));
#4699 = CARTESIAN_POINT('',(5.6,55.,-51.74999999997));
#4700 = ORIENTED_EDGE('',*,*,#4701,.F.);
#4701 = EDGE_CURVE('',#4702,#4623,#4704,.T.);
#4702 = VERTEX_POINT('',#4703);
#4703 = CARTESIAN_POINT('',(0.894039203719,55.,-47.5439693658));
#4704 = B_SPLINE_CURVE_WITH_KNOTS('',4,(#4705,#4706,#4707,#4708,#4709,
    #4710,#4711,#4712,#4713,#4714,#4715,#4716,#4717,#4718,#4719,#4720,
    #4721,#4722,#4723,#4724,#4725,#4726,#4727,#4728,#4729,#4730),
  .UNSPECIFIED.,.F.,.F.,(5,3,3,3,3,3,3,3,5),(0.,0.121842929222,
    0.244345939941,0.367877048087,0.49205865195,0.617647011274,
    0.744267546143,0.871921523112,1.),.UNSPECIFIED.);
#4705 = CARTESIAN_POINT('',(0.893831333478,55.,-47.54397122833));
#4706 = CARTESIAN_POINT('',(0.94366227603,55.,-47.54351795133));
#4707 = CARTESIAN_POINT('',(0.993517683323,55.,-47.54385153319));
#4708 = CARTESIAN_POINT('',(1.043378590742,55.,-47.54496925314));
#4709 = CARTESIAN_POINT('',(1.143344499351,55.,-47.54877617361));
#4710 = CARTESIAN_POINT('',(1.193449360607,55.,-47.55147385632));
#4711 = CARTESIAN_POINT('',(1.243522324237,55.,-47.55495702182));
#4712 = CARTESIAN_POINT('',(1.343987746775,55.,-47.56352132903));
#4713 = CARTESIAN_POINT('',(1.394379361243,55.,-47.56861563791));
#4714 = CARTESIAN_POINT('',(1.444701248559,55.,-47.57449970855));
#4715 = CARTESIAN_POINT('',(1.545433756526,55.,-47.58787194837));
#4716 = CARTESIAN_POINT('',(1.59584344998,55.,-47.59536840293));
#4717 = CARTESIAN_POINT('',(1.646145864451,55.,-47.60365228046));
#4718 = CARTESIAN_POINT('',(1.747068811102,55.,-47.62188538693));
#4719 = CARTESIAN_POINT('',(1.797686492626,55.,-47.63185241993));
#4720 = CARTESIAN_POINT('',(1.848157687937,55.,-47.64261228354));
#4721 = CARTESIAN_POINT('',(1.949184848369,55.,-47.66579850637));
#4722 = CARTESIAN_POINT('',(1.999738101799,55.,-47.67823783696));
#4723 = CARTESIAN_POINT('',(2.050105998379,55.,-47.69146873881));
#4724 = CARTESIAN_POINT('',(2.150845231155,55.,-47.71961226255));
#4725 = CARTESIAN_POINT('',(2.201213240969,55.,-47.73453773057));
#4726 = CARTESIAN_POINT('',(2.251356853921,55.,-47.75025161557));
#4727 = CARTESIAN_POINT('',(2.351326471204,55.,-47.78329352465));
#4728 = CARTESIAN_POINT('',(2.401150865734,55.,-47.80062674447));
#4729 = CARTESIAN_POINT('',(2.45071432123,55.,-47.81873594671));
#4730 = CARTESIAN_POINT('',(2.5,55.,-47.83761163975));
#4731 = ORIENTED_EDGE('',*,*,#4732,.T.);
#4732 = EDGE_CURVE('',#4702,#4733,#4735,.T.);
#4733 = VERTEX_POINT('',#4734);
#4734 = CARTESIAN_POINT('',(-2.5,55.,-48.25142886309));
#4735 = CIRCLE('',#4736,4.3);
#4736 = AXIS2_PLACEMENT_3D('',#4737,#4738,#4739);
#4737 = CARTESIAN_POINT('',(0.,55.,-51.75));
#4738 = DIRECTION('',(0.,-1.,2.22044604925E-16));
#4739 = DIRECTION('',(1.,0.,0.));
#4740 = ORIENTED_EDGE('',*,*,#4741,.T.);
#4741 = EDGE_CURVE('',#4733,#4742,#4744,.T.);
#4742 = VERTEX_POINT('',#4743);
#4743 = CARTESIAN_POINT('',(-2.5,55.,-55.2485711369));
#4744 = CIRCLE('',#4745,4.3);
#4745 = AXIS2_PLACEMENT_3D('',#4746,#4747,#4748);
#4746 = CARTESIAN_POINT('',(0.,55.,-51.75));
#4747 = DIRECTION('',(0.,-1.,2.22044604925E-16));
#4748 = DIRECTION('',(1.,0.,0.));
#4749 = ORIENTED_EDGE('',*,*,#4750,.T.);
#4750 = EDGE_CURVE('',#4742,#4751,#4753,.T.);
#4751 = VERTEX_POINT('',#4752);
#4752 = CARTESIAN_POINT('',(0.894061867655,55.,-55.95602581878));
#4753 = CIRCLE('',#4754,4.3);
#4754 = AXIS2_PLACEMENT_3D('',#4755,#4756,#4757);
#4755 = CARTESIAN_POINT('',(0.,55.,-51.75));
#4756 = DIRECTION('',(0.,-1.,2.22044604925E-16));
#4757 = DIRECTION('',(1.,0.,0.));
#4758 = ORIENTED_EDGE('',*,*,#4759,.F.);
#4759 = EDGE_CURVE('',#4448,#4751,#4760,.T.);
#4760 = B_SPLINE_CURVE_WITH_KNOTS('',4,(#4761,#4762,#4763,#4764,#4765,
    #4766,#4767,#4768,#4769,#4770,#4771,#4772,#4773,#4774,#4775,#4776,
    #4777,#4778,#4779,#4780,#4781,#4782,#4783,#4784,#4785,#4786),
  .UNSPECIFIED.,.F.,.F.,(5,3,3,3,3,3,3,3,5),(0.,0.128469440245,
    0.256119880123,0.382736894238,0.507942746445,0.632499873719,
    0.756027506899,0.87852705643,1.),.UNSPECIFIED.);
#4761 = CARTESIAN_POINT('',(2.5,55.,-55.66239017374));
#4762 = CARTESIAN_POINT('',(2.450564616832,55.,-55.6813229675));
#4763 = CARTESIAN_POINT('',(2.40084977128,55.,-55.69948460799));
#4764 = CARTESIAN_POINT('',(2.350872454908,55.,-55.71686551687));
#4765 = CARTESIAN_POINT('',(2.250748480887,55.,-55.74994222521));
#4766 = CARTESIAN_POINT('',(2.200604933078,55.,-55.7656480628));
#4767 = CARTESIAN_POINT('',(2.150237119094,55.,-55.78056550088));
#4768 = CARTESIAN_POINT('',(2.049498541017,55.,-55.80869306947));
#4769 = CARTESIAN_POINT('',(1.999131101243,55.,-55.82191604593));
#4770 = CARTESIAN_POINT('',(1.948578432679,55.,-55.83434747469));
#4771 = CARTESIAN_POINT('',(1.84770451535,55.,-55.8574831902));
#4772 = CARTESIAN_POINT('',(1.797386965936,55.,-55.86820518365));
#4773 = CARTESIAN_POINT('',(1.746923883978,55.,-55.87813917502));
#4774 = CARTESIAN_POINT('',(1.646005408421,55.,-55.89637130783));
#4775 = CARTESIAN_POINT('',(1.59555132884,55.,-55.90467766));
#4776 = CARTESIAN_POINT('',(1.54498937979,55.,-55.9121918269));
#4777 = CARTESIAN_POINT('',(1.444105636926,55.,-55.92556947591));
#4778 = CARTESIAN_POINT('',(1.393785311349,55.,-55.93144608958));
#4779 = CARTESIAN_POINT('',(1.343395377286,55.,-55.93653298211));
#4780 = CARTESIAN_POINT('',(1.242933542438,55.,-55.9450826046));
#4781 = CARTESIAN_POINT('',(1.192862484153,55.,-55.94855850118));
#4782 = CARTESIAN_POINT('',(1.142759643309,55.,-55.95124896086));
#4783 = CARTESIAN_POINT('',(1.042947948842,55.,-55.95503588199));
#4784 = CARTESIAN_POINT('',(0.993239311225,55.,-55.95614551447));
#4785 = CARTESIAN_POINT('',(0.943536196681,55.,-55.95647578111));
#4786 = CARTESIAN_POINT('',(0.893857396664,55.,-55.95602398591));
#4787 = PLANE('',#4788);
#4788 = AXIS2_PLACEMENT_3D('',#4789,#4790,#4791);
#4789 = CARTESIAN_POINT('',(0.118871158625,55.,-51.75));
#4790 = DIRECTION('',(-0.,1.,-2.22044604925E-16));
#4791 = DIRECTION('',(-1.,0.,0.));
#4792 = ADVANCED_FACE('',(#4793),#5647,.F.);
#4793 = FACE_BOUND('',#4794,.F.);
#4794 = EDGE_LOOP('',(#4795,#4921,#4922,#4923,#5009,#5184,#5215,#5327,
    #5439,#5544));
#4795 = ORIENTED_EDGE('',*,*,#4796,.F.);
#4796 = EDGE_CURVE('',#4751,#4797,#4799,.T.);
#4797 = VERTEX_POINT('',#4798);
#4798 = CARTESIAN_POINT('',(4.3,54.35,-51.75));
#4799 = B_SPLINE_CURVE_WITH_KNOTS('',8,(#4800,#4801,#4802,#4803,#4804,
    #4805,#4806,#4807,#4808,#4809,#4810,#4811,#4812,#4813,#4814,#4815,
    #4816,#4817,#4818,#4819,#4820,#4821,#4822,#4823,#4824,#4825,#4826,
    #4827,#4828,#4829,#4830,#4831,#4832,#4833,#4834,#4835,#4836,#4837,
    #4838,#4839,#4840,#4841,#4842,#4843,#4844,#4845,#4846,#4847,#4848,
    #4849,#4850,#4851,#4852,#4853,#4854,#4855,#4856,#4857,#4858,#4859,
    #4860,#4861,#4862,#4863,#4864,#4865,#4866,#4867,#4868,#4869,#4870,
    #4871,#4872,#4873,#4874,#4875,#4876,#4877,#4878,#4879,#4880,#4881,
    #4882,#4883,#4884,#4885,#4886,#4887,#4888,#4889,#4890,#4891,#4892,
    #4893,#4894,#4895,#4896,#4897,#4898,#4899,#4900,#4901,#4902,#4903,
    #4904,#4905,#4906,#4907,#4908,#4909,#4910,#4911,#4912,#4913,#4914,
    #4915,#4916,#4917,#4918,#4919,#4920),.UNSPECIFIED.,.F.,.F.,(9,7,7,7,
    7,7,7,7,7,7,7,7,7,7,7,7,7,9),(0.,1.487774233817E-02,
    6.37689549752E-02,0.165508682429,0.176219766685,0.285206655984,
    0.415317795013,0.498130250535,0.522971179042,0.585345526101,
    0.620540378914,0.715043403298,0.725096906761,0.837800879645,
    0.937339137104,0.968598125277,0.984980442597,1.),.UNSPECIFIED.);
#4800 = CARTESIAN_POINT('',(4.3,57.35,-51.75));
#4801 = CARTESIAN_POINT('',(4.3,57.344421287293,-51.69975937514));
#4802 = CARTESIAN_POINT('',(4.299329136693,57.338843140822,-51.649518588
    ));
#4803 = CARTESIAN_POINT('',(4.297987407655,57.333264115266,
    -51.59928838953));
#4804 = CARTESIAN_POINT('',(4.295975007192,57.327685602008,
    -51.54907896253));
#4805 = CARTESIAN_POINT('',(4.293292325257,57.322107241113,
    -51.49890082768));
#4806 = CARTESIAN_POINT('',(4.289939947191,57.316528309994,
    -51.44876456911));
#4807 = CARTESIAN_POINT('',(4.285918654061,57.310949679796,
    -51.39868044737));
#4808 = CARTESIAN_POINT('',(4.265819681359,57.287038053561,
    -51.18427846389));
#4809 = CARTESIAN_POINT('',(4.243196437993,57.268704478626,
    -51.02057202118));
#4810 = CARTESIAN_POINT('',(4.213394814999,57.250370587986,
    -50.85791215517));
#4811 = CARTESIAN_POINT('',(4.176472204938,57.232036589619,
    -50.69666628953));
#4812 = CARTESIAN_POINT('',(4.132508191651,57.213702604757,
    -50.53719649525));
#4813 = CARTESIAN_POINT('',(4.081604470642,57.195368755461,
    -50.37985922965));
#4814 = CARTESIAN_POINT('',(4.023884769467,57.177035252209,
    -50.22500507533));
#4815 = CARTESIAN_POINT('',(3.825502976244,57.120553067755,
    -49.75662010673));
#4816 = CARTESIAN_POINT('',(3.662589320023,57.082396337464,
    -49.45241683428));
#4817 = CARTESIAN_POINT('',(3.472085138709,57.044246862686,
    -49.16357772731));
#4818 = CARTESIAN_POINT('',(3.255718452128,57.006104555141,
    -48.89300058531));
#4819 = CARTESIAN_POINT('',(3.015540483459,56.967962281553,
    -48.64331815277));
#4820 = CARTESIAN_POINT('',(2.753895132708,56.929813112655,
    -48.41690655622));
#4821 = CARTESIAN_POINT('',(2.473431400888,56.891657205824,
    -48.21585596733));
#4822 = CARTESIAN_POINT('',(2.145967397996,56.849492034637,
    -48.02358990237));
#4823 = CARTESIAN_POINT('',(2.114599978126,56.845475720782,
    -48.00557616797));
#4824 = CARTESIAN_POINT('',(2.083059870151,56.841459379795,
    -47.98786426425));
#4825 = CARTESIAN_POINT('',(2.051350463961,56.837443011767,
    -47.97045612054));
#4826 = CARTESIAN_POINT('',(2.019475174472,56.833426616878,
    -47.95335361997));
#4827 = CARTESIAN_POINT('',(1.987437441622,56.829410195393,
    -47.93655859955));
#4828 = CARTESIAN_POINT('',(1.955240730371,56.825393747661,
    -47.92007285015));
#4829 = CARTESIAN_POINT('',(1.59370004522,56.780509053261,
    -47.73931777451));
#4830 = CARTESIAN_POINT('',(1.24830426018,56.739624654175,
    -47.60688396934));
#4831 = CARTESIAN_POINT('',(0.890523161618,56.698744969909,
    -47.50855116771));
#4832 = CARTESIAN_POINT('',(0.524309952703,56.657870513939,
    -47.44560784436));
#4833 = CARTESIAN_POINT('',(0.153695219809,56.616996839074,
    -47.41879953977));
#4834 = CARTESIAN_POINT('',(-0.217229336345,56.576119074837,
    -47.42837006542));
#4835 = CARTESIAN_POINT('',(-0.58431681533,56.535236775233,
    -47.47401758599));
#4836 = CARTESIAN_POINT('',(-1.372055470067,56.445582862128,
    -47.65115727641));
#4837 = CARTESIAN_POINT('',(-1.789754530327,56.396766039462,
    -47.79767548439));
#4838 = CARTESIAN_POINT('',(-2.189190988856,56.34797018036,
    -47.99279970691));
#4839 = CARTESIAN_POINT('',(-2.563848126177,56.299189129834,
    -48.23371313155));
#4840 = CARTESIAN_POINT('',(-2.907788487569,56.250407309292,
    -48.51675433733));
#4841 = CARTESIAN_POINT('',(-3.215710432058,56.201610059658,
    -48.83738993279));
#4842 = CARTESIAN_POINT('',(-3.482939265348,56.152792449323,
    -49.19027690639));
#4843 = CARTESIAN_POINT('',(-3.847644948549,56.072954022627,
    -49.80994015167));
#4844 = CARTESIAN_POINT('',(-3.971592886227,56.041898238073,
    -50.06151551531));
#4845 = CARTESIAN_POINT('',(-4.07669910396,56.010843318063,
    -50.32207061027));
#4846 = CARTESIAN_POINT('',(-4.162219303425,55.97978988564,
    -50.58995086252));
#4847 = CARTESIAN_POINT('',(-4.227585952621,55.948736330928,
    -50.86344794575));
#4848 = CARTESIAN_POINT('',(-4.272401233199,55.917681025345,
    -51.14080625441));
#4849 = CARTESIAN_POINT('',(-4.296446406471,55.886624546914,
    -51.42022479617));
#4850 = CARTESIAN_POINT('',(-4.30068584501,55.846257180578,
    -51.78373393387));
#4851 = CARTESIAN_POINT('',(-4.299793992824,55.836942478599,
    -51.86763528053));
#4852 = CARTESIAN_POINT('',(-4.297031476625,55.827627814805,
    -51.95150976691));
#4853 = CARTESIAN_POINT('',(-4.292399247019,55.818313192058,
    -52.0353087194));
#4854 = CARTESIAN_POINT('',(-4.285899770144,55.808998612008,
    -52.1189835676));
#4855 = CARTESIAN_POINT('',(-4.27753702767,55.799684075092,
    -52.20248584432));
#4856 = CARTESIAN_POINT('',(-4.267316516795,55.790369580532,
    -52.28576718563));
#4857 = CARTESIAN_POINT('',(-4.22493489496,55.757666990972,
    -52.57721873554));
#4858 = CARTESIAN_POINT('',(-4.182954597521,55.734278253809,
    -52.783968964));
#4859 = CARTESIAN_POINT('',(-4.129415348482,55.710890095446,
    -52.9882565388));
#4860 = CARTESIAN_POINT('',(-4.06448965218,55.687502538195,
    -53.18932777406));
#4861 = CARTESIAN_POINT('',(-3.988406732215,55.664115017438,
    -53.38644806743));
#4862 = CARTESIAN_POINT('',(-3.90145072722,55.640726956422,
    -53.57890225287));
#4863 = CARTESIAN_POINT('',(-3.80396187694,55.617338344475,
    -53.76599601438));
#4864 = CARTESIAN_POINT('',(-3.635615228774,55.580753577297,
    -54.04922315948));
#4865 = CARTESIAN_POINT('',(-3.571662308001,55.567556738542,
    -54.14947017346));
#4866 = CARTESIAN_POINT('',(-3.504553032855,55.554359792366,
    -54.24767986246));
#4867 = CARTESIAN_POINT('',(-3.434363386014,55.541162732364,
    -54.3437363779));
#4868 = CARTESIAN_POINT('',(-3.361174236272,55.52796555576,
    -54.43752756266));
#4869 = CARTESIAN_POINT('',(-3.285071338536,55.514768263405,
    -54.52894495104));
#4870 = CARTESIAN_POINT('',(-3.206145333826,55.501570859775,
    -54.61788376883));
#4871 = CARTESIAN_POINT('',(-2.905240635124,55.452936230586,
    -54.93612917709));
#4872 = CARTESIAN_POINT('',(-2.666279913474,55.417491691006,
    -55.14946259851));
#4873 = CARTESIAN_POINT('',(-2.409500374201,55.382049285752,
    -55.34221921806));
#4874 = CARTESIAN_POINT('',(-2.136990089042,55.346610062399,
    -55.51268583049));
#4875 = CARTESIAN_POINT('',(-1.85099898177,55.311170911774,
    -55.65941599733));
#4876 = CARTESIAN_POINT('',(-1.553921773883,55.275728838308,
    -55.78121833825));
#4877 = CARTESIAN_POINT('',(-1.248299305823,55.240285153549,
    -55.87717712116));
#4878 = CARTESIAN_POINT('',(-0.903704109313,55.201079856002,
    -55.95410174265));
#4879 = CARTESIAN_POINT('',(-0.870503235454,55.197310136251,
    -55.96119936153));
#4880 = CARTESIAN_POINT('',(-0.837238762927,55.193540434175,
    -55.96799730408));
#4881 = CARTESIAN_POINT('',(-0.803913849564,55.189770750252,
    -55.97449490696));
#4882 = CARTESIAN_POINT('',(-0.770531660251,55.186001084855,
    -55.980691547));
#4883 = CARTESIAN_POINT('',(-0.737095366924,55.182231438252,
    -55.98658664119));
#4884 = CARTESIAN_POINT('',(-0.703608148574,55.178461810603,
    -55.99217964672));
#4885 = CARTESIAN_POINT('',(-0.294132313008,55.132433314666,
    -56.05677781362));
#4886 = CARTESIAN_POINT('',(8.795024417584E-02,55.090160849814,
    -56.07807977446));
#4887 = CARTESIAN_POINT('',(0.471478734821,55.047899212073,
    -56.06058664862));
#4888 = CARTESIAN_POINT('',(0.851851036931,55.005646795657,
    -56.00428842613));
#4889 = CARTESIAN_POINT('',(1.2245749802,54.963394856501,-55.9097916468)
  );
#4890 = CARTESIAN_POINT('',(1.585270933405,54.921134083948,
    -55.77826595395));
#4891 = CARTESIAN_POINT('',(1.929695000191,54.878861647464,
    -55.61149274905));
#4892 = CARTESIAN_POINT('',(2.540076435634,54.799278035323,
    -55.23582784724));
#4893 = CARTESIAN_POINT('',(2.810661833068,54.761943248143,
    -55.03403260351));
#4894 = CARTESIAN_POINT('',(3.062795170659,54.72460912953,-54.8083066452
    ));
#4895 = CARTESIAN_POINT('',(3.294031736963,54.687277103638,
    -54.56064980059));
#4896 = CARTESIAN_POINT('',(3.502210544508,54.649944092624,
    -54.29331944857));
#4897 = CARTESIAN_POINT('',(3.685442863557,54.61260783882,-54.0088048489
    ));
#4898 = CARTESIAN_POINT('',(3.842139048348,54.57527147798,
    -53.70983446315));
#4899 = CARTESIAN_POINT('',(4.011564271897,54.526226101048,
    -53.30193255535));
#4900 = CARTESIAN_POINT('',(4.049320089222,54.514505200121,
    -53.20331248717));
#4901 = CARTESIAN_POINT('',(4.084303775468,54.502784674045,
    -53.10364594739));
#4902 = CARTESIAN_POINT('',(4.116481642411,54.491064513724,
    -53.00302393765));
#4903 = CARTESIAN_POINT('',(4.145823645916,54.479344687736,
    -52.90153857581));
#4904 = CARTESIAN_POINT('',(4.172303385936,54.467625142335,
    -52.79928309597));
#4905 = CARTESIAN_POINT('',(4.19589810651,54.455905801454,
    -52.69635184841));
#4906 = CARTESIAN_POINT('',(4.227432290474,54.438044710112,
    -52.53859161354));
#4907 = CARTESIAN_POINT('',(4.237478246736,54.431902880102,
    -52.4841834598));
#4908 = CARTESIAN_POINT('',(4.246723824647,54.425761061766,
    -52.42962954139));
#4909 = CARTESIAN_POINT('',(4.255166568978,54.419619239069,
    -52.37494360403));
#4910 = CARTESIAN_POINT('',(4.262804309171,54.413477394845,
    -52.32013943631));
#4911 = CARTESIAN_POINT('',(4.269635159344,54.407335510799,
    -52.26523086962));
#4912 = CARTESIAN_POINT('',(4.275657518288,54.401193567504,
    -52.21023177817));
#4913 = CARTESIAN_POINT('',(4.285649015576,54.389420444312,
    -52.10466184128));
#4914 = CARTESIAN_POINT('',(4.289747278845,54.383789360237,
    -52.0541031858));
#4915 = CARTESIAN_POINT('',(4.293163846215,54.378157965092,
    -52.00349088963));
#4916 = CARTESIAN_POINT('',(4.295897907679,54.372526573007,
    -51.95283561698));
#4917 = CARTESIAN_POINT('',(4.297948855992,54.366895283935,
    -51.90214808917));
#4918 = CARTESIAN_POINT('',(4.299316286916,54.361263776175,
    -51.85143912556));
#4919 = CARTESIAN_POINT('',(4.300000000018,54.3556317468,-51.80071955527
    ));
#4920 = CARTESIAN_POINT('',(4.3,54.35,-51.75));
#4921 = ORIENTED_EDGE('',*,*,#4759,.F.);
#4922 = ORIENTED_EDGE('',*,*,#4445,.F.);
#4923 = ORIENTED_EDGE('',*,*,#4924,.T.);
#4924 = EDGE_CURVE('',#4446,#4925,#4927,.T.);
#4925 = VERTEX_POINT('',#4926);
#4926 = CARTESIAN_POINT('',(5.6,43.,-51.74999999989));
#4927 = B_SPLINE_CURVE_WITH_KNOTS('',10,(#4928,#4929,#4930,#4931,#4932,
    #4933,#4934,#4935,#4936,#4937,#4938,#4939,#4940,#4941,#4942,#4943,
    #4944,#4945,#4946,#4947,#4948,#4949,#4950,#4951,#4952,#4953,#4954,
    #4955,#4956,#4957,#4958,#4959,#4960,#4961,#4962,#4963,#4964,#4965,
    #4966,#4967,#4968,#4969,#4970,#4971,#4972,#4973,#4974,#4975,#4976,
    #4977,#4978,#4979,#4980,#4981,#4982,#4983,#4984,#4985,#4986,#4987,
    #4988,#4989,#4990,#4991,#4992,#4993,#4994,#4995,#4996,#4997,#4998,
    #4999,#5000,#5001,#5002,#5003,#5004,#5005,#5006,#5007,#5008),
  .UNSPECIFIED.,.F.,.F.,(11,10,10,10,10,10,10,10,11),(0.,6.962644440466,
    13.925288880933,20.887933321399,27.850577761866,34.813222202332,
    41.775866642798,48.738511083265,55.701155523731),
  .PIECEWISE_BEZIER_KNOTS.);
#4928 = CARTESIAN_POINT('',(5.6,61.,-51.75));
#4929 = CARTESIAN_POINT('',(5.599999999995,60.69998479134,
    -48.23159360137));
#4930 = CARTESIAN_POINT('',(3.144041722349,60.400022814144,
    -44.70933255897));
#4931 = CARTESIAN_POINT('',(-1.77326475391,60.099937942303,
    -43.14177868385));
#4932 = CARTESIAN_POINT('',(-7.389218467595,59.800059456972,
    -45.33826171811));
#4933 = CARTESIAN_POINT('',(-10.36310778357,59.49996282769,
    -51.75000250009));
#4934 = CARTESIAN_POINT('',(-7.389219775852,59.199990255964,
    -58.16173011073));
#4935 = CARTESIAN_POINT('',(-1.773266509495,58.900002637003,
    -60.3582264108));
#4936 = CARTESIAN_POINT('',(3.144040285699,58.600001680234,
    -58.79066421995));
#4937 = CARTESIAN_POINT('',(5.599999282365,58.299984045967,
    -55.26840985888));
#4938 = CARTESIAN_POINT('',(5.6,58.000000000001,-51.75));
#4939 = CARTESIAN_POINT('',(5.599999999996,57.699984791337,
    -48.23159360136));
#4940 = CARTESIAN_POINT('',(3.144041722347,57.400022814151,
    -44.70933255898));
#4941 = CARTESIAN_POINT('',(-1.773264753906,57.099937942291,
    -43.14177868385));
#4942 = CARTESIAN_POINT('',(-7.3892184676,56.800059456986,
    -45.33826171812));
#4943 = CARTESIAN_POINT('',(-10.36310778357,56.499962827677,
    -51.75000250008));
#4944 = CARTESIAN_POINT('',(-7.389219775849,56.199990255973,
    -58.16173011074));
#4945 = CARTESIAN_POINT('',(-1.773266509499,55.900002636998,
    -60.35822641079));
#4946 = CARTESIAN_POINT('',(3.144040285702,55.600001680237,
    -58.79066421995));
#4947 = CARTESIAN_POINT('',(5.599999282364,55.299984045966,
    -55.26840985888));
#4948 = CARTESIAN_POINT('',(5.6,55.000000000002,-51.75));
#4949 = CARTESIAN_POINT('',(5.599999999996,54.699984791334,
    -48.23159360137));
#4950 = CARTESIAN_POINT('',(3.144041722346,54.400022814154,
    -44.70933255897));
#4951 = CARTESIAN_POINT('',(-1.773264753904,54.099937942289,
    -43.14177868385));
#4952 = CARTESIAN_POINT('',(-7.389218467603,53.800059456989,
    -45.33826171811));
#4953 = CARTESIAN_POINT('',(-10.36310778357,53.499962827672,
    -51.75000250009));
#4954 = CARTESIAN_POINT('',(-7.389219775854,53.199990255982,
    -58.16173011073));
#4955 = CARTESIAN_POINT('',(-1.773266509496,52.900002636987,
    -60.3582264108));
#4956 = CARTESIAN_POINT('',(3.1440402857,52.600001680247,-58.79066421995
    ));
#4957 = CARTESIAN_POINT('',(5.599999282364,52.299984045958,
    -55.26840985888));
#4958 = CARTESIAN_POINT('',(5.6,52.000000000006,-51.75));
#4959 = CARTESIAN_POINT('',(5.599999999996,51.699984791322,
    -48.23159360137));
#4960 = CARTESIAN_POINT('',(3.144041722347,51.400022814178,
    -44.70933255898));
#4961 = CARTESIAN_POINT('',(-1.77326475391,51.099937942257,
    -43.14177868384));
#4962 = CARTESIAN_POINT('',(-7.389218467589,50.80005945702,
    -45.33826171813));
#4963 = CARTESIAN_POINT('',(-10.36310778359,50.499962827652,
    -51.75000250007));
#4964 = CARTESIAN_POINT('',(-7.389219775834,50.199990255986,
    -58.16173011075));
#4965 = CARTESIAN_POINT('',(-1.773266509509,49.900002636993,
    -60.35822641078));
#4966 = CARTESIAN_POINT('',(3.144040285706,49.600001680238,
    -58.79066421996));
#4967 = CARTESIAN_POINT('',(5.599999282363,49.299984045964,
    -55.26840985888));
#4968 = CARTESIAN_POINT('',(5.6,49.000000000004,-51.75));
#4969 = CARTESIAN_POINT('',(5.599999999996,48.69998479133,
    -48.23159360137));
#4970 = CARTESIAN_POINT('',(3.144041722347,48.400022814159,
    -44.70933255897));
#4971 = CARTESIAN_POINT('',(-1.773264753909,48.099937942288,
    -43.14177868385));
#4972 = CARTESIAN_POINT('',(-7.389218467594,47.800059456981,
    -45.33826171812));
#4973 = CARTESIAN_POINT('',(-10.36310778358,47.499962827691,
    -51.75000250008));
#4974 = CARTESIAN_POINT('',(-7.389219775844,47.199990255954,
    -58.16173011074));
#4975 = CARTESIAN_POINT('',(-1.773266509501,46.900002637018,
    -60.35822641079));
#4976 = CARTESIAN_POINT('',(3.144040285702,46.600001680221,
    -58.79066421995));
#4977 = CARTESIAN_POINT('',(5.599999282364,46.299984045975,
    -55.26840985888));
#4978 = CARTESIAN_POINT('',(5.6,45.999999999998,-51.75));
#4979 = CARTESIAN_POINT('',(5.599999999996,45.699984791345,
    -48.23159360136));
#4980 = CARTESIAN_POINT('',(3.144041722348,45.400022814138,
    -44.70933255898));
#4981 = CARTESIAN_POINT('',(-1.773264753909,45.099937942302,
    -43.14177868385));
#4982 = CARTESIAN_POINT('',(-7.389218467594,44.80005945699,
    -45.33826171811));
#4983 = CARTESIAN_POINT('',(-10.36310778358,44.49996282765,
    -51.75000250008));
#4984 = CARTESIAN_POINT('',(-7.389219775845,44.199990256018,
    -58.16173011073));
#4985 = CARTESIAN_POINT('',(-1.773266509501,43.900002636949,
    -60.3582264108));
#4986 = CARTESIAN_POINT('',(3.144040285702,43.600001680274,
    -58.79066421995));
#4987 = CARTESIAN_POINT('',(5.599999282364,43.299984045945,
    -55.26840985888));
#4988 = CARTESIAN_POINT('',(5.6,43.000000000009,-51.74999999999));
#4989 = CARTESIAN_POINT('',(5.599999999995,42.699984791313,
    -48.23159360137));
#4990 = CARTESIAN_POINT('',(3.14404172235,42.400022814191,
    -44.70933255897));
#4991 = CARTESIAN_POINT('',(-1.773264753915,42.099937942251,
    -43.14177868385));
#4992 = CARTESIAN_POINT('',(-7.389218467583,41.800059457009,
    -45.33826171812));
#4993 = CARTESIAN_POINT('',(-10.36310778359,41.499962827683,
    -51.75000250007));
#4994 = CARTESIAN_POINT('',(-7.389219775834,41.199990255945,
    -58.16173011074));
#4995 = CARTESIAN_POINT('',(-1.773266509507,40.900002637032,
    -60.35822641079));
#4996 = CARTESIAN_POINT('',(3.144040285704,40.60000168021,
    -58.79066421996));
#4997 = CARTESIAN_POINT('',(5.599999282364,40.299984045979,
    -55.26840985888));
#4998 = CARTESIAN_POINT('',(5.6,39.999999999998,-51.75));
#4999 = CARTESIAN_POINT('',(5.6,39.699985820168,-48.23159348713));
#5000 = CARTESIAN_POINT('',(3.144041722329,39.40001840399,
    -44.70933304867));
#5001 = CARTESIAN_POINT('',(-1.77326475386,39.099949331989,
    -43.14177741916));
#5002 = CARTESIAN_POINT('',(-7.389218467686,38.80003788961,
    -45.33826411292));
#5003 = CARTESIAN_POINT('',(-10.36310778344,38.499994856,-51.74999894371
    ));
#5004 = CARTESIAN_POINT('',(-7.389219776005,38.199951821993,
    -58.16173437838));
#5005 = CARTESIAN_POINT('',(-1.773266509346,37.90004037988,
    -60.35822221989));
#5006 = CARTESIAN_POINT('',(3.144040285579,37.599971307761,
    -58.79066759246));
#5007 = CARTESIAN_POINT('',(5.599999282444,37.300003891616,
    -55.26840765525));
#5008 = CARTESIAN_POINT('',(5.599999999959,36.999989711781,
    -51.75000114238));
#5009 = ORIENTED_EDGE('',*,*,#5010,.T.);
#5010 = EDGE_CURVE('',#4925,#5011,#5013,.T.);
#5011 = VERTEX_POINT('',#5012);
#5012 = CARTESIAN_POINT('',(2.5,43.,-55.66239017374));
#5013 = B_SPLINE_CURVE_WITH_KNOTS('',8,(#5014,#5015,#5016,#5017,#5018,
    #5019,#5020,#5021,#5022,#5023,#5024,#5025,#5026,#5027,#5028,#5029,
    #5030,#5031,#5032,#5033,#5034,#5035,#5036,#5037,#5038,#5039,#5040,
    #5041,#5042,#5043,#5044,#5045,#5046,#5047,#5048,#5049,#5050,#5051,
    #5052,#5053,#5054,#5055,#5056,#5057,#5058,#5059,#5060,#5061,#5062,
    #5063,#5064,#5065,#5066,#5067,#5068,#5069,#5070,#5071,#5072,#5073,
    #5074,#5075,#5076,#5077,#5078,#5079,#5080,#5081,#5082,#5083,#5084,
    #5085,#5086,#5087,#5088,#5089,#5090,#5091,#5092,#5093,#5094,#5095,
    #5096,#5097,#5098,#5099,#5100,#5101,#5102,#5103,#5104,#5105,#5106,
    #5107,#5108,#5109,#5110,#5111,#5112,#5113,#5114,#5115,#5116,#5117,
    #5118,#5119,#5120,#5121,#5122,#5123,#5124,#5125,#5126,#5127,#5128,
    #5129,#5130,#5131,#5132,#5133,#5134,#5135,#5136,#5137,#5138,#5139,
    #5140,#5141,#5142,#5143,#5144,#5145,#5146,#5147,#5148,#5149,#5150,
    #5151,#5152,#5153,#5154,#5155,#5156,#5157,#5158,#5159,#5160,#5161,
    #5162,#5163,#5164,#5165,#5166,#5167,#5168,#5169,#5170,#5171,#5172,
    #5173,#5174,#5175,#5176,#5177,#5178,#5179,#5180,#5181,#5182,#5183),
  .UNSPECIFIED.,.F.,.F.,(9,7,7,7,7,7,7,7,7,7,7,7,7,7,7,7,7,7,7,7,7,7,7,7
    ,9),(0.,3.625372200791E-02,7.231985686739E-02,0.108198052192,
    0.143743971181,0.179246469404,0.214418014022,0.249544548707,
    0.284341692757,0.319092433834,0.353515503605,0.387890902747,
    0.421940442802,0.455941117197,0.489617791711,0.523244440749,
    0.556548964817,0.613917873827,0.670729033312,0.726983339605,
    0.782681655276,0.837824812135,0.892413618988,0.946448872137,1.),
  .UNSPECIFIED.);
#5014 = CARTESIAN_POINT('',(5.6,43.,-51.74999999989));
#5015 = CARTESIAN_POINT('',(5.595996085497,43.,-51.77347780701));
#5016 = CARTESIAN_POINT('',(5.591878796908,43.,-51.79693532407));
#5017 = CARTESIAN_POINT('',(5.587641189647,43.,-51.8203694468));
#5018 = CARTESIAN_POINT('',(5.583295375256,43.,-51.8437837365));
#5019 = CARTESIAN_POINT('',(5.578827438117,43.,-51.86717264457));
#5020 = CARTESIAN_POINT('',(5.57424835387,43.,-51.89053921879));
#5021 = CARTESIAN_POINT('',(5.569552489522,43.,-51.91388089466));
#5022 = CARTESIAN_POINT('',(5.559955743402,43.,-51.96039347935));
#5023 = CARTESIAN_POINT('',(5.555055791756,43.,-51.98356459647));
#5024 = CARTESIAN_POINT('',(5.550041860511,43.,-52.00671018104));
#5025 = CARTESIAN_POINT('',(5.544913999671,43.,-52.02982955121));
#5026 = CARTESIAN_POINT('',(5.539672263978,43.,-52.05292202402));
#5027 = CARTESIAN_POINT('',(5.534316712914,43.,-52.07598691541));
#5028 = CARTESIAN_POINT('',(5.528847410701,43.,-52.09902354022));
#5029 = CARTESIAN_POINT('',(5.517710534659,43.,-52.14491899185));
#5030 = CARTESIAN_POINT('',(5.512044142597,43.,-52.16777811972));
#5031 = CARTESIAN_POINT('',(5.506265318005,43.,-52.19060792019));
#5032 = CARTESIAN_POINT('',(5.500374133559,43.,-52.21340771671));
#5033 = CARTESIAN_POINT('',(5.494370666716,43.,-52.23617683178));
#5034 = CARTESIAN_POINT('',(5.488254999717,43.,-52.25891458698));
#5035 = CARTESIAN_POINT('',(5.482027219585,43.,-52.28162030292));
#5036 = CARTESIAN_POINT('',(5.469406331048,43.,-52.32675631575));
#5037 = CARTESIAN_POINT('',(5.463015288004,43.,-52.34918721597));
#5038 = CARTESIAN_POINT('',(5.45651437828,43.,-52.37158533834));
#5039 = CARTESIAN_POINT('',(5.449903695896,43.,-52.39395002051));
#5040 = CARTESIAN_POINT('',(5.44318333961,43.,-52.41628059932));
#5041 = CARTESIAN_POINT('',(5.43635341292,43.,-52.43857641088));
#5042 = CARTESIAN_POINT('',(5.429414024055,43.,-52.46083679051));
#5043 = CARTESIAN_POINT('',(5.415325158236,43.,-52.50525820717));
#5044 = CARTESIAN_POINT('',(5.408175948319,43.,-52.52741933244));
#5045 = CARTESIAN_POINT('',(5.400917768799,43.,-52.54954378554));
#5046 = CARTESIAN_POINT('',(5.393550737069,43.,-52.57163090286));
#5047 = CARTESIAN_POINT('',(5.386074975361,43.,-52.59368002014));
#5048 = CARTESIAN_POINT('',(5.378490610741,43.,-52.61569047252));
#5049 = CARTESIAN_POINT('',(5.37079777511,43.,-52.63766159451));
#5050 = CARTESIAN_POINT('',(5.355268157656,43.,-52.68131940399));
#5051 = CARTESIAN_POINT('',(5.347433386246,43.,-52.7030068338));
#5052 = CARTESIAN_POINT('',(5.339492423928,43.,-52.7246543618));
#5053 = CARTESIAN_POINT('',(5.331445408422,43.,-52.74626133988));
#5054 = CARTESIAN_POINT('',(5.323292482217,43.,-52.7678271195));
#5055 = CARTESIAN_POINT('',(5.315033792569,43.,-52.78935105169));
#5056 = CARTESIAN_POINT('',(5.3066694915,43.,-52.81083248702));
#5057 = CARTESIAN_POINT('',(5.289740819067,43.,-52.85368162907));
#5058 = CARTESIAN_POINT('',(5.281176717478,43.,-52.87504944626));
#5059 = CARTESIAN_POINT('',(5.272507587228,43.,-52.89637357979));
#5060 = CARTESIAN_POINT('',(5.263733589358,43.,-52.91765338197));
#5061 = CARTESIAN_POINT('',(5.254854889751,43.,-52.93888820486));
#5062 = CARTESIAN_POINT('',(5.245871659141,43.,-52.9600774002));
#5063 = CARTESIAN_POINT('',(5.236784073104,43.,-52.98122031945));
#5064 = CARTESIAN_POINT('',(5.218486744556,43.,-53.02321448551));
#5065 = CARTESIAN_POINT('',(5.209278946672,43.,-53.04406660835));
#5066 = CARTESIAN_POINT('',(5.199969093815,43.,-53.06487205157));
#5067 = CARTESIAN_POINT('',(5.190557366145,43.,-53.08563018428));
#5068 = CARTESIAN_POINT('',(5.181043948581,43.,-53.1063403755));
#5069 = CARTESIAN_POINT('',(5.171429030805,43.,-53.12700199413));
#5070 = CARTESIAN_POINT('',(5.161712807254,43.,-53.14761440891));
#5071 = CARTESIAN_POINT('',(5.142091238691,43.,-53.18871214732));
#5072 = CARTESIAN_POINT('',(5.132186163187,43.,-53.20919760388));
#5073 = CARTESIAN_POINT('',(5.122180449026,43.,-53.22963272933));
#5074 = CARTESIAN_POINT('',(5.112074299437,43.,-53.25001689487));
#5075 = CARTESIAN_POINT('',(5.10186792247,43.,-53.27034947175));
#5076 = CARTESIAN_POINT('',(5.091561530995,43.,-53.29062983123));
#5077 = CARTESIAN_POINT('',(5.081155342705,43.,-53.31085734464));
#5078 = CARTESIAN_POINT('',(5.060242878342,43.,-53.35101519719));
#5079 = CARTESIAN_POINT('',(5.049738471253,43.,-53.37094654012));
#5080 = CARTESIAN_POINT('',(5.039136575129,43.,-53.39082480108));
#5081 = CARTESIAN_POINT('',(5.028437410973,43.,-53.41064936924));
#5082 = CARTESIAN_POINT('',(5.017641204507,43.,-53.43041963394));
#5083 = CARTESIAN_POINT('',(5.006748186172,43.,-53.45013498474));
#5084 = CARTESIAN_POINT('',(4.995758591131,43.,-53.46979481138));
#5085 = CARTESIAN_POINT('',(4.9736020797,43.,-53.50897504814));
#5086 = CARTESIAN_POINT('',(4.962435429972,43.,-53.52849561374));
#5087 = CARTESIAN_POINT('',(4.951172948973,43.,-53.54795959305));
#5088 = CARTESIAN_POINT('',(4.939814880358,43.,-53.56736637889));
#5089 = CARTESIAN_POINT('',(4.92836147255,43.,-53.58671536445));
#5090 = CARTESIAN_POINT('',(4.916812978738,43.,-53.60600594327));
#5091 = CARTESIAN_POINT('',(4.905169656877,43.,-53.62523750921));
#5092 = CARTESIAN_POINT('',(4.88180515094,43.,-53.66339966481));
#5093 = CARTESIAN_POINT('',(4.870085751238,43.,-53.6823313795));
#5094 = CARTESIAN_POINT('',(4.858273825904,43.,-53.70120401193));
#5095 = CARTESIAN_POINT('',(4.846369634916,43.,-53.7200169739));
#5096 = CARTESIAN_POINT('',(4.834373442904,43.,-53.73876967772));
#5097 = CARTESIAN_POINT('',(4.822285519151,43.,-53.75746153621));
#5098 = CARTESIAN_POINT('',(4.810106137592,43.,-53.77609196268));
#5099 = CARTESIAN_POINT('',(4.785582625939,43.,-53.81320213109));
#5100 = CARTESIAN_POINT('',(4.773238757384,43.,-53.831682051));
#5101 = CARTESIAN_POINT('',(4.760804248542,43.,-53.85009954703));
#5102 = CARTESIAN_POINT('',(4.748279381497,43.,-53.86845403618));
#5103 = CARTESIAN_POINT('',(4.735664443012,43.,-53.88674493611));
#5104 = CARTESIAN_POINT('',(4.722959724543,43.,-53.90497166515));
#5105 = CARTESIAN_POINT('',(4.710165522225,43.,-53.92313364227));
#5106 = CARTESIAN_POINT('',(4.684521520146,43.,-53.9591544851));
#5107 = CARTESIAN_POINT('',(4.671673411989,43.,-53.97701459011));
#5108 = CARTESIAN_POINT('',(4.658738104723,43.,-53.99481003824));
#5109 = CARTESIAN_POINT('',(4.645715895222,43.,-54.01254026636));
#5110 = CARTESIAN_POINT('',(4.632607084924,43.,-54.03020471216));
#5111 = CARTESIAN_POINT('',(4.619411979827,43.,-54.04780281411));
#5112 = CARTESIAN_POINT('',(4.606130890496,43.,-54.06533401149));
#5113 = CARTESIAN_POINT('',(4.579417229449,43.,-54.10023553552));
#5114 = CARTESIAN_POINT('',(4.565984912072,43.,-54.11760606256));
#5115 = CARTESIAN_POINT('',(4.552467493652,43.,-54.13490876805));
#5116 = CARTESIAN_POINT('',(4.538865292502,43.,-54.1521430955));
#5117 = CARTESIAN_POINT('',(4.525178631523,43.,-54.16930848941));
#5118 = CARTESIAN_POINT('',(4.511407838195,43.,-54.18640439521));
#5119 = CARTESIAN_POINT('',(4.497553244587,43.,-54.20343025928));
#5120 = CARTESIAN_POINT('',(4.469810649107,43.,-54.23717837648));
#5121 = CARTESIAN_POINT('',(4.455924238655,43.,-54.25390197572));
#5122 = CARTESIAN_POINT('',(4.441956283071,43.,-54.27055578982));
#5123 = CARTESIAN_POINT('',(4.427907113884,43.,-54.28713928293));
#5124 = CARTESIAN_POINT('',(4.413777067078,43.,-54.30365192031));
#5125 = CARTESIAN_POINT('',(4.399566483093,43.,-54.32009316829));
#5126 = CARTESIAN_POINT('',(4.385275706822,43.,-54.33646249428));
#5127 = CARTESIAN_POINT('',(4.346150890731,43.,-54.38083164291));
#5128 = CARTESIAN_POINT('',(4.321159783909,43.,-54.40868893609));
#5129 = CARTESIAN_POINT('',(4.295933552633,43.,-54.43632852879));
#5130 = CARTESIAN_POINT('',(4.270474022057,43.,-54.463747715));
#5131 = CARTESIAN_POINT('',(4.244783056996,43.,-54.4909438003));
#5132 = CARTESIAN_POINT('',(4.218862561932,43.,-54.51791410182));
#5133 = CARTESIAN_POINT('',(4.192714481011,43.,-54.54465594825));
#5134 = CARTESIAN_POINT('',(4.140223524155,43.,-54.5974196699));
#5135 = CARTESIAN_POINT('',(4.113885013567,43.,-54.62344601867));
#5136 = CARTESIAN_POINT('',(4.087327192935,43.,-54.64924314305));
#5137 = CARTESIAN_POINT('',(4.060552027531,43.,-54.6748084736));
#5138 = CARTESIAN_POINT('',(4.033561521243,43.,-54.70013945454));
#5139 = CARTESIAN_POINT('',(4.00635771657,43.,-54.72523354371));
#5140 = CARTESIAN_POINT('',(3.978942694629,43.,-54.7500882126));
#5141 = CARTESIAN_POINT('',(3.923965222524,43.,-54.79907243034));
#5142 = CARTESIAN_POINT('',(3.896406851272,43.,-54.82320670025));
#5143 = CARTESIAN_POINT('',(3.868645519554,43.,-54.84710131431));
#5144 = CARTESIAN_POINT('',(3.840683323005,43.,-54.87075384639));
#5145 = CARTESIAN_POINT('',(3.812522394731,43.,-54.89416188603));
#5146 = CARTESIAN_POINT('',(3.784164905314,43.,-54.91732303838));
#5147 = CARTESIAN_POINT('',(3.755613062806,43.,-54.94023492426));
#5148 = CARTESIAN_POINT('',(3.698409254102,43.,-54.98533147291));
#5149 = CARTESIAN_POINT('',(3.669761066397,43.,-55.00752108656));
#5150 = CARTESIAN_POINT('',(3.640926729386,43.,-55.02946172681));
#5151 = CARTESIAN_POINT('',(3.61190845908,43.,-55.05115111696));
#5152 = CARTESIAN_POINT('',(3.582708507737,43.,-55.07258699789));
#5153 = CARTESIAN_POINT('',(3.553329163861,43.,-55.09376712805));
#5154 = CARTESIAN_POINT('',(3.523772752203,43.,-55.11468928347));
#5155 = CARTESIAN_POINT('',(3.46460685269,43.,-55.15580728905));
#5156 = CARTESIAN_POINT('',(3.435000829965,43.,-55.1760083014));
#5157 = CARTESIAN_POINT('',(3.40522585686,43.,-55.1959521536));
#5158 = CARTESIAN_POINT('',(3.375284259587,43.,-55.21563672388));
#5159 = CARTESIAN_POINT('',(3.345178399295,43.,-55.23505990988));
#5160 = CARTESIAN_POINT('',(3.314910672075,43.,-55.25421962869));
#5161 = CARTESIAN_POINT('',(3.284483508953,43.,-55.27311381681));
#5162 = CARTESIAN_POINT('',(3.223622702829,43.,-55.31017979158));
#5163 = CARTESIAN_POINT('',(3.193192199709,43.,-55.32835693245));
#5164 = CARTESIAN_POINT('',(3.162610259059,43.,-55.34626986963));
#5165 = CARTESIAN_POINT('',(3.131879306951,43.,-55.36391664115));
#5166 = CARTESIAN_POINT('',(3.101001803011,43.,-55.38129530626));
#5167 = CARTESIAN_POINT('',(3.069980240413,43.,-55.39840394539));
#5168 = CARTESIAN_POINT('',(3.038817145885,43.,-55.41524066019));
#5169 = CARTESIAN_POINT('',(2.97653042978,43.,-55.44819853183));
#5170 = CARTESIAN_POINT('',(2.945409612043,43.,-55.46432521486));
#5171 = CARTESIAN_POINT('',(2.914155109862,43.,-55.48018180186));
#5172 = CARTESIAN_POINT('',(2.88276943869,43.,-55.49576649497));
#5173 = CARTESIAN_POINT('',(2.851255146066,43.,-55.51107751924));
#5174 = CARTESIAN_POINT('',(2.819614811613,43.,-55.52611312261));
#5175 = CARTESIAN_POINT('',(2.787851047042,43.,-55.54087157591));
#5176 = CARTESIAN_POINT('',(2.724367612784,43.,-55.56970104082));
#5177 = CARTESIAN_POINT('',(2.692650097412,43.,-55.58377702823));
#5178 = CARTESIAN_POINT('',(2.660816523527,43.,-55.59757747417));
#5179 = CARTESIAN_POINT('',(2.628869495361,43.,-55.61110074237));
#5180 = CARTESIAN_POINT('',(2.59681164787,43.,-55.62434522116));
#5181 = CARTESIAN_POINT('',(2.564645646744,43.,-55.63730932349));
#5182 = CARTESIAN_POINT('',(2.532374188404,43.,-55.64999148695));
#5183 = CARTESIAN_POINT('',(2.5,43.,-55.66239017374));
#5184 = ORIENTED_EDGE('',*,*,#5185,.T.);
#5185 = EDGE_CURVE('',#5011,#5186,#5188,.T.);
#5186 = VERTEX_POINT('',#5187);
#5187 = CARTESIAN_POINT('',(0.894061864686,43.,-55.9560258147));
#5188 = B_SPLINE_CURVE_WITH_KNOTS('',4,(#5189,#5190,#5191,#5192,#5193,
    #5194,#5195,#5196,#5197,#5198,#5199,#5200,#5201,#5202,#5203,#5204,
    #5205,#5206,#5207,#5208,#5209,#5210,#5211,#5212,#5213,#5214),
  .UNSPECIFIED.,.F.,.F.,(5,3,3,3,3,3,3,3,5),(0.,0.128469440244,
    0.256119880122,0.382736894237,0.507942746444,0.632499873718,
    0.756027506898,0.878527056429,1.),.UNSPECIFIED.);
#5189 = CARTESIAN_POINT('',(2.5,43.,-55.66239017374));
#5190 = CARTESIAN_POINT('',(2.450564616833,43.,-55.6813229675));
#5191 = CARTESIAN_POINT('',(2.400849771281,43.,-55.69948460799));
#5192 = CARTESIAN_POINT('',(2.350872454909,43.,-55.71686551687));
#5193 = CARTESIAN_POINT('',(2.250748480888,43.,-55.74994222521));
#5194 = CARTESIAN_POINT('',(2.200604933079,43.,-55.7656480628));
#5195 = CARTESIAN_POINT('',(2.150237119095,43.,-55.78056550088));
#5196 = CARTESIAN_POINT('',(2.049498541019,43.,-55.80869306947));
#5197 = CARTESIAN_POINT('',(1.999131101245,43.,-55.82191604593));
#5198 = CARTESIAN_POINT('',(1.94857843268,43.,-55.83434747469));
#5199 = CARTESIAN_POINT('',(1.847704515352,43.,-55.8574831902));
#5200 = CARTESIAN_POINT('',(1.797386965938,43.,-55.86820518365));
#5201 = CARTESIAN_POINT('',(1.746923883981,43.,-55.87813917501));
#5202 = CARTESIAN_POINT('',(1.646005408424,43.,-55.89637130783));
#5203 = CARTESIAN_POINT('',(1.595551328842,43.,-55.90467765999));
#5204 = CARTESIAN_POINT('',(1.544989379792,43.,-55.9121918269));
#5205 = CARTESIAN_POINT('',(1.444105636928,43.,-55.92556947591));
#5206 = CARTESIAN_POINT('',(1.393785311351,43.,-55.93144608958));
#5207 = CARTESIAN_POINT('',(1.343395377288,43.,-55.93653298211));
#5208 = CARTESIAN_POINT('',(1.242933542441,43.,-55.9450826046));
#5209 = CARTESIAN_POINT('',(1.192862484155,43.,-55.94855850118));
#5210 = CARTESIAN_POINT('',(1.14275964331,43.,-55.95124896086));
#5211 = CARTESIAN_POINT('',(1.042947948843,43.,-55.95503588199));
#5212 = CARTESIAN_POINT('',(0.993239311226,43.,-55.95614551447));
#5213 = CARTESIAN_POINT('',(0.943536196681,43.,-55.95647578111));
#5214 = CARTESIAN_POINT('',(0.893857396664,43.,-55.95602398591));
#5215 = ORIENTED_EDGE('',*,*,#5216,.F.);
#5216 = EDGE_CURVE('',#5217,#5186,#5219,.T.);
#5217 = VERTEX_POINT('',#5218);
#5218 = CARTESIAN_POINT('',(4.3,45.35,-51.75));
#5219 = B_SPLINE_CURVE_WITH_KNOTS('',8,(#5220,#5221,#5222,#5223,#5224,
    #5225,#5226,#5227,#5228,#5229,#5230,#5231,#5232,#5233,#5234,#5235,
    #5236,#5237,#5238,#5239,#5240,#5241,#5242,#5243,#5244,#5245,#5246,
    #5247,#5248,#5249,#5250,#5251,#5252,#5253,#5254,#5255,#5256,#5257,
    #5258,#5259,#5260,#5261,#5262,#5263,#5264,#5265,#5266,#5267,#5268,
    #5269,#5270,#5271,#5272,#5273,#5274,#5275,#5276,#5277,#5278,#5279,
    #5280,#5281,#5282,#5283,#5284,#5285,#5286,#5287,#5288,#5289,#5290,
    #5291,#5292,#5293,#5294,#5295,#5296,#5297,#5298,#5299,#5300,#5301,
    #5302,#5303,#5304,#5305,#5306,#5307,#5308,#5309,#5310,#5311,#5312,
    #5313,#5314,#5315,#5316,#5317,#5318,#5319,#5320,#5321,#5322,#5323,
    #5324,#5325,#5326),.UNSPECIFIED.,.F.,.F.,(9,7,7,7,7,7,7,7,7,7,7,7,7,
    7,7,9),(0.,1.457119469581E-02,6.351803940401E-02,0.164967546948,
    0.176578455295,0.284936752631,0.41505769635,0.49817419303,
    0.584801794254,0.624391418829,0.715116189077,0.837264348627,
    0.938279760967,0.952677394594,0.977250730975,1.),.UNSPECIFIED.);
#5220 = CARTESIAN_POINT('',(4.3,45.35,-51.75));
#5221 = CARTESIAN_POINT('',(4.3,45.344536429251,-51.70079503978));
#5222 = CARTESIAN_POINT('',(4.29935651081,45.339072864335,
    -51.65159003043));
#5223 = CARTESIAN_POINT('',(4.298069530328,45.333609289533,
    -51.60239480411));
#5224 = CARTESIAN_POINT('',(4.296139236749,45.328145692548,
    -51.55321918613));
#5225 = CARTESIAN_POINT('',(4.293565988567,45.322682064508,
    -51.50407299499));
#5226 = CARTESIAN_POINT('',(4.290350324574,45.317218399965,
    -51.45496604238));
#5227 = CARTESIAN_POINT('',(4.286492963862,45.311754696895,
    -51.40590813314));
#5228 = CARTESIAN_POINT('',(4.266884813275,45.287937427794,
    -51.19231379261));
#5229 = CARTESIAN_POINT('',(4.244543752691,45.269583199234,
    -51.02838015695));
#5230 = CARTESIAN_POINT('',(4.21500614521,45.251228648042,
    -50.86548201318));
#5231 = CARTESIAN_POINT('',(4.17832889328,45.232873980009,
    -50.70398814014));
#5232 = CARTESIAN_POINT('',(4.134591200772,45.214519316604,
    -50.54426197813));
#5233 = CARTESIAN_POINT('',(4.083894493116,45.196164781901,
    -50.38666136653));
#5234 = CARTESIAN_POINT('',(4.026362337422,45.177810589501,
    -50.23153828132));
#5235 = CARTESIAN_POINT('',(3.829030909753,45.121416894274,
    -49.76357511099));
#5236 = CARTESIAN_POINT('',(3.667146181464,45.083369452362,
    -49.45995246889));
#5237 = CARTESIAN_POINT('',(3.477800972324,45.045329194348,
    -49.1715535123));
#5238 = CARTESIAN_POINT('',(3.262702608664,45.007296049265,
    -48.9012545445));
#5239 = CARTESIAN_POINT('',(3.023878584274,44.969262982808,
    -48.65167055765));
#5240 = CARTESIAN_POINT('',(2.763646519489,44.931223144034,
    -48.42516344561));
#5241 = CARTESIAN_POINT('',(2.48462644366,44.893176660504,
    -48.22381317788));
#5242 = CARTESIAN_POINT('',(2.156051952673,44.85078344752,
    -48.02938482463));
#5243 = CARTESIAN_POINT('',(2.12210042469,44.846429780333,
    -48.00976934735));
#5244 = CARTESIAN_POINT('',(2.087945099402,44.842076080885,
    -47.99050803678));
#5245 = CARTESIAN_POINT('',(2.053590292196,44.837722349667,
    -47.97160336207));
#5246 = CARTESIAN_POINT('',(2.019040351477,44.833368587089,
    -47.95305772774));
#5247 = CARTESIAN_POINT('',(1.984299658675,44.82901479348,
    -47.93487347373));
#5248 = CARTESIAN_POINT('',(1.949372628237,44.824660969085,
    -47.91705287536));
#5249 = CARTESIAN_POINT('',(1.586611232572,44.779674951424,
    -47.7367026158));
#5250 = CARTESIAN_POINT('',(1.243011282112,44.739027031764,
    -47.60561995987));
#5251 = CARTESIAN_POINT('',(0.887222657244,44.698383666518,
    -47.50826102927));
#5252 = CARTESIAN_POINT('',(0.52313149159,44.657745395225,
    -47.44588703459));
#5253 = CARTESIAN_POINT('',(0.154699400618,44.617107895952,
    -47.41922852288));
#5254 = CARTESIAN_POINT('',(-0.214052342046,44.57646643368,
    -47.42852519724));
#5255 = CARTESIAN_POINT('',(-0.579048641716,44.535820609334,
    -47.47348345419));
#5256 = CARTESIAN_POINT('',(-1.365042952181,44.4463995308,-47.6488134845
    ));
#5257 = CARTESIAN_POINT('',(-1.783019648492,44.397579464526,
    -47.79462701812));
#5258 = CARTESIAN_POINT('',(-2.182814364645,44.34878038558,
    -47.98908413348));
#5259 = CARTESIAN_POINT('',(-2.557904327232,44.299996143282,
    -48.2293785574));
#5260 = CARTESIAN_POINT('',(-2.902344706831,44.251211154929,
    -48.5118582293));
#5261 = CARTESIAN_POINT('',(-3.210825186538,44.202410744978,
    -48.83199781896));
#5262 = CARTESIAN_POINT('',(-3.478661178234,44.153589971449,
    -49.18446109042));
#5263 = CARTESIAN_POINT('',(-3.844932739138,44.073634707468,
    -49.80442301037));
#5264 = CARTESIAN_POINT('',(-3.96968888233,44.042465177734,
    -50.05675142701));
#5265 = CARTESIAN_POINT('',(-4.075476583801,44.011296531173,
    -50.3181511977));
#5266 = CARTESIAN_POINT('',(-4.161541253134,43.980129400174,
    -50.58695035627));
#5267 = CARTESIAN_POINT('',(-4.227307603439,43.948962143703,
    -50.86142224942));
#5268 = CARTESIAN_POINT('',(-4.272372449106,43.917793101502,
    -51.13979215319));
#5269 = CARTESIAN_POINT('',(-4.296514276851,43.886622860824,
    -51.42023918533));
#5270 = CARTESIAN_POINT('',(-4.303060305836,43.822973646112,
    -51.99340357143));
#5271 = CARTESIAN_POINT('',(-4.283659119703,43.790486954591,
    -52.28621258336));
#5272 = CARTESIAN_POINT('',(-4.241481738401,43.75800273412,
    -52.57719911849));
#5273 = CARTESIAN_POINT('',(-4.176742350467,43.725521413053,
    -52.86429638928));
#5274 = CARTESIAN_POINT('',(-4.089869987838,43.693040421628,
    -53.14548909941));
#5275 = CARTESIAN_POINT('',(-3.981496374313,43.660557085279,
    -53.41881599506));
#5276 = CARTESIAN_POINT('',(-3.852465260842,43.628071564746,
    -53.68237812002));
#5277 = CARTESIAN_POINT('',(-3.63595073674,43.580745392097,
    -54.04950754976));
#5278 = CARTESIAN_POINT('',(-3.563946118158,43.565900753969,
    -54.16224990725));
#5279 = CARTESIAN_POINT('',(-3.487950037296,43.551056031855,
    -54.27240929192));
#5280 = CARTESIAN_POINT('',(-3.408071020297,43.536211218478,
    -54.37982098795));
#5281 = CARTESIAN_POINT('',(-3.324425414725,43.521366254282,
    -54.48432619479));
#5282 = CARTESIAN_POINT('',(-3.237137330241,43.506521085688,
    -54.58577210329));
#5283 = CARTESIAN_POINT('',(-3.146338579276,43.491675723359,
    -54.68401197194));
#5284 = CARTESIAN_POINT('',(-2.836365911307,43.442810084403,
    -54.9963653756));
#5285 = CARTESIAN_POINT('',(-2.602821586967,43.408783735251,
    -55.1962883568));
#5286 = CARTESIAN_POINT('',(-2.353247915466,43.374759109185,
    -55.37693011097));
#5287 = CARTESIAN_POINT('',(-2.089519121971,43.340737118479,
    -55.53681032032));
#5288 = CARTESIAN_POINT('',(-1.813643878925,43.30671527164,
    -55.6746774948));
#5289 = CARTESIAN_POINT('',(-1.527751930847,43.272691157443,
    -55.78949964891));
#5290 = CARTESIAN_POINT('',(-1.234094851037,43.238665872873,
    -55.88048054552));
#5291 = CARTESIAN_POINT('',(-0.532453759336,43.158846292852,
    -56.03679727286));
#5292 = CARTESIAN_POINT('',(-0.119803891412,43.113024034779,
    -56.0824014894));
#5293 = CARTESIAN_POINT('',(0.296940899118,43.067217554221,
    -56.08251063555));
#5294 = CARTESIAN_POINT('',(0.711916246517,43.021424378334,
    -56.03683291228));
#5295 = CARTESIAN_POINT('',(1.119381110691,42.975632465352,
    -55.94592778604));
#5296 = CARTESIAN_POINT('',(1.513721406647,42.929828743963,
    -55.81112111235));
#5297 = CARTESIAN_POINT('',(1.889481193474,42.884008493929,
    -55.63458479956));
#5298 = CARTESIAN_POINT('',(2.532589426031,42.800330874848,
    -55.24175467481));
#5299 = CARTESIAN_POINT('',(2.807643291237,42.762442000243,
    -55.03750366529));
#5300 = CARTESIAN_POINT('',(3.063733538442,42.724553968735,
    -54.80856794327));
#5301 = CARTESIAN_POINT('',(3.298302112927,42.686668280502,
    -54.55703522534));
#5302 = CARTESIAN_POINT('',(3.509091852316,42.648781586137,
    -54.28526608441));
#5303 = CARTESIAN_POINT('',(3.694133913025,42.610891408835,
    -53.99586601527));
#5304 = CARTESIAN_POINT('',(3.8517770031,42.573001053155,-53.69169342687
    ));
#5305 = CARTESIAN_POINT('',(3.999142024123,42.529725076181,
    -53.33089432262));
#5306 = CARTESIAN_POINT('',(4.016944033143,42.524326530856,
    -53.28564749969));
#5307 = CARTESIAN_POINT('',(4.034160862713,42.518928065092,
    -53.2401718687));
#5308 = CARTESIAN_POINT('',(4.050789088581,42.513529678581,
    -53.19447626325));
#5309 = CARTESIAN_POINT('',(4.066825448019,42.508131370015,
    -53.14856957421));
#5310 = CARTESIAN_POINT('',(4.082266839829,42.502733137082,
    -53.10246074967));
#5311 = CARTESIAN_POINT('',(4.09711032434,42.497334976464,-53.056158795)
  );
#5312 = CARTESIAN_POINT('',(4.13566219402,42.482723623582,
    -52.93033218889));
#5313 = CARTESIAN_POINT('',(4.15822147069,42.473510558877,
    -52.85045532012));
#5314 = CARTESIAN_POINT('',(4.179017119021,42.464297668443,
    -52.77008730791));
#5315 = CARTESIAN_POINT('',(4.198036724697,42.455084922782,
    -52.68927361588));
#5316 = CARTESIAN_POINT('',(4.215269293473,42.445872284178,
    -52.6080600299));
#5317 = CARTESIAN_POINT('',(4.230705251184,42.436659706703,
    -52.52649265811));
#5318 = CARTESIAN_POINT('',(4.244336443739,42.427447136213,
    -52.4446179309));
#5319 = CARTESIAN_POINT('',(4.267098460154,42.409705733427,
    -52.28644413835));
#5320 = CARTESIAN_POINT('',(4.276488255732,42.401176908531,
    -52.21018220628));
#5321 = CARTESIAN_POINT('',(4.284320188788,42.392647982389,
    -52.13373388569));
#5322 = CARTESIAN_POINT('',(4.290589992984,42.384118902181,
    -52.05713633917));
#5323 = CARTESIAN_POINT('',(4.295294470713,42.375589615536,
    -51.98042681085));
#5324 = CARTESIAN_POINT('',(4.2984314931,42.367060070531,-51.90364262643
    ));
#5325 = CARTESIAN_POINT('',(4.3,42.358530215693,-51.8268211932));
#5326 = CARTESIAN_POINT('',(4.3,42.349999999998,-51.75));
#5327 = ORIENTED_EDGE('',*,*,#5328,.F.);
#5328 = EDGE_CURVE('',#5329,#5217,#5331,.T.);
#5329 = VERTEX_POINT('',#5330);
#5330 = CARTESIAN_POINT('',(4.3,48.349999999999,-51.75));
#5331 = B_SPLINE_CURVE_WITH_KNOTS('',8,(#5332,#5333,#5334,#5335,#5336,
    #5337,#5338,#5339,#5340,#5341,#5342,#5343,#5344,#5345,#5346,#5347,
    #5348,#5349,#5350,#5351,#5352,#5353,#5354,#5355,#5356,#5357,#5358,
    #5359,#5360,#5361,#5362,#5363,#5364,#5365,#5366,#5367,#5368,#5369,
    #5370,#5371,#5372,#5373,#5374,#5375,#5376,#5377,#5378,#5379,#5380,
    #5381,#5382,#5383,#5384,#5385,#5386,#5387,#5388,#5389,#5390,#5391,
    #5392,#5393,#5394,#5395,#5396,#5397,#5398,#5399,#5400,#5401,#5402,
    #5403,#5404,#5405,#5406,#5407,#5408,#5409,#5410,#5411,#5412,#5413,
    #5414,#5415,#5416,#5417,#5418,#5419,#5420,#5421,#5422,#5423,#5424,
    #5425,#5426,#5427,#5428,#5429,#5430,#5431,#5432,#5433,#5434,#5435,
    #5436,#5437,#5438),.UNSPECIFIED.,.F.,.F.,(9,7,7,7,7,7,7,7,7,7,7,7,7,
    7,7,9),(0.,1.381664925837E-02,6.412516186415E-02,0.165483087332,
    0.176194261976,0.285182072672,0.415798439969,0.498262269643,
    0.585052052904,0.635137275137,0.715153152129,0.837532091032,
    0.937624146002,0.97723159999,0.988573325415,1.),.UNSPECIFIED.);
#5332 = CARTESIAN_POINT('',(4.3,48.349999999999,-51.75));
#5333 = CARTESIAN_POINT('',(4.3,48.34481921159,-51.70334299137));
#5334 = CARTESIAN_POINT('',(4.299421427541,48.339638960522,
    -51.65668582001));
#5335 = CARTESIAN_POINT('',(4.298264280128,48.334457848851,
    -51.61003715108));
#5336 = CARTESIAN_POINT('',(4.296528702065,48.329277264327,
    -51.5634050913));
#5337 = CARTESIAN_POINT('',(4.294214983479,48.324096828933,
    -51.51679808841));
#5338 = CARTESIAN_POINT('',(4.291323559906,48.318915821018,
    -51.47022465011));
#5339 = CARTESIAN_POINT('',(4.287855012278,48.313735133087,
    -51.42369295674));
#5340 = CARTESIAN_POINT('',(4.269081809103,48.28969022912,
    -51.20796520697));
#5341 = CARTESIAN_POINT('',(4.246711266356,48.270825372033,
    -51.03938151248));
#5342 = CARTESIAN_POINT('',(4.216734029008,48.251960169595,
    -50.87186665695));
#5343 = CARTESIAN_POINT('',(4.17921067748,48.233094842207,
    -50.70582130992));
#5344 = CARTESIAN_POINT('',(4.134226689472,48.214229515865,
    -50.54164020628));
#5345 = CARTESIAN_POINT('',(4.08189234696,48.195364320825,
    -50.37971184042));
#5346 = CARTESIAN_POINT('',(4.022342643199,48.176499490277,
    -50.22041816042));
#5347 = CARTESIAN_POINT('',(3.821545375267,48.119629583336,
    -49.74926485173));
#5348 = CARTESIAN_POINT('',(3.658676259643,48.081616564787,
    -49.44652427558));
#5349 = CARTESIAN_POINT('',(3.468453150357,48.043610684104,
    -49.15908153846));
#5350 = CARTESIAN_POINT('',(3.252589277827,48.005611834626,
    -48.88979886331));
#5351 = CARTESIAN_POINT('',(3.013115967829,47.967613001262,-48.64127695)
  );
#5352 = CARTESIAN_POINT('',(2.75235278368,47.92960737657,-48.41586324595
    ));
#5353 = CARTESIAN_POINT('',(2.472919638173,47.89159511391,
    -48.21562322857));
#5354 = CARTESIAN_POINT('',(2.146602631143,47.849573431512,
    -48.02395579295));
#5355 = CARTESIAN_POINT('',(2.115238282942,47.845557118184,
    -48.00593671158));
#5356 = CARTESIAN_POINT('',(2.083701195184,47.841540777723,
    -47.98821943145));
#5357 = CARTESIAN_POINT('',(2.051994757433,47.837524410219,
    -47.97080588244));
#5358 = CARTESIAN_POINT('',(2.020122384282,47.83350801585,
    -47.95369794829));
#5359 = CARTESIAN_POINT('',(1.988087515356,47.829491594881,
    -47.9368974666));
#5360 = CARTESIAN_POINT('',(1.95589361531,47.825475147661,-47.9204062288
    ));
#5361 = CARTESIAN_POINT('',(1.594383748263,47.78059045827,
    -47.73958952065));
#5362 = CARTESIAN_POINT('',(1.249010542915,47.739706063041,
    -47.60709683482));
#5363 = CARTESIAN_POINT('',(0.891246210849,47.698826380914,
    -47.50870304115));
#5364 = CARTESIAN_POINT('',(0.525043735821,47.657951924675,
    -47.44569728829));
#5365 = CARTESIAN_POINT('',(0.154433577205,47.617078247327,
    -47.41882580367));
#5366 = CARTESIAN_POINT('',(-0.21649260592,47.576200479202,
    -47.42833309609));
#5367 = CARTESIAN_POINT('',(-0.583587861862,47.535318175218,
    -47.47391803711));
#5368 = CARTESIAN_POINT('',(-1.373017667771,47.44547522306,
    -47.65129664146));
#5369 = CARTESIAN_POINT('',(-1.79232090073,47.39646875931,
    -47.79850677523));
#5370 = CARTESIAN_POINT('',(-2.193198933327,47.347483656016,
    -47.99469879371));
#5371 = CARTESIAN_POINT('',(-2.569060471299,47.298513587764,
    -48.23701776223));
#5372 = CARTESIAN_POINT('',(-2.913902876457,47.249542717758,
    -48.52175297205));
#5373 = CARTESIAN_POINT('',(-3.222370638381,47.200556159839,
    -48.84430885169));
#5374 = CARTESIAN_POINT('',(-3.489745276268,47.151548841688,
    -49.19926971807));
#5375 = CARTESIAN_POINT('',(-3.852853712312,47.071652293603,
    -49.82047577109));
#5376 = CARTESIAN_POINT('',(-3.975601658681,47.040727544284,
    -50.07131462164));
#5377 = CARTESIAN_POINT('',(-4.079643893789,47.009803640706,
    -50.3310081247));
#5378 = CARTESIAN_POINT('',(-4.164249621389,46.978881196296,
    -50.59792080977));
#5379 = CARTESIAN_POINT('',(-4.228861975488,46.947958636728,
    -50.87036470534));
#5380 = CARTESIAN_POINT('',(-4.273091132218,46.91703436831,
    -51.14660564543));
#5381 = CARTESIAN_POINT('',(-4.296723443718,46.886108957474,
    -51.42486514013));
#5382 = CARTESIAN_POINT('',(-4.302928335248,46.822643573314,
    -51.99637777329));
#5383 = CARTESIAN_POINT('',(-4.283282708958,46.790095985307,
    -52.28972516699));
#5384 = CARTESIAN_POINT('',(-4.240776374301,46.757550888339,
    -52.58122636212));
#5385 = CARTESIAN_POINT('',(-4.175626392159,46.725008713833,
    -52.86880305384));
#5386 = CARTESIAN_POINT('',(-4.088266218669,46.692466867667,
    -53.15042902944));
#5387 = CARTESIAN_POINT('',(-3.979333416213,46.659922650815,
    -53.42413273001));
#5388 = CARTESIAN_POINT('',(-3.849679081889,46.627376226583,
    -53.68800560578));
#5389 = CARTESIAN_POINT('',(-3.614251452588,46.576053740101,
    -54.08576366113));
#5390 = CARTESIAN_POINT('',(-3.521559869059,46.557273408768,
    -54.22744058625));
#5391 = CARTESIAN_POINT('',(-3.422529320128,46.538492993063,
    -54.36490096891));
#5392 = CARTESIAN_POINT('',(-3.317384677784,46.519712492124,
    -54.49781423894));
#5393 = CARTESIAN_POINT('',(-3.206370386755,46.500931736529,
    -54.62586559363));
#5394 = CARTESIAN_POINT('',(-3.089750242502,46.482150573221,
    -54.74875626358));
#5395 = CARTESIAN_POINT('',(-2.967807169207,46.463369050431,
    -54.86620377856));
#5396 = CARTESIAN_POINT('',(-2.638005732156,46.414582464307,
    -55.15645497742));
#5397 = CARTESIAN_POINT('',(-2.422328855766,46.384573932452,
    -55.32041831728));
#5398 = CARTESIAN_POINT('',(-2.195058255427,46.354566326581,
    -55.46872741676));
#5399 = CARTESIAN_POINT('',(-1.957528710609,46.324560240646,
    -55.60043643986));
#5400 = CARTESIAN_POINT('',(-1.711151218225,46.294554426798,
    -55.71474157702));
#5401 = CARTESIAN_POINT('',(-1.457406630189,46.264547658651,
    -55.8109764675));
#5402 = CARTESIAN_POINT('',(-1.197845603713,46.234540573986,
    -55.88862001794));
#5403 = CARTESIAN_POINT('',(-0.530705726683,46.158649794708,
    -56.03708914471));
#5404 = CARTESIAN_POINT('',(-0.117244884755,46.112740723553,
    -56.08260115229));
#5405 = CARTESIAN_POINT('',(0.300304597168,46.066847568096,
    -56.08244183502));
#5406 = CARTESIAN_POINT('',(0.716044504466,46.020967814069,
    -56.03632130995));
#5407 = CARTESIAN_POINT('',(1.124201709733,45.97508931319,
    -55.94480719181));
#5408 = CARTESIAN_POINT('',(1.519131674728,45.929198884522,
    -55.80923879339));
#5409 = CARTESIAN_POINT('',(1.895349984763,45.883291762741,
    -55.63180766051));
#5410 = CARTESIAN_POINT('',(2.535803498539,45.799873580666,
    -55.2391178493));
#5411 = CARTESIAN_POINT('',(2.808146521205,45.762331266823,
    -55.0365155593));
#5412 = CARTESIAN_POINT('',(3.061856755618,45.724789684014,
    -54.80969377686));
#5413 = CARTESIAN_POINT('',(3.294446586517,45.687250280559,
    -54.56068391386));
#5414 = CARTESIAN_POINT('',(3.503718355244,45.649709875526,
    -54.29178071209));
#5415 = CARTESIAN_POINT('',(3.687752499886,45.612166129816,
    -54.00551573831));
#5416 = CARTESIAN_POINT('',(3.844935259631,45.574622244094,
    -53.70466496166));
#5417 = CARTESIAN_POINT('',(4.025108452538,45.522239338837,
    -53.2686805967));
#5418 = CARTESIAN_POINT('',(4.071797218491,45.507388305542,
    -53.14325398338));
#5419 = CARTESIAN_POINT('',(4.114016539913,45.492537925808,
    -53.01619383454));
#5420 = CARTESIAN_POINT('',(4.151700125412,45.477688169379,
    -52.88768620492));
#5421 = CARTESIAN_POINT('',(4.184791124755,45.462838891466,
    -52.75791985699));
#5422 = CARTESIAN_POINT('',(4.213242160114,45.447989890566,
    -52.62708617517));
#5423 = CARTESIAN_POINT('',(4.237015357309,45.433140966281,
    -52.49537908006));
#5424 = CARTESIAN_POINT('',(4.261542281206,45.414039919996,
    -52.32508630716));
#5425 = CARTESIAN_POINT('',(4.266616300291,45.409787850732,
    -52.28712209175));
#5426 = CARTESIAN_POINT('',(4.271303773555,45.405535763227,
    -52.24910688408));
#5427 = CARTESIAN_POINT('',(4.275604106004,45.401283651215,
    -52.21104527916));
#5428 = CARTESIAN_POINT('',(4.279516768397,45.397031508286,
    -52.1729418793));
#5429 = CARTESIAN_POINT('',(4.28304129725,45.392779327883,
    -52.13480129413));
#5430 = CARTESIAN_POINT('',(4.286177294831,45.388527103305,
    -52.09662814063));
#5431 = CARTESIAN_POINT('',(4.291692139447,45.379990702697,
    -52.01993982056));
#5432 = CARTESIAN_POINT('',(4.294065139603,45.375706581988,
    -51.98142422238));
#5433 = CARTESIAN_POINT('',(4.296043090516,45.371422246597,
    -51.94288501617));
#5434 = CARTESIAN_POINT('',(4.297625721069,45.367137918354,
    -51.90432688691));
#5435 = CARTESIAN_POINT('',(4.298812828138,45.362853666581,
    -51.86575455412));
#5436 = CARTESIAN_POINT('',(4.299604276689,45.358569267771,
    -51.82717279941));
#5437 = CARTESIAN_POINT('',(4.3,45.354284518275,-51.78858640455));
#5438 = CARTESIAN_POINT('',(4.3,45.35,-51.75));
#5439 = ORIENTED_EDGE('',*,*,#5440,.F.);
#5440 = EDGE_CURVE('',#5441,#5329,#5443,.T.);
#5441 = VERTEX_POINT('',#5442);
#5442 = CARTESIAN_POINT('',(4.3,51.349999999999,-51.75));
#5443 = B_SPLINE_CURVE_WITH_KNOTS('',8,(#5444,#5445,#5446,#5447,#5448,
    #5449,#5450,#5451,#5452,#5453,#5454,#5455,#5456,#5457,#5458,#5459,
    #5460,#5461,#5462,#5463,#5464,#5465,#5466,#5467,#5468,#5469,#5470,
    #5471,#5472,#5473,#5474,#5475,#5476,#5477,#5478,#5479,#5480,#5481,
    #5482,#5483,#5484,#5485,#5486,#5487,#5488,#5489,#5490,#5491,#5492,
    #5493,#5494,#5495,#5496,#5497,#5498,#5499,#5500,#5501,#5502,#5503,
    #5504,#5505,#5506,#5507,#5508,#5509,#5510,#5511,#5512,#5513,#5514,
    #5515,#5516,#5517,#5518,#5519,#5520,#5521,#5522,#5523,#5524,#5525,
    #5526,#5527,#5528,#5529,#5530,#5531,#5532,#5533,#5534,#5535,#5536,
    #5537,#5538,#5539,#5540,#5541,#5542,#5543),.UNSPECIFIED.,.F.,.F.,(9,
    7,7,7,7,7,7,7,7,7,7,7,7,7,9),(0.,1.454375050131E-02,
    6.427097122555E-02,0.164512773163,0.175878928752,0.285496320795,
    0.415526459679,0.498348703289,0.585038095461,0.636269434913,
    0.71502529596,0.83751267847,0.937594620881,0.97717677842,1.),
  .UNSPECIFIED.);
#5444 = CARTESIAN_POINT('',(4.3,51.349999999999,-51.75));
#5445 = CARTESIAN_POINT('',(4.3,51.344546569386,-51.70088763734));
#5446 = CARTESIAN_POINT('',(4.299358929741,51.339093689211,
    -51.65177511925));
#5447 = CARTESIAN_POINT('',(4.298076787028,51.333639957622,
    -51.60267249671));
#5448 = CARTESIAN_POINT('',(4.296153749156,51.328186723558,
    -51.55358927105));
#5449 = CARTESIAN_POINT('',(4.293590172065,51.322733637072,
    -51.50453527291));
#5450 = CARTESIAN_POINT('',(4.290386590191,51.317279997887,
    -51.45552039566));
#5451 = CARTESIAN_POINT('',(4.286543716861,51.311826652805,
    -51.40655421998));
#5452 = CARTESIAN_POINT('',(4.26674031798,51.287727010581,
    -51.19042411028));
#5453 = CARTESIAN_POINT('',(4.243954541334,51.269080093597,
    -51.02388316854));
#5454 = CARTESIAN_POINT('',(4.213741264883,51.250432850043,
    -50.85841587313));
#5455 = CARTESIAN_POINT('',(4.176160474115,51.231785498492,
    -50.69440890908));
#5456 = CARTESIAN_POINT('',(4.131295902448,51.21313816299,
    -50.53224322772));
#5457 = CARTESIAN_POINT('',(4.079254943459,51.194490968352,
    -50.3722937597));
#5458 = CARTESIAN_POINT('',(4.020168563111,51.17584413545,
    -50.21492912813));
#5459 = CARTESIAN_POINT('',(3.821191851304,51.119610724542,
    -49.74923084088));
#5460 = CARTESIAN_POINT('',(3.66015523415,51.082016682482,
    -49.44984167805));
#5461 = CARTESIAN_POINT('',(3.472363806683,51.044429474344,
    -49.1654052604));
#5462 = CARTESIAN_POINT('',(3.25947239286,51.006848993976,
    -48.89869108511));
#5463 = CARTESIAN_POINT('',(3.023440767406,50.969268576289,
    -48.65221895785));
#5464 = CARTESIAN_POINT('',(2.766505638159,50.93168173528,
    -48.42826663741));
#5465 = CARTESIAN_POINT('',(2.491192037788,50.894088568842,
    -48.22884292633));
#5466 = CARTESIAN_POINT('',(2.167387908944,50.852239968453,
    -48.03598561718));
#5467 = CARTESIAN_POINT('',(2.134211320487,50.847978073848,
    -48.01668141598));
#5468 = CARTESIAN_POINT('',(2.10083837554,50.843716147801,
    -47.99771599572));
#5469 = CARTESIAN_POINT('',(2.067273118792,50.839454191242,
    -47.97909168779));
#5470 = CARTESIAN_POINT('',(2.033519623606,50.83519220479,
    -47.96081076325));
#5471 = CARTESIAN_POINT('',(1.999581992015,50.830930188747,
    -47.94287543284));
#5472 = CARTESIAN_POINT('',(1.965464354725,50.826668143097,
    -47.92528784698));
#5473 = CARTESIAN_POINT('',(1.600437914964,50.781301790273,
    -47.74180590546));
#5474 = CARTESIAN_POINT('',(1.253237926318,50.74018090503,
    -47.60804444407));
#5475 = CARTESIAN_POINT('',(0.893456901932,50.69906490043,
    -47.50876420576));
#5476 = CARTESIAN_POINT('',(0.525115981529,50.65795426236,
    -47.44528100947));
#5477 = CARTESIAN_POINT('',(0.152315576372,50.616844415688,
    -47.41835525353));
#5478 = CARTESIAN_POINT('',(-0.220781349641,50.575730351279,
    -47.42823454762));
#5479 = CARTESIAN_POINT('',(-0.589955273364,50.534611573535,
    -47.47460829962));
#5480 = CARTESIAN_POINT('',(-1.379176816671,50.444752389729,
    -47.65357765977));
#5481 = CARTESIAN_POINT('',(-1.796354346074,50.395966449505,
    -47.8007246241));
#5482 = CARTESIAN_POINT('',(-2.195209408273,50.347201395479,
    -47.99638415509));
#5483 = CARTESIAN_POINT('',(-2.56924240154,50.29845108507,
    -48.23773404851));
#5484 = CARTESIAN_POINT('',(-2.912532908532,50.249699987345,
    -48.52111032738));
#5485 = CARTESIAN_POINT('',(-3.219796062514,50.200933488343,
    -48.84198027425));
#5486 = CARTESIAN_POINT('',(-3.486373754179,50.152146697392,
    -49.19500428481));
#5487 = CARTESIAN_POINT('',(-3.850156483905,50.072335536144,
    -49.81492474883));
#5488 = CARTESIAN_POINT('',(-3.973791961226,50.041276300454,
    -50.06668860542));
#5489 = CARTESIAN_POINT('',(-4.078569886932,50.010217933207,
    -50.32740972301));
#5490 = CARTESIAN_POINT('',(-4.163747869011,49.979161058689,
    -50.595432009));
#5491 = CARTESIAN_POINT('',(-4.228760429725,49.94810406628,
    -50.86904582686));
#5492 = CARTESIAN_POINT('',(-4.273211939836,49.917045325836,
    -51.1464944639));
#5493 = CARTESIAN_POINT('',(-4.296885988306,49.88598541442,
    -51.42597603718));
#5494 = CARTESIAN_POINT('',(-4.302791102812,49.822423220126,
    -51.99836378868));
#5495 = CARTESIAN_POINT('',(-4.283036229701,49.789913266357,
    -52.2913610989));
#5496 = CARTESIAN_POINT('',(-4.240474522582,49.757405791333,
    -52.5825066167));
#5497 = CARTESIAN_POINT('',(-4.175323101159,49.724901223484,
    -52.86972934613));
#5498 = CARTESIAN_POINT('',(-4.088014483274,49.692396982901,
    -53.15101020577));
#5499 = CARTESIAN_POINT('',(-3.979184375656,49.659890386294,
    -53.42438456583));
#5500 = CARTESIAN_POINT('',(-3.849681022566,49.627381595424,
    -53.68795056346));
#5501 = CARTESIAN_POINT('',(-3.612490526947,49.575666946183,
    -54.0887693046));
#5502 = CARTESIAN_POINT('',(-3.517537489784,49.556456806961,
    -54.23360652295));
#5503 = CARTESIAN_POINT('',(-3.41595654546,49.537246587143,
    -54.37402431877));
#5504 = CARTESIAN_POINT('',(-3.307988866887,49.518036287459,
    -54.50966918583));
#5505 = CARTESIAN_POINT('',(-3.193897002832,49.498825720117,
    -54.64020494467));
#5506 = CARTESIAN_POINT('',(-3.073964625476,49.479614715363,
    -54.76531304295));
#5507 = CARTESIAN_POINT('',(-2.948496277977,49.460403328043,
    -54.88469285581));
#5508 = CARTESIAN_POINT('',(-2.616929353773,49.411659316341,
    -55.1723397542));
#5509 = CARTESIAN_POINT('',(-2.403704572222,49.382123441261,
    -55.33243383802));
#5510 = CARTESIAN_POINT('',(-2.179337466701,49.352588424596,
    -55.47730023412));
#5511 = CARTESIAN_POINT('',(-1.945105303838,49.32305482803,
    -55.60604402562));
#5512 = CARTESIAN_POINT('',(-1.702356417566,49.29352150919,
    -55.71790390339));
#5513 = CARTESIAN_POINT('',(-1.452504410451,49.263987343437,
    -55.81224799033));
#5514 = CARTESIAN_POINT('',(-1.197028066356,49.234452927491,
    -55.88858096901));
#5515 = CARTESIAN_POINT('',(-0.533802461134,49.158993828404,
    -56.03674002344));
#5516 = CARTESIAN_POINT('',(-0.120002113557,49.113043921886,
    -56.08258669416));
#5517 = CARTESIAN_POINT('',(0.297925696726,49.067109996683,
    -56.08268282935));
#5518 = CARTESIAN_POINT('',(0.714067066117,49.02118952567,
    -56.03673403402));
#5519 = CARTESIAN_POINT('',(1.122633218976,48.975270320399,
    -55.94530649928));
#5520 = CARTESIAN_POINT('',(1.517964053769,48.929339149963,
    -55.80974072061));
#5521 = CARTESIAN_POINT('',(1.894559750169,48.883391217844,
    -55.63223245025));
#5522 = CARTESIAN_POINT('',(2.535345354165,48.799936086086,
    -55.23944749826));
#5523 = CARTESIAN_POINT('',(2.807687633715,48.762397533534,
    -55.03690157601));
#5524 = CARTESIAN_POINT('',(3.061404117501,48.724859710396,
    -54.81013854595));
#5525 = CARTESIAN_POINT('',(3.29400765925,48.687324063132,
    -54.56118886423));
#5526 = CARTESIAN_POINT('',(3.503300915438,48.649787411474,
    -54.29234625606));
#5527 = CARTESIAN_POINT('',(3.687364496796,48.612247417407,
    -54.0061412242));
#5528 = CARTESIAN_POINT('',(3.844584655346,48.574707281291,
    -53.70534862551));
#5529 = CARTESIAN_POINT('',(4.024793412847,48.522337586901,
    -53.26950781101));
#5530 = CARTESIAN_POINT('',(4.071478514092,48.507496019566,
    -53.14417101068));
#5531 = CARTESIAN_POINT('',(4.113700220364,48.49265510496,
    -53.01720181058));
#5532 = CARTESIAN_POINT('',(4.151392326665,48.477814813147,
    -52.88878589511));
#5533 = CARTESIAN_POINT('',(4.184498044463,48.462975000003,
    -52.75911165179));
#5534 = CARTESIAN_POINT('',(4.212970032814,48.448135464818,
    -52.62837008579));
#5535 = CARTESIAN_POINT('',(4.236770429476,48.433296007894,
    -52.49675473445));
#5536 = CARTESIAN_POINT('',(4.266884275125,48.409899965005,
    -52.28818085021));
#5537 = CARTESIAN_POINT('',(4.276335127197,48.401343394723,
    -52.21167446692));
#5538 = CARTESIAN_POINT('',(4.28421803351,48.392786723366,
    -52.13497987221));
#5539 = CARTESIAN_POINT('',(4.290528672003,48.384229897529,
    -52.05813459012));
#5540 = CARTESIAN_POINT('',(4.295263803285,48.375672864341,
    -51.98117622842));
#5541 = CARTESIAN_POINT('',(4.298421270634,48.367115571468,
    -51.90414247867));
#5542 = CARTESIAN_POINT('',(4.3,48.358557967109,-51.82707111617));
#5543 = CARTESIAN_POINT('',(4.3,48.349999999999,-51.75));
#5544 = ORIENTED_EDGE('',*,*,#5545,.F.);
#5545 = EDGE_CURVE('',#4797,#5441,#5546,.T.);
#5546 = B_SPLINE_CURVE_WITH_KNOTS('',8,(#5547,#5548,#5549,#5550,#5551,
    #5552,#5553,#5554,#5555,#5556,#5557,#5558,#5559,#5560,#5561,#5562,
    #5563,#5564,#5565,#5566,#5567,#5568,#5569,#5570,#5571,#5572,#5573,
    #5574,#5575,#5576,#5577,#5578,#5579,#5580,#5581,#5582,#5583,#5584,
    #5585,#5586,#5587,#5588,#5589,#5590,#5591,#5592,#5593,#5594,#5595,
    #5596,#5597,#5598,#5599,#5600,#5601,#5602,#5603,#5604,#5605,#5606,
    #5607,#5608,#5609,#5610,#5611,#5612,#5613,#5614,#5615,#5616,#5617,
    #5618,#5619,#5620,#5621,#5622,#5623,#5624,#5625,#5626,#5627,#5628,
    #5629,#5630,#5631,#5632,#5633,#5634,#5635,#5636,#5637,#5638,#5639,
    #5640,#5641,#5642,#5643,#5644,#5645,#5646),.UNSPECIFIED.,.F.,.F.,(9,
    7,7,7,7,7,7,7,7,7,7,7,7,7,9),(0.,1.450818178673E-02,
    6.421889682016E-02,0.16468126744,0.1765959641,0.284953983959,
    0.415755431176,0.49819689582,0.585065517249,0.633990714905,
    0.715266436142,0.836817001793,0.937361423483,0.982643941484,1.),
  .UNSPECIFIED.);
#5547 = CARTESIAN_POINT('',(4.3,54.35,-51.75));
#5548 = CARTESIAN_POINT('',(4.3,54.344560043216,-51.70100770733));
#5549 = CARTESIAN_POINT('',(4.299362060931,54.339120091637,
    -51.65201536087));
#5550 = CARTESIAN_POINT('',(4.298086181044,54.333680130401,
    -51.6030326716));
#5551 = CARTESIAN_POINT('',(4.296172535653,54.328240147732,
    -51.55406934137));
#5552 = CARTESIAN_POINT('',(4.293621477133,54.32280013494,
    -51.50513506281));
#5553 = CARTESIAN_POINT('',(4.290433534919,54.31736008642,-51.4562395194
    ));
#5554 = CARTESIAN_POINT('',(4.286609415509,54.311919999657,
    -51.40739238543));
#5555 = CARTESIAN_POINT('',(4.266870306191,54.287839877481,
    -51.19143289311));
#5556 = CARTESIAN_POINT('',(4.244131756949,54.269199145684,
    -51.02494185799));
#5557 = CARTESIAN_POINT('',(4.213970380619,54.250558086579,
    -50.85952196888));
#5558 = CARTESIAN_POINT('',(4.176446008618,54.23191691807,
    -50.69555954052));
#5559 = CARTESIAN_POINT('',(4.13164219037,54.213275764163,
    -50.53343516782));
#5560 = CARTESIAN_POINT('',(4.07966610578,54.19463474992,-50.3735234395)
  );
#5561 = CARTESIAN_POINT('',(4.020648477704,54.175994096411,
    -50.21619265175));
#5562 = CARTESIAN_POINT('',(3.821553449722,54.119684135751,
    -49.74979538029));
#5563 = CARTESIAN_POINT('',(3.660198500602,54.082007277108,
    -49.44972029825));
#5564 = CARTESIAN_POINT('',(3.471968647014,54.04433731237,
    -49.16466191503));
#5565 = CARTESIAN_POINT('',(3.258529737503,54.006674136554,
    -48.89740813908));
#5566 = CARTESIAN_POINT('',(3.021855174692,53.969011016883,
    -48.6504949274));
#5567 = CARTESIAN_POINT('',(2.764197540864,53.931341404208,
    -48.42621404637));
#5568 = CARTESIAN_POINT('',(2.488100133642,53.893665406025,-48.226585814
    ));
#5569 = CARTESIAN_POINT('',(2.161858925404,53.851528372841,
    -48.03274499166));
#5570 = CARTESIAN_POINT('',(2.127049658289,53.847060789608,
    -48.01256303881));
#5571 = CARTESIAN_POINT('',(2.092025234899,53.842593172224,
    -47.99275371243));
#5572 = CARTESIAN_POINT('',(2.056790315821,53.838125521371,
    -47.97331968799));
#5573 = CARTESIAN_POINT('',(2.021349597736,53.833657837564,
    -47.95426356899));
#5574 = CARTESIAN_POINT('',(1.985707813421,53.829190121154,-47.935587887
    ));
#5575 = CARTESIAN_POINT('',(1.949869731747,53.824722372326,
    -47.91729510162));
#5576 = CARTESIAN_POINT('',(1.586169767631,53.779622425576,
    -47.73652811589));
#5577 = CARTESIAN_POINT('',(1.242555401791,53.738974503466,
    -47.60548325663));
#5578 = CARTESIAN_POINT('',(0.886756071137,53.698331136871,
    -47.50816346288));
#5579 = CARTESIAN_POINT('',(0.522658047814,53.657692865761,
    -47.44582951779));
#5580 = CARTESIAN_POINT('',(0.154223027523,53.61705536808,
    -47.41921153271));
#5581 = CARTESIAN_POINT('',(-0.214527689756,53.576413908294,
    -47.42854876854));
#5582 = CARTESIAN_POINT('',(-0.579519041573,53.535768086755,
    -47.47354717361));
#5583 = CARTESIAN_POINT('',(-1.367737954358,53.446091724325,
    -47.64946445908));
#5584 = CARTESIAN_POINT('',(-1.787832768784,53.397015549994,
    -47.79635192864));
#5585 = CARTESIAN_POINT('',(-2.18950992837,53.347960897484,
    -47.9923850928));
#5586 = CARTESIAN_POINT('',(-2.566146684811,53.298921383509,
    -48.23470401084));
#5587 = CARTESIAN_POINT('',(-2.911711215959,53.249881075776,
    -48.51958803389));
#5588 = CARTESIAN_POINT('',(-3.220821806329,53.20082499378,
    -48.84242598821));
#5589 = CARTESIAN_POINT('',(-3.488736371383,53.151748006221,
    -49.19778180587));
#5590 = CARTESIAN_POINT('',(-3.852291343087,53.071790374491,
    -49.8193640985));
#5591 = CARTESIAN_POINT('',(-3.975079038996,53.040873987738,
    -50.07009897986));
#5592 = CARTESIAN_POINT('',(-4.079173792529,53.009958444361,
    -50.32968923042));
#5593 = CARTESIAN_POINT('',(-4.163844905702,52.979044356887,
    -50.59650093182));
#5594 = CARTESIAN_POINT('',(-4.228535406945,52.948130153186,
    -50.86884766344));
#5595 = CARTESIAN_POINT('',(-4.272855176136,52.917214241987,
    -51.14499680173));
#5596 = CARTESIAN_POINT('',(-4.296590064575,52.886297189397,
    -51.4231713851));
#5597 = CARTESIAN_POINT('',(-4.30303241107,52.822810561384,
    -51.99487267284));
#5598 = CARTESIAN_POINT('',(-4.283469030752,52.790233362102,
    -52.28849523519));
#5599 = CARTESIAN_POINT('',(-4.241002533894,52.757658663627,
    -52.58027572156));
#5600 = CARTESIAN_POINT('',(-4.175849961709,52.725086899516,
    -52.86813007019));
#5601 = CARTESIAN_POINT('',(-4.088445533432,52.692515464288,
    -53.1500264524));
#5602 = CARTESIAN_POINT('',(-3.979428295801,52.659941646081,
    -53.42398785626));
#5603 = CARTESIAN_POINT('',(-3.849651620256,52.627365609506,
    -53.68810046909));
#5604 = CARTESIAN_POINT('',(-3.616050229553,52.576448480275,
    -54.08269726038));
#5605 = CARTESIAN_POINT('',(-3.525641883184,52.558103131829,
    -54.2211727478));
#5606 = CARTESIAN_POINT('',(-3.429180608125,52.539757696126,
    -54.3556318743));
#5607 = CARTESIAN_POINT('',(-3.326875562736,52.521412170923,
    -54.48576625984));
#5608 = CARTESIAN_POINT('',(-3.218953769919,52.503066403889,
    -54.61128182539));
#5609 = CARTESIAN_POINT('',(-3.105659922685,52.484720257482,
    -54.73189902727));
#5610 = CARTESIAN_POINT('',(-2.987256189719,52.46637377384,
    -54.84735309151));
#5611 = CARTESIAN_POINT('',(-2.659302440259,52.417549799627,
    -55.14019727829));
#5612 = CARTESIAN_POINT('',(-2.441226965777,52.387068605316,
    -55.30808578623));
#5613 = CARTESIAN_POINT('',(-2.211093688888,52.356588409491,
    -55.45989142875));
#5614 = CARTESIAN_POINT('',(-1.970296310473,52.326109839589,
    -55.59461525982));
#5615 = CARTESIAN_POINT('',(-1.720310200836,52.295631534817,
    -55.71140914761));
#5616 = CARTESIAN_POINT('',(-1.462685427578,52.265152160043,
    -55.8095707649));
#5617 = CARTESIAN_POINT('',(-1.199046751437,52.23467239646,
    -55.88855215301));
#5618 = CARTESIAN_POINT('',(-0.530378123593,52.158619796019,
    -56.0368609773));
#5619 = CARTESIAN_POINT('',(-0.119755092738,52.113022073784,
    -56.08206871014));
#5620 = CARTESIAN_POINT('',(0.294909150669,52.067439775842,
    -56.08222925632));
#5621 = CARTESIAN_POINT('',(0.70783671937,52.021870522567,
    -56.03705493799));
#5622 = CARTESIAN_POINT('',(1.113369870095,51.976302528937,
    -55.94709316208));
#5623 = CARTESIAN_POINT('',(1.505974797828,51.930722999894,
    -55.81364393224));
#5624 = CARTESIAN_POINT('',(1.880272080757,51.885127343196,
    -55.63883726909));
#5625 = CARTESIAN_POINT('',(2.52139955157,51.801850399417,
    -55.24968887866));
#5626 = CARTESIAN_POINT('',(2.795815489331,51.764138369031,
    -55.04728394609));
#5627 = CARTESIAN_POINT('',(3.051526698432,51.726427112489,
    -54.82036327921));
#5628 = CARTESIAN_POINT('',(3.286003655782,51.688718069518,
    -54.57097649699));
#5629 = CARTESIAN_POINT('',(3.497011134642,51.651007947672,
    -54.30144226716));
#5630 = CARTESIAN_POINT('',(3.682596106592,51.613294330043,
    -54.01432105647));
#5631 = CARTESIAN_POINT('',(3.841116152573,51.575580488562,
    -53.71242302039));
#5632 = CARTESIAN_POINT('',(4.029943481002,51.520899842417,
    -53.25762659694));
#5633 = CARTESIAN_POINT('',(4.082839607305,51.503920892153,
    -53.11401748032));
#5634 = CARTESIAN_POINT('',(4.129883028809,51.486942829042,
    -52.96829782771));
#5635 = CARTESIAN_POINT('',(4.170976150608,51.469965601207,
    -52.82074636216));
#5636 = CARTESIAN_POINT('',(4.20603757745,51.452988944919,
    -52.67164620574));
#5637 = CARTESIAN_POINT('',(4.235002175187,51.436012501548,
    -52.52128470054));
#5638 = CARTESIAN_POINT('',(4.25782113222,51.419035934513,
    -52.36995322985));
#5639 = CARTESIAN_POINT('',(4.280840205097,51.395552078881,
    -52.1596855189));
#5640 = CARTESIAN_POINT('',(4.286310830884,51.389045042038,
    -52.1013246547));
#5641 = CARTESIAN_POINT('',(4.290872090539,51.382537910191,
    -52.04288096495));
#5642 = CARTESIAN_POINT('',(4.294522538795,51.376030658782,
    -51.98437099267));
#5643 = CARTESIAN_POINT('',(4.297261092884,51.369523264215,
    -51.92581130548));
#5644 = CARTESIAN_POINT('',(4.29908703254,51.363015703853,
    -51.86721849562));
#5645 = CARTESIAN_POINT('',(4.3,51.35650795602,-51.80860917997));
#5646 = CARTESIAN_POINT('',(4.3,51.349999999999,-51.75));
#5647 = B_SPLINE_SURFACE_WITH_KNOTS('',1,10,(
    (#5648,#5649,#5650,#5651,#5652,#5653,#5654,#5655,#5656,#5657,#5658
      ,#5659,#5660,#5661,#5662,#5663,#5664,#5665,#5666,#5667,#5668,#5669
      ,#5670,#5671,#5672,#5673,#5674,#5675,#5676,#5677,#5678,#5679,#5680
      ,#5681,#5682,#5683,#5684,#5685,#5686,#5687,#5688,#5689,#5690,#5691
      ,#5692,#5693,#5694,#5695,#5696,#5697,#5698,#5699,#5700,#5701,#5702
      ,#5703,#5704,#5705,#5706,#5707,#5708,#5709,#5710,#5711,#5712,#5713
      ,#5714,#5715,#5716,#5717,#5718,#5719,#5720,#5721,#5722,#5723,#5724
      ,#5725,#5726,#5727,#5728)
    ,(#5729,#5730,#5731,#5732,#5733,#5734,#5735,#5736,#5737,#5738,#5739
      ,#5740,#5741,#5742,#5743,#5744,#5745,#5746,#5747,#5748,#5749,#5750
      ,#5751,#5752,#5753,#5754,#5755,#5756,#5757,#5758,#5759,#5760,#5761
      ,#5762,#5763,#5764,#5765,#5766,#5767,#5768,#5769,#5770,#5771,#5772
      ,#5773,#5774,#5775,#5776,#5777,#5778,#5779,#5780,#5781,#5782,#5783
      ,#5784,#5785,#5786,#5787,#5788,#5789,#5790,#5791,#5792,#5793,#5794
      ,#5795,#5796,#5797,#5798,#5799,#5800,#5801,#5802,#5803,#5804,#5805
      ,#5806,#5807,#5808,#5809
    )),.UNSPECIFIED.,.F.,.F.,.F.,(2,2),(11,10,10,10,10,10,10,10,11),(0.,
    2.01246117975),(0.,6.962644440466,13.925288880933,20.887933321399,
    27.850577761866,34.813222202332,41.775866642798,48.738511083265,
    55.701155523731),.PIECEWISE_BEZIER_KNOTS.);
#5648 = CARTESIAN_POINT('',(3.8,60.1,-51.75));
#5649 = CARTESIAN_POINT('',(3.799989470929,59.800005849487,
    -49.36232359989));
#5650 = CARTESIAN_POINT('',(2.133514454252,59.499991225392,
    -46.97310361374));
#5651 = CARTESIAN_POINT('',(-1.203472920656,59.200023868201,
    -45.90752525695));
#5652 = CARTESIAN_POINT('',(-5.013786087079,58.899977132266,
    -47.40014319448));
#5653 = CARTESIAN_POINT('',(-7.032510832218,58.600014296547,
    -51.75010662778));
#5654 = CARTESIAN_POINT('',(-5.013716140101,58.300003748227,
    -56.09966921136));
#5655 = CARTESIAN_POINT('',(-1.203528758845,57.999998985448,
    -57.59258975984));
#5656 = CARTESIAN_POINT('',(2.133529980156,57.699999353876,
    -56.52686250427));
#5657 = CARTESIAN_POINT('',(3.799989230914,57.400006136171,
    -54.13767506924));
#5658 = CARTESIAN_POINT('',(3.800000000001,57.1,-51.75));
#5659 = CARTESIAN_POINT('',(3.799989470927,56.800005849489,
    -49.36232359989));
#5660 = CARTESIAN_POINT('',(2.133514454256,56.499991225388,
    -46.97310361374));
#5661 = CARTESIAN_POINT('',(-1.203472920661,56.200023868206,
    -45.90752525695));
#5662 = CARTESIAN_POINT('',(-5.013786087074,55.89997713226,
    -47.40014319449));
#5663 = CARTESIAN_POINT('',(-7.032510832222,55.600014296552,
    -51.75010662778));
#5664 = CARTESIAN_POINT('',(-5.013716140098,55.300003748225,
    -56.09966921136));
#5665 = CARTESIAN_POINT('',(-1.203528758848,54.999998985448,
    -57.59258975984));
#5666 = CARTESIAN_POINT('',(2.133529980158,54.699999353876,
    -56.52686250427));
#5667 = CARTESIAN_POINT('',(3.799989230913,54.400006136172,
    -54.13767506924));
#5668 = CARTESIAN_POINT('',(3.800000000001,54.099999999999,-51.75));
#5669 = CARTESIAN_POINT('',(3.799989470925,53.80000584949,
    -49.36232359989));
#5670 = CARTESIAN_POINT('',(2.133514454259,53.499991225384,
    -46.97310361374));
#5671 = CARTESIAN_POINT('',(-1.203472920665,53.200023868214,
    -45.90752525694));
#5672 = CARTESIAN_POINT('',(-5.013786087069,52.89997713225,
    -47.40014319449));
#5673 = CARTESIAN_POINT('',(-7.032510832227,52.600014296562,
    -51.75010662777));
#5674 = CARTESIAN_POINT('',(-5.013716140093,52.300003748216,
    -56.09966921137));
#5675 = CARTESIAN_POINT('',(-1.203528758854,51.999998985455,
    -57.59258975984));
#5676 = CARTESIAN_POINT('',(2.133529980164,51.699999353871,
    -56.52686250427));
#5677 = CARTESIAN_POINT('',(3.799989230909,51.400006136174,
    -54.13767506924));
#5678 = CARTESIAN_POINT('',(3.800000000004,51.099999999998,-51.75));
#5679 = CARTESIAN_POINT('',(3.799989470917,50.800005849495,
    -49.36232359989));
#5680 = CARTESIAN_POINT('',(2.133514454276,50.499991225375,
    -46.97310361375));
#5681 = CARTESIAN_POINT('',(-1.203472920689,50.200023868225,
    -45.90752525693));
#5682 = CARTESIAN_POINT('',(-5.013786087043,49.899977132244,
    -47.40014319452));
#5683 = CARTESIAN_POINT('',(-7.032510832245,49.600014296558,
    -51.75010662774));
#5684 = CARTESIAN_POINT('',(-5.013716140087,49.300003748228,
    -56.0996692114));
#5685 = CARTESIAN_POINT('',(-1.20352875885,48.999998985442,
    -57.59258975982));
#5686 = CARTESIAN_POINT('',(2.133529980157,48.69999935388,
    -56.52686250428));
#5687 = CARTESIAN_POINT('',(3.799989230913,48.400006136171,
    -54.13767506924));
#5688 = CARTESIAN_POINT('',(3.800000000003,48.099999999998,-51.75));
#5689 = CARTESIAN_POINT('',(3.799989470922,47.800005849492,
    -49.36232359989));
#5690 = CARTESIAN_POINT('',(2.133514454264,47.499991225383,
    -46.97310361375));
#5691 = CARTESIAN_POINT('',(-1.203472920669,47.200023868211,
    -45.90752525694));
#5692 = CARTESIAN_POINT('',(-5.013786087068,46.89997713226,
    -47.4001431945));
#5693 = CARTESIAN_POINT('',(-7.032510832221,46.600014296545,
    -51.75010662776));
#5694 = CARTESIAN_POINT('',(-5.013716140106,46.300003748236,
    -56.09966921138));
#5695 = CARTESIAN_POINT('',(-1.203528758836,45.999998985437,
    -57.59258975983));
#5696 = CARTESIAN_POINT('',(2.133529980147,45.699999353883,
    -56.52686250427));
#5697 = CARTESIAN_POINT('',(3.79998923092,45.400006136168,
    -54.13767506924));
#5698 = CARTESIAN_POINT('',(3.799999999999,45.100000000001,-51.75));
#5699 = CARTESIAN_POINT('',(3.799989470933,44.800005849484,
    -49.36232359989));
#5700 = CARTESIAN_POINT('',(2.133514454245,44.499991225401,
    -46.97310361374));
#5701 = CARTESIAN_POINT('',(-1.203472920652,44.200023868187,
    -45.90752525696));
#5702 = CARTESIAN_POINT('',(-5.013786087069,43.899977132279,
    -47.40014319446));
#5703 = CARTESIAN_POINT('',(-7.032510832248,43.600014296544,
    -51.75010662781));
#5704 = CARTESIAN_POINT('',(-5.013716140057,43.300003748218,
    -56.09966921134));
#5705 = CARTESIAN_POINT('',(-1.203528758888,42.999998985463,
    -57.59258975985));
#5706 = CARTESIAN_POINT('',(2.133529980185,42.699999353863,
    -56.52686250427));
#5707 = CARTESIAN_POINT('',(3.799989230899,42.400006136178,
    -54.13767506924));
#5708 = CARTESIAN_POINT('',(3.800000000006,42.099999999997,-51.75));
#5709 = CARTESIAN_POINT('',(3.79998947091,41.800005849499,
    -49.36232359989));
#5710 = CARTESIAN_POINT('',(2.133514454289,41.499991225365,
    -46.97310361376));
#5711 = CARTESIAN_POINT('',(-1.203472920704,41.200023868238,
    -45.90752525691));
#5712 = CARTESIAN_POINT('',(-5.013786087039,40.899977132235,
    -47.40014319455));
#5713 = CARTESIAN_POINT('',(-7.032510832231,40.600014296556,
    -51.7501066277));
#5714 = CARTESIAN_POINT('',(-5.013716140115,40.30000374824,
    -56.09966921142));
#5715 = CARTESIAN_POINT('',(-1.20352875882,39.999998985426,
    -57.59258975981));
#5716 = CARTESIAN_POINT('',(2.133529980136,39.699999353891,
    -56.52686250428));
#5717 = CARTESIAN_POINT('',(3.799989230923,39.400006136165,
    -54.13767506924));
#5718 = CARTESIAN_POINT('',(3.799999999999,39.1,-51.75));
#5719 = CARTESIAN_POINT('',(3.799990183193,38.800005453781,
    -49.36232364382));
#5720 = CARTESIAN_POINT('',(2.133511401073,38.499992921619,
    -46.97310342539));
#5721 = CARTESIAN_POINT('',(-1.2034650355,38.200019487516,
    -45.90752574338));
#5722 = CARTESIAN_POINT('',(-5.013801018303,37.899985427472,
    -47.40014227338));
#5723 = CARTESIAN_POINT('',(-7.032488658818,37.600001977872,
    -51.75010799565));
#5724 = CARTESIAN_POINT('',(-5.013742748175,37.300018530632,
    -56.09966756993));
#5725 = CARTESIAN_POINT('',(-1.203502629221,36.999984468853,
    -57.59259137175));
#5726 = CARTESIAN_POINT('',(2.133508953107,36.700011035679,
    -56.52686120714));
#5727 = CARTESIAN_POINT('',(3.800002970179,36.399998503175,
    -54.13767591679));
#5728 = CARTESIAN_POINT('',(3.799992877402,36.100003957036,
    -51.74999956061));
#5729 = CARTESIAN_POINT('',(5.6,61.,-51.75));
#5730 = CARTESIAN_POINT('',(5.599999999995,60.69998479134,
    -48.23159360137));
#5731 = CARTESIAN_POINT('',(3.144041722349,60.400022814144,
    -44.70933255897));
#5732 = CARTESIAN_POINT('',(-1.77326475391,60.099937942303,
    -43.14177868385));
#5733 = CARTESIAN_POINT('',(-7.389218467595,59.800059456972,
    -45.33826171811));
#5734 = CARTESIAN_POINT('',(-10.36310778357,59.49996282769,
    -51.75000250009));
#5735 = CARTESIAN_POINT('',(-7.389219775852,59.199990255964,
    -58.16173011073));
#5736 = CARTESIAN_POINT('',(-1.773266509495,58.900002637003,
    -60.3582264108));
#5737 = CARTESIAN_POINT('',(3.144040285699,58.600001680234,
    -58.79066421995));
#5738 = CARTESIAN_POINT('',(5.599999282365,58.299984045967,
    -55.26840985888));
#5739 = CARTESIAN_POINT('',(5.6,58.000000000001,-51.75));
#5740 = CARTESIAN_POINT('',(5.599999999996,57.699984791337,
    -48.23159360136));
#5741 = CARTESIAN_POINT('',(3.144041722347,57.400022814151,
    -44.70933255898));
#5742 = CARTESIAN_POINT('',(-1.773264753906,57.099937942291,
    -43.14177868385));
#5743 = CARTESIAN_POINT('',(-7.3892184676,56.800059456986,
    -45.33826171812));
#5744 = CARTESIAN_POINT('',(-10.36310778357,56.499962827677,
    -51.75000250008));
#5745 = CARTESIAN_POINT('',(-7.389219775849,56.199990255973,
    -58.16173011074));
#5746 = CARTESIAN_POINT('',(-1.773266509499,55.900002636998,
    -60.35822641079));
#5747 = CARTESIAN_POINT('',(3.144040285702,55.600001680237,
    -58.79066421995));
#5748 = CARTESIAN_POINT('',(5.599999282364,55.299984045966,
    -55.26840985888));
#5749 = CARTESIAN_POINT('',(5.6,55.000000000002,-51.75));
#5750 = CARTESIAN_POINT('',(5.599999999996,54.699984791334,
    -48.23159360137));
#5751 = CARTESIAN_POINT('',(3.144041722346,54.400022814154,
    -44.70933255897));
#5752 = CARTESIAN_POINT('',(-1.773264753904,54.099937942289,
    -43.14177868385));
#5753 = CARTESIAN_POINT('',(-7.389218467603,53.800059456989,
    -45.33826171811));
#5754 = CARTESIAN_POINT('',(-10.36310778357,53.499962827672,
    -51.75000250009));
#5755 = CARTESIAN_POINT('',(-7.389219775854,53.199990255982,
    -58.16173011073));
#5756 = CARTESIAN_POINT('',(-1.773266509496,52.900002636987,
    -60.3582264108));
#5757 = CARTESIAN_POINT('',(3.1440402857,52.600001680247,-58.79066421995
    ));
#5758 = CARTESIAN_POINT('',(5.599999282364,52.299984045958,
    -55.26840985888));
#5759 = CARTESIAN_POINT('',(5.6,52.000000000006,-51.75));
#5760 = CARTESIAN_POINT('',(5.599999999996,51.699984791322,
    -48.23159360137));
#5761 = CARTESIAN_POINT('',(3.144041722347,51.400022814178,
    -44.70933255898));
#5762 = CARTESIAN_POINT('',(-1.77326475391,51.099937942257,
    -43.14177868384));
#5763 = CARTESIAN_POINT('',(-7.389218467589,50.80005945702,
    -45.33826171813));
#5764 = CARTESIAN_POINT('',(-10.36310778359,50.499962827652,
    -51.75000250007));
#5765 = CARTESIAN_POINT('',(-7.389219775834,50.199990255986,
    -58.16173011075));
#5766 = CARTESIAN_POINT('',(-1.773266509509,49.900002636993,
    -60.35822641078));
#5767 = CARTESIAN_POINT('',(3.144040285706,49.600001680238,
    -58.79066421996));
#5768 = CARTESIAN_POINT('',(5.599999282363,49.299984045964,
    -55.26840985888));
#5769 = CARTESIAN_POINT('',(5.6,49.000000000004,-51.75));
#5770 = CARTESIAN_POINT('',(5.599999999996,48.69998479133,
    -48.23159360137));
#5771 = CARTESIAN_POINT('',(3.144041722347,48.400022814159,
    -44.70933255897));
#5772 = CARTESIAN_POINT('',(-1.773264753909,48.099937942288,
    -43.14177868385));
#5773 = CARTESIAN_POINT('',(-7.389218467594,47.800059456981,
    -45.33826171812));
#5774 = CARTESIAN_POINT('',(-10.36310778358,47.499962827691,
    -51.75000250008));
#5775 = CARTESIAN_POINT('',(-7.389219775844,47.199990255954,
    -58.16173011074));
#5776 = CARTESIAN_POINT('',(-1.773266509501,46.900002637018,
    -60.35822641079));
#5777 = CARTESIAN_POINT('',(3.144040285702,46.600001680221,
    -58.79066421995));
#5778 = CARTESIAN_POINT('',(5.599999282364,46.299984045975,
    -55.26840985888));
#5779 = CARTESIAN_POINT('',(5.6,45.999999999998,-51.75));
#5780 = CARTESIAN_POINT('',(5.599999999996,45.699984791345,
    -48.23159360136));
#5781 = CARTESIAN_POINT('',(3.144041722348,45.400022814138,
    -44.70933255898));
#5782 = CARTESIAN_POINT('',(-1.773264753909,45.099937942302,
    -43.14177868385));
#5783 = CARTESIAN_POINT('',(-7.389218467594,44.80005945699,
    -45.33826171811));
#5784 = CARTESIAN_POINT('',(-10.36310778358,44.49996282765,
    -51.75000250008));
#5785 = CARTESIAN_POINT('',(-7.389219775845,44.199990256018,
    -58.16173011073));
#5786 = CARTESIAN_POINT('',(-1.773266509501,43.900002636949,
    -60.3582264108));
#5787 = CARTESIAN_POINT('',(3.144040285702,43.600001680274,
    -58.79066421995));
#5788 = CARTESIAN_POINT('',(5.599999282364,43.299984045945,
    -55.26840985888));
#5789 = CARTESIAN_POINT('',(5.6,43.000000000009,-51.74999999999));
#5790 = CARTESIAN_POINT('',(5.599999999995,42.699984791313,
    -48.23159360137));
#5791 = CARTESIAN_POINT('',(3.14404172235,42.400022814191,
    -44.70933255897));
#5792 = CARTESIAN_POINT('',(-1.773264753915,42.099937942251,
    -43.14177868385));
#5793 = CARTESIAN_POINT('',(-7.389218467583,41.800059457009,
    -45.33826171812));
#5794 = CARTESIAN_POINT('',(-10.36310778359,41.499962827683,
    -51.75000250007));
#5795 = CARTESIAN_POINT('',(-7.389219775834,41.199990255945,
    -58.16173011074));
#5796 = CARTESIAN_POINT('',(-1.773266509507,40.900002637032,
    -60.35822641079));
#5797 = CARTESIAN_POINT('',(3.144040285704,40.60000168021,
    -58.79066421996));
#5798 = CARTESIAN_POINT('',(5.599999282364,40.299984045979,
    -55.26840985888));
#5799 = CARTESIAN_POINT('',(5.6,39.999999999998,-51.75));
#5800 = CARTESIAN_POINT('',(5.6,39.699985820168,-48.23159348713));
#5801 = CARTESIAN_POINT('',(3.144041722329,39.40001840399,
    -44.70933304867));
#5802 = CARTESIAN_POINT('',(-1.77326475386,39.099949331989,
    -43.14177741916));
#5803 = CARTESIAN_POINT('',(-7.389218467686,38.80003788961,
    -45.33826411292));
#5804 = CARTESIAN_POINT('',(-10.36310778344,38.499994856,-51.74999894371
    ));
#5805 = CARTESIAN_POINT('',(-7.389219776005,38.199951821993,
    -58.16173437838));
#5806 = CARTESIAN_POINT('',(-1.773266509346,37.90004037988,
    -60.35822221989));
#5807 = CARTESIAN_POINT('',(3.144040285579,37.599971307761,
    -58.79066759246));
#5808 = CARTESIAN_POINT('',(5.599999282444,37.300003891616,
    -55.26840765525));
#5809 = CARTESIAN_POINT('',(5.599999999959,36.999989711781,
    -51.75000114238));
#5810 = ADVANCED_FACE('',(#5811),#6439,.F.);
#5811 = FACE_BOUND('',#5812,.F.);
#5812 = EDGE_LOOP('',(#5813,#5814,#5815,#5816,#5919,#6031,#6129,#6226,
    #6331,#6362));
#5813 = ORIENTED_EDGE('',*,*,#4924,.F.);
#5814 = ORIENTED_EDGE('',*,*,#4622,.F.);
#5815 = ORIENTED_EDGE('',*,*,#4701,.F.);
#5816 = ORIENTED_EDGE('',*,*,#5817,.T.);
#5817 = EDGE_CURVE('',#4702,#5818,#5820,.T.);
#5818 = VERTEX_POINT('',#5819);
#5819 = CARTESIAN_POINT('',(4.3,52.649999999999,-51.75));
#5820 = B_SPLINE_CURVE_WITH_KNOTS('',7,(#5821,#5822,#5823,#5824,#5825,
    #5826,#5827,#5828,#5829,#5830,#5831,#5832,#5833,#5834,#5835,#5836,
    #5837,#5838,#5839,#5840,#5841,#5842,#5843,#5844,#5845,#5846,#5847,
    #5848,#5849,#5850,#5851,#5852,#5853,#5854,#5855,#5856,#5857,#5858,
    #5859,#5860,#5861,#5862,#5863,#5864,#5865,#5866,#5867,#5868,#5869,
    #5870,#5871,#5872,#5873,#5874,#5875,#5876,#5877,#5878,#5879,#5880,
    #5881,#5882,#5883,#5884,#5885,#5886,#5887,#5888,#5889,#5890,#5891,
    #5892,#5893,#5894,#5895,#5896,#5897,#5898,#5899,#5900,#5901,#5902,
    #5903,#5904,#5905,#5906,#5907,#5908,#5909,#5910,#5911,#5912,#5913,
    #5914,#5915,#5916,#5917,#5918),.UNSPECIFIED.,.F.,.F.,(8,6,6,6,6,6,6,
    6,6,6,6,6,6,6,6,6,8),(0.,2.232700757958E-02,6.445513865375E-02,
    0.163363233969,0.285550861065,0.363592619729,0.415608679774,
    0.502790621711,0.585323437122,0.707962531283,0.717348188704,
    0.822556438049,0.836853267402,0.936274262992,0.967518489269,
    0.983900832885,1.),.UNSPECIFIED.);
#5821 = CARTESIAN_POINT('',(4.3,55.65,-51.75));
#5822 = CARTESIAN_POINT('',(4.3,55.640432248382,-51.66383265224));
#5823 = CARTESIAN_POINT('',(4.297985512079,55.630864935028,
    -51.57766499487));
#5824 = CARTESIAN_POINT('',(4.293956523523,55.62129798602,
    -51.49155373769));
#5825 = CARTESIAN_POINT('',(4.287915004926,55.611731325874,
    -51.40555543805));
#5826 = CARTESIAN_POINT('',(4.27986491019,55.602164877538,
    -51.31972650084));
#5827 = CARTESIAN_POINT('',(4.269812176528,55.592598562391,
    -51.23412317846));
#5828 = CARTESIAN_POINT('',(4.235032764601,55.564982019923,
    -50.98781090274));
#5829 = CARTESIAN_POINT('',(4.205198751206,55.546931785232,
    -50.82782164347));
#5830 = CARTESIAN_POINT('',(4.168316260048,55.528881356964,
    -50.66921230368));
#5831 = CARTESIAN_POINT('',(4.124463257659,55.510830328366,
    -50.51235503775));
#5832 = CARTESIAN_POINT('',(4.073741984652,55.492778332233,
    -50.35761532428));
#5833 = CARTESIAN_POINT('',(4.016278839045,55.47472524801,
    -50.20535164652));
#5834 = CARTESIAN_POINT('',(3.801837420935,55.414284747196,
    -49.70506939307));
#5835 = CARTESIAN_POINT('',(3.615075060643,55.371882104315,
    -49.36970767109));
#5836 = CARTESIAN_POINT('',(3.393913601007,55.329482969275,
    -49.05452747499));
#5837 = CARTESIAN_POINT('',(3.141033035261,55.287088730394,
    -48.76367545073));
#5838 = CARTESIAN_POINT('',(2.859650609755,55.244692639757,
    -48.5008524038));
#5839 = CARTESIAN_POINT('',(2.553500836488,55.202292695022,
    -48.26928983634));
#5840 = CARTESIAN_POINT('',(1.823566891426,55.107546164242,
    -47.82737645765));
#5841 = CARTESIAN_POINT('',(1.388679332648,55.055158887451,
    -47.63461908787));
#5842 = CARTESIAN_POINT('',(0.930608496387,55.002803200397,
    -47.49850030484));
#5843 = CARTESIAN_POINT('',(0.458217503535,54.950455191324,
    -47.42203093585));
#5844 = CARTESIAN_POINT('',(-1.940201129534E-02,54.898095943223,
    -47.40668190889));
#5845 = CARTESIAN_POINT('',(-0.492891271835,54.845705729537,
    -47.45239262134));
#5846 = CARTESIAN_POINT('',(-1.246435989299,54.759900046069,
    -47.62360786605));
#5847 = CARTESIAN_POINT('',(-1.534715690523,54.726451457889,
    -47.71434870377));
#5848 = CARTESIAN_POINT('',(-1.815162582868,54.693004192587,
    -47.82855859554));
#5849 = CARTESIAN_POINT('',(-2.085503940171,54.659557870731,
    -47.96540077848));
#5850 = CARTESIAN_POINT('',(-2.343589654867,54.626109893723,
    -48.1237869232));
#5851 = CARTESIAN_POINT('',(-2.58739969881,54.592659810373,
    -48.30238088912));
#5852 = CARTESIAN_POINT('',(-2.966821323486,54.53692143007,
    -48.63098242377));
#5853 = CARTESIAN_POINT('',(-3.111414060525,54.514628945524,
    -48.77067317714));
#5854 = CARTESIAN_POINT('',(-3.24830642321,54.492337134942,
    -48.91815931866));
#5855 = CARTESIAN_POINT('',(-3.376997190069,54.470045905803,
    -49.07292953192));
#5856 = CARTESIAN_POINT('',(-3.497029731703,54.447754830926,
    -49.23443466768));
#5857 = CARTESIAN_POINT('',(-3.607992744752,54.425463741594,
    -49.40208861947));
#5858 = CARTESIAN_POINT('',(-3.879688222937,54.365813278748,
    -49.86552992346));
#5859 = CARTESIAN_POINT('',(-4.023385053397,54.328447999268,
    -50.17137156063));
#5860 = CARTESIAN_POINT('',(-4.138846166334,54.291087345369,
    -50.48981592073));
#5861 = CARTESIAN_POINT('',(-4.224805748888,54.253729189326,
    -50.8177299469));
#5862 = CARTESIAN_POINT('',(-4.280412079125,54.216367609017,
    -51.15186414385));
#5863 = CARTESIAN_POINT('',(-4.305231389582,54.179000909694,
    -51.48886753764));
#5864 = CARTESIAN_POINT('',(-4.293764728439,54.106270395149,
    -52.14375106858));
#5865 = CARTESIAN_POINT('',(-4.260665192342,54.07089627486,
    -52.46178200711));
#5866 = CARTESIAN_POINT('',(-4.200081593857,54.035525021511,
    -52.77644399473));
#5867 = CARTESIAN_POINT('',(-4.112456586528,54.000155806706,
    -53.0849059134));
#5868 = CARTESIAN_POINT('',(-3.998568907722,53.96478492217,
    -53.38442617172));
#5869 = CARTESIAN_POINT('',(-3.859530295558,53.929411600225,
    -53.6723636384));
#5870 = CARTESIAN_POINT('',(-3.455108061002,53.841489237177,
    -54.35312237409));
#5871 = CARTESIAN_POINT('',(-3.160964846608,53.788904638051,
    -54.72924486991));
#5872 = CARTESIAN_POINT('',(-2.819365859973,53.736350018934,
    -55.06599850726));
#5873 = CARTESIAN_POINT('',(-2.436789922367,53.683805230749,
    -55.35648373174));
#5874 = CARTESIAN_POINT('',(-2.020653231432,53.631252723975,
    -55.59506946921));
#5875 = CARTESIAN_POINT('',(-1.579342208747,53.578670118797,
    -55.77736834608));
#5876 = CARTESIAN_POINT('',(-1.087480393295,53.522094152907,
    -55.91037239368));
#5877 = CARTESIAN_POINT('',(-1.052420942338,53.518072137239,
    -55.91948402711));
#5878 = CARTESIAN_POINT('',(-1.01727262548,53.514050099525,
    -55.92825092015));
#5879 = CARTESIAN_POINT('',(-0.9820395158,53.510028040001,
    -55.93667203582));
#5880 = CARTESIAN_POINT('',(-0.946725697295,53.50600595857,
    -55.94474639819));
#5881 = CARTESIAN_POINT('',(-0.911335264877,53.501983854806,
    -55.95247309242));
#5882 = CARTESIAN_POINT('',(-0.478351541356,53.452875815907,
    -56.04255666937));
#5883 = CARTESIAN_POINT('',(-7.158584584354E-02,53.40777221144,
    -56.08149675554));
#5884 = CARTESIAN_POINT('',(0.338399727055,53.362676496797,
    -56.07536739508));
#5885 = CARTESIAN_POINT('',(0.745660439746,53.317585730814,
    -56.02402715036));
#5886 = CARTESIAN_POINT('',(1.144340355778,53.272488259845,
    -55.92821421082));
#5887 = CARTESIAN_POINT('',(1.528715804389,53.22738253252,
    -55.78954093875));
#5888 = CARTESIAN_POINT('',(1.942813871213,53.176167928022,
    -55.58647216482));
#5889 = CARTESIAN_POINT('',(1.991990263861,53.170040998503,
    -55.56143667011));
#5890 = CARTESIAN_POINT('',(2.040789652261,53.163914131298,
    -55.5356660774));
#5891 = CARTESIAN_POINT('',(2.08919886288,53.157787327598,
    -55.50916721725));
#5892 = CARTESIAN_POINT('',(2.137204880297,53.151660588272,
    -55.48194721368));
#5893 = CARTESIAN_POINT('',(2.184794847203,53.145533913872,
    -55.45401348418));
#5894 = CARTESIAN_POINT('',(2.559917953827,53.096802502165,
    -55.2262112654));
#5895 = CARTESIAN_POINT('',(2.86723482783,53.054189535581,
    -54.99285224154));
#5896 = CARTESIAN_POINT('',(3.14946132445,53.011587929146,
    -54.72795403978));
#5897 = CARTESIAN_POINT('',(3.402811099289,52.968992855837,
    -54.4348077371));
#5898 = CARTESIAN_POINT('',(3.624026867292,52.926390788232,
    -54.11718263698));
#5899 = CARTESIAN_POINT('',(3.810401418452,52.883776343938,
    -53.77930160612));
#5900 = CARTESIAN_POINT('',(4.006946898408,52.827780879294,
    -53.31490142463));
#5901 = CARTESIAN_POINT('',(4.05031135311,52.814391130459,
    -53.20231770616));
#5902 = CARTESIAN_POINT('',(4.089982388962,52.801001126419,
    -53.08833928484));
#5903 = CARTESIAN_POINT('',(4.12590668085,52.787610929765,
    -52.97311163739));
#5904 = CARTESIAN_POINT('',(4.158038161151,52.774220618311,
    -52.85678250365));
#5905 = CARTESIAN_POINT('',(4.186338019727,52.7608302851,-52.73950188652
    ));
#5906 = CARTESIAN_POINT('',(4.223587636278,52.740419105303,
    -52.55950903146));
#5907 = CARTESIAN_POINT('',(4.23533851663,52.733398189694,
    -52.49737618082));
#5908 = CARTESIAN_POINT('',(4.246022814256,52.726377305959,
    -52.43504538678));
#5909 = CARTESIAN_POINT('',(4.255636566373,52.719356465481,
    -52.37253862556));
#5910 = CARTESIAN_POINT('',(4.264176378154,52.712335676645,
    -52.30987796294));
#5911 = CARTESIAN_POINT('',(4.271639422725,52.705314944836,
    -52.2470855542));
#5912 = CARTESIAN_POINT('',(4.284297108842,52.691394955668,
    -52.1223690232));
#5913 = CARTESIAN_POINT('',(4.289528733748,52.684495577199,
    -52.0604486546));
#5914 = CARTESIAN_POINT('',(4.293716173099,52.67759688194,
    -51.99844349739));
#5915 = CARTESIAN_POINT('',(4.296857821875,52.670696747425,
    -51.93637510871));
#5916 = CARTESIAN_POINT('',(4.298952609193,52.663798687742,
    -51.87426396712));
#5917 = CARTESIAN_POINT('',(4.3,52.656898943996,-51.81213201704));
#5918 = CARTESIAN_POINT('',(4.3,52.649999999999,-51.75));
#5919 = ORIENTED_EDGE('',*,*,#5920,.T.);
#5920 = EDGE_CURVE('',#5818,#5921,#5923,.T.);
#5921 = VERTEX_POINT('',#5922);
#5922 = CARTESIAN_POINT('',(4.3,49.649999999999,-51.75));
#5923 = B_SPLINE_CURVE_WITH_KNOTS('',8,(#5924,#5925,#5926,#5927,#5928,
    #5929,#5930,#5931,#5932,#5933,#5934,#5935,#5936,#5937,#5938,#5939,
    #5940,#5941,#5942,#5943,#5944,#5945,#5946,#5947,#5948,#5949,#5950,
    #5951,#5952,#5953,#5954,#5955,#5956,#5957,#5958,#5959,#5960,#5961,
    #5962,#5963,#5964,#5965,#5966,#5967,#5968,#5969,#5970,#5971,#5972,
    #5973,#5974,#5975,#5976,#5977,#5978,#5979,#5980,#5981,#5982,#5983,
    #5984,#5985,#5986,#5987,#5988,#5989,#5990,#5991,#5992,#5993,#5994,
    #5995,#5996,#5997,#5998,#5999,#6000,#6001,#6002,#6003,#6004,#6005,
    #6006,#6007,#6008,#6009,#6010,#6011,#6012,#6013,#6014,#6015,#6016,
    #6017,#6018,#6019,#6020,#6021,#6022,#6023,#6024,#6025,#6026,#6027,
    #6028,#6029,#6030),.UNSPECIFIED.,.F.,.F.,(9,7,7,7,7,7,7,7,7,7,7,7,7,
    7,7,9),(0.,6.56804173102E-02,0.146322732941,0.164118324848,
    0.285606107691,0.367452441796,0.41576436789,0.502269849773,
    0.585020204002,0.714925459804,0.823948606116,0.836549902314,
    0.936613107836,0.968055533039,0.983807889268,1.),.UNSPECIFIED.);
#5924 = CARTESIAN_POINT('',(4.3,52.649999999999,-51.75));
#5925 = CARTESIAN_POINT('',(4.3,52.62537246872,-51.52820399849));
#5926 = CARTESIAN_POINT('',(4.286925312207,52.600746699295,
    -51.30639656312));
#5927 = CARTESIAN_POINT('',(4.260773651039,52.576123165163,
    -51.08549260717));
#5928 = CARTESIAN_POINT('',(4.221621860595,52.551500482991,
    -50.8663926485));
#5929 = CARTESIAN_POINT('',(4.169619120535,52.526876803378,
    -50.64998301572));
#5930 = CARTESIAN_POINT('',(4.104984443075,52.502250858631,
    -50.43713517081));
#5931 = CARTESIAN_POINT('',(4.028008461105,52.477622667602,
    -50.22870414817));
#5932 = CARTESIAN_POINT('',(3.829848118557,52.422754731584,
    -49.77606442664));
#5933 = CARTESIAN_POINT('',(3.702570597742,52.392510077368,
    -49.53448282225));
#5934 = CARTESIAN_POINT('',(3.557904886208,52.362264501512,
    -49.30234576081));
#5935 = CARTESIAN_POINT('',(3.396681265184,52.332019365665,
    -49.08110735574));
#5936 = CARTESIAN_POINT('',(3.219862943608,52.301774223452,
    -48.87212206826));
#5937 = CARTESIAN_POINT('',(3.028538083226,52.271528420851,
    -48.67664632117));
#5938 = CARTESIAN_POINT('',(2.823923261081,52.241282900064,-48.495831028
    ));
#5939 = CARTESIAN_POINT('',(2.559592731172,52.204368898582,
    -48.29426616926));
#5940 = CARTESIAN_POINT('',(2.511225068065,52.19769567928,
    -48.25859049753));
#5941 = CARTESIAN_POINT('',(2.462289619128,52.191022551342,
    -48.22368888174));
#5942 = CARTESIAN_POINT('',(2.41280084859,52.184349516353,-48.1895718504
    ));
#5943 = CARTESIAN_POINT('',(2.362773445877,52.177676575133,
    -48.15624960134));
#5944 = CARTESIAN_POINT('',(2.312222325607,52.171003727725,
    -48.12373200175));
#5945 = CARTESIAN_POINT('',(2.261162627594,52.164330973405,
    -48.09202858814));
#5946 = CARTESIAN_POINT('',(1.857665883867,52.112105063286,
    -47.85033538317));
#5947 = CARTESIAN_POINT('',(1.482555673758,52.06653290602,
    -47.67779037821));
#5948 = CARTESIAN_POINT('',(1.089395977684,52.020976753173,
    -47.54666523321));
#5949 = CARTESIAN_POINT('',(0.683570057621,51.975431989887,
    -47.45905576706));
#5950 = CARTESIAN_POINT('',(0.270610560217,51.929885870552,
    -47.41622856568));
#5951 = CARTESIAN_POINT('',(-0.143830442135,51.884326685964,
    -47.41869837265));
#5952 = CARTESIAN_POINT('',(-0.553985704017,51.838752106411,
    -47.46614589246));
#5953 = CARTESIAN_POINT('',(-1.22351089322,51.762508373504,
    -47.61848568563));
#5954 = CARTESIAN_POINT('',(-1.488533257159,51.731814247465,
    -47.69960913604));
#5955 = CARTESIAN_POINT('',(-1.74733857667,51.701120565556,
    -47.80014716186));
#5956 = CARTESIAN_POINT('',(-1.998271007335,51.670428035167,
    -47.91952971957));
#5957 = CARTESIAN_POINT('',(-2.239752614714,51.639735270425,
    -48.05702858402));
#5958 = CARTESIAN_POINT('',(-2.470283304088,51.609040853158,
    -48.21176626873));
#5959 = CARTESIAN_POINT('',(-2.688448115191,51.578345419661,
    -48.38271085219));
#5960 = CARTESIAN_POINT('',(-3.013633740242,51.529537231236,
    -48.6784160863));
#5961 = CARTESIAN_POINT('',(-3.129577811541,51.511420655298,
    -48.79341068713));
#5962 = CARTESIAN_POINT('',(-3.240497256064,51.493304407024,
    -48.91339764241));
#5963 = CARTESIAN_POINT('',(-3.346141771833,51.475188524078,
    -49.03811994042));
#5964 = CARTESIAN_POINT('',(-3.446277775045,51.457072875234,
    -49.16730664887));
#5965 = CARTESIAN_POINT('',(-3.540688580483,51.438957315381,
    -49.30067313557));
#5966 = CARTESIAN_POINT('',(-3.629174581928,51.420841840527,
    -49.43792128919));
#5967 = CARTESIAN_POINT('',(-3.85905784295,51.370290543637,
    -49.83088385669));
#5968 = CARTESIAN_POINT('',(-3.987005347415,51.337850573504,
    -50.0945138097));
#5969 = CARTESIAN_POINT('',(-4.094320498839,51.305412759786,
    -50.36781094401));
#5970 = CARTESIAN_POINT('',(-4.180169449159,51.272977261172,
    -50.6488815017));
#5971 = CARTESIAN_POINT('',(-4.243929383697,51.240541424826,
    -50.93577043487));
#5972 = CARTESIAN_POINT('',(-4.285179262351,51.208102701986,
    -51.22646959108));
#5973 = CARTESIAN_POINT('',(-4.303711867649,51.175661522022,
    -51.51892027099));
#5974 = CARTESIAN_POINT('',(-4.29560236987,51.112194807006,
    -52.09042067801));
#5975 = CARTESIAN_POINT('',(-4.270885413371,51.081161655595,
    -52.36956785112));
#5976 = CARTESIAN_POINT('',(-4.225434807428,51.050129676462,
    -52.64660688186));
#5977 = CARTESIAN_POINT('',(-4.15947317571,51.01909944853,-52.9197413817
    ));
#5978 = CARTESIAN_POINT('',(-4.07340158149,50.988069350899,
    -53.18722063757));
#5979 = CARTESIAN_POINT('',(-3.967790196705,50.957037779452,
    -53.44734147611));
#5980 = CARTESIAN_POINT('',(-3.843385306912,50.926005353053,
    -53.6984547242));
#5981 = CARTESIAN_POINT('',(-3.477817988658,50.846267566309,
    -54.31655788019));
#5982 = CARTESIAN_POINT('',(-3.210331297339,50.797527541313,
    -54.66835477889));
#5983 = CARTESIAN_POINT('',(-2.90234361789,50.748807695475,
    -54.98792662755));
#5984 = CARTESIAN_POINT('',(-2.558516659308,50.700103179238,
    -55.26996391375));
#5985 = CARTESIAN_POINT('',(-2.184134178361,50.651399396388,
    -55.50996339757));
#5986 = CARTESIAN_POINT('',(-1.785110490694,50.602680891105,
    -55.70428909526));
#5987 = CARTESIAN_POINT('',(-1.367934192318,50.553941542438,
    -55.85014545314));
#5988 = CARTESIAN_POINT('',(-0.580607542712,50.464351360058,
    -56.02649812903));
#5989 = CARTESIAN_POINT('',(-0.213357687949,50.423455499529,
    -56.07184081659));
#5990 = CARTESIAN_POINT('',(0.157700100069,50.382564185912,
    -56.08107907577));
#5991 = CARTESIAN_POINT('',(0.528414498557,50.341676975829,
    -56.05391447341));
#5992 = CARTESIAN_POINT('',(0.894689973125,50.300788997002,
    -55.99059490822));
#5993 = CARTESIAN_POINT('',(1.252492677002,50.259895795645,
    -55.89187056936));
#5994 = CARTESIAN_POINT('',(1.597866770333,50.218997878412,
    -55.75903518927));
#5995 = CARTESIAN_POINT('',(1.965029492723,50.173390916438,
    -55.57497972142));
#5996 = CARTESIAN_POINT('',(2.002854914863,50.168665694473,
    -55.55547981351));
#5997 = CARTESIAN_POINT('',(2.040458989476,50.163940508981,
    -55.53555251104));
#5998 = CARTESIAN_POINT('',(2.07783608425,50.159215360509,
    -55.51520074966));
#5999 = CARTESIAN_POINT('',(2.114980615432,50.154490249435,
    -55.49442755309));
#6000 = CARTESIAN_POINT('',(2.15188704782,50.149765175969,
    -55.47323603312));
#6001 = CARTESIAN_POINT('',(2.188549894772,50.145040140156,
    -55.45162938961));
#6002 = CARTESIAN_POINT('',(2.514115234054,50.102795313196,
    -55.25476861128));
#6003 = CARTESIAN_POINT('',(2.787633218084,50.065269120883,
    -55.05391623744));
#6004 = CARTESIAN_POINT('',(3.042680379208,50.027749173767,
    -54.82874209182));
#6005 = CARTESIAN_POINT('',(3.276758025119,49.990235515268,
    -54.58126029134));
#6006 = CARTESIAN_POINT('',(3.487655424298,49.952721680438,
    -54.31375023578));
#6007 = CARTESIAN_POINT('',(3.673438372434,49.915201061608,
    -54.02873003896));
#6008 = CARTESIAN_POINT('',(3.832476963238,49.87767358263,
    -53.72896392223));
#6009 = CARTESIAN_POINT('',(4.004687309594,49.828362652474,
    -53.31963474091));
#6010 = CARTESIAN_POINT('',(4.043100299757,49.816572395514,
    -53.22060369597));
#6011 = CARTESIAN_POINT('',(4.078713140833,49.804781941398,
    -53.1205017377));
#6012 = CARTESIAN_POINT('',(4.111491163527,49.792991328444,
    -53.01942132038));
#6013 = CARTESIAN_POINT('',(4.141403422568,49.78120060274,
    -52.91745605061));
#6014 = CARTESIAN_POINT('',(4.168422696699,49.769409818145,
    -52.8147006873));
#6015 = CARTESIAN_POINT('',(4.192525488686,49.757619036284,
    -52.71125114167));
#6016 = CARTESIAN_POINT('',(4.224296259019,49.739921293028,
    -52.55507808711));
#6017 = CARTESIAN_POINT('',(4.234163536595,49.734014273124,
    -52.50280175061));
#6018 = CARTESIAN_POINT('',(4.24329138189,49.728107274693,
    -52.45038763598));
#6019 = CARTESIAN_POINT('',(4.251677561549,49.722200304275,
    -52.39784794943));
#6020 = CARTESIAN_POINT('',(4.259320085015,49.716293367103,
    -52.34519493509));
#6021 = CARTESIAN_POINT('',(4.266217204528,49.710386467103,
    -52.29244087503));
#6022 = CARTESIAN_POINT('',(4.272367415125,49.704479606892,
    -52.23959808926));
#6023 = CARTESIAN_POINT('',(4.283322301519,49.692501069505,
    -52.13228245171));
#6024 = CARTESIAN_POINT('',(4.288084623242,49.686429304804,
    -52.07780527782));
#6025 = CARTESIAN_POINT('',(4.292055049381,49.68035796248,-52.0232607419
    ));
#6026 = CARTESIAN_POINT('',(4.295232484677,49.674286068122,
    -51.96866247307));
#6027 = CARTESIAN_POINT('',(4.297616107623,49.668214413912,
    -51.91402376889));
#6028 = CARTESIAN_POINT('',(4.299205370412,49.662143380416,
    -51.85935802459));
#6029 = CARTESIAN_POINT('',(4.3,49.656071388559,-51.80467903749));
#6030 = CARTESIAN_POINT('',(4.3,49.649999999999,-51.75));
#6031 = ORIENTED_EDGE('',*,*,#6032,.T.);
#6032 = EDGE_CURVE('',#5921,#6033,#6035,.T.);
#6033 = VERTEX_POINT('',#6034);
#6034 = CARTESIAN_POINT('',(4.3,46.65,-51.75));
#6035 = B_SPLINE_CURVE_WITH_KNOTS('',8,(#6036,#6037,#6038,#6039,#6040,
    #6041,#6042,#6043,#6044,#6045,#6046,#6047,#6048,#6049,#6050,#6051,
    #6052,#6053,#6054,#6055,#6056,#6057,#6058,#6059,#6060,#6061,#6062,
    #6063,#6064,#6065,#6066,#6067,#6068,#6069,#6070,#6071,#6072,#6073,
    #6074,#6075,#6076,#6077,#6078,#6079,#6080,#6081,#6082,#6083,#6084,
    #6085,#6086,#6087,#6088,#6089,#6090,#6091,#6092,#6093,#6094,#6095,
    #6096,#6097,#6098,#6099,#6100,#6101,#6102,#6103,#6104,#6105,#6106,
    #6107,#6108,#6109,#6110,#6111,#6112,#6113,#6114,#6115,#6116,#6117,
    #6118,#6119,#6120,#6121,#6122,#6123,#6124,#6125,#6126,#6127,#6128),
  .UNSPECIFIED.,.F.,.F.,(9,7,7,7,7,7,7,7,7,7,7,7,7,9),(0.,
    6.378830052652E-02,0.163674051956,0.273192879175,0.287625038952,
    0.37393957544,0.416077680468,0.50187020443,0.584991466882,
    0.715582276161,0.82247470343,0.836688322732,0.936540612655,1.),
  .UNSPECIFIED.);
#6036 = CARTESIAN_POINT('',(4.3,49.649999999999,-51.75));
#6037 = CARTESIAN_POINT('',(4.3,49.626081870314,-51.53459288235));
#6038 = CARTESIAN_POINT('',(4.287667705046,49.602165496008,
    -51.31917584719));
#6039 = CARTESIAN_POINT('',(4.263001181887,49.578251224207,
    -51.10458613243));
#6040 = CARTESIAN_POINT('',(4.226068655141,49.55433778526,
    -50.89164863417));
#6041 = CARTESIAN_POINT('',(4.177002801813,49.530423501594,
    -50.6811759863));
#6042 = CARTESIAN_POINT('',(4.115998654519,49.506507202942,
    -50.47396794126));
#6043 = CARTESIAN_POINT('',(4.043315113405,49.482588847914,
    -50.27081005177));
#6044 = CARTESIAN_POINT('',(3.827690046212,49.421215226797,
    -49.76189463922));
#6045 = CARTESIAN_POINT('',(3.668226329804,49.383748119502,
    -49.46304266262));
#6046 = CARTESIAN_POINT('',(3.482148870247,49.346281245956,
    -49.17894732047));
#6047 = CARTESIAN_POINT('',(3.271085046482,49.308817848875,
    -48.9123536107));
#6048 = CARTESIAN_POINT('',(3.036963539544,49.271355606843,
    -48.66576159736));
#6049 = CARTESIAN_POINT('',(2.781987018122,49.233891315193,
    -48.44143409753));
#6050 = CARTESIAN_POINT('',(2.508643633828,49.196426338728,
    -48.24137039019));
#6051 = CARTESIAN_POINT('',(1.903010551376,49.117907282821,
    -47.87632877934));
#6052 = CARTESIAN_POINT('',(1.567389885558,49.076831325925,
    -47.71648180387));
#6053 = CARTESIAN_POINT('',(1.216606750438,49.03576559857,
    -47.58998952121));
#6054 = CARTESIAN_POINT('',(0.854559469535,48.994707680701,
    -47.49846876921));
#6055 = CARTESIAN_POINT('',(0.485267942711,48.953649344228,
    -47.44299021106));
#6056 = CARTESIAN_POINT('',(0.112853420484,48.91258285397,
    -47.42411933752));
#6057 = CARTESIAN_POINT('',(-0.258464232294,48.871506866182,
    -47.44187116992));
#6058 = CARTESIAN_POINT('',(-0.672598921051,48.825031086436,
    -47.50264954426));
#6059 = CARTESIAN_POINT('',(-0.720726781246,48.819619667038,
    -47.5103508305));
#6060 = CARTESIAN_POINT('',(-0.768753528667,48.814208208303,
    -47.51867532242));
#6061 = CARTESIAN_POINT('',(-0.81666974945,48.80879671069,
    -47.52762146333));
#6062 = CARTESIAN_POINT('',(-0.864466061576,48.803385174954,
    -47.53718752636));
#6063 = CARTESIAN_POINT('',(-0.912133114862,48.797973602143,
    -47.5473716145));
#6064 = CARTESIAN_POINT('',(-0.959661590969,48.792561993602,
    -47.55817166056));
#6065 = CARTESIAN_POINT('',(-1.290411821222,48.754784895435,
    -47.63784783498));
#6066 = CARTESIAN_POINT('',(-1.568530426396,48.722413979398,
    -47.728071559));
#6067 = CARTESIAN_POINT('',(-1.839355647926,48.690043890846,
    -47.83977465479));
#6068 = CARTESIAN_POINT('',(-2.100957242835,48.657675531144,
    -47.97225109121));
#6069 = CARTESIAN_POINT('',(-2.35150598217,48.625307053471,
    -48.12460191629));
#6070 = CARTESIAN_POINT('',(-2.589273131785,48.592936544132,
    -48.29574740594));
#6071 = CARTESIAN_POINT('',(-2.812640527912,48.560564746747,
    -48.48442019544));
#6072 = CARTESIAN_POINT('',(-3.121411768296,48.512396544622,
    -48.78908176082));
#6073 = CARTESIAN_POINT('',(-3.218923226256,48.496595306242,
    -48.89285570201));
#6074 = CARTESIAN_POINT('',(-3.312485569654,48.480794295924,
    -49.00029332709));
#6075 = CARTESIAN_POINT('',(-3.401938524419,48.464993529177,
    -49.11121881685));
#6076 = CARTESIAN_POINT('',(-3.487131677477,48.449192934543,
    -49.22544852969));
#6077 = CARTESIAN_POINT('',(-3.567924560103,48.433392432848,
    -49.34279110826));
#6078 = CARTESIAN_POINT('',(-3.644186731267,48.417592016454,
    -49.46304758595));
#6079 = CARTESIAN_POINT('',(-3.861597003063,48.369622892537,
    -49.83636408946));
#6080 = CARTESIAN_POINT('',(-3.988137632201,48.337450343358,
    -50.09797553512));
#6081 = CARTESIAN_POINT('',(-4.09437481909,48.305279865992,
    -50.36907041995));
#6082 = CARTESIAN_POINT('',(-4.179496951633,48.273111608681,
    -50.64780085373));
#6083 = CARTESIAN_POINT('',(-4.242896635014,48.24094302116,
    -50.93225964507));
#6084 = CARTESIAN_POINT('',(-4.284161880873,48.208771653401,
    -51.2204881149));
#6085 = CARTESIAN_POINT('',(-4.303087585567,48.176597914845,
    -51.51047854505));
#6086 = CARTESIAN_POINT('',(-4.29643225916,48.113259331807,
    -52.08084401992));
#6087 = CARTESIAN_POINT('',(-4.272217889834,48.082086953953,
    -52.36130426592));
#6088 = CARTESIAN_POINT('',(-4.227078147448,48.050915774028,
    -52.63968180212));
#6089 = CARTESIAN_POINT('',(-4.161235058721,48.019746380803,
    -52.91415541781));
#6090 = CARTESIAN_POINT('',(-4.07509235806,47.988577114384,
    -53.18295012251));
#6091 = CARTESIAN_POINT('',(-3.96922591075,47.95740633234,-53.4443390682
    ));
#6092 = CARTESIAN_POINT('',(-3.844390920501,47.926234665908,
    -53.69665016026));
#6093 = CARTESIAN_POINT('',(-3.477123872277,47.846100541984,
    -54.31789492154));
#6094 = CARTESIAN_POINT('',(-3.208054898912,47.797102511501,
    -54.6714670969));
#6095 = CARTESIAN_POINT('',(-2.898068215382,47.748125187098,
    -54.99244506164));
#6096 = CARTESIAN_POINT('',(-2.551906184797,47.699163522235,
    -55.27543897529));
#6097 = CARTESIAN_POINT('',(-2.174943648011,47.650202572367,
    -55.5158822167));
#6098 = CARTESIAN_POINT('',(-1.773197947617,47.601226539556,
    -55.71009540585));
#6099 = CARTESIAN_POINT('',(-1.3532698505,47.55222907117,-55.85525695643
    ));
#6100 = CARTESIAN_POINT('',(-0.569987272733,47.463180376432,
    -56.02731343498));
#6101 = CARTESIAN_POINT('',(-0.209890569593,47.423084624807,
    -56.07095650441));
#6102 = CARTESIAN_POINT('',(0.153801921234,47.382992847988,
    -56.07989772295));
#6103 = CARTESIAN_POINT('',(0.517179103069,47.342904744382,-56.053859108
    ));
#6104 = CARTESIAN_POINT('',(0.876380227415,47.302815880539,
    -55.99306811744));
#6105 = CARTESIAN_POINT('',(1.227600571569,47.26272221595,
    -55.89821842123));
#6106 = CARTESIAN_POINT('',(1.567106231403,47.222624347481,
    -55.77050665584));
#6107 = CARTESIAN_POINT('',(1.934387508444,47.177211394235,
    -55.59063129856));
#6108 = CARTESIAN_POINT('',(1.977224197115,47.171881544984,
    -55.56897031021));
#6109 = CARTESIAN_POINT('',(2.01978339332,47.166551741704,
    -55.54676342724));
#6110 = CARTESIAN_POINT('',(2.062056984739,47.161221985163,
    -55.52401480346));
#6111 = CARTESIAN_POINT('',(2.104036936085,47.155892275982,
    -55.50072873611));
#6112 = CARTESIAN_POINT('',(2.145715289098,47.150562614638,
    -55.4769096659));
#6113 = CARTESIAN_POINT('',(2.187084162554,47.145233001466,
    -55.45256217699));
#6114 = CARTESIAN_POINT('',(2.516527832406,47.102462638538,
    -55.25296813286));
#6115 = CARTESIAN_POINT('',(2.789329401892,47.065015555998,
    -55.05235831455));
#6116 = CARTESIAN_POINT('',(3.043723021445,47.027574662329,
    -54.82754147734));
#6117 = CARTESIAN_POINT('',(3.277226921094,46.990139993875,
    -54.58052032758));
#6118 = CARTESIAN_POINT('',(3.487644980514,46.952705146207,
    -54.31356055978));
#6119 = CARTESIAN_POINT('',(3.673055436076,46.915263574917,
    -54.02916461091));
#6120 = CARTESIAN_POINT('',(3.831838314607,46.877815201025,
    -53.73007895177));
#6121 = CARTESIAN_POINT('',(4.045934897766,46.816577784934,
    -53.22184694436));
#6122 = CARTESIAN_POINT('',(4.117883401546,46.792780446796,
    -53.01961290203));
#6123 = CARTESIAN_POINT('',(4.17826599807,46.768982833805,
    -52.81339082264));
#6124 = CARTESIAN_POINT('',(4.226829193661,46.745185377409,
    -52.60395447304));
#6125 = CARTESIAN_POINT('',(4.26338203683,46.721388184093,
    -52.39209129951));
#6126 = CARTESIAN_POINT('',(4.287794597967,46.697591429041,
    -52.17860118266));
#6127 = CARTESIAN_POINT('',(4.3,46.673795372665,-51.96429600055));
#6128 = CARTESIAN_POINT('',(4.3,46.65,-51.75));
#6129 = ORIENTED_EDGE('',*,*,#6130,.T.);
#6130 = EDGE_CURVE('',#6033,#6131,#6133,.T.);
#6131 = VERTEX_POINT('',#6132);
#6132 = CARTESIAN_POINT('',(4.3,43.649999999998,-51.75));
#6133 = B_SPLINE_CURVE_WITH_KNOTS('',7,(#6134,#6135,#6136,#6137,#6138,
    #6139,#6140,#6141,#6142,#6143,#6144,#6145,#6146,#6147,#6148,#6149,
    #6150,#6151,#6152,#6153,#6154,#6155,#6156,#6157,#6158,#6159,#6160,
    #6161,#6162,#6163,#6164,#6165,#6166,#6167,#6168,#6169,#6170,#6171,
    #6172,#6173,#6174,#6175,#6176,#6177,#6178,#6179,#6180,#6181,#6182,
    #6183,#6184,#6185,#6186,#6187,#6188,#6189,#6190,#6191,#6192,#6193,
    #6194,#6195,#6196,#6197,#6198,#6199,#6200,#6201,#6202,#6203,#6204,
    #6205,#6206,#6207,#6208,#6209,#6210,#6211,#6212,#6213,#6214,#6215,
    #6216,#6217,#6218,#6219,#6220,#6221,#6222,#6223,#6224,#6225),
  .UNSPECIFIED.,.F.,.F.,(8,6,6,6,6,6,6,6,6,6,6,6,6,6,6,8),(0.,
    1.51967400837E-02,6.410886297268E-02,0.163443280228,0.28500761234,
    0.359744271263,0.415442823133,0.502049713314,0.585313050407,
    0.708560218046,0.822727639852,0.836589072408,0.936048498658,
    0.967455694779,0.983838141928,1.),.UNSPECIFIED.);
#6134 = CARTESIAN_POINT('',(4.3,46.65,-51.75));
#6135 = CARTESIAN_POINT('',(4.3,46.643487637387,-51.6913510651));
#6136 = CARTESIAN_POINT('',(4.299066747685,46.636976249201,
    -51.63270186332));
#6137 = CARTESIAN_POINT('',(4.297200236492,46.630463439633,
    -51.57407072063));
#6138 = CARTESIAN_POINT('',(4.294400888701,46.62395271306,-51.5154747761
    ));
#6139 = CARTESIAN_POINT('',(4.290669552013,46.617440710751,
    -51.45693250273));
#6140 = CARTESIAN_POINT('',(4.286007499517,46.610929406254,
    -51.39846129778));
#6141 = CARTESIAN_POINT('',(4.262421058769,46.583460746031,
    -51.15217041562));
#6142 = CARTESIAN_POINT('',(4.234801194973,46.562503958958,
    -50.96518029497));
#6143 = CARTESIAN_POINT('',(4.197614262038,46.541547379921,
    -50.77970558827));
#6144 = CARTESIAN_POINT('',(4.150962358945,46.520590238772,
    -50.5963328843));
#6145 = CARTESIAN_POINT('',(4.094992013824,46.499631787999,
    -50.41563774226));
#6146 = CARTESIAN_POINT('',(4.029893935998,46.478671762378,
    -50.23818395799));
#6147 = CARTESIAN_POINT('',(3.805635940083,46.415141818454,
    -49.7118387528));
#6148 = CARTESIAN_POINT('',(3.618645301864,46.372556529405,
    -49.37469123399));
#6149 = CARTESIAN_POINT('',(3.396922810257,46.329974822244,
    -49.05784471933));
#6150 = CARTESIAN_POINT('',(3.143177681148,46.287398088638,
    -48.76550341283));
#6151 = CARTESIAN_POINT('',(2.860665736776,46.244819423052,
    -48.50141884056));
#6152 = CARTESIAN_POINT('',(2.553168949657,46.202236772516,
    -48.26886580473));
#6153 = CARTESIAN_POINT('',(1.823668945763,46.10757520848,-47.8277126658
    ));
#6154 = CARTESIAN_POINT('',(1.391069937644,46.055456067249,
    -47.63589623673));
#6155 = CARTESIAN_POINT('',(0.93550974401,46.003367762143,
    -47.50012466333));
#6156 = CARTESIAN_POINT('',(0.465712804549,45.951287049561,
    -47.4233698652));
#6157 = CARTESIAN_POINT('',(-9.369212530224E-03,45.899195306264,
    -47.40709364868));
#6158 = CARTESIAN_POINT('',(-0.480521087678,45.847073357324,
    -47.45125538826));
#6159 = CARTESIAN_POINT('',(-1.219848230904,45.762951734056,
    -47.61657971862));
#6160 = CARTESIAN_POINT('',(-1.496426953316,45.730920495213,
    -47.70155597145));
#6161 = CARTESIAN_POINT('',(-1.765990602396,45.698890172123,
    -47.80809962878));
#6162 = CARTESIAN_POINT('',(-2.026536852377,45.666860480114,
    -47.93549482065));
#6163 = CARTESIAN_POINT('',(-2.276164244369,45.63482935947,
    -48.08281183119));
#6164 = CARTESIAN_POINT('',(-2.513078112086,45.602796497187,
    -48.2489099814));
#6165 = CARTESIAN_POINT('',(-2.901460001358,45.546896382596,
    -48.56916099801));
#6166 = CARTESIAN_POINT('',(-3.059335944162,45.52302551619,-48.715591118
    ));
#6167 = CARTESIAN_POINT('',(-3.208555079443,45.499155507039,
    -48.87113373886));
#6168 = CARTESIAN_POINT('',(-3.348492159046,45.475286233368,
    -49.03517091277));
#6169 = CARTESIAN_POINT('',(-3.478578245097,45.451417084627,
    -49.20703574096));
#6170 = CARTESIAN_POINT('',(-3.598301600462,45.427547823739,
    -49.38601340813));
#6171 = CARTESIAN_POINT('',(-3.876562995488,45.366566042864,
    -49.85950328891));
#6172 = CARTESIAN_POINT('',(-4.019806198286,45.329447563885,
    -50.163071232));
#6173 = CARTESIAN_POINT('',(-4.135210349613,45.292333573637,
    -50.47912503622));
#6174 = CARTESIAN_POINT('',(-4.221528020222,45.255222008059,
    -50.80459608508));
#6175 = CARTESIAN_POINT('',(-4.277915101452,45.218107127044,
    -51.13630119088));
#6176 = CARTESIAN_POINT('',(-4.303934571612,45.180987279993,
    -51.47095700487));
#6177 = CARTESIAN_POINT('',(-4.295523077469,45.108190589236,
    -52.1264834857));
#6178 = CARTESIAN_POINT('',(-4.26338594515,45.072503410938,
    -52.44747869182));
#6179 = CARTESIAN_POINT('',(-4.203260533721,45.036819225135,
    -52.76514930571));
#6180 = CARTESIAN_POINT('',(-4.115591713041,45.001137156743,
    -53.07658674205));
#6181 = CARTESIAN_POINT('',(-4.001172351564,44.965453324693,
    -53.37897414785));
#6182 = CARTESIAN_POINT('',(-3.861140104872,44.929766922004,
    -53.66959788567));
#6183 = CARTESIAN_POINT('',(-3.454142396681,44.841271395048,
    -54.3548306461));
#6184 = CARTESIAN_POINT('',(-3.158312841472,44.788425717848,
    -54.73269277116));
#6185 = CARTESIAN_POINT('',(-2.814576518415,44.73561075354,
    -55.07075449191));
#6186 = CARTESIAN_POINT('',(-2.429518399666,44.682805757683,
    -55.36202045648));
#6187 = CARTESIAN_POINT('',(-2.010675187433,44.62999288233,
    -55.60078970832));
#6188 = CARTESIAN_POINT('',(-1.566570288579,44.577149127264,
    -55.78262937715));
#6189 = CARTESIAN_POINT('',(-0.681194273823,44.475411262822,
    -56.01850201461));
#6190 = CARTESIAN_POINT('',(-0.241681031453,44.426461942018,
    -56.08108232396));
#6191 = CARTESIAN_POINT('',(0.203948225665,44.377527570181,
    -56.09069720033));
#6192 = CARTESIAN_POINT('',(0.648084963436,44.328595772206,
    -56.04688639828));
#6193 = CARTESIAN_POINT('',(1.083247070276,44.279658137319,
    -55.95038813303));
#6194 = CARTESIAN_POINT('',(1.502062589613,44.230704765161,
    -55.80313981151));
#6195 = CARTESIAN_POINT('',(1.945457817769,44.175837641472,
    -55.58510829652));
#6196 = CARTESIAN_POINT('',(1.993120740576,44.16989734275,
    -55.56080567989));
#6197 = CARTESIAN_POINT('',(2.040428910073,44.163957102701,
    -55.53581226258));
#6198 = CARTESIAN_POINT('',(2.087370321696,44.158016922538,
    -55.51013427513));
#6199 = CARTESIAN_POINT('',(2.133933112107,44.152076802982,
    -55.4837782065));
#6200 = CARTESIAN_POINT('',(2.180105559193,44.146136744273,
    -55.45675080407));
#6201 = CARTESIAN_POINT('',(2.55429162826,44.097575696571,
    -55.23036362063));
#6202 = CARTESIAN_POINT('',(2.862103173038,44.054946466338,
    -54.99741143538));
#6203 = CARTESIAN_POINT('',(3.144855745014,44.012328628969,
    -54.73285560171));
#6204 = CARTESIAN_POINT('',(3.398753468986,43.969717370032,
    -54.43998496786));
#6205 = CARTESIAN_POINT('',(3.62052955266,43.927099140887,
    -54.12256812971));
#6206 = CARTESIAN_POINT('',(3.807467387804,43.884468530129,
    -53.78482874818));
#6207 = CARTESIAN_POINT('',(4.00497288892,43.82838716506,-53.31999489285
    ));
#6208 = CARTESIAN_POINT('',(4.048704431039,43.814927670422,
    -53.20687840337));
#6209 = CARTESIAN_POINT('',(4.088705650005,43.801467916127,
    -53.09234811438));
#6210 = CARTESIAN_POINT('',(4.124922211414,43.788007965202,
    -52.97655172564));
#6211 = CARTESIAN_POINT('',(4.157307188637,43.774547896402,
    -52.85963925442));
#6212 = CARTESIAN_POINT('',(4.185821062818,43.761087804208,
    -52.74176303546));
#6213 = CARTESIAN_POINT('',(4.223268998652,43.740606865606,
    -52.5611697467));
#6214 = CARTESIAN_POINT('',(4.235044309061,43.733585949639,
    -52.49904152469));
#6215 = CARTESIAN_POINT('',(4.245753114776,43.726565065321,
    -52.4367149399));
#6216 = CARTESIAN_POINT('',(4.255391444378,43.719544224062,
    -52.37421196696));
#6217 = CARTESIAN_POINT('',(4.263955894363,43.712523434291,
    -52.31155467026));
#6218 = CARTESIAN_POINT('',(4.271443629143,43.70550270146,
    -52.24876520395));
#6219 = CARTESIAN_POINT('',(4.284174839327,43.691555887739,
    -52.12381335796));
#6220 = CARTESIAN_POINT('',(4.289447178907,43.684629685614,
    -52.06165391915));
#6221 = CARTESIAN_POINT('',(4.293667223467,43.677704170042,
    -51.99940870035));
#6222 = CARTESIAN_POINT('',(4.296833342893,43.670777209221,
    -51.9370995076));
#6223 = CARTESIAN_POINT('',(4.298944449553,43.663852332462,
    -51.87474706411));
#6224 = CARTESIAN_POINT('',(4.3,43.656925764781,-51.81237356553));
#6225 = CARTESIAN_POINT('',(4.3,43.649999999998,-51.75));
#6226 = ORIENTED_EDGE('',*,*,#6227,.T.);
#6227 = EDGE_CURVE('',#6131,#6228,#6230,.T.);
#6228 = VERTEX_POINT('',#6229);
#6229 = CARTESIAN_POINT('',(0.894039203905,43.,-47.54396936651));
#6230 = B_SPLINE_CURVE_WITH_KNOTS('',8,(#6231,#6232,#6233,#6234,#6235,
    #6236,#6237,#6238,#6239,#6240,#6241,#6242,#6243,#6244,#6245,#6246,
    #6247,#6248,#6249,#6250,#6251,#6252,#6253,#6254,#6255,#6256,#6257,
    #6258,#6259,#6260,#6261,#6262,#6263,#6264,#6265,#6266,#6267,#6268,
    #6269,#6270,#6271,#6272,#6273,#6274,#6275,#6276,#6277,#6278,#6279,
    #6280,#6281,#6282,#6283,#6284,#6285,#6286,#6287,#6288,#6289,#6290,
    #6291,#6292,#6293,#6294,#6295,#6296,#6297,#6298,#6299,#6300,#6301,
    #6302,#6303,#6304,#6305,#6306,#6307,#6308,#6309,#6310,#6311,#6312,
    #6313,#6314,#6315,#6316,#6317,#6318,#6319,#6320,#6321,#6322,#6323,
    #6324,#6325,#6326,#6327,#6328,#6329,#6330),.UNSPECIFIED.,.F.,.F.,(9,
    7,7,7,7,7,7,7,7,7,7,7,7,7,9),(0.,6.389241131151E-02,0.163267809782,
    0.285059767834,0.367463732492,0.415789985469,0.502368035663,
    0.5852718602,0.710337998293,0.823641838888,0.836463991561,
    0.936397881149,0.968205835416,0.983958243385,1.),.UNSPECIFIED.);
#6231 = CARTESIAN_POINT('',(4.3,43.649999999998,-51.75));
#6232 = CARTESIAN_POINT('',(4.3,43.626042955828,-51.53424241777));
#6233 = CARTESIAN_POINT('',(4.287627543358,43.602087668011,
    -51.31847484175));
#6234 = CARTESIAN_POINT('',(4.262880678934,43.578134489644,
    -51.1035386462));
#6235 = CARTESIAN_POINT('',(4.225828083845,43.554182144978,
    -50.89026276128));
#6236 = CARTESIAN_POINT('',(4.176603302613,43.53022894742,
    -50.67946375597));
#6237 = CARTESIAN_POINT('',(4.115402629962,43.506273721533,
    -50.47194521423));
#6238 = CARTESIAN_POINT('',(4.042486637281,43.482316429032,
    -50.26849640473));
#6239 = CARTESIAN_POINT('',(3.827066880259,43.421095405783,
    -49.76098710559));
#6240 = CARTESIAN_POINT('',(3.668367158136,43.383820087058,
    -49.46370845451));
#6241 = CARTESIAN_POINT('',(3.483328653703,43.346544953938,
    -49.18103752278));
#6242 = CARTESIAN_POINT('',(3.273553454207,43.309273182487,
    -48.91567737652));
#6243 = CARTESIAN_POINT('',(3.040939057943,43.272002528955,
    -48.67009127556));
#6244 = CARTESIAN_POINT('',(2.787651856505,43.234729892823,
    -48.44651009611));
#6245 = CARTESIAN_POINT('',(2.516138298173,43.19745662747,
    -48.24690681643));
#6246 = CARTESIAN_POINT('',(1.877477267413,43.114527204431,
    -47.85972639384));
#6247 = CARTESIAN_POINT('',(1.502293387978,43.068840695085,
    -47.6848497365));
#6248 = CARTESIAN_POINT('',(1.108761384144,43.023170447774,
    -47.55151177634));
#6249 = CARTESIAN_POINT('',(0.702295101856,42.977511801611,
    -47.46185051836));
#6250 = CARTESIAN_POINT('',(0.288463050497,42.931851870734,
    -47.41716694509));
#6251 = CARTESIAN_POINT('',(-0.127042604417,42.886178767483,
    -47.41800373514));
#6252 = CARTESIAN_POINT('',(-0.538409838351,42.840490054164,
    -47.46406210023));
#6253 = CARTESIAN_POINT('',(-1.211286857625,42.76392357835,
    -47.61475907718));
#6254 = CARTESIAN_POINT('',(-1.478360570815,42.733020389548,
    -47.69566285973));
#6255 = CARTESIAN_POINT('',(-1.739187183605,42.70211766832,
    -47.79626535041));
#6256 = CARTESIAN_POINT('',(-1.992075146386,42.671216140201,
    -47.91598913205));
#6257 = CARTESIAN_POINT('',(-2.235412643424,42.640314367182,
    -48.05409413432));
#6258 = CARTESIAN_POINT('',(-2.467667526522,42.609410878608,
    -48.20968691572));
#6259 = CARTESIAN_POINT('',(-2.687394884482,42.578506329485,
    -48.38171525656));
#6260 = CARTESIAN_POINT('',(-3.013978418341,42.529483835993,
    -48.67875175966));
#6261 = CARTESIAN_POINT('',(-3.129943486261,42.511361951714,
    -48.7937932719));
#6262 = CARTESIAN_POINT('',(-3.240880401042,42.493240395419,
    -48.91382948734));
#6263 = CARTESIAN_POINT('',(-3.3465386707,42.475119204792,
    -49.03860313818));
#6264 = CARTESIAN_POINT('',(-3.446684543013,42.456998248383,
    -49.16784302206));
#6265 = CARTESIAN_POINT('',(-3.541101186182,42.438877380842,
    -49.30126422313));
#6266 = CARTESIAN_POINT('',(-3.629588869493,42.42075659815,
    -49.43856833318));
#6267 = CARTESIAN_POINT('',(-3.859544912482,42.37017289884,
    -49.8318264143));
#6268 = CARTESIAN_POINT('',(-3.987532953794,42.337705816701,
    -50.09571055778));
#6269 = CARTESIAN_POINT('',(-4.09485139839,42.305240898508,
    -50.36927260815));
#6270 = CARTESIAN_POINT('',(-4.180664857263,42.272778303962,
    -50.65061379149));
#6271 = CARTESIAN_POINT('',(-4.244349698899,42.24031536986,
    -50.93777392167));
#6272 = CARTESIAN_POINT('',(-4.285484740839,42.207849537705,
    -51.22873962064));
#6273 = CARTESIAN_POINT('',(-4.303863355844,42.175381239483,
    -51.52144689202));
#6274 = CARTESIAN_POINT('',(-4.295374657366,42.111829981947,
    -52.09370316583));
#6275 = CARTESIAN_POINT('',(-4.270393427286,42.080739356766,
    -52.37335072343));
#6276 = CARTESIAN_POINT('',(-4.224603078965,42.049649918035,
    -52.65086549704));
#6277 = CARTESIAN_POINT('',(-4.158229039491,42.018562250035,
    -52.92444125917));
#6278 = CARTESIAN_POINT('',(-4.071676442179,41.987474716526,
    -53.19231798398));
#6279 = CARTESIAN_POINT('',(-3.965520692168,41.956385697555,
    -53.45278371823));
#6280 = CARTESIAN_POINT('',(-3.840514541919,41.925295815909,
    -53.70418111811));
#6281 = CARTESIAN_POINT('',(-3.482032846804,41.847315286711,
    -54.30808782807));
#6282 = CARTESIAN_POINT('',(-3.225565009303,41.800395351489,
    -54.64726727853));
#6283 = CARTESIAN_POINT('',(-2.931486987198,41.753492160153,
    -54.95674762726));
#6284 = CARTESIAN_POINT('',(-2.603920796352,41.706602137894,
    -55.23176614987));
#6285 = CARTESIAN_POINT('',(-2.247538812179,41.659712926706,
    -55.46825436461));
#6286 = CARTESIAN_POINT('',(-1.867564196231,41.612811385344,
    -55.66288015317));
#6287 = CARTESIAN_POINT('',(-1.469730479742,41.565892748691,
    -55.81303558376));
#6288 = CARTESIAN_POINT('',(-0.68964461377,41.476513682746,
    -56.01154710107));
#6289 = CARTESIAN_POINT('',(-0.309110549374,41.43401056437,
    -56.06823397721));
#6290 = CARTESIAN_POINT('',(7.648284091944E-02,41.391513270092,
    -56.08600867814));
#6291 = CARTESIAN_POINT('',(0.462479907792,41.349020869104,
    -56.06443297712));
#6292 = CARTESIAN_POINT('',(0.844280151141,41.306527393372,
    -56.00370565949));
#6293 = CARTESIAN_POINT('',(1.217345485638,41.264027441059,
    -55.90460756072));
#6294 = CARTESIAN_POINT('',(1.577218927275,41.221521369811,
    -55.76855367872));
#6295 = CARTESIAN_POINT('',(1.958336236048,41.174226495492,
    -55.57841925351));
#6296 = CARTESIAN_POINT('',(1.99685874269,41.169418466623,-55.5586440296
    ));
#6297 = CARTESIAN_POINT('',(2.035152824739,41.164610475444,
    -55.53842591267));
#6298 = CARTESIAN_POINT('',(2.073212544314,41.159802522439,
    -55.51776798519));
#6299 = CARTESIAN_POINT('',(2.11103201469,41.154994608015,
    -55.49667342455));
#6300 = CARTESIAN_POINT('',(2.148605400298,41.1501867325,-55.47514550307
    ));
#6301 = CARTESIAN_POINT('',(2.185926916722,41.145378896141,-55.453187588
    ));
#6302 = CARTESIAN_POINT('',(2.511861286512,41.103099867096,
    -55.25634220192));
#6303 = CARTESIAN_POINT('',(2.785152345341,41.065622321188,
    -55.05593034561));
#6304 = CARTESIAN_POINT('',(3.04003715001,41.028150991367,
    -54.83124770756));
#6305 = CARTESIAN_POINT('',(3.274025287635,40.990685925244,
    -54.5842987261));
#6306 = CARTESIAN_POINT('',(3.484912600915,40.953220699561,
    -54.31735201356));
#6307 = CARTESIAN_POINT('',(3.670769870928,40.915748742331,
    -54.03291397346));
#6308 = CARTESIAN_POINT('',(3.829970371442,40.878269965619,
    -53.73373616424));
#6309 = CARTESIAN_POINT('',(4.003043286728,40.828870665694,
    -53.32390650333));
#6310 = CARTESIAN_POINT('',(4.042005569427,40.816943387523,
    -53.22376337936));
#6311 = CARTESIAN_POINT('',(4.078103263241,40.805015906156,
    -53.12252151866));
#6312 = CARTESIAN_POINT('',(4.111300388949,40.793088261324,
    -53.02027660885));
#6313 = CARTESIAN_POINT('',(4.141564867701,40.781160500785,
    -52.91712554427));
#6314 = CARTESIAN_POINT('',(4.168868521014,40.769232680325,
    -52.81316642595));
#6315 = CARTESIAN_POINT('',(4.19318707078,40.757304863762,
    -52.70849856164));
#6316 = CARTESIAN_POINT('',(4.22505511387,40.739470089813,
    -52.55108607262));
#6317 = CARTESIAN_POINT('',(4.234872990817,40.733563070695,
    -52.49880042945));
#6318 = CARTESIAN_POINT('',(4.24395130544,40.727656073422,
    -52.44637770695));
#6319 = CARTESIAN_POINT('',(4.252287835915,40.7217491045,-52.39383011344
    ));
#6320 = CARTESIAN_POINT('',(4.259880603252,40.715842169107,-52.341169895
    ));
#6321 = CARTESIAN_POINT('',(4.266727871299,40.709935271098,
    -52.28840933537));
#6322 = CARTESIAN_POINT('',(4.27282814674,40.704028412996,
    -52.23556075606));
#6323 = CARTESIAN_POINT('',(4.283630520438,40.69210627943,
    -52.12874013574));
#6324 = CARTESIAN_POINT('',(4.288304879902,40.686090919525,
    -52.07476529085));
#6325 = CARTESIAN_POINT('',(4.292201937285,40.680075964687,
    -52.02072494384));
#6326 = CARTESIAN_POINT('',(4.295320637446,40.674060482296,
    -51.96663234537));
#6327 = CARTESIAN_POINT('',(4.297660188975,40.668045230409,
    -51.91250042877));
#6328 = CARTESIAN_POINT('',(4.299220064162,40.662030572817,
    -51.85834222096));
#6329 = CARTESIAN_POINT('',(4.3,40.656014997687,-51.8041711338));
#6330 = CARTESIAN_POINT('',(4.3,40.65,-51.75));
#6331 = ORIENTED_EDGE('',*,*,#6332,.T.);
#6332 = EDGE_CURVE('',#6228,#6333,#6335,.T.);
#6333 = VERTEX_POINT('',#6334);
#6334 = CARTESIAN_POINT('',(2.5,43.,-47.83761163975));
#6335 = B_SPLINE_CURVE_WITH_KNOTS('',4,(#6336,#6337,#6338,#6339,#6340,
    #6341,#6342,#6343,#6344,#6345,#6346,#6347,#6348,#6349,#6350,#6351,
    #6352,#6353,#6354,#6355,#6356,#6357,#6358,#6359,#6360,#6361),
  .UNSPECIFIED.,.F.,.F.,(5,3,3,3,3,3,3,3,5),(0.,0.121842929222,
    0.24434593994,0.367877048086,0.492058651949,0.617647011273,
    0.744267546143,0.871921523112,1.),.UNSPECIFIED.);
#6336 = CARTESIAN_POINT('',(0.893831333478,43.,-47.54397122833));
#6337 = CARTESIAN_POINT('',(0.94366227603,43.,-47.54351795133));
#6338 = CARTESIAN_POINT('',(0.993517683323,43.,-47.54385153319));
#6339 = CARTESIAN_POINT('',(1.043378590742,43.,-47.54496925314));
#6340 = CARTESIAN_POINT('',(1.143344499351,43.,-47.54877617361));
#6341 = CARTESIAN_POINT('',(1.193449360607,43.,-47.55147385632));
#6342 = CARTESIAN_POINT('',(1.243522324237,43.,-47.55495702182));
#6343 = CARTESIAN_POINT('',(1.343987746775,43.,-47.56352132903));
#6344 = CARTESIAN_POINT('',(1.394379361242,43.,-47.56861563791));
#6345 = CARTESIAN_POINT('',(1.444701248558,43.,-47.57449970855));
#6346 = CARTESIAN_POINT('',(1.545433756525,43.,-47.58787194837));
#6347 = CARTESIAN_POINT('',(1.595843449979,43.,-47.59536840293));
#6348 = CARTESIAN_POINT('',(1.64614586445,43.,-47.60365228046));
#6349 = CARTESIAN_POINT('',(1.747068811101,43.,-47.62188538693));
#6350 = CARTESIAN_POINT('',(1.797686492625,43.,-47.63185241993));
#6351 = CARTESIAN_POINT('',(1.848157687936,43.,-47.64261228354));
#6352 = CARTESIAN_POINT('',(1.949184848368,43.,-47.66579850637));
#6353 = CARTESIAN_POINT('',(1.999738101798,43.,-47.67823783696));
#6354 = CARTESIAN_POINT('',(2.050105998378,43.,-47.69146873881));
#6355 = CARTESIAN_POINT('',(2.150845231155,43.,-47.71961226255));
#6356 = CARTESIAN_POINT('',(2.201213240969,43.,-47.73453773057));
#6357 = CARTESIAN_POINT('',(2.251356853921,43.,-47.75025161557));
#6358 = CARTESIAN_POINT('',(2.351326471205,43.,-47.78329352465));
#6359 = CARTESIAN_POINT('',(2.401150865734,43.,-47.80062674447));
#6360 = CARTESIAN_POINT('',(2.450714321231,43.,-47.81873594671));
#6361 = CARTESIAN_POINT('',(2.5,43.,-47.83761163975));
#6362 = ORIENTED_EDGE('',*,*,#6363,.T.);
#6363 = EDGE_CURVE('',#6333,#4925,#6364,.T.);
#6364 = B_SPLINE_CURVE_WITH_KNOTS('',4,(#6365,#6366,#6367,#6368,#6369,
    #6370,#6371,#6372,#6373,#6374,#6375,#6376,#6377,#6378,#6379,#6380,
    #6381,#6382,#6383,#6384,#6385,#6386,#6387,#6388,#6389,#6390,#6391,
    #6392,#6393,#6394,#6395,#6396,#6397,#6398,#6399,#6400,#6401,#6402,
    #6403,#6404,#6405,#6406,#6407,#6408,#6409,#6410,#6411,#6412,#6413,
    #6414,#6415,#6416,#6417,#6418,#6419,#6420,#6421,#6422,#6423,#6424,
    #6425,#6426,#6427,#6428,#6429,#6430,#6431,#6432,#6433,#6434,#6435,
    #6436,#6437,#6438),.UNSPECIFIED.,.F.,.F.,(5,3,3,3,3,3,3,3,3,3,3,3,3,
    3,3,3,3,3,3,3,3,3,3,3,5),(0.,5.367908577305E-02,0.107716751874,
    0.162307984431,0.217453573978,0.273154320012,0.329411040102,
    0.386224575878,0.443595793779,0.477037369811,0.51052949361,
    0.544344628732,0.578209133397,0.6123984876,0.646636001605,
    0.681200161549,0.715811206267,0.750750609685,0.785735509077,
    0.821050337545,0.856409093414,0.892099127638,0.927831254716,
    0.963895686729,1.),.UNSPECIFIED.);
#6365 = CARTESIAN_POINT('',(2.5,43.,-47.83761163975));
#6366 = CARTESIAN_POINT('',(2.564902939335,43.,-47.86246851482));
#6367 = CARTESIAN_POINT('',(2.629324172587,43.,-47.8886546061));
#6368 = CARTESIAN_POINT('',(2.693225245484,43.,-47.91614822963));
#6369 = CARTESIAN_POINT('',(2.820337652419,43.,-47.9738959308));
#6370 = CARTESIAN_POINT('',(2.883541529117,43.,-48.00416722825));
#6371 = CARTESIAN_POINT('',(2.946144492988,43.,-48.0357159587));
#6372 = CARTESIAN_POINT('',(3.070713860868,43.,-48.1016533033));
#6373 = CARTESIAN_POINT('',(3.132667175854,43.,-48.13606770546));
#6374 = CARTESIAN_POINT('',(3.193935879947,43.,-48.17173354344));
#6375 = CARTESIAN_POINT('',(3.315651951255,43.,-48.24588714939));
#6376 = CARTESIAN_POINT('',(3.376084661441,43.,-48.28439990227));
#6377 = CARTESIAN_POINT('',(3.435750087958,43.,-48.32413267986));
#6378 = CARTESIAN_POINT('',(3.554074833162,43.,-48.40639029022));
#6379 = CARTESIAN_POINT('',(3.612717977338,43.,-48.44893921109));
#6380 = CARTESIAN_POINT('',(3.670512535878,43.,-48.4926713633));
#6381 = CARTESIAN_POINT('',(3.784911552533,43.,-48.58288587541));
#6382 = CARTESIAN_POINT('',(3.841498374362,43.,-48.6293913364));
#6383 = CARTESIAN_POINT('',(3.897157025945,43.,-48.67703790523));
#6384 = CARTESIAN_POINT('',(4.007101791484,43.,-48.77502742408));
#6385 = CARTESIAN_POINT('',(4.061368868109,43.,-48.82539240163));
#6386 = CARTESIAN_POINT('',(4.114630254093,43.,-48.87685110629));
#6387 = CARTESIAN_POINT('',(4.219600385065,43.,-48.98239912843));
#6388 = CARTESIAN_POINT('',(4.271288757408,43.,-49.03650931699));
#6389 = CARTESIAN_POINT('',(4.321896329264,43.,-49.09166068878));
#6390 = CARTESIAN_POINT('',(4.400252604933,43.,-49.18054754514));
#6391 = CARTESIAN_POINT('',(4.428731385351,43.,-49.21362073495));
#6392 = CARTESIAN_POINT('',(4.456829500946,43.,-49.24702722625));
#6393 = CARTESIAN_POINT('',(4.512297025611,43.,-49.31454257704));
#6394 = CARTESIAN_POINT('',(4.539665268995,43.,-49.34865242233));
#6395 = CARTESIAN_POINT('',(4.566642395412,43.,-49.38308129861));
#6396 = CARTESIAN_POINT('',(4.62006210284,43.,-49.45289673868));
#6397 = CARTESIAN_POINT('',(4.646497019176,43.,-49.48828933687));
#6398 = CARTESIAN_POINT('',(4.672524351568,43.,-49.52399135255));
#6399 = CARTESIAN_POINT('',(4.723792967421,43.,-49.59605079653));
#6400 = CARTESIAN_POINT('',(4.749033047724,43.,-49.6324091061));
#6401 = CARTESIAN_POINT('',(4.773856043421,43.,-49.66906169266));
#6402 = CARTESIAN_POINT('',(4.822894275736,43.,-49.74329361178));
#6403 = CARTESIAN_POINT('',(4.847101398096,43.,-49.78087846203));
#6404 = CARTESIAN_POINT('',(4.870875540376,43.,-49.81874672447));
#6405 = CARTESIAN_POINT('',(4.917583508262,43.,-49.89508711467));
#6406 = CARTESIAN_POINT('',(4.940516102914,43.,-49.9335600184));
#6407 = CARTESIAN_POINT('',(4.963007241054,43.,-49.97230038658));
#6408 = CARTESIAN_POINT('',(5.007310335778,43.,-50.05067132139));
#6409 = CARTESIAN_POINT('',(5.029113765254,43.,-50.09030685527));
#6410 = CARTESIAN_POINT('',(5.050460511862,43.,-50.13019777024));
#6411 = CARTESIAN_POINT('',(5.092262848967,43.,-50.21052748635));
#6412 = CARTESIAN_POINT('',(5.112717191242,43.,-50.25096695775));
#6413 = CARTESIAN_POINT('',(5.132707467333,43.,-50.29164512433));
#6414 = CARTESIAN_POINT('',(5.17193962531,43.,-50.37384955148));
#6415 = CARTESIAN_POINT('',(5.191172607719,43.,-50.41538019726));
#6416 = CARTESIAN_POINT('',(5.209927062691,43.,-50.45713627707));
#6417 = CARTESIAN_POINT('',(5.246497749496,43.,-50.54113608026));
#6418 = CARTESIAN_POINT('',(5.26431272766,43.,-50.58338036828));
#6419 = CARTESIAN_POINT('',(5.281642952236,43.,-50.62583274148));
#6420 = CARTESIAN_POINT('',(5.315488422777,43.,-50.71153797949));
#6421 = CARTESIAN_POINT('',(5.331994441506,43.,-50.75479461834));
#6422 = CARTESIAN_POINT('',(5.348002103654,43.,-50.79824495219));
#6423 = CARTESIAN_POINT('',(5.379036245638,43.,-50.88556893002));
#6424 = CARTESIAN_POINT('',(5.394061480011,43.,-50.9294430338));
#6425 = CARTESIAN_POINT('',(5.408583346855,43.,-50.97349290185));
#6426 = CARTESIAN_POINT('',(5.436748565116,43.,-51.06234009381));
#6427 = CARTESIAN_POINT('',(5.450382410697,43.,-51.10714055448));
#6428 = CARTESIAN_POINT('',(5.463500232926,43.,-51.1521013167));
#6429 = CARTESIAN_POINT('',(5.488716172251,43.,-51.24237789918));
#6430 = CARTESIAN_POINT('',(5.500813068184,43.,-51.2876940761));
#6431 = CARTESIAN_POINT('',(5.512390195686,43.,-51.33315212832));
#6432 = CARTESIAN_POINT('',(5.534605868297,43.,-51.42475728531));
#6433 = CARTESIAN_POINT('',(5.545234683101,43.,-51.47090686704));
#6434 = CARTESIAN_POINT('',(5.55533210384,43.,-51.51718185248));
#6435 = CARTESIAN_POINT('',(5.574473477255,43.,-51.6100148747));
#6436 = CARTESIAN_POINT('',(5.58351625229,43.,-51.6565731683));
#6437 = CARTESIAN_POINT('',(5.592025195915,43.,-51.70323803432));
#6438 = CARTESIAN_POINT('',(5.6,43.,-51.74999999989));
#6439 = B_SPLINE_SURFACE_WITH_KNOTS('',1,10,(
    (#6440,#6441,#6442,#6443,#6444,#6445,#6446,#6447,#6448,#6449,#6450
      ,#6451,#6452,#6453,#6454,#6455,#6456,#6457,#6458,#6459,#6460,#6461
      ,#6462,#6463,#6464,#6465,#6466,#6467,#6468,#6469,#6470,#6471,#6472
      ,#6473,#6474,#6475,#6476,#6477,#6478,#6479,#6480,#6481,#6482,#6483
      ,#6484,#6485,#6486,#6487,#6488,#6489,#6490,#6491,#6492,#6493,#6494
      ,#6495,#6496,#6497,#6498,#6499,#6500,#6501,#6502,#6503,#6504,#6505
      ,#6506,#6507,#6508,#6509,#6510,#6511,#6512,#6513,#6514,#6515,#6516
      ,#6517,#6518,#6519,#6520)
    ,(#6521,#6522,#6523,#6524,#6525,#6526,#6527,#6528,#6529,#6530,#6531
      ,#6532,#6533,#6534,#6535,#6536,#6537,#6538,#6539,#6540,#6541,#6542
      ,#6543,#6544,#6545,#6546,#6547,#6548,#6549,#6550,#6551,#6552,#6553
      ,#6554,#6555,#6556,#6557,#6558,#6559,#6560,#6561,#6562,#6563,#6564
      ,#6565,#6566,#6567,#6568,#6569,#6570,#6571,#6572,#6573,#6574,#6575
      ,#6576,#6577,#6578,#6579,#6580,#6581,#6582,#6583,#6584,#6585,#6586
      ,#6587,#6588,#6589,#6590,#6591,#6592,#6593,#6594,#6595,#6596,#6597
      ,#6598,#6599,#6600,#6601
    )),.UNSPECIFIED.,.F.,.F.,.F.,(2,2),(11,10,10,10,10,10,10,10,11),(0.,
    2.01246117975),(0.,6.962644440466,13.925288880933,20.887933321399,
    27.850577761866,34.813222202332,41.775866642798,48.738511083265,
    55.701155523731),.PIECEWISE_BEZIER_KNOTS.);
#6440 = CARTESIAN_POINT('',(5.6,61.,-51.75));
#6441 = CARTESIAN_POINT('',(5.599999999995,60.69998479134,
    -48.23159360137));
#6442 = CARTESIAN_POINT('',(3.144041722349,60.400022814144,
    -44.70933255897));
#6443 = CARTESIAN_POINT('',(-1.77326475391,60.099937942303,
    -43.14177868385));
#6444 = CARTESIAN_POINT('',(-7.389218467596,59.800059456972,
    -45.33826171811));
#6445 = CARTESIAN_POINT('',(-10.36310778357,59.49996282769,
    -51.75000250009));
#6446 = CARTESIAN_POINT('',(-7.389219775852,59.199990255964,
    -58.16173011073));
#6447 = CARTESIAN_POINT('',(-1.773266509495,58.900002637003,
    -60.3582264108));
#6448 = CARTESIAN_POINT('',(3.144040285699,58.600001680234,
    -58.79066421995));
#6449 = CARTESIAN_POINT('',(5.599999282365,58.299984045967,
    -55.26840985888));
#6450 = CARTESIAN_POINT('',(5.6,58.000000000001,-51.75));
#6451 = CARTESIAN_POINT('',(5.599999999996,57.699984791337,
    -48.23159360136));
#6452 = CARTESIAN_POINT('',(3.144041722346,57.400022814152,
    -44.70933255898));
#6453 = CARTESIAN_POINT('',(-1.773264753905,57.099937942291,
    -43.14177868385));
#6454 = CARTESIAN_POINT('',(-7.3892184676,56.800059456987,
    -45.33826171812));
#6455 = CARTESIAN_POINT('',(-10.36310778357,56.499962827676,
    -51.75000250008));
#6456 = CARTESIAN_POINT('',(-7.38921977585,56.199990255974,
    -58.16173011074));
#6457 = CARTESIAN_POINT('',(-1.773266509499,55.900002636998,
    -60.35822641079));
#6458 = CARTESIAN_POINT('',(3.144040285702,55.600001680237,
    -58.79066421995));
#6459 = CARTESIAN_POINT('',(5.599999282364,55.299984045966,
    -55.26840985888));
#6460 = CARTESIAN_POINT('',(5.6,55.000000000002,-51.75));
#6461 = CARTESIAN_POINT('',(5.599999999996,54.699984791335,
    -48.23159360137));
#6462 = CARTESIAN_POINT('',(3.144041722346,54.400022814154,
    -44.70933255897));
#6463 = CARTESIAN_POINT('',(-1.773264753904,54.099937942289,
    -43.14177868385));
#6464 = CARTESIAN_POINT('',(-7.389218467603,53.800059456989,
    -45.33826171811));
#6465 = CARTESIAN_POINT('',(-10.36310778357,53.499962827672,
    -51.75000250009));
#6466 = CARTESIAN_POINT('',(-7.389219775853,53.199990255982,
    -58.16173011073));
#6467 = CARTESIAN_POINT('',(-1.773266509496,52.900002636987,
    -60.3582264108));
#6468 = CARTESIAN_POINT('',(3.1440402857,52.600001680247,-58.79066421995
    ));
#6469 = CARTESIAN_POINT('',(5.599999282364,52.299984045958,
    -55.26840985888));
#6470 = CARTESIAN_POINT('',(5.6,52.000000000006,-51.75));
#6471 = CARTESIAN_POINT('',(5.599999999996,51.699984791322,
    -48.23159360137));
#6472 = CARTESIAN_POINT('',(3.144041722347,51.400022814178,
    -44.70933255898));
#6473 = CARTESIAN_POINT('',(-1.773264753909,51.099937942257,
    -43.14177868384));
#6474 = CARTESIAN_POINT('',(-7.38921846759,50.80005945702,
    -45.33826171812));
#6475 = CARTESIAN_POINT('',(-10.36310778359,50.499962827652,
    -51.75000250007));
#6476 = CARTESIAN_POINT('',(-7.389219775834,50.199990255987,
    -58.16173011075));
#6477 = CARTESIAN_POINT('',(-1.773266509509,49.900002636993,
    -60.35822641079));
#6478 = CARTESIAN_POINT('',(3.144040285705,49.600001680239,
    -58.79066421996));
#6479 = CARTESIAN_POINT('',(5.599999282363,49.299984045964,
    -55.26840985888));
#6480 = CARTESIAN_POINT('',(5.6,49.000000000004,-51.75));
#6481 = CARTESIAN_POINT('',(5.599999999996,48.69998479133,
    -48.23159360137));
#6482 = CARTESIAN_POINT('',(3.144041722347,48.400022814159,
    -44.70933255897));
#6483 = CARTESIAN_POINT('',(-1.773264753909,48.099937942289,
    -43.14177868385));
#6484 = CARTESIAN_POINT('',(-7.389218467594,47.80005945698,
    -45.33826171812));
#6485 = CARTESIAN_POINT('',(-10.36310778358,47.499962827692,
    -51.75000250008));
#6486 = CARTESIAN_POINT('',(-7.389219775844,47.199990255952,
    -58.16173011074));
#6487 = CARTESIAN_POINT('',(-1.773266509501,46.900002637018,
    -60.35822641079));
#6488 = CARTESIAN_POINT('',(3.144040285702,46.600001680221,
    -58.79066421995));
#6489 = CARTESIAN_POINT('',(5.599999282364,46.299984045975,
    -55.26840985888));
#6490 = CARTESIAN_POINT('',(5.6,45.999999999998,-51.75));
#6491 = CARTESIAN_POINT('',(5.599999999996,45.699984791345,
    -48.23159360136));
#6492 = CARTESIAN_POINT('',(3.144041722348,45.400022814138,
    -44.70933255898));
#6493 = CARTESIAN_POINT('',(-1.773264753909,45.099937942302,
    -43.14177868385));
#6494 = CARTESIAN_POINT('',(-7.389218467595,44.80005945699,
    -45.33826171811));
#6495 = CARTESIAN_POINT('',(-10.36310778358,44.49996282765,
    -51.75000250008));
#6496 = CARTESIAN_POINT('',(-7.389219775846,44.199990256018,
    -58.16173011073));
#6497 = CARTESIAN_POINT('',(-1.7732665095,43.900002636949,-60.3582264108
    ));
#6498 = CARTESIAN_POINT('',(3.144040285702,43.600001680274,
    -58.79066421995));
#6499 = CARTESIAN_POINT('',(5.599999282364,43.299984045945,
    -55.26840985888));
#6500 = CARTESIAN_POINT('',(5.6,43.000000000009,-51.74999999999));
#6501 = CARTESIAN_POINT('',(5.599999999995,42.699984791313,
    -48.23159360137));
#6502 = CARTESIAN_POINT('',(3.14404172235,42.400022814191,
    -44.70933255897));
#6503 = CARTESIAN_POINT('',(-1.773264753915,42.099937942251,
    -43.14177868385));
#6504 = CARTESIAN_POINT('',(-7.389218467583,41.800059457009,
    -45.33826171812));
#6505 = CARTESIAN_POINT('',(-10.36310778359,41.499962827683,
    -51.75000250007));
#6506 = CARTESIAN_POINT('',(-7.389219775834,41.199990255945,
    -58.16173011075));
#6507 = CARTESIAN_POINT('',(-1.773266509507,40.900002637032,
    -60.35822641079));
#6508 = CARTESIAN_POINT('',(3.144040285704,40.60000168021,
    -58.79066421996));
#6509 = CARTESIAN_POINT('',(5.599999282364,40.299984045979,
    -55.26840985888));
#6510 = CARTESIAN_POINT('',(5.6,39.999999999998,-51.75));
#6511 = CARTESIAN_POINT('',(5.6,39.699985820168,-48.23159348713));
#6512 = CARTESIAN_POINT('',(3.144041722329,39.400018403989,
    -44.70933304867));
#6513 = CARTESIAN_POINT('',(-1.77326475386,39.099949331991,
    -43.14177741916));
#6514 = CARTESIAN_POINT('',(-7.389218467687,38.800037889606,
    -45.33826411292));
#6515 = CARTESIAN_POINT('',(-10.36310778344,38.499994856004,
    -51.74999894371));
#6516 = CARTESIAN_POINT('',(-7.389219776005,38.19995182199,
    -58.16173437838));
#6517 = CARTESIAN_POINT('',(-1.773266509346,37.900040379882,
    -60.35822221989));
#6518 = CARTESIAN_POINT('',(3.144040285579,37.599971307761,
    -58.79066759246));
#6519 = CARTESIAN_POINT('',(5.599999282444,37.300003891616,
    -55.26840765525));
#6520 = CARTESIAN_POINT('',(5.599999999959,36.999989711781,
    -51.75000114238));
#6521 = CARTESIAN_POINT('',(3.8,61.9,-51.75));
#6522 = CARTESIAN_POINT('',(3.800010529073,61.600005849482,
    -49.36231912558));
#6523 = CARTESIAN_POINT('',(2.133509345994,61.299991225268,
    -46.97312977679));
#6524 = CARTESIAN_POINT('',(-1.20349767385,61.000023868486,
    -45.90739733682));
#6525 = CARTESIAN_POINT('',(-5.013767582308,60.699977131604,
    -47.40032577216));
#6526 = CARTESIAN_POINT('',(-7.032479664578,60.400014297536,
    -51.74989144906));
#6527 = CARTESIAN_POINT('',(-5.013836522946,60.100003747186,
    -56.09986810748));
#6528 = CARTESIAN_POINT('',(-1.203440485196,59.799998986088,
    -57.5924837274));
#6529 = CARTESIAN_POINT('',(2.133494925197,59.499999353636,
    -56.52690658292));
#6530 = CARTESIAN_POINT('',(3.800011321114,59.200006136162,
    -54.13767954355));
#6531 = CARTESIAN_POINT('',(3.799999999999,58.9,-51.75));
#6532 = CARTESIAN_POINT('',(3.800010529076,58.600005849483,
    -49.36231912558));
#6533 = CARTESIAN_POINT('',(2.133509345986,58.299991225264,
    -46.97312977679));
#6534 = CARTESIAN_POINT('',(-1.203497673836,58.000023868493,
    -45.90739733683));
#6535 = CARTESIAN_POINT('',(-5.013767582327,57.699977131597,
    -47.40032577215));
#6536 = CARTESIAN_POINT('',(-7.032479664561,57.400014297542,
    -51.74989144907));
#6537 = CARTESIAN_POINT('',(-5.013836522956,57.100003747183,
    -56.09986810747));
#6538 = CARTESIAN_POINT('',(-1.203440485193,56.799998986089,
    -57.59248372741));
#6539 = CARTESIAN_POINT('',(2.133494925197,56.499999353636,
    -56.52690658292));
#6540 = CARTESIAN_POINT('',(3.800011321114,56.200006136162,
    -54.13767954355));
#6541 = CARTESIAN_POINT('',(3.799999999999,55.899999999999,-51.75));
#6542 = CARTESIAN_POINT('',(3.800010529078,55.600005849485,
    -49.36231912558));
#6543 = CARTESIAN_POINT('',(2.133509345982,55.299991225261,
    -46.97312977679));
#6544 = CARTESIAN_POINT('',(-1.203497673828,55.000023868498,
    -45.90739733683));
#6545 = CARTESIAN_POINT('',(-5.013767582337,54.69997713159,
    -47.40032577214));
#6546 = CARTESIAN_POINT('',(-7.032479664548,54.400014297549,
    -51.74989144908));
#6547 = CARTESIAN_POINT('',(-5.013836522969,54.100003747177,
    -56.09986810747));
#6548 = CARTESIAN_POINT('',(-1.203440485182,53.799998986094,
    -57.59248372741));
#6549 = CARTESIAN_POINT('',(2.133494925188,53.499999353632,
    -56.52690658292));
#6550 = CARTESIAN_POINT('',(3.800011321119,53.200006136164,
    -54.13767954355));
#6551 = CARTESIAN_POINT('',(3.799999999996,52.899999999998,-51.75));
#6552 = CARTESIAN_POINT('',(3.800010529087,52.600005849489,
    -49.36231912558));
#6553 = CARTESIAN_POINT('',(2.133509345964,52.299991225251,
    -46.97312977678));
#6554 = CARTESIAN_POINT('',(-1.203497673805,52.000023868511,
    -45.90739733685));
#6555 = CARTESIAN_POINT('',(-5.013767582356,51.699977131581,
    -47.40032577211));
#6556 = CARTESIAN_POINT('',(-7.032479664546,51.400014297549,
    -51.74989144912));
#6557 = CARTESIAN_POINT('',(-5.013836522955,51.100003747186,
    -56.09986810743));
#6558 = CARTESIAN_POINT('',(-1.2034404852,50.799998986082,
    -57.59248372743));
#6559 = CARTESIAN_POINT('',(2.133494925201,50.49999935364,
    -56.52690658292));
#6560 = CARTESIAN_POINT('',(3.800011321114,50.200006136161,
    -54.13767954355));
#6561 = CARTESIAN_POINT('',(3.799999999997,49.899999999998,-51.75));
#6562 = CARTESIAN_POINT('',(3.800010529081,49.600005849487,
    -49.36231912558));
#6563 = CARTESIAN_POINT('',(2.133509345979,49.299991225258,
    -46.97312977678));
#6564 = CARTESIAN_POINT('',(-1.20349767383,49.000023868499,
    -45.90739733684));
#6565 = CARTESIAN_POINT('',(-5.013767582324,48.699977131594,
    -47.40032577213));
#6566 = CARTESIAN_POINT('',(-7.032479664575,48.400014297539,
    -51.74989144909));
#6567 = CARTESIAN_POINT('',(-5.013836522936,48.100003747191,
    -56.09986810746));
#6568 = CARTESIAN_POINT('',(-1.203440485212,47.79999898608,
    -57.59248372741));
#6569 = CARTESIAN_POINT('',(2.133494925209,47.499999353643,
    -56.52690658292));
#6570 = CARTESIAN_POINT('',(3.800011321108,47.200006136158,
    -54.13767954355));
#6571 = CARTESIAN_POINT('',(3.800000000001,46.900000000001,-51.75));
#6572 = CARTESIAN_POINT('',(3.800010529069,46.600005849478,
    -49.36231912558));
#6573 = CARTESIAN_POINT('',(2.133509346003,46.299991225278,
    -46.97312977679));
#6574 = CARTESIAN_POINT('',(-1.203497673859,46.000023868471,
    -45.90739733681));
#6575 = CARTESIAN_POINT('',(-5.013767582306,45.699977131619,
    -47.40032577218));
#6576 = CARTESIAN_POINT('',(-7.032479664567,45.400014297531,
    -51.74989144903));
#6577 = CARTESIAN_POINT('',(-5.01383652297,45.100003747179,
    -56.09986810751));
#6578 = CARTESIAN_POINT('',(-1.203440485168,44.799998986102,
    -57.59248372738));
#6579 = CARTESIAN_POINT('',(2.133494925174,44.499999353624,
    -56.52690658293));
#6580 = CARTESIAN_POINT('',(3.800011321127,44.200006136169,
    -54.13767954354));
#6581 = CARTESIAN_POINT('',(3.799999999994,43.899999999997,-51.75));
#6582 = CARTESIAN_POINT('',(3.800010529094,43.600005849494,
    -49.36231912558));
#6583 = CARTESIAN_POINT('',(2.133509345951,43.299991225241,
    -46.97312977678));
#6584 = CARTESIAN_POINT('',(-1.203497673789,43.000023868525,
    -45.90739733686));
#6585 = CARTESIAN_POINT('',(-5.013767582365,42.699977131571,
    -47.40032577209));
#6586 = CARTESIAN_POINT('',(-7.032479664549,42.400014297548,
    -51.74989144915));
#6587 = CARTESIAN_POINT('',(-5.013836522941,42.100003747197,
    -56.09986810741));
#6588 = CARTESIAN_POINT('',(-1.20344048522,41.799998986068,
    -57.59248372744));
#6589 = CARTESIAN_POINT('',(2.133494925217,41.499999353651,
    -56.52690658291));
#6590 = CARTESIAN_POINT('',(3.800011321104,41.200006136156,
    -54.13767954355));
#6591 = CARTESIAN_POINT('',(3.800000000001,40.9,-51.75));
#6592 = CARTESIAN_POINT('',(3.800009816807,40.600005453781,
    -49.36231916952));
#6593 = CARTESIAN_POINT('',(2.133512399186,40.299992921471,
    -46.97312958845));
#6594 = CARTESIAN_POINT('',(-1.203505559042,40.000019487864,
    -45.90739782323));
#6595 = CARTESIAN_POINT('',(-5.013752651012,39.699985426693,
    -47.4003248511));
#6596 = CARTESIAN_POINT('',(-7.032501838086,39.400001979036,
    -51.74989281687));
#6597 = CARTESIAN_POINT('',(-5.013809914743,39.10001852938,
    -56.0998664661));
#6598 = CARTESIAN_POINT('',(-1.203466614944,38.7999844697,
    -57.59248533927));
#6599 = CARTESIAN_POINT('',(2.133515952342,38.500011035273,
    -56.52690528582));
#6600 = CARTESIAN_POINT('',(3.799997581787,38.199998503274,
    -54.13768039109));
#6601 = CARTESIAN_POINT('',(3.800007122629,37.900003956979,
    -51.74999956062));
#6602 = ADVANCED_FACE('',(#6603,#6628),#6659,.T.);
#6603 = FACE_BOUND('',#6604,.T.);
#6604 = EDGE_LOOP('',(#6605,#6614,#6615,#6616,#6617,#6618,#6619,#6620,
    #6621));
#6605 = ORIENTED_EDGE('',*,*,#6606,.T.);
#6606 = EDGE_CURVE('',#6607,#4328,#6609,.T.);
#6607 = VERTEX_POINT('',#6608);
#6608 = CARTESIAN_POINT('',(9.,43.,-51.75));
#6609 = CIRCLE('',#6610,9.);
#6610 = AXIS2_PLACEMENT_3D('',#6611,#6612,#6613);
#6611 = CARTESIAN_POINT('',(0.,43.,-51.75));
#6612 = DIRECTION('',(0.,-1.,2.22044604925E-16));
#6613 = DIRECTION('',(1.,0.,0.));
#6614 = ORIENTED_EDGE('',*,*,#4327,.T.);
#6615 = ORIENTED_EDGE('',*,*,#4383,.F.);
#6616 = ORIENTED_EDGE('',*,*,#4398,.F.);
#6617 = ORIENTED_EDGE('',*,*,#4294,.T.);
#6618 = ORIENTED_EDGE('',*,*,#4263,.F.);
#6619 = ORIENTED_EDGE('',*,*,#4248,.T.);
#6620 = ORIENTED_EDGE('',*,*,#4192,.T.);
#6621 = ORIENTED_EDGE('',*,*,#6622,.T.);
#6622 = EDGE_CURVE('',#4195,#6607,#6623,.T.);
#6623 = CIRCLE('',#6624,9.);
#6624 = AXIS2_PLACEMENT_3D('',#6625,#6626,#6627);
#6625 = CARTESIAN_POINT('',(0.,43.,-51.75));
#6626 = DIRECTION('',(0.,-1.,2.22044604925E-16));
#6627 = DIRECTION('',(1.,0.,0.));
#6628 = FACE_BOUND('',#6629,.T.);
#6629 = EDGE_LOOP('',(#6630,#6631,#6632,#6641,#6650,#6657,#6658));
#6630 = ORIENTED_EDGE('',*,*,#5010,.T.);
#6631 = ORIENTED_EDGE('',*,*,#5185,.T.);
#6632 = ORIENTED_EDGE('',*,*,#6633,.F.);
#6633 = EDGE_CURVE('',#6634,#5186,#6636,.T.);
#6634 = VERTEX_POINT('',#6635);
#6635 = CARTESIAN_POINT('',(-2.5,43.,-55.2485711369));
#6636 = CIRCLE('',#6637,4.3);
#6637 = AXIS2_PLACEMENT_3D('',#6638,#6639,#6640);
#6638 = CARTESIAN_POINT('',(0.,43.,-51.75));
#6639 = DIRECTION('',(0.,-1.,2.22044604925E-16));
#6640 = DIRECTION('',(1.,0.,0.));
#6641 = ORIENTED_EDGE('',*,*,#6642,.F.);
#6642 = EDGE_CURVE('',#6643,#6634,#6645,.T.);
#6643 = VERTEX_POINT('',#6644);
#6644 = CARTESIAN_POINT('',(-2.5,43.,-48.25142886309));
#6645 = CIRCLE('',#6646,4.3);
#6646 = AXIS2_PLACEMENT_3D('',#6647,#6648,#6649);
#6647 = CARTESIAN_POINT('',(0.,43.,-51.75));
#6648 = DIRECTION('',(0.,-1.,2.22044604925E-16));
#6649 = DIRECTION('',(1.,0.,0.));
#6650 = ORIENTED_EDGE('',*,*,#6651,.F.);
#6651 = EDGE_CURVE('',#6228,#6643,#6652,.T.);
#6652 = CIRCLE('',#6653,4.3);
#6653 = AXIS2_PLACEMENT_3D('',#6654,#6655,#6656);
#6654 = CARTESIAN_POINT('',(0.,43.,-51.75));
#6655 = DIRECTION('',(0.,-1.,2.22044604925E-16));
#6656 = DIRECTION('',(1.,0.,0.));
#6657 = ORIENTED_EDGE('',*,*,#6332,.T.);
#6658 = ORIENTED_EDGE('',*,*,#6363,.T.);
#6659 = PLANE('',#6660);
#6660 = AXIS2_PLACEMENT_3D('',#6661,#6662,#6663);
#6661 = CARTESIAN_POINT('',(0.118871158625,43.,-51.75));
#6662 = DIRECTION('',(0.,-1.,2.22044604925E-16));
#6663 = DIRECTION('',(1.,0.,0.));
#6664 = ADVANCED_FACE('',(#6665),#6673,.T.);
#6665 = FACE_BOUND('',#6666,.T.);
#6666 = EDGE_LOOP('',(#6667,#6668,#6669,#6670,#6671,#6672));
#6667 = ORIENTED_EDGE('',*,*,#4420,.T.);
#6668 = ORIENTED_EDGE('',*,*,#4337,.T.);
#6669 = ORIENTED_EDGE('',*,*,#6606,.F.);
#6670 = ORIENTED_EDGE('',*,*,#6622,.F.);
#6671 = ORIENTED_EDGE('',*,*,#4218,.F.);
#6672 = ORIENTED_EDGE('',*,*,#4429,.T.);
#6673 = CYLINDRICAL_SURFACE('',#6674,9.);
#6674 = AXIS2_PLACEMENT_3D('',#6675,#6676,#6677);
#6675 = CARTESIAN_POINT('',(0.,55.,-51.75));
#6676 = DIRECTION('',(0.,-1.,2.22044604925E-16));
#6677 = DIRECTION('',(1.,0.,0.));
#6678 = ADVANCED_FACE('',(#6679),#6697,.F.);
#6679 = FACE_BOUND('',#6680,.F.);
#6680 = EDGE_LOOP('',(#6681,#6682,#6683,#6684,#6685,#6686,#6687,#6688,
    #6689,#6690,#6691,#6692,#6693,#6694,#6695,#6696));
#6681 = ORIENTED_EDGE('',*,*,#6642,.F.);
#6682 = ORIENTED_EDGE('',*,*,#6651,.F.);
#6683 = ORIENTED_EDGE('',*,*,#6227,.F.);
#6684 = ORIENTED_EDGE('',*,*,#6130,.F.);
#6685 = ORIENTED_EDGE('',*,*,#6032,.F.);
#6686 = ORIENTED_EDGE('',*,*,#5920,.F.);
#6687 = ORIENTED_EDGE('',*,*,#5817,.F.);
#6688 = ORIENTED_EDGE('',*,*,#4732,.T.);
#6689 = ORIENTED_EDGE('',*,*,#4741,.T.);
#6690 = ORIENTED_EDGE('',*,*,#4750,.T.);
#6691 = ORIENTED_EDGE('',*,*,#4796,.T.);
#6692 = ORIENTED_EDGE('',*,*,#5545,.T.);
#6693 = ORIENTED_EDGE('',*,*,#5440,.T.);
#6694 = ORIENTED_EDGE('',*,*,#5328,.T.);
#6695 = ORIENTED_EDGE('',*,*,#5216,.T.);
#6696 = ORIENTED_EDGE('',*,*,#6633,.F.);
#6697 = CYLINDRICAL_SURFACE('',#6698,4.3);
#6698 = AXIS2_PLACEMENT_3D('',#6699,#6700,#6701);
#6699 = CARTESIAN_POINT('',(0.,58.,-51.75));
#6700 = DIRECTION('',(0.,-1.,2.22044604925E-16));
#6701 = DIRECTION('',(1.,0.,0.));
#6702 = ( GEOMETRIC_REPRESENTATION_CONTEXT(3) 
GLOBAL_UNCERTAINTY_ASSIGNED_CONTEXT((#6706)) 
GLOBAL_UNIT_ASSIGNED_CONTEXT((#6703,#6704,#6705)) REPRESENTATION_CONTEXT
('Context #1','3D Context with UNIT and UNCERTAINTY') );
#6703 = ( LENGTH_UNIT() NAMED_UNIT(*) SI_UNIT(.MILLI.,.METRE.) );
#6704 = ( NAMED_UNIT(*) PLANE_ANGLE_UNIT() SI_UNIT($,.RADIAN.) );
#6705 = ( NAMED_UNIT(*) SI_UNIT($,.STERADIAN.) SOLID_ANGLE_UNIT() );
#6706 = UNCERTAINTY_MEASURE_WITH_UNIT(LENGTH_MEASURE(1.E-05),#6703,
  'distance_accuracy_value','confusion accuracy');
#6707 = PRODUCT_RELATED_PRODUCT_CATEGORY('part',$,(#7));
ENDSEC;
END-ISO-10303-21;
