ISO-10303-21;
HEADER;
FILE_DESCRIPTION(('Open CASCADE Model'),'2;1');
FILE_NAME('Open CASCADE Shape Model','2026-06-20T16:54:46',('Author'),(
    'Open CASCADE'),'Open CASCADE STEP processor 7.8','Open CASCADE 7.8'
  ,'Unknown');
FILE_SCHEMA(('AUTOMOTIVE_DESIGN { 1 0 10303 214 1 1 1 1 }'));
ENDSEC;
DATA;
#1 = APPLICATION_PROTOCOL_DEFINITION('international standard',
  'automotive_design',2000,#2);
#2 = APPLICATION_CONTEXT(
  'core data for automotive mechanical design processes');
#3 = SHAPE_DEFINITION_REPRESENTATION(#4,#10);
#4 = PRODUCT_DEFINITION_SHAPE('','',#5);
#5 = PRODUCT_DEFINITION('design','',#6,#9);
#6 = PRODUCT_DEFINITION_FORMATION('','',#7);
#7 = PRODUCT('Open CASCADE STEP translator 7.8 6',
  'Open CASCADE STEP translator 7.8 6','',(#8));
#8 = PRODUCT_CONTEXT('',#2,'mechanical');
#9 = PRODUCT_DEFINITION_CONTEXT('part definition',#2,'design');
#10 = ADVANCED_BREP_SHAPE_REPRESENTATION('',(#11,#15),#2030);
#11 = AXIS2_PLACEMENT_3D('',#12,#13,#14);
#12 = CARTESIAN_POINT('',(0.,0.,0.));
#13 = DIRECTION('',(0.,0.,1.));
#14 = DIRECTION('',(1.,0.,-0.));
#15 = MANIFOLD_SOLID_BREP('',#16);
#16 = CLOSED_SHELL('',(#17,#105,#264,#299,#386,#568,#644,#699,#910,#1082
    ,#1261,#1636,#1761,#1800,#1827,#1854,#1903,#1930,#1959,#1967,#2026)
  );
#17 = ADVANCED_FACE('',(#18),#32,.T.);
#18 = FACE_BOUND('',#19,.F.);
#19 = EDGE_LOOP('',(#20,#50,#77,#78));
#20 = ORIENTED_EDGE('',*,*,#21,.T.);
#21 = EDGE_CURVE('',#22,#24,#26,.T.);
#22 = VERTEX_POINT('',#23);
#23 = CARTESIAN_POINT('',(11.4,0.,34.));
#24 = VERTEX_POINT('',#25);
#25 = CARTESIAN_POINT('',(11.4,0.,38.5));
#26 = SEAM_CURVE('',#27,(#31,#43),.PCURVE_S1.);
#27 = LINE('',#28,#29);
#28 = CARTESIAN_POINT('',(11.4,0.,34.));
#29 = VECTOR('',#30,1.);
#30 = DIRECTION('',(0.,0.,1.));
#31 = PCURVE('',#32,#37);
#32 = CYLINDRICAL_SURFACE('',#33,11.4);
#33 = AXIS2_PLACEMENT_3D('',#34,#35,#36);
#34 = CARTESIAN_POINT('',(0.,0.,34.));
#35 = DIRECTION('',(-0.,-0.,-1.));
#36 = DIRECTION('',(1.,0.,0.));
#37 = DEFINITIONAL_REPRESENTATION('',(#38),#42);
#38 = LINE('',#39,#40);
#39 = CARTESIAN_POINT('',(-0.,0.));
#40 = VECTOR('',#41,1.);
#41 = DIRECTION('',(-0.,-1.));
#42 = ( GEOMETRIC_REPRESENTATION_CONTEXT(2) 
PARAMETRIC_REPRESENTATION_CONTEXT() REPRESENTATION_CONTEXT('2D SPACE',''
  ) );
#43 = PCURVE('',#32,#44);
#44 = DEFINITIONAL_REPRESENTATION('',(#45),#49);
#45 = LINE('',#46,#47);
#46 = CARTESIAN_POINT('',(-6.28318530718,0.));
#47 = VECTOR('',#48,1.);
#48 = DIRECTION('',(-0.,-1.));
#49 = ( GEOMETRIC_REPRESENTATION_CONTEXT(2) 
PARAMETRIC_REPRESENTATION_CONTEXT() REPRESENTATION_CONTEXT('2D SPACE',''
  ) );
#50 = ORIENTED_EDGE('',*,*,#51,.T.);
#51 = EDGE_CURVE('',#24,#24,#52,.T.);
#52 = SURFACE_CURVE('',#53,(#58,#65),.PCURVE_S1.);
#53 = CIRCLE('',#54,11.4);
#54 = AXIS2_PLACEMENT_3D('',#55,#56,#57);
#55 = CARTESIAN_POINT('',(0.,0.,38.5));
#56 = DIRECTION('',(0.,0.,1.));
#57 = DIRECTION('',(1.,0.,-0.));
#58 = PCURVE('',#32,#59);
#59 = DEFINITIONAL_REPRESENTATION('',(#60),#64);
#60 = LINE('',#61,#62);
#61 = CARTESIAN_POINT('',(-0.,-4.5));
#62 = VECTOR('',#63,1.);
#63 = DIRECTION('',(-1.,0.));
#64 = ( GEOMETRIC_REPRESENTATION_CONTEXT(2) 
PARAMETRIC_REPRESENTATION_CONTEXT() REPRESENTATION_CONTEXT('2D SPACE',''
  ) );
#65 = PCURVE('',#66,#71);
#66 = CONICAL_SURFACE('',#67,11.4,0.785398163397);
#67 = AXIS2_PLACEMENT_3D('',#68,#69,#70);
#68 = CARTESIAN_POINT('',(0.,0.,38.5));
#69 = DIRECTION('',(-0.,-0.,-1.));
#70 = DIRECTION('',(1.,0.,0.));
#71 = DEFINITIONAL_REPRESENTATION('',(#72),#76);
#72 = LINE('',#73,#74);
#73 = CARTESIAN_POINT('',(-0.,-0.));
#74 = VECTOR('',#75,1.);
#75 = DIRECTION('',(-1.,-0.));
#76 = ( GEOMETRIC_REPRESENTATION_CONTEXT(2) 
PARAMETRIC_REPRESENTATION_CONTEXT() REPRESENTATION_CONTEXT('2D SPACE',''
  ) );
#77 = ORIENTED_EDGE('',*,*,#21,.F.);
#78 = ORIENTED_EDGE('',*,*,#79,.F.);
#79 = EDGE_CURVE('',#22,#22,#80,.T.);
#80 = SURFACE_CURVE('',#81,(#86,#93),.PCURVE_S1.);
#81 = CIRCLE('',#82,11.4);
#82 = AXIS2_PLACEMENT_3D('',#83,#84,#85);
#83 = CARTESIAN_POINT('',(0.,0.,34.));
#84 = DIRECTION('',(0.,0.,1.));
#85 = DIRECTION('',(1.,0.,0.));
#86 = PCURVE('',#32,#87);
#87 = DEFINITIONAL_REPRESENTATION('',(#88),#92);
#88 = LINE('',#89,#90);
#89 = CARTESIAN_POINT('',(-0.,0.));
#90 = VECTOR('',#91,1.);
#91 = DIRECTION('',(-1.,0.));
#92 = ( GEOMETRIC_REPRESENTATION_CONTEXT(2) 
PARAMETRIC_REPRESENTATION_CONTEXT() REPRESENTATION_CONTEXT('2D SPACE',''
  ) );
#93 = PCURVE('',#94,#99);
#94 = PLANE('',#95);
#95 = AXIS2_PLACEMENT_3D('',#96,#97,#98);
#96 = CARTESIAN_POINT('',(-7.197053329155E-16,9.74044882155E-16,34.));
#97 = DIRECTION('',(0.,0.,1.));
#98 = DIRECTION('',(1.,0.,-0.));
#99 = DEFINITIONAL_REPRESENTATION('',(#100),#104);
#100 = CIRCLE('',#101,11.4);
#101 = AXIS2_PLACEMENT_2D('',#102,#103);
#102 = CARTESIAN_POINT('',(7.197053329155E-16,-9.74044882155E-16));
#103 = DIRECTION('',(1.,0.));
#104 = ( GEOMETRIC_REPRESENTATION_CONTEXT(2) 
PARAMETRIC_REPRESENTATION_CONTEXT() REPRESENTATION_CONTEXT('2D SPACE',''
  ) );
#105 = ADVANCED_FACE('',(#106),#66,.T.);
#106 = FACE_BOUND('',#107,.T.);
#107 = EDGE_LOOP('',(#108,#109,#130,#159,#188,#217,#241,#263));
#108 = ORIENTED_EDGE('',*,*,#51,.T.);
#109 = ORIENTED_EDGE('',*,*,#110,.T.);
#110 = EDGE_CURVE('',#24,#111,#113,.T.);
#111 = VERTEX_POINT('',#112);
#112 = CARTESIAN_POINT('',(9.9,0.,40.));
#113 = SEAM_CURVE('',#114,(#118,#124),.PCURVE_S1.);
#114 = LINE('',#115,#116);
#115 = CARTESIAN_POINT('',(11.4,0.,38.5));
#116 = VECTOR('',#117,1.);
#117 = DIRECTION('',(-0.707106781187,0.,0.707106781187));
#118 = PCURVE('',#66,#119);
#119 = DEFINITIONAL_REPRESENTATION('',(#120),#123);
#120 = B_SPLINE_CURVE_WITH_KNOTS('',1,(#121,#122),.UNSPECIFIED.,.F.,.F.,
  (2,2),(0.,2.12132034356),.PIECEWISE_BEZIER_KNOTS.);
#121 = CARTESIAN_POINT('',(0.,0.));
#122 = CARTESIAN_POINT('',(0.,-1.5));
#123 = ( GEOMETRIC_REPRESENTATION_CONTEXT(2) 
PARAMETRIC_REPRESENTATION_CONTEXT() REPRESENTATION_CONTEXT('2D SPACE',''
  ) );
#124 = PCURVE('',#66,#125);
#125 = DEFINITIONAL_REPRESENTATION('',(#126),#129);
#126 = B_SPLINE_CURVE_WITH_KNOTS('',1,(#127,#128),.UNSPECIFIED.,.F.,.F.,
  (2,2),(0.,2.12132034356),.PIECEWISE_BEZIER_KNOTS.);
#127 = CARTESIAN_POINT('',(-6.28318530718,0.));
#128 = CARTESIAN_POINT('',(-6.28318530718,-1.5));
#129 = ( GEOMETRIC_REPRESENTATION_CONTEXT(2) 
PARAMETRIC_REPRESENTATION_CONTEXT() REPRESENTATION_CONTEXT('2D SPACE',''
  ) );
#130 = ORIENTED_EDGE('',*,*,#131,.F.);
#131 = EDGE_CURVE('',#132,#111,#134,.T.);
#132 = VERTEX_POINT('',#133);
#133 = CARTESIAN_POINT('',(9.695875411741,-2.,40.));
#134 = SURFACE_CURVE('',#135,(#140,#147),.PCURVE_S1.);
#135 = CIRCLE('',#136,9.9);
#136 = AXIS2_PLACEMENT_3D('',#137,#138,#139);
#137 = CARTESIAN_POINT('',(0.,0.,40.));
#138 = DIRECTION('',(0.,0.,1.));
#139 = DIRECTION('',(1.,0.,-0.));
#140 = PCURVE('',#66,#141);
#141 = DEFINITIONAL_REPRESENTATION('',(#142),#146);
#142 = LINE('',#143,#144);
#143 = CARTESIAN_POINT('',(-0.,-1.5));
#144 = VECTOR('',#145,1.);
#145 = DIRECTION('',(-1.,-0.));
#146 = ( GEOMETRIC_REPRESENTATION_CONTEXT(2) 
PARAMETRIC_REPRESENTATION_CONTEXT() REPRESENTATION_CONTEXT('2D SPACE',''
  ) );
#147 = PCURVE('',#148,#153);
#148 = PLANE('',#149);
#149 = AXIS2_PLACEMENT_3D('',#150,#151,#152);
#150 = CARTESIAN_POINT('',(0.,0.,40.));
#151 = DIRECTION('',(0.,0.,1.));
#152 = DIRECTION('',(1.,0.,-0.));
#153 = DEFINITIONAL_REPRESENTATION('',(#154),#158);
#154 = CIRCLE('',#155,9.9);
#155 = AXIS2_PLACEMENT_2D('',#156,#157);
#156 = CARTESIAN_POINT('',(0.,0.));
#157 = DIRECTION('',(1.,0.));
#158 = ( GEOMETRIC_REPRESENTATION_CONTEXT(2) 
PARAMETRIC_REPRESENTATION_CONTEXT() REPRESENTATION_CONTEXT('2D SPACE',''
  ) );
#159 = ORIENTED_EDGE('',*,*,#160,.F.);
#160 = EDGE_CURVE('',#161,#132,#163,.T.);
#161 = VERTEX_POINT('',#162);
#162 = CARTESIAN_POINT('',(-9.695875411741,-2.,40.));
#163 = SURFACE_CURVE('',#164,(#169,#176),.PCURVE_S1.);
#164 = CIRCLE('',#165,9.9);
#165 = AXIS2_PLACEMENT_3D('',#166,#167,#168);
#166 = CARTESIAN_POINT('',(0.,0.,40.));
#167 = DIRECTION('',(0.,0.,1.));
#168 = DIRECTION('',(1.,0.,-0.));
#169 = PCURVE('',#66,#170);
#170 = DEFINITIONAL_REPRESENTATION('',(#171),#175);
#171 = LINE('',#172,#173);
#172 = CARTESIAN_POINT('',(-0.,-1.5));
#173 = VECTOR('',#174,1.);
#174 = DIRECTION('',(-1.,-0.));
#175 = ( GEOMETRIC_REPRESENTATION_CONTEXT(2) 
PARAMETRIC_REPRESENTATION_CONTEXT() REPRESENTATION_CONTEXT('2D SPACE',''
  ) );
#176 = PCURVE('',#177,#182);
#177 = PLANE('',#178);
#178 = AXIS2_PLACEMENT_3D('',#179,#180,#181);
#179 = CARTESIAN_POINT('',(-7.197053329155E-16,9.74044882155E-16,40.));
#180 = DIRECTION('',(0.,0.,1.));
#181 = DIRECTION('',(1.,0.,-0.));
#182 = DEFINITIONAL_REPRESENTATION('',(#183),#187);
#183 = CIRCLE('',#184,9.9);
#184 = AXIS2_PLACEMENT_2D('',#185,#186);
#185 = CARTESIAN_POINT('',(7.197053329155E-16,-9.74044882155E-16));
#186 = DIRECTION('',(1.,0.));
#187 = ( GEOMETRIC_REPRESENTATION_CONTEXT(2) 
PARAMETRIC_REPRESENTATION_CONTEXT() REPRESENTATION_CONTEXT('2D SPACE',''
  ) );
#188 = ORIENTED_EDGE('',*,*,#189,.F.);
#189 = EDGE_CURVE('',#190,#161,#192,.T.);
#190 = VERTEX_POINT('',#191);
#191 = CARTESIAN_POINT('',(-9.695875411741,2.,40.));
#192 = SURFACE_CURVE('',#193,(#198,#205),.PCURVE_S1.);
#193 = CIRCLE('',#194,9.9);
#194 = AXIS2_PLACEMENT_3D('',#195,#196,#197);
#195 = CARTESIAN_POINT('',(0.,0.,40.));
#196 = DIRECTION('',(0.,0.,1.));
#197 = DIRECTION('',(1.,0.,-0.));
#198 = PCURVE('',#66,#199);
#199 = DEFINITIONAL_REPRESENTATION('',(#200),#204);
#200 = LINE('',#201,#202);
#201 = CARTESIAN_POINT('',(-0.,-1.5));
#202 = VECTOR('',#203,1.);
#203 = DIRECTION('',(-1.,-0.));
#204 = ( GEOMETRIC_REPRESENTATION_CONTEXT(2) 
PARAMETRIC_REPRESENTATION_CONTEXT() REPRESENTATION_CONTEXT('2D SPACE',''
  ) );
#205 = PCURVE('',#206,#211);
#206 = PLANE('',#207);
#207 = AXIS2_PLACEMENT_3D('',#208,#209,#210);
#208 = CARTESIAN_POINT('',(0.,0.,40.));
#209 = DIRECTION('',(0.,0.,1.));
#210 = DIRECTION('',(1.,0.,-0.));
#211 = DEFINITIONAL_REPRESENTATION('',(#212),#216);
#212 = CIRCLE('',#213,9.9);
#213 = AXIS2_PLACEMENT_2D('',#214,#215);
#214 = CARTESIAN_POINT('',(0.,0.));
#215 = DIRECTION('',(1.,0.));
#216 = ( GEOMETRIC_REPRESENTATION_CONTEXT(2) 
PARAMETRIC_REPRESENTATION_CONTEXT() REPRESENTATION_CONTEXT('2D SPACE',''
  ) );
#217 = ORIENTED_EDGE('',*,*,#218,.F.);
#218 = EDGE_CURVE('',#219,#190,#221,.T.);
#219 = VERTEX_POINT('',#220);
#220 = CARTESIAN_POINT('',(9.695875411741,2.,40.));
#221 = SURFACE_CURVE('',#222,(#227,#234),.PCURVE_S1.);
#222 = CIRCLE('',#223,9.9);
#223 = AXIS2_PLACEMENT_3D('',#224,#225,#226);
#224 = CARTESIAN_POINT('',(0.,0.,40.));
#225 = DIRECTION('',(0.,0.,1.));
#226 = DIRECTION('',(1.,0.,-0.));
#227 = PCURVE('',#66,#228);
#228 = DEFINITIONAL_REPRESENTATION('',(#229),#233);
#229 = LINE('',#230,#231);
#230 = CARTESIAN_POINT('',(-0.,-1.5));
#231 = VECTOR('',#232,1.);
#232 = DIRECTION('',(-1.,-0.));
#233 = ( GEOMETRIC_REPRESENTATION_CONTEXT(2) 
PARAMETRIC_REPRESENTATION_CONTEXT() REPRESENTATION_CONTEXT('2D SPACE',''
  ) );
#234 = PCURVE('',#177,#235);
#235 = DEFINITIONAL_REPRESENTATION('',(#236),#240);
#236 = CIRCLE('',#237,9.9);
#237 = AXIS2_PLACEMENT_2D('',#238,#239);
#238 = CARTESIAN_POINT('',(7.197053329155E-16,-9.74044882155E-16));
#239 = DIRECTION('',(1.,0.));
#240 = ( GEOMETRIC_REPRESENTATION_CONTEXT(2) 
PARAMETRIC_REPRESENTATION_CONTEXT() REPRESENTATION_CONTEXT('2D SPACE',''
  ) );
#241 = ORIENTED_EDGE('',*,*,#242,.F.);
#242 = EDGE_CURVE('',#111,#219,#243,.T.);
#243 = SURFACE_CURVE('',#244,(#249,#256),.PCURVE_S1.);
#244 = CIRCLE('',#245,9.9);
#245 = AXIS2_PLACEMENT_3D('',#246,#247,#248);
#246 = CARTESIAN_POINT('',(0.,0.,40.));
#247 = DIRECTION('',(0.,0.,1.));
#248 = DIRECTION('',(1.,0.,-0.));
#249 = PCURVE('',#66,#250);
#250 = DEFINITIONAL_REPRESENTATION('',(#251),#255);
#251 = LINE('',#252,#253);
#252 = CARTESIAN_POINT('',(-0.,-1.5));
#253 = VECTOR('',#254,1.);
#254 = DIRECTION('',(-1.,-0.));
#255 = ( GEOMETRIC_REPRESENTATION_CONTEXT(2) 
PARAMETRIC_REPRESENTATION_CONTEXT() REPRESENTATION_CONTEXT('2D SPACE',''
  ) );
#256 = PCURVE('',#148,#257);
#257 = DEFINITIONAL_REPRESENTATION('',(#258),#262);
#258 = CIRCLE('',#259,9.9);
#259 = AXIS2_PLACEMENT_2D('',#260,#261);
#260 = CARTESIAN_POINT('',(0.,0.));
#261 = DIRECTION('',(1.,0.));
#262 = ( GEOMETRIC_REPRESENTATION_CONTEXT(2) 
PARAMETRIC_REPRESENTATION_CONTEXT() REPRESENTATION_CONTEXT('2D SPACE',''
  ) );
#263 = ORIENTED_EDGE('',*,*,#110,.F.);
#264 = ADVANCED_FACE('',(#265,#268),#94,.F.);
#265 = FACE_BOUND('',#266,.F.);
#266 = EDGE_LOOP('',(#267));
#267 = ORIENTED_EDGE('',*,*,#79,.T.);
#268 = FACE_BOUND('',#269,.F.);
#269 = EDGE_LOOP('',(#270));
#270 = ORIENTED_EDGE('',*,*,#271,.F.);
#271 = EDGE_CURVE('',#272,#272,#274,.T.);
#272 = VERTEX_POINT('',#273);
#273 = CARTESIAN_POINT('',(5.85,0.,34.));
#274 = SURFACE_CURVE('',#275,(#280,#287),.PCURVE_S1.);
#275 = CIRCLE('',#276,5.85);
#276 = AXIS2_PLACEMENT_3D('',#277,#278,#279);
#277 = CARTESIAN_POINT('',(0.,0.,34.));
#278 = DIRECTION('',(0.,0.,1.));
#279 = DIRECTION('',(1.,0.,0.));
#280 = PCURVE('',#94,#281);
#281 = DEFINITIONAL_REPRESENTATION('',(#282),#286);
#282 = CIRCLE('',#283,5.85);
#283 = AXIS2_PLACEMENT_2D('',#284,#285);
#284 = CARTESIAN_POINT('',(7.197053329155E-16,-9.74044882155E-16));
#285 = DIRECTION('',(1.,0.));
#286 = ( GEOMETRIC_REPRESENTATION_CONTEXT(2) 
PARAMETRIC_REPRESENTATION_CONTEXT() REPRESENTATION_CONTEXT('2D SPACE',''
  ) );
#287 = PCURVE('',#288,#293);
#288 = CYLINDRICAL_SURFACE('',#289,5.85);
#289 = AXIS2_PLACEMENT_3D('',#290,#291,#292);
#290 = CARTESIAN_POINT('',(0.,0.,0.));
#291 = DIRECTION('',(-0.,-0.,-1.));
#292 = DIRECTION('',(1.,0.,0.));
#293 = DEFINITIONAL_REPRESENTATION('',(#294),#298);
#294 = LINE('',#295,#296);
#295 = CARTESIAN_POINT('',(-0.,-34.));
#296 = VECTOR('',#297,1.);
#297 = DIRECTION('',(-1.,0.));
#298 = ( GEOMETRIC_REPRESENTATION_CONTEXT(2) 
PARAMETRIC_REPRESENTATION_CONTEXT() REPRESENTATION_CONTEXT('2D SPACE',''
  ) );
#299 = ADVANCED_FACE('',(#300),#148,.F.);
#300 = FACE_BOUND('',#301,.F.);
#301 = EDGE_LOOP('',(#302,#303,#331,#359,#385));
#302 = ORIENTED_EDGE('',*,*,#131,.F.);
#303 = ORIENTED_EDGE('',*,*,#304,.T.);
#304 = EDGE_CURVE('',#132,#305,#307,.T.);
#305 = VERTEX_POINT('',#306);
#306 = CARTESIAN_POINT('',(11.,-2.,40.));
#307 = SURFACE_CURVE('',#308,(#312,#319),.PCURVE_S1.);
#308 = LINE('',#309,#310);
#309 = CARTESIAN_POINT('',(-11.,-2.,40.));
#310 = VECTOR('',#311,1.);
#311 = DIRECTION('',(1.,0.,0.));
#312 = PCURVE('',#148,#313);
#313 = DEFINITIONAL_REPRESENTATION('',(#314),#318);
#314 = LINE('',#315,#316);
#315 = CARTESIAN_POINT('',(-11.,-2.));
#316 = VECTOR('',#317,1.);
#317 = DIRECTION('',(1.,0.));
#318 = ( GEOMETRIC_REPRESENTATION_CONTEXT(2) 
PARAMETRIC_REPRESENTATION_CONTEXT() REPRESENTATION_CONTEXT('2D SPACE',''
  ) );
#319 = PCURVE('',#320,#325);
#320 = CYLINDRICAL_SURFACE('',#321,4.);
#321 = AXIS2_PLACEMENT_3D('',#322,#323,#324);
#322 = CARTESIAN_POINT('',(-11.,-2.,44.));
#323 = DIRECTION('',(1.,0.,0.));
#324 = DIRECTION('',(0.,-1.,-0.));
#325 = DEFINITIONAL_REPRESENTATION('',(#326),#330);
#326 = LINE('',#327,#328);
#327 = CARTESIAN_POINT('',(1.570796326795,0.));
#328 = VECTOR('',#329,1.);
#329 = DIRECTION('',(0.,1.));
#330 = ( GEOMETRIC_REPRESENTATION_CONTEXT(2) 
PARAMETRIC_REPRESENTATION_CONTEXT() REPRESENTATION_CONTEXT('2D SPACE',''
  ) );
#331 = ORIENTED_EDGE('',*,*,#332,.T.);
#332 = EDGE_CURVE('',#305,#333,#335,.T.);
#333 = VERTEX_POINT('',#334);
#334 = CARTESIAN_POINT('',(11.,2.,40.));
#335 = SURFACE_CURVE('',#336,(#340,#347),.PCURVE_S1.);
#336 = LINE('',#337,#338);
#337 = CARTESIAN_POINT('',(11.,-6.,40.));
#338 = VECTOR('',#339,1.);
#339 = DIRECTION('',(0.,1.,0.));
#340 = PCURVE('',#148,#341);
#341 = DEFINITIONAL_REPRESENTATION('',(#342),#346);
#342 = LINE('',#343,#344);
#343 = CARTESIAN_POINT('',(11.,-6.));
#344 = VECTOR('',#345,1.);
#345 = DIRECTION('',(0.,1.));
#346 = ( GEOMETRIC_REPRESENTATION_CONTEXT(2) 
PARAMETRIC_REPRESENTATION_CONTEXT() REPRESENTATION_CONTEXT('2D SPACE',''
  ) );
#347 = PCURVE('',#348,#353);
#348 = PLANE('',#349);
#349 = AXIS2_PLACEMENT_3D('',#350,#351,#352);
#350 = CARTESIAN_POINT('',(11.,-6.,40.));
#351 = DIRECTION('',(-1.,0.,0.));
#352 = DIRECTION('',(0.,1.,0.));
#353 = DEFINITIONAL_REPRESENTATION('',(#354),#358);
#354 = LINE('',#355,#356);
#355 = CARTESIAN_POINT('',(0.,0.));
#356 = VECTOR('',#357,1.);
#357 = DIRECTION('',(1.,0.));
#358 = ( GEOMETRIC_REPRESENTATION_CONTEXT(2) 
PARAMETRIC_REPRESENTATION_CONTEXT() REPRESENTATION_CONTEXT('2D SPACE',''
  ) );
#359 = ORIENTED_EDGE('',*,*,#360,.T.);
#360 = EDGE_CURVE('',#333,#219,#361,.T.);
#361 = SURFACE_CURVE('',#362,(#366,#373),.PCURVE_S1.);
#362 = LINE('',#363,#364);
#363 = CARTESIAN_POINT('',(11.,2.,40.));
#364 = VECTOR('',#365,1.);
#365 = DIRECTION('',(-1.,0.,0.));
#366 = PCURVE('',#148,#367);
#367 = DEFINITIONAL_REPRESENTATION('',(#368),#372);
#368 = LINE('',#369,#370);
#369 = CARTESIAN_POINT('',(11.,2.));
#370 = VECTOR('',#371,1.);
#371 = DIRECTION('',(-1.,0.));
#372 = ( GEOMETRIC_REPRESENTATION_CONTEXT(2) 
PARAMETRIC_REPRESENTATION_CONTEXT() REPRESENTATION_CONTEXT('2D SPACE',''
  ) );
#373 = PCURVE('',#374,#379);
#374 = CYLINDRICAL_SURFACE('',#375,4.);
#375 = AXIS2_PLACEMENT_3D('',#376,#377,#378);
#376 = CARTESIAN_POINT('',(11.,2.,44.));
#377 = DIRECTION('',(-1.,0.,0.));
#378 = DIRECTION('',(0.,1.,-0.));
#379 = DEFINITIONAL_REPRESENTATION('',(#380),#384);
#380 = LINE('',#381,#382);
#381 = CARTESIAN_POINT('',(1.570796326795,0.));
#382 = VECTOR('',#383,1.);
#383 = DIRECTION('',(0.,1.));
#384 = ( GEOMETRIC_REPRESENTATION_CONTEXT(2) 
PARAMETRIC_REPRESENTATION_CONTEXT() REPRESENTATION_CONTEXT('2D SPACE',''
  ) );
#385 = ORIENTED_EDGE('',*,*,#242,.F.);
#386 = ADVANCED_FACE('',(#387),#177,.T.);
#387 = FACE_BOUND('',#388,.T.);
#388 = EDGE_LOOP('',(#389,#412,#413,#436,#469,#497,#518,#519,#542));
#389 = ORIENTED_EDGE('',*,*,#390,.F.);
#390 = EDGE_CURVE('',#219,#391,#393,.T.);
#391 = VERTEX_POINT('',#392);
#392 = CARTESIAN_POINT('',(2.497999199359,2.,40.));
#393 = SURFACE_CURVE('',#394,(#398,#405),.PCURVE_S1.);
#394 = LINE('',#395,#396);
#395 = CARTESIAN_POINT('',(11.,2.,40.));
#396 = VECTOR('',#397,1.);
#397 = DIRECTION('',(-1.,0.,0.));
#398 = PCURVE('',#177,#399);
#399 = DEFINITIONAL_REPRESENTATION('',(#400),#404);
#400 = LINE('',#401,#402);
#401 = CARTESIAN_POINT('',(11.,2.));
#402 = VECTOR('',#403,1.);
#403 = DIRECTION('',(-1.,0.));
#404 = ( GEOMETRIC_REPRESENTATION_CONTEXT(2) 
PARAMETRIC_REPRESENTATION_CONTEXT() REPRESENTATION_CONTEXT('2D SPACE',''
  ) );
#405 = PCURVE('',#374,#406);
#406 = DEFINITIONAL_REPRESENTATION('',(#407),#411);
#407 = LINE('',#408,#409);
#408 = CARTESIAN_POINT('',(1.570796326795,0.));
#409 = VECTOR('',#410,1.);
#410 = DIRECTION('',(0.,1.));
#411 = ( GEOMETRIC_REPRESENTATION_CONTEXT(2) 
PARAMETRIC_REPRESENTATION_CONTEXT() REPRESENTATION_CONTEXT('2D SPACE',''
  ) );
#412 = ORIENTED_EDGE('',*,*,#218,.T.);
#413 = ORIENTED_EDGE('',*,*,#414,.F.);
#414 = EDGE_CURVE('',#415,#190,#417,.T.);
#415 = VERTEX_POINT('',#416);
#416 = CARTESIAN_POINT('',(-2.497999199359,2.,40.));
#417 = SURFACE_CURVE('',#418,(#422,#429),.PCURVE_S1.);
#418 = LINE('',#419,#420);
#419 = CARTESIAN_POINT('',(11.,2.,40.));
#420 = VECTOR('',#421,1.);
#421 = DIRECTION('',(-1.,0.,0.));
#422 = PCURVE('',#177,#423);
#423 = DEFINITIONAL_REPRESENTATION('',(#424),#428);
#424 = LINE('',#425,#426);
#425 = CARTESIAN_POINT('',(11.,2.));
#426 = VECTOR('',#427,1.);
#427 = DIRECTION('',(-1.,0.));
#428 = ( GEOMETRIC_REPRESENTATION_CONTEXT(2) 
PARAMETRIC_REPRESENTATION_CONTEXT() REPRESENTATION_CONTEXT('2D SPACE',''
  ) );
#429 = PCURVE('',#374,#430);
#430 = DEFINITIONAL_REPRESENTATION('',(#431),#435);
#431 = LINE('',#432,#433);
#432 = CARTESIAN_POINT('',(1.570796326795,0.));
#433 = VECTOR('',#434,1.);
#434 = DIRECTION('',(0.,1.));
#435 = ( GEOMETRIC_REPRESENTATION_CONTEXT(2) 
PARAMETRIC_REPRESENTATION_CONTEXT() REPRESENTATION_CONTEXT('2D SPACE',''
  ) );
#436 = ORIENTED_EDGE('',*,*,#437,.F.);
#437 = EDGE_CURVE('',#438,#415,#440,.T.);
#438 = VERTEX_POINT('',#439);
#439 = CARTESIAN_POINT('',(-3.2,-7.837739514543E-16,40.));
#440 = SURFACE_CURVE('',#441,(#446,#457),.PCURVE_S1.);
#441 = CIRCLE('',#442,3.2);
#442 = AXIS2_PLACEMENT_3D('',#443,#444,#445);
#443 = CARTESIAN_POINT('',(0.,0.,40.));
#444 = DIRECTION('',(0.,0.,-1.));
#445 = DIRECTION('',(-1.,0.,0.));
#446 = PCURVE('',#177,#447);
#447 = DEFINITIONAL_REPRESENTATION('',(#448),#456);
#448 = ( BOUNDED_CURVE() B_SPLINE_CURVE(2,(#449,#450,#451,#452,#453,#454
,#455),.UNSPECIFIED.,.T.,.F.) B_SPLINE_CURVE_WITH_KNOTS((1,2,2,2,2,1),(
    -2.094395102393,0.,2.094395102393,4.188790204786,6.28318530718,
8.377580409573),.UNSPECIFIED.) CURVE() GEOMETRIC_REPRESENTATION_ITEM() 
RATIONAL_B_SPLINE_CURVE((1.,0.5,1.,0.5,1.,0.5,1.)) REPRESENTATION_ITEM(
  '') );
#449 = CARTESIAN_POINT('',(-3.2,-9.74044882155E-16));
#450 = CARTESIAN_POINT('',(-3.2,5.54256258422));
#451 = CARTESIAN_POINT('',(1.6,2.77128129211));
#452 = CARTESIAN_POINT('',(6.4,-1.902709307007E-16));
#453 = CARTESIAN_POINT('',(1.6,-2.77128129211));
#454 = CARTESIAN_POINT('',(-3.2,-5.54256258422));
#455 = CARTESIAN_POINT('',(-3.2,-9.74044882155E-16));
#456 = ( GEOMETRIC_REPRESENTATION_CONTEXT(2) 
PARAMETRIC_REPRESENTATION_CONTEXT() REPRESENTATION_CONTEXT('2D SPACE',''
  ) );
#457 = PCURVE('',#458,#463);
#458 = CYLINDRICAL_SURFACE('',#459,3.2);
#459 = AXIS2_PLACEMENT_3D('',#460,#461,#462);
#460 = CARTESIAN_POINT('',(0.,0.,80.));
#461 = DIRECTION('',(0.,0.,-1.));
#462 = DIRECTION('',(-1.,0.,0.));
#463 = DEFINITIONAL_REPRESENTATION('',(#464),#468);
#464 = LINE('',#465,#466);
#465 = CARTESIAN_POINT('',(0.,40.));
#466 = VECTOR('',#467,1.);
#467 = DIRECTION('',(1.,0.));
#468 = ( GEOMETRIC_REPRESENTATION_CONTEXT(2) 
PARAMETRIC_REPRESENTATION_CONTEXT() REPRESENTATION_CONTEXT('2D SPACE',''
  ) );
#469 = ORIENTED_EDGE('',*,*,#470,.F.);
#470 = EDGE_CURVE('',#471,#438,#473,.T.);
#471 = VERTEX_POINT('',#472);
#472 = CARTESIAN_POINT('',(-2.497999199359,-2.,40.));
#473 = SURFACE_CURVE('',#474,(#479,#490),.PCURVE_S1.);
#474 = CIRCLE('',#475,3.2);
#475 = AXIS2_PLACEMENT_3D('',#476,#477,#478);
#476 = CARTESIAN_POINT('',(0.,0.,40.));
#477 = DIRECTION('',(0.,0.,-1.));
#478 = DIRECTION('',(-1.,0.,0.));
#479 = PCURVE('',#177,#480);
#480 = DEFINITIONAL_REPRESENTATION('',(#481),#489);
#481 = ( BOUNDED_CURVE() B_SPLINE_CURVE(2,(#482,#483,#484,#485,#486,#487
,#488),.UNSPECIFIED.,.T.,.F.) B_SPLINE_CURVE_WITH_KNOTS((1,2,2,2,2,1),(
    -2.094395102393,0.,2.094395102393,4.188790204786,6.28318530718,
8.377580409573),.UNSPECIFIED.) CURVE() GEOMETRIC_REPRESENTATION_ITEM() 
RATIONAL_B_SPLINE_CURVE((1.,0.5,1.,0.5,1.,0.5,1.)) REPRESENTATION_ITEM(
  '') );
#482 = CARTESIAN_POINT('',(-3.2,-9.74044882155E-16));
#483 = CARTESIAN_POINT('',(-3.2,5.54256258422));
#484 = CARTESIAN_POINT('',(1.6,2.77128129211));
#485 = CARTESIAN_POINT('',(6.4,-1.902709307007E-16));
#486 = CARTESIAN_POINT('',(1.6,-2.77128129211));
#487 = CARTESIAN_POINT('',(-3.2,-5.54256258422));
#488 = CARTESIAN_POINT('',(-3.2,-9.74044882155E-16));
#489 = ( GEOMETRIC_REPRESENTATION_CONTEXT(2) 
PARAMETRIC_REPRESENTATION_CONTEXT() REPRESENTATION_CONTEXT('2D SPACE',''
  ) );
#490 = PCURVE('',#458,#491);
#491 = DEFINITIONAL_REPRESENTATION('',(#492),#496);
#492 = LINE('',#493,#494);
#493 = CARTESIAN_POINT('',(0.,40.));
#494 = VECTOR('',#495,1.);
#495 = DIRECTION('',(1.,0.));
#496 = ( GEOMETRIC_REPRESENTATION_CONTEXT(2) 
PARAMETRIC_REPRESENTATION_CONTEXT() REPRESENTATION_CONTEXT('2D SPACE',''
  ) );
#497 = ORIENTED_EDGE('',*,*,#498,.F.);
#498 = EDGE_CURVE('',#161,#471,#499,.T.);
#499 = SURFACE_CURVE('',#500,(#504,#511),.PCURVE_S1.);
#500 = LINE('',#501,#502);
#501 = CARTESIAN_POINT('',(-11.,-2.,40.));
#502 = VECTOR('',#503,1.);
#503 = DIRECTION('',(1.,0.,0.));
#504 = PCURVE('',#177,#505);
#505 = DEFINITIONAL_REPRESENTATION('',(#506),#510);
#506 = LINE('',#507,#508);
#507 = CARTESIAN_POINT('',(-11.,-2.));
#508 = VECTOR('',#509,1.);
#509 = DIRECTION('',(1.,0.));
#510 = ( GEOMETRIC_REPRESENTATION_CONTEXT(2) 
PARAMETRIC_REPRESENTATION_CONTEXT() REPRESENTATION_CONTEXT('2D SPACE',''
  ) );
#511 = PCURVE('',#320,#512);
#512 = DEFINITIONAL_REPRESENTATION('',(#513),#517);
#513 = LINE('',#514,#515);
#514 = CARTESIAN_POINT('',(1.570796326795,0.));
#515 = VECTOR('',#516,1.);
#516 = DIRECTION('',(0.,1.));
#517 = ( GEOMETRIC_REPRESENTATION_CONTEXT(2) 
PARAMETRIC_REPRESENTATION_CONTEXT() REPRESENTATION_CONTEXT('2D SPACE',''
  ) );
#518 = ORIENTED_EDGE('',*,*,#160,.T.);
#519 = ORIENTED_EDGE('',*,*,#520,.F.);
#520 = EDGE_CURVE('',#521,#132,#523,.T.);
#521 = VERTEX_POINT('',#522);
#522 = CARTESIAN_POINT('',(2.497999199359,-2.,40.));
#523 = SURFACE_CURVE('',#524,(#528,#535),.PCURVE_S1.);
#524 = LINE('',#525,#526);
#525 = CARTESIAN_POINT('',(-11.,-2.,40.));
#526 = VECTOR('',#527,1.);
#527 = DIRECTION('',(1.,0.,0.));
#528 = PCURVE('',#177,#529);
#529 = DEFINITIONAL_REPRESENTATION('',(#530),#534);
#530 = LINE('',#531,#532);
#531 = CARTESIAN_POINT('',(-11.,-2.));
#532 = VECTOR('',#533,1.);
#533 = DIRECTION('',(1.,0.));
#534 = ( GEOMETRIC_REPRESENTATION_CONTEXT(2) 
PARAMETRIC_REPRESENTATION_CONTEXT() REPRESENTATION_CONTEXT('2D SPACE',''
  ) );
#535 = PCURVE('',#320,#536);
#536 = DEFINITIONAL_REPRESENTATION('',(#537),#541);
#537 = LINE('',#538,#539);
#538 = CARTESIAN_POINT('',(1.570796326795,0.));
#539 = VECTOR('',#540,1.);
#540 = DIRECTION('',(0.,1.));
#541 = ( GEOMETRIC_REPRESENTATION_CONTEXT(2) 
PARAMETRIC_REPRESENTATION_CONTEXT() REPRESENTATION_CONTEXT('2D SPACE',''
  ) );
#542 = ORIENTED_EDGE('',*,*,#543,.F.);
#543 = EDGE_CURVE('',#391,#521,#544,.T.);
#544 = SURFACE_CURVE('',#545,(#550,#561),.PCURVE_S1.);
#545 = CIRCLE('',#546,3.2);
#546 = AXIS2_PLACEMENT_3D('',#547,#548,#549);
#547 = CARTESIAN_POINT('',(0.,0.,40.));
#548 = DIRECTION('',(0.,0.,-1.));
#549 = DIRECTION('',(-1.,0.,0.));
#550 = PCURVE('',#177,#551);
#551 = DEFINITIONAL_REPRESENTATION('',(#552),#560);
#552 = ( BOUNDED_CURVE() B_SPLINE_CURVE(2,(#553,#554,#555,#556,#557,#558
,#559),.UNSPECIFIED.,.T.,.F.) B_SPLINE_CURVE_WITH_KNOTS((1,2,2,2,2,1),(
    -2.094395102393,0.,2.094395102393,4.188790204786,6.28318530718,
8.377580409573),.UNSPECIFIED.) CURVE() GEOMETRIC_REPRESENTATION_ITEM() 
RATIONAL_B_SPLINE_CURVE((1.,0.5,1.,0.5,1.,0.5,1.)) REPRESENTATION_ITEM(
  '') );
#553 = CARTESIAN_POINT('',(-3.2,-9.74044882155E-16));
#554 = CARTESIAN_POINT('',(-3.2,5.54256258422));
#555 = CARTESIAN_POINT('',(1.6,2.77128129211));
#556 = CARTESIAN_POINT('',(6.4,-1.902709307007E-16));
#557 = CARTESIAN_POINT('',(1.6,-2.77128129211));
#558 = CARTESIAN_POINT('',(-3.2,-5.54256258422));
#559 = CARTESIAN_POINT('',(-3.2,-9.74044882155E-16));
#560 = ( GEOMETRIC_REPRESENTATION_CONTEXT(2) 
PARAMETRIC_REPRESENTATION_CONTEXT() REPRESENTATION_CONTEXT('2D SPACE',''
  ) );
#561 = PCURVE('',#458,#562);
#562 = DEFINITIONAL_REPRESENTATION('',(#563),#567);
#563 = LINE('',#564,#565);
#564 = CARTESIAN_POINT('',(0.,40.));
#565 = VECTOR('',#566,1.);
#566 = DIRECTION('',(1.,0.));
#567 = ( GEOMETRIC_REPRESENTATION_CONTEXT(2) 
PARAMETRIC_REPRESENTATION_CONTEXT() REPRESENTATION_CONTEXT('2D SPACE',''
  ) );
#568 = ADVANCED_FACE('',(#569),#206,.F.);
#569 = FACE_BOUND('',#570,.F.);
#570 = EDGE_LOOP('',(#571,#601,#622,#623));
#571 = ORIENTED_EDGE('',*,*,#572,.T.);
#572 = EDGE_CURVE('',#573,#575,#577,.T.);
#573 = VERTEX_POINT('',#574);
#574 = CARTESIAN_POINT('',(-11.,2.,40.));
#575 = VERTEX_POINT('',#576);
#576 = CARTESIAN_POINT('',(-11.,-2.,40.));
#577 = SURFACE_CURVE('',#578,(#582,#589),.PCURVE_S1.);
#578 = LINE('',#579,#580);
#579 = CARTESIAN_POINT('',(-11.,6.,40.));
#580 = VECTOR('',#581,1.);
#581 = DIRECTION('',(0.,-1.,0.));
#582 = PCURVE('',#206,#583);
#583 = DEFINITIONAL_REPRESENTATION('',(#584),#588);
#584 = LINE('',#585,#586);
#585 = CARTESIAN_POINT('',(-11.,6.));
#586 = VECTOR('',#587,1.);
#587 = DIRECTION('',(0.,-1.));
#588 = ( GEOMETRIC_REPRESENTATION_CONTEXT(2) 
PARAMETRIC_REPRESENTATION_CONTEXT() REPRESENTATION_CONTEXT('2D SPACE',''
  ) );
#589 = PCURVE('',#590,#595);
#590 = PLANE('',#591);
#591 = AXIS2_PLACEMENT_3D('',#592,#593,#594);
#592 = CARTESIAN_POINT('',(-11.,6.,40.));
#593 = DIRECTION('',(1.,0.,-0.));
#594 = DIRECTION('',(0.,-1.,0.));
#595 = DEFINITIONAL_REPRESENTATION('',(#596),#600);
#596 = LINE('',#597,#598);
#597 = CARTESIAN_POINT('',(0.,0.));
#598 = VECTOR('',#599,1.);
#599 = DIRECTION('',(1.,0.));
#600 = ( GEOMETRIC_REPRESENTATION_CONTEXT(2) 
PARAMETRIC_REPRESENTATION_CONTEXT() REPRESENTATION_CONTEXT('2D SPACE',''
  ) );
#601 = ORIENTED_EDGE('',*,*,#602,.T.);
#602 = EDGE_CURVE('',#575,#161,#603,.T.);
#603 = SURFACE_CURVE('',#604,(#608,#615),.PCURVE_S1.);
#604 = LINE('',#605,#606);
#605 = CARTESIAN_POINT('',(-11.,-2.,40.));
#606 = VECTOR('',#607,1.);
#607 = DIRECTION('',(1.,0.,0.));
#608 = PCURVE('',#206,#609);
#609 = DEFINITIONAL_REPRESENTATION('',(#610),#614);
#610 = LINE('',#611,#612);
#611 = CARTESIAN_POINT('',(-11.,-2.));
#612 = VECTOR('',#613,1.);
#613 = DIRECTION('',(1.,0.));
#614 = ( GEOMETRIC_REPRESENTATION_CONTEXT(2) 
PARAMETRIC_REPRESENTATION_CONTEXT() REPRESENTATION_CONTEXT('2D SPACE',''
  ) );
#615 = PCURVE('',#320,#616);
#616 = DEFINITIONAL_REPRESENTATION('',(#617),#621);
#617 = LINE('',#618,#619);
#618 = CARTESIAN_POINT('',(1.570796326795,0.));
#619 = VECTOR('',#620,1.);
#620 = DIRECTION('',(0.,1.));
#621 = ( GEOMETRIC_REPRESENTATION_CONTEXT(2) 
PARAMETRIC_REPRESENTATION_CONTEXT() REPRESENTATION_CONTEXT('2D SPACE',''
  ) );
#622 = ORIENTED_EDGE('',*,*,#189,.F.);
#623 = ORIENTED_EDGE('',*,*,#624,.T.);
#624 = EDGE_CURVE('',#190,#573,#625,.T.);
#625 = SURFACE_CURVE('',#626,(#630,#637),.PCURVE_S1.);
#626 = LINE('',#627,#628);
#627 = CARTESIAN_POINT('',(11.,2.,40.));
#628 = VECTOR('',#629,1.);
#629 = DIRECTION('',(-1.,0.,0.));
#630 = PCURVE('',#206,#631);
#631 = DEFINITIONAL_REPRESENTATION('',(#632),#636);
#632 = LINE('',#633,#634);
#633 = CARTESIAN_POINT('',(11.,2.));
#634 = VECTOR('',#635,1.);
#635 = DIRECTION('',(-1.,0.));
#636 = ( GEOMETRIC_REPRESENTATION_CONTEXT(2) 
PARAMETRIC_REPRESENTATION_CONTEXT() REPRESENTATION_CONTEXT('2D SPACE',''
  ) );
#637 = PCURVE('',#374,#638);
#638 = DEFINITIONAL_REPRESENTATION('',(#639),#643);
#639 = LINE('',#640,#641);
#640 = CARTESIAN_POINT('',(1.570796326795,0.));
#641 = VECTOR('',#642,1.);
#642 = DIRECTION('',(0.,1.));
#643 = ( GEOMETRIC_REPRESENTATION_CONTEXT(2) 
PARAMETRIC_REPRESENTATION_CONTEXT() REPRESENTATION_CONTEXT('2D SPACE',''
  ) );
#644 = ADVANCED_FACE('',(#645),#288,.T.);
#645 = FACE_BOUND('',#646,.F.);
#646 = EDGE_LOOP('',(#647,#670,#671,#672));
#647 = ORIENTED_EDGE('',*,*,#648,.T.);
#648 = EDGE_CURVE('',#649,#272,#651,.T.);
#649 = VERTEX_POINT('',#650);
#650 = CARTESIAN_POINT('',(5.85,0.,0.));
#651 = SEAM_CURVE('',#652,(#656,#663),.PCURVE_S1.);
#652 = LINE('',#653,#654);
#653 = CARTESIAN_POINT('',(5.85,0.,0.));
#654 = VECTOR('',#655,1.);
#655 = DIRECTION('',(0.,0.,1.));
#656 = PCURVE('',#288,#657);
#657 = DEFINITIONAL_REPRESENTATION('',(#658),#662);
#658 = LINE('',#659,#660);
#659 = CARTESIAN_POINT('',(-0.,0.));
#660 = VECTOR('',#661,1.);
#661 = DIRECTION('',(-0.,-1.));
#662 = ( GEOMETRIC_REPRESENTATION_CONTEXT(2) 
PARAMETRIC_REPRESENTATION_CONTEXT() REPRESENTATION_CONTEXT('2D SPACE',''
  ) );
#663 = PCURVE('',#288,#664);
#664 = DEFINITIONAL_REPRESENTATION('',(#665),#669);
#665 = LINE('',#666,#667);
#666 = CARTESIAN_POINT('',(-6.28318530718,0.));
#667 = VECTOR('',#668,1.);
#668 = DIRECTION('',(-0.,-1.));
#669 = ( GEOMETRIC_REPRESENTATION_CONTEXT(2) 
PARAMETRIC_REPRESENTATION_CONTEXT() REPRESENTATION_CONTEXT('2D SPACE',''
  ) );
#670 = ORIENTED_EDGE('',*,*,#271,.T.);
#671 = ORIENTED_EDGE('',*,*,#648,.F.);
#672 = ORIENTED_EDGE('',*,*,#673,.F.);
#673 = EDGE_CURVE('',#649,#649,#674,.T.);
#674 = SURFACE_CURVE('',#675,(#680,#687),.PCURVE_S1.);
#675 = CIRCLE('',#676,5.85);
#676 = AXIS2_PLACEMENT_3D('',#677,#678,#679);
#677 = CARTESIAN_POINT('',(0.,0.,0.));
#678 = DIRECTION('',(0.,0.,1.));
#679 = DIRECTION('',(1.,0.,0.));
#680 = PCURVE('',#288,#681);
#681 = DEFINITIONAL_REPRESENTATION('',(#682),#686);
#682 = LINE('',#683,#684);
#683 = CARTESIAN_POINT('',(-0.,0.));
#684 = VECTOR('',#685,1.);
#685 = DIRECTION('',(-1.,0.));
#686 = ( GEOMETRIC_REPRESENTATION_CONTEXT(2) 
PARAMETRIC_REPRESENTATION_CONTEXT() REPRESENTATION_CONTEXT('2D SPACE',''
  ) );
#687 = PCURVE('',#688,#693);
#688 = PLANE('',#689);
#689 = AXIS2_PLACEMENT_3D('',#690,#691,#692);
#690 = CARTESIAN_POINT('',(-2.337504500067E-16,-2.388061258337E-16,0.));
#691 = DIRECTION('',(0.,0.,1.));
#692 = DIRECTION('',(1.,0.,-0.));
#693 = DEFINITIONAL_REPRESENTATION('',(#694),#698);
#694 = CIRCLE('',#695,5.85);
#695 = AXIS2_PLACEMENT_2D('',#696,#697);
#696 = CARTESIAN_POINT('',(2.337504500067E-16,2.388061258337E-16));
#697 = DIRECTION('',(1.,0.));
#698 = ( GEOMETRIC_REPRESENTATION_CONTEXT(2) 
PARAMETRIC_REPRESENTATION_CONTEXT() REPRESENTATION_CONTEXT('2D SPACE',''
  ) );
#699 = ADVANCED_FACE('',(#700),#374,.T.);
#700 = FACE_BOUND('',#701,.T.);
#701 = EDGE_LOOP('',(#702,#732,#754,#755,#756,#882,#883,#884));
#702 = ORIENTED_EDGE('',*,*,#703,.F.);
#703 = EDGE_CURVE('',#704,#706,#708,.T.);
#704 = VERTEX_POINT('',#705);
#705 = CARTESIAN_POINT('',(11.,6.,44.));
#706 = VERTEX_POINT('',#707);
#707 = CARTESIAN_POINT('',(-11.,6.,44.));
#708 = SURFACE_CURVE('',#709,(#713,#720),.PCURVE_S1.);
#709 = LINE('',#710,#711);
#710 = CARTESIAN_POINT('',(11.,6.,44.));
#711 = VECTOR('',#712,1.);
#712 = DIRECTION('',(-1.,0.,0.));
#713 = PCURVE('',#374,#714);
#714 = DEFINITIONAL_REPRESENTATION('',(#715),#719);
#715 = LINE('',#716,#717);
#716 = CARTESIAN_POINT('',(0.,0.));
#717 = VECTOR('',#718,1.);
#718 = DIRECTION('',(0.,1.));
#719 = ( GEOMETRIC_REPRESENTATION_CONTEXT(2) 
PARAMETRIC_REPRESENTATION_CONTEXT() REPRESENTATION_CONTEXT('2D SPACE',''
  ) );
#720 = PCURVE('',#721,#726);
#721 = PLANE('',#722);
#722 = AXIS2_PLACEMENT_3D('',#723,#724,#725);
#723 = CARTESIAN_POINT('',(11.,6.,40.));
#724 = DIRECTION('',(0.,-1.,0.));
#725 = DIRECTION('',(-1.,0.,0.));
#726 = DEFINITIONAL_REPRESENTATION('',(#727),#731);
#727 = LINE('',#728,#729);
#728 = CARTESIAN_POINT('',(0.,-4.));
#729 = VECTOR('',#730,1.);
#730 = DIRECTION('',(1.,0.));
#731 = ( GEOMETRIC_REPRESENTATION_CONTEXT(2) 
PARAMETRIC_REPRESENTATION_CONTEXT() REPRESENTATION_CONTEXT('2D SPACE',''
  ) );
#732 = ORIENTED_EDGE('',*,*,#733,.T.);
#733 = EDGE_CURVE('',#704,#333,#734,.T.);
#734 = SURFACE_CURVE('',#735,(#740,#747),.PCURVE_S1.);
#735 = CIRCLE('',#736,4.);
#736 = AXIS2_PLACEMENT_3D('',#737,#738,#739);
#737 = CARTESIAN_POINT('',(11.,2.,44.));
#738 = DIRECTION('',(-1.,0.,0.));
#739 = DIRECTION('',(0.,0.,-1.));
#740 = PCURVE('',#374,#741);
#741 = DEFINITIONAL_REPRESENTATION('',(#742),#746);
#742 = LINE('',#743,#744);
#743 = CARTESIAN_POINT('',(-4.712388980385,0.));
#744 = VECTOR('',#745,1.);
#745 = DIRECTION('',(1.,0.));
#746 = ( GEOMETRIC_REPRESENTATION_CONTEXT(2) 
PARAMETRIC_REPRESENTATION_CONTEXT() REPRESENTATION_CONTEXT('2D SPACE',''
  ) );
#747 = PCURVE('',#348,#748);
#748 = DEFINITIONAL_REPRESENTATION('',(#749),#753);
#749 = CIRCLE('',#750,4.);
#750 = AXIS2_PLACEMENT_2D('',#751,#752);
#751 = CARTESIAN_POINT('',(8.,-4.));
#752 = DIRECTION('',(0.,1.));
#753 = ( GEOMETRIC_REPRESENTATION_CONTEXT(2) 
PARAMETRIC_REPRESENTATION_CONTEXT() REPRESENTATION_CONTEXT('2D SPACE',''
  ) );
#754 = ORIENTED_EDGE('',*,*,#360,.T.);
#755 = ORIENTED_EDGE('',*,*,#390,.T.);
#756 = ORIENTED_EDGE('',*,*,#757,.F.);
#757 = EDGE_CURVE('',#415,#391,#758,.T.);
#758 = SURFACE_CURVE('',#759,(#798,#840),.PCURVE_S1.);
#759 = B_SPLINE_CURVE_WITH_KNOTS('',7,(#760,#761,#762,#763,#764,#765,
    #766,#767,#768,#769,#770,#771,#772,#773,#774,#775,#776,#777,#778,
    #779,#780,#781,#782,#783,#784,#785,#786,#787,#788,#789,#790,#791,
    #792,#793,#794,#795,#796,#797),.UNSPECIFIED.,.F.,.F.,(8,6,6,6,6,6,8)
  ,(0.,8.500760878153E-02,0.378441527558,0.499998209309,0.620977437682,
    0.915899611596,1.),.UNSPECIFIED.);
#760 = CARTESIAN_POINT('',(-2.497999199359,2.,40.));
#761 = CARTESIAN_POINT('',(-2.449591064913,2.060461740545,40.));
#762 = CARTESIAN_POINT('',(-2.399898281094,2.119028470039,
    40.001066075386));
#763 = CARTESIAN_POINT('',(-2.349010936082,2.175697993251,
    40.003078303372));
#764 = CARTESIAN_POINT('',(-2.297015764415,2.230471196332,
    40.005923421236));
#765 = CARTESIAN_POINT('',(-2.243996146995,2.28335204681,40.009494826322
    ));
#766 = CARTESIAN_POINT('',(-2.190032111082,2.334347593589,40.01369257604
    ));
#767 = CARTESIAN_POINT('',(-1.945928986951,2.553024361432,
    40.034753463159));
#768 = CARTESIAN_POINT('',(-1.746159627965,2.700378047102,
    40.057447172943));
#769 = CARTESIAN_POINT('',(-1.538427914384,2.826388748784,
    40.082727211202));
#770 = CARTESIAN_POINT('',(-1.324600729358,2.931908097255,
    40.107800412439));
#771 = CARTESIAN_POINT('',(-1.106057432656,3.017652352388,
    40.130539123426));
#772 = CARTESIAN_POINT('',(-0.883840026856,3.084108393323,
    40.149396694207));
#773 = CARTESIAN_POINT('',(-0.565535316759,3.151070846032,
    40.169144470752));
#774 = CARTESIAN_POINT('',(-0.471859743151,3.167395609119,40.17408595126
    ));
#775 = CARTESIAN_POINT('',(-0.377835538338,3.180443162656,
    40.178112116508));
#776 = CARTESIAN_POINT('',(-0.283551558269,3.190222822009,40.1811684016)
  );
#777 = CARTESIAN_POINT('',(-0.189094657253,3.196740787269,
    40.183218232857));
#778 = CARTESIAN_POINT('',(-9.454977105807E-02,3.2,40.184243194332));
#779 = CARTESIAN_POINT('',(9.410061364444E-02,3.2,40.184243194332));
#780 = CARTESIAN_POINT('',(0.188196461764,3.196771678691,40.183227947446
    ));
#781 = CARTESIAN_POINT('',(0.282205579544,3.190315482807,40.181197542381
    ));
#782 = CARTESIAN_POINT('',(0.376044209139,3.180628527274,40.178170047577
    ));
#783 = CARTESIAN_POINT('',(0.46962671903,3.167704734697,40.174181348924)
  );
#784 = CARTESIAN_POINT('',(0.562865523382,3.151534974836,40.169284987475
    ));
#785 = CARTESIAN_POINT('',(0.881911437017,3.084746343396,40.149576160261
    ));
#786 = CARTESIAN_POINT('',(1.105280200906,3.018085627409,40.130646442554
    ));
#787 = CARTESIAN_POINT('',(1.324944072169,2.931944206068,40.107787024751
    ));
#788 = CARTESIAN_POINT('',(1.539846559017,2.825827840529,40.082566245602
    ));
#789 = CARTESIAN_POINT('',(1.748586782478,2.69900819382,40.057145242386)
  );
#790 = CARTESIAN_POINT('',(1.949265499395,2.550619461925,40.034364300519
    ));
#791 = CARTESIAN_POINT('',(2.193489466549,2.331075632019,40.013424580969
    ));
#792 = CARTESIAN_POINT('',(2.24682684585,2.28052541395,40.009304898723)
  );
#793 = CARTESIAN_POINT('',(2.299236772699,2.228129437907,40.005802418846
    ));
#794 = CARTESIAN_POINT('',(2.350641493944,2.173881083998,40.003014135612
    ));
#795 = CARTESIAN_POINT('',(2.400960076888,2.117776695252,40.001043416061
    ));
#796 = CARTESIAN_POINT('',(2.450108409289,2.059815577626,40.));
#797 = CARTESIAN_POINT('',(2.497999199359,2.,40.));
#798 = PCURVE('',#374,#799);
#799 = DEFINITIONAL_REPRESENTATION('',(#800),#839);
#800 = B_SPLINE_CURVE_WITH_KNOTS('',7,(#801,#802,#803,#804,#805,#806,
    #807,#808,#809,#810,#811,#812,#813,#814,#815,#816,#817,#818,#819,
    #820,#821,#822,#823,#824,#825,#826,#827,#828,#829,#830,#831,#832,
    #833,#834,#835,#836,#837,#838),.UNSPECIFIED.,.F.,.F.,(8,6,6,6,6,6,8)
  ,(0.,8.500760878153E-02,0.378441527558,0.499998209309,0.620977437682,
    0.915899611596,1.),.UNSPECIFIED.);
#801 = CARTESIAN_POINT('',(1.570796326795,13.497999199359));
#802 = CARTESIAN_POINT('',(1.555680891659,13.449591064913));
#803 = CARTESIAN_POINT('',(1.54103908525,13.399898281094));
#804 = CARTESIAN_POINT('',(1.526866117654,13.349010936082));
#805 = CARTESIAN_POINT('',(1.513157628766,13.297015764415));
#806 = CARTESIAN_POINT('',(1.499909688291,13.243996146995));
#807 = CARTESIAN_POINT('',(1.487118795747,13.190032111082));
#808 = CARTESIAN_POINT('',(1.432196640745,12.945928986951));
#809 = CARTESIAN_POINT('',(1.394983953016,12.746159627965));
#810 = CARTESIAN_POINT('',(1.362894605074,12.538427914384));
#811 = CARTESIAN_POINT('',(1.335799356102,12.324600729359));
#812 = CARTESIAN_POINT('',(1.313627471946,12.106057432656));
#813 = CARTESIAN_POINT('',(1.296358485136,11.883840026856));
#814 = CARTESIAN_POINT('',(1.278905074381,11.565535316759));
#815 = CARTESIAN_POINT('',(1.274641107438,11.471859743151));
#816 = CARTESIAN_POINT('',(1.271227520494,11.377835538338));
#817 = CARTESIAN_POINT('',(1.268665999218,11.283551558269));
#818 = CARTESIAN_POINT('',(1.266957807405,11.189094657253));
#819 = CARTESIAN_POINT('',(1.266103672779,11.094549771058));
#820 = CARTESIAN_POINT('',(1.266103672779,10.905899386356));
#821 = CARTESIAN_POINT('',(1.26694971196,10.811803538236));
#822 = CARTESIAN_POINT('',(1.268641715224,10.717794420456));
#823 = CARTESIAN_POINT('',(1.271178968786,10.623955790861));
#824 = CARTESIAN_POINT('',(1.274560231149,10.53037328097));
#825 = CARTESIAN_POINT('',(1.278783844078,10.437134476618));
#826 = CARTESIAN_POINT('',(1.296192820139,10.118088562983));
#827 = CARTESIAN_POINT('',(1.313515956355,9.894719799093));
#828 = CARTESIAN_POINT('',(1.335791520707,9.675055927833));
#829 = CARTESIAN_POINT('',(1.363040222722,9.460153440981));
#830 = CARTESIAN_POINT('',(1.395334022932,9.251413217523));
#831 = CARTESIAN_POINT('',(1.432804405261,9.050734500605));
#832 = CARTESIAN_POINT('',(1.487939446922,8.806510533451));
#833 = CARTESIAN_POINT('',(1.500617809724,8.75317315415));
#834 = CARTESIAN_POINT('',(1.513743713239,8.700763227301));
#835 = CARTESIAN_POINT('',(1.527320527528,8.649358506056));
#836 = CARTESIAN_POINT('',(1.541352035395,8.599039923112));
#837 = CARTESIAN_POINT('',(1.555842432388,8.549891590711));
#838 = CARTESIAN_POINT('',(1.570796326795,8.502000800641));
#839 = ( GEOMETRIC_REPRESENTATION_CONTEXT(2) 
PARAMETRIC_REPRESENTATION_CONTEXT() REPRESENTATION_CONTEXT('2D SPACE',''
  ) );
#840 = PCURVE('',#458,#841);
#841 = DEFINITIONAL_REPRESENTATION('',(#842),#881);
#842 = B_SPLINE_CURVE_WITH_KNOTS('',7,(#843,#844,#845,#846,#847,#848,
    #849,#850,#851,#852,#853,#854,#855,#856,#857,#858,#859,#860,#861,
    #862,#863,#864,#865,#866,#867,#868,#869,#870,#871,#872,#873,#874,
    #875,#876,#877,#878,#879,#880),.UNSPECIFIED.,.F.,.F.,(8,6,6,6,6,6,8)
  ,(0.,8.500760878153E-02,0.378441527558,0.499998209309,0.620977437682,
    0.915899611596,1.),.UNSPECIFIED.);
#843 = CARTESIAN_POINT('',(0.675131532937,40.));
#844 = CARTESIAN_POINT('',(0.69933560016,40.));
#845 = CARTESIAN_POINT('',(0.723328361041,39.998933924614));
#846 = CARTESIAN_POINT('',(0.747114688855,39.996921696628));
#847 = CARTESIAN_POINT('',(0.770699242567,39.994076578764));
#848 = CARTESIAN_POINT('',(0.794086466826,39.990505173678));
#849 = CARTESIAN_POINT('',(0.817280591965,39.98630742396));
#850 = CARTESIAN_POINT('',(0.919695697818,39.965246536841));
#851 = CARTESIAN_POINT('',(0.996919685533,39.942552827057));
#852 = CARTESIAN_POINT('',(1.07236445759,39.917272788798));
#853 = CARTESIAN_POINT('',(1.146388798546,39.892199587561));
#854 = CARTESIAN_POINT('',(1.21934342762,39.869460876574));
#855 = CARTESIAN_POINT('',(1.291574220038,39.850603305793));
#856 = CARTESIAN_POINT('',(1.393221712621,39.830855529248));
#857 = CARTESIAN_POINT('',(1.422918516759,39.82591404874));
#858 = CARTESIAN_POINT('',(1.45255421183,39.821887883492));
#859 = CARTESIAN_POINT('',(1.482144334103,39.8188315984));
#860 = CARTESIAN_POINT('',(1.511704247052,39.816781767143));
#861 = CARTESIAN_POINT('',(1.541249523339,39.815756805668));
#862 = CARTESIAN_POINT('',(1.600202768559,39.815756805668));
#863 = CARTESIAN_POINT('',(1.629607720472,39.816772052554));
#864 = CARTESIAN_POINT('',(1.65902710357,39.818802457619));
#865 = CARTESIAN_POINT('',(1.688476261594,39.821829952422));
#866 = CARTESIAN_POINT('',(1.7179703338,39.825818651076));
#867 = CARTESIAN_POINT('',(1.747524627773,39.830715012525));
#868 = CARTESIAN_POINT('',(1.849387652518,39.850423839739));
#869 = CARTESIAN_POINT('',(1.921977713829,39.869353557446));
#870 = CARTESIAN_POINT('',(1.995297588867,39.892212975249));
#871 = CARTESIAN_POINT('',(2.069698382098,39.917433754398));
#872 = CARTESIAN_POINT('',(2.145536120108,39.942854757614));
#873 = CARTESIAN_POINT('',(2.223174906012,39.965635699481));
#874 = CARTESIAN_POINT('',(2.325799087353,39.986575419031));
#875 = CARTESIAN_POINT('',(2.348755565222,39.990695101277));
#876 = CARTESIAN_POINT('',(2.37190132136,39.994197581154));
#877 = CARTESIAN_POINT('',(2.395240396431,39.996985864388));
#878 = CARTESIAN_POINT('',(2.418777043017,39.998956583939));
#879 = CARTESIAN_POINT('',(2.442515725618,40.));
#880 = CARTESIAN_POINT('',(2.466461120653,40.));
#881 = ( GEOMETRIC_REPRESENTATION_CONTEXT(2) 
PARAMETRIC_REPRESENTATION_CONTEXT() REPRESENTATION_CONTEXT('2D SPACE',''
  ) );
#882 = ORIENTED_EDGE('',*,*,#414,.T.);
#883 = ORIENTED_EDGE('',*,*,#624,.T.);
#884 = ORIENTED_EDGE('',*,*,#885,.F.);
#885 = EDGE_CURVE('',#706,#573,#886,.T.);
#886 = SURFACE_CURVE('',#887,(#892,#899),.PCURVE_S1.);
#887 = CIRCLE('',#888,4.);
#888 = AXIS2_PLACEMENT_3D('',#889,#890,#891);
#889 = CARTESIAN_POINT('',(-11.,2.,44.));
#890 = DIRECTION('',(-1.,0.,0.));
#891 = DIRECTION('',(0.,0.,-1.));
#892 = PCURVE('',#374,#893);
#893 = DEFINITIONAL_REPRESENTATION('',(#894),#898);
#894 = LINE('',#895,#896);
#895 = CARTESIAN_POINT('',(-4.712388980385,22.));
#896 = VECTOR('',#897,1.);
#897 = DIRECTION('',(1.,0.));
#898 = ( GEOMETRIC_REPRESENTATION_CONTEXT(2) 
PARAMETRIC_REPRESENTATION_CONTEXT() REPRESENTATION_CONTEXT('2D SPACE',''
  ) );
#899 = PCURVE('',#590,#900);
#900 = DEFINITIONAL_REPRESENTATION('',(#901),#909);
#901 = ( BOUNDED_CURVE() B_SPLINE_CURVE(2,(#902,#903,#904,#905,#906,#907
,#908),.UNSPECIFIED.,.T.,.F.) B_SPLINE_CURVE_WITH_KNOTS((1,2,2,2,2,1),(
    -2.094395102393,0.,2.094395102393,4.188790204786,6.28318530718,
8.377580409573),.UNSPECIFIED.) CURVE() GEOMETRIC_REPRESENTATION_ITEM() 
RATIONAL_B_SPLINE_CURVE((1.,0.5,1.,0.5,1.,0.5,1.)) REPRESENTATION_ITEM(
  '') );
#902 = CARTESIAN_POINT('',(4.,0.));
#903 = CARTESIAN_POINT('',(10.928203230276,0.));
#904 = CARTESIAN_POINT('',(7.464101615138,-6.));
#905 = CARTESIAN_POINT('',(4.,-12.));
#906 = CARTESIAN_POINT('',(0.535898384862,-6.));
#907 = CARTESIAN_POINT('',(-2.928203230276,-6.217248937901E-15));
#908 = CARTESIAN_POINT('',(4.,0.));
#909 = ( GEOMETRIC_REPRESENTATION_CONTEXT(2) 
PARAMETRIC_REPRESENTATION_CONTEXT() REPRESENTATION_CONTEXT('2D SPACE',''
  ) );
#910 = ADVANCED_FACE('',(#911),#348,.F.);
#911 = FACE_BOUND('',#912,.F.);
#912 = EDGE_LOOP('',(#913,#943,#972,#1000,#1033,#1054,#1055,#1056));
#913 = ORIENTED_EDGE('',*,*,#914,.T.);
#914 = EDGE_CURVE('',#915,#917,#919,.T.);
#915 = VERTEX_POINT('',#916);
#916 = CARTESIAN_POINT('',(11.,-6.,44.));
#917 = VERTEX_POINT('',#918);
#918 = CARTESIAN_POINT('',(11.,-6.,76.));
#919 = SURFACE_CURVE('',#920,(#924,#931),.PCURVE_S1.);
#920 = LINE('',#921,#922);
#921 = CARTESIAN_POINT('',(11.,-6.,40.));
#922 = VECTOR('',#923,1.);
#923 = DIRECTION('',(0.,0.,1.));
#924 = PCURVE('',#348,#925);
#925 = DEFINITIONAL_REPRESENTATION('',(#926),#930);
#926 = LINE('',#927,#928);
#927 = CARTESIAN_POINT('',(0.,0.));
#928 = VECTOR('',#929,1.);
#929 = DIRECTION('',(0.,-1.));
#930 = ( GEOMETRIC_REPRESENTATION_CONTEXT(2) 
PARAMETRIC_REPRESENTATION_CONTEXT() REPRESENTATION_CONTEXT('2D SPACE',''
  ) );
#931 = PCURVE('',#932,#937);
#932 = PLANE('',#933);
#933 = AXIS2_PLACEMENT_3D('',#934,#935,#936);
#934 = CARTESIAN_POINT('',(-11.,-6.,40.));
#935 = DIRECTION('',(0.,1.,0.));
#936 = DIRECTION('',(1.,0.,0.));
#937 = DEFINITIONAL_REPRESENTATION('',(#938),#942);
#938 = LINE('',#939,#940);
#939 = CARTESIAN_POINT('',(22.,0.));
#940 = VECTOR('',#941,1.);
#941 = DIRECTION('',(0.,-1.));
#942 = ( GEOMETRIC_REPRESENTATION_CONTEXT(2) 
PARAMETRIC_REPRESENTATION_CONTEXT() REPRESENTATION_CONTEXT('2D SPACE',''
  ) );
#943 = ORIENTED_EDGE('',*,*,#944,.T.);
#944 = EDGE_CURVE('',#917,#945,#947,.T.);
#945 = VERTEX_POINT('',#946);
#946 = CARTESIAN_POINT('',(11.,-2.,80.));
#947 = SURFACE_CURVE('',#948,(#953,#960),.PCURVE_S1.);
#948 = CIRCLE('',#949,4.);
#949 = AXIS2_PLACEMENT_3D('',#950,#951,#952);
#950 = CARTESIAN_POINT('',(11.,-2.,76.));
#951 = DIRECTION('',(-1.,0.,-0.));
#952 = DIRECTION('',(-0.,0.,1.));
#953 = PCURVE('',#348,#954);
#954 = DEFINITIONAL_REPRESENTATION('',(#955),#959);
#955 = CIRCLE('',#956,4.);
#956 = AXIS2_PLACEMENT_2D('',#957,#958);
#957 = CARTESIAN_POINT('',(4.,-36.));
#958 = DIRECTION('',(0.,-1.));
#959 = ( GEOMETRIC_REPRESENTATION_CONTEXT(2) 
PARAMETRIC_REPRESENTATION_CONTEXT() REPRESENTATION_CONTEXT('2D SPACE',''
  ) );
#960 = PCURVE('',#961,#966);
#961 = CYLINDRICAL_SURFACE('',#962,4.);
#962 = AXIS2_PLACEMENT_3D('',#963,#964,#965);
#963 = CARTESIAN_POINT('',(-11.,-2.,76.));
#964 = DIRECTION('',(1.,0.,0.));
#965 = DIRECTION('',(0.,-1.,-0.));
#966 = DEFINITIONAL_REPRESENTATION('',(#967),#971);
#967 = LINE('',#968,#969);
#968 = CARTESIAN_POINT('',(4.712388980385,22.));
#969 = VECTOR('',#970,1.);
#970 = DIRECTION('',(-1.,0.));
#971 = ( GEOMETRIC_REPRESENTATION_CONTEXT(2) 
PARAMETRIC_REPRESENTATION_CONTEXT() REPRESENTATION_CONTEXT('2D SPACE',''
  ) );
#972 = ORIENTED_EDGE('',*,*,#973,.T.);
#973 = EDGE_CURVE('',#945,#974,#976,.T.);
#974 = VERTEX_POINT('',#975);
#975 = CARTESIAN_POINT('',(11.,2.,80.));
#976 = SURFACE_CURVE('',#977,(#981,#988),.PCURVE_S1.);
#977 = LINE('',#978,#979);
#978 = CARTESIAN_POINT('',(11.,-6.,80.));
#979 = VECTOR('',#980,1.);
#980 = DIRECTION('',(0.,1.,0.));
#981 = PCURVE('',#348,#982);
#982 = DEFINITIONAL_REPRESENTATION('',(#983),#987);
#983 = LINE('',#984,#985);
#984 = CARTESIAN_POINT('',(0.,-40.));
#985 = VECTOR('',#986,1.);
#986 = DIRECTION('',(1.,0.));
#987 = ( GEOMETRIC_REPRESENTATION_CONTEXT(2) 
PARAMETRIC_REPRESENTATION_CONTEXT() REPRESENTATION_CONTEXT('2D SPACE',''
  ) );
#988 = PCURVE('',#989,#994);
#989 = PLANE('',#990);
#990 = AXIS2_PLACEMENT_3D('',#991,#992,#993);
#991 = CARTESIAN_POINT('',(0.,0.,80.));
#992 = DIRECTION('',(0.,0.,1.));
#993 = DIRECTION('',(1.,0.,-0.));
#994 = DEFINITIONAL_REPRESENTATION('',(#995),#999);
#995 = LINE('',#996,#997);
#996 = CARTESIAN_POINT('',(11.,-6.));
#997 = VECTOR('',#998,1.);
#998 = DIRECTION('',(0.,1.));
#999 = ( GEOMETRIC_REPRESENTATION_CONTEXT(2) 
PARAMETRIC_REPRESENTATION_CONTEXT() REPRESENTATION_CONTEXT('2D SPACE',''
  ) );
#1000 = ORIENTED_EDGE('',*,*,#1001,.F.);
#1001 = EDGE_CURVE('',#1002,#974,#1004,.T.);
#1002 = VERTEX_POINT('',#1003);
#1003 = CARTESIAN_POINT('',(11.,6.,76.));
#1004 = SURFACE_CURVE('',#1005,(#1010,#1021),.PCURVE_S1.);
#1005 = CIRCLE('',#1006,4.);
#1006 = AXIS2_PLACEMENT_3D('',#1007,#1008,#1009);
#1007 = CARTESIAN_POINT('',(11.,2.,76.));
#1008 = DIRECTION('',(1.,-0.,0.));
#1009 = DIRECTION('',(0.,0.,-1.));
#1010 = PCURVE('',#348,#1011);
#1011 = DEFINITIONAL_REPRESENTATION('',(#1012),#1020);
#1012 = ( BOUNDED_CURVE() B_SPLINE_CURVE(2,(#1013,#1014,#1015,#1016,
#1017,#1018,#1019),.UNSPECIFIED.,.T.,.F.) B_SPLINE_CURVE_WITH_KNOTS((1,2
    ,2,2,2,1),(-2.094395102393,0.,2.094395102393,4.188790204786,
6.28318530718,8.377580409573),.UNSPECIFIED.) CURVE() 
GEOMETRIC_REPRESENTATION_ITEM() RATIONAL_B_SPLINE_CURVE((1.,0.5,1.,0.5,
1.,0.5,1.)) REPRESENTATION_ITEM('') );
#1013 = CARTESIAN_POINT('',(8.,-32.));
#1014 = CARTESIAN_POINT('',(14.928203230276,-32.));
#1015 = CARTESIAN_POINT('',(11.464101615138,-38.));
#1016 = CARTESIAN_POINT('',(8.,-44.));
#1017 = CARTESIAN_POINT('',(4.535898384862,-38.));
#1018 = CARTESIAN_POINT('',(1.071796769724,-32.));
#1019 = CARTESIAN_POINT('',(8.,-32.));
#1020 = ( GEOMETRIC_REPRESENTATION_CONTEXT(2) 
PARAMETRIC_REPRESENTATION_CONTEXT() REPRESENTATION_CONTEXT('2D SPACE',''
  ) );
#1021 = PCURVE('',#1022,#1027);
#1022 = CYLINDRICAL_SURFACE('',#1023,4.);
#1023 = AXIS2_PLACEMENT_3D('',#1024,#1025,#1026);
#1024 = CARTESIAN_POINT('',(11.,2.,76.));
#1025 = DIRECTION('',(-1.,0.,0.));
#1026 = DIRECTION('',(0.,1.,-0.));
#1027 = DEFINITIONAL_REPRESENTATION('',(#1028),#1032);
#1028 = LINE('',#1029,#1030);
#1029 = CARTESIAN_POINT('',(1.570796326795,-0.));
#1030 = VECTOR('',#1031,1.);
#1031 = DIRECTION('',(-1.,0.));
#1032 = ( GEOMETRIC_REPRESENTATION_CONTEXT(2) 
PARAMETRIC_REPRESENTATION_CONTEXT() REPRESENTATION_CONTEXT('2D SPACE',''
  ) );
#1033 = ORIENTED_EDGE('',*,*,#1034,.F.);
#1034 = EDGE_CURVE('',#704,#1002,#1035,.T.);
#1035 = SURFACE_CURVE('',#1036,(#1040,#1047),.PCURVE_S1.);
#1036 = LINE('',#1037,#1038);
#1037 = CARTESIAN_POINT('',(11.,6.,40.));
#1038 = VECTOR('',#1039,1.);
#1039 = DIRECTION('',(0.,0.,1.));
#1040 = PCURVE('',#348,#1041);
#1041 = DEFINITIONAL_REPRESENTATION('',(#1042),#1046);
#1042 = LINE('',#1043,#1044);
#1043 = CARTESIAN_POINT('',(12.,0.));
#1044 = VECTOR('',#1045,1.);
#1045 = DIRECTION('',(0.,-1.));
#1046 = ( GEOMETRIC_REPRESENTATION_CONTEXT(2) 
PARAMETRIC_REPRESENTATION_CONTEXT() REPRESENTATION_CONTEXT('2D SPACE',''
  ) );
#1047 = PCURVE('',#721,#1048);
#1048 = DEFINITIONAL_REPRESENTATION('',(#1049),#1053);
#1049 = LINE('',#1050,#1051);
#1050 = CARTESIAN_POINT('',(0.,-0.));
#1051 = VECTOR('',#1052,1.);
#1052 = DIRECTION('',(0.,-1.));
#1053 = ( GEOMETRIC_REPRESENTATION_CONTEXT(2) 
PARAMETRIC_REPRESENTATION_CONTEXT() REPRESENTATION_CONTEXT('2D SPACE',''
  ) );
#1054 = ORIENTED_EDGE('',*,*,#733,.T.);
#1055 = ORIENTED_EDGE('',*,*,#332,.F.);
#1056 = ORIENTED_EDGE('',*,*,#1057,.F.);
#1057 = EDGE_CURVE('',#915,#305,#1058,.T.);
#1058 = SURFACE_CURVE('',#1059,(#1064,#1075),.PCURVE_S1.);
#1059 = CIRCLE('',#1060,4.);
#1060 = AXIS2_PLACEMENT_3D('',#1061,#1062,#1063);
#1061 = CARTESIAN_POINT('',(11.,-2.,44.));
#1062 = DIRECTION('',(1.,0.,0.));
#1063 = DIRECTION('',(-0.,0.,1.));
#1064 = PCURVE('',#348,#1065);
#1065 = DEFINITIONAL_REPRESENTATION('',(#1066),#1074);
#1066 = ( BOUNDED_CURVE() B_SPLINE_CURVE(2,(#1067,#1068,#1069,#1070,
#1071,#1072,#1073),.UNSPECIFIED.,.T.,.F.) B_SPLINE_CURVE_WITH_KNOTS((1,2
    ,2,2,2,1),(-2.094395102393,0.,2.094395102393,4.188790204786,
6.28318530718,8.377580409573),.UNSPECIFIED.) CURVE() 
GEOMETRIC_REPRESENTATION_ITEM() RATIONAL_B_SPLINE_CURVE((1.,0.5,1.,0.5,
1.,0.5,1.)) REPRESENTATION_ITEM('') );
#1067 = CARTESIAN_POINT('',(4.,-8.));
#1068 = CARTESIAN_POINT('',(-2.928203230276,-8.));
#1069 = CARTESIAN_POINT('',(0.535898384862,-2.));
#1070 = CARTESIAN_POINT('',(4.,4.));
#1071 = CARTESIAN_POINT('',(7.464101615138,-2.));
#1072 = CARTESIAN_POINT('',(10.928203230276,-8.));
#1073 = CARTESIAN_POINT('',(4.,-8.));
#1074 = ( GEOMETRIC_REPRESENTATION_CONTEXT(2) 
PARAMETRIC_REPRESENTATION_CONTEXT() REPRESENTATION_CONTEXT('2D SPACE',''
  ) );
#1075 = PCURVE('',#320,#1076);
#1076 = DEFINITIONAL_REPRESENTATION('',(#1077),#1081);
#1077 = LINE('',#1078,#1079);
#1078 = CARTESIAN_POINT('',(-1.570796326795,22.));
#1079 = VECTOR('',#1080,1.);
#1080 = DIRECTION('',(1.,0.));
#1081 = ( GEOMETRIC_REPRESENTATION_CONTEXT(2) 
PARAMETRIC_REPRESENTATION_CONTEXT() REPRESENTATION_CONTEXT('2D SPACE',''
  ) );
#1082 = ADVANCED_FACE('',(#1083),#320,.T.);
#1083 = FACE_BOUND('',#1084,.T.);
#1084 = EDGE_LOOP('',(#1085,#1108,#1130,#1131,#1132,#1258,#1259,#1260));
#1085 = ORIENTED_EDGE('',*,*,#1086,.F.);
#1086 = EDGE_CURVE('',#1087,#915,#1089,.T.);
#1087 = VERTEX_POINT('',#1088);
#1088 = CARTESIAN_POINT('',(-11.,-6.,44.));
#1089 = SURFACE_CURVE('',#1090,(#1094,#1101),.PCURVE_S1.);
#1090 = LINE('',#1091,#1092);
#1091 = CARTESIAN_POINT('',(-11.,-6.,44.));
#1092 = VECTOR('',#1093,1.);
#1093 = DIRECTION('',(1.,0.,0.));
#1094 = PCURVE('',#320,#1095);
#1095 = DEFINITIONAL_REPRESENTATION('',(#1096),#1100);
#1096 = LINE('',#1097,#1098);
#1097 = CARTESIAN_POINT('',(0.,0.));
#1098 = VECTOR('',#1099,1.);
#1099 = DIRECTION('',(0.,1.));
#1100 = ( GEOMETRIC_REPRESENTATION_CONTEXT(2) 
PARAMETRIC_REPRESENTATION_CONTEXT() REPRESENTATION_CONTEXT('2D SPACE',''
  ) );
#1101 = PCURVE('',#932,#1102);
#1102 = DEFINITIONAL_REPRESENTATION('',(#1103),#1107);
#1103 = LINE('',#1104,#1105);
#1104 = CARTESIAN_POINT('',(0.,-4.));
#1105 = VECTOR('',#1106,1.);
#1106 = DIRECTION('',(1.,0.));
#1107 = ( GEOMETRIC_REPRESENTATION_CONTEXT(2) 
PARAMETRIC_REPRESENTATION_CONTEXT() REPRESENTATION_CONTEXT('2D SPACE',''
  ) );
#1108 = ORIENTED_EDGE('',*,*,#1109,.T.);
#1109 = EDGE_CURVE('',#1087,#575,#1110,.T.);
#1110 = SURFACE_CURVE('',#1111,(#1116,#1123),.PCURVE_S1.);
#1111 = CIRCLE('',#1112,4.);
#1112 = AXIS2_PLACEMENT_3D('',#1113,#1114,#1115);
#1113 = CARTESIAN_POINT('',(-11.,-2.,44.));
#1114 = DIRECTION('',(1.,0.,0.));
#1115 = DIRECTION('',(-0.,0.,1.));
#1116 = PCURVE('',#320,#1117);
#1117 = DEFINITIONAL_REPRESENTATION('',(#1118),#1122);
#1118 = LINE('',#1119,#1120);
#1119 = CARTESIAN_POINT('',(-1.570796326795,0.));
#1120 = VECTOR('',#1121,1.);
#1121 = DIRECTION('',(1.,0.));
#1122 = ( GEOMETRIC_REPRESENTATION_CONTEXT(2) 
PARAMETRIC_REPRESENTATION_CONTEXT() REPRESENTATION_CONTEXT('2D SPACE',''
  ) );
#1123 = PCURVE('',#590,#1124);
#1124 = DEFINITIONAL_REPRESENTATION('',(#1125),#1129);
#1125 = CIRCLE('',#1126,4.);
#1126 = AXIS2_PLACEMENT_2D('',#1127,#1128);
#1127 = CARTESIAN_POINT('',(8.,-4.));
#1128 = DIRECTION('',(0.,-1.));
#1129 = ( GEOMETRIC_REPRESENTATION_CONTEXT(2) 
PARAMETRIC_REPRESENTATION_CONTEXT() REPRESENTATION_CONTEXT('2D SPACE',''
  ) );
#1130 = ORIENTED_EDGE('',*,*,#602,.T.);
#1131 = ORIENTED_EDGE('',*,*,#498,.T.);
#1132 = ORIENTED_EDGE('',*,*,#1133,.F.);
#1133 = EDGE_CURVE('',#521,#471,#1134,.T.);
#1134 = SURFACE_CURVE('',#1135,(#1174,#1216),.PCURVE_S1.);
#1135 = B_SPLINE_CURVE_WITH_KNOTS('',7,(#1136,#1137,#1138,#1139,#1140,
    #1141,#1142,#1143,#1144,#1145,#1146,#1147,#1148,#1149,#1150,#1151,
    #1152,#1153,#1154,#1155,#1156,#1157,#1158,#1159,#1160,#1161,#1162,
    #1163,#1164,#1165,#1166,#1167,#1168,#1169,#1170,#1171,#1172,#1173),
  .UNSPECIFIED.,.F.,.F.,(8,6,6,6,6,6,8),(0.,8.500760771327E-02,
    0.378441522802,0.499998203026,0.620977429878,0.915899600085,1.),
  .UNSPECIFIED.);
#1136 = CARTESIAN_POINT('',(2.497999199359,-2.,40.));
#1137 = CARTESIAN_POINT('',(2.449591064913,-2.060461740545,40.));
#1138 = CARTESIAN_POINT('',(2.399898281094,-2.119028470039,
    40.001066075386));
#1139 = CARTESIAN_POINT('',(2.349010936082,-2.175697993251,
    40.003078303372));
#1140 = CARTESIAN_POINT('',(2.297015764415,-2.230471196332,
    40.005923421236));
#1141 = CARTESIAN_POINT('',(2.243996146995,-2.28335204681,
    40.009494826322));
#1142 = CARTESIAN_POINT('',(2.190032111082,-2.334347593589,
    40.01369257604));
#1143 = CARTESIAN_POINT('',(1.945928986951,-2.553024361432,
    40.034753463159));
#1144 = CARTESIAN_POINT('',(1.746159627965,-2.700378047102,
    40.057447172943));
#1145 = CARTESIAN_POINT('',(1.538427914385,-2.826388748784,
    40.082727211202));
#1146 = CARTESIAN_POINT('',(1.324600729357,-2.931908097255,
    40.107800412439));
#1147 = CARTESIAN_POINT('',(1.106057432657,-3.017652352387,
    40.130539123426));
#1148 = CARTESIAN_POINT('',(0.883840026856,-3.084108393323,
    40.149396694207));
#1149 = CARTESIAN_POINT('',(0.565535316759,-3.151070846032,
    40.169144470752));
#1150 = CARTESIAN_POINT('',(0.471859743151,-3.167395609119,
    40.17408595126));
#1151 = CARTESIAN_POINT('',(0.377835538338,-3.180443162656,
    40.178112116508));
#1152 = CARTESIAN_POINT('',(0.283551558269,-3.190222822009,40.1811684016
    ));
#1153 = CARTESIAN_POINT('',(0.189094657253,-3.196740787269,
    40.183218232857));
#1154 = CARTESIAN_POINT('',(9.454977105807E-02,-3.2,40.184243194332));
#1155 = CARTESIAN_POINT('',(-9.410061364446E-02,-3.2,40.184243194332));
#1156 = CARTESIAN_POINT('',(-0.188196461764,-3.196771678691,
    40.183227947446));
#1157 = CARTESIAN_POINT('',(-0.282205579544,-3.190315482807,
    40.181197542381));
#1158 = CARTESIAN_POINT('',(-0.376044209139,-3.180628527274,
    40.178170047578));
#1159 = CARTESIAN_POINT('',(-0.46962671903,-3.167704734697,
    40.174181348924));
#1160 = CARTESIAN_POINT('',(-0.562865523382,-3.151534974836,
    40.169284987475));
#1161 = CARTESIAN_POINT('',(-0.881911437016,-3.084746343396,
    40.149576160261));
#1162 = CARTESIAN_POINT('',(-1.105280200908,-3.018085627409,
    40.130646442554));
#1163 = CARTESIAN_POINT('',(-1.324944072164,-2.931944206069,
    40.107787024751));
#1164 = CARTESIAN_POINT('',(-1.539846559021,-2.825827840528,
    40.082566245602));
#1165 = CARTESIAN_POINT('',(-1.748586782476,-2.699008193821,
    40.057145242386));
#1166 = CARTESIAN_POINT('',(-1.949265499395,-2.550619461925,
    40.034364300519));
#1167 = CARTESIAN_POINT('',(-2.193489474647,-2.331075624739,
    40.013424580275));
#1168 = CARTESIAN_POINT('',(-2.246826846993,-2.280525414071,
    40.009304898348));
#1169 = CARTESIAN_POINT('',(-2.299236766542,-2.228129444984,
    40.005802419003));
#1170 = CARTESIAN_POINT('',(-2.350641487554,-2.173881090231,
    40.003014136046));
#1171 = CARTESIAN_POINT('',(-2.40096007745,-2.117776693265,
    40.00104341638));
#1172 = CARTESIAN_POINT('',(-2.450108416806,-2.059815568237,40.));
#1173 = CARTESIAN_POINT('',(-2.497999199359,-2.,40.));
#1174 = PCURVE('',#320,#1175);
#1175 = DEFINITIONAL_REPRESENTATION('',(#1176),#1215);
#1176 = B_SPLINE_CURVE_WITH_KNOTS('',7,(#1177,#1178,#1179,#1180,#1181,
    #1182,#1183,#1184,#1185,#1186,#1187,#1188,#1189,#1190,#1191,#1192,
    #1193,#1194,#1195,#1196,#1197,#1198,#1199,#1200,#1201,#1202,#1203,
    #1204,#1205,#1206,#1207,#1208,#1209,#1210,#1211,#1212,#1213,#1214),
  .UNSPECIFIED.,.F.,.F.,(8,6,6,6,6,6,8),(0.,8.500760771327E-02,
    0.378441522802,0.499998203026,0.620977429878,0.915899600085,1.),
  .UNSPECIFIED.);
#1177 = CARTESIAN_POINT('',(1.570796326795,13.497999199359));
#1178 = CARTESIAN_POINT('',(1.555680891659,13.449591064913));
#1179 = CARTESIAN_POINT('',(1.54103908525,13.399898281094));
#1180 = CARTESIAN_POINT('',(1.526866117654,13.349010936082));
#1181 = CARTESIAN_POINT('',(1.513157628765,13.297015764415));
#1182 = CARTESIAN_POINT('',(1.499909688291,13.243996146995));
#1183 = CARTESIAN_POINT('',(1.487118795747,13.190032111082));
#1184 = CARTESIAN_POINT('',(1.432196640745,12.945928986951));
#1185 = CARTESIAN_POINT('',(1.394983953016,12.746159627965));
#1186 = CARTESIAN_POINT('',(1.362894605074,12.538427914385));
#1187 = CARTESIAN_POINT('',(1.335799356102,12.324600729357));
#1188 = CARTESIAN_POINT('',(1.313627471946,12.106057432657));
#1189 = CARTESIAN_POINT('',(1.296358485136,11.883840026856));
#1190 = CARTESIAN_POINT('',(1.278905074381,11.565535316759));
#1191 = CARTESIAN_POINT('',(1.274641107438,11.471859743151));
#1192 = CARTESIAN_POINT('',(1.271227520494,11.377835538338));
#1193 = CARTESIAN_POINT('',(1.268665999218,11.283551558269));
#1194 = CARTESIAN_POINT('',(1.266957807405,11.189094657253));
#1195 = CARTESIAN_POINT('',(1.266103672779,11.094549771058));
#1196 = CARTESIAN_POINT('',(1.266103672779,10.905899386356));
#1197 = CARTESIAN_POINT('',(1.26694971196,10.811803538236));
#1198 = CARTESIAN_POINT('',(1.268641715224,10.717794420456));
#1199 = CARTESIAN_POINT('',(1.271178968786,10.623955790861));
#1200 = CARTESIAN_POINT('',(1.274560231149,10.53037328097));
#1201 = CARTESIAN_POINT('',(1.278783844078,10.437134476618));
#1202 = CARTESIAN_POINT('',(1.296192820139,10.118088562984));
#1203 = CARTESIAN_POINT('',(1.313515956355,9.894719799092));
#1204 = CARTESIAN_POINT('',(1.335791520706,9.675055927835));
#1205 = CARTESIAN_POINT('',(1.363040222722,9.460153440979));
#1206 = CARTESIAN_POINT('',(1.395334022932,9.251413217524));
#1207 = CARTESIAN_POINT('',(1.432804405261,9.050734500605));
#1208 = CARTESIAN_POINT('',(1.487939448751,8.806510525353));
#1209 = CARTESIAN_POINT('',(1.500617809698,8.753173153007));
#1210 = CARTESIAN_POINT('',(1.513743711468,8.700763233458));
#1211 = CARTESIAN_POINT('',(1.527320525964,8.649358512446));
#1212 = CARTESIAN_POINT('',(1.541352035889,8.59903992255));
#1213 = CARTESIAN_POINT('',(1.555842434736,8.549891583194));
#1214 = CARTESIAN_POINT('',(1.570796326795,8.502000800641));
#1215 = ( GEOMETRIC_REPRESENTATION_CONTEXT(2) 
PARAMETRIC_REPRESENTATION_CONTEXT() REPRESENTATION_CONTEXT('2D SPACE',''
  ) );
#1216 = PCURVE('',#458,#1217);
#1217 = DEFINITIONAL_REPRESENTATION('',(#1218),#1257);
#1218 = B_SPLINE_CURVE_WITH_KNOTS('',7,(#1219,#1220,#1221,#1222,#1223,
    #1224,#1225,#1226,#1227,#1228,#1229,#1230,#1231,#1232,#1233,#1234,
    #1235,#1236,#1237,#1238,#1239,#1240,#1241,#1242,#1243,#1244,#1245,
    #1246,#1247,#1248,#1249,#1250,#1251,#1252,#1253,#1254,#1255,#1256),
  .UNSPECIFIED.,.F.,.F.,(8,6,6,6,6,6,8),(0.,8.500760771327E-02,
    0.378441522802,0.499998203026,0.620977429878,0.915899600085,1.),
  .UNSPECIFIED.);
#1219 = CARTESIAN_POINT('',(3.816724186527,40.));
#1220 = CARTESIAN_POINT('',(3.84092825375,40.));
#1221 = CARTESIAN_POINT('',(3.864921014631,39.998933924614));
#1222 = CARTESIAN_POINT('',(3.888707342445,39.996921696628));
#1223 = CARTESIAN_POINT('',(3.912291896157,39.994076578764));
#1224 = CARTESIAN_POINT('',(3.935679120416,39.990505173678));
#1225 = CARTESIAN_POINT('',(3.958873245555,39.98630742396));
#1226 = CARTESIAN_POINT('',(4.061288351407,39.965246536841));
#1227 = CARTESIAN_POINT('',(4.138512339123,39.942552827057));
#1228 = CARTESIAN_POINT('',(4.21395711118,39.917272788798));
#1229 = CARTESIAN_POINT('',(4.287981452136,39.892199587561));
#1230 = CARTESIAN_POINT('',(4.36093608121,39.869460876574));
#1231 = CARTESIAN_POINT('',(4.433166873628,39.850603305793));
#1232 = CARTESIAN_POINT('',(4.534814366211,39.830855529248));
#1233 = CARTESIAN_POINT('',(4.564511170349,39.82591404874));
#1234 = CARTESIAN_POINT('',(4.59414686542,39.821887883492));
#1235 = CARTESIAN_POINT('',(4.623736987692,39.8188315984));
#1236 = CARTESIAN_POINT('',(4.653296900642,39.816781767143));
#1237 = CARTESIAN_POINT('',(4.682842176929,39.815756805668));
#1238 = CARTESIAN_POINT('',(4.741795422149,39.815756805668));
#1239 = CARTESIAN_POINT('',(4.771200374061,39.816772052554));
#1240 = CARTESIAN_POINT('',(4.80061975716,39.818802457619));
#1241 = CARTESIAN_POINT('',(4.830068915184,39.821829952422));
#1242 = CARTESIAN_POINT('',(4.85956298739,39.825818651076));
#1243 = CARTESIAN_POINT('',(4.889117281363,39.830715012525));
#1244 = CARTESIAN_POINT('',(4.990980306108,39.850423839739));
#1245 = CARTESIAN_POINT('',(5.06357036742,39.869353557446));
#1246 = CARTESIAN_POINT('',(5.136890242456,39.892212975249));
#1247 = CARTESIAN_POINT('',(5.211291035688,39.917433754398));
#1248 = CARTESIAN_POINT('',(5.287128773698,39.942854757614));
#1249 = CARTESIAN_POINT('',(5.364767559602,39.965635699481));
#1250 = CARTESIAN_POINT('',(5.467391744345,39.986575419725));
#1251 = CARTESIAN_POINT('',(5.490348219031,39.990695101652));
#1252 = CARTESIAN_POINT('',(5.513493972013,39.994197580997));
#1253 = CARTESIAN_POINT('',(5.536833047226,39.996985863954));
#1254 = CARTESIAN_POINT('',(5.560369697181,39.99895658362));
#1255 = CARTESIAN_POINT('',(5.584108382966,40.));
#1256 = CARTESIAN_POINT('',(5.608053774243,40.));
#1257 = ( GEOMETRIC_REPRESENTATION_CONTEXT(2) 
PARAMETRIC_REPRESENTATION_CONTEXT() REPRESENTATION_CONTEXT('2D SPACE',''
  ) );
#1258 = ORIENTED_EDGE('',*,*,#520,.T.);
#1259 = ORIENTED_EDGE('',*,*,#304,.T.);
#1260 = ORIENTED_EDGE('',*,*,#1057,.F.);
#1261 = ADVANCED_FACE('',(#1262),#458,.F.);
#1262 = FACE_BOUND('',#1263,.F.);
#1263 = EDGE_LOOP('',(#1264,#1265,#1288,#1321,#1449,#1477,#1605,#1631,
    #1632,#1633,#1634,#1635));
#1264 = ORIENTED_EDGE('',*,*,#437,.F.);
#1265 = ORIENTED_EDGE('',*,*,#1266,.F.);
#1266 = EDGE_CURVE('',#1267,#438,#1269,.T.);
#1267 = VERTEX_POINT('',#1268);
#1268 = CARTESIAN_POINT('',(-3.2,-7.837739514543E-16,80.));
#1269 = SEAM_CURVE('',#1270,(#1274,#1281),.PCURVE_S1.);
#1270 = LINE('',#1271,#1272);
#1271 = CARTESIAN_POINT('',(-3.2,-7.837739514543E-16,80.));
#1272 = VECTOR('',#1273,1.);
#1273 = DIRECTION('',(0.,0.,-1.));
#1274 = PCURVE('',#458,#1275);
#1275 = DEFINITIONAL_REPRESENTATION('',(#1276),#1280);
#1276 = LINE('',#1277,#1278);
#1277 = CARTESIAN_POINT('',(6.28318530718,-0.));
#1278 = VECTOR('',#1279,1.);
#1279 = DIRECTION('',(0.,1.));
#1280 = ( GEOMETRIC_REPRESENTATION_CONTEXT(2) 
PARAMETRIC_REPRESENTATION_CONTEXT() REPRESENTATION_CONTEXT('2D SPACE',''
  ) );
#1281 = PCURVE('',#458,#1282);
#1282 = DEFINITIONAL_REPRESENTATION('',(#1283),#1287);
#1283 = LINE('',#1284,#1285);
#1284 = CARTESIAN_POINT('',(0.,-0.));
#1285 = VECTOR('',#1286,1.);
#1286 = DIRECTION('',(0.,1.));
#1287 = ( GEOMETRIC_REPRESENTATION_CONTEXT(2) 
PARAMETRIC_REPRESENTATION_CONTEXT() REPRESENTATION_CONTEXT('2D SPACE',''
  ) );
#1288 = ORIENTED_EDGE('',*,*,#1289,.T.);
#1289 = EDGE_CURVE('',#1267,#1290,#1292,.T.);
#1290 = VERTEX_POINT('',#1291);
#1291 = CARTESIAN_POINT('',(-2.497999199359,2.,80.));
#1292 = SURFACE_CURVE('',#1293,(#1298,#1305),.PCURVE_S1.);
#1293 = CIRCLE('',#1294,3.2);
#1294 = AXIS2_PLACEMENT_3D('',#1295,#1296,#1297);
#1295 = CARTESIAN_POINT('',(0.,0.,80.));
#1296 = DIRECTION('',(0.,0.,-1.));
#1297 = DIRECTION('',(-1.,0.,0.));
#1298 = PCURVE('',#458,#1299);
#1299 = DEFINITIONAL_REPRESENTATION('',(#1300),#1304);
#1300 = LINE('',#1301,#1302);
#1301 = CARTESIAN_POINT('',(0.,0.));
#1302 = VECTOR('',#1303,1.);
#1303 = DIRECTION('',(1.,0.));
#1304 = ( GEOMETRIC_REPRESENTATION_CONTEXT(2) 
PARAMETRIC_REPRESENTATION_CONTEXT() REPRESENTATION_CONTEXT('2D SPACE',''
  ) );
#1305 = PCURVE('',#1306,#1311);
#1306 = PLANE('',#1307);
#1307 = AXIS2_PLACEMENT_3D('',#1308,#1309,#1310);
#1308 = CARTESIAN_POINT('',(0.,0.,80.));
#1309 = DIRECTION('',(0.,0.,1.));
#1310 = DIRECTION('',(1.,0.,-0.));
#1311 = DEFINITIONAL_REPRESENTATION('',(#1312),#1320);
#1312 = ( BOUNDED_CURVE() B_SPLINE_CURVE(2,(#1313,#1314,#1315,#1316,
#1317,#1318,#1319),.UNSPECIFIED.,.T.,.F.) B_SPLINE_CURVE_WITH_KNOTS((1,2
    ,2,2,2,1),(-2.094395102393,0.,2.094395102393,4.188790204786,
6.28318530718,8.377580409573),.UNSPECIFIED.) CURVE() 
GEOMETRIC_REPRESENTATION_ITEM() RATIONAL_B_SPLINE_CURVE((1.,0.5,1.,0.5,
1.,0.5,1.)) REPRESENTATION_ITEM('') );
#1313 = CARTESIAN_POINT('',(-3.2,0.));
#1314 = CARTESIAN_POINT('',(-3.2,5.54256258422));
#1315 = CARTESIAN_POINT('',(1.6,2.77128129211));
#1316 = CARTESIAN_POINT('',(6.4,7.837739514543E-16));
#1317 = CARTESIAN_POINT('',(1.6,-2.77128129211));
#1318 = CARTESIAN_POINT('',(-3.2,-5.54256258422));
#1319 = CARTESIAN_POINT('',(-3.2,0.));
#1320 = ( GEOMETRIC_REPRESENTATION_CONTEXT(2) 
PARAMETRIC_REPRESENTATION_CONTEXT() REPRESENTATION_CONTEXT('2D SPACE',''
  ) );
#1321 = ORIENTED_EDGE('',*,*,#1322,.T.);
#1322 = EDGE_CURVE('',#1290,#1323,#1325,.T.);
#1323 = VERTEX_POINT('',#1324);
#1324 = CARTESIAN_POINT('',(2.497999199359,2.,80.));
#1325 = SURFACE_CURVE('',#1326,(#1365,#1407),.PCURVE_S1.);
#1326 = B_SPLINE_CURVE_WITH_KNOTS('',7,(#1327,#1328,#1329,#1330,#1331,
    #1332,#1333,#1334,#1335,#1336,#1337,#1338,#1339,#1340,#1341,#1342,
    #1343,#1344,#1345,#1346,#1347,#1348,#1349,#1350,#1351,#1352,#1353,
    #1354,#1355,#1356,#1357,#1358,#1359,#1360,#1361,#1362,#1363,#1364),
  .UNSPECIFIED.,.F.,.F.,(8,6,6,6,6,6,8),(0.,8.500759686341E-02,
    0.37844151945,0.49999820278,0.620977432723,0.915899610466,1.),
  .UNSPECIFIED.);
#1327 = CARTESIAN_POINT('',(-2.497999199359,2.,80.));
#1328 = CARTESIAN_POINT('',(-2.449591057096,2.060461750308,80.));
#1329 = CARTESIAN_POINT('',(-2.399898280499,2.119028472128,
    79.998933924947));
#1330 = CARTESIAN_POINT('',(-2.349010942711,2.175697986802,
    79.996921697082));
#1331 = CARTESIAN_POINT('',(-2.297015770811,2.230471188988,
    79.994076578928));
#1332 = CARTESIAN_POINT('',(-2.243996145817,2.283352046661,
    79.990505173286));
#1333 = CARTESIAN_POINT('',(-2.190032102682,2.334347601113,
    79.986307423236));
#1334 = CARTESIAN_POINT('',(-1.945928986951,2.553024361432,
    79.965246536841));
#1335 = CARTESIAN_POINT('',(-1.746159627965,2.700378047102,
    79.942552827057));
#1336 = CARTESIAN_POINT('',(-1.538427914384,2.826388748784,
    79.917272788798));
#1337 = CARTESIAN_POINT('',(-1.324600729358,2.931908097255,
    79.892199587561));
#1338 = CARTESIAN_POINT('',(-1.106057432656,3.017652352388,
    79.869460876574));
#1339 = CARTESIAN_POINT('',(-0.883840026856,3.084108393323,
    79.850603305793));
#1340 = CARTESIAN_POINT('',(-0.565535316759,3.151070846032,
    79.830855529248));
#1341 = CARTESIAN_POINT('',(-0.471859743151,3.167395609119,
    79.82591404874));
#1342 = CARTESIAN_POINT('',(-0.377835538338,3.180443162656,
    79.821887883492));
#1343 = CARTESIAN_POINT('',(-0.283551558269,3.190222822009,79.8188315984
    ));
#1344 = CARTESIAN_POINT('',(-0.189094657253,3.196740787269,
    79.816781767143));
#1345 = CARTESIAN_POINT('',(-9.454977105809E-02,3.2,79.815756805668));
#1346 = CARTESIAN_POINT('',(9.410061364443E-02,3.2,79.815756805668));
#1347 = CARTESIAN_POINT('',(0.188196461764,3.196771678691,
    79.816772052554));
#1348 = CARTESIAN_POINT('',(0.282205579544,3.190315482807,
    79.818802457619));
#1349 = CARTESIAN_POINT('',(0.376044209139,3.180628527274,
    79.821829952423));
#1350 = CARTESIAN_POINT('',(0.46962671903,3.167704734697,79.825818651076
    ));
#1351 = CARTESIAN_POINT('',(0.562865523382,3.151534974836,
    79.830715012525));
#1352 = CARTESIAN_POINT('',(0.881911437016,3.084746343396,
    79.850423839739));
#1353 = CARTESIAN_POINT('',(1.105280200909,3.018085627409,
    79.869353557446));
#1354 = CARTESIAN_POINT('',(1.324944072164,2.93194420607,79.892212975249
    ));
#1355 = CARTESIAN_POINT('',(1.539846559022,2.825827840527,
    79.917433754398));
#1356 = CARTESIAN_POINT('',(1.748586782476,2.699008193821,
    79.942854757614));
#1357 = CARTESIAN_POINT('',(1.949265499395,2.550619461925,
    79.965635699481));
#1358 = CARTESIAN_POINT('',(2.193489466574,2.331075631997,
    79.986575419033));
#1359 = CARTESIAN_POINT('',(2.246826845854,2.28052541395,79.990695101278
    ));
#1360 = CARTESIAN_POINT('',(2.299236772681,2.228129437928,
    79.994197581154));
#1361 = CARTESIAN_POINT('',(2.350641493925,2.173881084016,
    79.996985864387));
#1362 = CARTESIAN_POINT('',(2.40096007689,2.117776695246,79.998956583938
    ));
#1363 = CARTESIAN_POINT('',(2.450108409312,2.059815577598,80.));
#1364 = CARTESIAN_POINT('',(2.497999199359,2.,80.));
#1365 = PCURVE('',#458,#1366);
#1366 = DEFINITIONAL_REPRESENTATION('',(#1367),#1406);
#1367 = B_SPLINE_CURVE_WITH_KNOTS('',7,(#1368,#1369,#1370,#1371,#1372,
    #1373,#1374,#1375,#1376,#1377,#1378,#1379,#1380,#1381,#1382,#1383,
    #1384,#1385,#1386,#1387,#1388,#1389,#1390,#1391,#1392,#1393,#1394,
    #1395,#1396,#1397,#1398,#1399,#1400,#1401,#1402,#1403,#1404,#1405),
  .UNSPECIFIED.,.F.,.F.,(8,6,6,6,6,6,8),(0.,8.500759686341E-02,
    0.37844151945,0.49999820278,0.620977432723,0.915899610466,1.),
  .UNSPECIFIED.);
#1368 = CARTESIAN_POINT('',(0.675131532937,0.));
#1369 = CARTESIAN_POINT('',(0.699335604069,1.342520546017E-17));
#1370 = CARTESIAN_POINT('',(0.723328361646,1.066075053376E-03));
#1371 = CARTESIAN_POINT('',(0.74711468596,3.078302917875E-03));
#1372 = CARTESIAN_POINT('',(0.770699239518,5.923421071826E-03));
#1373 = CARTESIAN_POINT('',(0.794086467047,9.494826714146E-03));
#1374 = CARTESIAN_POINT('',(0.81728059549,1.369257676434E-02));
#1375 = CARTESIAN_POINT('',(0.919695697818,3.475346315889E-02));
#1376 = CARTESIAN_POINT('',(0.996919685533,5.74471729428E-02));
#1377 = CARTESIAN_POINT('',(1.07236445759,8.27272112025E-02));
#1378 = CARTESIAN_POINT('',(1.146388798546,0.107800412439));
#1379 = CARTESIAN_POINT('',(1.21934342762,0.130539123426));
#1380 = CARTESIAN_POINT('',(1.291574220038,0.149396694207));
#1381 = CARTESIAN_POINT('',(1.393221712621,0.169144470752));
#1382 = CARTESIAN_POINT('',(1.422918516759,0.17408595126));
#1383 = CARTESIAN_POINT('',(1.45255421183,0.178112116508));
#1384 = CARTESIAN_POINT('',(1.482144334103,0.1811684016));
#1385 = CARTESIAN_POINT('',(1.511704247052,0.183218232857));
#1386 = CARTESIAN_POINT('',(1.541249523339,0.184243194332));
#1387 = CARTESIAN_POINT('',(1.600202768559,0.184243194332));
#1388 = CARTESIAN_POINT('',(1.629607720472,0.183227947446));
#1389 = CARTESIAN_POINT('',(1.65902710357,0.181197542381));
#1390 = CARTESIAN_POINT('',(1.688476261594,0.178170047578));
#1391 = CARTESIAN_POINT('',(1.7179703338,0.174181348924));
#1392 = CARTESIAN_POINT('',(1.747524627773,0.169284987475));
#1393 = CARTESIAN_POINT('',(1.849387652518,0.149576160261));
#1394 = CARTESIAN_POINT('',(1.92197771383,0.130646442554));
#1395 = CARTESIAN_POINT('',(1.995297588866,0.107787024751));
#1396 = CARTESIAN_POINT('',(2.069698382099,8.256624560172E-02));
#1397 = CARTESIAN_POINT('',(2.145536120108,5.714524238613E-02));
#1398 = CARTESIAN_POINT('',(2.223174906012,3.436430051932E-02));
#1399 = CARTESIAN_POINT('',(2.325799087363,1.342458096703E-02));
#1400 = CARTESIAN_POINT('',(2.348755565223,9.304898722249E-03));
#1401 = CARTESIAN_POINT('',(2.371901321351,5.802418846499E-03));
#1402 = CARTESIAN_POINT('',(2.395240396422,3.014135613129E-03));
#1403 = CARTESIAN_POINT('',(2.418777043018,1.043416062104E-03));
#1404 = CARTESIAN_POINT('',(2.442515725629,-3.320431574002E-17));
#1405 = CARTESIAN_POINT('',(2.466461120653,0.));
#1406 = ( GEOMETRIC_REPRESENTATION_CONTEXT(2) 
PARAMETRIC_REPRESENTATION_CONTEXT() REPRESENTATION_CONTEXT('2D SPACE',''
  ) );
#1407 = PCURVE('',#1022,#1408);
#1408 = DEFINITIONAL_REPRESENTATION('',(#1409),#1448);
#1409 = B_SPLINE_CURVE_WITH_KNOTS('',7,(#1410,#1411,#1412,#1413,#1414,
    #1415,#1416,#1417,#1418,#1419,#1420,#1421,#1422,#1423,#1424,#1425,
    #1426,#1427,#1428,#1429,#1430,#1431,#1432,#1433,#1434,#1435,#1436,
    #1437,#1438,#1439,#1440,#1441,#1442,#1443,#1444,#1445,#1446,#1447),
  .UNSPECIFIED.,.F.,.F.,(8,6,6,6,6,6,8),(0.,8.500759686341E-02,
    0.37844151945,0.49999820278,0.620977432723,0.915899610466,1.),
  .UNSPECIFIED.);
#1410 = CARTESIAN_POINT('',(-1.570796326795,13.497999199359));
#1411 = CARTESIAN_POINT('',(-1.555680889218,13.449591057096));
#1412 = CARTESIAN_POINT('',(-1.541039084732,13.399898280499));
#1413 = CARTESIAN_POINT('',(-1.526866119271,13.349010942711));
#1414 = CARTESIAN_POINT('',(-1.513157630603,13.297015770811));
#1415 = CARTESIAN_POINT('',(-1.499909688323,13.243996145817));
#1416 = CARTESIAN_POINT('',(-1.487118793857,13.190032102682));
#1417 = CARTESIAN_POINT('',(-1.432196640745,12.945928986951));
#1418 = CARTESIAN_POINT('',(-1.394983953016,12.746159627966));
#1419 = CARTESIAN_POINT('',(-1.362894605074,12.538427914383));
#1420 = CARTESIAN_POINT('',(-1.335799356102,12.324600729359));
#1421 = CARTESIAN_POINT('',(-1.313627471946,12.106057432656));
#1422 = CARTESIAN_POINT('',(-1.296358485136,11.883840026856));
#1423 = CARTESIAN_POINT('',(-1.278905074381,11.565535316759));
#1424 = CARTESIAN_POINT('',(-1.274641107438,11.471859743151));
#1425 = CARTESIAN_POINT('',(-1.271227520494,11.377835538338));
#1426 = CARTESIAN_POINT('',(-1.268665999218,11.283551558269));
#1427 = CARTESIAN_POINT('',(-1.266957807405,11.189094657253));
#1428 = CARTESIAN_POINT('',(-1.266103672779,11.094549771058));
#1429 = CARTESIAN_POINT('',(-1.266103672779,10.905899386356));
#1430 = CARTESIAN_POINT('',(-1.26694971196,10.811803538236));
#1431 = CARTESIAN_POINT('',(-1.268641715224,10.717794420456));
#1432 = CARTESIAN_POINT('',(-1.271178968786,10.623955790861));
#1433 = CARTESIAN_POINT('',(-1.274560231149,10.53037328097));
#1434 = CARTESIAN_POINT('',(-1.278783844078,10.437134476618));
#1435 = CARTESIAN_POINT('',(-1.296192820139,10.118088562984));
#1436 = CARTESIAN_POINT('',(-1.313515956355,9.894719799091));
#1437 = CARTESIAN_POINT('',(-1.335791520706,9.675055927836));
#1438 = CARTESIAN_POINT('',(-1.363040222722,9.460153440978));
#1439 = CARTESIAN_POINT('',(-1.395334022932,9.251413217524));
#1440 = CARTESIAN_POINT('',(-1.432804405261,9.050734500605));
#1441 = CARTESIAN_POINT('',(-1.487939446928,8.806510533426));
#1442 = CARTESIAN_POINT('',(-1.500617809724,8.753173154146));
#1443 = CARTESIAN_POINT('',(-1.513743713233,8.700763227319));
#1444 = CARTESIAN_POINT('',(-1.527320527523,8.649358506075));
#1445 = CARTESIAN_POINT('',(-1.541352035397,8.59903992311));
#1446 = CARTESIAN_POINT('',(-1.555842432396,8.549891590688));
#1447 = CARTESIAN_POINT('',(-1.570796326795,8.502000800641));
#1448 = ( GEOMETRIC_REPRESENTATION_CONTEXT(2) 
PARAMETRIC_REPRESENTATION_CONTEXT() REPRESENTATION_CONTEXT('2D SPACE',''
  ) );
#1449 = ORIENTED_EDGE('',*,*,#1450,.T.);
#1450 = EDGE_CURVE('',#1323,#1451,#1453,.T.);
#1451 = VERTEX_POINT('',#1452);
#1452 = CARTESIAN_POINT('',(2.497999199359,-2.,80.));
#1453 = SURFACE_CURVE('',#1454,(#1459,#1466),.PCURVE_S1.);
#1454 = CIRCLE('',#1455,3.2);
#1455 = AXIS2_PLACEMENT_3D('',#1456,#1457,#1458);
#1456 = CARTESIAN_POINT('',(0.,0.,80.));
#1457 = DIRECTION('',(0.,0.,-1.));
#1458 = DIRECTION('',(-1.,0.,0.));
#1459 = PCURVE('',#458,#1460);
#1460 = DEFINITIONAL_REPRESENTATION('',(#1461),#1465);
#1461 = LINE('',#1462,#1463);
#1462 = CARTESIAN_POINT('',(0.,0.));
#1463 = VECTOR('',#1464,1.);
#1464 = DIRECTION('',(1.,0.));
#1465 = ( GEOMETRIC_REPRESENTATION_CONTEXT(2) 
PARAMETRIC_REPRESENTATION_CONTEXT() REPRESENTATION_CONTEXT('2D SPACE',''
  ) );
#1466 = PCURVE('',#989,#1467);
#1467 = DEFINITIONAL_REPRESENTATION('',(#1468),#1476);
#1468 = ( BOUNDED_CURVE() B_SPLINE_CURVE(2,(#1469,#1470,#1471,#1472,
#1473,#1474,#1475),.UNSPECIFIED.,.T.,.F.) B_SPLINE_CURVE_WITH_KNOTS((1,2
    ,2,2,2,1),(-2.094395102393,0.,2.094395102393,4.188790204786,
6.28318530718,8.377580409573),.UNSPECIFIED.) CURVE() 
GEOMETRIC_REPRESENTATION_ITEM() RATIONAL_B_SPLINE_CURVE((1.,0.5,1.,0.5,
1.,0.5,1.)) REPRESENTATION_ITEM('') );
#1469 = CARTESIAN_POINT('',(-3.2,0.));
#1470 = CARTESIAN_POINT('',(-3.2,5.54256258422));
#1471 = CARTESIAN_POINT('',(1.6,2.77128129211));
#1472 = CARTESIAN_POINT('',(6.4,7.837739514543E-16));
#1473 = CARTESIAN_POINT('',(1.6,-2.77128129211));
#1474 = CARTESIAN_POINT('',(-3.2,-5.54256258422));
#1475 = CARTESIAN_POINT('',(-3.2,0.));
#1476 = ( GEOMETRIC_REPRESENTATION_CONTEXT(2) 
PARAMETRIC_REPRESENTATION_CONTEXT() REPRESENTATION_CONTEXT('2D SPACE',''
  ) );
#1477 = ORIENTED_EDGE('',*,*,#1478,.T.);
#1478 = EDGE_CURVE('',#1451,#1479,#1481,.T.);
#1479 = VERTEX_POINT('',#1480);
#1480 = CARTESIAN_POINT('',(-2.497999199359,-2.,80.));
#1481 = SURFACE_CURVE('',#1482,(#1521,#1563),.PCURVE_S1.);
#1482 = B_SPLINE_CURVE_WITH_KNOTS('',7,(#1483,#1484,#1485,#1486,#1487,
    #1488,#1489,#1490,#1491,#1492,#1493,#1494,#1495,#1496,#1497,#1498,
    #1499,#1500,#1501,#1502,#1503,#1504,#1505,#1506,#1507,#1508,#1509,
    #1510,#1511,#1512,#1513,#1514,#1515,#1516,#1517,#1518,#1519,#1520),
  .UNSPECIFIED.,.F.,.F.,(8,6,6,6,6,6,8),(0.,8.500760771309E-02,
    0.378441522802,0.499998203026,0.620977429878,0.915899600085,1.),
  .UNSPECIFIED.);
#1483 = CARTESIAN_POINT('',(2.497999199359,-2.,80.));
#1484 = CARTESIAN_POINT('',(2.449591064913,-2.060461740545,80.));
#1485 = CARTESIAN_POINT('',(2.399898281094,-2.119028470038,
    79.998933924614));
#1486 = CARTESIAN_POINT('',(2.349010936082,-2.175697993251,
    79.996921696628));
#1487 = CARTESIAN_POINT('',(2.297015764415,-2.230471196332,
    79.994076578764));
#1488 = CARTESIAN_POINT('',(2.243996146995,-2.28335204681,
    79.990505173678));
#1489 = CARTESIAN_POINT('',(2.190032111082,-2.334347593589,
    79.98630742396));
#1490 = CARTESIAN_POINT('',(1.945928986951,-2.553024361432,
    79.965246536841));
#1491 = CARTESIAN_POINT('',(1.746159627964,-2.700378047102,
    79.942552827057));
#1492 = CARTESIAN_POINT('',(1.538427914387,-2.826388748783,
    79.917272788798));
#1493 = CARTESIAN_POINT('',(1.324600729355,-2.931908097256,
    79.892199587561));
#1494 = CARTESIAN_POINT('',(1.106057432658,-3.017652352387,
    79.869460876574));
#1495 = CARTESIAN_POINT('',(0.883840026855,-3.084108393323,
    79.850603305793));
#1496 = CARTESIAN_POINT('',(0.565535316759,-3.151070846032,
    79.830855529248));
#1497 = CARTESIAN_POINT('',(0.471859743151,-3.167395609119,
    79.82591404874));
#1498 = CARTESIAN_POINT('',(0.377835538338,-3.180443162656,
    79.821887883492));
#1499 = CARTESIAN_POINT('',(0.283551558269,-3.190222822009,79.8188315984
    ));
#1500 = CARTESIAN_POINT('',(0.189094657253,-3.196740787269,
    79.816781767143));
#1501 = CARTESIAN_POINT('',(9.454977105805E-02,-3.2,79.815756805668));
#1502 = CARTESIAN_POINT('',(-9.410061364444E-02,-3.2,79.815756805668));
#1503 = CARTESIAN_POINT('',(-0.188196461764,-3.196771678691,
    79.816772052554));
#1504 = CARTESIAN_POINT('',(-0.282205579544,-3.190315482807,
    79.818802457619));
#1505 = CARTESIAN_POINT('',(-0.376044209139,-3.180628527274,
    79.821829952423));
#1506 = CARTESIAN_POINT('',(-0.46962671903,-3.167704734697,
    79.825818651076));
#1507 = CARTESIAN_POINT('',(-0.562865523382,-3.151534974836,
    79.830715012525));
#1508 = CARTESIAN_POINT('',(-0.881911437016,-3.084746343396,
    79.850423839739));
#1509 = CARTESIAN_POINT('',(-1.105280200908,-3.018085627409,
    79.869353557446));
#1510 = CARTESIAN_POINT('',(-1.324944072164,-2.931944206069,
    79.892212975249));
#1511 = CARTESIAN_POINT('',(-1.539846559021,-2.825827840528,
    79.917433754398));
#1512 = CARTESIAN_POINT('',(-1.748586782476,-2.699008193821,
    79.942854757614));
#1513 = CARTESIAN_POINT('',(-1.949265499395,-2.550619461925,
    79.965635699481));
#1514 = CARTESIAN_POINT('',(-2.193489474647,-2.331075624739,
    79.986575419725));
#1515 = CARTESIAN_POINT('',(-2.246826846993,-2.280525414071,
    79.990695101652));
#1516 = CARTESIAN_POINT('',(-2.299236766542,-2.228129444984,
    79.994197580997));
#1517 = CARTESIAN_POINT('',(-2.350641487554,-2.173881090231,
    79.996985863954));
#1518 = CARTESIAN_POINT('',(-2.40096007745,-2.117776693265,
    79.99895658362));
#1519 = CARTESIAN_POINT('',(-2.450108416806,-2.059815568237,80.));
#1520 = CARTESIAN_POINT('',(-2.497999199359,-2.,80.));
#1521 = PCURVE('',#458,#1522);
#1522 = DEFINITIONAL_REPRESENTATION('',(#1523),#1562);
#1523 = B_SPLINE_CURVE_WITH_KNOTS('',7,(#1524,#1525,#1526,#1527,#1528,
    #1529,#1530,#1531,#1532,#1533,#1534,#1535,#1536,#1537,#1538,#1539,
    #1540,#1541,#1542,#1543,#1544,#1545,#1546,#1547,#1548,#1549,#1550,
    #1551,#1552,#1553,#1554,#1555,#1556,#1557,#1558,#1559,#1560,#1561),
  .UNSPECIFIED.,.F.,.F.,(8,6,6,6,6,6,8),(0.,8.500760771309E-02,
    0.378441522802,0.499998203026,0.620977429878,0.915899600085,1.),
  .UNSPECIFIED.);
#1524 = CARTESIAN_POINT('',(3.816724186527,0.));
#1525 = CARTESIAN_POINT('',(3.84092825375,0.));
#1526 = CARTESIAN_POINT('',(3.86492101463,1.066075386304E-03));
#1527 = CARTESIAN_POINT('',(3.888707342445,3.078303372208E-03));
#1528 = CARTESIAN_POINT('',(3.912291896157,5.923421236286E-03));
#1529 = CARTESIAN_POINT('',(3.935679120416,9.494826322391E-03));
#1530 = CARTESIAN_POINT('',(3.958873245555,1.369257603965E-02));
#1531 = CARTESIAN_POINT('',(4.061288351407,3.475346315888E-02));
#1532 = CARTESIAN_POINT('',(4.138512339123,5.744717294289E-02));
#1533 = CARTESIAN_POINT('',(4.213957111179,8.272721120228E-02));
#1534 = CARTESIAN_POINT('',(4.287981452137,0.107800412439));
#1535 = CARTESIAN_POINT('',(4.360936081209,0.130539123426));
#1536 = CARTESIAN_POINT('',(4.433166873628,0.149396694207));
#1537 = CARTESIAN_POINT('',(4.534814366211,0.169144470752));
#1538 = CARTESIAN_POINT('',(4.564511170349,0.17408595126));
#1539 = CARTESIAN_POINT('',(4.59414686542,0.178112116508));
#1540 = CARTESIAN_POINT('',(4.623736987692,0.1811684016));
#1541 = CARTESIAN_POINT('',(4.653296900642,0.183218232857));
#1542 = CARTESIAN_POINT('',(4.682842176929,0.184243194332));
#1543 = CARTESIAN_POINT('',(4.741795422149,0.184243194332));
#1544 = CARTESIAN_POINT('',(4.771200374061,0.183227947446));
#1545 = CARTESIAN_POINT('',(4.80061975716,0.181197542381));
#1546 = CARTESIAN_POINT('',(4.830068915184,0.178170047578));
#1547 = CARTESIAN_POINT('',(4.85956298739,0.174181348924));
#1548 = CARTESIAN_POINT('',(4.889117281363,0.169284987475));
#1549 = CARTESIAN_POINT('',(4.990980306108,0.149576160261));
#1550 = CARTESIAN_POINT('',(5.06357036742,0.130646442554));
#1551 = CARTESIAN_POINT('',(5.136890242456,0.107787024751));
#1552 = CARTESIAN_POINT('',(5.211291035688,8.256624560177E-02));
#1553 = CARTESIAN_POINT('',(5.287128773698,5.714524238609E-02));
#1554 = CARTESIAN_POINT('',(5.364767559602,3.436430051934E-02));
#1555 = CARTESIAN_POINT('',(5.467391744345,1.342458027481E-02));
#1556 = CARTESIAN_POINT('',(5.490348219031,9.304898347692E-03));
#1557 = CARTESIAN_POINT('',(5.513493972013,5.802419002959E-03));
#1558 = CARTESIAN_POINT('',(5.536833047226,3.014136046477E-03));
#1559 = CARTESIAN_POINT('',(5.560369697181,1.043416379766E-03));
#1560 = CARTESIAN_POINT('',(5.584108382966,8.507111913243E-18));
#1561 = CARTESIAN_POINT('',(5.608053774243,0.));
#1562 = ( GEOMETRIC_REPRESENTATION_CONTEXT(2) 
PARAMETRIC_REPRESENTATION_CONTEXT() REPRESENTATION_CONTEXT('2D SPACE',''
  ) );
#1563 = PCURVE('',#961,#1564);
#1564 = DEFINITIONAL_REPRESENTATION('',(#1565),#1604);
#1565 = B_SPLINE_CURVE_WITH_KNOTS('',7,(#1566,#1567,#1568,#1569,#1570,
    #1571,#1572,#1573,#1574,#1575,#1576,#1577,#1578,#1579,#1580,#1581,
    #1582,#1583,#1584,#1585,#1586,#1587,#1588,#1589,#1590,#1591,#1592,
    #1593,#1594,#1595,#1596,#1597,#1598,#1599,#1600,#1601,#1602,#1603),
  .UNSPECIFIED.,.F.,.F.,(8,6,6,6,6,6,8),(0.,8.500760771309E-02,
    0.378441522802,0.499998203026,0.620977429878,0.915899600085,1.),
  .UNSPECIFIED.);
#1566 = CARTESIAN_POINT('',(-1.570796326795,13.497999199359));
#1567 = CARTESIAN_POINT('',(-1.555680891659,13.449591064913));
#1568 = CARTESIAN_POINT('',(-1.54103908525,13.399898281094));
#1569 = CARTESIAN_POINT('',(-1.526866117654,13.349010936082));
#1570 = CARTESIAN_POINT('',(-1.513157628765,13.297015764415));
#1571 = CARTESIAN_POINT('',(-1.499909688291,13.243996146995));
#1572 = CARTESIAN_POINT('',(-1.487118795747,13.190032111082));
#1573 = CARTESIAN_POINT('',(-1.432196640745,12.945928986951));
#1574 = CARTESIAN_POINT('',(-1.394983953016,12.746159627964));
#1575 = CARTESIAN_POINT('',(-1.362894605074,12.538427914388));
#1576 = CARTESIAN_POINT('',(-1.335799356102,12.324600729355));
#1577 = CARTESIAN_POINT('',(-1.313627471946,12.106057432658));
#1578 = CARTESIAN_POINT('',(-1.296358485136,11.883840026855));
#1579 = CARTESIAN_POINT('',(-1.278905074381,11.565535316759));
#1580 = CARTESIAN_POINT('',(-1.274641107438,11.471859743151));
#1581 = CARTESIAN_POINT('',(-1.271227520494,11.377835538338));
#1582 = CARTESIAN_POINT('',(-1.268665999218,11.283551558269));
#1583 = CARTESIAN_POINT('',(-1.266957807405,11.189094657253));
#1584 = CARTESIAN_POINT('',(-1.266103672779,11.094549771058));
#1585 = CARTESIAN_POINT('',(-1.266103672779,10.905899386356));
#1586 = CARTESIAN_POINT('',(-1.26694971196,10.811803538236));
#1587 = CARTESIAN_POINT('',(-1.268641715224,10.717794420456));
#1588 = CARTESIAN_POINT('',(-1.271178968786,10.623955790861));
#1589 = CARTESIAN_POINT('',(-1.274560231149,10.53037328097));
#1590 = CARTESIAN_POINT('',(-1.278783844078,10.437134476618));
#1591 = CARTESIAN_POINT('',(-1.296192820139,10.118088562984));
#1592 = CARTESIAN_POINT('',(-1.313515956355,9.894719799092));
#1593 = CARTESIAN_POINT('',(-1.335791520706,9.675055927836));
#1594 = CARTESIAN_POINT('',(-1.363040222722,9.460153440979));
#1595 = CARTESIAN_POINT('',(-1.395334022932,9.251413217524));
#1596 = CARTESIAN_POINT('',(-1.432804405261,9.050734500605));
#1597 = CARTESIAN_POINT('',(-1.487939448751,8.806510525353));
#1598 = CARTESIAN_POINT('',(-1.500617809698,8.753173153007));
#1599 = CARTESIAN_POINT('',(-1.513743711468,8.700763233458));
#1600 = CARTESIAN_POINT('',(-1.527320525964,8.649358512446));
#1601 = CARTESIAN_POINT('',(-1.541352035889,8.59903992255));
#1602 = CARTESIAN_POINT('',(-1.555842434736,8.549891583194));
#1603 = CARTESIAN_POINT('',(-1.570796326795,8.502000800641));
#1604 = ( GEOMETRIC_REPRESENTATION_CONTEXT(2) 
PARAMETRIC_REPRESENTATION_CONTEXT() REPRESENTATION_CONTEXT('2D SPACE',''
  ) );
#1605 = ORIENTED_EDGE('',*,*,#1606,.T.);
#1606 = EDGE_CURVE('',#1479,#1267,#1607,.T.);
#1607 = SURFACE_CURVE('',#1608,(#1613,#1620),.PCURVE_S1.);
#1608 = CIRCLE('',#1609,3.2);
#1609 = AXIS2_PLACEMENT_3D('',#1610,#1611,#1612);
#1610 = CARTESIAN_POINT('',(0.,0.,80.));
#1611 = DIRECTION('',(0.,0.,-1.));
#1612 = DIRECTION('',(-1.,0.,0.));
#1613 = PCURVE('',#458,#1614);
#1614 = DEFINITIONAL_REPRESENTATION('',(#1615),#1619);
#1615 = LINE('',#1616,#1617);
#1616 = CARTESIAN_POINT('',(0.,0.));
#1617 = VECTOR('',#1618,1.);
#1618 = DIRECTION('',(1.,0.));
#1619 = ( GEOMETRIC_REPRESENTATION_CONTEXT(2) 
PARAMETRIC_REPRESENTATION_CONTEXT() REPRESENTATION_CONTEXT('2D SPACE',''
  ) );
#1620 = PCURVE('',#1306,#1621);
#1621 = DEFINITIONAL_REPRESENTATION('',(#1622),#1630);
#1622 = ( BOUNDED_CURVE() B_SPLINE_CURVE(2,(#1623,#1624,#1625,#1626,
#1627,#1628,#1629),.UNSPECIFIED.,.T.,.F.) B_SPLINE_CURVE_WITH_KNOTS((1,2
    ,2,2,2,1),(-2.094395102393,0.,2.094395102393,4.188790204786,
6.28318530718,8.377580409573),.UNSPECIFIED.) CURVE() 
GEOMETRIC_REPRESENTATION_ITEM() RATIONAL_B_SPLINE_CURVE((1.,0.5,1.,0.5,
1.,0.5,1.)) REPRESENTATION_ITEM('') );
#1623 = CARTESIAN_POINT('',(-3.2,0.));
#1624 = CARTESIAN_POINT('',(-3.2,5.54256258422));
#1625 = CARTESIAN_POINT('',(1.6,2.77128129211));
#1626 = CARTESIAN_POINT('',(6.4,7.837739514543E-16));
#1627 = CARTESIAN_POINT('',(1.6,-2.77128129211));
#1628 = CARTESIAN_POINT('',(-3.2,-5.54256258422));
#1629 = CARTESIAN_POINT('',(-3.2,0.));
#1630 = ( GEOMETRIC_REPRESENTATION_CONTEXT(2) 
PARAMETRIC_REPRESENTATION_CONTEXT() REPRESENTATION_CONTEXT('2D SPACE',''
  ) );
#1631 = ORIENTED_EDGE('',*,*,#1266,.T.);
#1632 = ORIENTED_EDGE('',*,*,#470,.F.);
#1633 = ORIENTED_EDGE('',*,*,#1133,.F.);
#1634 = ORIENTED_EDGE('',*,*,#543,.F.);
#1635 = ORIENTED_EDGE('',*,*,#757,.F.);
#1636 = ADVANCED_FACE('',(#1637),#590,.F.);
#1637 = FACE_BOUND('',#1638,.F.);
#1638 = EDGE_LOOP('',(#1639,#1662,#1686,#1709,#1737,#1758,#1759,#1760));
#1639 = ORIENTED_EDGE('',*,*,#1640,.T.);
#1640 = EDGE_CURVE('',#706,#1641,#1643,.T.);
#1641 = VERTEX_POINT('',#1642);
#1642 = CARTESIAN_POINT('',(-11.,6.,76.));
#1643 = SURFACE_CURVE('',#1644,(#1648,#1655),.PCURVE_S1.);
#1644 = LINE('',#1645,#1646);
#1645 = CARTESIAN_POINT('',(-11.,6.,40.));
#1646 = VECTOR('',#1647,1.);
#1647 = DIRECTION('',(0.,0.,1.));
#1648 = PCURVE('',#590,#1649);
#1649 = DEFINITIONAL_REPRESENTATION('',(#1650),#1654);
#1650 = LINE('',#1651,#1652);
#1651 = CARTESIAN_POINT('',(0.,0.));
#1652 = VECTOR('',#1653,1.);
#1653 = DIRECTION('',(0.,-1.));
#1654 = ( GEOMETRIC_REPRESENTATION_CONTEXT(2) 
PARAMETRIC_REPRESENTATION_CONTEXT() REPRESENTATION_CONTEXT('2D SPACE',''
  ) );
#1655 = PCURVE('',#721,#1656);
#1656 = DEFINITIONAL_REPRESENTATION('',(#1657),#1661);
#1657 = LINE('',#1658,#1659);
#1658 = CARTESIAN_POINT('',(22.,0.));
#1659 = VECTOR('',#1660,1.);
#1660 = DIRECTION('',(0.,-1.));
#1661 = ( GEOMETRIC_REPRESENTATION_CONTEXT(2) 
PARAMETRIC_REPRESENTATION_CONTEXT() REPRESENTATION_CONTEXT('2D SPACE',''
  ) );
#1662 = ORIENTED_EDGE('',*,*,#1663,.T.);
#1663 = EDGE_CURVE('',#1641,#1664,#1666,.T.);
#1664 = VERTEX_POINT('',#1665);
#1665 = CARTESIAN_POINT('',(-11.,2.,80.));
#1666 = SURFACE_CURVE('',#1667,(#1672,#1679),.PCURVE_S1.);
#1667 = CIRCLE('',#1668,4.);
#1668 = AXIS2_PLACEMENT_3D('',#1669,#1670,#1671);
#1669 = CARTESIAN_POINT('',(-11.,2.,76.));
#1670 = DIRECTION('',(1.,-0.,0.));
#1671 = DIRECTION('',(0.,0.,-1.));
#1672 = PCURVE('',#590,#1673);
#1673 = DEFINITIONAL_REPRESENTATION('',(#1674),#1678);
#1674 = CIRCLE('',#1675,4.);
#1675 = AXIS2_PLACEMENT_2D('',#1676,#1677);
#1676 = CARTESIAN_POINT('',(4.,-36.));
#1677 = DIRECTION('',(0.,1.));
#1678 = ( GEOMETRIC_REPRESENTATION_CONTEXT(2) 
PARAMETRIC_REPRESENTATION_CONTEXT() REPRESENTATION_CONTEXT('2D SPACE',''
  ) );
#1679 = PCURVE('',#1022,#1680);
#1680 = DEFINITIONAL_REPRESENTATION('',(#1681),#1685);
#1681 = LINE('',#1682,#1683);
#1682 = CARTESIAN_POINT('',(1.570796326795,22.));
#1683 = VECTOR('',#1684,1.);
#1684 = DIRECTION('',(-1.,0.));
#1685 = ( GEOMETRIC_REPRESENTATION_CONTEXT(2) 
PARAMETRIC_REPRESENTATION_CONTEXT() REPRESENTATION_CONTEXT('2D SPACE',''
  ) );
#1686 = ORIENTED_EDGE('',*,*,#1687,.T.);
#1687 = EDGE_CURVE('',#1664,#1688,#1690,.T.);
#1688 = VERTEX_POINT('',#1689);
#1689 = CARTESIAN_POINT('',(-11.,-2.,80.));
#1690 = SURFACE_CURVE('',#1691,(#1695,#1702),.PCURVE_S1.);
#1691 = LINE('',#1692,#1693);
#1692 = CARTESIAN_POINT('',(-11.,6.,80.));
#1693 = VECTOR('',#1694,1.);
#1694 = DIRECTION('',(0.,-1.,0.));
#1695 = PCURVE('',#590,#1696);
#1696 = DEFINITIONAL_REPRESENTATION('',(#1697),#1701);
#1697 = LINE('',#1698,#1699);
#1698 = CARTESIAN_POINT('',(0.,-40.));
#1699 = VECTOR('',#1700,1.);
#1700 = DIRECTION('',(1.,0.));
#1701 = ( GEOMETRIC_REPRESENTATION_CONTEXT(2) 
PARAMETRIC_REPRESENTATION_CONTEXT() REPRESENTATION_CONTEXT('2D SPACE',''
  ) );
#1702 = PCURVE('',#1306,#1703);
#1703 = DEFINITIONAL_REPRESENTATION('',(#1704),#1708);
#1704 = LINE('',#1705,#1706);
#1705 = CARTESIAN_POINT('',(-11.,6.));
#1706 = VECTOR('',#1707,1.);
#1707 = DIRECTION('',(0.,-1.));
#1708 = ( GEOMETRIC_REPRESENTATION_CONTEXT(2) 
PARAMETRIC_REPRESENTATION_CONTEXT() REPRESENTATION_CONTEXT('2D SPACE',''
  ) );
#1709 = ORIENTED_EDGE('',*,*,#1710,.F.);
#1710 = EDGE_CURVE('',#1711,#1688,#1713,.T.);
#1711 = VERTEX_POINT('',#1712);
#1712 = CARTESIAN_POINT('',(-11.,-6.,76.));
#1713 = SURFACE_CURVE('',#1714,(#1719,#1730),.PCURVE_S1.);
#1714 = CIRCLE('',#1715,4.);
#1715 = AXIS2_PLACEMENT_3D('',#1716,#1717,#1718);
#1716 = CARTESIAN_POINT('',(-11.,-2.,76.));
#1717 = DIRECTION('',(-1.,0.,-0.));
#1718 = DIRECTION('',(-0.,0.,1.));
#1719 = PCURVE('',#590,#1720);
#1720 = DEFINITIONAL_REPRESENTATION('',(#1721),#1729);
#1721 = ( BOUNDED_CURVE() B_SPLINE_CURVE(2,(#1722,#1723,#1724,#1725,
#1726,#1727,#1728),.UNSPECIFIED.,.T.,.F.) B_SPLINE_CURVE_WITH_KNOTS((1,2
    ,2,2,2,1),(-2.094395102393,0.,2.094395102393,4.188790204786,
6.28318530718,8.377580409573),.UNSPECIFIED.) CURVE() 
GEOMETRIC_REPRESENTATION_ITEM() RATIONAL_B_SPLINE_CURVE((1.,0.5,1.,0.5,
1.,0.5,1.)) REPRESENTATION_ITEM('') );
#1722 = CARTESIAN_POINT('',(8.,-40.));
#1723 = CARTESIAN_POINT('',(1.071796769724,-40.));
#1724 = CARTESIAN_POINT('',(4.535898384862,-34.));
#1725 = CARTESIAN_POINT('',(8.,-28.));
#1726 = CARTESIAN_POINT('',(11.464101615138,-34.));
#1727 = CARTESIAN_POINT('',(14.928203230276,-40.));
#1728 = CARTESIAN_POINT('',(8.,-40.));
#1729 = ( GEOMETRIC_REPRESENTATION_CONTEXT(2) 
PARAMETRIC_REPRESENTATION_CONTEXT() REPRESENTATION_CONTEXT('2D SPACE',''
  ) );
#1730 = PCURVE('',#961,#1731);
#1731 = DEFINITIONAL_REPRESENTATION('',(#1732),#1736);
#1732 = LINE('',#1733,#1734);
#1733 = CARTESIAN_POINT('',(4.712388980385,-0.));
#1734 = VECTOR('',#1735,1.);
#1735 = DIRECTION('',(-1.,0.));
#1736 = ( GEOMETRIC_REPRESENTATION_CONTEXT(2) 
PARAMETRIC_REPRESENTATION_CONTEXT() REPRESENTATION_CONTEXT('2D SPACE',''
  ) );
#1737 = ORIENTED_EDGE('',*,*,#1738,.F.);
#1738 = EDGE_CURVE('',#1087,#1711,#1739,.T.);
#1739 = SURFACE_CURVE('',#1740,(#1744,#1751),.PCURVE_S1.);
#1740 = LINE('',#1741,#1742);
#1741 = CARTESIAN_POINT('',(-11.,-6.,40.));
#1742 = VECTOR('',#1743,1.);
#1743 = DIRECTION('',(0.,0.,1.));
#1744 = PCURVE('',#590,#1745);
#1745 = DEFINITIONAL_REPRESENTATION('',(#1746),#1750);
#1746 = LINE('',#1747,#1748);
#1747 = CARTESIAN_POINT('',(12.,0.));
#1748 = VECTOR('',#1749,1.);
#1749 = DIRECTION('',(0.,-1.));
#1750 = ( GEOMETRIC_REPRESENTATION_CONTEXT(2) 
PARAMETRIC_REPRESENTATION_CONTEXT() REPRESENTATION_CONTEXT('2D SPACE',''
  ) );
#1751 = PCURVE('',#932,#1752);
#1752 = DEFINITIONAL_REPRESENTATION('',(#1753),#1757);
#1753 = LINE('',#1754,#1755);
#1754 = CARTESIAN_POINT('',(0.,0.));
#1755 = VECTOR('',#1756,1.);
#1756 = DIRECTION('',(0.,-1.));
#1757 = ( GEOMETRIC_REPRESENTATION_CONTEXT(2) 
PARAMETRIC_REPRESENTATION_CONTEXT() REPRESENTATION_CONTEXT('2D SPACE',''
  ) );
#1758 = ORIENTED_EDGE('',*,*,#1109,.T.);
#1759 = ORIENTED_EDGE('',*,*,#572,.F.);
#1760 = ORIENTED_EDGE('',*,*,#885,.F.);
#1761 = ADVANCED_FACE('',(#1762,#1765),#688,.F.);
#1762 = FACE_BOUND('',#1763,.F.);
#1763 = EDGE_LOOP('',(#1764));
#1764 = ORIENTED_EDGE('',*,*,#673,.T.);
#1765 = FACE_BOUND('',#1766,.F.);
#1766 = EDGE_LOOP('',(#1767));
#1767 = ORIENTED_EDGE('',*,*,#1768,.T.);
#1768 = EDGE_CURVE('',#1769,#1769,#1771,.T.);
#1769 = VERTEX_POINT('',#1770);
#1770 = CARTESIAN_POINT('',(-3.2,-7.837739514543E-16,0.));
#1771 = SURFACE_CURVE('',#1772,(#1777,#1788),.PCURVE_S1.);
#1772 = CIRCLE('',#1773,3.2);
#1773 = AXIS2_PLACEMENT_3D('',#1774,#1775,#1776);
#1774 = CARTESIAN_POINT('',(0.,0.,0.));
#1775 = DIRECTION('',(0.,0.,-1.));
#1776 = DIRECTION('',(-1.,0.,0.));
#1777 = PCURVE('',#688,#1778);
#1778 = DEFINITIONAL_REPRESENTATION('',(#1779),#1787);
#1779 = ( BOUNDED_CURVE() B_SPLINE_CURVE(2,(#1780,#1781,#1782,#1783,
#1784,#1785,#1786),.UNSPECIFIED.,.T.,.F.) B_SPLINE_CURVE_WITH_KNOTS((1,2
    ,2,2,2,1),(-2.094395102393,0.,2.094395102393,4.188790204786,
6.28318530718,8.377580409573),.UNSPECIFIED.) CURVE() 
GEOMETRIC_REPRESENTATION_ITEM() RATIONAL_B_SPLINE_CURVE((1.,0.5,1.,0.5,
1.,0.5,1.)) REPRESENTATION_ITEM('') );
#1780 = CARTESIAN_POINT('',(-3.2,2.388061258337E-16));
#1781 = CARTESIAN_POINT('',(-3.2,5.54256258422));
#1782 = CARTESIAN_POINT('',(1.6,2.77128129211));
#1783 = CARTESIAN_POINT('',(6.4,1.022580077288E-15));
#1784 = CARTESIAN_POINT('',(1.6,-2.77128129211));
#1785 = CARTESIAN_POINT('',(-3.2,-5.54256258422));
#1786 = CARTESIAN_POINT('',(-3.2,2.388061258337E-16));
#1787 = ( GEOMETRIC_REPRESENTATION_CONTEXT(2) 
PARAMETRIC_REPRESENTATION_CONTEXT() REPRESENTATION_CONTEXT('2D SPACE',''
  ) );
#1788 = PCURVE('',#1789,#1794);
#1789 = CYLINDRICAL_SURFACE('',#1790,3.2);
#1790 = AXIS2_PLACEMENT_3D('',#1791,#1792,#1793);
#1791 = CARTESIAN_POINT('',(0.,0.,34.));
#1792 = DIRECTION('',(0.,0.,-1.));
#1793 = DIRECTION('',(-1.,0.,0.));
#1794 = DEFINITIONAL_REPRESENTATION('',(#1795),#1799);
#1795 = LINE('',#1796,#1797);
#1796 = CARTESIAN_POINT('',(0.,34.));
#1797 = VECTOR('',#1798,1.);
#1798 = DIRECTION('',(1.,0.));
#1799 = ( GEOMETRIC_REPRESENTATION_CONTEXT(2) 
PARAMETRIC_REPRESENTATION_CONTEXT() REPRESENTATION_CONTEXT('2D SPACE',''
  ) );
#1800 = ADVANCED_FACE('',(#1801),#721,.F.);
#1801 = FACE_BOUND('',#1802,.F.);
#1802 = EDGE_LOOP('',(#1803,#1804,#1825,#1826));
#1803 = ORIENTED_EDGE('',*,*,#1034,.T.);
#1804 = ORIENTED_EDGE('',*,*,#1805,.T.);
#1805 = EDGE_CURVE('',#1002,#1641,#1806,.T.);
#1806 = SURFACE_CURVE('',#1807,(#1811,#1818),.PCURVE_S1.);
#1807 = LINE('',#1808,#1809);
#1808 = CARTESIAN_POINT('',(11.,6.,76.));
#1809 = VECTOR('',#1810,1.);
#1810 = DIRECTION('',(-1.,0.,0.));
#1811 = PCURVE('',#721,#1812);
#1812 = DEFINITIONAL_REPRESENTATION('',(#1813),#1817);
#1813 = LINE('',#1814,#1815);
#1814 = CARTESIAN_POINT('',(0.,-36.));
#1815 = VECTOR('',#1816,1.);
#1816 = DIRECTION('',(1.,0.));
#1817 = ( GEOMETRIC_REPRESENTATION_CONTEXT(2) 
PARAMETRIC_REPRESENTATION_CONTEXT() REPRESENTATION_CONTEXT('2D SPACE',''
  ) );
#1818 = PCURVE('',#1022,#1819);
#1819 = DEFINITIONAL_REPRESENTATION('',(#1820),#1824);
#1820 = LINE('',#1821,#1822);
#1821 = CARTESIAN_POINT('',(-0.,0.));
#1822 = VECTOR('',#1823,1.);
#1823 = DIRECTION('',(-0.,1.));
#1824 = ( GEOMETRIC_REPRESENTATION_CONTEXT(2) 
PARAMETRIC_REPRESENTATION_CONTEXT() REPRESENTATION_CONTEXT('2D SPACE',''
  ) );
#1825 = ORIENTED_EDGE('',*,*,#1640,.F.);
#1826 = ORIENTED_EDGE('',*,*,#703,.F.);
#1827 = ADVANCED_FACE('',(#1828),#932,.F.);
#1828 = FACE_BOUND('',#1829,.F.);
#1829 = EDGE_LOOP('',(#1830,#1831,#1852,#1853));
#1830 = ORIENTED_EDGE('',*,*,#1738,.T.);
#1831 = ORIENTED_EDGE('',*,*,#1832,.T.);
#1832 = EDGE_CURVE('',#1711,#917,#1833,.T.);
#1833 = SURFACE_CURVE('',#1834,(#1838,#1845),.PCURVE_S1.);
#1834 = LINE('',#1835,#1836);
#1835 = CARTESIAN_POINT('',(-11.,-6.,76.));
#1836 = VECTOR('',#1837,1.);
#1837 = DIRECTION('',(1.,0.,0.));
#1838 = PCURVE('',#932,#1839);
#1839 = DEFINITIONAL_REPRESENTATION('',(#1840),#1844);
#1840 = LINE('',#1841,#1842);
#1841 = CARTESIAN_POINT('',(0.,-36.));
#1842 = VECTOR('',#1843,1.);
#1843 = DIRECTION('',(1.,0.));
#1844 = ( GEOMETRIC_REPRESENTATION_CONTEXT(2) 
PARAMETRIC_REPRESENTATION_CONTEXT() REPRESENTATION_CONTEXT('2D SPACE',''
  ) );
#1845 = PCURVE('',#961,#1846);
#1846 = DEFINITIONAL_REPRESENTATION('',(#1847),#1851);
#1847 = LINE('',#1848,#1849);
#1848 = CARTESIAN_POINT('',(-0.,0.));
#1849 = VECTOR('',#1850,1.);
#1850 = DIRECTION('',(-0.,1.));
#1851 = ( GEOMETRIC_REPRESENTATION_CONTEXT(2) 
PARAMETRIC_REPRESENTATION_CONTEXT() REPRESENTATION_CONTEXT('2D SPACE',''
  ) );
#1852 = ORIENTED_EDGE('',*,*,#914,.F.);
#1853 = ORIENTED_EDGE('',*,*,#1086,.F.);
#1854 = ADVANCED_FACE('',(#1855),#961,.T.);
#1855 = FACE_BOUND('',#1856,.F.);
#1856 = EDGE_LOOP('',(#1857,#1858,#1859,#1880,#1881,#1902));
#1857 = ORIENTED_EDGE('',*,*,#1832,.F.);
#1858 = ORIENTED_EDGE('',*,*,#1710,.T.);
#1859 = ORIENTED_EDGE('',*,*,#1860,.T.);
#1860 = EDGE_CURVE('',#1688,#1479,#1861,.T.);
#1861 = SURFACE_CURVE('',#1862,(#1866,#1873),.PCURVE_S1.);
#1862 = LINE('',#1863,#1864);
#1863 = CARTESIAN_POINT('',(-11.,-2.,80.));
#1864 = VECTOR('',#1865,1.);
#1865 = DIRECTION('',(1.,0.,0.));
#1866 = PCURVE('',#961,#1867);
#1867 = DEFINITIONAL_REPRESENTATION('',(#1868),#1872);
#1868 = LINE('',#1869,#1870);
#1869 = CARTESIAN_POINT('',(-1.570796326795,0.));
#1870 = VECTOR('',#1871,1.);
#1871 = DIRECTION('',(-0.,1.));
#1872 = ( GEOMETRIC_REPRESENTATION_CONTEXT(2) 
PARAMETRIC_REPRESENTATION_CONTEXT() REPRESENTATION_CONTEXT('2D SPACE',''
  ) );
#1873 = PCURVE('',#1306,#1874);
#1874 = DEFINITIONAL_REPRESENTATION('',(#1875),#1879);
#1875 = LINE('',#1876,#1877);
#1876 = CARTESIAN_POINT('',(-11.,-2.));
#1877 = VECTOR('',#1878,1.);
#1878 = DIRECTION('',(1.,0.));
#1879 = ( GEOMETRIC_REPRESENTATION_CONTEXT(2) 
PARAMETRIC_REPRESENTATION_CONTEXT() REPRESENTATION_CONTEXT('2D SPACE',''
  ) );
#1880 = ORIENTED_EDGE('',*,*,#1478,.F.);
#1881 = ORIENTED_EDGE('',*,*,#1882,.T.);
#1882 = EDGE_CURVE('',#1451,#945,#1883,.T.);
#1883 = SURFACE_CURVE('',#1884,(#1888,#1895),.PCURVE_S1.);
#1884 = LINE('',#1885,#1886);
#1885 = CARTESIAN_POINT('',(-11.,-2.,80.));
#1886 = VECTOR('',#1887,1.);
#1887 = DIRECTION('',(1.,0.,0.));
#1888 = PCURVE('',#961,#1889);
#1889 = DEFINITIONAL_REPRESENTATION('',(#1890),#1894);
#1890 = LINE('',#1891,#1892);
#1891 = CARTESIAN_POINT('',(-1.570796326795,0.));
#1892 = VECTOR('',#1893,1.);
#1893 = DIRECTION('',(-0.,1.));
#1894 = ( GEOMETRIC_REPRESENTATION_CONTEXT(2) 
PARAMETRIC_REPRESENTATION_CONTEXT() REPRESENTATION_CONTEXT('2D SPACE',''
  ) );
#1895 = PCURVE('',#989,#1896);
#1896 = DEFINITIONAL_REPRESENTATION('',(#1897),#1901);
#1897 = LINE('',#1898,#1899);
#1898 = CARTESIAN_POINT('',(-11.,-2.));
#1899 = VECTOR('',#1900,1.);
#1900 = DIRECTION('',(1.,0.));
#1901 = ( GEOMETRIC_REPRESENTATION_CONTEXT(2) 
PARAMETRIC_REPRESENTATION_CONTEXT() REPRESENTATION_CONTEXT('2D SPACE',''
  ) );
#1902 = ORIENTED_EDGE('',*,*,#944,.F.);
#1903 = ADVANCED_FACE('',(#1904),#989,.T.);
#1904 = FACE_BOUND('',#1905,.T.);
#1905 = EDGE_LOOP('',(#1906,#1907,#1908,#1929));
#1906 = ORIENTED_EDGE('',*,*,#1882,.T.);
#1907 = ORIENTED_EDGE('',*,*,#973,.T.);
#1908 = ORIENTED_EDGE('',*,*,#1909,.T.);
#1909 = EDGE_CURVE('',#974,#1323,#1910,.T.);
#1910 = SURFACE_CURVE('',#1911,(#1915,#1922),.PCURVE_S1.);
#1911 = LINE('',#1912,#1913);
#1912 = CARTESIAN_POINT('',(11.,2.,80.));
#1913 = VECTOR('',#1914,1.);
#1914 = DIRECTION('',(-1.,0.,0.));
#1915 = PCURVE('',#989,#1916);
#1916 = DEFINITIONAL_REPRESENTATION('',(#1917),#1921);
#1917 = LINE('',#1918,#1919);
#1918 = CARTESIAN_POINT('',(11.,2.));
#1919 = VECTOR('',#1920,1.);
#1920 = DIRECTION('',(-1.,0.));
#1921 = ( GEOMETRIC_REPRESENTATION_CONTEXT(2) 
PARAMETRIC_REPRESENTATION_CONTEXT() REPRESENTATION_CONTEXT('2D SPACE',''
  ) );
#1922 = PCURVE('',#1022,#1923);
#1923 = DEFINITIONAL_REPRESENTATION('',(#1924),#1928);
#1924 = LINE('',#1925,#1926);
#1925 = CARTESIAN_POINT('',(-1.570796326795,0.));
#1926 = VECTOR('',#1927,1.);
#1927 = DIRECTION('',(-0.,1.));
#1928 = ( GEOMETRIC_REPRESENTATION_CONTEXT(2) 
PARAMETRIC_REPRESENTATION_CONTEXT() REPRESENTATION_CONTEXT('2D SPACE',''
  ) );
#1929 = ORIENTED_EDGE('',*,*,#1450,.T.);
#1930 = ADVANCED_FACE('',(#1931),#1022,.T.);
#1931 = FACE_BOUND('',#1932,.F.);
#1932 = EDGE_LOOP('',(#1933,#1934,#1935,#1936,#1937,#1958));
#1933 = ORIENTED_EDGE('',*,*,#1805,.F.);
#1934 = ORIENTED_EDGE('',*,*,#1001,.T.);
#1935 = ORIENTED_EDGE('',*,*,#1909,.T.);
#1936 = ORIENTED_EDGE('',*,*,#1322,.F.);
#1937 = ORIENTED_EDGE('',*,*,#1938,.T.);
#1938 = EDGE_CURVE('',#1290,#1664,#1939,.T.);
#1939 = SURFACE_CURVE('',#1940,(#1944,#1951),.PCURVE_S1.);
#1940 = LINE('',#1941,#1942);
#1941 = CARTESIAN_POINT('',(11.,2.,80.));
#1942 = VECTOR('',#1943,1.);
#1943 = DIRECTION('',(-1.,0.,0.));
#1944 = PCURVE('',#1022,#1945);
#1945 = DEFINITIONAL_REPRESENTATION('',(#1946),#1950);
#1946 = LINE('',#1947,#1948);
#1947 = CARTESIAN_POINT('',(-1.570796326795,0.));
#1948 = VECTOR('',#1949,1.);
#1949 = DIRECTION('',(-0.,1.));
#1950 = ( GEOMETRIC_REPRESENTATION_CONTEXT(2) 
PARAMETRIC_REPRESENTATION_CONTEXT() REPRESENTATION_CONTEXT('2D SPACE',''
  ) );
#1951 = PCURVE('',#1306,#1952);
#1952 = DEFINITIONAL_REPRESENTATION('',(#1953),#1957);
#1953 = LINE('',#1954,#1955);
#1954 = CARTESIAN_POINT('',(11.,2.));
#1955 = VECTOR('',#1956,1.);
#1956 = DIRECTION('',(-1.,0.));
#1957 = ( GEOMETRIC_REPRESENTATION_CONTEXT(2) 
PARAMETRIC_REPRESENTATION_CONTEXT() REPRESENTATION_CONTEXT('2D SPACE',''
  ) );
#1958 = ORIENTED_EDGE('',*,*,#1663,.F.);
#1959 = ADVANCED_FACE('',(#1960),#1306,.T.);
#1960 = FACE_BOUND('',#1961,.T.);
#1961 = EDGE_LOOP('',(#1962,#1963,#1964,#1965,#1966));
#1962 = ORIENTED_EDGE('',*,*,#1860,.T.);
#1963 = ORIENTED_EDGE('',*,*,#1606,.T.);
#1964 = ORIENTED_EDGE('',*,*,#1289,.T.);
#1965 = ORIENTED_EDGE('',*,*,#1938,.T.);
#1966 = ORIENTED_EDGE('',*,*,#1687,.T.);
#1967 = ADVANCED_FACE('',(#1968),#1789,.F.);
#1968 = FACE_BOUND('',#1969,.F.);
#1969 = EDGE_LOOP('',(#1970,#1971,#1994,#2025));
#1970 = ORIENTED_EDGE('',*,*,#1768,.F.);
#1971 = ORIENTED_EDGE('',*,*,#1972,.F.);
#1972 = EDGE_CURVE('',#1973,#1769,#1975,.T.);
#1973 = VERTEX_POINT('',#1974);
#1974 = CARTESIAN_POINT('',(-3.2,-7.837739514543E-16,34.));
#1975 = SEAM_CURVE('',#1976,(#1980,#1987),.PCURVE_S1.);
#1976 = LINE('',#1977,#1978);
#1977 = CARTESIAN_POINT('',(-3.2,-7.837739514543E-16,34.));
#1978 = VECTOR('',#1979,1.);
#1979 = DIRECTION('',(0.,0.,-1.));
#1980 = PCURVE('',#1789,#1981);
#1981 = DEFINITIONAL_REPRESENTATION('',(#1982),#1986);
#1982 = LINE('',#1983,#1984);
#1983 = CARTESIAN_POINT('',(6.28318530718,-0.));
#1984 = VECTOR('',#1985,1.);
#1985 = DIRECTION('',(0.,1.));
#1986 = ( GEOMETRIC_REPRESENTATION_CONTEXT(2) 
PARAMETRIC_REPRESENTATION_CONTEXT() REPRESENTATION_CONTEXT('2D SPACE',''
  ) );
#1987 = PCURVE('',#1789,#1988);
#1988 = DEFINITIONAL_REPRESENTATION('',(#1989),#1993);
#1989 = LINE('',#1990,#1991);
#1990 = CARTESIAN_POINT('',(0.,-0.));
#1991 = VECTOR('',#1992,1.);
#1992 = DIRECTION('',(0.,1.));
#1993 = ( GEOMETRIC_REPRESENTATION_CONTEXT(2) 
PARAMETRIC_REPRESENTATION_CONTEXT() REPRESENTATION_CONTEXT('2D SPACE',''
  ) );
#1994 = ORIENTED_EDGE('',*,*,#1995,.T.);
#1995 = EDGE_CURVE('',#1973,#1973,#1996,.T.);
#1996 = SURFACE_CURVE('',#1997,(#2002,#2009),.PCURVE_S1.);
#1997 = CIRCLE('',#1998,3.2);
#1998 = AXIS2_PLACEMENT_3D('',#1999,#2000,#2001);
#1999 = CARTESIAN_POINT('',(0.,0.,34.));
#2000 = DIRECTION('',(0.,0.,-1.));
#2001 = DIRECTION('',(-1.,0.,0.));
#2002 = PCURVE('',#1789,#2003);
#2003 = DEFINITIONAL_REPRESENTATION('',(#2004),#2008);
#2004 = LINE('',#2005,#2006);
#2005 = CARTESIAN_POINT('',(0.,0.));
#2006 = VECTOR('',#2007,1.);
#2007 = DIRECTION('',(1.,0.));
#2008 = ( GEOMETRIC_REPRESENTATION_CONTEXT(2) 
PARAMETRIC_REPRESENTATION_CONTEXT() REPRESENTATION_CONTEXT('2D SPACE',''
  ) );
#2009 = PCURVE('',#2010,#2015);
#2010 = PLANE('',#2011);
#2011 = AXIS2_PLACEMENT_3D('',#2012,#2013,#2014);
#2012 = CARTESIAN_POINT('',(-7.197053329155E-16,9.74044882155E-16,34.));
#2013 = DIRECTION('',(0.,0.,1.));
#2014 = DIRECTION('',(1.,0.,-0.));
#2015 = DEFINITIONAL_REPRESENTATION('',(#2016),#2024);
#2016 = ( BOUNDED_CURVE() B_SPLINE_CURVE(2,(#2017,#2018,#2019,#2020,
#2021,#2022,#2023),.UNSPECIFIED.,.T.,.F.) B_SPLINE_CURVE_WITH_KNOTS((1,2
    ,2,2,2,1),(-2.094395102393,0.,2.094395102393,4.188790204786,
6.28318530718,8.377580409573),.UNSPECIFIED.) CURVE() 
GEOMETRIC_REPRESENTATION_ITEM() RATIONAL_B_SPLINE_CURVE((1.,0.5,1.,0.5,
1.,0.5,1.)) REPRESENTATION_ITEM('') );
#2017 = CARTESIAN_POINT('',(-3.2,-9.74044882155E-16));
#2018 = CARTESIAN_POINT('',(-3.2,5.54256258422));
#2019 = CARTESIAN_POINT('',(1.6,2.77128129211));
#2020 = CARTESIAN_POINT('',(6.4,-1.902709307007E-16));
#2021 = CARTESIAN_POINT('',(1.6,-2.77128129211));
#2022 = CARTESIAN_POINT('',(-3.2,-5.54256258422));
#2023 = CARTESIAN_POINT('',(-3.2,-9.74044882155E-16));
#2024 = ( GEOMETRIC_REPRESENTATION_CONTEXT(2) 
PARAMETRIC_REPRESENTATION_CONTEXT() REPRESENTATION_CONTEXT('2D SPACE',''
  ) );
#2025 = ORIENTED_EDGE('',*,*,#1972,.T.);
#2026 = ADVANCED_FACE('',(#2027),#2010,.F.);
#2027 = FACE_BOUND('',#2028,.F.);
#2028 = EDGE_LOOP('',(#2029));
#2029 = ORIENTED_EDGE('',*,*,#1995,.F.);
#2030 = ( GEOMETRIC_REPRESENTATION_CONTEXT(3) 
GLOBAL_UNCERTAINTY_ASSIGNED_CONTEXT((#2034)) 
GLOBAL_UNIT_ASSIGNED_CONTEXT((#2031,#2032,#2033)) REPRESENTATION_CONTEXT
('Context #1','3D Context with UNIT and UNCERTAINTY') );
#2031 = ( LENGTH_UNIT() NAMED_UNIT(*) SI_UNIT(.MILLI.,.METRE.) );
#2032 = ( NAMED_UNIT(*) PLANE_ANGLE_UNIT() SI_UNIT($,.RADIAN.) );
#2033 = ( NAMED_UNIT(*) SI_UNIT($,.STERADIAN.) SOLID_ANGLE_UNIT() );
#2034 = UNCERTAINTY_MEASURE_WITH_UNIT(LENGTH_MEASURE(1.E-07),#2031,
  'distance_accuracy_value','confusion accuracy');
#2035 = PRODUCT_RELATED_PRODUCT_CATEGORY('part',$,(#7));
ENDSEC;
END-ISO-10303-21;
