ISO-10303-21;
HEADER;
FILE_DESCRIPTION(('Open CASCADE Model'),'2;1');
FILE_NAME('Open CASCADE Shape Model','2026-06-20T16:54:46',('Author'),(
    'Open CASCADE'),'Open CASCADE STEP processor 7.8','Open CASCADE 7.8'
  ,'Unknown');
FILE_SCHEMA(('AUTOMOTIVE_DESIGN { 1 0 10303 214 1 1 1 1 }'));
ENDSEC;
DATA;
#1 = APPLICATION_PROTOCOL_DEFINITION('international standard',
  'automotive_design',2000,#2);
#2 = APPLICATION_CONTEXT(
  'core data for automotive mechanical design processes');
#3 = SHAPE_DEFINITION_REPRESENTATION(#4,#10);
#4 = PRODUCT_DEFINITION_SHAPE('','',#5);
#5 = PRODUCT_DEFINITION('design','',#6,#9);
#6 = PRODUCT_DEFINITION_FORMATION('','',#7);
#7 = PRODUCT('Open CASCADE STEP translator 7.8 3',
  'Open CASCADE STEP translator 7.8 3','',(#8));
#8 = PRODUCT_CONTEXT('',#2,'mechanical');
#9 = PRODUCT_DEFINITION_CONTEXT('part definition',#2,'design');
#10 = ADVANCED_BREP_SHAPE_REPRESENTATION('',(#11,#15),#5465);
#11 = AXIS2_PLACEMENT_3D('',#12,#13,#14);
#12 = CARTESIAN_POINT('',(0.,0.,0.));
#13 = DIRECTION('',(0.,0.,1.));
#14 = DIRECTION('',(1.,0.,-0.));
#15 = MANIFOLD_SOLID_BREP('',#16);
#16 = CLOSED_SHELL('',(#17,#352,#439,#492,#573,#626,#707,#760,#841,#889,
    #924,#996,#1684,#2352,#2647,#2694,#3456,#3688,#4376,#4403,#4738,
    #5082,#5109,#5164,#5179,#5306,#5313,#5440,#5447,#5454,#5461));
#17 = ADVANCED_FACE('',(#18),#32,.T.);
#18 = FACE_BOUND('',#19,.F.);
#19 = EDGE_LOOP('',(#20,#50,#77,#78,#111,#140,#173,#202,#235,#264,#297,
    #326));
#20 = ORIENTED_EDGE('',*,*,#21,.F.);
#21 = EDGE_CURVE('',#22,#24,#26,.T.);
#22 = VERTEX_POINT('',#23);
#23 = CARTESIAN_POINT('',(11.4,0.,0.));
#24 = VERTEX_POINT('',#25);
#25 = CARTESIAN_POINT('',(11.4,0.,48.));
#26 = SEAM_CURVE('',#27,(#31,#43),.PCURVE_S1.);
#27 = LINE('',#28,#29);
#28 = CARTESIAN_POINT('',(11.4,0.,0.));
#29 = VECTOR('',#30,1.);
#30 = DIRECTION('',(0.,0.,1.));
#31 = PCURVE('',#32,#37);
#32 = CYLINDRICAL_SURFACE('',#33,11.4);
#33 = AXIS2_PLACEMENT_3D('',#34,#35,#36);
#34 = CARTESIAN_POINT('',(0.,0.,0.));
#35 = DIRECTION('',(-0.,-0.,-1.));
#36 = DIRECTION('',(1.,0.,0.));
#37 = DEFINITIONAL_REPRESENTATION('',(#38),#42);
#38 = LINE('',#39,#40);
#39 = CARTESIAN_POINT('',(-6.28318530718,0.));
#40 = VECTOR('',#41,1.);
#41 = DIRECTION('',(-0.,-1.));
#42 = ( GEOMETRIC_REPRESENTATION_CONTEXT(2) 
PARAMETRIC_REPRESENTATION_CONTEXT() REPRESENTATION_CONTEXT('2D SPACE',''
  ) );
#43 = PCURVE('',#32,#44);
#44 = DEFINITIONAL_REPRESENTATION('',(#45),#49);
#45 = LINE('',#46,#47);
#46 = CARTESIAN_POINT('',(-0.,0.));
#47 = VECTOR('',#48,1.);
#48 = DIRECTION('',(-0.,-1.));
#49 = ( GEOMETRIC_REPRESENTATION_CONTEXT(2) 
PARAMETRIC_REPRESENTATION_CONTEXT() REPRESENTATION_CONTEXT('2D SPACE',''
  ) );
#50 = ORIENTED_EDGE('',*,*,#51,.F.);
#51 = EDGE_CURVE('',#22,#22,#52,.T.);
#52 = SURFACE_CURVE('',#53,(#58,#65),.PCURVE_S1.);
#53 = CIRCLE('',#54,11.4);
#54 = AXIS2_PLACEMENT_3D('',#55,#56,#57);
#55 = CARTESIAN_POINT('',(0.,0.,0.));
#56 = DIRECTION('',(0.,0.,1.));
#57 = DIRECTION('',(1.,0.,0.));
#58 = PCURVE('',#32,#59);
#59 = DEFINITIONAL_REPRESENTATION('',(#60),#64);
#60 = LINE('',#61,#62);
#61 = CARTESIAN_POINT('',(-0.,0.));
#62 = VECTOR('',#63,1.);
#63 = DIRECTION('',(-1.,0.));
#64 = ( GEOMETRIC_REPRESENTATION_CONTEXT(2) 
PARAMETRIC_REPRESENTATION_CONTEXT() REPRESENTATION_CONTEXT('2D SPACE',''
  ) );
#65 = PCURVE('',#66,#71);
#66 = PLANE('',#67);
#67 = AXIS2_PLACEMENT_3D('',#68,#69,#70);
#68 = CARTESIAN_POINT('',(-7.197053329155E-16,9.74044882155E-16,0.));
#69 = DIRECTION('',(0.,0.,1.));
#70 = DIRECTION('',(1.,0.,-0.));
#71 = DEFINITIONAL_REPRESENTATION('',(#72),#76);
#72 = CIRCLE('',#73,11.4);
#73 = AXIS2_PLACEMENT_2D('',#74,#75);
#74 = CARTESIAN_POINT('',(7.197053329155E-16,-9.74044882155E-16));
#75 = DIRECTION('',(1.,0.));
#76 = ( GEOMETRIC_REPRESENTATION_CONTEXT(2) 
PARAMETRIC_REPRESENTATION_CONTEXT() REPRESENTATION_CONTEXT('2D SPACE',''
  ) );
#77 = ORIENTED_EDGE('',*,*,#21,.T.);
#78 = ORIENTED_EDGE('',*,*,#79,.T.);
#79 = EDGE_CURVE('',#24,#80,#82,.T.);
#80 = VERTEX_POINT('',#81);
#81 = CARTESIAN_POINT('',(10.998181667894,3.,48.));
#82 = SURFACE_CURVE('',#83,(#88,#95),.PCURVE_S1.);
#83 = CIRCLE('',#84,11.4);
#84 = AXIS2_PLACEMENT_3D('',#85,#86,#87);
#85 = CARTESIAN_POINT('',(0.,0.,48.));
#86 = DIRECTION('',(0.,0.,1.));
#87 = DIRECTION('',(1.,0.,0.));
#88 = PCURVE('',#32,#89);
#89 = DEFINITIONAL_REPRESENTATION('',(#90),#94);
#90 = LINE('',#91,#92);
#91 = CARTESIAN_POINT('',(-0.,-48.));
#92 = VECTOR('',#93,1.);
#93 = DIRECTION('',(-1.,0.));
#94 = ( GEOMETRIC_REPRESENTATION_CONTEXT(2) 
PARAMETRIC_REPRESENTATION_CONTEXT() REPRESENTATION_CONTEXT('2D SPACE',''
  ) );
#95 = PCURVE('',#96,#101);
#96 = PLANE('',#97);
#97 = AXIS2_PLACEMENT_3D('',#98,#99,#100);
#98 = CARTESIAN_POINT('',(23.,-3.,48.));
#99 = DIRECTION('',(0.,0.,-1.));
#100 = DIRECTION('',(-0.991600411186,0.129339184068,0.));
#101 = DEFINITIONAL_REPRESENTATION('',(#102),#110);
#102 = ( BOUNDED_CURVE() B_SPLINE_CURVE(2,(#103,#104,#105,#106,#107,#108
,#109),.UNSPECIFIED.,.T.,.F.) B_SPLINE_CURVE_WITH_KNOTS((1,2,2,2,2,1),(
    -2.094395102393,0.,2.094395102393,4.188790204786,6.28318530718,
8.377580409573),.UNSPECIFIED.) CURVE() GEOMETRIC_REPRESENTATION_ITEM() 
RATIONAL_B_SPLINE_CURVE((1.,0.5,1.,0.5,1.,0.5,1.)) REPRESENTATION_ITEM(
  '') );
#103 = CARTESIAN_POINT('',(11.890582321963,1.474466698373));
#104 = CARTESIAN_POINT('',(14.444433557613,21.053992838353));
#105 = CARTESIAN_POINT('',(30.123874971073,9.052529720804));
#106 = CARTESIAN_POINT('',(45.803316384532,-2.948933396745));
#107 = CARTESIAN_POINT('',(27.570023735423,-10.52699641917));
#108 = CARTESIAN_POINT('',(9.336731086314,-18.1050594416));
#109 = CARTESIAN_POINT('',(11.890582321963,1.474466698373));
#110 = ( GEOMETRIC_REPRESENTATION_CONTEXT(2) 
PARAMETRIC_REPRESENTATION_CONTEXT() REPRESENTATION_CONTEXT('2D SPACE',''
  ) );
#111 = ORIENTED_EDGE('',*,*,#112,.T.);
#112 = EDGE_CURVE('',#80,#113,#115,.T.);
#113 = VERTEX_POINT('',#114);
#114 = CARTESIAN_POINT('',(3.,10.998181667894,48.));
#115 = SURFACE_CURVE('',#116,(#121,#128),.PCURVE_S1.);
#116 = CIRCLE('',#117,11.4);
#117 = AXIS2_PLACEMENT_3D('',#118,#119,#120);
#118 = CARTESIAN_POINT('',(0.,0.,48.));
#119 = DIRECTION('',(0.,0.,1.));
#120 = DIRECTION('',(1.,0.,0.));
#121 = PCURVE('',#32,#122);
#122 = DEFINITIONAL_REPRESENTATION('',(#123),#127);
#123 = LINE('',#124,#125);
#124 = CARTESIAN_POINT('',(-0.,-48.));
#125 = VECTOR('',#126,1.);
#126 = DIRECTION('',(-1.,0.));
#127 = ( GEOMETRIC_REPRESENTATION_CONTEXT(2) 
PARAMETRIC_REPRESENTATION_CONTEXT() REPRESENTATION_CONTEXT('2D SPACE',''
  ) );
#128 = PCURVE('',#129,#134);
#129 = PLANE('',#130);
#130 = AXIS2_PLACEMENT_3D('',#131,#132,#133);
#131 = CARTESIAN_POINT('',(-7.197053329155E-16,9.74044882155E-16,48.));
#132 = DIRECTION('',(0.,0.,1.));
#133 = DIRECTION('',(1.,0.,-0.));
#134 = DEFINITIONAL_REPRESENTATION('',(#135),#139);
#135 = CIRCLE('',#136,11.4);
#136 = AXIS2_PLACEMENT_2D('',#137,#138);
#137 = CARTESIAN_POINT('',(7.197053329155E-16,-9.74044882155E-16));
#138 = DIRECTION('',(1.,0.));
#139 = ( GEOMETRIC_REPRESENTATION_CONTEXT(2) 
PARAMETRIC_REPRESENTATION_CONTEXT() REPRESENTATION_CONTEXT('2D SPACE',''
  ) );
#140 = ORIENTED_EDGE('',*,*,#141,.T.);
#141 = EDGE_CURVE('',#113,#142,#144,.T.);
#142 = VERTEX_POINT('',#143);
#143 = CARTESIAN_POINT('',(-3.,10.998181667894,48.));
#144 = SURFACE_CURVE('',#145,(#150,#157),.PCURVE_S1.);
#145 = CIRCLE('',#146,11.4);
#146 = AXIS2_PLACEMENT_3D('',#147,#148,#149);
#147 = CARTESIAN_POINT('',(0.,0.,48.));
#148 = DIRECTION('',(0.,0.,1.));
#149 = DIRECTION('',(1.,0.,0.));
#150 = PCURVE('',#32,#151);
#151 = DEFINITIONAL_REPRESENTATION('',(#152),#156);
#152 = LINE('',#153,#154);
#153 = CARTESIAN_POINT('',(-0.,-48.));
#154 = VECTOR('',#155,1.);
#155 = DIRECTION('',(-1.,0.));
#156 = ( GEOMETRIC_REPRESENTATION_CONTEXT(2) 
PARAMETRIC_REPRESENTATION_CONTEXT() REPRESENTATION_CONTEXT('2D SPACE',''
  ) );
#157 = PCURVE('',#158,#163);
#158 = PLANE('',#159);
#159 = AXIS2_PLACEMENT_3D('',#160,#161,#162);
#160 = CARTESIAN_POINT('',(-3.,-41.,48.));
#161 = DIRECTION('',(0.,0.,-1.));
#162 = DIRECTION('',(7.297563831158E-02,0.997333723592,0.));
#163 = DEFINITIONAL_REPRESENTATION('',(#164),#172);
#164 = ( BOUNDED_CURVE() B_SPLINE_CURVE(2,(#165,#166,#167,#168,#169,#170
,#171),.UNSPECIFIED.,.T.,.F.) B_SPLINE_CURVE_WITH_KNOTS((1,2,2,2,2,1),(
    -2.094395102393,0.,2.094395102393,4.188790204786,6.28318530718,
8.377580409573),.UNSPECIFIED.) CURVE() GEOMETRIC_REPRESENTATION_ITEM() 
RATIONAL_B_SPLINE_CURVE((1.,0.5,1.,0.5,1.,0.5,1.)) REPRESENTATION_ITEM(
  '') );
#165 = CARTESIAN_POINT('',(41.941531858941,11.369604448944));
#166 = CARTESIAN_POINT('',(61.634264426473,9.928672797661));
#167 = CARTESIAN_POINT('',(50.540014727579,-6.405268050113));
#168 = CARTESIAN_POINT('',(39.445765028685,-22.73920889788));
#169 = CARTESIAN_POINT('',(30.847282160047,-4.964336398831));
#170 = CARTESIAN_POINT('',(22.248799291409,12.810536100227));
#171 = CARTESIAN_POINT('',(41.941531858941,11.369604448944));
#172 = ( GEOMETRIC_REPRESENTATION_CONTEXT(2) 
PARAMETRIC_REPRESENTATION_CONTEXT() REPRESENTATION_CONTEXT('2D SPACE',''
  ) );
#173 = ORIENTED_EDGE('',*,*,#174,.T.);
#174 = EDGE_CURVE('',#142,#175,#177,.T.);
#175 = VERTEX_POINT('',#176);
#176 = CARTESIAN_POINT('',(-10.99818166789,3.,48.));
#177 = SURFACE_CURVE('',#178,(#183,#190),.PCURVE_S1.);
#178 = CIRCLE('',#179,11.4);
#179 = AXIS2_PLACEMENT_3D('',#180,#181,#182);
#180 = CARTESIAN_POINT('',(0.,0.,48.));
#181 = DIRECTION('',(0.,0.,1.));
#182 = DIRECTION('',(1.,0.,0.));
#183 = PCURVE('',#32,#184);
#184 = DEFINITIONAL_REPRESENTATION('',(#185),#189);
#185 = LINE('',#186,#187);
#186 = CARTESIAN_POINT('',(-0.,-48.));
#187 = VECTOR('',#188,1.);
#188 = DIRECTION('',(-1.,0.));
#189 = ( GEOMETRIC_REPRESENTATION_CONTEXT(2) 
PARAMETRIC_REPRESENTATION_CONTEXT() REPRESENTATION_CONTEXT('2D SPACE',''
  ) );
#190 = PCURVE('',#191,#196);
#191 = PLANE('',#192);
#192 = AXIS2_PLACEMENT_3D('',#193,#194,#195);
#193 = CARTESIAN_POINT('',(-7.197053329155E-16,9.74044882155E-16,48.));
#194 = DIRECTION('',(0.,0.,1.));
#195 = DIRECTION('',(1.,0.,-0.));
#196 = DEFINITIONAL_REPRESENTATION('',(#197),#201);
#197 = CIRCLE('',#198,11.4);
#198 = AXIS2_PLACEMENT_2D('',#199,#200);
#199 = CARTESIAN_POINT('',(7.197053329155E-16,-9.74044882155E-16));
#200 = DIRECTION('',(1.,0.));
#201 = ( GEOMETRIC_REPRESENTATION_CONTEXT(2) 
PARAMETRIC_REPRESENTATION_CONTEXT() REPRESENTATION_CONTEXT('2D SPACE',''
  ) );
#202 = ORIENTED_EDGE('',*,*,#203,.T.);
#203 = EDGE_CURVE('',#175,#204,#206,.T.);
#204 = VERTEX_POINT('',#205);
#205 = CARTESIAN_POINT('',(-10.99818166789,-3.,48.));
#206 = SURFACE_CURVE('',#207,(#212,#219),.PCURVE_S1.);
#207 = CIRCLE('',#208,11.4);
#208 = AXIS2_PLACEMENT_3D('',#209,#210,#211);
#209 = CARTESIAN_POINT('',(0.,0.,48.));
#210 = DIRECTION('',(0.,0.,1.));
#211 = DIRECTION('',(1.,0.,0.));
#212 = PCURVE('',#32,#213);
#213 = DEFINITIONAL_REPRESENTATION('',(#214),#218);
#214 = LINE('',#215,#216);
#215 = CARTESIAN_POINT('',(-0.,-48.));
#216 = VECTOR('',#217,1.);
#217 = DIRECTION('',(-1.,0.));
#218 = ( GEOMETRIC_REPRESENTATION_CONTEXT(2) 
PARAMETRIC_REPRESENTATION_CONTEXT() REPRESENTATION_CONTEXT('2D SPACE',''
  ) );
#219 = PCURVE('',#220,#225);
#220 = PLANE('',#221);
#221 = AXIS2_PLACEMENT_3D('',#222,#223,#224);
#222 = CARTESIAN_POINT('',(23.,-3.,48.));
#223 = DIRECTION('',(0.,0.,-1.));
#224 = DIRECTION('',(-0.991600411186,0.129339184068,0.));
#225 = DEFINITIONAL_REPRESENTATION('',(#226),#234);
#226 = ( BOUNDED_CURVE() B_SPLINE_CURVE(2,(#227,#228,#229,#230,#231,#232
,#233),.UNSPECIFIED.,.T.,.F.) B_SPLINE_CURVE_WITH_KNOTS((1,2,2,2,2,1),(
    -2.094395102393,0.,2.094395102393,4.188790204786,6.28318530718,
8.377580409573),.UNSPECIFIED.) CURVE() GEOMETRIC_REPRESENTATION_ITEM() 
RATIONAL_B_SPLINE_CURVE((1.,0.5,1.,0.5,1.,0.5,1.)) REPRESENTATION_ITEM(
  '') );
#227 = CARTESIAN_POINT('',(11.890582321963,1.474466698373));
#228 = CARTESIAN_POINT('',(14.444433557613,21.053992838353));
#229 = CARTESIAN_POINT('',(30.123874971073,9.052529720804));
#230 = CARTESIAN_POINT('',(45.803316384532,-2.948933396745));
#231 = CARTESIAN_POINT('',(27.570023735423,-10.52699641917));
#232 = CARTESIAN_POINT('',(9.336731086314,-18.1050594416));
#233 = CARTESIAN_POINT('',(11.890582321963,1.474466698373));
#234 = ( GEOMETRIC_REPRESENTATION_CONTEXT(2) 
PARAMETRIC_REPRESENTATION_CONTEXT() REPRESENTATION_CONTEXT('2D SPACE',''
  ) );
#235 = ORIENTED_EDGE('',*,*,#236,.T.);
#236 = EDGE_CURVE('',#204,#237,#239,.T.);
#237 = VERTEX_POINT('',#238);
#238 = CARTESIAN_POINT('',(-3.,-10.99818166789,48.));
#239 = SURFACE_CURVE('',#240,(#245,#252),.PCURVE_S1.);
#240 = CIRCLE('',#241,11.4);
#241 = AXIS2_PLACEMENT_3D('',#242,#243,#244);
#242 = CARTESIAN_POINT('',(0.,0.,48.));
#243 = DIRECTION('',(0.,0.,1.));
#244 = DIRECTION('',(1.,0.,0.));
#245 = PCURVE('',#32,#246);
#246 = DEFINITIONAL_REPRESENTATION('',(#247),#251);
#247 = LINE('',#248,#249);
#248 = CARTESIAN_POINT('',(-0.,-48.));
#249 = VECTOR('',#250,1.);
#250 = DIRECTION('',(-1.,0.));
#251 = ( GEOMETRIC_REPRESENTATION_CONTEXT(2) 
PARAMETRIC_REPRESENTATION_CONTEXT() REPRESENTATION_CONTEXT('2D SPACE',''
  ) );
#252 = PCURVE('',#253,#258);
#253 = PLANE('',#254);
#254 = AXIS2_PLACEMENT_3D('',#255,#256,#257);
#255 = CARTESIAN_POINT('',(-7.197053329155E-16,9.74044882155E-16,48.));
#256 = DIRECTION('',(0.,0.,1.));
#257 = DIRECTION('',(1.,0.,-0.));
#258 = DEFINITIONAL_REPRESENTATION('',(#259),#263);
#259 = CIRCLE('',#260,11.4);
#260 = AXIS2_PLACEMENT_2D('',#261,#262);
#261 = CARTESIAN_POINT('',(7.197053329155E-16,-9.74044882155E-16));
#262 = DIRECTION('',(1.,0.));
#263 = ( GEOMETRIC_REPRESENTATION_CONTEXT(2) 
PARAMETRIC_REPRESENTATION_CONTEXT() REPRESENTATION_CONTEXT('2D SPACE',''
  ) );
#264 = ORIENTED_EDGE('',*,*,#265,.T.);
#265 = EDGE_CURVE('',#237,#266,#268,.T.);
#266 = VERTEX_POINT('',#267);
#267 = CARTESIAN_POINT('',(3.,-10.99818166789,48.));
#268 = SURFACE_CURVE('',#269,(#274,#281),.PCURVE_S1.);
#269 = CIRCLE('',#270,11.4);
#270 = AXIS2_PLACEMENT_3D('',#271,#272,#273);
#271 = CARTESIAN_POINT('',(0.,0.,48.));
#272 = DIRECTION('',(0.,0.,1.));
#273 = DIRECTION('',(1.,0.,0.));
#274 = PCURVE('',#32,#275);
#275 = DEFINITIONAL_REPRESENTATION('',(#276),#280);
#276 = LINE('',#277,#278);
#277 = CARTESIAN_POINT('',(-0.,-48.));
#278 = VECTOR('',#279,1.);
#279 = DIRECTION('',(-1.,0.));
#280 = ( GEOMETRIC_REPRESENTATION_CONTEXT(2) 
PARAMETRIC_REPRESENTATION_CONTEXT() REPRESENTATION_CONTEXT('2D SPACE',''
  ) );
#281 = PCURVE('',#282,#287);
#282 = PLANE('',#283);
#283 = AXIS2_PLACEMENT_3D('',#284,#285,#286);
#284 = CARTESIAN_POINT('',(-3.,-41.,48.));
#285 = DIRECTION('',(0.,0.,-1.));
#286 = DIRECTION('',(7.297563831158E-02,0.997333723592,0.));
#287 = DEFINITIONAL_REPRESENTATION('',(#288),#296);
#288 = ( BOUNDED_CURVE() B_SPLINE_CURVE(2,(#289,#290,#291,#292,#293,#294
,#295),.UNSPECIFIED.,.T.,.F.) B_SPLINE_CURVE_WITH_KNOTS((1,2,2,2,2,1),(
    -2.094395102393,0.,2.094395102393,4.188790204786,6.28318530718,
8.377580409573),.UNSPECIFIED.) CURVE() GEOMETRIC_REPRESENTATION_ITEM() 
RATIONAL_B_SPLINE_CURVE((1.,0.5,1.,0.5,1.,0.5,1.)) REPRESENTATION_ITEM(
  '') );
#289 = CARTESIAN_POINT('',(41.941531858941,11.369604448944));
#290 = CARTESIAN_POINT('',(61.634264426473,9.928672797661));
#291 = CARTESIAN_POINT('',(50.540014727579,-6.405268050113));
#292 = CARTESIAN_POINT('',(39.445765028685,-22.73920889788));
#293 = CARTESIAN_POINT('',(30.847282160047,-4.964336398831));
#294 = CARTESIAN_POINT('',(22.248799291409,12.810536100227));
#295 = CARTESIAN_POINT('',(41.941531858941,11.369604448944));
#296 = ( GEOMETRIC_REPRESENTATION_CONTEXT(2) 
PARAMETRIC_REPRESENTATION_CONTEXT() REPRESENTATION_CONTEXT('2D SPACE',''
  ) );
#297 = ORIENTED_EDGE('',*,*,#298,.T.);
#298 = EDGE_CURVE('',#266,#299,#301,.T.);
#299 = VERTEX_POINT('',#300);
#300 = CARTESIAN_POINT('',(10.998181667894,-3.,48.));
#301 = SURFACE_CURVE('',#302,(#307,#314),.PCURVE_S1.);
#302 = CIRCLE('',#303,11.4);
#303 = AXIS2_PLACEMENT_3D('',#304,#305,#306);
#304 = CARTESIAN_POINT('',(0.,0.,48.));
#305 = DIRECTION('',(0.,0.,1.));
#306 = DIRECTION('',(1.,0.,0.));
#307 = PCURVE('',#32,#308);
#308 = DEFINITIONAL_REPRESENTATION('',(#309),#313);
#309 = LINE('',#310,#311);
#310 = CARTESIAN_POINT('',(-0.,-48.));
#311 = VECTOR('',#312,1.);
#312 = DIRECTION('',(-1.,0.));
#313 = ( GEOMETRIC_REPRESENTATION_CONTEXT(2) 
PARAMETRIC_REPRESENTATION_CONTEXT() REPRESENTATION_CONTEXT('2D SPACE',''
  ) );
#314 = PCURVE('',#315,#320);
#315 = PLANE('',#316);
#316 = AXIS2_PLACEMENT_3D('',#317,#318,#319);
#317 = CARTESIAN_POINT('',(-7.197053329155E-16,9.74044882155E-16,48.));
#318 = DIRECTION('',(0.,0.,1.));
#319 = DIRECTION('',(1.,0.,-0.));
#320 = DEFINITIONAL_REPRESENTATION('',(#321),#325);
#321 = CIRCLE('',#322,11.4);
#322 = AXIS2_PLACEMENT_2D('',#323,#324);
#323 = CARTESIAN_POINT('',(7.197053329155E-16,-9.74044882155E-16));
#324 = DIRECTION('',(1.,0.));
#325 = ( GEOMETRIC_REPRESENTATION_CONTEXT(2) 
PARAMETRIC_REPRESENTATION_CONTEXT() REPRESENTATION_CONTEXT('2D SPACE',''
  ) );
#326 = ORIENTED_EDGE('',*,*,#327,.T.);
#327 = EDGE_CURVE('',#299,#24,#328,.T.);
#328 = SURFACE_CURVE('',#329,(#334,#341),.PCURVE_S1.);
#329 = CIRCLE('',#330,11.4);
#330 = AXIS2_PLACEMENT_3D('',#331,#332,#333);
#331 = CARTESIAN_POINT('',(0.,0.,48.));
#332 = DIRECTION('',(0.,0.,1.));
#333 = DIRECTION('',(1.,0.,0.));
#334 = PCURVE('',#32,#335);
#335 = DEFINITIONAL_REPRESENTATION('',(#336),#340);
#336 = LINE('',#337,#338);
#337 = CARTESIAN_POINT('',(-0.,-48.));
#338 = VECTOR('',#339,1.);
#339 = DIRECTION('',(-1.,0.));
#340 = ( GEOMETRIC_REPRESENTATION_CONTEXT(2) 
PARAMETRIC_REPRESENTATION_CONTEXT() REPRESENTATION_CONTEXT('2D SPACE',''
  ) );
#341 = PCURVE('',#96,#342);
#342 = DEFINITIONAL_REPRESENTATION('',(#343),#351);
#343 = ( BOUNDED_CURVE() B_SPLINE_CURVE(2,(#344,#345,#346,#347,#348,#349
,#350),.UNSPECIFIED.,.T.,.F.) B_SPLINE_CURVE_WITH_KNOTS((1,2,2,2,2,1),(
    -2.094395102393,0.,2.094395102393,4.188790204786,6.28318530718,
8.377580409573),.UNSPECIFIED.) CURVE() GEOMETRIC_REPRESENTATION_ITEM() 
RATIONAL_B_SPLINE_CURVE((1.,0.5,1.,0.5,1.,0.5,1.)) REPRESENTATION_ITEM(
  '') );
#344 = CARTESIAN_POINT('',(11.890582321963,1.474466698373));
#345 = CARTESIAN_POINT('',(14.444433557613,21.053992838353));
#346 = CARTESIAN_POINT('',(30.123874971073,9.052529720804));
#347 = CARTESIAN_POINT('',(45.803316384532,-2.948933396745));
#348 = CARTESIAN_POINT('',(27.570023735423,-10.52699641917));
#349 = CARTESIAN_POINT('',(9.336731086314,-18.1050594416));
#350 = CARTESIAN_POINT('',(11.890582321963,1.474466698373));
#351 = ( GEOMETRIC_REPRESENTATION_CONTEXT(2) 
PARAMETRIC_REPRESENTATION_CONTEXT() REPRESENTATION_CONTEXT('2D SPACE',''
  ) );
#352 = ADVANCED_FACE('',(#353),#96,.T.);
#353 = FACE_BOUND('',#354,.T.);
#354 = EDGE_LOOP('',(#355,#385,#411,#412,#413));
#355 = ORIENTED_EDGE('',*,*,#356,.F.);
#356 = EDGE_CURVE('',#357,#359,#361,.T.);
#357 = VERTEX_POINT('',#358);
#358 = CARTESIAN_POINT('',(23.,-3.,48.));
#359 = VERTEX_POINT('',#360);
#360 = CARTESIAN_POINT('',(23.,3.,48.));
#361 = SURFACE_CURVE('',#362,(#366,#373),.PCURVE_S1.);
#362 = LINE('',#363,#364);
#363 = CARTESIAN_POINT('',(23.,-3.,48.));
#364 = VECTOR('',#365,1.);
#365 = DIRECTION('',(1.110223024625E-16,1.,0.));
#366 = PCURVE('',#96,#367);
#367 = DEFINITIONAL_REPRESENTATION('',(#368),#372);
#368 = LINE('',#369,#370);
#369 = CARTESIAN_POINT('',(0.,0.));
#370 = VECTOR('',#371,1.);
#371 = DIRECTION('',(0.129339184068,0.991600411186));
#372 = ( GEOMETRIC_REPRESENTATION_CONTEXT(2) 
PARAMETRIC_REPRESENTATION_CONTEXT() REPRESENTATION_CONTEXT('2D SPACE',''
  ) );
#373 = PCURVE('',#374,#379);
#374 = PLANE('',#375);
#375 = AXIS2_PLACEMENT_3D('',#376,#377,#378);
#376 = CARTESIAN_POINT('',(7.36,-3.,168.));
#377 = DIRECTION('',(0.991613308285,-1.100911926382E-16,0.129240267846)
  );
#378 = DIRECTION('',(1.110223024625E-16,1.,0.));
#379 = DEFINITIONAL_REPRESENTATION('',(#380),#384);
#380 = LINE('',#381,#382);
#381 = CARTESIAN_POINT('',(-3.996802888651E-17,-121.0149147832));
#382 = VECTOR('',#383,1.);
#383 = DIRECTION('',(1.,0.));
#384 = ( GEOMETRIC_REPRESENTATION_CONTEXT(2) 
PARAMETRIC_REPRESENTATION_CONTEXT() REPRESENTATION_CONTEXT('2D SPACE',''
  ) );
#385 = ORIENTED_EDGE('',*,*,#386,.F.);
#386 = EDGE_CURVE('',#299,#357,#387,.T.);
#387 = SURFACE_CURVE('',#388,(#392,#399),.PCURVE_S1.);
#388 = LINE('',#389,#390);
#389 = CARTESIAN_POINT('',(-23.,-3.,48.));
#390 = VECTOR('',#391,1.);
#391 = DIRECTION('',(1.,-1.110223024625E-16,0.));
#392 = PCURVE('',#96,#393);
#393 = DEFINITIONAL_REPRESENTATION('',(#394),#398);
#394 = LINE('',#395,#396);
#395 = CARTESIAN_POINT('',(45.613618914566,-5.949602467117));
#396 = VECTOR('',#397,1.);
#397 = DIRECTION('',(-0.991600411186,0.129339184068));
#398 = ( GEOMETRIC_REPRESENTATION_CONTEXT(2) 
PARAMETRIC_REPRESENTATION_CONTEXT() REPRESENTATION_CONTEXT('2D SPACE',''
  ) );
#399 = PCURVE('',#400,#405);
#400 = B_SPLINE_SURFACE_WITH_KNOTS('',1,1,(
    (#401,#402)
    ,(#403,#404
  )),.UNSPECIFIED.,.F.,.F.,.F.,(2,2),(2,2),(0.,46.),(0.,1.),
  .PIECEWISE_BEZIER_KNOTS.);
#401 = CARTESIAN_POINT('',(-23.,-3.,48.));
#402 = CARTESIAN_POINT('',(-7.36,-3.,168.));
#403 = CARTESIAN_POINT('',(23.,-3.,48.));
#404 = CARTESIAN_POINT('',(7.36,-3.,168.));
#405 = DEFINITIONAL_REPRESENTATION('',(#406),#410);
#406 = LINE('',#407,#408);
#407 = CARTESIAN_POINT('',(0.,0.));
#408 = VECTOR('',#409,1.);
#409 = DIRECTION('',(1.,0.));
#410 = ( GEOMETRIC_REPRESENTATION_CONTEXT(2) 
PARAMETRIC_REPRESENTATION_CONTEXT() REPRESENTATION_CONTEXT('2D SPACE',''
  ) );
#411 = ORIENTED_EDGE('',*,*,#327,.T.);
#412 = ORIENTED_EDGE('',*,*,#79,.T.);
#413 = ORIENTED_EDGE('',*,*,#414,.F.);
#414 = EDGE_CURVE('',#359,#80,#415,.T.);
#415 = SURFACE_CURVE('',#416,(#420,#427),.PCURVE_S1.);
#416 = LINE('',#417,#418);
#417 = CARTESIAN_POINT('',(23.,3.,48.));
#418 = VECTOR('',#419,1.);
#419 = DIRECTION('',(-1.,1.110223024625E-16,0.));
#420 = PCURVE('',#96,#421);
#421 = DEFINITIONAL_REPRESENTATION('',(#422),#426);
#422 = LINE('',#423,#424);
#423 = CARTESIAN_POINT('',(0.776035104407,5.949602467117));
#424 = VECTOR('',#425,1.);
#425 = DIRECTION('',(0.991600411186,-0.129339184068));
#426 = ( GEOMETRIC_REPRESENTATION_CONTEXT(2) 
PARAMETRIC_REPRESENTATION_CONTEXT() REPRESENTATION_CONTEXT('2D SPACE',''
  ) );
#427 = PCURVE('',#428,#433);
#428 = B_SPLINE_SURFACE_WITH_KNOTS('',1,1,(
    (#429,#430)
    ,(#431,#432
  )),.UNSPECIFIED.,.F.,.F.,.F.,(2,2),(2,2),(0.,46.),(0.,1.),
  .PIECEWISE_BEZIER_KNOTS.);
#429 = CARTESIAN_POINT('',(23.,3.,48.));
#430 = CARTESIAN_POINT('',(7.36,3.,168.));
#431 = CARTESIAN_POINT('',(-23.,3.,48.));
#432 = CARTESIAN_POINT('',(-7.36,3.,168.));
#433 = DEFINITIONAL_REPRESENTATION('',(#434),#438);
#434 = LINE('',#435,#436);
#435 = CARTESIAN_POINT('',(0.,0.));
#436 = VECTOR('',#437,1.);
#437 = DIRECTION('',(1.,0.));
#438 = ( GEOMETRIC_REPRESENTATION_CONTEXT(2) 
PARAMETRIC_REPRESENTATION_CONTEXT() REPRESENTATION_CONTEXT('2D SPACE',''
  ) );
#439 = ADVANCED_FACE('',(#440),#315,.T.);
#440 = FACE_BOUND('',#441,.T.);
#441 = EDGE_LOOP('',(#442,#470,#471));
#442 = ORIENTED_EDGE('',*,*,#443,.F.);
#443 = EDGE_CURVE('',#266,#444,#446,.T.);
#444 = VERTEX_POINT('',#445);
#445 = CARTESIAN_POINT('',(3.,-3.,48.));
#446 = SURFACE_CURVE('',#447,(#451,#458),.PCURVE_S1.);
#447 = LINE('',#448,#449);
#448 = CARTESIAN_POINT('',(3.,-41.,48.));
#449 = VECTOR('',#450,1.);
#450 = DIRECTION('',(0.,1.,0.));
#451 = PCURVE('',#315,#452);
#452 = DEFINITIONAL_REPRESENTATION('',(#453),#457);
#453 = LINE('',#454,#455);
#454 = CARTESIAN_POINT('',(3.,-41.));
#455 = VECTOR('',#456,1.);
#456 = DIRECTION('',(0.,1.));
#457 = ( GEOMETRIC_REPRESENTATION_CONTEXT(2) 
PARAMETRIC_REPRESENTATION_CONTEXT() REPRESENTATION_CONTEXT('2D SPACE',''
  ) );
#458 = PCURVE('',#459,#464);
#459 = B_SPLINE_SURFACE_WITH_KNOTS('',1,1,(
    (#460,#461)
    ,(#462,#463
  )),.UNSPECIFIED.,.F.,.F.,.F.,(2,2),(2,2),(0.,82.),(0.,1.),
  .PIECEWISE_BEZIER_KNOTS.);
#460 = CARTESIAN_POINT('',(3.,-41.,48.));
#461 = CARTESIAN_POINT('',(3.,-13.12,168.));
#462 = CARTESIAN_POINT('',(3.,41.,48.));
#463 = CARTESIAN_POINT('',(3.,13.12,168.));
#464 = DEFINITIONAL_REPRESENTATION('',(#465),#469);
#465 = LINE('',#466,#467);
#466 = CARTESIAN_POINT('',(0.,0.));
#467 = VECTOR('',#468,1.);
#468 = DIRECTION('',(1.,0.));
#469 = ( GEOMETRIC_REPRESENTATION_CONTEXT(2) 
PARAMETRIC_REPRESENTATION_CONTEXT() REPRESENTATION_CONTEXT('2D SPACE',''
  ) );
#470 = ORIENTED_EDGE('',*,*,#298,.T.);
#471 = ORIENTED_EDGE('',*,*,#472,.F.);
#472 = EDGE_CURVE('',#444,#299,#473,.T.);
#473 = SURFACE_CURVE('',#474,(#478,#485),.PCURVE_S1.);
#474 = LINE('',#475,#476);
#475 = CARTESIAN_POINT('',(-23.,-3.,48.));
#476 = VECTOR('',#477,1.);
#477 = DIRECTION('',(1.,-1.110223024625E-16,0.));
#478 = PCURVE('',#315,#479);
#479 = DEFINITIONAL_REPRESENTATION('',(#480),#484);
#480 = LINE('',#481,#482);
#481 = CARTESIAN_POINT('',(-23.,-3.));
#482 = VECTOR('',#483,1.);
#483 = DIRECTION('',(1.,-1.110223024625E-16));
#484 = ( GEOMETRIC_REPRESENTATION_CONTEXT(2) 
PARAMETRIC_REPRESENTATION_CONTEXT() REPRESENTATION_CONTEXT('2D SPACE',''
  ) );
#485 = PCURVE('',#400,#486);
#486 = DEFINITIONAL_REPRESENTATION('',(#487),#491);
#487 = LINE('',#488,#489);
#488 = CARTESIAN_POINT('',(0.,0.));
#489 = VECTOR('',#490,1.);
#490 = DIRECTION('',(1.,0.));
#491 = ( GEOMETRIC_REPRESENTATION_CONTEXT(2) 
PARAMETRIC_REPRESENTATION_CONTEXT() REPRESENTATION_CONTEXT('2D SPACE',''
  ) );
#492 = ADVANCED_FACE('',(#493),#282,.T.);
#493 = FACE_BOUND('',#494,.T.);
#494 = EDGE_LOOP('',(#495,#525,#551,#552));
#495 = ORIENTED_EDGE('',*,*,#496,.F.);
#496 = EDGE_CURVE('',#497,#499,#501,.T.);
#497 = VERTEX_POINT('',#498);
#498 = CARTESIAN_POINT('',(-3.,-41.,48.));
#499 = VERTEX_POINT('',#500);
#500 = CARTESIAN_POINT('',(3.,-41.,48.));
#501 = SURFACE_CURVE('',#502,(#506,#513),.PCURVE_S1.);
#502 = LINE('',#503,#504);
#503 = CARTESIAN_POINT('',(-3.,-41.,48.));
#504 = VECTOR('',#505,1.);
#505 = DIRECTION('',(1.,0.,0.));
#506 = PCURVE('',#282,#507);
#507 = DEFINITIONAL_REPRESENTATION('',(#508),#512);
#508 = LINE('',#509,#510);
#509 = CARTESIAN_POINT('',(0.,0.));
#510 = VECTOR('',#511,1.);
#511 = DIRECTION('',(7.297563831158E-02,0.997333723592));
#512 = ( GEOMETRIC_REPRESENTATION_CONTEXT(2) 
PARAMETRIC_REPRESENTATION_CONTEXT() REPRESENTATION_CONTEXT('2D SPACE',''
  ) );
#513 = PCURVE('',#514,#519);
#514 = PLANE('',#515);
#515 = AXIS2_PLACEMENT_3D('',#516,#517,#518);
#516 = CARTESIAN_POINT('',(-3.,-13.12,168.));
#517 = DIRECTION('',(0.,-0.974056316213,0.2263057508));
#518 = DIRECTION('',(1.,0.,0.));
#519 = DEFINITIONAL_REPRESENTATION('',(#520),#524);
#520 = LINE('',#521,#522);
#521 = CARTESIAN_POINT('',(0.,-123.1961622778));
#522 = VECTOR('',#523,1.);
#523 = DIRECTION('',(1.,0.));
#524 = ( GEOMETRIC_REPRESENTATION_CONTEXT(2) 
PARAMETRIC_REPRESENTATION_CONTEXT() REPRESENTATION_CONTEXT('2D SPACE',''
  ) );
#525 = ORIENTED_EDGE('',*,*,#526,.F.);
#526 = EDGE_CURVE('',#237,#497,#527,.T.);
#527 = SURFACE_CURVE('',#528,(#532,#539),.PCURVE_S1.);
#528 = LINE('',#529,#530);
#529 = CARTESIAN_POINT('',(-3.,41.,48.));
#530 = VECTOR('',#531,1.);
#531 = DIRECTION('',(0.,-1.,0.));
#532 = PCURVE('',#282,#533);
#533 = DEFINITIONAL_REPRESENTATION('',(#534),#538);
#534 = LINE('',#535,#536);
#535 = CARTESIAN_POINT('',(81.781365334508,-5.984002341549));
#536 = VECTOR('',#537,1.);
#537 = DIRECTION('',(-0.997333723592,7.297563831158E-02));
#538 = ( GEOMETRIC_REPRESENTATION_CONTEXT(2) 
PARAMETRIC_REPRESENTATION_CONTEXT() REPRESENTATION_CONTEXT('2D SPACE',''
  ) );
#539 = PCURVE('',#540,#545);
#540 = B_SPLINE_SURFACE_WITH_KNOTS('',1,1,(
    (#541,#542)
    ,(#543,#544
  )),.UNSPECIFIED.,.F.,.F.,.F.,(2,2),(2,2),(0.,82.),(0.,1.),
  .PIECEWISE_BEZIER_KNOTS.);
#541 = CARTESIAN_POINT('',(-3.,41.,48.));
#542 = CARTESIAN_POINT('',(-3.,13.12,168.));
#543 = CARTESIAN_POINT('',(-3.,-41.,48.));
#544 = CARTESIAN_POINT('',(-3.,-13.12,168.));
#545 = DEFINITIONAL_REPRESENTATION('',(#546),#550);
#546 = LINE('',#547,#548);
#547 = CARTESIAN_POINT('',(0.,0.));
#548 = VECTOR('',#549,1.);
#549 = DIRECTION('',(1.,0.));
#550 = ( GEOMETRIC_REPRESENTATION_CONTEXT(2) 
PARAMETRIC_REPRESENTATION_CONTEXT() REPRESENTATION_CONTEXT('2D SPACE',''
  ) );
#551 = ORIENTED_EDGE('',*,*,#265,.T.);
#552 = ORIENTED_EDGE('',*,*,#553,.F.);
#553 = EDGE_CURVE('',#499,#266,#554,.T.);
#554 = SURFACE_CURVE('',#555,(#559,#566),.PCURVE_S1.);
#555 = LINE('',#556,#557);
#556 = CARTESIAN_POINT('',(3.,-41.,48.));
#557 = VECTOR('',#558,1.);
#558 = DIRECTION('',(0.,1.,0.));
#559 = PCURVE('',#282,#560);
#560 = DEFINITIONAL_REPRESENTATION('',(#561),#565);
#561 = LINE('',#562,#563);
#562 = CARTESIAN_POINT('',(0.437853829869,5.984002341549));
#563 = VECTOR('',#564,1.);
#564 = DIRECTION('',(0.997333723592,-7.297563831158E-02));
#565 = ( GEOMETRIC_REPRESENTATION_CONTEXT(2) 
PARAMETRIC_REPRESENTATION_CONTEXT() REPRESENTATION_CONTEXT('2D SPACE',''
  ) );
#566 = PCURVE('',#459,#567);
#567 = DEFINITIONAL_REPRESENTATION('',(#568),#572);
#568 = LINE('',#569,#570);
#569 = CARTESIAN_POINT('',(0.,0.));
#570 = VECTOR('',#571,1.);
#571 = DIRECTION('',(1.,0.));
#572 = ( GEOMETRIC_REPRESENTATION_CONTEXT(2) 
PARAMETRIC_REPRESENTATION_CONTEXT() REPRESENTATION_CONTEXT('2D SPACE',''
  ) );
#573 = ADVANCED_FACE('',(#574),#253,.T.);
#574 = FACE_BOUND('',#575,.T.);
#575 = EDGE_LOOP('',(#576,#599,#625));
#576 = ORIENTED_EDGE('',*,*,#577,.F.);
#577 = EDGE_CURVE('',#578,#237,#580,.T.);
#578 = VERTEX_POINT('',#579);
#579 = CARTESIAN_POINT('',(-3.,-3.,48.));
#580 = SURFACE_CURVE('',#581,(#585,#592),.PCURVE_S1.);
#581 = LINE('',#582,#583);
#582 = CARTESIAN_POINT('',(-3.,41.,48.));
#583 = VECTOR('',#584,1.);
#584 = DIRECTION('',(0.,-1.,0.));
#585 = PCURVE('',#253,#586);
#586 = DEFINITIONAL_REPRESENTATION('',(#587),#591);
#587 = LINE('',#588,#589);
#588 = CARTESIAN_POINT('',(-3.,41.));
#589 = VECTOR('',#590,1.);
#590 = DIRECTION('',(0.,-1.));
#591 = ( GEOMETRIC_REPRESENTATION_CONTEXT(2) 
PARAMETRIC_REPRESENTATION_CONTEXT() REPRESENTATION_CONTEXT('2D SPACE',''
  ) );
#592 = PCURVE('',#540,#593);
#593 = DEFINITIONAL_REPRESENTATION('',(#594),#598);
#594 = LINE('',#595,#596);
#595 = CARTESIAN_POINT('',(0.,0.));
#596 = VECTOR('',#597,1.);
#597 = DIRECTION('',(1.,0.));
#598 = ( GEOMETRIC_REPRESENTATION_CONTEXT(2) 
PARAMETRIC_REPRESENTATION_CONTEXT() REPRESENTATION_CONTEXT('2D SPACE',''
  ) );
#599 = ORIENTED_EDGE('',*,*,#600,.F.);
#600 = EDGE_CURVE('',#204,#578,#601,.T.);
#601 = SURFACE_CURVE('',#602,(#606,#613),.PCURVE_S1.);
#602 = LINE('',#603,#604);
#603 = CARTESIAN_POINT('',(-23.,-3.,48.));
#604 = VECTOR('',#605,1.);
#605 = DIRECTION('',(1.,-1.110223024625E-16,0.));
#606 = PCURVE('',#253,#607);
#607 = DEFINITIONAL_REPRESENTATION('',(#608),#612);
#608 = LINE('',#609,#610);
#609 = CARTESIAN_POINT('',(-23.,-3.));
#610 = VECTOR('',#611,1.);
#611 = DIRECTION('',(1.,-1.110223024625E-16));
#612 = ( GEOMETRIC_REPRESENTATION_CONTEXT(2) 
PARAMETRIC_REPRESENTATION_CONTEXT() REPRESENTATION_CONTEXT('2D SPACE',''
  ) );
#613 = PCURVE('',#614,#619);
#614 = B_SPLINE_SURFACE_WITH_KNOTS('',1,1,(
    (#615,#616)
    ,(#617,#618
  )),.UNSPECIFIED.,.F.,.F.,.F.,(2,2),(2,2),(0.,46.),(0.,1.),
  .PIECEWISE_BEZIER_KNOTS.);
#615 = CARTESIAN_POINT('',(-23.,-3.,48.));
#616 = CARTESIAN_POINT('',(-7.36,-3.,168.));
#617 = CARTESIAN_POINT('',(23.,-3.,48.));
#618 = CARTESIAN_POINT('',(7.36,-3.,168.));
#619 = DEFINITIONAL_REPRESENTATION('',(#620),#624);
#620 = LINE('',#621,#622);
#621 = CARTESIAN_POINT('',(0.,0.));
#622 = VECTOR('',#623,1.);
#623 = DIRECTION('',(1.,0.));
#624 = ( GEOMETRIC_REPRESENTATION_CONTEXT(2) 
PARAMETRIC_REPRESENTATION_CONTEXT() REPRESENTATION_CONTEXT('2D SPACE',''
  ) );
#625 = ORIENTED_EDGE('',*,*,#236,.T.);
#626 = ADVANCED_FACE('',(#627),#220,.T.);
#627 = FACE_BOUND('',#628,.T.);
#628 = EDGE_LOOP('',(#629,#630,#653,#681));
#629 = ORIENTED_EDGE('',*,*,#203,.T.);
#630 = ORIENTED_EDGE('',*,*,#631,.F.);
#631 = EDGE_CURVE('',#632,#204,#634,.T.);
#632 = VERTEX_POINT('',#633);
#633 = CARTESIAN_POINT('',(-23.,-3.,48.));
#634 = SURFACE_CURVE('',#635,(#639,#646),.PCURVE_S1.);
#635 = LINE('',#636,#637);
#636 = CARTESIAN_POINT('',(-23.,-3.,48.));
#637 = VECTOR('',#638,1.);
#638 = DIRECTION('',(1.,-1.110223024625E-16,0.));
#639 = PCURVE('',#220,#640);
#640 = DEFINITIONAL_REPRESENTATION('',(#641),#645);
#641 = LINE('',#642,#643);
#642 = CARTESIAN_POINT('',(45.613618914566,-5.949602467117));
#643 = VECTOR('',#644,1.);
#644 = DIRECTION('',(-0.991600411186,0.129339184068));
#645 = ( GEOMETRIC_REPRESENTATION_CONTEXT(2) 
PARAMETRIC_REPRESENTATION_CONTEXT() REPRESENTATION_CONTEXT('2D SPACE',''
  ) );
#646 = PCURVE('',#614,#647);
#647 = DEFINITIONAL_REPRESENTATION('',(#648),#652);
#648 = LINE('',#649,#650);
#649 = CARTESIAN_POINT('',(0.,0.));
#650 = VECTOR('',#651,1.);
#651 = DIRECTION('',(1.,0.));
#652 = ( GEOMETRIC_REPRESENTATION_CONTEXT(2) 
PARAMETRIC_REPRESENTATION_CONTEXT() REPRESENTATION_CONTEXT('2D SPACE',''
  ) );
#653 = ORIENTED_EDGE('',*,*,#654,.F.);
#654 = EDGE_CURVE('',#655,#632,#657,.T.);
#655 = VERTEX_POINT('',#656);
#656 = CARTESIAN_POINT('',(-23.,3.,48.));
#657 = SURFACE_CURVE('',#658,(#662,#669),.PCURVE_S1.);
#658 = LINE('',#659,#660);
#659 = CARTESIAN_POINT('',(-23.,3.,48.));
#660 = VECTOR('',#661,1.);
#661 = DIRECTION('',(-1.110223024625E-16,-1.,0.));
#662 = PCURVE('',#220,#663);
#663 = DEFINITIONAL_REPRESENTATION('',(#664),#668);
#664 = LINE('',#665,#666);
#665 = CARTESIAN_POINT('',(46.389654018973,-8.881784197001E-16));
#666 = VECTOR('',#667,1.);
#667 = DIRECTION('',(-0.129339184068,-0.991600411186));
#668 = ( GEOMETRIC_REPRESENTATION_CONTEXT(2) 
PARAMETRIC_REPRESENTATION_CONTEXT() REPRESENTATION_CONTEXT('2D SPACE',''
  ) );
#669 = PCURVE('',#670,#675);
#670 = PLANE('',#671);
#671 = AXIS2_PLACEMENT_3D('',#672,#673,#674);
#672 = CARTESIAN_POINT('',(-7.36,3.,168.));
#673 = DIRECTION('',(-0.991613308285,1.100911926382E-16,0.129240267846)
  );
#674 = DIRECTION('',(-1.110223024625E-16,-1.,0.));
#675 = DEFINITIONAL_REPRESENTATION('',(#676),#680);
#676 = LINE('',#677,#678);
#677 = CARTESIAN_POINT('',(-3.996802888651E-17,-121.0149147832));
#678 = VECTOR('',#679,1.);
#679 = DIRECTION('',(1.,0.));
#680 = ( GEOMETRIC_REPRESENTATION_CONTEXT(2) 
PARAMETRIC_REPRESENTATION_CONTEXT() REPRESENTATION_CONTEXT('2D SPACE',''
  ) );
#681 = ORIENTED_EDGE('',*,*,#682,.F.);
#682 = EDGE_CURVE('',#175,#655,#683,.T.);
#683 = SURFACE_CURVE('',#684,(#688,#695),.PCURVE_S1.);
#684 = LINE('',#685,#686);
#685 = CARTESIAN_POINT('',(23.,3.,48.));
#686 = VECTOR('',#687,1.);
#687 = DIRECTION('',(-1.,1.110223024625E-16,0.));
#688 = PCURVE('',#220,#689);
#689 = DEFINITIONAL_REPRESENTATION('',(#690),#694);
#690 = LINE('',#691,#692);
#691 = CARTESIAN_POINT('',(0.776035104407,5.949602467117));
#692 = VECTOR('',#693,1.);
#693 = DIRECTION('',(0.991600411186,-0.129339184068));
#694 = ( GEOMETRIC_REPRESENTATION_CONTEXT(2) 
PARAMETRIC_REPRESENTATION_CONTEXT() REPRESENTATION_CONTEXT('2D SPACE',''
  ) );
#695 = PCURVE('',#696,#701);
#696 = B_SPLINE_SURFACE_WITH_KNOTS('',1,1,(
    (#697,#698)
    ,(#699,#700
  )),.UNSPECIFIED.,.F.,.F.,.F.,(2,2),(2,2),(0.,46.),(0.,1.),
  .PIECEWISE_BEZIER_KNOTS.);
#697 = CARTESIAN_POINT('',(23.,3.,48.));
#698 = CARTESIAN_POINT('',(7.36,3.,168.));
#699 = CARTESIAN_POINT('',(-23.,3.,48.));
#700 = CARTESIAN_POINT('',(-7.36,3.,168.));
#701 = DEFINITIONAL_REPRESENTATION('',(#702),#706);
#702 = LINE('',#703,#704);
#703 = CARTESIAN_POINT('',(0.,0.));
#704 = VECTOR('',#705,1.);
#705 = DIRECTION('',(1.,0.));
#706 = ( GEOMETRIC_REPRESENTATION_CONTEXT(2) 
PARAMETRIC_REPRESENTATION_CONTEXT() REPRESENTATION_CONTEXT('2D SPACE',''
  ) );
#707 = ADVANCED_FACE('',(#708),#191,.T.);
#708 = FACE_BOUND('',#709,.T.);
#709 = EDGE_LOOP('',(#710,#738,#739));
#710 = ORIENTED_EDGE('',*,*,#711,.F.);
#711 = EDGE_CURVE('',#142,#712,#714,.T.);
#712 = VERTEX_POINT('',#713);
#713 = CARTESIAN_POINT('',(-3.,3.,48.));
#714 = SURFACE_CURVE('',#715,(#719,#726),.PCURVE_S1.);
#715 = LINE('',#716,#717);
#716 = CARTESIAN_POINT('',(-3.,41.,48.));
#717 = VECTOR('',#718,1.);
#718 = DIRECTION('',(0.,-1.,0.));
#719 = PCURVE('',#191,#720);
#720 = DEFINITIONAL_REPRESENTATION('',(#721),#725);
#721 = LINE('',#722,#723);
#722 = CARTESIAN_POINT('',(-3.,41.));
#723 = VECTOR('',#724,1.);
#724 = DIRECTION('',(0.,-1.));
#725 = ( GEOMETRIC_REPRESENTATION_CONTEXT(2) 
PARAMETRIC_REPRESENTATION_CONTEXT() REPRESENTATION_CONTEXT('2D SPACE',''
  ) );
#726 = PCURVE('',#727,#732);
#727 = B_SPLINE_SURFACE_WITH_KNOTS('',1,1,(
    (#728,#729)
    ,(#730,#731
  )),.UNSPECIFIED.,.F.,.F.,.F.,(2,2),(2,2),(0.,82.),(0.,1.),
  .PIECEWISE_BEZIER_KNOTS.);
#728 = CARTESIAN_POINT('',(-3.,41.,48.));
#729 = CARTESIAN_POINT('',(-3.,13.12,168.));
#730 = CARTESIAN_POINT('',(-3.,-41.,48.));
#731 = CARTESIAN_POINT('',(-3.,-13.12,168.));
#732 = DEFINITIONAL_REPRESENTATION('',(#733),#737);
#733 = LINE('',#734,#735);
#734 = CARTESIAN_POINT('',(0.,0.));
#735 = VECTOR('',#736,1.);
#736 = DIRECTION('',(1.,0.));
#737 = ( GEOMETRIC_REPRESENTATION_CONTEXT(2) 
PARAMETRIC_REPRESENTATION_CONTEXT() REPRESENTATION_CONTEXT('2D SPACE',''
  ) );
#738 = ORIENTED_EDGE('',*,*,#174,.T.);
#739 = ORIENTED_EDGE('',*,*,#740,.F.);
#740 = EDGE_CURVE('',#712,#175,#741,.T.);
#741 = SURFACE_CURVE('',#742,(#746,#753),.PCURVE_S1.);
#742 = LINE('',#743,#744);
#743 = CARTESIAN_POINT('',(23.,3.,48.));
#744 = VECTOR('',#745,1.);
#745 = DIRECTION('',(-1.,1.110223024625E-16,0.));
#746 = PCURVE('',#191,#747);
#747 = DEFINITIONAL_REPRESENTATION('',(#748),#752);
#748 = LINE('',#749,#750);
#749 = CARTESIAN_POINT('',(23.,3.));
#750 = VECTOR('',#751,1.);
#751 = DIRECTION('',(-1.,1.110223024625E-16));
#752 = ( GEOMETRIC_REPRESENTATION_CONTEXT(2) 
PARAMETRIC_REPRESENTATION_CONTEXT() REPRESENTATION_CONTEXT('2D SPACE',''
  ) );
#753 = PCURVE('',#696,#754);
#754 = DEFINITIONAL_REPRESENTATION('',(#755),#759);
#755 = LINE('',#756,#757);
#756 = CARTESIAN_POINT('',(0.,0.));
#757 = VECTOR('',#758,1.);
#758 = DIRECTION('',(1.,0.));
#759 = ( GEOMETRIC_REPRESENTATION_CONTEXT(2) 
PARAMETRIC_REPRESENTATION_CONTEXT() REPRESENTATION_CONTEXT('2D SPACE',''
  ) );
#760 = ADVANCED_FACE('',(#761),#158,.T.);
#761 = FACE_BOUND('',#762,.T.);
#762 = EDGE_LOOP('',(#763,#764,#787,#815));
#763 = ORIENTED_EDGE('',*,*,#141,.T.);
#764 = ORIENTED_EDGE('',*,*,#765,.F.);
#765 = EDGE_CURVE('',#766,#142,#768,.T.);
#766 = VERTEX_POINT('',#767);
#767 = CARTESIAN_POINT('',(-3.,41.,48.));
#768 = SURFACE_CURVE('',#769,(#773,#780),.PCURVE_S1.);
#769 = LINE('',#770,#771);
#770 = CARTESIAN_POINT('',(-3.,41.,48.));
#771 = VECTOR('',#772,1.);
#772 = DIRECTION('',(0.,-1.,0.));
#773 = PCURVE('',#158,#774);
#774 = DEFINITIONAL_REPRESENTATION('',(#775),#779);
#775 = LINE('',#776,#777);
#776 = CARTESIAN_POINT('',(81.781365334508,-5.984002341549));
#777 = VECTOR('',#778,1.);
#778 = DIRECTION('',(-0.997333723592,7.297563831158E-02));
#779 = ( GEOMETRIC_REPRESENTATION_CONTEXT(2) 
PARAMETRIC_REPRESENTATION_CONTEXT() REPRESENTATION_CONTEXT('2D SPACE',''
  ) );
#780 = PCURVE('',#727,#781);
#781 = DEFINITIONAL_REPRESENTATION('',(#782),#786);
#782 = LINE('',#783,#784);
#783 = CARTESIAN_POINT('',(0.,0.));
#784 = VECTOR('',#785,1.);
#785 = DIRECTION('',(1.,0.));
#786 = ( GEOMETRIC_REPRESENTATION_CONTEXT(2) 
PARAMETRIC_REPRESENTATION_CONTEXT() REPRESENTATION_CONTEXT('2D SPACE',''
  ) );
#787 = ORIENTED_EDGE('',*,*,#788,.F.);
#788 = EDGE_CURVE('',#789,#766,#791,.T.);
#789 = VERTEX_POINT('',#790);
#790 = CARTESIAN_POINT('',(3.,41.,48.));
#791 = SURFACE_CURVE('',#792,(#796,#803),.PCURVE_S1.);
#792 = LINE('',#793,#794);
#793 = CARTESIAN_POINT('',(3.,41.,48.));
#794 = VECTOR('',#795,1.);
#795 = DIRECTION('',(-1.,0.,0.));
#796 = PCURVE('',#158,#797);
#797 = DEFINITIONAL_REPRESENTATION('',(#798),#802);
#798 = LINE('',#799,#800);
#799 = CARTESIAN_POINT('',(82.219219164378,8.881784197001E-16));
#800 = VECTOR('',#801,1.);
#801 = DIRECTION('',(-7.297563831158E-02,-0.997333723592));
#802 = ( GEOMETRIC_REPRESENTATION_CONTEXT(2) 
PARAMETRIC_REPRESENTATION_CONTEXT() REPRESENTATION_CONTEXT('2D SPACE',''
  ) );
#803 = PCURVE('',#804,#809);
#804 = PLANE('',#805);
#805 = AXIS2_PLACEMENT_3D('',#806,#807,#808);
#806 = CARTESIAN_POINT('',(3.,13.12,168.));
#807 = DIRECTION('',(0.,0.974056316213,0.2263057508));
#808 = DIRECTION('',(-1.,0.,0.));
#809 = DEFINITIONAL_REPRESENTATION('',(#810),#814);
#810 = LINE('',#811,#812);
#811 = CARTESIAN_POINT('',(0.,-123.1961622778));
#812 = VECTOR('',#813,1.);
#813 = DIRECTION('',(1.,0.));
#814 = ( GEOMETRIC_REPRESENTATION_CONTEXT(2) 
PARAMETRIC_REPRESENTATION_CONTEXT() REPRESENTATION_CONTEXT('2D SPACE',''
  ) );
#815 = ORIENTED_EDGE('',*,*,#816,.F.);
#816 = EDGE_CURVE('',#113,#789,#817,.T.);
#817 = SURFACE_CURVE('',#818,(#822,#829),.PCURVE_S1.);
#818 = LINE('',#819,#820);
#819 = CARTESIAN_POINT('',(3.,-41.,48.));
#820 = VECTOR('',#821,1.);
#821 = DIRECTION('',(0.,1.,0.));
#822 = PCURVE('',#158,#823);
#823 = DEFINITIONAL_REPRESENTATION('',(#824),#828);
#824 = LINE('',#825,#826);
#825 = CARTESIAN_POINT('',(0.437853829869,5.984002341549));
#826 = VECTOR('',#827,1.);
#827 = DIRECTION('',(0.997333723592,-7.297563831158E-02));
#828 = ( GEOMETRIC_REPRESENTATION_CONTEXT(2) 
PARAMETRIC_REPRESENTATION_CONTEXT() REPRESENTATION_CONTEXT('2D SPACE',''
  ) );
#829 = PCURVE('',#830,#835);
#830 = B_SPLINE_SURFACE_WITH_KNOTS('',1,1,(
    (#831,#832)
    ,(#833,#834
  )),.UNSPECIFIED.,.F.,.F.,.F.,(2,2),(2,2),(0.,82.),(0.,1.),
  .PIECEWISE_BEZIER_KNOTS.);
#831 = CARTESIAN_POINT('',(3.,-41.,48.));
#832 = CARTESIAN_POINT('',(3.,-13.12,168.));
#833 = CARTESIAN_POINT('',(3.,41.,48.));
#834 = CARTESIAN_POINT('',(3.,13.12,168.));
#835 = DEFINITIONAL_REPRESENTATION('',(#836),#840);
#836 = LINE('',#837,#838);
#837 = CARTESIAN_POINT('',(0.,0.));
#838 = VECTOR('',#839,1.);
#839 = DIRECTION('',(1.,0.));
#840 = ( GEOMETRIC_REPRESENTATION_CONTEXT(2) 
PARAMETRIC_REPRESENTATION_CONTEXT() REPRESENTATION_CONTEXT('2D SPACE',''
  ) );
#841 = ADVANCED_FACE('',(#842),#129,.T.);
#842 = FACE_BOUND('',#843,.T.);
#843 = EDGE_LOOP('',(#844,#867,#888));
#844 = ORIENTED_EDGE('',*,*,#845,.F.);
#845 = EDGE_CURVE('',#846,#113,#848,.T.);
#846 = VERTEX_POINT('',#847);
#847 = CARTESIAN_POINT('',(3.,3.,48.));
#848 = SURFACE_CURVE('',#849,(#853,#860),.PCURVE_S1.);
#849 = LINE('',#850,#851);
#850 = CARTESIAN_POINT('',(3.,-41.,48.));
#851 = VECTOR('',#852,1.);
#852 = DIRECTION('',(0.,1.,0.));
#853 = PCURVE('',#129,#854);
#854 = DEFINITIONAL_REPRESENTATION('',(#855),#859);
#855 = LINE('',#856,#857);
#856 = CARTESIAN_POINT('',(3.,-41.));
#857 = VECTOR('',#858,1.);
#858 = DIRECTION('',(0.,1.));
#859 = ( GEOMETRIC_REPRESENTATION_CONTEXT(2) 
PARAMETRIC_REPRESENTATION_CONTEXT() REPRESENTATION_CONTEXT('2D SPACE',''
  ) );
#860 = PCURVE('',#830,#861);
#861 = DEFINITIONAL_REPRESENTATION('',(#862),#866);
#862 = LINE('',#863,#864);
#863 = CARTESIAN_POINT('',(0.,0.));
#864 = VECTOR('',#865,1.);
#865 = DIRECTION('',(1.,0.));
#866 = ( GEOMETRIC_REPRESENTATION_CONTEXT(2) 
PARAMETRIC_REPRESENTATION_CONTEXT() REPRESENTATION_CONTEXT('2D SPACE',''
  ) );
#867 = ORIENTED_EDGE('',*,*,#868,.F.);
#868 = EDGE_CURVE('',#80,#846,#869,.T.);
#869 = SURFACE_CURVE('',#870,(#874,#881),.PCURVE_S1.);
#870 = LINE('',#871,#872);
#871 = CARTESIAN_POINT('',(23.,3.,48.));
#872 = VECTOR('',#873,1.);
#873 = DIRECTION('',(-1.,1.110223024625E-16,0.));
#874 = PCURVE('',#129,#875);
#875 = DEFINITIONAL_REPRESENTATION('',(#876),#880);
#876 = LINE('',#877,#878);
#877 = CARTESIAN_POINT('',(23.,3.));
#878 = VECTOR('',#879,1.);
#879 = DIRECTION('',(-1.,1.110223024625E-16));
#880 = ( GEOMETRIC_REPRESENTATION_CONTEXT(2) 
PARAMETRIC_REPRESENTATION_CONTEXT() REPRESENTATION_CONTEXT('2D SPACE',''
  ) );
#881 = PCURVE('',#428,#882);
#882 = DEFINITIONAL_REPRESENTATION('',(#883),#887);
#883 = LINE('',#884,#885);
#884 = CARTESIAN_POINT('',(0.,0.));
#885 = VECTOR('',#886,1.);
#886 = DIRECTION('',(1.,0.));
#887 = ( GEOMETRIC_REPRESENTATION_CONTEXT(2) 
PARAMETRIC_REPRESENTATION_CONTEXT() REPRESENTATION_CONTEXT('2D SPACE',''
  ) );
#888 = ORIENTED_EDGE('',*,*,#112,.T.);
#889 = ADVANCED_FACE('',(#890,#893),#66,.F.);
#890 = FACE_BOUND('',#891,.F.);
#891 = EDGE_LOOP('',(#892));
#892 = ORIENTED_EDGE('',*,*,#51,.T.);
#893 = FACE_BOUND('',#894,.F.);
#894 = EDGE_LOOP('',(#895));
#895 = ORIENTED_EDGE('',*,*,#896,.F.);
#896 = EDGE_CURVE('',#897,#897,#899,.T.);
#897 = VERTEX_POINT('',#898);
#898 = CARTESIAN_POINT('',(-8.55,2.094146026542E-15,0.));
#899 = SURFACE_CURVE('',#900,(#905,#912),.PCURVE_S1.);
#900 = CIRCLE('',#901,8.55);
#901 = AXIS2_PLACEMENT_3D('',#902,#903,#904);
#902 = CARTESIAN_POINT('',(0.,0.,0.));
#903 = DIRECTION('',(0.,0.,1.));
#904 = DIRECTION('',(-1.,0.,0.));
#905 = PCURVE('',#66,#906);
#906 = DEFINITIONAL_REPRESENTATION('',(#907),#911);
#907 = CIRCLE('',#908,8.55);
#908 = AXIS2_PLACEMENT_2D('',#909,#910);
#909 = CARTESIAN_POINT('',(7.197053329155E-16,-9.74044882155E-16));
#910 = DIRECTION('',(-1.,0.));
#911 = ( GEOMETRIC_REPRESENTATION_CONTEXT(2) 
PARAMETRIC_REPRESENTATION_CONTEXT() REPRESENTATION_CONTEXT('2D SPACE',''
  ) );
#912 = PCURVE('',#913,#918);
#913 = CYLINDRICAL_SURFACE('',#914,8.55);
#914 = AXIS2_PLACEMENT_3D('',#915,#916,#917);
#915 = CARTESIAN_POINT('',(0.,0.,0.));
#916 = DIRECTION('',(0.,0.,1.));
#917 = DIRECTION('',(-1.,0.,0.));
#918 = DEFINITIONAL_REPRESENTATION('',(#919),#923);
#919 = LINE('',#920,#921);
#920 = CARTESIAN_POINT('',(0.,0.));
#921 = VECTOR('',#922,1.);
#922 = DIRECTION('',(1.,0.));
#923 = ( GEOMETRIC_REPRESENTATION_CONTEXT(2) 
PARAMETRIC_REPRESENTATION_CONTEXT() REPRESENTATION_CONTEXT('2D SPACE',''
  ) );
#924 = ADVANCED_FACE('',(#925),#374,.T.);
#925 = FACE_BOUND('',#926,.T.);
#926 = EDGE_LOOP('',(#927,#928,#949,#977));
#927 = ORIENTED_EDGE('',*,*,#356,.T.);
#928 = ORIENTED_EDGE('',*,*,#929,.T.);
#929 = EDGE_CURVE('',#359,#930,#932,.T.);
#930 = VERTEX_POINT('',#931);
#931 = CARTESIAN_POINT('',(7.36,3.,168.));
#932 = SURFACE_CURVE('',#933,(#936,#942),.PCURVE_S1.);
#933 = B_SPLINE_CURVE_WITH_KNOTS('',1,(#934,#935),.UNSPECIFIED.,.F.,.F.,
  (2,2),(0.,1.),.PIECEWISE_BEZIER_KNOTS.);
#934 = CARTESIAN_POINT('',(23.,3.,48.));
#935 = CARTESIAN_POINT('',(7.36,3.,168.));
#936 = PCURVE('',#374,#937);
#937 = DEFINITIONAL_REPRESENTATION('',(#938),#941);
#938 = B_SPLINE_CURVE_WITH_KNOTS('',1,(#939,#940),.UNSPECIFIED.,.F.,.F.,
  (2,2),(0.,1.),.PIECEWISE_BEZIER_KNOTS.);
#939 = CARTESIAN_POINT('',(6.,-121.0149147832));
#940 = CARTESIAN_POINT('',(6.,0.));
#941 = ( GEOMETRIC_REPRESENTATION_CONTEXT(2) 
PARAMETRIC_REPRESENTATION_CONTEXT() REPRESENTATION_CONTEXT('2D SPACE',''
  ) );
#942 = PCURVE('',#428,#943);
#943 = DEFINITIONAL_REPRESENTATION('',(#944),#948);
#944 = LINE('',#945,#946);
#945 = CARTESIAN_POINT('',(0.,0.));
#946 = VECTOR('',#947,1.);
#947 = DIRECTION('',(0.,1.));
#948 = ( GEOMETRIC_REPRESENTATION_CONTEXT(2) 
PARAMETRIC_REPRESENTATION_CONTEXT() REPRESENTATION_CONTEXT('2D SPACE',''
  ) );
#949 = ORIENTED_EDGE('',*,*,#950,.F.);
#950 = EDGE_CURVE('',#951,#930,#953,.T.);
#951 = VERTEX_POINT('',#952);
#952 = CARTESIAN_POINT('',(7.36,-3.,168.));
#953 = SURFACE_CURVE('',#954,(#958,#965),.PCURVE_S1.);
#954 = LINE('',#955,#956);
#955 = CARTESIAN_POINT('',(7.36,-3.,168.));
#956 = VECTOR('',#957,1.);
#957 = DIRECTION('',(1.110223024625E-16,1.,0.));
#958 = PCURVE('',#374,#959);
#959 = DEFINITIONAL_REPRESENTATION('',(#960),#964);
#960 = LINE('',#961,#962);
#961 = CARTESIAN_POINT('',(0.,0.));
#962 = VECTOR('',#963,1.);
#963 = DIRECTION('',(1.,0.));
#964 = ( GEOMETRIC_REPRESENTATION_CONTEXT(2) 
PARAMETRIC_REPRESENTATION_CONTEXT() REPRESENTATION_CONTEXT('2D SPACE',''
  ) );
#965 = PCURVE('',#966,#971);
#966 = PLANE('',#967);
#967 = AXIS2_PLACEMENT_3D('',#968,#969,#970);
#968 = CARTESIAN_POINT('',(7.36,-3.,168.));
#969 = DIRECTION('',(0.,0.,-1.));
#970 = DIRECTION('',(-0.92602721618,0.377456745726,0.));
#971 = DEFINITIONAL_REPRESENTATION('',(#972),#976);
#972 = LINE('',#973,#974);
#973 = CARTESIAN_POINT('',(0.,0.));
#974 = VECTOR('',#975,1.);
#975 = DIRECTION('',(0.377456745726,0.92602721618));
#976 = ( GEOMETRIC_REPRESENTATION_CONTEXT(2) 
PARAMETRIC_REPRESENTATION_CONTEXT() REPRESENTATION_CONTEXT('2D SPACE',''
  ) );
#977 = ORIENTED_EDGE('',*,*,#978,.F.);
#978 = EDGE_CURVE('',#357,#951,#979,.T.);
#979 = SURFACE_CURVE('',#980,(#983,#989),.PCURVE_S1.);
#980 = B_SPLINE_CURVE_WITH_KNOTS('',1,(#981,#982),.UNSPECIFIED.,.F.,.F.,
  (2,2),(0.,1.),.PIECEWISE_BEZIER_KNOTS.);
#981 = CARTESIAN_POINT('',(23.,-3.,48.));
#982 = CARTESIAN_POINT('',(7.36,-3.,168.));
#983 = PCURVE('',#374,#984);
#984 = DEFINITIONAL_REPRESENTATION('',(#985),#988);
#985 = B_SPLINE_CURVE_WITH_KNOTS('',1,(#986,#987),.UNSPECIFIED.,.F.,.F.,
  (2,2),(0.,1.),.PIECEWISE_BEZIER_KNOTS.);
#986 = CARTESIAN_POINT('',(0.,-121.0149147832));
#987 = CARTESIAN_POINT('',(0.,0.));
#988 = ( GEOMETRIC_REPRESENTATION_CONTEXT(2) 
PARAMETRIC_REPRESENTATION_CONTEXT() REPRESENTATION_CONTEXT('2D SPACE',''
  ) );
#989 = PCURVE('',#400,#990);
#990 = DEFINITIONAL_REPRESENTATION('',(#991),#995);
#991 = LINE('',#992,#993);
#992 = CARTESIAN_POINT('',(46.,0.));
#993 = VECTOR('',#994,1.);
#994 = DIRECTION('',(0.,1.));
#995 = ( GEOMETRIC_REPRESENTATION_CONTEXT(2) 
PARAMETRIC_REPRESENTATION_CONTEXT() REPRESENTATION_CONTEXT('2D SPACE',''
  ) );
#996 = ADVANCED_FACE('',(#997),#428,.T.);
#997 = FACE_BOUND('',#998,.T.);
#998 = EDGE_LOOP('',(#999,#1000,#1001,#1002,#1157,#1191,#1225,#1254,
    #1409,#1443,#1480,#1509,#1664));
#999 = ORIENTED_EDGE('',*,*,#929,.F.);
#1000 = ORIENTED_EDGE('',*,*,#414,.T.);
#1001 = ORIENTED_EDGE('',*,*,#868,.T.);
#1002 = ORIENTED_EDGE('',*,*,#1003,.F.);
#1003 = EDGE_CURVE('',#1004,#846,#1006,.T.);
#1004 = VERTEX_POINT('',#1005);
#1005 = CARTESIAN_POINT('',(3.,3.,86.154248688935));
#1006 = SURFACE_CURVE('',#1007,(#1055,#1106),.PCURVE_S1.);
#1007 = B_SPLINE_CURVE_WITH_KNOTS('',6,(#1008,#1009,#1010,#1011,#1012,
    #1013,#1014,#1015,#1016,#1017,#1018,#1019,#1020,#1021,#1022,#1023,
    #1024,#1025,#1026,#1027,#1028,#1029,#1030,#1031,#1032,#1033,#1034,
    #1035,#1036,#1037,#1038,#1039,#1040,#1041,#1042,#1043,#1044,#1045,
    #1046,#1047,#1048,#1049,#1050,#1051,#1052,#1053,#1054),
  .UNSPECIFIED.,.F.,.F.,(7,5,5,5,5,5,5,5,5,7),(0.,9.226109152498E-02,
    0.225092907485,0.38125849766,0.536393865194,0.647810758972,
    0.758749613335,0.870102499251,0.981001253611,1.),.UNSPECIFIED.);
#1008 = CARTESIAN_POINT('',(3.,3.,168.));
#1009 = CARTESIAN_POINT('',(3.,3.,166.19614671724));
#1010 = CARTESIAN_POINT('',(3.,3.,164.38511138692));
#1011 = CARTESIAN_POINT('',(3.,3.,162.56838276652));
#1012 = CARTESIAN_POINT('',(3.,3.,160.74709965421));
#1013 = CARTESIAN_POINT('',(3.,3.,158.92208567869));
#1014 = CARTESIAN_POINT('',(3.,3.,154.4617524601));
#1015 = CARTESIAN_POINT('',(3.,3.,151.82315564798));
#1016 = CARTESIAN_POINT('',(3.,3.,149.17976218758));
#1017 = CARTESIAN_POINT('',(3.,3.,146.53274595903));
#1018 = CARTESIAN_POINT('',(3.,3.,143.88289616075));
#1019 = CARTESIAN_POINT('',(3.,3.,138.11249876759));
#1020 = CARTESIAN_POINT('',(3.,3.,134.99114668129));
#1021 = CARTESIAN_POINT('',(3.,3.,131.86740545905));
#1022 = CARTESIAN_POINT('',(3.,3.,128.74184558281));
#1023 = CARTESIAN_POINT('',(3.,3.,125.61485395808));
#1024 = CARTESIAN_POINT('',(3.,3.,119.37908205321));
#1025 = CARTESIAN_POINT('',(3.,3.,116.27035060977));
#1026 = CARTESIAN_POINT('',(3.,3.,113.16070314799));
#1027 = CARTESIAN_POINT('',(3.,3.,110.05032332325));
#1028 = CARTESIAN_POINT('',(3.,3.,106.93934359017));
#1029 = CARTESIAN_POINT('',(3.,3.,101.59320130613));
#1030 = CARTESIAN_POINT('',(3.,3.,99.35829131098));
#1031 = CARTESIAN_POINT('',(3.,3.,97.123154819359));
#1032 = CARTESIAN_POINT('',(3.,3.,94.887820874768));
#1033 = CARTESIAN_POINT('',(3.,3.,92.652312974146));
#1034 = CARTESIAN_POINT('',(3.,3.,88.190578527016));
#1035 = CARTESIAN_POINT('',(3.,3.,85.964353915545));
#1036 = CARTESIAN_POINT('',(3.,3.,83.737994417563));
#1037 = CARTESIAN_POINT('',(3.,3.,81.511515670427));
#1038 = CARTESIAN_POINT('',(3.,3.,79.284930593143));
#1039 = CARTESIAN_POINT('',(3.,3.,74.823258560648));
#1040 = CARTESIAN_POINT('',(3.,3.,72.588171208176));
#1041 = CARTESIAN_POINT('',(3.,3.,70.352998209855));
#1042 = CARTESIAN_POINT('',(3.,3.,68.11774872777));
#1043 = CARTESIAN_POINT('',(3.,3.,65.882430460141));
#1044 = CARTESIAN_POINT('',(3.,3.,61.420785397805));
#1045 = CARTESIAN_POINT('',(3.,3.,59.194459308172));
#1046 = CARTESIAN_POINT('',(3.,3.,56.968077633714));
#1047 = CARTESIAN_POINT('',(3.,3.,54.741645830855));
#1048 = CARTESIAN_POINT('',(3.,3.,52.515168551159));
#1049 = CARTESIAN_POINT('',(3.,3.,49.907211018841));
#1050 = CARTESIAN_POINT('',(3.,3.,49.525771176431));
#1051 = CARTESIAN_POINT('',(3.,3.,49.144330134093));
#1052 = CARTESIAN_POINT('',(3.,3.,48.762887911327));
#1053 = CARTESIAN_POINT('',(3.,3.,48.381444527131));
#1054 = CARTESIAN_POINT('',(3.,3.,48.));
#1055 = PCURVE('',#428,#1056);
#1056 = DEFINITIONAL_REPRESENTATION('',(#1057),#1105);
#1057 = B_SPLINE_CURVE_WITH_KNOTS('',6,(#1058,#1059,#1060,#1061,#1062,
    #1063,#1064,#1065,#1066,#1067,#1068,#1069,#1070,#1071,#1072,#1073,
    #1074,#1075,#1076,#1077,#1078,#1079,#1080,#1081,#1082,#1083,#1084,
    #1085,#1086,#1087,#1088,#1089,#1090,#1091,#1092,#1093,#1094,#1095,
    #1096,#1097,#1098,#1099,#1100,#1101,#1102,#1103,#1104),
  .UNSPECIFIED.,.F.,.F.,(7,5,5,5,5,5,5,5,5,7),(0.,9.226109152498E-02,
    0.225092907485,0.38125849766,0.536393865194,0.647810758972,
    0.758749613335,0.870102499251,0.981001253611,1.),.UNSPECIFIED.);
#1058 = CARTESIAN_POINT('',(13.625000000148,0.999999999993));
#1059 = CARTESIAN_POINT('',(13.924467400002,0.984967889324));
#1060 = CARTESIAN_POINT('',(14.202171100168,0.969875928215));
#1061 = CARTESIAN_POINT('',(14.46081350289,0.954736523051));
#1062 = CARTESIAN_POINT('',(14.702588274806,0.939559163794));
#1063 = CARTESIAN_POINT('',(14.929304396672,0.924350713985));
#1064 = CARTESIAN_POINT('',(15.449470002143,0.887181270501));
#1065 = CARTESIAN_POINT('',(15.728404689229,0.865192963733));
#1066 = CARTESIAN_POINT('',(15.983909601497,0.843164684896));
#1067 = CARTESIAN_POINT('',(16.219319197485,0.821106216325));
#1068 = CARTESIAN_POINT('',(16.43728221439,0.799024134673));
#1069 = CARTESIAN_POINT('',(16.878177614078,0.75093748973));
#1070 = CARTESIAN_POINT('',(17.095250593275,0.724926222344));
#1071 = CARTESIAN_POINT('',(17.294611837022,0.698895045492));
#1072 = CARTESIAN_POINT('',(17.478750246889,0.67284871319));
#1073 = CARTESIAN_POINT('',(17.649641177035,0.646790449651));
#1074 = CARTESIAN_POINT('',(17.967050781817,0.594825683777));
#1075 = CARTESIAN_POINT('',(18.113722060929,0.568919588415));
#1076 = CARTESIAN_POINT('',(18.250441308073,0.543005859567));
#1077 = CARTESIAN_POINT('',(18.378397528062,0.517086027694));
#1078 = CARTESIAN_POINT('',(18.498562003595,0.491161196585));
#1079 = CARTESIAN_POINT('',(18.69302259566,0.446610010884));
#1080 = CARTESIAN_POINT('',(18.770701931997,0.427985760925));
#1081 = CARTESIAN_POINT('',(18.845075325784,0.409359623495));
#1082 = CARTESIAN_POINT('',(18.916398274983,0.390731840623));
#1083 = CARTESIAN_POINT('',(18.984892687369,0.372102608118));
#1084 = CARTESIAN_POINT('',(19.11633590787,0.334921487725));
#1085 = CARTESIAN_POINT('',(19.179307169273,0.316369615963));
#1086 = CARTESIAN_POINT('',(19.239863231523,0.297816620146));
#1087 = CARTESIAN_POINT('',(19.298173012678,0.279262630587));
#1088 = CARTESIAN_POINT('',(19.354385259764,0.260707754943));
#1089 = CARTESIAN_POINT('',(19.46308353171,0.223527154672));
#1090 = CARTESIAN_POINT('',(19.515555680513,0.204901426735));
#1091 = CARTESIAN_POINT('',(19.566182370104,0.186274985082));
#1092 = CARTESIAN_POINT('',(19.615083174992,0.167647906065));
#1093 = CARTESIAN_POINT('',(19.662364615685,0.149020253835));
#1094 = CARTESIAN_POINT('',(19.753689179027,0.111839878315));
#1095 = CARTESIAN_POINT('',(19.797746050781,9.328716090143E-02));
#1096 = CARTESIAN_POINT('',(19.840383626234,7.473398028095E-02));
#1097 = CARTESIAN_POINT('',(19.881686267169,5.618038192379E-02));
#1098 = CARTESIAN_POINT('',(19.921729844867,3.762640459299E-02));
#1099 = CARTESIAN_POINT('',(19.967237720189,1.589342515064E-02));
#1100 = CARTESIAN_POINT('',(19.973858739564,1.271475980868E-02));
#1101 = CARTESIAN_POINT('',(19.980445142126,9.536084458411E-03));
#1102 = CARTESIAN_POINT('',(19.986997265908,6.357399257E-03));
#1103 = CARTESIAN_POINT('',(19.993515443083,3.178704378766E-03));
#1104 = CARTESIAN_POINT('',(19.999999999969,1.520801191925E-11));
#1105 = ( GEOMETRIC_REPRESENTATION_CONTEXT(2) 
PARAMETRIC_REPRESENTATION_CONTEXT() REPRESENTATION_CONTEXT('2D SPACE',''
  ) );
#1106 = PCURVE('',#830,#1107);
#1107 = DEFINITIONAL_REPRESENTATION('',(#1108),#1156);
#1108 = B_SPLINE_CURVE_WITH_KNOTS('',6,(#1109,#1110,#1111,#1112,#1113,
    #1114,#1115,#1116,#1117,#1118,#1119,#1120,#1121,#1122,#1123,#1124,
    #1125,#1126,#1127,#1128,#1129,#1130,#1131,#1132,#1133,#1134,#1135,
    #1136,#1137,#1138,#1139,#1140,#1141,#1142,#1143,#1144,#1145,#1146,
    #1147,#1148,#1149,#1150,#1151,#1152,#1153,#1154,#1155),
  .UNSPECIFIED.,.F.,.F.,(7,5,5,5,5,5,5,5,5,7),(0.,9.226109152498E-02,
    0.225092907485,0.38125849766,0.536393865194,0.647810758972,
    0.758749613335,0.870102499251,0.981001253611,1.),.UNSPECIFIED.);
#1109 = CARTESIAN_POINT('',(50.375,1.));
#1110 = CARTESIAN_POINT('',(50.075532599718,0.98496788931));
#1111 = CARTESIAN_POINT('',(49.797828900024,0.969875928224));
#1112 = CARTESIAN_POINT('',(49.539186497184,0.954736523054));
#1113 = CARTESIAN_POINT('',(49.297411725012,0.939559163785));
#1114 = CARTESIAN_POINT('',(49.070695603411,0.924350713989));
#1115 = CARTESIAN_POINT('',(48.550529997857,0.887181270501));
#1116 = CARTESIAN_POINT('',(48.271595310771,0.865192963734));
#1117 = CARTESIAN_POINT('',(48.016090398503,0.843164684896));
#1118 = CARTESIAN_POINT('',(47.780680802514,0.821106216326));
#1119 = CARTESIAN_POINT('',(47.56271778561,0.799024134673));
#1120 = CARTESIAN_POINT('',(47.121822385922,0.75093748973));
#1121 = CARTESIAN_POINT('',(46.904749406725,0.724926222344));
#1122 = CARTESIAN_POINT('',(46.705388162978,0.698895045492));
#1123 = CARTESIAN_POINT('',(46.52124975311,0.67284871319));
#1124 = CARTESIAN_POINT('',(46.350358822965,0.646790449651));
#1125 = CARTESIAN_POINT('',(46.032949218184,0.594825683777));
#1126 = CARTESIAN_POINT('',(45.886277939068,0.568919588415));
#1127 = CARTESIAN_POINT('',(45.749558691932,0.543005859566));
#1128 = CARTESIAN_POINT('',(45.621602471936,0.517086027694));
#1129 = CARTESIAN_POINT('',(45.501437996405,0.491161196585));
#1130 = CARTESIAN_POINT('',(45.30697740434,0.446610010884));
#1131 = CARTESIAN_POINT('',(45.229298068002,0.427985760925));
#1132 = CARTESIAN_POINT('',(45.154924674216,0.409359623495));
#1133 = CARTESIAN_POINT('',(45.083601725017,0.390731840623));
#1134 = CARTESIAN_POINT('',(45.015107312631,0.372102608118));
#1135 = CARTESIAN_POINT('',(44.88366409213,0.334921487725));
#1136 = CARTESIAN_POINT('',(44.820692830727,0.316369615963));
#1137 = CARTESIAN_POINT('',(44.760136768477,0.297816620146));
#1138 = CARTESIAN_POINT('',(44.701826987321,0.279262630587));
#1139 = CARTESIAN_POINT('',(44.645614740236,0.260707754943));
#1140 = CARTESIAN_POINT('',(44.53691646829,0.223527154672));
#1141 = CARTESIAN_POINT('',(44.484444319487,0.204901426735));
#1142 = CARTESIAN_POINT('',(44.433817629896,0.186274985082));
#1143 = CARTESIAN_POINT('',(44.384916825008,0.167647906065));
#1144 = CARTESIAN_POINT('',(44.337635384315,0.149020253835));
#1145 = CARTESIAN_POINT('',(44.246310820973,0.111839878315));
#1146 = CARTESIAN_POINT('',(44.202253949219,9.328716090143E-02));
#1147 = CARTESIAN_POINT('',(44.159616373766,7.473398028095E-02));
#1148 = CARTESIAN_POINT('',(44.118313732831,5.618038192379E-02));
#1149 = CARTESIAN_POINT('',(44.078270155133,3.762640459299E-02));
#1150 = CARTESIAN_POINT('',(44.032762279824,1.589342515701E-02));
#1151 = CARTESIAN_POINT('',(44.026141260425,1.271475980359E-02));
#1152 = CARTESIAN_POINT('',(44.019554857858,9.536084450772E-03));
#1153 = CARTESIAN_POINT('',(44.013002734101,6.357399261055E-03));
#1154 = CARTESIAN_POINT('',(44.006484556946,3.178704392755E-03));
#1155 = CARTESIAN_POINT('',(44.,0.));
#1156 = ( GEOMETRIC_REPRESENTATION_CONTEXT(2) 
PARAMETRIC_REPRESENTATION_CONTEXT() REPRESENTATION_CONTEXT('2D SPACE',''
  ) );
#1157 = ORIENTED_EDGE('',*,*,#1158,.T.);
#1158 = EDGE_CURVE('',#1004,#1159,#1161,.T.);
#1159 = VERTEX_POINT('',#1160);
#1160 = CARTESIAN_POINT('',(6.,3.,86.154248688935));
#1161 = SURFACE_CURVE('',#1162,(#1168,#1177),.PCURVE_S1.);
#1162 = B_SPLINE_CURVE_WITH_KNOTS('',4,(#1163,#1164,#1165,#1166,#1167),
  .UNSPECIFIED.,.F.,.F.,(5,5),(0.,1.),.PIECEWISE_BEZIER_KNOTS.);
#1163 = CARTESIAN_POINT('',(2.351377302013,3.,86.154248688935));
#1164 = CARTESIAN_POINT('',(3.263533126509,3.,86.154248688935));
#1165 = CARTESIAN_POINT('',(4.175688951006,3.,86.154248688935));
#1166 = CARTESIAN_POINT('',(5.087844775503,3.,86.154248688935));
#1167 = CARTESIAN_POINT('',(6.0000006,3.,86.154248688935));
#1168 = PCURVE('',#428,#1169);
#1169 = DEFINITIONAL_REPRESENTATION('',(#1170),#1176);
#1170 = B_SPLINE_CURVE_WITH_KNOTS('',4,(#1171,#1172,#1173,#1174,#1175),
  .UNSPECIFIED.,.F.,.F.,(5,5),(0.,1.),.PIECEWISE_BEZIER_KNOTS.);
#1171 = CARTESIAN_POINT('',(20.0000006,0.317952072408));
#1172 = CARTESIAN_POINT('',(18.836228659251,0.317952072408));
#1173 = CARTESIAN_POINT('',(17.672456718501,0.317952072408));
#1174 = CARTESIAN_POINT('',(16.508684777752,0.317952072408));
#1175 = CARTESIAN_POINT('',(15.344912837003,0.317952072408));
#1176 = ( GEOMETRIC_REPRESENTATION_CONTEXT(2) 
PARAMETRIC_REPRESENTATION_CONTEXT() REPRESENTATION_CONTEXT('2D SPACE',''
  ) );
#1177 = PCURVE('',#1178,#1183);
#1178 = CYLINDRICAL_SURFACE('',#1179,4.);
#1179 = AXIS2_PLACEMENT_3D('',#1180,#1181,#1182);
#1180 = CARTESIAN_POINT('',(-6.,0.,88.8));
#1181 = DIRECTION('',(-1.,-0.,-0.));
#1182 = DIRECTION('',(0.,1.,0.));
#1183 = DEFINITIONAL_REPRESENTATION('',(#1184),#1190);
#1184 = B_SPLINE_CURVE_WITH_KNOTS('',4,(#1185,#1186,#1187,#1188,#1189),
  .UNSPECIFIED.,.F.,.F.,(5,5),(0.,1.),.PIECEWISE_BEZIER_KNOTS.);
#1185 = CARTESIAN_POINT('',(-5.560451059366,-8.351377302013));
#1186 = CARTESIAN_POINT('',(-5.560451059366,-9.263533126509));
#1187 = CARTESIAN_POINT('',(-5.560451059366,-10.175688951));
#1188 = CARTESIAN_POINT('',(-5.560451059366,-11.0878447755));
#1189 = CARTESIAN_POINT('',(-5.560451059366,-12.0000006));
#1190 = ( GEOMETRIC_REPRESENTATION_CONTEXT(2) 
PARAMETRIC_REPRESENTATION_CONTEXT() REPRESENTATION_CONTEXT('2D SPACE',''
  ) );
#1191 = ORIENTED_EDGE('',*,*,#1192,.T.);
#1192 = EDGE_CURVE('',#1159,#1193,#1195,.T.);
#1193 = VERTEX_POINT('',#1194);
#1194 = CARTESIAN_POINT('',(6.,3.,91.445751311065));
#1195 = SURFACE_CURVE('',#1196,(#1202,#1211),.PCURVE_S1.);
#1196 = B_SPLINE_CURVE_WITH_KNOTS('',4,(#1197,#1198,#1199,#1200,#1201),
  .UNSPECIFIED.,.F.,.F.,(5,5),(0.,1.),.PIECEWISE_BEZIER_KNOTS.);
#1197 = CARTESIAN_POINT('',(6.,3.,84.8));
#1198 = CARTESIAN_POINT('',(6.,3.,86.800371550785));
#1199 = CARTESIAN_POINT('',(6.,3.,88.800518582415));
#1200 = CARTESIAN_POINT('',(6.,3.,90.800409676848));
#1201 = CARTESIAN_POINT('',(6.,3.,92.8));
#1202 = PCURVE('',#428,#1203);
#1203 = DEFINITIONAL_REPRESENTATION('',(#1204),#1210);
#1204 = B_SPLINE_CURVE_WITH_KNOTS('',4,(#1205,#1206,#1207,#1208,#1209),
  .UNSPECIFIED.,.F.,.F.,(5,5),(0.,1.),.PIECEWISE_BEZIER_KNOTS.);
#1205 = CARTESIAN_POINT('',(15.419137466307,0.306666666667));
#1206 = CARTESIAN_POINT('',(15.310563843654,0.32333642959));
#1207 = CARTESIAN_POINT('',(15.19785531213,0.34000432152));
#1208 = CARTESIAN_POINT('',(15.080661889512,0.35667008064));
#1209 = CARTESIAN_POINT('',(14.958541815583,0.373333333333));
#1210 = ( GEOMETRIC_REPRESENTATION_CONTEXT(2) 
PARAMETRIC_REPRESENTATION_CONTEXT() REPRESENTATION_CONTEXT('2D SPACE',''
  ) );
#1211 = PCURVE('',#1212,#1217);
#1212 = PLANE('',#1213);
#1213 = AXIS2_PLACEMENT_3D('',#1214,#1215,#1216);
#1214 = CARTESIAN_POINT('',(6.,3.418600331349E-16,88.8));
#1215 = DIRECTION('',(1.,0.,0.));
#1216 = DIRECTION('',(-0.,0.,1.));
#1217 = DEFINITIONAL_REPRESENTATION('',(#1218),#1224);
#1218 = B_SPLINE_CURVE_WITH_KNOTS('',4,(#1219,#1220,#1221,#1222,#1223),
  .UNSPECIFIED.,.F.,.F.,(5,5),(0.,1.),.PIECEWISE_BEZIER_KNOTS.);
#1219 = CARTESIAN_POINT('',(-4.,-3.));
#1220 = CARTESIAN_POINT('',(-1.999628449215,-3.));
#1221 = CARTESIAN_POINT('',(5.185824152978E-04,-3.));
#1222 = CARTESIAN_POINT('',(2.000409676848,-3.));
#1223 = CARTESIAN_POINT('',(4.,-3.));
#1224 = ( GEOMETRIC_REPRESENTATION_CONTEXT(2) 
PARAMETRIC_REPRESENTATION_CONTEXT() REPRESENTATION_CONTEXT('2D SPACE',''
  ) );
#1225 = ORIENTED_EDGE('',*,*,#1226,.F.);
#1226 = EDGE_CURVE('',#1227,#1193,#1229,.T.);
#1227 = VERTEX_POINT('',#1228);
#1228 = CARTESIAN_POINT('',(3.,3.,91.445751311065));
#1229 = SURFACE_CURVE('',#1230,(#1236,#1245),.PCURVE_S1.);
#1230 = B_SPLINE_CURVE_WITH_KNOTS('',4,(#1231,#1232,#1233,#1234,#1235),
  .UNSPECIFIED.,.F.,.F.,(5,5),(0.,1.),.PIECEWISE_BEZIER_KNOTS.);
#1231 = CARTESIAN_POINT('',(2.261421775427,3.,91.445751311065));
#1232 = CARTESIAN_POINT('',(3.196066481571,3.,91.445751311065));
#1233 = CARTESIAN_POINT('',(4.130711187714,3.,91.445751311065));
#1234 = CARTESIAN_POINT('',(5.065355893857,3.,91.445751311065));
#1235 = CARTESIAN_POINT('',(6.0000006,3.,91.445751311065));
#1236 = PCURVE('',#428,#1237);
#1237 = DEFINITIONAL_REPRESENTATION('',(#1238),#1244);
#1238 = B_SPLINE_CURVE_WITH_KNOTS('',4,(#1239,#1240,#1241,#1242,#1243),
  .UNSPECIFIED.,.F.,.F.,(5,5),(0.,1.),.PIECEWISE_BEZIER_KNOTS.);
#1239 = CARTESIAN_POINT('',(20.0000006,0.362047927592));
#1240 = CARTESIAN_POINT('',(18.760102060015,0.362047927592));
#1241 = CARTESIAN_POINT('',(17.52020352003,0.362047927592));
#1242 = CARTESIAN_POINT('',(16.280304980045,0.362047927592));
#1243 = CARTESIAN_POINT('',(15.04040644006,0.362047927592));
#1244 = ( GEOMETRIC_REPRESENTATION_CONTEXT(2) 
PARAMETRIC_REPRESENTATION_CONTEXT() REPRESENTATION_CONTEXT('2D SPACE',''
  ) );
#1245 = PCURVE('',#1178,#1246);
#1246 = DEFINITIONAL_REPRESENTATION('',(#1247),#1253);
#1247 = B_SPLINE_CURVE_WITH_KNOTS('',4,(#1248,#1249,#1250,#1251,#1252),
  .UNSPECIFIED.,.F.,.F.,(5,5),(0.,1.),.PIECEWISE_BEZIER_KNOTS.);
#1248 = CARTESIAN_POINT('',(-0.722734247813,-8.261421775427));
#1249 = CARTESIAN_POINT('',(-0.722734247813,-9.196066481571));
#1250 = CARTESIAN_POINT('',(-0.722734247813,-10.13071118771));
#1251 = CARTESIAN_POINT('',(-0.722734247813,-11.06535589385));
#1252 = CARTESIAN_POINT('',(-0.722734247813,-12.0000006));
#1253 = ( GEOMETRIC_REPRESENTATION_CONTEXT(2) 
PARAMETRIC_REPRESENTATION_CONTEXT() REPRESENTATION_CONTEXT('2D SPACE',''
  ) );
#1254 = ORIENTED_EDGE('',*,*,#1255,.F.);
#1255 = EDGE_CURVE('',#1256,#1227,#1258,.T.);
#1256 = VERTEX_POINT('',#1257);
#1257 = CARTESIAN_POINT('',(3.,3.,117.35424868893));
#1258 = SURFACE_CURVE('',#1259,(#1307,#1358),.PCURVE_S1.);
#1259 = B_SPLINE_CURVE_WITH_KNOTS('',6,(#1260,#1261,#1262,#1263,#1264,
    #1265,#1266,#1267,#1268,#1269,#1270,#1271,#1272,#1273,#1274,#1275,
    #1276,#1277,#1278,#1279,#1280,#1281,#1282,#1283,#1284,#1285,#1286,
    #1287,#1288,#1289,#1290,#1291,#1292,#1293,#1294,#1295,#1296,#1297,
    #1298,#1299,#1300,#1301,#1302,#1303,#1304,#1305,#1306),
  .UNSPECIFIED.,.F.,.F.,(7,5,5,5,5,5,5,5,5,7),(0.,9.226109152498E-02,
    0.225092907485,0.38125849766,0.536393865194,0.647810758972,
    0.758749613335,0.870102499251,0.981001253611,1.),.UNSPECIFIED.);
#1260 = CARTESIAN_POINT('',(3.,3.,168.));
#1261 = CARTESIAN_POINT('',(3.,3.,166.19614671724));
#1262 = CARTESIAN_POINT('',(3.,3.,164.38511138692));
#1263 = CARTESIAN_POINT('',(3.,3.,162.56838276652));
#1264 = CARTESIAN_POINT('',(3.,3.,160.74709965421));
#1265 = CARTESIAN_POINT('',(3.,3.,158.92208567869));
#1266 = CARTESIAN_POINT('',(3.,3.,154.4617524601));
#1267 = CARTESIAN_POINT('',(3.,3.,151.82315564798));
#1268 = CARTESIAN_POINT('',(3.,3.,149.17976218758));
#1269 = CARTESIAN_POINT('',(3.,3.,146.53274595903));
#1270 = CARTESIAN_POINT('',(3.,3.,143.88289616075));
#1271 = CARTESIAN_POINT('',(3.,3.,138.11249876759));
#1272 = CARTESIAN_POINT('',(3.,3.,134.99114668129));
#1273 = CARTESIAN_POINT('',(3.,3.,131.86740545905));
#1274 = CARTESIAN_POINT('',(3.,3.,128.74184558281));
#1275 = CARTESIAN_POINT('',(3.,3.,125.61485395808));
#1276 = CARTESIAN_POINT('',(3.,3.,119.37908205321));
#1277 = CARTESIAN_POINT('',(3.,3.,116.27035060977));
#1278 = CARTESIAN_POINT('',(3.,3.,113.16070314799));
#1279 = CARTESIAN_POINT('',(3.,3.,110.05032332325));
#1280 = CARTESIAN_POINT('',(3.,3.,106.93934359017));
#1281 = CARTESIAN_POINT('',(3.,3.,101.59320130613));
#1282 = CARTESIAN_POINT('',(3.,3.,99.35829131098));
#1283 = CARTESIAN_POINT('',(3.,3.,97.123154819359));
#1284 = CARTESIAN_POINT('',(3.,3.,94.887820874768));
#1285 = CARTESIAN_POINT('',(3.,3.,92.652312974146));
#1286 = CARTESIAN_POINT('',(3.,3.,88.190578527016));
#1287 = CARTESIAN_POINT('',(3.,3.,85.964353915545));
#1288 = CARTESIAN_POINT('',(3.,3.,83.737994417563));
#1289 = CARTESIAN_POINT('',(3.,3.,81.511515670427));
#1290 = CARTESIAN_POINT('',(3.,3.,79.284930593143));
#1291 = CARTESIAN_POINT('',(3.,3.,74.823258560648));
#1292 = CARTESIAN_POINT('',(3.,3.,72.588171208176));
#1293 = CARTESIAN_POINT('',(3.,3.,70.352998209855));
#1294 = CARTESIAN_POINT('',(3.,3.,68.11774872777));
#1295 = CARTESIAN_POINT('',(3.,3.,65.882430460141));
#1296 = CARTESIAN_POINT('',(3.,3.,61.420785397805));
#1297 = CARTESIAN_POINT('',(3.,3.,59.194459308172));
#1298 = CARTESIAN_POINT('',(3.,3.,56.968077633714));
#1299 = CARTESIAN_POINT('',(3.,3.,54.741645830855));
#1300 = CARTESIAN_POINT('',(3.,3.,52.515168551159));
#1301 = CARTESIAN_POINT('',(3.,3.,49.907211018841));
#1302 = CARTESIAN_POINT('',(3.,3.,49.525771176431));
#1303 = CARTESIAN_POINT('',(3.,3.,49.144330134093));
#1304 = CARTESIAN_POINT('',(3.,3.,48.762887911327));
#1305 = CARTESIAN_POINT('',(3.,3.,48.381444527131));
#1306 = CARTESIAN_POINT('',(3.,3.,48.));
#1307 = PCURVE('',#428,#1308);
#1308 = DEFINITIONAL_REPRESENTATION('',(#1309),#1357);
#1309 = B_SPLINE_CURVE_WITH_KNOTS('',6,(#1310,#1311,#1312,#1313,#1314,
    #1315,#1316,#1317,#1318,#1319,#1320,#1321,#1322,#1323,#1324,#1325,
    #1326,#1327,#1328,#1329,#1330,#1331,#1332,#1333,#1334,#1335,#1336,
    #1337,#1338,#1339,#1340,#1341,#1342,#1343,#1344,#1345,#1346,#1347,
    #1348,#1349,#1350,#1351,#1352,#1353,#1354,#1355,#1356),
  .UNSPECIFIED.,.F.,.F.,(7,5,5,5,5,5,5,5,5,7),(0.,9.226109152498E-02,
    0.225092907485,0.38125849766,0.536393865194,0.647810758972,
    0.758749613335,0.870102499251,0.981001253611,1.),.UNSPECIFIED.);
#1310 = CARTESIAN_POINT('',(13.625000000148,0.999999999993));
#1311 = CARTESIAN_POINT('',(13.924467400002,0.984967889324));
#1312 = CARTESIAN_POINT('',(14.202171100168,0.969875928215));
#1313 = CARTESIAN_POINT('',(14.46081350289,0.954736523051));
#1314 = CARTESIAN_POINT('',(14.702588274806,0.939559163794));
#1315 = CARTESIAN_POINT('',(14.929304396672,0.924350713985));
#1316 = CARTESIAN_POINT('',(15.449470002143,0.887181270501));
#1317 = CARTESIAN_POINT('',(15.728404689229,0.865192963733));
#1318 = CARTESIAN_POINT('',(15.983909601497,0.843164684896));
#1319 = CARTESIAN_POINT('',(16.219319197485,0.821106216325));
#1320 = CARTESIAN_POINT('',(16.43728221439,0.799024134673));
#1321 = CARTESIAN_POINT('',(16.878177614078,0.75093748973));
#1322 = CARTESIAN_POINT('',(17.095250593275,0.724926222344));
#1323 = CARTESIAN_POINT('',(17.294611837022,0.698895045492));
#1324 = CARTESIAN_POINT('',(17.478750246889,0.67284871319));
#1325 = CARTESIAN_POINT('',(17.649641177035,0.646790449651));
#1326 = CARTESIAN_POINT('',(17.967050781817,0.594825683777));
#1327 = CARTESIAN_POINT('',(18.113722060929,0.568919588415));
#1328 = CARTESIAN_POINT('',(18.250441308073,0.543005859567));
#1329 = CARTESIAN_POINT('',(18.378397528062,0.517086027694));
#1330 = CARTESIAN_POINT('',(18.498562003595,0.491161196585));
#1331 = CARTESIAN_POINT('',(18.69302259566,0.446610010884));
#1332 = CARTESIAN_POINT('',(18.770701931997,0.427985760925));
#1333 = CARTESIAN_POINT('',(18.845075325784,0.409359623495));
#1334 = CARTESIAN_POINT('',(18.916398274983,0.390731840623));
#1335 = CARTESIAN_POINT('',(18.984892687369,0.372102608118));
#1336 = CARTESIAN_POINT('',(19.11633590787,0.334921487725));
#1337 = CARTESIAN_POINT('',(19.179307169273,0.316369615963));
#1338 = CARTESIAN_POINT('',(19.239863231523,0.297816620146));
#1339 = CARTESIAN_POINT('',(19.298173012678,0.279262630587));
#1340 = CARTESIAN_POINT('',(19.354385259764,0.260707754943));
#1341 = CARTESIAN_POINT('',(19.46308353171,0.223527154672));
#1342 = CARTESIAN_POINT('',(19.515555680513,0.204901426735));
#1343 = CARTESIAN_POINT('',(19.566182370104,0.186274985082));
#1344 = CARTESIAN_POINT('',(19.615083174992,0.167647906065));
#1345 = CARTESIAN_POINT('',(19.662364615685,0.149020253835));
#1346 = CARTESIAN_POINT('',(19.753689179027,0.111839878315));
#1347 = CARTESIAN_POINT('',(19.797746050781,9.328716090143E-02));
#1348 = CARTESIAN_POINT('',(19.840383626234,7.473398028095E-02));
#1349 = CARTESIAN_POINT('',(19.881686267169,5.618038192379E-02));
#1350 = CARTESIAN_POINT('',(19.921729844867,3.762640459299E-02));
#1351 = CARTESIAN_POINT('',(19.967237720189,1.589342515064E-02));
#1352 = CARTESIAN_POINT('',(19.973858739564,1.271475980868E-02));
#1353 = CARTESIAN_POINT('',(19.980445142126,9.536084458411E-03));
#1354 = CARTESIAN_POINT('',(19.986997265908,6.357399257E-03));
#1355 = CARTESIAN_POINT('',(19.993515443083,3.178704378766E-03));
#1356 = CARTESIAN_POINT('',(19.999999999969,1.520801191925E-11));
#1357 = ( GEOMETRIC_REPRESENTATION_CONTEXT(2) 
PARAMETRIC_REPRESENTATION_CONTEXT() REPRESENTATION_CONTEXT('2D SPACE',''
  ) );
#1358 = PCURVE('',#830,#1359);
#1359 = DEFINITIONAL_REPRESENTATION('',(#1360),#1408);
#1360 = B_SPLINE_CURVE_WITH_KNOTS('',6,(#1361,#1362,#1363,#1364,#1365,
    #1366,#1367,#1368,#1369,#1370,#1371,#1372,#1373,#1374,#1375,#1376,
    #1377,#1378,#1379,#1380,#1381,#1382,#1383,#1384,#1385,#1386,#1387,
    #1388,#1389,#1390,#1391,#1392,#1393,#1394,#1395,#1396,#1397,#1398,
    #1399,#1400,#1401,#1402,#1403,#1404,#1405,#1406,#1407),
  .UNSPECIFIED.,.F.,.F.,(7,5,5,5,5,5,5,5,5,7),(0.,9.226109152498E-02,
    0.225092907485,0.38125849766,0.536393865194,0.647810758972,
    0.758749613335,0.870102499251,0.981001253611,1.),.UNSPECIFIED.);
#1361 = CARTESIAN_POINT('',(50.375,1.));
#1362 = CARTESIAN_POINT('',(50.075532599718,0.98496788931));
#1363 = CARTESIAN_POINT('',(49.797828900024,0.969875928224));
#1364 = CARTESIAN_POINT('',(49.539186497184,0.954736523054));
#1365 = CARTESIAN_POINT('',(49.297411725012,0.939559163785));
#1366 = CARTESIAN_POINT('',(49.070695603411,0.924350713989));
#1367 = CARTESIAN_POINT('',(48.550529997857,0.887181270501));
#1368 = CARTESIAN_POINT('',(48.271595310771,0.865192963734));
#1369 = CARTESIAN_POINT('',(48.016090398503,0.843164684896));
#1370 = CARTESIAN_POINT('',(47.780680802514,0.821106216326));
#1371 = CARTESIAN_POINT('',(47.56271778561,0.799024134673));
#1372 = CARTESIAN_POINT('',(47.121822385922,0.75093748973));
#1373 = CARTESIAN_POINT('',(46.904749406725,0.724926222344));
#1374 = CARTESIAN_POINT('',(46.705388162978,0.698895045492));
#1375 = CARTESIAN_POINT('',(46.52124975311,0.67284871319));
#1376 = CARTESIAN_POINT('',(46.350358822965,0.646790449651));
#1377 = CARTESIAN_POINT('',(46.032949218184,0.594825683777));
#1378 = CARTESIAN_POINT('',(45.886277939068,0.568919588415));
#1379 = CARTESIAN_POINT('',(45.749558691932,0.543005859566));
#1380 = CARTESIAN_POINT('',(45.621602471936,0.517086027694));
#1381 = CARTESIAN_POINT('',(45.501437996405,0.491161196585));
#1382 = CARTESIAN_POINT('',(45.30697740434,0.446610010884));
#1383 = CARTESIAN_POINT('',(45.229298068002,0.427985760925));
#1384 = CARTESIAN_POINT('',(45.154924674216,0.409359623495));
#1385 = CARTESIAN_POINT('',(45.083601725017,0.390731840623));
#1386 = CARTESIAN_POINT('',(45.015107312631,0.372102608118));
#1387 = CARTESIAN_POINT('',(44.88366409213,0.334921487725));
#1388 = CARTESIAN_POINT('',(44.820692830727,0.316369615963));
#1389 = CARTESIAN_POINT('',(44.760136768477,0.297816620146));
#1390 = CARTESIAN_POINT('',(44.701826987321,0.279262630587));
#1391 = CARTESIAN_POINT('',(44.645614740236,0.260707754943));
#1392 = CARTESIAN_POINT('',(44.53691646829,0.223527154672));
#1393 = CARTESIAN_POINT('',(44.484444319487,0.204901426735));
#1394 = CARTESIAN_POINT('',(44.433817629896,0.186274985082));
#1395 = CARTESIAN_POINT('',(44.384916825008,0.167647906065));
#1396 = CARTESIAN_POINT('',(44.337635384315,0.149020253835));
#1397 = CARTESIAN_POINT('',(44.246310820973,0.111839878315));
#1398 = CARTESIAN_POINT('',(44.202253949219,9.328716090143E-02));
#1399 = CARTESIAN_POINT('',(44.159616373766,7.473398028095E-02));
#1400 = CARTESIAN_POINT('',(44.118313732831,5.618038192379E-02));
#1401 = CARTESIAN_POINT('',(44.078270155133,3.762640459299E-02));
#1402 = CARTESIAN_POINT('',(44.032762279824,1.589342515701E-02));
#1403 = CARTESIAN_POINT('',(44.026141260425,1.271475980359E-02));
#1404 = CARTESIAN_POINT('',(44.019554857858,9.536084450772E-03));
#1405 = CARTESIAN_POINT('',(44.013002734101,6.357399261055E-03));
#1406 = CARTESIAN_POINT('',(44.006484556946,3.178704392755E-03));
#1407 = CARTESIAN_POINT('',(44.,0.));
#1408 = ( GEOMETRIC_REPRESENTATION_CONTEXT(2) 
PARAMETRIC_REPRESENTATION_CONTEXT() REPRESENTATION_CONTEXT('2D SPACE',''
  ) );
#1409 = ORIENTED_EDGE('',*,*,#1410,.T.);
#1410 = EDGE_CURVE('',#1256,#1411,#1413,.T.);
#1411 = VERTEX_POINT('',#1412);
#1412 = CARTESIAN_POINT('',(6.,3.,117.35424868893));
#1413 = SURFACE_CURVE('',#1414,(#1420,#1429),.PCURVE_S1.);
#1414 = B_SPLINE_CURVE_WITH_KNOTS('',4,(#1415,#1416,#1417,#1418,#1419),
  .UNSPECIFIED.,.F.,.F.,(5,5),(0.,1.),.PIECEWISE_BEZIER_KNOTS.);
#1415 = CARTESIAN_POINT('',(1.820977408093,3.,117.35424868893));
#1416 = CARTESIAN_POINT('',(2.865733206069,3.,117.35424868893));
#1417 = CARTESIAN_POINT('',(3.910489004046,3.,117.35424868893));
#1418 = CARTESIAN_POINT('',(4.955244802023,3.,117.35424868893));
#1419 = CARTESIAN_POINT('',(6.0000006,3.,117.35424868893));
#1420 = PCURVE('',#428,#1421);
#1421 = DEFINITIONAL_REPRESENTATION('',(#1422),#1428);
#1422 = B_SPLINE_CURVE_WITH_KNOTS('',4,(#1423,#1424,#1425,#1426,#1427),
  .UNSPECIFIED.,.F.,.F.,(5,5),(0.,1.),.PIECEWISE_BEZIER_KNOTS.);
#1423 = CARTESIAN_POINT('',(20.0000006,0.577952072408));
#1424 = CARTESIAN_POINT('',(18.278800351634,0.577952072408));
#1425 = CARTESIAN_POINT('',(16.557600103269,0.577952072408));
#1426 = CARTESIAN_POINT('',(14.836399854903,0.577952072408));
#1427 = CARTESIAN_POINT('',(13.115199606537,0.577952072408));
#1428 = ( GEOMETRIC_REPRESENTATION_CONTEXT(2) 
PARAMETRIC_REPRESENTATION_CONTEXT() REPRESENTATION_CONTEXT('2D SPACE',''
  ) );
#1429 = PCURVE('',#1430,#1435);
#1430 = CYLINDRICAL_SURFACE('',#1431,4.);
#1431 = AXIS2_PLACEMENT_3D('',#1432,#1433,#1434);
#1432 = CARTESIAN_POINT('',(-6.,0.,120.));
#1433 = DIRECTION('',(-1.,-0.,-0.));
#1434 = DIRECTION('',(0.,1.,0.));
#1435 = DEFINITIONAL_REPRESENTATION('',(#1436),#1442);
#1436 = B_SPLINE_CURVE_WITH_KNOTS('',4,(#1437,#1438,#1439,#1440,#1441),
  .UNSPECIFIED.,.F.,.F.,(5,5),(0.,1.),.PIECEWISE_BEZIER_KNOTS.);
#1437 = CARTESIAN_POINT('',(-5.560451059366,-7.820977408093));
#1438 = CARTESIAN_POINT('',(-5.560451059366,-8.865733206069));
#1439 = CARTESIAN_POINT('',(-5.560451059366,-9.910489004046));
#1440 = CARTESIAN_POINT('',(-5.560451059366,-10.95524480202));
#1441 = CARTESIAN_POINT('',(-5.560451059366,-12.0000006));
#1442 = ( GEOMETRIC_REPRESENTATION_CONTEXT(2) 
PARAMETRIC_REPRESENTATION_CONTEXT() REPRESENTATION_CONTEXT('2D SPACE',''
  ) );
#1443 = ORIENTED_EDGE('',*,*,#1444,.T.);
#1444 = EDGE_CURVE('',#1411,#1445,#1447,.T.);
#1445 = VERTEX_POINT('',#1446);
#1446 = CARTESIAN_POINT('',(6.,3.,122.64575131106));
#1447 = SURFACE_CURVE('',#1448,(#1455,#1465),.PCURVE_S1.);
#1448 = B_SPLINE_CURVE_WITH_KNOTS('',5,(#1449,#1450,#1451,#1452,#1453,
    #1454),.UNSPECIFIED.,.F.,.F.,(6,6),(0.,1.),
  .PIECEWISE_BEZIER_KNOTS.);
#1449 = CARTESIAN_POINT('',(6.,3.,116.));
#1450 = CARTESIAN_POINT('',(6.,3.,117.60107839169));
#1451 = CARTESIAN_POINT('',(6.,3.,119.20168174041));
#1452 = CARTESIAN_POINT('',(6.,3.,120.8017536479));
#1453 = CARTESIAN_POINT('',(6.,3.,122.40122265904));
#1454 = CARTESIAN_POINT('',(6.,3.,124.));
#1455 = PCURVE('',#428,#1456);
#1456 = DEFINITIONAL_REPRESENTATION('',(#1457),#1464);
#1457 = B_SPLINE_CURVE_WITH_KNOTS('',5,(#1458,#1459,#1460,#1461,#1462,
    #1463),.UNSPECIFIED.,.F.,.F.,(6,6),(0.,1.),
  .PIECEWISE_BEZIER_KNOTS.);
#1458 = CARTESIAN_POINT('',(13.238611713666,0.566666666667));
#1459 = CARTESIAN_POINT('',(13.094528897186,0.580008986597));
#1460 = CARTESIAN_POINT('',(12.945172036674,0.593347347837));
#1461 = CARTESIAN_POINT('',(12.790159891177,0.606681280399));
#1462 = CARTESIAN_POINT('',(12.629058551551,0.620010188825));
#1463 = CARTESIAN_POINT('',(12.461358313817,0.633333333333));
#1464 = ( GEOMETRIC_REPRESENTATION_CONTEXT(2) 
PARAMETRIC_REPRESENTATION_CONTEXT() REPRESENTATION_CONTEXT('2D SPACE',''
  ) );
#1465 = PCURVE('',#1466,#1471);
#1466 = PLANE('',#1467);
#1467 = AXIS2_PLACEMENT_3D('',#1468,#1469,#1470);
#1468 = CARTESIAN_POINT('',(6.,3.418600331349E-16,120.));
#1469 = DIRECTION('',(1.,0.,0.));
#1470 = DIRECTION('',(-0.,0.,1.));
#1471 = DEFINITIONAL_REPRESENTATION('',(#1472),#1479);
#1472 = B_SPLINE_CURVE_WITH_KNOTS('',5,(#1473,#1474,#1475,#1476,#1477,
    #1478),.UNSPECIFIED.,.F.,.F.,(6,6),(0.,1.),
  .PIECEWISE_BEZIER_KNOTS.);
#1473 = CARTESIAN_POINT('',(-4.,-3.));
#1474 = CARTESIAN_POINT('',(-2.398921608307,-3.));
#1475 = CARTESIAN_POINT('',(-0.798318259588,-3.));
#1476 = CARTESIAN_POINT('',(0.801753647905,-3.));
#1477 = CARTESIAN_POINT('',(2.401222659048,-3.));
#1478 = CARTESIAN_POINT('',(4.,-3.));
#1479 = ( GEOMETRIC_REPRESENTATION_CONTEXT(2) 
PARAMETRIC_REPRESENTATION_CONTEXT() REPRESENTATION_CONTEXT('2D SPACE',''
  ) );
#1480 = ORIENTED_EDGE('',*,*,#1481,.F.);
#1481 = EDGE_CURVE('',#1482,#1445,#1484,.T.);
#1482 = VERTEX_POINT('',#1483);
#1483 = CARTESIAN_POINT('',(3.,3.,122.64575131106));
#1484 = SURFACE_CURVE('',#1485,(#1491,#1500),.PCURVE_S1.);
#1485 = B_SPLINE_CURVE_WITH_KNOTS('',4,(#1486,#1487,#1488,#1489,#1490),
  .UNSPECIFIED.,.F.,.F.,(5,5),(0.,1.),.PIECEWISE_BEZIER_KNOTS.);
#1486 = CARTESIAN_POINT('',(1.731021881507,3.,122.64575131106));
#1487 = CARTESIAN_POINT('',(2.798266561131,3.,122.64575131106));
#1488 = CARTESIAN_POINT('',(3.865511240754,3.,122.64575131106));
#1489 = CARTESIAN_POINT('',(4.932755920377,3.,122.64575131106));
#1490 = CARTESIAN_POINT('',(6.0000006,3.,122.64575131106));
#1491 = PCURVE('',#428,#1492);
#1492 = DEFINITIONAL_REPRESENTATION('',(#1493),#1499);
#1493 = B_SPLINE_CURVE_WITH_KNOTS('',4,(#1494,#1495,#1496,#1497,#1498),
  .UNSPECIFIED.,.F.,.F.,(5,5),(0.,1.),.PIECEWISE_BEZIER_KNOTS.);
#1494 = CARTESIAN_POINT('',(20.0000006,0.622047927592));
#1495 = CARTESIAN_POINT('',(18.15038019212,0.622047927592));
#1496 = CARTESIAN_POINT('',(16.300759784241,0.622047927592));
#1497 = CARTESIAN_POINT('',(14.451139376361,0.622047927592));
#1498 = CARTESIAN_POINT('',(12.601518968481,0.622047927592));
#1499 = ( GEOMETRIC_REPRESENTATION_CONTEXT(2) 
PARAMETRIC_REPRESENTATION_CONTEXT() REPRESENTATION_CONTEXT('2D SPACE',''
  ) );
#1500 = PCURVE('',#1430,#1501);
#1501 = DEFINITIONAL_REPRESENTATION('',(#1502),#1508);
#1502 = B_SPLINE_CURVE_WITH_KNOTS('',4,(#1503,#1504,#1505,#1506,#1507),
  .UNSPECIFIED.,.F.,.F.,(5,5),(0.,1.),.PIECEWISE_BEZIER_KNOTS.);
#1503 = CARTESIAN_POINT('',(-0.722734247813,-7.731021881507));
#1504 = CARTESIAN_POINT('',(-0.722734247813,-8.798266561131));
#1505 = CARTESIAN_POINT('',(-0.722734247813,-9.865511240754));
#1506 = CARTESIAN_POINT('',(-0.722734247813,-10.93275592037));
#1507 = CARTESIAN_POINT('',(-0.722734247813,-12.0000006));
#1508 = ( GEOMETRIC_REPRESENTATION_CONTEXT(2) 
PARAMETRIC_REPRESENTATION_CONTEXT() REPRESENTATION_CONTEXT('2D SPACE',''
  ) );
#1509 = ORIENTED_EDGE('',*,*,#1510,.F.);
#1510 = EDGE_CURVE('',#1511,#1482,#1513,.T.);
#1511 = VERTEX_POINT('',#1512);
#1512 = CARTESIAN_POINT('',(3.,3.,168.));
#1513 = SURFACE_CURVE('',#1514,(#1562,#1613),.PCURVE_S1.);
#1514 = B_SPLINE_CURVE_WITH_KNOTS('',6,(#1515,#1516,#1517,#1518,#1519,
    #1520,#1521,#1522,#1523,#1524,#1525,#1526,#1527,#1528,#1529,#1530,
    #1531,#1532,#1533,#1534,#1535,#1536,#1537,#1538,#1539,#1540,#1541,
    #1542,#1543,#1544,#1545,#1546,#1547,#1548,#1549,#1550,#1551,#1552,
    #1553,#1554,#1555,#1556,#1557,#1558,#1559,#1560,#1561),
  .UNSPECIFIED.,.F.,.F.,(7,5,5,5,5,5,5,5,5,7),(0.,9.226109152498E-02,
    0.225092907485,0.38125849766,0.536393865194,0.647810758972,
    0.758749613335,0.870102499251,0.981001253611,1.),.UNSPECIFIED.);
#1515 = CARTESIAN_POINT('',(3.,3.,168.));
#1516 = CARTESIAN_POINT('',(3.,3.,166.19614671724));
#1517 = CARTESIAN_POINT('',(3.,3.,164.38511138692));
#1518 = CARTESIAN_POINT('',(3.,3.,162.56838276652));
#1519 = CARTESIAN_POINT('',(3.,3.,160.74709965421));
#1520 = CARTESIAN_POINT('',(3.,3.,158.92208567869));
#1521 = CARTESIAN_POINT('',(3.,3.,154.4617524601));
#1522 = CARTESIAN_POINT('',(3.,3.,151.82315564798));
#1523 = CARTESIAN_POINT('',(3.,3.,149.17976218758));
#1524 = CARTESIAN_POINT('',(3.,3.,146.53274595903));
#1525 = CARTESIAN_POINT('',(3.,3.,143.88289616075));
#1526 = CARTESIAN_POINT('',(3.,3.,138.11249876759));
#1527 = CARTESIAN_POINT('',(3.,3.,134.99114668129));
#1528 = CARTESIAN_POINT('',(3.,3.,131.86740545905));
#1529 = CARTESIAN_POINT('',(3.,3.,128.74184558281));
#1530 = CARTESIAN_POINT('',(3.,3.,125.61485395808));
#1531 = CARTESIAN_POINT('',(3.,3.,119.37908205321));
#1532 = CARTESIAN_POINT('',(3.,3.,116.27035060977));
#1533 = CARTESIAN_POINT('',(3.,3.,113.16070314799));
#1534 = CARTESIAN_POINT('',(3.,3.,110.05032332325));
#1535 = CARTESIAN_POINT('',(3.,3.,106.93934359017));
#1536 = CARTESIAN_POINT('',(3.,3.,101.59320130613));
#1537 = CARTESIAN_POINT('',(3.,3.,99.35829131098));
#1538 = CARTESIAN_POINT('',(3.,3.,97.123154819359));
#1539 = CARTESIAN_POINT('',(3.,3.,94.887820874768));
#1540 = CARTESIAN_POINT('',(3.,3.,92.652312974146));
#1541 = CARTESIAN_POINT('',(3.,3.,88.190578527016));
#1542 = CARTESIAN_POINT('',(3.,3.,85.964353915545));
#1543 = CARTESIAN_POINT('',(3.,3.,83.737994417563));
#1544 = CARTESIAN_POINT('',(3.,3.,81.511515670427));
#1545 = CARTESIAN_POINT('',(3.,3.,79.284930593143));
#1546 = CARTESIAN_POINT('',(3.,3.,74.823258560648));
#1547 = CARTESIAN_POINT('',(3.,3.,72.588171208176));
#1548 = CARTESIAN_POINT('',(3.,3.,70.352998209855));
#1549 = CARTESIAN_POINT('',(3.,3.,68.11774872777));
#1550 = CARTESIAN_POINT('',(3.,3.,65.882430460141));
#1551 = CARTESIAN_POINT('',(3.,3.,61.420785397805));
#1552 = CARTESIAN_POINT('',(3.,3.,59.194459308172));
#1553 = CARTESIAN_POINT('',(3.,3.,56.968077633714));
#1554 = CARTESIAN_POINT('',(3.,3.,54.741645830855));
#1555 = CARTESIAN_POINT('',(3.,3.,52.515168551159));
#1556 = CARTESIAN_POINT('',(3.,3.,49.907211018841));
#1557 = CARTESIAN_POINT('',(3.,3.,49.525771176431));
#1558 = CARTESIAN_POINT('',(3.,3.,49.144330134093));
#1559 = CARTESIAN_POINT('',(3.,3.,48.762887911327));
#1560 = CARTESIAN_POINT('',(3.,3.,48.381444527131));
#1561 = CARTESIAN_POINT('',(3.,3.,48.));
#1562 = PCURVE('',#428,#1563);
#1563 = DEFINITIONAL_REPRESENTATION('',(#1564),#1612);
#1564 = B_SPLINE_CURVE_WITH_KNOTS('',6,(#1565,#1566,#1567,#1568,#1569,
    #1570,#1571,#1572,#1573,#1574,#1575,#1576,#1577,#1578,#1579,#1580,
    #1581,#1582,#1583,#1584,#1585,#1586,#1587,#1588,#1589,#1590,#1591,
    #1592,#1593,#1594,#1595,#1596,#1597,#1598,#1599,#1600,#1601,#1602,
    #1603,#1604,#1605,#1606,#1607,#1608,#1609,#1610,#1611),
  .UNSPECIFIED.,.F.,.F.,(7,5,5,5,5,5,5,5,5,7),(0.,9.226109152498E-02,
    0.225092907485,0.38125849766,0.536393865194,0.647810758972,
    0.758749613335,0.870102499251,0.981001253611,1.),.UNSPECIFIED.);
#1565 = CARTESIAN_POINT('',(13.625000000148,0.999999999993));
#1566 = CARTESIAN_POINT('',(13.924467400002,0.984967889324));
#1567 = CARTESIAN_POINT('',(14.202171100168,0.969875928215));
#1568 = CARTESIAN_POINT('',(14.46081350289,0.954736523051));
#1569 = CARTESIAN_POINT('',(14.702588274806,0.939559163794));
#1570 = CARTESIAN_POINT('',(14.929304396672,0.924350713985));
#1571 = CARTESIAN_POINT('',(15.449470002143,0.887181270501));
#1572 = CARTESIAN_POINT('',(15.728404689229,0.865192963733));
#1573 = CARTESIAN_POINT('',(15.983909601497,0.843164684896));
#1574 = CARTESIAN_POINT('',(16.219319197485,0.821106216325));
#1575 = CARTESIAN_POINT('',(16.43728221439,0.799024134673));
#1576 = CARTESIAN_POINT('',(16.878177614078,0.75093748973));
#1577 = CARTESIAN_POINT('',(17.095250593275,0.724926222344));
#1578 = CARTESIAN_POINT('',(17.294611837022,0.698895045492));
#1579 = CARTESIAN_POINT('',(17.478750246889,0.67284871319));
#1580 = CARTESIAN_POINT('',(17.649641177035,0.646790449651));
#1581 = CARTESIAN_POINT('',(17.967050781817,0.594825683777));
#1582 = CARTESIAN_POINT('',(18.113722060929,0.568919588415));
#1583 = CARTESIAN_POINT('',(18.250441308073,0.543005859567));
#1584 = CARTESIAN_POINT('',(18.378397528062,0.517086027694));
#1585 = CARTESIAN_POINT('',(18.498562003595,0.491161196585));
#1586 = CARTESIAN_POINT('',(18.69302259566,0.446610010884));
#1587 = CARTESIAN_POINT('',(18.770701931997,0.427985760925));
#1588 = CARTESIAN_POINT('',(18.845075325784,0.409359623495));
#1589 = CARTESIAN_POINT('',(18.916398274983,0.390731840623));
#1590 = CARTESIAN_POINT('',(18.984892687369,0.372102608118));
#1591 = CARTESIAN_POINT('',(19.11633590787,0.334921487725));
#1592 = CARTESIAN_POINT('',(19.179307169273,0.316369615963));
#1593 = CARTESIAN_POINT('',(19.239863231523,0.297816620146));
#1594 = CARTESIAN_POINT('',(19.298173012678,0.279262630587));
#1595 = CARTESIAN_POINT('',(19.354385259764,0.260707754943));
#1596 = CARTESIAN_POINT('',(19.46308353171,0.223527154672));
#1597 = CARTESIAN_POINT('',(19.515555680513,0.204901426735));
#1598 = CARTESIAN_POINT('',(19.566182370104,0.186274985082));
#1599 = CARTESIAN_POINT('',(19.615083174992,0.167647906065));
#1600 = CARTESIAN_POINT('',(19.662364615685,0.149020253835));
#1601 = CARTESIAN_POINT('',(19.753689179027,0.111839878315));
#1602 = CARTESIAN_POINT('',(19.797746050781,9.328716090143E-02));
#1603 = CARTESIAN_POINT('',(19.840383626234,7.473398028095E-02));
#1604 = CARTESIAN_POINT('',(19.881686267169,5.618038192379E-02));
#1605 = CARTESIAN_POINT('',(19.921729844867,3.762640459299E-02));
#1606 = CARTESIAN_POINT('',(19.967237720189,1.589342515064E-02));
#1607 = CARTESIAN_POINT('',(19.973858739564,1.271475980868E-02));
#1608 = CARTESIAN_POINT('',(19.980445142126,9.536084458411E-03));
#1609 = CARTESIAN_POINT('',(19.986997265908,6.357399257E-03));
#1610 = CARTESIAN_POINT('',(19.993515443083,3.178704378766E-03));
#1611 = CARTESIAN_POINT('',(19.999999999969,1.520801191925E-11));
#1612 = ( GEOMETRIC_REPRESENTATION_CONTEXT(2) 
PARAMETRIC_REPRESENTATION_CONTEXT() REPRESENTATION_CONTEXT('2D SPACE',''
  ) );
#1613 = PCURVE('',#830,#1614);
#1614 = DEFINITIONAL_REPRESENTATION('',(#1615),#1663);
#1615 = B_SPLINE_CURVE_WITH_KNOTS('',6,(#1616,#1617,#1618,#1619,#1620,
    #1621,#1622,#1623,#1624,#1625,#1626,#1627,#1628,#1629,#1630,#1631,
    #1632,#1633,#1634,#1635,#1636,#1637,#1638,#1639,#1640,#1641,#1642,
    #1643,#1644,#1645,#1646,#1647,#1648,#1649,#1650,#1651,#1652,#1653,
    #1654,#1655,#1656,#1657,#1658,#1659,#1660,#1661,#1662),
  .UNSPECIFIED.,.F.,.F.,(7,5,5,5,5,5,5,5,5,7),(0.,9.226109152498E-02,
    0.225092907485,0.38125849766,0.536393865194,0.647810758972,
    0.758749613335,0.870102499251,0.981001253611,1.),.UNSPECIFIED.);
#1616 = CARTESIAN_POINT('',(50.375,1.));
#1617 = CARTESIAN_POINT('',(50.075532599718,0.98496788931));
#1618 = CARTESIAN_POINT('',(49.797828900024,0.969875928224));
#1619 = CARTESIAN_POINT('',(49.539186497184,0.954736523054));
#1620 = CARTESIAN_POINT('',(49.297411725012,0.939559163785));
#1621 = CARTESIAN_POINT('',(49.070695603411,0.924350713989));
#1622 = CARTESIAN_POINT('',(48.550529997857,0.887181270501));
#1623 = CARTESIAN_POINT('',(48.271595310771,0.865192963734));
#1624 = CARTESIAN_POINT('',(48.016090398503,0.843164684896));
#1625 = CARTESIAN_POINT('',(47.780680802514,0.821106216326));
#1626 = CARTESIAN_POINT('',(47.56271778561,0.799024134673));
#1627 = CARTESIAN_POINT('',(47.121822385922,0.75093748973));
#1628 = CARTESIAN_POINT('',(46.904749406725,0.724926222344));
#1629 = CARTESIAN_POINT('',(46.705388162978,0.698895045492));
#1630 = CARTESIAN_POINT('',(46.52124975311,0.67284871319));
#1631 = CARTESIAN_POINT('',(46.350358822965,0.646790449651));
#1632 = CARTESIAN_POINT('',(46.032949218184,0.594825683777));
#1633 = CARTESIAN_POINT('',(45.886277939068,0.568919588415));
#1634 = CARTESIAN_POINT('',(45.749558691932,0.543005859566));
#1635 = CARTESIAN_POINT('',(45.621602471936,0.517086027694));
#1636 = CARTESIAN_POINT('',(45.501437996405,0.491161196585));
#1637 = CARTESIAN_POINT('',(45.30697740434,0.446610010884));
#1638 = CARTESIAN_POINT('',(45.229298068002,0.427985760925));
#1639 = CARTESIAN_POINT('',(45.154924674216,0.409359623495));
#1640 = CARTESIAN_POINT('',(45.083601725017,0.390731840623));
#1641 = CARTESIAN_POINT('',(45.015107312631,0.372102608118));
#1642 = CARTESIAN_POINT('',(44.88366409213,0.334921487725));
#1643 = CARTESIAN_POINT('',(44.820692830727,0.316369615963));
#1644 = CARTESIAN_POINT('',(44.760136768477,0.297816620146));
#1645 = CARTESIAN_POINT('',(44.701826987321,0.279262630587));
#1646 = CARTESIAN_POINT('',(44.645614740236,0.260707754943));
#1647 = CARTESIAN_POINT('',(44.53691646829,0.223527154672));
#1648 = CARTESIAN_POINT('',(44.484444319487,0.204901426735));
#1649 = CARTESIAN_POINT('',(44.433817629896,0.186274985082));
#1650 = CARTESIAN_POINT('',(44.384916825008,0.167647906065));
#1651 = CARTESIAN_POINT('',(44.337635384315,0.149020253835));
#1652 = CARTESIAN_POINT('',(44.246310820973,0.111839878315));
#1653 = CARTESIAN_POINT('',(44.202253949219,9.328716090143E-02));
#1654 = CARTESIAN_POINT('',(44.159616373766,7.473398028095E-02));
#1655 = CARTESIAN_POINT('',(44.118313732831,5.618038192379E-02));
#1656 = CARTESIAN_POINT('',(44.078270155133,3.762640459299E-02));
#1657 = CARTESIAN_POINT('',(44.032762279824,1.589342515701E-02));
#1658 = CARTESIAN_POINT('',(44.026141260425,1.271475980359E-02));
#1659 = CARTESIAN_POINT('',(44.019554857858,9.536084450772E-03));
#1660 = CARTESIAN_POINT('',(44.013002734101,6.357399261055E-03));
#1661 = CARTESIAN_POINT('',(44.006484556946,3.178704392755E-03));
#1662 = CARTESIAN_POINT('',(44.,0.));
#1663 = ( GEOMETRIC_REPRESENTATION_CONTEXT(2) 
PARAMETRIC_REPRESENTATION_CONTEXT() REPRESENTATION_CONTEXT('2D SPACE',''
  ) );
#1664 = ORIENTED_EDGE('',*,*,#1665,.F.);
#1665 = EDGE_CURVE('',#930,#1511,#1666,.T.);
#1666 = SURFACE_CURVE('',#1667,(#1671,#1677),.PCURVE_S1.);
#1667 = LINE('',#1668,#1669);
#1668 = CARTESIAN_POINT('',(7.36,3.,168.));
#1669 = VECTOR('',#1670,1.);
#1670 = DIRECTION('',(-1.,1.110223024625E-16,0.));
#1671 = PCURVE('',#428,#1672);
#1672 = DEFINITIONAL_REPRESENTATION('',(#1673),#1676);
#1673 = B_SPLINE_CURVE_WITH_KNOTS('',1,(#1674,#1675),.UNSPECIFIED.,.F.,
  .F.,(2,2),(0.,14.72),.PIECEWISE_BEZIER_KNOTS.);
#1674 = CARTESIAN_POINT('',(0.,1.));
#1675 = CARTESIAN_POINT('',(46.,1.));
#1676 = ( GEOMETRIC_REPRESENTATION_CONTEXT(2) 
PARAMETRIC_REPRESENTATION_CONTEXT() REPRESENTATION_CONTEXT('2D SPACE',''
  ) );
#1677 = PCURVE('',#966,#1678);
#1678 = DEFINITIONAL_REPRESENTATION('',(#1679),#1683);
#1679 = LINE('',#1680,#1681);
#1680 = CARTESIAN_POINT('',(2.264740474353,5.556163297081));
#1681 = VECTOR('',#1682,1.);
#1682 = DIRECTION('',(0.92602721618,-0.377456745726));
#1683 = ( GEOMETRIC_REPRESENTATION_CONTEXT(2) 
PARAMETRIC_REPRESENTATION_CONTEXT() REPRESENTATION_CONTEXT('2D SPACE',''
  ) );
#1684 = ADVANCED_FACE('',(#1685),#400,.T.);
#1685 = FACE_BOUND('',#1686,.T.);
#1686 = EDGE_LOOP('',(#1687,#1842,#1843,#1844,#1845,#1867,#2022,#2051,
    #2083,#2112,#2267,#2296,#2325));
#1687 = ORIENTED_EDGE('',*,*,#1688,.F.);
#1688 = EDGE_CURVE('',#444,#1689,#1691,.T.);
#1689 = VERTEX_POINT('',#1690);
#1690 = CARTESIAN_POINT('',(3.,-3.,86.154248688935));
#1691 = SURFACE_CURVE('',#1692,(#1740,#1791),.PCURVE_S1.);
#1692 = B_SPLINE_CURVE_WITH_KNOTS('',6,(#1693,#1694,#1695,#1696,#1697,
    #1698,#1699,#1700,#1701,#1702,#1703,#1704,#1705,#1706,#1707,#1708,
    #1709,#1710,#1711,#1712,#1713,#1714,#1715,#1716,#1717,#1718,#1719,
    #1720,#1721,#1722,#1723,#1724,#1725,#1726,#1727,#1728,#1729,#1730,
    #1731,#1732,#1733,#1734,#1735,#1736,#1737,#1738,#1739),
  .UNSPECIFIED.,.F.,.F.,(7,5,5,5,5,5,5,5,5,7),(0.,0.112527057671,
    0.225311870388,0.338120270754,0.450567984965,0.608193190935,
    0.765727787012,0.899467046896,0.992668158283,1.),.UNSPECIFIED.);
#1693 = CARTESIAN_POINT('',(3.,-3.,48.));
#1694 = CARTESIAN_POINT('',(3.,-3.,50.259245159691));
#1695 = CARTESIAN_POINT('',(3.,-3.,52.518450163164));
#1696 = CARTESIAN_POINT('',(3.,-3.,54.777611294536));
#1697 = CARTESIAN_POINT('',(3.,-3.,57.036724058691));
#1698 = CARTESIAN_POINT('',(3.,-3.,59.295783181275));
#1699 = CARTESIAN_POINT('',(3.,-3.,63.818956511614));
#1700 = CARTESIAN_POINT('',(3.,-3.,66.083070255276));
#1701 = CARTESIAN_POINT('',(3.,-3.,68.347117844115));
#1702 = CARTESIAN_POINT('',(3.,-3.,70.611091874739));
#1703 = CARTESIAN_POINT('',(3.,-3.,72.874983535942));
#1704 = CARTESIAN_POINT('',(3.,-3.,77.403055129053));
#1705 = CARTESIAN_POINT('',(3.,-3.,79.667234712381));
#1706 = CARTESIAN_POINT('',(3.,-3.,81.931311187234));
#1707 = CARTESIAN_POINT('',(3.,-3.,84.195271973228));
#1708 = CARTESIAN_POINT('',(3.,-3.,86.459101830422));
#1709 = CARTESIAN_POINT('',(3.,-3.,90.979225643014));
#1710 = CARTESIAN_POINT('',(3.,-3.,93.235519968703));
#1711 = CARTESIAN_POINT('',(3.,-3.,95.491647913371));
#1712 = CARTESIAN_POINT('',(3.,-3.,97.747587080044));
#1713 = CARTESIAN_POINT('',(3.,-3.,100.00330980385));
#1714 = CARTESIAN_POINT('',(3.,-3.,105.42042415846));
#1715 = CARTESIAN_POINT('',(3.,-3.,108.58156786629));
#1716 = CARTESIAN_POINT('',(3.,-3.,111.74213060961));
#1717 = CARTESIAN_POINT('',(3.,-3.,114.90198361569));
#1718 = CARTESIAN_POINT('',(3.,-3.,118.06094812185));
#1719 = CARTESIAN_POINT('',(3.,-3.,124.37480183355));
#1720 = CARTESIAN_POINT('',(3.,-3.,127.52966061576));
#1721 = CARTESIAN_POINT('',(3.,-3.,130.6831495903));
#1722 = CARTESIAN_POINT('',(3.,-3.,133.83489995729));
#1723 = CARTESIAN_POINT('',(3.,-3.,136.98436852746));
#1724 = CARTESIAN_POINT('',(3.,-3.,142.80193612664));
#1725 = CARTESIAN_POINT('',(3.,-3.,145.47081276113));
#1726 = CARTESIAN_POINT('',(3.,-3.,148.13699806315));
#1727 = CARTESIAN_POINT('',(3.,-3.,150.79974683388));
#1728 = CARTESIAN_POINT('',(3.,-3.,153.45795270619));
#1729 = CARTESIAN_POINT('',(3.,-3.,157.95825149403));
#1730 = CARTESIAN_POINT('',(3.,-3.,159.80342357543));
#1731 = CARTESIAN_POINT('',(3.,-3.,161.64504609963));
#1732 = CARTESIAN_POINT('',(3.,-3.,163.48233270721));
#1733 = CARTESIAN_POINT('',(3.,-3.,165.31420281582));
#1734 = CARTESIAN_POINT('',(3.,-3.,167.28280513037));
#1735 = CARTESIAN_POINT('',(3.,-3.,167.4263322204));
#1736 = CARTESIAN_POINT('',(3.,-3.,167.56981601792));
#1737 = CARTESIAN_POINT('',(3.,-3.,167.71325576733));
#1738 = CARTESIAN_POINT('',(3.,-3.,167.85665069315));
#1739 = CARTESIAN_POINT('',(3.,-3.,168.));
#1740 = PCURVE('',#400,#1741);
#1741 = DEFINITIONAL_REPRESENTATION('',(#1742),#1790);
#1742 = B_SPLINE_CURVE_WITH_KNOTS('',6,(#1743,#1744,#1745,#1746,#1747,
    #1748,#1749,#1750,#1751,#1752,#1753,#1754,#1755,#1756,#1757,#1758,
    #1759,#1760,#1761,#1762,#1763,#1764,#1765,#1766,#1767,#1768,#1769,
    #1770,#1771,#1772,#1773,#1774,#1775,#1776,#1777,#1778,#1779,#1780,
    #1781,#1782,#1783,#1784,#1785,#1786,#1787,#1788,#1789),
  .UNSPECIFIED.,.F.,.F.,(7,5,5,5,5,5,5,5,5,7),(0.,0.112527057671,
    0.225311870388,0.338120270754,0.450567984965,0.608193190935,
    0.765727787012,0.899467046896,0.992668158283,1.),.UNSPECIFIED.);
#1743 = CARTESIAN_POINT('',(26.000000000032,1.56521723619E-11));
#1744 = CARTESIAN_POINT('',(26.038407031665,1.882704298308E-02));
#1745 = CARTESIAN_POINT('',(26.077993952715,3.765375135552E-02));
#1746 = CARTESIAN_POINT('',(26.118827581149,5.648009412896E-02));
#1747 = CARTESIAN_POINT('',(26.160983172519,7.530603382764E-02));
#1748 = CARTESIAN_POINT('',(26.20454441996,9.41315265041E-02));
#1749 = CARTESIAN_POINT('',(26.294765619923,0.131824637597));
#1750 = CARTESIAN_POINT('',(26.341433766804,0.150692252127));
#1751 = CARTESIAN_POINT('',(26.389700139268,0.169559315368));
#1752 = CARTESIAN_POINT('',(26.439669867137,0.188425765623));
#1753 = CARTESIAN_POINT('',(26.491460965618,0.207291529466));
#1754 = CARTESIAN_POINT('',(26.598959198201,0.245025459409));
#1755 = CARTESIAN_POINT('',(26.65466795053,0.263893622603));
#1756 = CARTESIAN_POINT('',(26.712463743581,0.28276092656));
#1757 = CARTESIAN_POINT('',(26.772495191876,0.301627266444));
#1758 = CARTESIAN_POINT('',(26.834931159203,0.320492515254));
#1759 = CARTESIAN_POINT('',(26.9647920333,0.358160213692));
#1760 = CARTESIAN_POINT('',(27.032200275884,0.376962666406));
#1761 = CARTESIAN_POINT('',(27.102382997829,0.395763732611));
#1762 = CARTESIAN_POINT('',(27.175557176986,0.414563225667));
#1763 = CARTESIAN_POINT('',(27.251972529778,0.433360915032));
#1764 = CARTESIAN_POINT('',(27.44398752533,0.478503534654));
#1765 = CARTESIAN_POINT('',(27.562995694146,0.504846398886));
#1766 = CARTESIAN_POINT('',(27.689746634396,0.531184421747));
#1767 = CARTESIAN_POINT('',(27.825209155663,0.557516530131));
#1768 = CARTESIAN_POINT('',(27.970570067692,0.583841234349));
#1769 = CARTESIAN_POINT('',(28.284109819195,0.636456681946));
#1770 = CARTESIAN_POINT('',(28.452274844162,0.662747171798));
#1771 = CARTESIAN_POINT('',(28.63343211227,0.689026246586));
#1772 = CARTESIAN_POINT('',(28.829513252276,0.715290832977));
#1773 = CARTESIAN_POINT('',(29.042951207195,0.741536404396));
#1774 = CARTESIAN_POINT('',(29.475932961586,0.790016134389));
#1775 = CARTESIAN_POINT('',(29.689680594726,0.81225677301));
#1776 = CARTESIAN_POINT('',(29.920441807007,0.834474983859));
#1777 = CARTESIAN_POINT('',(30.170788298451,0.856664556949));
#1778 = CARTESIAN_POINT('',(30.443956287136,0.878816272552));
#1779 = CARTESIAN_POINT('',(30.953784420857,0.91631876245));
#1780 = CARTESIAN_POINT('',(31.176405660361,0.931695196462));
#1781 = CARTESIAN_POINT('',(31.413779576181,0.947042050831));
#1782 = CARTESIAN_POINT('',(31.667693031073,0.96235277256));
#1783 = CARTESIAN_POINT('',(31.940290816827,0.977618356799));
#1784 = CARTESIAN_POINT('',(32.257369598714,0.994023376088));
#1785 = CARTESIAN_POINT('',(32.280626197474,0.995219435169));
#1786 = CARTESIAN_POINT('',(32.30401621515,0.99641513348));
#1787 = CARTESIAN_POINT('',(32.327540963968,0.997610464729));
#1788 = CARTESIAN_POINT('',(32.351201775351,0.998805422447));
#1789 = CARTESIAN_POINT('',(32.374999999912,0.999999999996));
#1790 = ( GEOMETRIC_REPRESENTATION_CONTEXT(2) 
PARAMETRIC_REPRESENTATION_CONTEXT() REPRESENTATION_CONTEXT('2D SPACE',''
  ) );
#1791 = PCURVE('',#459,#1792);
#1792 = DEFINITIONAL_REPRESENTATION('',(#1793),#1841);
#1793 = B_SPLINE_CURVE_WITH_KNOTS('',6,(#1794,#1795,#1796,#1797,#1798,
    #1799,#1800,#1801,#1802,#1803,#1804,#1805,#1806,#1807,#1808,#1809,
    #1810,#1811,#1812,#1813,#1814,#1815,#1816,#1817,#1818,#1819,#1820,
    #1821,#1822,#1823,#1824,#1825,#1826,#1827,#1828,#1829,#1830,#1831,
    #1832,#1833,#1834,#1835,#1836,#1837,#1838,#1839,#1840),
  .UNSPECIFIED.,.F.,.F.,(7,5,5,5,5,5,5,5,5,7),(0.,0.112527057671,
    0.225311870388,0.338120270754,0.450567984965,0.608193190935,
    0.765727787012,0.899467046896,0.992668158283,1.),.UNSPECIFIED.);
#1794 = CARTESIAN_POINT('',(38.,0.));
#1795 = CARTESIAN_POINT('',(37.961592968305,1.882704299743E-02));
#1796 = CARTESIAN_POINT('',(37.922006047277,3.76537513597E-02));
#1797 = CARTESIAN_POINT('',(37.881172418867,5.648009412113E-02));
#1798 = CARTESIAN_POINT('',(37.839016827491,7.530603382242E-02));
#1799 = CARTESIAN_POINT('',(37.795455580027,9.413152651062E-02));
#1800 = CARTESIAN_POINT('',(37.705234380077,0.131824637597));
#1801 = CARTESIAN_POINT('',(37.658566233196,0.150692252127));
#1802 = CARTESIAN_POINT('',(37.610299860732,0.169559315368));
#1803 = CARTESIAN_POINT('',(37.560330132863,0.188425765623));
#1804 = CARTESIAN_POINT('',(37.508539034382,0.207291529466));
#1805 = CARTESIAN_POINT('',(37.401040801799,0.245025459409));
#1806 = CARTESIAN_POINT('',(37.345332049469,0.263893622603));
#1807 = CARTESIAN_POINT('',(37.287536256419,0.28276092656));
#1808 = CARTESIAN_POINT('',(37.227504808124,0.301627266444));
#1809 = CARTESIAN_POINT('',(37.165068840797,0.320492515254));
#1810 = CARTESIAN_POINT('',(37.0352079667,0.358160213692));
#1811 = CARTESIAN_POINT('',(36.967799724116,0.376962666406));
#1812 = CARTESIAN_POINT('',(36.897617002171,0.395763732611));
#1813 = CARTESIAN_POINT('',(36.824442823014,0.414563225667));
#1814 = CARTESIAN_POINT('',(36.748027470222,0.433360915032));
#1815 = CARTESIAN_POINT('',(36.55601247467,0.478503534654));
#1816 = CARTESIAN_POINT('',(36.437004305854,0.504846398886));
#1817 = CARTESIAN_POINT('',(36.310253365603,0.531184421746));
#1818 = CARTESIAN_POINT('',(36.174790844338,0.557516530131));
#1819 = CARTESIAN_POINT('',(36.029429932308,0.583841234349));
#1820 = CARTESIAN_POINT('',(35.715890180805,0.636456681946));
#1821 = CARTESIAN_POINT('',(35.547725155839,0.662747171798));
#1822 = CARTESIAN_POINT('',(35.366567887729,0.689026246586));
#1823 = CARTESIAN_POINT('',(35.170486747725,0.715290832977));
#1824 = CARTESIAN_POINT('',(34.957048792805,0.741536404396));
#1825 = CARTESIAN_POINT('',(34.524067038414,0.790016134389));
#1826 = CARTESIAN_POINT('',(34.310319405274,0.812256773009));
#1827 = CARTESIAN_POINT('',(34.079558192993,0.83447498386));
#1828 = CARTESIAN_POINT('',(33.829211701548,0.856664556949));
#1829 = CARTESIAN_POINT('',(33.556043712864,0.878816272552));
#1830 = CARTESIAN_POINT('',(33.046215579143,0.91631876245));
#1831 = CARTESIAN_POINT('',(32.823594339639,0.931695196462));
#1832 = CARTESIAN_POINT('',(32.586220423819,0.94704205083));
#1833 = CARTESIAN_POINT('',(32.332306968928,0.96235277256));
#1834 = CARTESIAN_POINT('',(32.059709183173,0.977618356799));
#1835 = CARTESIAN_POINT('',(31.742630401323,0.994023376086));
#1836 = CARTESIAN_POINT('',(31.719373802497,0.99521943517));
#1837 = CARTESIAN_POINT('',(31.695983784806,0.996415133483));
#1838 = CARTESIAN_POINT('',(31.672459036055,0.997610464728));
#1839 = CARTESIAN_POINT('',(31.64879822473,0.998805422443));
#1840 = CARTESIAN_POINT('',(31.625,1.));
#1841 = ( GEOMETRIC_REPRESENTATION_CONTEXT(2) 
PARAMETRIC_REPRESENTATION_CONTEXT() REPRESENTATION_CONTEXT('2D SPACE',''
  ) );
#1842 = ORIENTED_EDGE('',*,*,#472,.T.);
#1843 = ORIENTED_EDGE('',*,*,#386,.T.);
#1844 = ORIENTED_EDGE('',*,*,#978,.T.);
#1845 = ORIENTED_EDGE('',*,*,#1846,.F.);
#1846 = EDGE_CURVE('',#1847,#951,#1849,.T.);
#1847 = VERTEX_POINT('',#1848);
#1848 = CARTESIAN_POINT('',(3.,-3.,168.));
#1849 = SURFACE_CURVE('',#1850,(#1854,#1860),.PCURVE_S1.);
#1850 = LINE('',#1851,#1852);
#1851 = CARTESIAN_POINT('',(-7.36,-3.,168.));
#1852 = VECTOR('',#1853,1.);
#1853 = DIRECTION('',(1.,-1.110223024625E-16,0.));
#1854 = PCURVE('',#400,#1855);
#1855 = DEFINITIONAL_REPRESENTATION('',(#1856),#1859);
#1856 = B_SPLINE_CURVE_WITH_KNOTS('',1,(#1857,#1858),.UNSPECIFIED.,.F.,
  .F.,(2,2),(0.,14.72),.PIECEWISE_BEZIER_KNOTS.);
#1857 = CARTESIAN_POINT('',(0.,1.));
#1858 = CARTESIAN_POINT('',(46.,1.));
#1859 = ( GEOMETRIC_REPRESENTATION_CONTEXT(2) 
PARAMETRIC_REPRESENTATION_CONTEXT() REPRESENTATION_CONTEXT('2D SPACE',''
  ) );
#1860 = PCURVE('',#966,#1861);
#1861 = DEFINITIONAL_REPRESENTATION('',(#1862),#1866);
#1862 = LINE('',#1863,#1864);
#1863 = CARTESIAN_POINT('',(13.631120622171,-5.556163297081));
#1864 = VECTOR('',#1865,1.);
#1865 = DIRECTION('',(-0.92602721618,0.377456745726));
#1866 = ( GEOMETRIC_REPRESENTATION_CONTEXT(2) 
PARAMETRIC_REPRESENTATION_CONTEXT() REPRESENTATION_CONTEXT('2D SPACE',''
  ) );
#1867 = ORIENTED_EDGE('',*,*,#1868,.F.);
#1868 = EDGE_CURVE('',#1869,#1847,#1871,.T.);
#1869 = VERTEX_POINT('',#1870);
#1870 = CARTESIAN_POINT('',(3.,-3.,122.64575131106));
#1871 = SURFACE_CURVE('',#1872,(#1920,#1971),.PCURVE_S1.);
#1872 = B_SPLINE_CURVE_WITH_KNOTS('',6,(#1873,#1874,#1875,#1876,#1877,
    #1878,#1879,#1880,#1881,#1882,#1883,#1884,#1885,#1886,#1887,#1888,
    #1889,#1890,#1891,#1892,#1893,#1894,#1895,#1896,#1897,#1898,#1899,
    #1900,#1901,#1902,#1903,#1904,#1905,#1906,#1907,#1908,#1909,#1910,
    #1911,#1912,#1913,#1914,#1915,#1916,#1917,#1918,#1919),
  .UNSPECIFIED.,.F.,.F.,(7,5,5,5,5,5,5,5,5,7),(0.,0.112527057671,
    0.225311870388,0.338120270754,0.450567984965,0.608193190935,
    0.765727787012,0.899467046896,0.992668158283,1.),.UNSPECIFIED.);
#1873 = CARTESIAN_POINT('',(3.,-3.,48.));
#1874 = CARTESIAN_POINT('',(3.,-3.,50.259245159691));
#1875 = CARTESIAN_POINT('',(3.,-3.,52.518450163164));
#1876 = CARTESIAN_POINT('',(3.,-3.,54.777611294536));
#1877 = CARTESIAN_POINT('',(3.,-3.,57.036724058691));
#1878 = CARTESIAN_POINT('',(3.,-3.,59.295783181275));
#1879 = CARTESIAN_POINT('',(3.,-3.,63.818956511614));
#1880 = CARTESIAN_POINT('',(3.,-3.,66.083070255276));
#1881 = CARTESIAN_POINT('',(3.,-3.,68.347117844115));
#1882 = CARTESIAN_POINT('',(3.,-3.,70.611091874739));
#1883 = CARTESIAN_POINT('',(3.,-3.,72.874983535942));
#1884 = CARTESIAN_POINT('',(3.,-3.,77.403055129053));
#1885 = CARTESIAN_POINT('',(3.,-3.,79.667234712381));
#1886 = CARTESIAN_POINT('',(3.,-3.,81.931311187234));
#1887 = CARTESIAN_POINT('',(3.,-3.,84.195271973228));
#1888 = CARTESIAN_POINT('',(3.,-3.,86.459101830422));
#1889 = CARTESIAN_POINT('',(3.,-3.,90.979225643014));
#1890 = CARTESIAN_POINT('',(3.,-3.,93.235519968703));
#1891 = CARTESIAN_POINT('',(3.,-3.,95.491647913371));
#1892 = CARTESIAN_POINT('',(3.,-3.,97.747587080044));
#1893 = CARTESIAN_POINT('',(3.,-3.,100.00330980385));
#1894 = CARTESIAN_POINT('',(3.,-3.,105.42042415846));
#1895 = CARTESIAN_POINT('',(3.,-3.,108.58156786629));
#1896 = CARTESIAN_POINT('',(3.,-3.,111.74213060961));
#1897 = CARTESIAN_POINT('',(3.,-3.,114.90198361569));
#1898 = CARTESIAN_POINT('',(3.,-3.,118.06094812185));
#1899 = CARTESIAN_POINT('',(3.,-3.,124.37480183355));
#1900 = CARTESIAN_POINT('',(3.,-3.,127.52966061576));
#1901 = CARTESIAN_POINT('',(3.,-3.,130.6831495903));
#1902 = CARTESIAN_POINT('',(3.,-3.,133.83489995729));
#1903 = CARTESIAN_POINT('',(3.,-3.,136.98436852746));
#1904 = CARTESIAN_POINT('',(3.,-3.,142.80193612664));
#1905 = CARTESIAN_POINT('',(3.,-3.,145.47081276113));
#1906 = CARTESIAN_POINT('',(3.,-3.,148.13699806315));
#1907 = CARTESIAN_POINT('',(3.,-3.,150.79974683388));
#1908 = CARTESIAN_POINT('',(3.,-3.,153.45795270619));
#1909 = CARTESIAN_POINT('',(3.,-3.,157.95825149403));
#1910 = CARTESIAN_POINT('',(3.,-3.,159.80342357543));
#1911 = CARTESIAN_POINT('',(3.,-3.,161.64504609963));
#1912 = CARTESIAN_POINT('',(3.,-3.,163.48233270721));
#1913 = CARTESIAN_POINT('',(3.,-3.,165.31420281582));
#1914 = CARTESIAN_POINT('',(3.,-3.,167.28280513037));
#1915 = CARTESIAN_POINT('',(3.,-3.,167.4263322204));
#1916 = CARTESIAN_POINT('',(3.,-3.,167.56981601792));
#1917 = CARTESIAN_POINT('',(3.,-3.,167.71325576733));
#1918 = CARTESIAN_POINT('',(3.,-3.,167.85665069315));
#1919 = CARTESIAN_POINT('',(3.,-3.,168.));
#1920 = PCURVE('',#400,#1921);
#1921 = DEFINITIONAL_REPRESENTATION('',(#1922),#1970);
#1922 = B_SPLINE_CURVE_WITH_KNOTS('',6,(#1923,#1924,#1925,#1926,#1927,
    #1928,#1929,#1930,#1931,#1932,#1933,#1934,#1935,#1936,#1937,#1938,
    #1939,#1940,#1941,#1942,#1943,#1944,#1945,#1946,#1947,#1948,#1949,
    #1950,#1951,#1952,#1953,#1954,#1955,#1956,#1957,#1958,#1959,#1960,
    #1961,#1962,#1963,#1964,#1965,#1966,#1967,#1968,#1969),
  .UNSPECIFIED.,.F.,.F.,(7,5,5,5,5,5,5,5,5,7),(0.,0.112527057671,
    0.225311870388,0.338120270754,0.450567984965,0.608193190935,
    0.765727787012,0.899467046896,0.992668158283,1.),.UNSPECIFIED.);
#1923 = CARTESIAN_POINT('',(26.000000000032,1.56521723619E-11));
#1924 = CARTESIAN_POINT('',(26.038407031665,1.882704298308E-02));
#1925 = CARTESIAN_POINT('',(26.077993952715,3.765375135552E-02));
#1926 = CARTESIAN_POINT('',(26.118827581149,5.648009412896E-02));
#1927 = CARTESIAN_POINT('',(26.160983172519,7.530603382764E-02));
#1928 = CARTESIAN_POINT('',(26.20454441996,9.41315265041E-02));
#1929 = CARTESIAN_POINT('',(26.294765619923,0.131824637597));
#1930 = CARTESIAN_POINT('',(26.341433766804,0.150692252127));
#1931 = CARTESIAN_POINT('',(26.389700139268,0.169559315368));
#1932 = CARTESIAN_POINT('',(26.439669867137,0.188425765623));
#1933 = CARTESIAN_POINT('',(26.491460965618,0.207291529466));
#1934 = CARTESIAN_POINT('',(26.598959198201,0.245025459409));
#1935 = CARTESIAN_POINT('',(26.65466795053,0.263893622603));
#1936 = CARTESIAN_POINT('',(26.712463743581,0.28276092656));
#1937 = CARTESIAN_POINT('',(26.772495191876,0.301627266444));
#1938 = CARTESIAN_POINT('',(26.834931159203,0.320492515254));
#1939 = CARTESIAN_POINT('',(26.9647920333,0.358160213692));
#1940 = CARTESIAN_POINT('',(27.032200275884,0.376962666406));
#1941 = CARTESIAN_POINT('',(27.102382997829,0.395763732611));
#1942 = CARTESIAN_POINT('',(27.175557176986,0.414563225667));
#1943 = CARTESIAN_POINT('',(27.251972529778,0.433360915032));
#1944 = CARTESIAN_POINT('',(27.44398752533,0.478503534654));
#1945 = CARTESIAN_POINT('',(27.562995694146,0.504846398886));
#1946 = CARTESIAN_POINT('',(27.689746634396,0.531184421747));
#1947 = CARTESIAN_POINT('',(27.825209155663,0.557516530131));
#1948 = CARTESIAN_POINT('',(27.970570067692,0.583841234349));
#1949 = CARTESIAN_POINT('',(28.284109819195,0.636456681946));
#1950 = CARTESIAN_POINT('',(28.452274844162,0.662747171798));
#1951 = CARTESIAN_POINT('',(28.63343211227,0.689026246586));
#1952 = CARTESIAN_POINT('',(28.829513252276,0.715290832977));
#1953 = CARTESIAN_POINT('',(29.042951207195,0.741536404396));
#1954 = CARTESIAN_POINT('',(29.475932961586,0.790016134389));
#1955 = CARTESIAN_POINT('',(29.689680594726,0.81225677301));
#1956 = CARTESIAN_POINT('',(29.920441807007,0.834474983859));
#1957 = CARTESIAN_POINT('',(30.170788298451,0.856664556949));
#1958 = CARTESIAN_POINT('',(30.443956287136,0.878816272552));
#1959 = CARTESIAN_POINT('',(30.953784420857,0.91631876245));
#1960 = CARTESIAN_POINT('',(31.176405660361,0.931695196462));
#1961 = CARTESIAN_POINT('',(31.413779576181,0.947042050831));
#1962 = CARTESIAN_POINT('',(31.667693031073,0.96235277256));
#1963 = CARTESIAN_POINT('',(31.940290816827,0.977618356799));
#1964 = CARTESIAN_POINT('',(32.257369598714,0.994023376088));
#1965 = CARTESIAN_POINT('',(32.280626197474,0.995219435169));
#1966 = CARTESIAN_POINT('',(32.30401621515,0.99641513348));
#1967 = CARTESIAN_POINT('',(32.327540963968,0.997610464729));
#1968 = CARTESIAN_POINT('',(32.351201775351,0.998805422447));
#1969 = CARTESIAN_POINT('',(32.374999999912,0.999999999996));
#1970 = ( GEOMETRIC_REPRESENTATION_CONTEXT(2) 
PARAMETRIC_REPRESENTATION_CONTEXT() REPRESENTATION_CONTEXT('2D SPACE',''
  ) );
#1971 = PCURVE('',#459,#1972);
#1972 = DEFINITIONAL_REPRESENTATION('',(#1973),#2021);
#1973 = B_SPLINE_CURVE_WITH_KNOTS('',6,(#1974,#1975,#1976,#1977,#1978,
    #1979,#1980,#1981,#1982,#1983,#1984,#1985,#1986,#1987,#1988,#1989,
    #1990,#1991,#1992,#1993,#1994,#1995,#1996,#1997,#1998,#1999,#2000,
    #2001,#2002,#2003,#2004,#2005,#2006,#2007,#2008,#2009,#2010,#2011,
    #2012,#2013,#2014,#2015,#2016,#2017,#2018,#2019,#2020),
  .UNSPECIFIED.,.F.,.F.,(7,5,5,5,5,5,5,5,5,7),(0.,0.112527057671,
    0.225311870388,0.338120270754,0.450567984965,0.608193190935,
    0.765727787012,0.899467046896,0.992668158283,1.),.UNSPECIFIED.);
#1974 = CARTESIAN_POINT('',(38.,0.));
#1975 = CARTESIAN_POINT('',(37.961592968305,1.882704299743E-02));
#1976 = CARTESIAN_POINT('',(37.922006047277,3.76537513597E-02));
#1977 = CARTESIAN_POINT('',(37.881172418867,5.648009412113E-02));
#1978 = CARTESIAN_POINT('',(37.839016827491,7.530603382242E-02));
#1979 = CARTESIAN_POINT('',(37.795455580027,9.413152651062E-02));
#1980 = CARTESIAN_POINT('',(37.705234380077,0.131824637597));
#1981 = CARTESIAN_POINT('',(37.658566233196,0.150692252127));
#1982 = CARTESIAN_POINT('',(37.610299860732,0.169559315368));
#1983 = CARTESIAN_POINT('',(37.560330132863,0.188425765623));
#1984 = CARTESIAN_POINT('',(37.508539034382,0.207291529466));
#1985 = CARTESIAN_POINT('',(37.401040801799,0.245025459409));
#1986 = CARTESIAN_POINT('',(37.345332049469,0.263893622603));
#1987 = CARTESIAN_POINT('',(37.287536256419,0.28276092656));
#1988 = CARTESIAN_POINT('',(37.227504808124,0.301627266444));
#1989 = CARTESIAN_POINT('',(37.165068840797,0.320492515254));
#1990 = CARTESIAN_POINT('',(37.0352079667,0.358160213692));
#1991 = CARTESIAN_POINT('',(36.967799724116,0.376962666406));
#1992 = CARTESIAN_POINT('',(36.897617002171,0.395763732611));
#1993 = CARTESIAN_POINT('',(36.824442823014,0.414563225667));
#1994 = CARTESIAN_POINT('',(36.748027470222,0.433360915032));
#1995 = CARTESIAN_POINT('',(36.55601247467,0.478503534654));
#1996 = CARTESIAN_POINT('',(36.437004305854,0.504846398886));
#1997 = CARTESIAN_POINT('',(36.310253365603,0.531184421746));
#1998 = CARTESIAN_POINT('',(36.174790844338,0.557516530131));
#1999 = CARTESIAN_POINT('',(36.029429932308,0.583841234349));
#2000 = CARTESIAN_POINT('',(35.715890180805,0.636456681946));
#2001 = CARTESIAN_POINT('',(35.547725155839,0.662747171798));
#2002 = CARTESIAN_POINT('',(35.366567887729,0.689026246586));
#2003 = CARTESIAN_POINT('',(35.170486747725,0.715290832977));
#2004 = CARTESIAN_POINT('',(34.957048792805,0.741536404396));
#2005 = CARTESIAN_POINT('',(34.524067038414,0.790016134389));
#2006 = CARTESIAN_POINT('',(34.310319405274,0.812256773009));
#2007 = CARTESIAN_POINT('',(34.079558192993,0.83447498386));
#2008 = CARTESIAN_POINT('',(33.829211701548,0.856664556949));
#2009 = CARTESIAN_POINT('',(33.556043712864,0.878816272552));
#2010 = CARTESIAN_POINT('',(33.046215579143,0.91631876245));
#2011 = CARTESIAN_POINT('',(32.823594339639,0.931695196462));
#2012 = CARTESIAN_POINT('',(32.586220423819,0.94704205083));
#2013 = CARTESIAN_POINT('',(32.332306968928,0.96235277256));
#2014 = CARTESIAN_POINT('',(32.059709183173,0.977618356799));
#2015 = CARTESIAN_POINT('',(31.742630401323,0.994023376086));
#2016 = CARTESIAN_POINT('',(31.719373802497,0.99521943517));
#2017 = CARTESIAN_POINT('',(31.695983784806,0.996415133483));
#2018 = CARTESIAN_POINT('',(31.672459036055,0.997610464728));
#2019 = CARTESIAN_POINT('',(31.64879822473,0.998805422443));
#2020 = CARTESIAN_POINT('',(31.625,1.));
#2021 = ( GEOMETRIC_REPRESENTATION_CONTEXT(2) 
PARAMETRIC_REPRESENTATION_CONTEXT() REPRESENTATION_CONTEXT('2D SPACE',''
  ) );
#2022 = ORIENTED_EDGE('',*,*,#2023,.F.);
#2023 = EDGE_CURVE('',#2024,#1869,#2026,.T.);
#2024 = VERTEX_POINT('',#2025);
#2025 = CARTESIAN_POINT('',(6.,-3.,122.64575131106));
#2026 = SURFACE_CURVE('',#2027,(#2033,#2042),.PCURVE_S1.);
#2027 = B_SPLINE_CURVE_WITH_KNOTS('',4,(#2028,#2029,#2030,#2031,#2032),
  .UNSPECIFIED.,.F.,.F.,(5,5),(0.,1.),.PIECEWISE_BEZIER_KNOTS.);
#2028 = CARTESIAN_POINT('',(6.0000006,-3.,122.64575131106));
#2029 = CARTESIAN_POINT('',(4.932755920377,-3.,122.64575131106));
#2030 = CARTESIAN_POINT('',(3.865511240754,-3.,122.64575131106));
#2031 = CARTESIAN_POINT('',(2.798266561131,-3.,122.64575131106));
#2032 = CARTESIAN_POINT('',(1.731021881507,-3.,122.64575131106));
#2033 = PCURVE('',#400,#2034);
#2034 = DEFINITIONAL_REPRESENTATION('',(#2035),#2041);
#2035 = B_SPLINE_CURVE_WITH_KNOTS('',4,(#2036,#2037,#2038,#2039,#2040),
  .UNSPECIFIED.,.F.,.F.,(5,5),(0.,1.),.PIECEWISE_BEZIER_KNOTS.);
#2036 = CARTESIAN_POINT('',(33.398481031519,0.622047927592));
#2037 = CARTESIAN_POINT('',(31.548860623639,0.622047927592));
#2038 = CARTESIAN_POINT('',(29.699240215759,0.622047927592));
#2039 = CARTESIAN_POINT('',(27.84961980788,0.622047927592));
#2040 = CARTESIAN_POINT('',(25.9999994,0.622047927592));
#2041 = ( GEOMETRIC_REPRESENTATION_CONTEXT(2) 
PARAMETRIC_REPRESENTATION_CONTEXT() REPRESENTATION_CONTEXT('2D SPACE',''
  ) );
#2042 = PCURVE('',#1430,#2043);
#2043 = DEFINITIONAL_REPRESENTATION('',(#2044),#2050);
#2044 = B_SPLINE_CURVE_WITH_KNOTS('',4,(#2045,#2046,#2047,#2048,#2049),
  .UNSPECIFIED.,.F.,.F.,(5,5),(0.,1.),.PIECEWISE_BEZIER_KNOTS.);
#2045 = CARTESIAN_POINT('',(-2.418858405776,-12.0000006));
#2046 = CARTESIAN_POINT('',(-2.418858405776,-10.93275592037));
#2047 = CARTESIAN_POINT('',(-2.418858405776,-9.865511240754));
#2048 = CARTESIAN_POINT('',(-2.418858405776,-8.798266561131));
#2049 = CARTESIAN_POINT('',(-2.418858405776,-7.731021881507));
#2050 = ( GEOMETRIC_REPRESENTATION_CONTEXT(2) 
PARAMETRIC_REPRESENTATION_CONTEXT() REPRESENTATION_CONTEXT('2D SPACE',''
  ) );
#2051 = ORIENTED_EDGE('',*,*,#2052,.F.);
#2052 = EDGE_CURVE('',#2053,#2024,#2055,.T.);
#2053 = VERTEX_POINT('',#2054);
#2054 = CARTESIAN_POINT('',(6.,-3.,117.35424868893));
#2055 = SURFACE_CURVE('',#2056,(#2063,#2073),.PCURVE_S1.);
#2056 = B_SPLINE_CURVE_WITH_KNOTS('',5,(#2057,#2058,#2059,#2060,#2061,
    #2062),.UNSPECIFIED.,.F.,.F.,(6,6),(0.,1.),
  .PIECEWISE_BEZIER_KNOTS.);
#2057 = CARTESIAN_POINT('',(6.,-3.,116.));
#2058 = CARTESIAN_POINT('',(6.,-3.,117.60107839169));
#2059 = CARTESIAN_POINT('',(6.,-3.,119.20168174041));
#2060 = CARTESIAN_POINT('',(6.,-3.,120.8017536479));
#2061 = CARTESIAN_POINT('',(6.,-3.,122.40122265904));
#2062 = CARTESIAN_POINT('',(6.,-3.,124.));
#2063 = PCURVE('',#400,#2064);
#2064 = DEFINITIONAL_REPRESENTATION('',(#2065),#2072);
#2065 = B_SPLINE_CURVE_WITH_KNOTS('',5,(#2066,#2067,#2068,#2069,#2070,
    #2071),.UNSPECIFIED.,.F.,.F.,(6,6),(0.,1.),
  .PIECEWISE_BEZIER_KNOTS.);
#2066 = CARTESIAN_POINT('',(32.761388286334,0.566666666667));
#2067 = CARTESIAN_POINT('',(32.905471102814,0.580008986597));
#2068 = CARTESIAN_POINT('',(33.054827963326,0.593347347837));
#2069 = CARTESIAN_POINT('',(33.209840108823,0.606681280399));
#2070 = CARTESIAN_POINT('',(33.370941448449,0.620010188825));
#2071 = CARTESIAN_POINT('',(33.538641686183,0.633333333333));
#2072 = ( GEOMETRIC_REPRESENTATION_CONTEXT(2) 
PARAMETRIC_REPRESENTATION_CONTEXT() REPRESENTATION_CONTEXT('2D SPACE',''
  ) );
#2073 = PCURVE('',#1466,#2074);
#2074 = DEFINITIONAL_REPRESENTATION('',(#2075),#2082);
#2075 = B_SPLINE_CURVE_WITH_KNOTS('',5,(#2076,#2077,#2078,#2079,#2080,
    #2081),.UNSPECIFIED.,.F.,.F.,(6,6),(0.,1.),
  .PIECEWISE_BEZIER_KNOTS.);
#2076 = CARTESIAN_POINT('',(-4.,3.));
#2077 = CARTESIAN_POINT('',(-2.398921608307,3.));
#2078 = CARTESIAN_POINT('',(-0.798318259588,3.));
#2079 = CARTESIAN_POINT('',(0.801753647905,3.));
#2080 = CARTESIAN_POINT('',(2.401222659048,3.));
#2081 = CARTESIAN_POINT('',(4.,3.));
#2082 = ( GEOMETRIC_REPRESENTATION_CONTEXT(2) 
PARAMETRIC_REPRESENTATION_CONTEXT() REPRESENTATION_CONTEXT('2D SPACE',''
  ) );
#2083 = ORIENTED_EDGE('',*,*,#2084,.T.);
#2084 = EDGE_CURVE('',#2053,#2085,#2087,.T.);
#2085 = VERTEX_POINT('',#2086);
#2086 = CARTESIAN_POINT('',(3.,-3.,117.35424868893));
#2087 = SURFACE_CURVE('',#2088,(#2094,#2103),.PCURVE_S1.);
#2088 = B_SPLINE_CURVE_WITH_KNOTS('',4,(#2089,#2090,#2091,#2092,#2093),
  .UNSPECIFIED.,.F.,.F.,(5,5),(0.,1.),.PIECEWISE_BEZIER_KNOTS.);
#2089 = CARTESIAN_POINT('',(6.0000006,-3.,117.35424868893));
#2090 = CARTESIAN_POINT('',(4.955244802023,-3.,117.35424868893));
#2091 = CARTESIAN_POINT('',(3.910489004046,-3.,117.35424868893));
#2092 = CARTESIAN_POINT('',(2.865733206069,-3.,117.35424868893));
#2093 = CARTESIAN_POINT('',(1.820977408093,-3.,117.35424868893));
#2094 = PCURVE('',#400,#2095);
#2095 = DEFINITIONAL_REPRESENTATION('',(#2096),#2102);
#2096 = B_SPLINE_CURVE_WITH_KNOTS('',4,(#2097,#2098,#2099,#2100,#2101),
  .UNSPECIFIED.,.F.,.F.,(5,5),(0.,1.),.PIECEWISE_BEZIER_KNOTS.);
#2097 = CARTESIAN_POINT('',(32.884800393463,0.577952072408));
#2098 = CARTESIAN_POINT('',(31.163600145097,0.577952072408));
#2099 = CARTESIAN_POINT('',(29.442399896731,0.577952072408));
#2100 = CARTESIAN_POINT('',(27.721199648366,0.577952072408));
#2101 = CARTESIAN_POINT('',(25.9999994,0.577952072408));
#2102 = ( GEOMETRIC_REPRESENTATION_CONTEXT(2) 
PARAMETRIC_REPRESENTATION_CONTEXT() REPRESENTATION_CONTEXT('2D SPACE',''
  ) );
#2103 = PCURVE('',#1430,#2104);
#2104 = DEFINITIONAL_REPRESENTATION('',(#2105),#2111);
#2105 = B_SPLINE_CURVE_WITH_KNOTS('',4,(#2106,#2107,#2108,#2109,#2110),
  .UNSPECIFIED.,.F.,.F.,(5,5),(0.,1.),.PIECEWISE_BEZIER_KNOTS.);
#2106 = CARTESIAN_POINT('',(-3.864326901403,-12.0000006));
#2107 = CARTESIAN_POINT('',(-3.864326901403,-10.95524480202));
#2108 = CARTESIAN_POINT('',(-3.864326901403,-9.910489004046));
#2109 = CARTESIAN_POINT('',(-3.864326901403,-8.865733206069));
#2110 = CARTESIAN_POINT('',(-3.864326901403,-7.820977408093));
#2111 = ( GEOMETRIC_REPRESENTATION_CONTEXT(2) 
PARAMETRIC_REPRESENTATION_CONTEXT() REPRESENTATION_CONTEXT('2D SPACE',''
  ) );
#2112 = ORIENTED_EDGE('',*,*,#2113,.F.);
#2113 = EDGE_CURVE('',#2114,#2085,#2116,.T.);
#2114 = VERTEX_POINT('',#2115);
#2115 = CARTESIAN_POINT('',(3.,-3.,91.445751311065));
#2116 = SURFACE_CURVE('',#2117,(#2165,#2216),.PCURVE_S1.);
#2117 = B_SPLINE_CURVE_WITH_KNOTS('',6,(#2118,#2119,#2120,#2121,#2122,
    #2123,#2124,#2125,#2126,#2127,#2128,#2129,#2130,#2131,#2132,#2133,
    #2134,#2135,#2136,#2137,#2138,#2139,#2140,#2141,#2142,#2143,#2144,
    #2145,#2146,#2147,#2148,#2149,#2150,#2151,#2152,#2153,#2154,#2155,
    #2156,#2157,#2158,#2159,#2160,#2161,#2162,#2163,#2164),
  .UNSPECIFIED.,.F.,.F.,(7,5,5,5,5,5,5,5,5,7),(0.,0.112527057671,
    0.225311870388,0.338120270754,0.450567984965,0.608193190935,
    0.765727787012,0.899467046896,0.992668158283,1.),.UNSPECIFIED.);
#2118 = CARTESIAN_POINT('',(3.,-3.,48.));
#2119 = CARTESIAN_POINT('',(3.,-3.,50.259245159691));
#2120 = CARTESIAN_POINT('',(3.,-3.,52.518450163164));
#2121 = CARTESIAN_POINT('',(3.,-3.,54.777611294536));
#2122 = CARTESIAN_POINT('',(3.,-3.,57.036724058691));
#2123 = CARTESIAN_POINT('',(3.,-3.,59.295783181275));
#2124 = CARTESIAN_POINT('',(3.,-3.,63.818956511614));
#2125 = CARTESIAN_POINT('',(3.,-3.,66.083070255276));
#2126 = CARTESIAN_POINT('',(3.,-3.,68.347117844115));
#2127 = CARTESIAN_POINT('',(3.,-3.,70.611091874739));
#2128 = CARTESIAN_POINT('',(3.,-3.,72.874983535942));
#2129 = CARTESIAN_POINT('',(3.,-3.,77.403055129053));
#2130 = CARTESIAN_POINT('',(3.,-3.,79.667234712381));
#2131 = CARTESIAN_POINT('',(3.,-3.,81.931311187234));
#2132 = CARTESIAN_POINT('',(3.,-3.,84.195271973228));
#2133 = CARTESIAN_POINT('',(3.,-3.,86.459101830422));
#2134 = CARTESIAN_POINT('',(3.,-3.,90.979225643014));
#2135 = CARTESIAN_POINT('',(3.,-3.,93.235519968703));
#2136 = CARTESIAN_POINT('',(3.,-3.,95.491647913371));
#2137 = CARTESIAN_POINT('',(3.,-3.,97.747587080044));
#2138 = CARTESIAN_POINT('',(3.,-3.,100.00330980385));
#2139 = CARTESIAN_POINT('',(3.,-3.,105.42042415846));
#2140 = CARTESIAN_POINT('',(3.,-3.,108.58156786629));
#2141 = CARTESIAN_POINT('',(3.,-3.,111.74213060961));
#2142 = CARTESIAN_POINT('',(3.,-3.,114.90198361569));
#2143 = CARTESIAN_POINT('',(3.,-3.,118.06094812185));
#2144 = CARTESIAN_POINT('',(3.,-3.,124.37480183355));
#2145 = CARTESIAN_POINT('',(3.,-3.,127.52966061576));
#2146 = CARTESIAN_POINT('',(3.,-3.,130.6831495903));
#2147 = CARTESIAN_POINT('',(3.,-3.,133.83489995729));
#2148 = CARTESIAN_POINT('',(3.,-3.,136.98436852746));
#2149 = CARTESIAN_POINT('',(3.,-3.,142.80193612664));
#2150 = CARTESIAN_POINT('',(3.,-3.,145.47081276113));
#2151 = CARTESIAN_POINT('',(3.,-3.,148.13699806315));
#2152 = CARTESIAN_POINT('',(3.,-3.,150.79974683388));
#2153 = CARTESIAN_POINT('',(3.,-3.,153.45795270619));
#2154 = CARTESIAN_POINT('',(3.,-3.,157.95825149403));
#2155 = CARTESIAN_POINT('',(3.,-3.,159.80342357543));
#2156 = CARTESIAN_POINT('',(3.,-3.,161.64504609963));
#2157 = CARTESIAN_POINT('',(3.,-3.,163.48233270721));
#2158 = CARTESIAN_POINT('',(3.,-3.,165.31420281582));
#2159 = CARTESIAN_POINT('',(3.,-3.,167.28280513037));
#2160 = CARTESIAN_POINT('',(3.,-3.,167.4263322204));
#2161 = CARTESIAN_POINT('',(3.,-3.,167.56981601792));
#2162 = CARTESIAN_POINT('',(3.,-3.,167.71325576733));
#2163 = CARTESIAN_POINT('',(3.,-3.,167.85665069315));
#2164 = CARTESIAN_POINT('',(3.,-3.,168.));
#2165 = PCURVE('',#400,#2166);
#2166 = DEFINITIONAL_REPRESENTATION('',(#2167),#2215);
#2167 = B_SPLINE_CURVE_WITH_KNOTS('',6,(#2168,#2169,#2170,#2171,#2172,
    #2173,#2174,#2175,#2176,#2177,#2178,#2179,#2180,#2181,#2182,#2183,
    #2184,#2185,#2186,#2187,#2188,#2189,#2190,#2191,#2192,#2193,#2194,
    #2195,#2196,#2197,#2198,#2199,#2200,#2201,#2202,#2203,#2204,#2205,
    #2206,#2207,#2208,#2209,#2210,#2211,#2212,#2213,#2214),
  .UNSPECIFIED.,.F.,.F.,(7,5,5,5,5,5,5,5,5,7),(0.,0.112527057671,
    0.225311870388,0.338120270754,0.450567984965,0.608193190935,
    0.765727787012,0.899467046896,0.992668158283,1.),.UNSPECIFIED.);
#2168 = CARTESIAN_POINT('',(26.000000000032,1.56521723619E-11));
#2169 = CARTESIAN_POINT('',(26.038407031665,1.882704298308E-02));
#2170 = CARTESIAN_POINT('',(26.077993952715,3.765375135552E-02));
#2171 = CARTESIAN_POINT('',(26.118827581149,5.648009412896E-02));
#2172 = CARTESIAN_POINT('',(26.160983172519,7.530603382764E-02));
#2173 = CARTESIAN_POINT('',(26.20454441996,9.41315265041E-02));
#2174 = CARTESIAN_POINT('',(26.294765619923,0.131824637597));
#2175 = CARTESIAN_POINT('',(26.341433766804,0.150692252127));
#2176 = CARTESIAN_POINT('',(26.389700139268,0.169559315368));
#2177 = CARTESIAN_POINT('',(26.439669867137,0.188425765623));
#2178 = CARTESIAN_POINT('',(26.491460965618,0.207291529466));
#2179 = CARTESIAN_POINT('',(26.598959198201,0.245025459409));
#2180 = CARTESIAN_POINT('',(26.65466795053,0.263893622603));
#2181 = CARTESIAN_POINT('',(26.712463743581,0.28276092656));
#2182 = CARTESIAN_POINT('',(26.772495191876,0.301627266444));
#2183 = CARTESIAN_POINT('',(26.834931159203,0.320492515254));
#2184 = CARTESIAN_POINT('',(26.9647920333,0.358160213692));
#2185 = CARTESIAN_POINT('',(27.032200275884,0.376962666406));
#2186 = CARTESIAN_POINT('',(27.102382997829,0.395763732611));
#2187 = CARTESIAN_POINT('',(27.175557176986,0.414563225667));
#2188 = CARTESIAN_POINT('',(27.251972529778,0.433360915032));
#2189 = CARTESIAN_POINT('',(27.44398752533,0.478503534654));
#2190 = CARTESIAN_POINT('',(27.562995694146,0.504846398886));
#2191 = CARTESIAN_POINT('',(27.689746634396,0.531184421747));
#2192 = CARTESIAN_POINT('',(27.825209155663,0.557516530131));
#2193 = CARTESIAN_POINT('',(27.970570067692,0.583841234349));
#2194 = CARTESIAN_POINT('',(28.284109819195,0.636456681946));
#2195 = CARTESIAN_POINT('',(28.452274844162,0.662747171798));
#2196 = CARTESIAN_POINT('',(28.63343211227,0.689026246586));
#2197 = CARTESIAN_POINT('',(28.829513252276,0.715290832977));
#2198 = CARTESIAN_POINT('',(29.042951207195,0.741536404396));
#2199 = CARTESIAN_POINT('',(29.475932961586,0.790016134389));
#2200 = CARTESIAN_POINT('',(29.689680594726,0.81225677301));
#2201 = CARTESIAN_POINT('',(29.920441807007,0.834474983859));
#2202 = CARTESIAN_POINT('',(30.170788298451,0.856664556949));
#2203 = CARTESIAN_POINT('',(30.443956287136,0.878816272552));
#2204 = CARTESIAN_POINT('',(30.953784420857,0.91631876245));
#2205 = CARTESIAN_POINT('',(31.176405660361,0.931695196462));
#2206 = CARTESIAN_POINT('',(31.413779576181,0.947042050831));
#2207 = CARTESIAN_POINT('',(31.667693031073,0.96235277256));
#2208 = CARTESIAN_POINT('',(31.940290816827,0.977618356799));
#2209 = CARTESIAN_POINT('',(32.257369598714,0.994023376088));
#2210 = CARTESIAN_POINT('',(32.280626197474,0.995219435169));
#2211 = CARTESIAN_POINT('',(32.30401621515,0.99641513348));
#2212 = CARTESIAN_POINT('',(32.327540963968,0.997610464729));
#2213 = CARTESIAN_POINT('',(32.351201775351,0.998805422447));
#2214 = CARTESIAN_POINT('',(32.374999999912,0.999999999996));
#2215 = ( GEOMETRIC_REPRESENTATION_CONTEXT(2) 
PARAMETRIC_REPRESENTATION_CONTEXT() REPRESENTATION_CONTEXT('2D SPACE',''
  ) );
#2216 = PCURVE('',#459,#2217);
#2217 = DEFINITIONAL_REPRESENTATION('',(#2218),#2266);
#2218 = B_SPLINE_CURVE_WITH_KNOTS('',6,(#2219,#2220,#2221,#2222,#2223,
    #2224,#2225,#2226,#2227,#2228,#2229,#2230,#2231,#2232,#2233,#2234,
    #2235,#2236,#2237,#2238,#2239,#2240,#2241,#2242,#2243,#2244,#2245,
    #2246,#2247,#2248,#2249,#2250,#2251,#2252,#2253,#2254,#2255,#2256,
    #2257,#2258,#2259,#2260,#2261,#2262,#2263,#2264,#2265),
  .UNSPECIFIED.,.F.,.F.,(7,5,5,5,5,5,5,5,5,7),(0.,0.112527057671,
    0.225311870388,0.338120270754,0.450567984965,0.608193190935,
    0.765727787012,0.899467046896,0.992668158283,1.),.UNSPECIFIED.);
#2219 = CARTESIAN_POINT('',(38.,0.));
#2220 = CARTESIAN_POINT('',(37.961592968305,1.882704299743E-02));
#2221 = CARTESIAN_POINT('',(37.922006047277,3.76537513597E-02));
#2222 = CARTESIAN_POINT('',(37.881172418867,5.648009412113E-02));
#2223 = CARTESIAN_POINT('',(37.839016827491,7.530603382242E-02));
#2224 = CARTESIAN_POINT('',(37.795455580027,9.413152651062E-02));
#2225 = CARTESIAN_POINT('',(37.705234380077,0.131824637597));
#2226 = CARTESIAN_POINT('',(37.658566233196,0.150692252127));
#2227 = CARTESIAN_POINT('',(37.610299860732,0.169559315368));
#2228 = CARTESIAN_POINT('',(37.560330132863,0.188425765623));
#2229 = CARTESIAN_POINT('',(37.508539034382,0.207291529466));
#2230 = CARTESIAN_POINT('',(37.401040801799,0.245025459409));
#2231 = CARTESIAN_POINT('',(37.345332049469,0.263893622603));
#2232 = CARTESIAN_POINT('',(37.287536256419,0.28276092656));
#2233 = CARTESIAN_POINT('',(37.227504808124,0.301627266444));
#2234 = CARTESIAN_POINT('',(37.165068840797,0.320492515254));
#2235 = CARTESIAN_POINT('',(37.0352079667,0.358160213692));
#2236 = CARTESIAN_POINT('',(36.967799724116,0.376962666406));
#2237 = CARTESIAN_POINT('',(36.897617002171,0.395763732611));
#2238 = CARTESIAN_POINT('',(36.824442823014,0.414563225667));
#2239 = CARTESIAN_POINT('',(36.748027470222,0.433360915032));
#2240 = CARTESIAN_POINT('',(36.55601247467,0.478503534654));
#2241 = CARTESIAN_POINT('',(36.437004305854,0.504846398886));
#2242 = CARTESIAN_POINT('',(36.310253365603,0.531184421746));
#2243 = CARTESIAN_POINT('',(36.174790844338,0.557516530131));
#2244 = CARTESIAN_POINT('',(36.029429932308,0.583841234349));
#2245 = CARTESIAN_POINT('',(35.715890180805,0.636456681946));
#2246 = CARTESIAN_POINT('',(35.547725155839,0.662747171798));
#2247 = CARTESIAN_POINT('',(35.366567887729,0.689026246586));
#2248 = CARTESIAN_POINT('',(35.170486747725,0.715290832977));
#2249 = CARTESIAN_POINT('',(34.957048792805,0.741536404396));
#2250 = CARTESIAN_POINT('',(34.524067038414,0.790016134389));
#2251 = CARTESIAN_POINT('',(34.310319405274,0.812256773009));
#2252 = CARTESIAN_POINT('',(34.079558192993,0.83447498386));
#2253 = CARTESIAN_POINT('',(33.829211701548,0.856664556949));
#2254 = CARTESIAN_POINT('',(33.556043712864,0.878816272552));
#2255 = CARTESIAN_POINT('',(33.046215579143,0.91631876245));
#2256 = CARTESIAN_POINT('',(32.823594339639,0.931695196462));
#2257 = CARTESIAN_POINT('',(32.586220423819,0.94704205083));
#2258 = CARTESIAN_POINT('',(32.332306968928,0.96235277256));
#2259 = CARTESIAN_POINT('',(32.059709183173,0.977618356799));
#2260 = CARTESIAN_POINT('',(31.742630401323,0.994023376086));
#2261 = CARTESIAN_POINT('',(31.719373802497,0.99521943517));
#2262 = CARTESIAN_POINT('',(31.695983784806,0.996415133483));
#2263 = CARTESIAN_POINT('',(31.672459036055,0.997610464728));
#2264 = CARTESIAN_POINT('',(31.64879822473,0.998805422443));
#2265 = CARTESIAN_POINT('',(31.625,1.));
#2266 = ( GEOMETRIC_REPRESENTATION_CONTEXT(2) 
PARAMETRIC_REPRESENTATION_CONTEXT() REPRESENTATION_CONTEXT('2D SPACE',''
  ) );
#2267 = ORIENTED_EDGE('',*,*,#2268,.F.);
#2268 = EDGE_CURVE('',#2269,#2114,#2271,.T.);
#2269 = VERTEX_POINT('',#2270);
#2270 = CARTESIAN_POINT('',(6.,-3.,91.445751311065));
#2271 = SURFACE_CURVE('',#2272,(#2278,#2287),.PCURVE_S1.);
#2272 = B_SPLINE_CURVE_WITH_KNOTS('',4,(#2273,#2274,#2275,#2276,#2277),
  .UNSPECIFIED.,.F.,.F.,(5,5),(0.,1.),.PIECEWISE_BEZIER_KNOTS.);
#2273 = CARTESIAN_POINT('',(6.0000006,-3.,91.445751311065));
#2274 = CARTESIAN_POINT('',(5.065355893857,-3.,91.445751311065));
#2275 = CARTESIAN_POINT('',(4.130711187714,-3.,91.445751311065));
#2276 = CARTESIAN_POINT('',(3.196066481571,-3.,91.445751311065));
#2277 = CARTESIAN_POINT('',(2.261421775427,-3.,91.445751311065));
#2278 = PCURVE('',#400,#2279);
#2279 = DEFINITIONAL_REPRESENTATION('',(#2280),#2286);
#2280 = B_SPLINE_CURVE_WITH_KNOTS('',4,(#2281,#2282,#2283,#2284,#2285),
  .UNSPECIFIED.,.F.,.F.,(5,5),(0.,1.),.PIECEWISE_BEZIER_KNOTS.);
#2281 = CARTESIAN_POINT('',(30.95959355994,0.362047927592));
#2282 = CARTESIAN_POINT('',(29.719695019955,0.362047927592));
#2283 = CARTESIAN_POINT('',(28.47979647997,0.362047927592));
#2284 = CARTESIAN_POINT('',(27.239897939985,0.362047927592));
#2285 = CARTESIAN_POINT('',(25.9999994,0.362047927592));
#2286 = ( GEOMETRIC_REPRESENTATION_CONTEXT(2) 
PARAMETRIC_REPRESENTATION_CONTEXT() REPRESENTATION_CONTEXT('2D SPACE',''
  ) );
#2287 = PCURVE('',#1178,#2288);
#2288 = DEFINITIONAL_REPRESENTATION('',(#2289),#2295);
#2289 = B_SPLINE_CURVE_WITH_KNOTS('',4,(#2290,#2291,#2292,#2293,#2294),
  .UNSPECIFIED.,.F.,.F.,(5,5),(0.,1.),.PIECEWISE_BEZIER_KNOTS.);
#2290 = CARTESIAN_POINT('',(-2.418858405776,-12.0000006));
#2291 = CARTESIAN_POINT('',(-2.418858405776,-11.06535589385));
#2292 = CARTESIAN_POINT('',(-2.418858405776,-10.13071118771));
#2293 = CARTESIAN_POINT('',(-2.418858405776,-9.196066481571));
#2294 = CARTESIAN_POINT('',(-2.418858405776,-8.261421775427));
#2295 = ( GEOMETRIC_REPRESENTATION_CONTEXT(2) 
PARAMETRIC_REPRESENTATION_CONTEXT() REPRESENTATION_CONTEXT('2D SPACE',''
  ) );
#2296 = ORIENTED_EDGE('',*,*,#2297,.F.);
#2297 = EDGE_CURVE('',#2298,#2269,#2300,.T.);
#2298 = VERTEX_POINT('',#2299);
#2299 = CARTESIAN_POINT('',(6.,-3.,86.154248688935));
#2300 = SURFACE_CURVE('',#2301,(#2307,#2316),.PCURVE_S1.);
#2301 = B_SPLINE_CURVE_WITH_KNOTS('',4,(#2302,#2303,#2304,#2305,#2306),
  .UNSPECIFIED.,.F.,.F.,(5,5),(0.,1.),.PIECEWISE_BEZIER_KNOTS.);
#2302 = CARTESIAN_POINT('',(6.,-3.,84.8));
#2303 = CARTESIAN_POINT('',(6.,-3.,86.800371550785));
#2304 = CARTESIAN_POINT('',(6.,-3.,88.800518582415));
#2305 = CARTESIAN_POINT('',(6.,-3.,90.800409676848));
#2306 = CARTESIAN_POINT('',(6.,-3.,92.8));
#2307 = PCURVE('',#400,#2308);
#2308 = DEFINITIONAL_REPRESENTATION('',(#2309),#2315);
#2309 = B_SPLINE_CURVE_WITH_KNOTS('',4,(#2310,#2311,#2312,#2313,#2314),
  .UNSPECIFIED.,.F.,.F.,(5,5),(0.,1.),.PIECEWISE_BEZIER_KNOTS.);
#2310 = CARTESIAN_POINT('',(30.580862533693,0.306666666667));
#2311 = CARTESIAN_POINT('',(30.689436156346,0.32333642959));
#2312 = CARTESIAN_POINT('',(30.80214468787,0.34000432152));
#2313 = CARTESIAN_POINT('',(30.919338110488,0.35667008064));
#2314 = CARTESIAN_POINT('',(31.041458184417,0.373333333333));
#2315 = ( GEOMETRIC_REPRESENTATION_CONTEXT(2) 
PARAMETRIC_REPRESENTATION_CONTEXT() REPRESENTATION_CONTEXT('2D SPACE',''
  ) );
#2316 = PCURVE('',#1212,#2317);
#2317 = DEFINITIONAL_REPRESENTATION('',(#2318),#2324);
#2318 = B_SPLINE_CURVE_WITH_KNOTS('',4,(#2319,#2320,#2321,#2322,#2323),
  .UNSPECIFIED.,.F.,.F.,(5,5),(0.,1.),.PIECEWISE_BEZIER_KNOTS.);
#2319 = CARTESIAN_POINT('',(-4.,3.));
#2320 = CARTESIAN_POINT('',(-1.999628449215,3.));
#2321 = CARTESIAN_POINT('',(5.185824152605E-04,3.));
#2322 = CARTESIAN_POINT('',(2.000409676848,3.));
#2323 = CARTESIAN_POINT('',(4.,3.));
#2324 = ( GEOMETRIC_REPRESENTATION_CONTEXT(2) 
PARAMETRIC_REPRESENTATION_CONTEXT() REPRESENTATION_CONTEXT('2D SPACE',''
  ) );
#2325 = ORIENTED_EDGE('',*,*,#2326,.T.);
#2326 = EDGE_CURVE('',#2298,#1689,#2327,.T.);
#2327 = SURFACE_CURVE('',#2328,(#2334,#2343),.PCURVE_S1.);
#2328 = B_SPLINE_CURVE_WITH_KNOTS('',4,(#2329,#2330,#2331,#2332,#2333),
  .UNSPECIFIED.,.F.,.F.,(5,5),(0.,1.),.PIECEWISE_BEZIER_KNOTS.);
#2329 = CARTESIAN_POINT('',(6.0000006,-3.,86.154248688935));
#2330 = CARTESIAN_POINT('',(5.087844775503,-3.,86.154248688935));
#2331 = CARTESIAN_POINT('',(4.175688951006,-3.,86.154248688935));
#2332 = CARTESIAN_POINT('',(3.263533126509,-3.,86.154248688935));
#2333 = CARTESIAN_POINT('',(2.351377302013,-3.,86.154248688935));
#2334 = PCURVE('',#400,#2335);
#2335 = DEFINITIONAL_REPRESENTATION('',(#2336),#2342);
#2336 = B_SPLINE_CURVE_WITH_KNOTS('',4,(#2337,#2338,#2339,#2340,#2341),
  .UNSPECIFIED.,.F.,.F.,(5,5),(0.,1.),.PIECEWISE_BEZIER_KNOTS.);
#2337 = CARTESIAN_POINT('',(30.655087162997,0.317952072408));
#2338 = CARTESIAN_POINT('',(29.491315222248,0.317952072408));
#2339 = CARTESIAN_POINT('',(28.327543281499,0.317952072408));
#2340 = CARTESIAN_POINT('',(27.163771340749,0.317952072408));
#2341 = CARTESIAN_POINT('',(25.9999994,0.317952072408));
#2342 = ( GEOMETRIC_REPRESENTATION_CONTEXT(2) 
PARAMETRIC_REPRESENTATION_CONTEXT() REPRESENTATION_CONTEXT('2D SPACE',''
  ) );
#2343 = PCURVE('',#1178,#2344);
#2344 = DEFINITIONAL_REPRESENTATION('',(#2345),#2351);
#2345 = B_SPLINE_CURVE_WITH_KNOTS('',4,(#2346,#2347,#2348,#2349,#2350),
  .UNSPECIFIED.,.F.,.F.,(5,5),(0.,1.),.PIECEWISE_BEZIER_KNOTS.);
#2346 = CARTESIAN_POINT('',(-3.864326901403,-12.0000006));
#2347 = CARTESIAN_POINT('',(-3.864326901403,-11.0878447755));
#2348 = CARTESIAN_POINT('',(-3.864326901403,-10.175688951));
#2349 = CARTESIAN_POINT('',(-3.864326901403,-9.263533126509));
#2350 = CARTESIAN_POINT('',(-3.864326901403,-8.351377302013));
#2351 = ( GEOMETRIC_REPRESENTATION_CONTEXT(2) 
PARAMETRIC_REPRESENTATION_CONTEXT() REPRESENTATION_CONTEXT('2D SPACE',''
  ) );
#2352 = ADVANCED_FACE('',(#2353),#459,.T.);
#2353 = FACE_BOUND('',#2354,.T.);
#2354 = EDGE_LOOP('',(#2355,#2376,#2377,#2378,#2379,#2481,#2482,#2626,
    #2627));
#2355 = ORIENTED_EDGE('',*,*,#2356,.F.);
#2356 = EDGE_CURVE('',#499,#2357,#2359,.T.);
#2357 = VERTEX_POINT('',#2358);
#2358 = CARTESIAN_POINT('',(3.,-13.12,168.));
#2359 = SURFACE_CURVE('',#2360,(#2363,#2370),.PCURVE_S1.);
#2360 = B_SPLINE_CURVE_WITH_KNOTS('',1,(#2361,#2362),.UNSPECIFIED.,.F.,
  .F.,(2,2),(0.,1.),.PIECEWISE_BEZIER_KNOTS.);
#2361 = CARTESIAN_POINT('',(3.,-41.,48.));
#2362 = CARTESIAN_POINT('',(3.,-13.12,168.));
#2363 = PCURVE('',#459,#2364);
#2364 = DEFINITIONAL_REPRESENTATION('',(#2365),#2369);
#2365 = LINE('',#2366,#2367);
#2366 = CARTESIAN_POINT('',(0.,0.));
#2367 = VECTOR('',#2368,1.);
#2368 = DIRECTION('',(0.,1.));
#2369 = ( GEOMETRIC_REPRESENTATION_CONTEXT(2) 
PARAMETRIC_REPRESENTATION_CONTEXT() REPRESENTATION_CONTEXT('2D SPACE',''
  ) );
#2370 = PCURVE('',#514,#2371);
#2371 = DEFINITIONAL_REPRESENTATION('',(#2372),#2375);
#2372 = B_SPLINE_CURVE_WITH_KNOTS('',1,(#2373,#2374),.UNSPECIFIED.,.F.,
  .F.,(2,2),(0.,1.),.PIECEWISE_BEZIER_KNOTS.);
#2373 = CARTESIAN_POINT('',(6.,-123.1961622778));
#2374 = CARTESIAN_POINT('',(6.,0.));
#2375 = ( GEOMETRIC_REPRESENTATION_CONTEXT(2) 
PARAMETRIC_REPRESENTATION_CONTEXT() REPRESENTATION_CONTEXT('2D SPACE',''
  ) );
#2376 = ORIENTED_EDGE('',*,*,#553,.T.);
#2377 = ORIENTED_EDGE('',*,*,#443,.T.);
#2378 = ORIENTED_EDGE('',*,*,#1688,.T.);
#2379 = ORIENTED_EDGE('',*,*,#2380,.T.);
#2380 = EDGE_CURVE('',#1689,#2114,#2381,.T.);
#2381 = SURFACE_CURVE('',#2382,(#2413,#2447),.PCURVE_S1.);
#2382 = B_SPLINE_CURVE_WITH_KNOTS('',8,(#2383,#2384,#2385,#2386,#2387,
    #2388,#2389,#2390,#2391,#2392,#2393,#2394,#2395,#2396,#2397,#2398,
    #2399,#2400,#2401,#2402,#2403,#2404,#2405,#2406,#2407,#2408,#2409,
    #2410,#2411,#2412),.UNSPECIFIED.,.F.,.F.,(9,7,7,7,9),(0.,
    0.299095811538,0.509617863331,0.719651089263,1.),.UNSPECIFIED.);
#2383 = CARTESIAN_POINT('',(3.,-2.361286954468,85.571327839705));
#2384 = CARTESIAN_POINT('',(3.,-2.552686893588,85.71130804113));
#2385 = CARTESIAN_POINT('',(3.,-2.738665896089,85.867227182566));
#2386 = CARTESIAN_POINT('',(3.,-2.918648627687,86.040140869896));
#2387 = CARTESIAN_POINT('',(3.,-3.091376922482,86.231182521618));
#2388 = CARTESIAN_POINT('',(3.,-3.254994962196,86.441387392357));
#2389 = CARTESIAN_POINT('',(3.,-3.407044843231,86.671667748546));
#2390 = CARTESIAN_POINT('',(3.,-3.544567754039,86.922644348382));
#2391 = CARTESIAN_POINT('',(3.,-3.747864737045,87.386735187608));
#2392 = CARTESIAN_POINT('',(3.,-3.822831301223,87.589065368567));
#2393 = CARTESIAN_POINT('',(3.,-3.88720632042,87.801591591579));
#2394 = CARTESIAN_POINT('',(3.,-3.939267535246,88.02340992278));
#2395 = CARTESIAN_POINT('',(3.,-3.97734718709,88.25304945851));
#2396 = CARTESIAN_POINT('',(3.,-4.000009192717,88.488393706235));
#2397 = CARTESIAN_POINT('',(3.,-4.006360058288,88.726556765326));
#2398 = CARTESIAN_POINT('',(3.,-3.986963084441,89.20022364952));
#2399 = CARTESIAN_POINT('',(3.,-3.961280225803,89.435964384142));
#2400 = CARTESIAN_POINT('',(3.,-3.919801397798,89.667010397154));
#2401 = CARTESIAN_POINT('',(3.,-3.863782968071,89.890621052022));
#2402 = CARTESIAN_POINT('',(3.,-3.794928186638,90.104894753974));
#2403 = CARTESIAN_POINT('',(3.,-3.715082967409,90.308603247144));
#2404 = CARTESIAN_POINT('',(3.,-3.626072940687,90.501088737721));
#2405 = CARTESIAN_POINT('',(3.,-3.400636776203,90.923838713518));
#2406 = CARTESIAN_POINT('',(3.,-3.258237174928,91.145322726918));
#2407 = CARTESIAN_POINT('',(3.,-3.105337302207,91.347604943791));
#2408 = CARTESIAN_POINT('',(3.,-2.944343849442,91.531629486502));
#2409 = CARTESIAN_POINT('',(3.,-2.777168795987,91.698456690806));
#2410 = CARTESIAN_POINT('',(3.,-2.605236124935,91.849234263025));
#2411 = CARTESIAN_POINT('',(3.,-2.429447876804,91.985090044658));
#2412 = CARTESIAN_POINT('',(3.,-2.250179409726,92.107067072807));
#2413 = PCURVE('',#459,#2414);
#2414 = DEFINITIONAL_REPRESENTATION('',(#2415),#2446);
#2415 = B_SPLINE_CURVE_WITH_KNOTS('',8,(#2416,#2417,#2418,#2419,#2420,
    #2421,#2422,#2423,#2424,#2425,#2426,#2427,#2428,#2429,#2430,#2431,
    #2432,#2433,#2434,#2435,#2436,#2437,#2438,#2439,#2440,#2441,#2442,
    #2443,#2444,#2445),.UNSPECIFIED.,.F.,.F.,(9,7,7,7,9),(0.,
    0.299095811538,0.509617863331,0.719651089263,1.),.UNSPECIFIED.);
#2416 = CARTESIAN_POINT('',(38.0000006,0.313094398664));
#2417 = CARTESIAN_POINT('',(37.753804901998,0.314260900343));
#2418 = CARTESIAN_POINT('',(37.513585102947,0.315560226521));
#2419 = CARTESIAN_POINT('',(37.279960427149,0.317001173916));
#2420 = CARTESIAN_POINT('',(37.054415728139,0.31859318768));
#2421 = CARTESIAN_POINT('',(36.839207457355,0.320344894936));
#2422 = CARTESIAN_POINT('',(36.637391720505,0.322263897905));
#2423 = CARTESIAN_POINT('',(36.452730038836,0.32435536957));
#2424 = CARTESIAN_POINT('',(36.175464349377,0.32822279323));
#2425 = CARTESIAN_POINT('',(36.071785618205,0.329908878071));
#2426 = CARTESIAN_POINT('',(35.981032204602,0.33167992993));
#2427 = CARTESIAN_POINT('',(35.905504861155,0.333528416023));
#2428 = CARTESIAN_POINT('',(35.847493614819,0.335442078821));
#2429 = CARTESIAN_POINT('',(35.809059710597,0.337403280885));
#2430 = CARTESIAN_POINT('',(35.791626951709,0.339387973044));
#2431 = CARTESIAN_POINT('',(35.798694023975,0.343335197079));
#2432 = CARTESIAN_POINT('',(35.823100039346,0.345299703201));
#2433 = CARTESIAN_POINT('',(35.868417303705,0.347225086643));
#2434 = CARTESIAN_POINT('',(35.933258771088,0.349088508767));
#2435 = CARTESIAN_POINT('',(36.015580480765,0.35087412295));
#2436 = CARTESIAN_POINT('',(36.113077560202,0.352571693726));
#2437 = CARTESIAN_POINT('',(36.223411695709,0.354175739481));
#2438 = CARTESIAN_POINT('',(36.506057411165,0.357698655946));
#2439 = CARTESIAN_POINT('',(36.686846441985,0.359544356058));
#2440 = CARTESIAN_POINT('',(36.882862106136,0.361230041198));
#2441 = CARTESIAN_POINT('',(37.090867721201,0.362763579054));
#2442 = CARTESIAN_POINT('',(37.308237153196,0.364153805757));
#2443 = CARTESIAN_POINT('',(37.532970836209,0.365410285525));
#2444 = CARTESIAN_POINT('',(37.763759673864,0.366542417039));
#2445 = CARTESIAN_POINT('',(38.0000006,0.367558892273));
#2446 = ( GEOMETRIC_REPRESENTATION_CONTEXT(2) 
PARAMETRIC_REPRESENTATION_CONTEXT() REPRESENTATION_CONTEXT('2D SPACE',''
  ) );
#2447 = PCURVE('',#1178,#2448);
#2448 = DEFINITIONAL_REPRESENTATION('',(#2449),#2480);
#2449 = B_SPLINE_CURVE_WITH_KNOTS('',8,(#2450,#2451,#2452,#2453,#2454,
    #2455,#2456,#2457,#2458,#2459,#2460,#2461,#2462,#2463,#2464,#2465,
    #2466,#2467,#2468,#2469,#2470,#2471,#2472,#2473,#2474,#2475,#2476,
    #2477,#2478,#2479),.UNSPECIFIED.,.F.,.F.,(9,7,7,7,9),(0.,
    0.299095811538,0.509617863331,0.719651089263,1.),.UNSPECIFIED.);
#2450 = CARTESIAN_POINT('',(-4.0809315959,-9.));
#2451 = CARTESIAN_POINT('',(-4.021650278498,-9.));
#2452 = CARTESIAN_POINT('',(-3.961110525404,-9.));
#2453 = CARTESIAN_POINT('',(-3.898955669965,-9.));
#2454 = CARTESIAN_POINT('',(-3.834896477631,-9.));
#2455 = CARTESIAN_POINT('',(-3.768686529937,-9.));
#2456 = CARTESIAN_POINT('',(-3.700075964598,-9.));
#2457 = CARTESIAN_POINT('',(-3.628809012289,-9.));
#2458 = CARTESIAN_POINT('',(-3.50214262706,-9.));
#2459 = CARTESIAN_POINT('',(-3.448290384245,-9.));
#2460 = CARTESIAN_POINT('',(-3.392948087544,-9.));
#2461 = CARTESIAN_POINT('',(-3.336221670983,-9.));
#2462 = CARTESIAN_POINT('',(-3.278291156907,-9.));
#2463 = CARTESIAN_POINT('',(-3.219417558262,-9.));
#2464 = CARTESIAN_POINT('',(-3.159991718782,-9.));
#2465 = CARTESIAN_POINT('',(-3.041475749453,-9.));
#2466 = CARTESIAN_POINT('',(-2.982327302317,-9.));
#2467 = CARTESIAN_POINT('',(-2.923873460787,-9.));
#2468 = CARTESIAN_POINT('',(-2.866499364702,-9.));
#2469 = CARTESIAN_POINT('',(-2.81045884605,-9.));
#2470 = CARTESIAN_POINT('',(-2.755924096393,-9.));
#2471 = CARTESIAN_POINT('',(-2.702991981236,-9.));
#2472 = CARTESIAN_POINT('',(-2.583216408211,-9.));
#2473 = CARTESIAN_POINT('',(-2.517606923331,-9.));
#2474 = CARTESIAN_POINT('',(-2.454509509141,-9.));
#2475 = CARTESIAN_POINT('',(-2.393679160676,-9.));
#2476 = CARTESIAN_POINT('',(-2.334889912618,-9.));
#2477 = CARTESIAN_POINT('',(-2.277904741986,-9.));
#2478 = CARTESIAN_POINT('',(-2.22246468296,-9.));
#2479 = CARTESIAN_POINT('',(-2.168256992844,-9.));
#2480 = ( GEOMETRIC_REPRESENTATION_CONTEXT(2) 
PARAMETRIC_REPRESENTATION_CONTEXT() REPRESENTATION_CONTEXT('2D SPACE',''
  ) );
#2481 = ORIENTED_EDGE('',*,*,#2113,.T.);
#2482 = ORIENTED_EDGE('',*,*,#2483,.T.);
#2483 = EDGE_CURVE('',#2085,#1869,#2484,.T.);
#2484 = SURFACE_CURVE('',#2485,(#2530,#2578),.PCURVE_S1.);
#2485 = B_SPLINE_CURVE_WITH_KNOTS('',8,(#2486,#2487,#2488,#2489,#2490,
    #2491,#2492,#2493,#2494,#2495,#2496,#2497,#2498,#2499,#2500,#2501,
    #2502,#2503,#2504,#2505,#2506,#2507,#2508,#2509,#2510,#2511,#2512,
    #2513,#2514,#2515,#2516,#2517,#2518,#2519,#2520,#2521,#2522,#2523,
    #2524,#2525,#2526,#2527,#2528,#2529),.UNSPECIFIED.,.F.,.F.,(9,7,7,7,
    7,7,9),(0.,0.159747418148,0.350436799672,0.508189603287,
    0.652405715179,0.740009840515,1.),.UNSPECIFIED.);
#2486 = CARTESIAN_POINT('',(3.,-1.836409700013,116.44646662971));
#2487 = CARTESIAN_POINT('',(3.,-1.958096073181,116.50935221788));
#2488 = CARTESIAN_POINT('',(3.,-2.078776556575,116.57775242736));
#2489 = CARTESIAN_POINT('',(3.,-2.19833437377,116.65185806668));
#2490 = CARTESIAN_POINT('',(3.,-2.316618985999,116.73189167952));
#2491 = CARTESIAN_POINT('',(3.,-2.433446865641,116.81810463992));
#2492 = CARTESIAN_POINT('',(3.,-2.548599515956,116.91078543486));
#2493 = CARTESIAN_POINT('',(3.,-2.661818737044,117.01027913408));
#2494 = CARTESIAN_POINT('',(3.,-2.90527567053,117.24443154515));
#2495 = CARTESIAN_POINT('',(3.,-3.034348937976,117.38196473718));
#2496 = CARTESIAN_POINT('',(3.,-3.159731002089,117.53050164361));
#2497 = CARTESIAN_POINT('',(3.,-3.28077283008,117.69097753479));
#2498 = CARTESIAN_POINT('',(3.,-3.396494160527,117.86431669089));
#2499 = CARTESIAN_POINT('',(3.,-3.505550461278,118.05149100983));
#2500 = CARTESIAN_POINT('',(3.,-3.606277799299,118.25344015223));
#2501 = CARTESIAN_POINT('',(3.,-3.771079746777,118.65200694202));
#2502 = CARTESIAN_POINT('',(3.,-3.838533127208,118.84364919983));
#2503 = CARTESIAN_POINT('',(3.,-3.897339775658,119.04677964677));
#2504 = CARTESIAN_POINT('',(3.,-3.945576258809,119.26103230735));
#2505 = CARTESIAN_POINT('',(3.,-3.981113613721,119.48523769322));
#2506 = CARTESIAN_POINT('',(3.,-4.001960850116,119.71722386588));
#2507 = CARTESIAN_POINT('',(3.,-4.00666763615,119.95358098617));
#2508 = CARTESIAN_POINT('',(3.,-3.985353754414,120.40419415403));
#2509 = CARTESIAN_POINT('',(3.,-3.961940824119,120.61847793571));
#2510 = CARTESIAN_POINT('',(3.,-3.925557423597,120.82767906714));
#2511 = CARTESIAN_POINT('',(3.,-3.877578854579,121.02912868896));
#2512 = CARTESIAN_POINT('',(3.,-3.81975940677,121.22117791701));
#2513 = CARTESIAN_POINT('',(3.,-3.753877070966,121.40294492497));
#2514 = CARTESIAN_POINT('',(3.,-3.681558935516,121.57417258406));
#2515 = CARTESIAN_POINT('',(3.,-3.557031746014,121.83283781995));
#2516 = CARTESIAN_POINT('',(3.,-3.508013621927,121.92690534252));
#2517 = CARTESIAN_POINT('',(3.,-3.457281737548,122.01739688759));
#2518 = CARTESIAN_POINT('',(3.,-3.405053146702,122.10442787965));
#2519 = CARTESIAN_POINT('',(3.,-3.35151594225,122.18812250404));
#2520 = CARTESIAN_POINT('',(3.,-3.29682917892,122.26861230764));
#2521 = CARTESIAN_POINT('',(3.,-3.241122796147,122.34603479948));
#2522 = CARTESIAN_POINT('',(3.,-3.016445989868,122.64162383606));
#2523 = CARTESIAN_POINT('',(3.,-2.84066057882,122.83647890756));
#2524 = CARTESIAN_POINT('',(3.,-2.659536770122,123.00936595574));
#2525 = CARTESIAN_POINT('',(3.,-2.474645396335,123.16257012295));
#2526 = CARTESIAN_POINT('',(3.,-2.287167342144,123.29817019896));
#2527 = CARTESIAN_POINT('',(3.,-2.097821059399,123.41772581945));
#2528 = CARTESIAN_POINT('',(3.,-1.906965806315,123.52261729809));
#2529 = CARTESIAN_POINT('',(3.,-1.714563358784,123.6138999002));
#2530 = PCURVE('',#459,#2531);
#2531 = DEFINITIONAL_REPRESENTATION('',(#2532),#2577);
#2532 = B_SPLINE_CURVE_WITH_KNOTS('',8,(#2533,#2534,#2535,#2536,#2537,
    #2538,#2539,#2540,#2541,#2542,#2543,#2544,#2545,#2546,#2547,#2548,
    #2549,#2550,#2551,#2552,#2553,#2554,#2555,#2556,#2557,#2558,#2559,
    #2560,#2561,#2562,#2563,#2564,#2565,#2566,#2567,#2568,#2569,#2570,
    #2571,#2572,#2573,#2574,#2575,#2576),.UNSPECIFIED.,.F.,.F.,(9,7,7,7,
    7,7,9),(0.,0.159747418148,0.350436799672,0.508189603287,
    0.652405715179,0.740009840515,1.),.UNSPECIFIED.);
#2533 = CARTESIAN_POINT('',(38.0000006,0.570387221914));
#2534 = CARTESIAN_POINT('',(37.799464624719,0.570911268482));
#2535 = CARTESIAN_POINT('',(37.60015189974,0.571481270228));
#2536 = CARTESIAN_POINT('',(37.402209829335,0.572098817222));
#2537 = CARTESIAN_POINT('',(37.205838972971,0.572765763996));
#2538 = CARTESIAN_POINT('',(37.011292063953,0.573484205333));
#2539 = CARTESIAN_POINT('',(36.818877184251,0.574256545291));
#2540 = CARTESIAN_POINT('',(36.628965095513,0.575085659451));
#2541 = CARTESIAN_POINT('',(36.218822659592,0.577036929543));
#2542 = CARTESIAN_POINT('',(36.000203869529,0.578183039477));
#2543 = CARTESIAN_POINT('',(35.786517613234,0.57942084703));
#2544 = CARTESIAN_POINT('',(35.578724534249,0.580758146123));
#2545 = CARTESIAN_POINT('',(35.378333845073,0.582202639091));
#2546 = CARTESIAN_POINT('',(35.187469149696,0.583762425082));
#2547 = CARTESIAN_POINT('',(35.008816252024,0.585445334602));
#2548 = CARTESIAN_POINT('',(34.711309031901,0.588766724517));
#2549 = CARTESIAN_POINT('',(34.587360180128,0.590363743332));
#2550 = CARTESIAN_POINT('',(34.476631880881,0.592056497056));
#2551 = CARTESIAN_POINT('',(34.382401069314,0.593841935895));
#2552 = CARTESIAN_POINT('',(34.30840132687,0.59571031411));
#2553 = CARTESIAN_POINT('',(34.258286676164,0.597643532216));
#2554 = CARTESIAN_POINT('',(34.234978155119,0.599613174885));
#2555 = CARTESIAN_POINT('',(34.241829586163,0.603368284617));
#2556 = CARTESIAN_POINT('',(34.267571725225,0.605153982798));
#2557 = CARTESIAN_POINT('',(34.315793708754,0.60689732556));
#2558 = CARTESIAN_POINT('',(34.384523080834,0.608576072408));
#2559 = CARTESIAN_POINT('',(34.47101241248,0.610176482642));
#2560 = CARTESIAN_POINT('',(34.572355338284,0.611691207708));
#2561 = CARTESIAN_POINT('',(34.68581772689,0.613118104867));
#2562 = CARTESIAN_POINT('',(34.884133200358,0.6152736485));
#2563 = CARTESIAN_POINT('',(34.962827037055,0.616057544521));
#2564 = CARTESIAN_POINT('',(35.044846563389,0.61681164073));
#2565 = CARTESIAN_POINT('',(35.129811997019,0.617536898997));
#2566 = CARTESIAN_POINT('',(35.217390184247,0.6182343542));
#2567 = CARTESIAN_POINT('',(35.307295646341,0.618905102564));
#2568 = CARTESIAN_POINT('',(35.399291625851,0.619550289996));
#2569 = CARTESIAN_POINT('',(35.771864628366,0.622013531967));
#2570 = CARTESIAN_POINT('',(36.066707717634,0.62363732423));
#2571 = CARTESIAN_POINT('',(36.373201203149,0.625078049631));
#2572 = CARTESIAN_POINT('',(36.688324546056,0.626354751025));
#2573 = CARTESIAN_POINT('',(37.009736365963,0.627484751658));
#2574 = CARTESIAN_POINT('',(37.33593443936,0.628481048495));
#2575 = CARTESIAN_POINT('',(37.666066124278,0.629355144151));
#2576 = CARTESIAN_POINT('',(38.0000006,0.630115832502));
#2577 = ( GEOMETRIC_REPRESENTATION_CONTEXT(2) 
PARAMETRIC_REPRESENTATION_CONTEXT() REPRESENTATION_CONTEXT('2D SPACE',''
  ) );
#2578 = PCURVE('',#1430,#2579);
#2579 = DEFINITIONAL_REPRESENTATION('',(#2580),#2625);
#2580 = B_SPLINE_CURVE_WITH_KNOTS('',8,(#2581,#2582,#2583,#2584,#2585,
    #2586,#2587,#2588,#2589,#2590,#2591,#2592,#2593,#2594,#2595,#2596,
    #2597,#2598,#2599,#2600,#2601,#2602,#2603,#2604,#2605,#2606,#2607,
    #2608,#2609,#2610,#2611,#2612,#2613,#2614,#2615,#2616,#2617,#2618,
    #2619,#2620,#2621,#2622,#2623,#2624),.UNSPECIFIED.,.F.,.F.,(9,7,7,7,
    7,7,9),(0.,0.159747418148,0.350436799672,0.508189603287,
    0.652405715179,0.740009840515,1.),.UNSPECIFIED.);
#2581 = CARTESIAN_POINT('',(-4.235404392438,-9.));
#2582 = CARTESIAN_POINT('',(-4.201160624197,-9.));
#2583 = CARTESIAN_POINT('',(-4.166507258693,-9.));
#2584 = CARTESIAN_POINT('',(-4.131387395638,-9.));
#2585 = CARTESIAN_POINT('',(-4.095741197399,-9.));
#2586 = CARTESIAN_POINT('',(-4.059504970979,-9.));
#2587 = CARTESIAN_POINT('',(-4.022607668523,-9.));
#2588 = CARTESIAN_POINT('',(-3.984964806374,-9.));
#2589 = CARTESIAN_POINT('',(-3.900518584555,-9.));
#2590 = CARTESIAN_POINT('',(-3.85342680381,-9.));
#2591 = CARTESIAN_POINT('',(-3.804945618398,-9.));
#2592 = CARTESIAN_POINT('',(-3.75485000396,-9.));
#2593 = CARTESIAN_POINT('',(-3.702930672951,-9.));
#2594 = CARTESIAN_POINT('',(-3.648957193371,-9.));
#2595 = CARTESIAN_POINT('',(-3.59267877896,-9.));
#2596 = CARTESIAN_POINT('',(-3.484855089595,-9.));
#2597 = CARTESIAN_POINT('',(-3.434136500047,-9.));
#2598 = CARTESIAN_POINT('',(-3.381412373163,-9.));
#2599 = CARTESIAN_POINT('',(-3.326716474186,-9.));
#2600 = CARTESIAN_POINT('',(-3.270210560715,-9.));
#2601 = CARTESIAN_POINT('',(-3.212213288975,-9.));
#2602 = CARTESIAN_POINT('',(-3.153245607974,-9.));
#2603 = CARTESIAN_POINT('',(-3.040466368805,-9.));
#2604 = CARTESIAN_POINT('',(-2.986678803929,-9.));
#2605 = CARTESIAN_POINT('',(-2.933768602334,-9.));
#2606 = CARTESIAN_POINT('',(-2.882185063053,-9.));
#2607 = CARTESIAN_POINT('',(-2.832201779661,-9.));
#2608 = CARTESIAN_POINT('',(-2.783978271455,-9.));
#2609 = CARTESIAN_POINT('',(-2.737565719863,-9.));
#2610 = CARTESIAN_POINT('',(-2.665795807477,-9.));
#2611 = CARTESIAN_POINT('',(-2.639290868816,-9.));
#2612 = CARTESIAN_POINT('',(-2.613375248084,-9.));
#2613 = CARTESIAN_POINT('',(-2.58802181841,-9.));
#2614 = CARTESIAN_POINT('',(-2.563203046093,-9.));
#2615 = CARTESIAN_POINT('',(-2.538890347149,-9.));
#2616 = CARTESIAN_POINT('',(-2.515053443855,-9.));
#2617 = CARTESIAN_POINT('',(-2.422232195672,-9.));
#2618 = CARTESIAN_POINT('',(-2.356856439049,-9.));
#2619 = CARTESIAN_POINT('',(-2.294536569585,-9.));
#2620 = CARTESIAN_POINT('',(-2.234789810268,-9.));
#2621 = CARTESIAN_POINT('',(-2.177180227043,-9.));
#2622 = CARTESIAN_POINT('',(-2.121372384973,-9.));
#2623 = CARTESIAN_POINT('',(-2.067023758231,-9.));
#2624 = CARTESIAN_POINT('',(-2.013784196305,-9.));
#2625 = ( GEOMETRIC_REPRESENTATION_CONTEXT(2) 
PARAMETRIC_REPRESENTATION_CONTEXT() REPRESENTATION_CONTEXT('2D SPACE',''
  ) );
#2626 = ORIENTED_EDGE('',*,*,#1868,.T.);
#2627 = ORIENTED_EDGE('',*,*,#2628,.F.);
#2628 = EDGE_CURVE('',#2357,#1847,#2629,.T.);
#2629 = SURFACE_CURVE('',#2630,(#2634,#2640),.PCURVE_S1.);
#2630 = LINE('',#2631,#2632);
#2631 = CARTESIAN_POINT('',(3.,-13.12,168.));
#2632 = VECTOR('',#2633,1.);
#2633 = DIRECTION('',(0.,1.,0.));
#2634 = PCURVE('',#459,#2635);
#2635 = DEFINITIONAL_REPRESENTATION('',(#2636),#2639);
#2636 = B_SPLINE_CURVE_WITH_KNOTS('',1,(#2637,#2638),.UNSPECIFIED.,.F.,
  .F.,(2,2),(0.,26.24),.PIECEWISE_BEZIER_KNOTS.);
#2637 = CARTESIAN_POINT('',(0.,1.));
#2638 = CARTESIAN_POINT('',(82.,1.));
#2639 = ( GEOMETRIC_REPRESENTATION_CONTEXT(2) 
PARAMETRIC_REPRESENTATION_CONTEXT() REPRESENTATION_CONTEXT('2D SPACE',''
  ) );
#2640 = PCURVE('',#966,#2641);
#2641 = DEFINITIONAL_REPRESENTATION('',(#2642),#2646);
#2642 = LINE('',#2643,#2644);
#2643 = CARTESIAN_POINT('',(0.217616395802,-11.0171068391));
#2644 = VECTOR('',#2645,1.);
#2645 = DIRECTION('',(0.377456745726,0.92602721618));
#2646 = ( GEOMETRIC_REPRESENTATION_CONTEXT(2) 
PARAMETRIC_REPRESENTATION_CONTEXT() REPRESENTATION_CONTEXT('2D SPACE',''
  ) );
#2647 = ADVANCED_FACE('',(#2648),#514,.T.);
#2648 = FACE_BOUND('',#2649,.T.);
#2649 = EDGE_LOOP('',(#2650,#2651,#2652,#2675));
#2650 = ORIENTED_EDGE('',*,*,#496,.T.);
#2651 = ORIENTED_EDGE('',*,*,#2356,.T.);
#2652 = ORIENTED_EDGE('',*,*,#2653,.F.);
#2653 = EDGE_CURVE('',#2654,#2357,#2656,.T.);
#2654 = VERTEX_POINT('',#2655);
#2655 = CARTESIAN_POINT('',(-3.,-13.12,168.));
#2656 = SURFACE_CURVE('',#2657,(#2661,#2668),.PCURVE_S1.);
#2657 = LINE('',#2658,#2659);
#2658 = CARTESIAN_POINT('',(-3.,-13.12,168.));
#2659 = VECTOR('',#2660,1.);
#2660 = DIRECTION('',(1.,0.,0.));
#2661 = PCURVE('',#514,#2662);
#2662 = DEFINITIONAL_REPRESENTATION('',(#2663),#2667);
#2663 = LINE('',#2664,#2665);
#2664 = CARTESIAN_POINT('',(0.,0.));
#2665 = VECTOR('',#2666,1.);
#2666 = DIRECTION('',(1.,0.));
#2667 = ( GEOMETRIC_REPRESENTATION_CONTEXT(2) 
PARAMETRIC_REPRESENTATION_CONTEXT() REPRESENTATION_CONTEXT('2D SPACE',''
  ) );
#2668 = PCURVE('',#966,#2669);
#2669 = DEFINITIONAL_REPRESENTATION('',(#2670),#2674);
#2670 = LINE('',#2671,#2672);
#2671 = CARTESIAN_POINT('',(5.773779692883,-13.28184731346));
#2672 = VECTOR('',#2673,1.);
#2673 = DIRECTION('',(-0.92602721618,0.377456745726));
#2674 = ( GEOMETRIC_REPRESENTATION_CONTEXT(2) 
PARAMETRIC_REPRESENTATION_CONTEXT() REPRESENTATION_CONTEXT('2D SPACE',''
  ) );
#2675 = ORIENTED_EDGE('',*,*,#2676,.F.);
#2676 = EDGE_CURVE('',#497,#2654,#2677,.T.);
#2677 = SURFACE_CURVE('',#2678,(#2681,#2687),.PCURVE_S1.);
#2678 = B_SPLINE_CURVE_WITH_KNOTS('',1,(#2679,#2680),.UNSPECIFIED.,.F.,
  .F.,(2,2),(0.,1.),.PIECEWISE_BEZIER_KNOTS.);
#2679 = CARTESIAN_POINT('',(-3.,-41.,48.));
#2680 = CARTESIAN_POINT('',(-3.,-13.12,168.));
#2681 = PCURVE('',#514,#2682);
#2682 = DEFINITIONAL_REPRESENTATION('',(#2683),#2686);
#2683 = B_SPLINE_CURVE_WITH_KNOTS('',1,(#2684,#2685),.UNSPECIFIED.,.F.,
  .F.,(2,2),(0.,1.),.PIECEWISE_BEZIER_KNOTS.);
#2684 = CARTESIAN_POINT('',(0.,-123.1961622778));
#2685 = CARTESIAN_POINT('',(0.,0.));
#2686 = ( GEOMETRIC_REPRESENTATION_CONTEXT(2) 
PARAMETRIC_REPRESENTATION_CONTEXT() REPRESENTATION_CONTEXT('2D SPACE',''
  ) );
#2687 = PCURVE('',#540,#2688);
#2688 = DEFINITIONAL_REPRESENTATION('',(#2689),#2693);
#2689 = LINE('',#2690,#2691);
#2690 = CARTESIAN_POINT('',(82.,0.));
#2691 = VECTOR('',#2692,1.);
#2692 = DIRECTION('',(0.,1.));
#2693 = ( GEOMETRIC_REPRESENTATION_CONTEXT(2) 
PARAMETRIC_REPRESENTATION_CONTEXT() REPRESENTATION_CONTEXT('2D SPACE',''
  ) );
#2694 = ADVANCED_FACE('',(#2695),#540,.T.);
#2695 = FACE_BOUND('',#2696,.T.);
#2696 = EDGE_LOOP('',(#2697,#2719,#2874,#3041,#3196,#3300,#3453,#3454,
    #3455));
#2697 = ORIENTED_EDGE('',*,*,#2698,.F.);
#2698 = EDGE_CURVE('',#2699,#2654,#2701,.T.);
#2699 = VERTEX_POINT('',#2700);
#2700 = CARTESIAN_POINT('',(-3.,-3.,168.));
#2701 = SURFACE_CURVE('',#2702,(#2706,#2712),.PCURVE_S1.);
#2702 = LINE('',#2703,#2704);
#2703 = CARTESIAN_POINT('',(-3.,13.12,168.));
#2704 = VECTOR('',#2705,1.);
#2705 = DIRECTION('',(0.,-1.,0.));
#2706 = PCURVE('',#540,#2707);
#2707 = DEFINITIONAL_REPRESENTATION('',(#2708),#2711);
#2708 = B_SPLINE_CURVE_WITH_KNOTS('',1,(#2709,#2710),.UNSPECIFIED.,.F.,
  .F.,(2,2),(0.,26.24),.PIECEWISE_BEZIER_KNOTS.);
#2709 = CARTESIAN_POINT('',(0.,1.));
#2710 = CARTESIAN_POINT('',(82.,1.));
#2711 = ( GEOMETRIC_REPRESENTATION_CONTEXT(2) 
PARAMETRIC_REPRESENTATION_CONTEXT() REPRESENTATION_CONTEXT('2D SPACE',''
  ) );
#2712 = PCURVE('',#966,#2713);
#2713 = DEFINITIONAL_REPRESENTATION('',(#2714),#2718);
#2714 = LINE('',#2715,#2716);
#2715 = CARTESIAN_POINT('',(15.678244700722,11.017106839106));
#2716 = VECTOR('',#2717,1.);
#2717 = DIRECTION('',(-0.377456745726,-0.92602721618));
#2718 = ( GEOMETRIC_REPRESENTATION_CONTEXT(2) 
PARAMETRIC_REPRESENTATION_CONTEXT() REPRESENTATION_CONTEXT('2D SPACE',''
  ) );
#2719 = ORIENTED_EDGE('',*,*,#2720,.T.);
#2720 = EDGE_CURVE('',#2699,#2721,#2723,.T.);
#2721 = VERTEX_POINT('',#2722);
#2722 = CARTESIAN_POINT('',(-3.,-3.,122.64575131106));
#2723 = SURFACE_CURVE('',#2724,(#2772,#2823),.PCURVE_S1.);
#2724 = B_SPLINE_CURVE_WITH_KNOTS('',6,(#2725,#2726,#2727,#2728,#2729,
    #2730,#2731,#2732,#2733,#2734,#2735,#2736,#2737,#2738,#2739,#2740,
    #2741,#2742,#2743,#2744,#2745,#2746,#2747,#2748,#2749,#2750,#2751,
    #2752,#2753,#2754,#2755,#2756,#2757,#2758,#2759,#2760,#2761,#2762,
    #2763,#2764,#2765,#2766,#2767,#2768,#2769,#2770,#2771),
  .UNSPECIFIED.,.F.,.F.,(7,5,5,5,5,5,5,5,5,7),(0.,9.226109152498E-02,
    0.225092907485,0.38125849766,0.536393865194,0.647810758972,
    0.758749613335,0.870102499251,0.981001253611,1.),.UNSPECIFIED.);
#2725 = CARTESIAN_POINT('',(-3.,-3.,168.));
#2726 = CARTESIAN_POINT('',(-3.,-3.,166.19614671724));
#2727 = CARTESIAN_POINT('',(-3.,-3.,164.38511138692));
#2728 = CARTESIAN_POINT('',(-3.,-3.,162.56838276652));
#2729 = CARTESIAN_POINT('',(-3.,-3.,160.74709965421));
#2730 = CARTESIAN_POINT('',(-3.,-3.,158.92208567869));
#2731 = CARTESIAN_POINT('',(-3.,-3.,154.4617524601));
#2732 = CARTESIAN_POINT('',(-3.,-3.,151.82315564798));
#2733 = CARTESIAN_POINT('',(-3.,-3.,149.17976218758));
#2734 = CARTESIAN_POINT('',(-3.,-3.,146.53274595903));
#2735 = CARTESIAN_POINT('',(-3.,-3.,143.88289616075));
#2736 = CARTESIAN_POINT('',(-3.,-3.,138.11249876759));
#2737 = CARTESIAN_POINT('',(-3.,-3.,134.99114668129));
#2738 = CARTESIAN_POINT('',(-3.,-3.,131.86740545905));
#2739 = CARTESIAN_POINT('',(-3.,-3.,128.74184558281));
#2740 = CARTESIAN_POINT('',(-3.,-3.,125.61485395808));
#2741 = CARTESIAN_POINT('',(-3.,-3.,119.37908205321));
#2742 = CARTESIAN_POINT('',(-3.,-3.,116.27035060977));
#2743 = CARTESIAN_POINT('',(-3.,-3.,113.16070314799));
#2744 = CARTESIAN_POINT('',(-3.,-3.,110.05032332325));
#2745 = CARTESIAN_POINT('',(-3.,-3.,106.93934359017));
#2746 = CARTESIAN_POINT('',(-3.,-3.,101.59320130613));
#2747 = CARTESIAN_POINT('',(-3.,-3.,99.35829131098));
#2748 = CARTESIAN_POINT('',(-3.,-3.,97.123154819359));
#2749 = CARTESIAN_POINT('',(-3.,-3.,94.887820874768));
#2750 = CARTESIAN_POINT('',(-3.,-3.,92.652312974146));
#2751 = CARTESIAN_POINT('',(-3.,-3.,88.190578527016));
#2752 = CARTESIAN_POINT('',(-3.,-3.,85.964353915545));
#2753 = CARTESIAN_POINT('',(-3.,-3.,83.737994417563));
#2754 = CARTESIAN_POINT('',(-3.,-3.,81.511515670427));
#2755 = CARTESIAN_POINT('',(-3.,-3.,79.284930593143));
#2756 = CARTESIAN_POINT('',(-3.,-3.,74.823258560648));
#2757 = CARTESIAN_POINT('',(-3.,-3.,72.588171208176));
#2758 = CARTESIAN_POINT('',(-3.,-3.,70.352998209855));
#2759 = CARTESIAN_POINT('',(-3.,-3.,68.11774872777));
#2760 = CARTESIAN_POINT('',(-3.,-3.,65.882430460141));
#2761 = CARTESIAN_POINT('',(-3.,-3.,61.420785397805));
#2762 = CARTESIAN_POINT('',(-3.,-3.,59.194459308172));
#2763 = CARTESIAN_POINT('',(-3.,-3.,56.968077633714));
#2764 = CARTESIAN_POINT('',(-3.,-3.,54.741645830855));
#2765 = CARTESIAN_POINT('',(-3.,-3.,52.515168551159));
#2766 = CARTESIAN_POINT('',(-3.,-3.,49.907211018841));
#2767 = CARTESIAN_POINT('',(-3.,-3.,49.525771176431));
#2768 = CARTESIAN_POINT('',(-3.,-3.,49.144330134093));
#2769 = CARTESIAN_POINT('',(-3.,-3.,48.762887911327));
#2770 = CARTESIAN_POINT('',(-3.,-3.,48.381444527131));
#2771 = CARTESIAN_POINT('',(-3.,-3.,48.));
#2772 = PCURVE('',#540,#2773);
#2773 = DEFINITIONAL_REPRESENTATION('',(#2774),#2822);
#2774 = B_SPLINE_CURVE_WITH_KNOTS('',6,(#2775,#2776,#2777,#2778,#2779,
    #2780,#2781,#2782,#2783,#2784,#2785,#2786,#2787,#2788,#2789,#2790,
    #2791,#2792,#2793,#2794,#2795,#2796,#2797,#2798,#2799,#2800,#2801,
    #2802,#2803,#2804,#2805,#2806,#2807,#2808,#2809,#2810,#2811,#2812,
    #2813,#2814,#2815,#2816,#2817,#2818,#2819,#2820,#2821),
  .UNSPECIFIED.,.F.,.F.,(7,5,5,5,5,5,5,5,5,7),(0.,9.226109152498E-02,
    0.225092907485,0.38125849766,0.536393865194,0.647810758972,
    0.758749613335,0.870102499251,0.981001253611,1.),.UNSPECIFIED.);
#2775 = CARTESIAN_POINT('',(50.375,1.));
#2776 = CARTESIAN_POINT('',(50.075532599718,0.98496788931));
#2777 = CARTESIAN_POINT('',(49.797828900024,0.969875928224));
#2778 = CARTESIAN_POINT('',(49.539186497184,0.954736523054));
#2779 = CARTESIAN_POINT('',(49.297411725012,0.939559163785));
#2780 = CARTESIAN_POINT('',(49.070695603411,0.924350713989));
#2781 = CARTESIAN_POINT('',(48.550529997857,0.887181270501));
#2782 = CARTESIAN_POINT('',(48.271595310771,0.865192963734));
#2783 = CARTESIAN_POINT('',(48.016090398503,0.843164684896));
#2784 = CARTESIAN_POINT('',(47.780680802514,0.821106216326));
#2785 = CARTESIAN_POINT('',(47.56271778561,0.799024134673));
#2786 = CARTESIAN_POINT('',(47.121822385922,0.75093748973));
#2787 = CARTESIAN_POINT('',(46.904749406725,0.724926222344));
#2788 = CARTESIAN_POINT('',(46.705388162978,0.698895045492));
#2789 = CARTESIAN_POINT('',(46.52124975311,0.67284871319));
#2790 = CARTESIAN_POINT('',(46.350358822965,0.646790449651));
#2791 = CARTESIAN_POINT('',(46.032949218184,0.594825683777));
#2792 = CARTESIAN_POINT('',(45.886277939068,0.568919588415));
#2793 = CARTESIAN_POINT('',(45.749558691932,0.543005859566));
#2794 = CARTESIAN_POINT('',(45.621602471936,0.517086027694));
#2795 = CARTESIAN_POINT('',(45.501437996405,0.491161196585));
#2796 = CARTESIAN_POINT('',(45.30697740434,0.446610010884));
#2797 = CARTESIAN_POINT('',(45.229298068002,0.427985760925));
#2798 = CARTESIAN_POINT('',(45.154924674216,0.409359623495));
#2799 = CARTESIAN_POINT('',(45.083601725017,0.390731840623));
#2800 = CARTESIAN_POINT('',(45.015107312631,0.372102608118));
#2801 = CARTESIAN_POINT('',(44.88366409213,0.334921487725));
#2802 = CARTESIAN_POINT('',(44.820692830727,0.316369615963));
#2803 = CARTESIAN_POINT('',(44.760136768477,0.297816620146));
#2804 = CARTESIAN_POINT('',(44.701826987321,0.279262630587));
#2805 = CARTESIAN_POINT('',(44.645614740236,0.260707754943));
#2806 = CARTESIAN_POINT('',(44.53691646829,0.223527154672));
#2807 = CARTESIAN_POINT('',(44.484444319487,0.204901426735));
#2808 = CARTESIAN_POINT('',(44.433817629896,0.186274985082));
#2809 = CARTESIAN_POINT('',(44.384916825008,0.167647906065));
#2810 = CARTESIAN_POINT('',(44.337635384315,0.149020253835));
#2811 = CARTESIAN_POINT('',(44.246310820973,0.111839878315));
#2812 = CARTESIAN_POINT('',(44.202253949219,9.328716090143E-02));
#2813 = CARTESIAN_POINT('',(44.159616373766,7.473398028095E-02));
#2814 = CARTESIAN_POINT('',(44.118313732831,5.618038192379E-02));
#2815 = CARTESIAN_POINT('',(44.078270155133,3.762640459299E-02));
#2816 = CARTESIAN_POINT('',(44.032762279824,1.589342515701E-02));
#2817 = CARTESIAN_POINT('',(44.026141260425,1.271475980359E-02));
#2818 = CARTESIAN_POINT('',(44.019554857858,9.536084450772E-03));
#2819 = CARTESIAN_POINT('',(44.013002734101,6.357399261055E-03));
#2820 = CARTESIAN_POINT('',(44.006484556946,3.178704392755E-03));
#2821 = CARTESIAN_POINT('',(44.,0.));
#2822 = ( GEOMETRIC_REPRESENTATION_CONTEXT(2) 
PARAMETRIC_REPRESENTATION_CONTEXT() REPRESENTATION_CONTEXT('2D SPACE',''
  ) );
#2823 = PCURVE('',#614,#2824);
#2824 = DEFINITIONAL_REPRESENTATION('',(#2825),#2873);
#2825 = B_SPLINE_CURVE_WITH_KNOTS('',6,(#2826,#2827,#2828,#2829,#2830,
    #2831,#2832,#2833,#2834,#2835,#2836,#2837,#2838,#2839,#2840,#2841,
    #2842,#2843,#2844,#2845,#2846,#2847,#2848,#2849,#2850,#2851,#2852,
    #2853,#2854,#2855,#2856,#2857,#2858,#2859,#2860,#2861,#2862,#2863,
    #2864,#2865,#2866,#2867,#2868,#2869,#2870,#2871,#2872),
  .UNSPECIFIED.,.F.,.F.,(7,5,5,5,5,5,5,5,5,7),(0.,9.226109152498E-02,
    0.225092907485,0.38125849766,0.536393865194,0.647810758972,
    0.758749613335,0.870102499251,0.981001253611,1.),.UNSPECIFIED.);
#2826 = CARTESIAN_POINT('',(13.625000000148,0.999999999993));
#2827 = CARTESIAN_POINT('',(13.924467400002,0.984967889324));
#2828 = CARTESIAN_POINT('',(14.202171100168,0.969875928215));
#2829 = CARTESIAN_POINT('',(14.46081350289,0.954736523051));
#2830 = CARTESIAN_POINT('',(14.702588274806,0.939559163794));
#2831 = CARTESIAN_POINT('',(14.929304396672,0.924350713985));
#2832 = CARTESIAN_POINT('',(15.449470002143,0.887181270501));
#2833 = CARTESIAN_POINT('',(15.728404689229,0.865192963733));
#2834 = CARTESIAN_POINT('',(15.983909601497,0.843164684896));
#2835 = CARTESIAN_POINT('',(16.219319197485,0.821106216325));
#2836 = CARTESIAN_POINT('',(16.43728221439,0.799024134673));
#2837 = CARTESIAN_POINT('',(16.878177614078,0.75093748973));
#2838 = CARTESIAN_POINT('',(17.095250593275,0.724926222344));
#2839 = CARTESIAN_POINT('',(17.294611837022,0.698895045492));
#2840 = CARTESIAN_POINT('',(17.478750246889,0.67284871319));
#2841 = CARTESIAN_POINT('',(17.649641177035,0.646790449651));
#2842 = CARTESIAN_POINT('',(17.967050781817,0.594825683777));
#2843 = CARTESIAN_POINT('',(18.113722060929,0.568919588415));
#2844 = CARTESIAN_POINT('',(18.250441308073,0.543005859567));
#2845 = CARTESIAN_POINT('',(18.378397528062,0.517086027694));
#2846 = CARTESIAN_POINT('',(18.498562003595,0.491161196585));
#2847 = CARTESIAN_POINT('',(18.69302259566,0.446610010884));
#2848 = CARTESIAN_POINT('',(18.770701931997,0.427985760925));
#2849 = CARTESIAN_POINT('',(18.845075325784,0.409359623495));
#2850 = CARTESIAN_POINT('',(18.916398274983,0.390731840623));
#2851 = CARTESIAN_POINT('',(18.984892687369,0.372102608118));
#2852 = CARTESIAN_POINT('',(19.11633590787,0.334921487725));
#2853 = CARTESIAN_POINT('',(19.179307169273,0.316369615963));
#2854 = CARTESIAN_POINT('',(19.239863231523,0.297816620146));
#2855 = CARTESIAN_POINT('',(19.298173012678,0.279262630587));
#2856 = CARTESIAN_POINT('',(19.354385259764,0.260707754943));
#2857 = CARTESIAN_POINT('',(19.46308353171,0.223527154672));
#2858 = CARTESIAN_POINT('',(19.515555680513,0.204901426735));
#2859 = CARTESIAN_POINT('',(19.566182370104,0.186274985082));
#2860 = CARTESIAN_POINT('',(19.615083174992,0.167647906065));
#2861 = CARTESIAN_POINT('',(19.662364615685,0.149020253835));
#2862 = CARTESIAN_POINT('',(19.753689179027,0.111839878315));
#2863 = CARTESIAN_POINT('',(19.797746050781,9.328716090143E-02));
#2864 = CARTESIAN_POINT('',(19.840383626234,7.473398028095E-02));
#2865 = CARTESIAN_POINT('',(19.881686267169,5.618038192379E-02));
#2866 = CARTESIAN_POINT('',(19.921729844867,3.762640459299E-02));
#2867 = CARTESIAN_POINT('',(19.967237720189,1.589342515064E-02));
#2868 = CARTESIAN_POINT('',(19.973858739564,1.271475980868E-02));
#2869 = CARTESIAN_POINT('',(19.980445142126,9.536084458411E-03));
#2870 = CARTESIAN_POINT('',(19.986997265908,6.357399257E-03));
#2871 = CARTESIAN_POINT('',(19.993515443083,3.178704378766E-03));
#2872 = CARTESIAN_POINT('',(19.999999999969,1.520801191925E-11));
#2873 = ( GEOMETRIC_REPRESENTATION_CONTEXT(2) 
PARAMETRIC_REPRESENTATION_CONTEXT() REPRESENTATION_CONTEXT('2D SPACE',''
  ) );
#2874 = ORIENTED_EDGE('',*,*,#2875,.T.);
#2875 = EDGE_CURVE('',#2721,#2876,#2878,.T.);
#2876 = VERTEX_POINT('',#2877);
#2877 = CARTESIAN_POINT('',(-3.,-3.,117.35424868893));
#2878 = SURFACE_CURVE('',#2879,(#2931,#2986),.PCURVE_S1.);
#2879 = B_SPLINE_CURVE_WITH_KNOTS('',8,(#2880,#2881,#2882,#2883,#2884,
    #2885,#2886,#2887,#2888,#2889,#2890,#2891,#2892,#2893,#2894,#2895,
    #2896,#2897,#2898,#2899,#2900,#2901,#2902,#2903,#2904,#2905,#2906,
    #2907,#2908,#2909,#2910,#2911,#2912,#2913,#2914,#2915,#2916,#2917,
    #2918,#2919,#2920,#2921,#2922,#2923,#2924,#2925,#2926,#2927,#2928,
    #2929,#2930),.UNSPECIFIED.,.F.,.F.,(9,7,7,7,7,7,7,9),(0.,
    0.148571324143,0.322102803288,0.493316635757,0.576527060104,
    0.72931645871,0.872212170405,1.),.UNSPECIFIED.);
#2880 = CARTESIAN_POINT('',(-3.,-1.714563358784,123.6138999002));
#2881 = CARTESIAN_POINT('',(-3.,-1.824189255109,123.56188945437));
#2882 = CARTESIAN_POINT('',(-3.,-1.933406934404,123.50541650269));
#2883 = CARTESIAN_POINT('',(-3.,-2.042164826658,123.44429909508));
#2884 = CARTESIAN_POINT('',(-3.,-2.150388453115,123.37832585424));
#2885 = CARTESIAN_POINT('',(-3.,-2.257980534769,123.3072566116));
#2886 = CARTESIAN_POINT('',(-3.,-2.364819668954,123.23081495109));
#2887 = CARTESIAN_POINT('',(-3.,-2.470757574028,123.14867266102));
#2888 = CARTESIAN_POINT('',(-3.,-2.698088383163,122.95735400088));
#2889 = CARTESIAN_POINT('',(-3.,-2.818953631332,122.84606743756));
#2890 = CARTESIAN_POINT('',(-3.,-2.938058146624,122.72584131942));
#2891 = CARTESIAN_POINT('',(-3.,-3.055039388435,122.59589715545));
#2892 = CARTESIAN_POINT('',(-3.,-3.169310475926,122.45538290669));
#2893 = CARTESIAN_POINT('',(-3.,-3.280064945067,122.30339858511));
#2894 = CARTESIAN_POINT('',(-3.,-3.386254949167,122.13894811772));
#2895 = CARTESIAN_POINT('',(-3.,-3.585400816294,121.78482855124));
#2896 = CARTESIAN_POINT('',(-3.,-3.67871165335,121.59517417663));
#2897 = CARTESIAN_POINT('',(-3.,-3.764743413325,121.39091199706));
#2898 = CARTESIAN_POINT('',(-3.,-3.841140063789,121.17187084374));
#2899 = CARTESIAN_POINT('',(-3.,-3.905053519463,120.93875746018));
#2900 = CARTESIAN_POINT('',(-3.,-3.953551799644,120.69353437729));
#2901 = CARTESIAN_POINT('',(-3.,-3.983973147328,120.43979520398));
#2902 = CARTESIAN_POINT('',(-3.,-4.001482520956,120.0599970871));
#2903 = CARTESIAN_POINT('',(-3.,-4.002801720907,119.93545425512));
#2904 = CARTESIAN_POINT('',(-3.,-3.999663497758,119.81133627918));
#2905 = CARTESIAN_POINT('',(-3.,-3.992144944532,119.6882933475));
#2906 = CARTESIAN_POINT('',(-3.,-3.980417176201,119.56688067614));
#2907 = CARTESIAN_POINT('',(-3.,-3.964717524235,119.44756553846));
#2908 = CARTESIAN_POINT('',(-3.,-3.945327112323,119.33073321992));
#2909 = CARTESIAN_POINT('',(-3.,-3.880737914699,119.00729139295));
#2910 = CARTESIAN_POINT('',(-3.,-3.827559506866,118.80751961594));
#2911 = CARTESIAN_POINT('',(-3.,-3.764729574258,118.61806437074));
#2912 = CARTESIAN_POINT('',(-3.,-3.693882648001,118.43909531141));
#2913 = CARTESIAN_POINT('',(-3.,-3.616443448099,118.27044160592));
#2914 = CARTESIAN_POINT('',(-3.,-3.533564259222,118.11167736147));
#2915 = CARTESIAN_POINT('',(-3.,-3.44608897918,117.96217201244));
#2916 = CARTESIAN_POINT('',(-3.,-3.268841323737,117.68928460228));
#2917 = CARTESIAN_POINT('',(-3.,-3.179698312484,117.56501254945));
#2918 = CARTESIAN_POINT('',(-3.,-3.087579019651,117.44783670671));
#2919 = CARTESIAN_POINT('',(-3.,-2.992900796275,117.33735269153));
#2920 = CARTESIAN_POINT('',(-3.,-2.896010293065,117.2332042441));
#2921 = CARTESIAN_POINT('',(-3.,-2.797189818476,117.13506398725));
#2922 = CARTESIAN_POINT('',(-3.,-2.696657737482,117.04263150153));
#2923 = CARTESIAN_POINT('',(-3.,-2.503277201576,116.87782264869));
#2924 = CARTESIAN_POINT('',(-3.,-2.410764501561,116.80437979768));
#2925 = CARTESIAN_POINT('',(-3.,-2.317163805636,116.73511158815));
#2926 = CARTESIAN_POINT('',(-3.,-2.222590441128,116.66985919865));
#2927 = CARTESIAN_POINT('',(-3.,-2.127145773878,116.60848466744));
#2928 = CARTESIAN_POINT('',(-3.,-2.030918426495,116.55086551751));
#2929 = CARTESIAN_POINT('',(-3.,-1.933984914452,116.49689195336));
#2930 = CARTESIAN_POINT('',(-3.,-1.836409700013,116.44646662971));
#2931 = PCURVE('',#540,#2932);
#2932 = DEFINITIONAL_REPRESENTATION('',(#2933),#2985);
#2933 = B_SPLINE_CURVE_WITH_KNOTS('',8,(#2934,#2935,#2936,#2937,#2938,
    #2939,#2940,#2941,#2942,#2943,#2944,#2945,#2946,#2947,#2948,#2949,
    #2950,#2951,#2952,#2953,#2954,#2955,#2956,#2957,#2958,#2959,#2960,
    #2961,#2962,#2963,#2964,#2965,#2966,#2967,#2968,#2969,#2970,#2971,
    #2972,#2973,#2974,#2975,#2976,#2977,#2978,#2979,#2980,#2981,#2982,
    #2983,#2984),.UNSPECIFIED.,.F.,.F.,(9,7,7,7,7,7,7,9),(0.,
    0.148571324143,0.322102803288,0.493316635757,0.576527060104,
    0.72931645871,0.872212170405,1.),.UNSPECIFIED.);
#2934 = CARTESIAN_POINT('',(43.9999994,0.630115832502));
#2935 = CARTESIAN_POINT('',(44.190266554522,0.62968241212));
#2936 = CARTESIAN_POINT('',(44.379462431155,0.629211804189));
#2937 = CARTESIAN_POINT('',(44.567459946987,0.628702492459));
#2938 = CARTESIAN_POINT('',(44.754089739295,0.628152715452));
#2939 = CARTESIAN_POINT('',(44.939140403897,0.627560471763));
#2940 = CARTESIAN_POINT('',(45.122355924145,0.626923457926));
#2941 = CARTESIAN_POINT('',(45.303430290547,0.626238938842));
#2942 = CARTESIAN_POINT('',(45.69056813433,0.624644616674));
#2943 = CARTESIAN_POINT('',(45.895490766941,0.623717228646));
#2944 = CARTESIAN_POINT('',(46.096417047726,0.622715344329));
#2945 = CARTESIAN_POINT('',(46.292624956057,0.621632476295));
#2946 = CARTESIAN_POINT('',(46.482999045995,0.620461524222));
#2947 = CARTESIAN_POINT('',(46.666046657932,0.619194988209));
#2948 = CARTESIAN_POINT('',(46.839868313137,0.617824567648));
#2949 = CARTESIAN_POINT('',(47.161963703782,0.61487357126));
#2950 = CARTESIAN_POINT('',(47.310866480551,0.613293118139));
#2951 = CARTESIAN_POINT('',(47.445745750014,0.611590933309));
#2952 = CARTESIAN_POINT('',(47.562565808897,0.609765590365));
#2953 = CARTESIAN_POINT('',(47.656580810739,0.607822978835));
#2954 = CARTESIAN_POINT('',(47.723097106408,0.605779453144));
#2955 = CARTESIAN_POINT('',(47.758142709932,0.603664960033));
#2956 = CARTESIAN_POINT('',(47.763147012384,0.600499975726));
#2957 = CARTESIAN_POINT('',(47.75730000603,0.599462118793));
#2958 = CARTESIAN_POINT('',(47.743969022091,0.598427802327));
#2959 = CARTESIAN_POINT('',(47.723362586579,0.597402444563));
#2960 = CARTESIAN_POINT('',(47.69583856441,0.596390672301));
#2961 = CARTESIAN_POINT('',(47.661855182842,0.595396379487));
#2962 = CARTESIAN_POINT('',(47.621932560465,0.594422776833));
#2963 = CARTESIAN_POINT('',(47.493431386724,0.591727428275));
#2964 = CARTESIAN_POINT('',(47.392167356912,0.590062663466));
#2965 = CARTESIAN_POINT('',(47.275857871075,0.588483869756));
#2966 = CARTESIAN_POINT('',(47.147306263034,0.586992460928));
#2967 = CARTESIAN_POINT('',(47.008896896297,0.585587013383));
#2968 = CARTESIAN_POINT('',(46.862515485931,0.584263978012));
#2969 = CARTESIAN_POINT('',(46.709510721704,0.583018100104));
#2970 = CARTESIAN_POINT('',(46.402020151355,0.580744038352));
#2971 = CARTESIAN_POINT('',(46.248469272768,0.579708437912));
#2972 = CARTESIAN_POINT('',(46.090765024307,0.578731972556));
#2973 = CARTESIAN_POINT('',(45.929553337576,0.577811272429));
#2974 = CARTESIAN_POINT('',(45.765362545261,0.576943368701));
#2975 = CARTESIAN_POINT('',(45.598614823595,0.576125533227));
#2976 = CARTESIAN_POINT('',(45.429628128358,0.575355262513));
#2977 = CARTESIAN_POINT('',(45.105693345989,0.573981855406));
#2978 = CARTESIAN_POINT('',(44.951190760972,0.573369831647));
#2979 = CARTESIAN_POINT('',(44.79530044189,0.572792596568));
#2980 = CARTESIAN_POINT('',(44.638185247374,0.572248826655));
#2981 = CARTESIAN_POINT('',(44.479986139325,0.571737372229));
#2982 = CARTESIAN_POINT('',(44.320824038602,0.571257212646));
#2983 = CARTESIAN_POINT('',(44.160800813349,0.570807432945));
#2984 = CARTESIAN_POINT('',(43.9999994,0.570387221914));
#2985 = ( GEOMETRIC_REPRESENTATION_CONTEXT(2) 
PARAMETRIC_REPRESENTATION_CONTEXT() REPRESENTATION_CONTEXT('2D SPACE',''
  ) );
#2986 = PCURVE('',#1430,#2987);
#2987 = DEFINITIONAL_REPRESENTATION('',(#2988),#3040);
#2988 = B_SPLINE_CURVE_WITH_KNOTS('',8,(#2989,#2990,#2991,#2992,#2993,
    #2994,#2995,#2996,#2997,#2998,#2999,#3000,#3001,#3002,#3003,#3004,
    #3005,#3006,#3007,#3008,#3009,#3010,#3011,#3012,#3013,#3014,#3015,
    #3016,#3017,#3018,#3019,#3020,#3021,#3022,#3023,#3024,#3025,#3026,
    #3027,#3028,#3029,#3030,#3031,#3032,#3033,#3034,#3035,#3036,#3037,
    #3038,#3039),.UNSPECIFIED.,.F.,.F.,(9,7,7,7,7,7,7,9),(0.,
    0.148571324143,0.322102803288,0.493316635757,0.576527060104,
    0.72931645871,0.872212170405,1.),.UNSPECIFIED.);
#2989 = CARTESIAN_POINT('',(-2.013784196305,-3.));
#2990 = CARTESIAN_POINT('',(-2.044118710086,-3.));
#2991 = CARTESIAN_POINT('',(-2.074839259812,-3.));
#2992 = CARTESIAN_POINT('',(-2.105996068329,-3.));
#2993 = CARTESIAN_POINT('',(-2.13764229646,-3.));
#2994 = CARTESIAN_POINT('',(-2.169834869531,-3.));
#2995 = CARTESIAN_POINT('',(-2.202637167086,-3.));
#2996 = CARTESIAN_POINT('',(-2.236123575802,-3.));
#2997 = CARTESIAN_POINT('',(-2.310404346572,-3.));
#2998 = CARTESIAN_POINT('',(-2.351437410974,-3.));
#2999 = CARTESIAN_POINT('',(-2.393670851998,-3.));
#3000 = CARTESIAN_POINT('',(-2.437277725243,-3.));
#3001 = CARTESIAN_POINT('',(-2.482435268878,-3.));
#3002 = CARTESIAN_POINT('',(-2.529329128008,-3.));
#3003 = CARTESIAN_POINT('',(-2.578176866652,-3.));
#3004 = CARTESIAN_POINT('',(-2.679745729916,-3.));
#3005 = CARTESIAN_POINT('',(-2.732507150179,-3.));
#3006 = CARTESIAN_POINT('',(-2.78775577417,-3.));
#3007 = CARTESIAN_POINT('',(-2.845509041169,-3.));
#3008 = CARTESIAN_POINT('',(-2.905643771078,-3.));
#3009 = CARTESIAN_POINT('',(-2.967842021322,-3.));
#3010 = CARTESIAN_POINT('',(-3.031559692998,-3.));
#3011 = CARTESIAN_POINT('',(-3.126610070347,-3.));
#3012 = CARTESIAN_POINT('',(-3.157727919934,-3.));
#3013 = CARTESIAN_POINT('',(-3.188734175018,-3.));
#3014 = CARTESIAN_POINT('',(-3.219513397481,-3.));
#3015 = CARTESIAN_POINT('',(-3.249970960875,-3.));
#3016 = CARTESIAN_POINT('',(-3.280028319731,-3.));
#3017 = CARTESIAN_POINT('',(-3.309620153747,-3.));
#3018 = CARTESIAN_POINT('',(-3.392077104591,-3.));
#3019 = CARTESIAN_POINT('',(-3.443656479297,-3.));
#3020 = CARTESIAN_POINT('',(-3.493411200227,-3.));
#3021 = CARTESIAN_POINT('',(-3.541384905352,-3.));
#3022 = CARTESIAN_POINT('',(-3.587657149235,-3.));
#3023 = CARTESIAN_POINT('',(-3.632342327414,-3.));
#3024 = CARTESIAN_POINT('',(-3.675599251475,-3.));
#3025 = CARTESIAN_POINT('',(-3.756948909581,-3.));
#3026 = CARTESIAN_POINT('',(-3.7951425872,-3.));
#3027 = CARTESIAN_POINT('',(-3.832346336134,-3.));
#3028 = CARTESIAN_POINT('',(-3.868658735602,-3.));
#3029 = CARTESIAN_POINT('',(-3.904163895676,-3.));
#3030 = CARTESIAN_POINT('',(-3.938938787786,-3.));
#3031 = CARTESIAN_POINT('',(-3.973056256925,-3.));
#3032 = CARTESIAN_POINT('',(-4.036576917757,-3.));
#3033 = CARTESIAN_POINT('',(-4.066089162596,-3.));
#3034 = CARTESIAN_POINT('',(-4.095172519378,-3.));
#3035 = CARTESIAN_POINT('',(-4.123866498354,-3.));
#3036 = CARTESIAN_POINT('',(-4.152205869968,-3.));
#3037 = CARTESIAN_POINT('',(-4.180222358402,-3.));
#3038 = CARTESIAN_POINT('',(-4.207945746557,-3.));
#3039 = CARTESIAN_POINT('',(-4.235404392438,-3.));
#3040 = ( GEOMETRIC_REPRESENTATION_CONTEXT(2) 
PARAMETRIC_REPRESENTATION_CONTEXT() REPRESENTATION_CONTEXT('2D SPACE',''
  ) );
#3041 = ORIENTED_EDGE('',*,*,#3042,.T.);
#3042 = EDGE_CURVE('',#2876,#3043,#3045,.T.);
#3043 = VERTEX_POINT('',#3044);
#3044 = CARTESIAN_POINT('',(-3.,-3.,91.445751311065));
#3045 = SURFACE_CURVE('',#3046,(#3094,#3145),.PCURVE_S1.);
#3046 = B_SPLINE_CURVE_WITH_KNOTS('',6,(#3047,#3048,#3049,#3050,#3051,
    #3052,#3053,#3054,#3055,#3056,#3057,#3058,#3059,#3060,#3061,#3062,
    #3063,#3064,#3065,#3066,#3067,#3068,#3069,#3070,#3071,#3072,#3073,
    #3074,#3075,#3076,#3077,#3078,#3079,#3080,#3081,#3082,#3083,#3084,
    #3085,#3086,#3087,#3088,#3089,#3090,#3091,#3092,#3093),
  .UNSPECIFIED.,.F.,.F.,(7,5,5,5,5,5,5,5,5,7),(0.,9.226109152498E-02,
    0.225092907485,0.38125849766,0.536393865194,0.647810758972,
    0.758749613335,0.870102499251,0.981001253611,1.),.UNSPECIFIED.);
#3047 = CARTESIAN_POINT('',(-3.,-3.,168.));
#3048 = CARTESIAN_POINT('',(-3.,-3.,166.19614671724));
#3049 = CARTESIAN_POINT('',(-3.,-3.,164.38511138692));
#3050 = CARTESIAN_POINT('',(-3.,-3.,162.56838276652));
#3051 = CARTESIAN_POINT('',(-3.,-3.,160.74709965421));
#3052 = CARTESIAN_POINT('',(-3.,-3.,158.92208567869));
#3053 = CARTESIAN_POINT('',(-3.,-3.,154.4617524601));
#3054 = CARTESIAN_POINT('',(-3.,-3.,151.82315564798));
#3055 = CARTESIAN_POINT('',(-3.,-3.,149.17976218758));
#3056 = CARTESIAN_POINT('',(-3.,-3.,146.53274595903));
#3057 = CARTESIAN_POINT('',(-3.,-3.,143.88289616075));
#3058 = CARTESIAN_POINT('',(-3.,-3.,138.11249876759));
#3059 = CARTESIAN_POINT('',(-3.,-3.,134.99114668129));
#3060 = CARTESIAN_POINT('',(-3.,-3.,131.86740545905));
#3061 = CARTESIAN_POINT('',(-3.,-3.,128.74184558281));
#3062 = CARTESIAN_POINT('',(-3.,-3.,125.61485395808));
#3063 = CARTESIAN_POINT('',(-3.,-3.,119.37908205321));
#3064 = CARTESIAN_POINT('',(-3.,-3.,116.27035060977));
#3065 = CARTESIAN_POINT('',(-3.,-3.,113.16070314799));
#3066 = CARTESIAN_POINT('',(-3.,-3.,110.05032332325));
#3067 = CARTESIAN_POINT('',(-3.,-3.,106.93934359017));
#3068 = CARTESIAN_POINT('',(-3.,-3.,101.59320130613));
#3069 = CARTESIAN_POINT('',(-3.,-3.,99.35829131098));
#3070 = CARTESIAN_POINT('',(-3.,-3.,97.123154819359));
#3071 = CARTESIAN_POINT('',(-3.,-3.,94.887820874768));
#3072 = CARTESIAN_POINT('',(-3.,-3.,92.652312974146));
#3073 = CARTESIAN_POINT('',(-3.,-3.,88.190578527016));
#3074 = CARTESIAN_POINT('',(-3.,-3.,85.964353915545));
#3075 = CARTESIAN_POINT('',(-3.,-3.,83.737994417563));
#3076 = CARTESIAN_POINT('',(-3.,-3.,81.511515670427));
#3077 = CARTESIAN_POINT('',(-3.,-3.,79.284930593143));
#3078 = CARTESIAN_POINT('',(-3.,-3.,74.823258560648));
#3079 = CARTESIAN_POINT('',(-3.,-3.,72.588171208176));
#3080 = CARTESIAN_POINT('',(-3.,-3.,70.352998209855));
#3081 = CARTESIAN_POINT('',(-3.,-3.,68.11774872777));
#3082 = CARTESIAN_POINT('',(-3.,-3.,65.882430460141));
#3083 = CARTESIAN_POINT('',(-3.,-3.,61.420785397805));
#3084 = CARTESIAN_POINT('',(-3.,-3.,59.194459308172));
#3085 = CARTESIAN_POINT('',(-3.,-3.,56.968077633714));
#3086 = CARTESIAN_POINT('',(-3.,-3.,54.741645830855));
#3087 = CARTESIAN_POINT('',(-3.,-3.,52.515168551159));
#3088 = CARTESIAN_POINT('',(-3.,-3.,49.907211018841));
#3089 = CARTESIAN_POINT('',(-3.,-3.,49.525771176431));
#3090 = CARTESIAN_POINT('',(-3.,-3.,49.144330134093));
#3091 = CARTESIAN_POINT('',(-3.,-3.,48.762887911327));
#3092 = CARTESIAN_POINT('',(-3.,-3.,48.381444527131));
#3093 = CARTESIAN_POINT('',(-3.,-3.,48.));
#3094 = PCURVE('',#540,#3095);
#3095 = DEFINITIONAL_REPRESENTATION('',(#3096),#3144);
#3096 = B_SPLINE_CURVE_WITH_KNOTS('',6,(#3097,#3098,#3099,#3100,#3101,
    #3102,#3103,#3104,#3105,#3106,#3107,#3108,#3109,#3110,#3111,#3112,
    #3113,#3114,#3115,#3116,#3117,#3118,#3119,#3120,#3121,#3122,#3123,
    #3124,#3125,#3126,#3127,#3128,#3129,#3130,#3131,#3132,#3133,#3134,
    #3135,#3136,#3137,#3138,#3139,#3140,#3141,#3142,#3143),
  .UNSPECIFIED.,.F.,.F.,(7,5,5,5,5,5,5,5,5,7),(0.,9.226109152498E-02,
    0.225092907485,0.38125849766,0.536393865194,0.647810758972,
    0.758749613335,0.870102499251,0.981001253611,1.),.UNSPECIFIED.);
#3097 = CARTESIAN_POINT('',(50.375,1.));
#3098 = CARTESIAN_POINT('',(50.075532599718,0.98496788931));
#3099 = CARTESIAN_POINT('',(49.797828900024,0.969875928224));
#3100 = CARTESIAN_POINT('',(49.539186497184,0.954736523054));
#3101 = CARTESIAN_POINT('',(49.297411725012,0.939559163785));
#3102 = CARTESIAN_POINT('',(49.070695603411,0.924350713989));
#3103 = CARTESIAN_POINT('',(48.550529997857,0.887181270501));
#3104 = CARTESIAN_POINT('',(48.271595310771,0.865192963734));
#3105 = CARTESIAN_POINT('',(48.016090398503,0.843164684896));
#3106 = CARTESIAN_POINT('',(47.780680802514,0.821106216326));
#3107 = CARTESIAN_POINT('',(47.56271778561,0.799024134673));
#3108 = CARTESIAN_POINT('',(47.121822385922,0.75093748973));
#3109 = CARTESIAN_POINT('',(46.904749406725,0.724926222344));
#3110 = CARTESIAN_POINT('',(46.705388162978,0.698895045492));
#3111 = CARTESIAN_POINT('',(46.52124975311,0.67284871319));
#3112 = CARTESIAN_POINT('',(46.350358822965,0.646790449651));
#3113 = CARTESIAN_POINT('',(46.032949218184,0.594825683777));
#3114 = CARTESIAN_POINT('',(45.886277939068,0.568919588415));
#3115 = CARTESIAN_POINT('',(45.749558691932,0.543005859566));
#3116 = CARTESIAN_POINT('',(45.621602471936,0.517086027694));
#3117 = CARTESIAN_POINT('',(45.501437996405,0.491161196585));
#3118 = CARTESIAN_POINT('',(45.30697740434,0.446610010884));
#3119 = CARTESIAN_POINT('',(45.229298068002,0.427985760925));
#3120 = CARTESIAN_POINT('',(45.154924674216,0.409359623495));
#3121 = CARTESIAN_POINT('',(45.083601725017,0.390731840623));
#3122 = CARTESIAN_POINT('',(45.015107312631,0.372102608118));
#3123 = CARTESIAN_POINT('',(44.88366409213,0.334921487725));
#3124 = CARTESIAN_POINT('',(44.820692830727,0.316369615963));
#3125 = CARTESIAN_POINT('',(44.760136768477,0.297816620146));
#3126 = CARTESIAN_POINT('',(44.701826987321,0.279262630587));
#3127 = CARTESIAN_POINT('',(44.645614740236,0.260707754943));
#3128 = CARTESIAN_POINT('',(44.53691646829,0.223527154672));
#3129 = CARTESIAN_POINT('',(44.484444319487,0.204901426735));
#3130 = CARTESIAN_POINT('',(44.433817629896,0.186274985082));
#3131 = CARTESIAN_POINT('',(44.384916825008,0.167647906065));
#3132 = CARTESIAN_POINT('',(44.337635384315,0.149020253835));
#3133 = CARTESIAN_POINT('',(44.246310820973,0.111839878315));
#3134 = CARTESIAN_POINT('',(44.202253949219,9.328716090143E-02));
#3135 = CARTESIAN_POINT('',(44.159616373766,7.473398028095E-02));
#3136 = CARTESIAN_POINT('',(44.118313732831,5.618038192379E-02));
#3137 = CARTESIAN_POINT('',(44.078270155133,3.762640459299E-02));
#3138 = CARTESIAN_POINT('',(44.032762279824,1.589342515701E-02));
#3139 = CARTESIAN_POINT('',(44.026141260425,1.271475980359E-02));
#3140 = CARTESIAN_POINT('',(44.019554857858,9.536084450772E-03));
#3141 = CARTESIAN_POINT('',(44.013002734101,6.357399261055E-03));
#3142 = CARTESIAN_POINT('',(44.006484556946,3.178704392755E-03));
#3143 = CARTESIAN_POINT('',(44.,0.));
#3144 = ( GEOMETRIC_REPRESENTATION_CONTEXT(2) 
PARAMETRIC_REPRESENTATION_CONTEXT() REPRESENTATION_CONTEXT('2D SPACE',''
  ) );
#3145 = PCURVE('',#614,#3146);
#3146 = DEFINITIONAL_REPRESENTATION('',(#3147),#3195);
#3147 = B_SPLINE_CURVE_WITH_KNOTS('',6,(#3148,#3149,#3150,#3151,#3152,
    #3153,#3154,#3155,#3156,#3157,#3158,#3159,#3160,#3161,#3162,#3163,
    #3164,#3165,#3166,#3167,#3168,#3169,#3170,#3171,#3172,#3173,#3174,
    #3175,#3176,#3177,#3178,#3179,#3180,#3181,#3182,#3183,#3184,#3185,
    #3186,#3187,#3188,#3189,#3190,#3191,#3192,#3193,#3194),
  .UNSPECIFIED.,.F.,.F.,(7,5,5,5,5,5,5,5,5,7),(0.,9.226109152498E-02,
    0.225092907485,0.38125849766,0.536393865194,0.647810758972,
    0.758749613335,0.870102499251,0.981001253611,1.),.UNSPECIFIED.);
#3148 = CARTESIAN_POINT('',(13.625000000148,0.999999999993));
#3149 = CARTESIAN_POINT('',(13.924467400002,0.984967889324));
#3150 = CARTESIAN_POINT('',(14.202171100168,0.969875928215));
#3151 = CARTESIAN_POINT('',(14.46081350289,0.954736523051));
#3152 = CARTESIAN_POINT('',(14.702588274806,0.939559163794));
#3153 = CARTESIAN_POINT('',(14.929304396672,0.924350713985));
#3154 = CARTESIAN_POINT('',(15.449470002143,0.887181270501));
#3155 = CARTESIAN_POINT('',(15.728404689229,0.865192963733));
#3156 = CARTESIAN_POINT('',(15.983909601497,0.843164684896));
#3157 = CARTESIAN_POINT('',(16.219319197485,0.821106216325));
#3158 = CARTESIAN_POINT('',(16.43728221439,0.799024134673));
#3159 = CARTESIAN_POINT('',(16.878177614078,0.75093748973));
#3160 = CARTESIAN_POINT('',(17.095250593275,0.724926222344));
#3161 = CARTESIAN_POINT('',(17.294611837022,0.698895045492));
#3162 = CARTESIAN_POINT('',(17.478750246889,0.67284871319));
#3163 = CARTESIAN_POINT('',(17.649641177035,0.646790449651));
#3164 = CARTESIAN_POINT('',(17.967050781817,0.594825683777));
#3165 = CARTESIAN_POINT('',(18.113722060929,0.568919588415));
#3166 = CARTESIAN_POINT('',(18.250441308073,0.543005859567));
#3167 = CARTESIAN_POINT('',(18.378397528062,0.517086027694));
#3168 = CARTESIAN_POINT('',(18.498562003595,0.491161196585));
#3169 = CARTESIAN_POINT('',(18.69302259566,0.446610010884));
#3170 = CARTESIAN_POINT('',(18.770701931997,0.427985760925));
#3171 = CARTESIAN_POINT('',(18.845075325784,0.409359623495));
#3172 = CARTESIAN_POINT('',(18.916398274983,0.390731840623));
#3173 = CARTESIAN_POINT('',(18.984892687369,0.372102608118));
#3174 = CARTESIAN_POINT('',(19.11633590787,0.334921487725));
#3175 = CARTESIAN_POINT('',(19.179307169273,0.316369615963));
#3176 = CARTESIAN_POINT('',(19.239863231523,0.297816620146));
#3177 = CARTESIAN_POINT('',(19.298173012678,0.279262630587));
#3178 = CARTESIAN_POINT('',(19.354385259764,0.260707754943));
#3179 = CARTESIAN_POINT('',(19.46308353171,0.223527154672));
#3180 = CARTESIAN_POINT('',(19.515555680513,0.204901426735));
#3181 = CARTESIAN_POINT('',(19.566182370104,0.186274985082));
#3182 = CARTESIAN_POINT('',(19.615083174992,0.167647906065));
#3183 = CARTESIAN_POINT('',(19.662364615685,0.149020253835));
#3184 = CARTESIAN_POINT('',(19.753689179027,0.111839878315));
#3185 = CARTESIAN_POINT('',(19.797746050781,9.328716090143E-02));
#3186 = CARTESIAN_POINT('',(19.840383626234,7.473398028095E-02));
#3187 = CARTESIAN_POINT('',(19.881686267169,5.618038192379E-02));
#3188 = CARTESIAN_POINT('',(19.921729844867,3.762640459299E-02));
#3189 = CARTESIAN_POINT('',(19.967237720189,1.589342515064E-02));
#3190 = CARTESIAN_POINT('',(19.973858739564,1.271475980868E-02));
#3191 = CARTESIAN_POINT('',(19.980445142126,9.536084458411E-03));
#3192 = CARTESIAN_POINT('',(19.986997265908,6.357399257E-03));
#3193 = CARTESIAN_POINT('',(19.993515443083,3.178704378766E-03));
#3194 = CARTESIAN_POINT('',(19.999999999969,1.520801191925E-11));
#3195 = ( GEOMETRIC_REPRESENTATION_CONTEXT(2) 
PARAMETRIC_REPRESENTATION_CONTEXT() REPRESENTATION_CONTEXT('2D SPACE',''
  ) );
#3196 = ORIENTED_EDGE('',*,*,#3197,.T.);
#3197 = EDGE_CURVE('',#3043,#3198,#3200,.T.);
#3198 = VERTEX_POINT('',#3199);
#3199 = CARTESIAN_POINT('',(-3.,-3.,86.154248688935));
#3200 = SURFACE_CURVE('',#3201,(#3232,#3266),.PCURVE_S1.);
#3201 = B_SPLINE_CURVE_WITH_KNOTS('',8,(#3202,#3203,#3204,#3205,#3206,
    #3207,#3208,#3209,#3210,#3211,#3212,#3213,#3214,#3215,#3216,#3217,
    #3218,#3219,#3220,#3221,#3222,#3223,#3224,#3225,#3226,#3227,#3228,
    #3229,#3230,#3231),.UNSPECIFIED.,.F.,.F.,(9,7,7,7,9),(0.,
    0.283704566119,0.488089303842,0.619096891777,1.),.UNSPECIFIED.);
#3202 = CARTESIAN_POINT('',(-3.,-2.250179409726,92.107067072807));
#3203 = CARTESIAN_POINT('',(-3.,-2.431751744626,91.983522457481));
#3204 = CARTESIAN_POINT('',(-3.,-2.609741446377,91.845747373));
#3205 = CARTESIAN_POINT('',(-3.,-2.783775478415,91.692657478659));
#3206 = CARTESIAN_POINT('',(-3.,-2.952905080809,91.523060249462));
#3207 = CARTESIAN_POINT('',(-3.,-3.115650467571,91.335784423691));
#3208 = CARTESIAN_POINT('',(-3.,-3.26998657181,91.129706385991));
#3209 = CARTESIAN_POINT('',(-3.,-3.413385148295,90.903881571019));
#3210 = CARTESIAN_POINT('',(-3.,-3.635792783937,90.47965510302));
#3211 = CARTESIAN_POINT('',(-3.,-3.721597758077,90.291232578519));
#3212 = CARTESIAN_POINT('',(-3.,-3.798585642371,90.092221499255));
#3213 = CARTESIAN_POINT('',(-3.,-3.865076268866,89.883244742326));
#3214 = CARTESIAN_POINT('',(-3.,-3.919366499176,89.665452163337));
#3215 = CARTESIAN_POINT('',(-3.,-3.959886869372,89.440614329746));
#3216 = CARTESIAN_POINT('',(-3.,-3.985476607109,89.211263603703));
#3217 = CARTESIAN_POINT('',(-3.,-4.002590869679,88.833292426612));
#3218 = CARTESIAN_POINT('',(-3.,-4.003050470625,88.685174875995));
#3219 = CARTESIAN_POINT('',(-3.,-3.997216071272,88.537461667053));
#3220 = CARTESIAN_POINT('',(-3.,-3.985177337297,88.390934466807));
#3221 = CARTESIAN_POINT('',(-3.,-3.967144159485,88.246280041784));
#3222 = CARTESIAN_POINT('',(-3.,-3.943415739334,88.104095473232));
#3223 = CARTESIAN_POINT('',(-3.,-3.914356800421,87.964892574791));
#3224 = CARTESIAN_POINT('',(-3.,-3.781596446287,87.434290506145));
#3225 = CARTESIAN_POINT('',(-3.,-3.642019211635,87.071409248037));
#3226 = CARTESIAN_POINT('',(-3.,-3.470928674736,86.742245913332));
#3227 = CARTESIAN_POINT('',(-3.,-3.276096424567,86.447158376693));
#3228 = CARTESIAN_POINT('',(-3.,-3.064017666874,86.184881767426));
#3229 = CARTESIAN_POINT('',(-3.,-2.839390555928,85.953259168025));
#3230 = CARTESIAN_POINT('',(-3.,-2.605000181426,85.749567324818));
#3231 = CARTESIAN_POINT('',(-3.,-2.361286954468,85.571327839705));
#3232 = PCURVE('',#540,#3233);
#3233 = DEFINITIONAL_REPRESENTATION('',(#3234),#3265);
#3234 = B_SPLINE_CURVE_WITH_KNOTS('',8,(#3235,#3236,#3237,#3238,#3239,
    #3240,#3241,#3242,#3243,#3244,#3245,#3246,#3247,#3248,#3249,#3250,
    #3251,#3252,#3253,#3254,#3255,#3256,#3257,#3258,#3259,#3260,#3261,
    #3262,#3263,#3264),.UNSPECIFIED.,.F.,.F.,(9,7,7,7,9),(0.,
    0.283704566119,0.488089303842,0.619096891777,1.),.UNSPECIFIED.);
#3235 = CARTESIAN_POINT('',(43.9999994,0.367558892273));
#3236 = CARTESIAN_POINT('',(44.239276375235,0.366529353812));
#3237 = CARTESIAN_POINT('',(44.472943878093,0.365381228108));
#3238 = CARTESIAN_POINT('',(44.70039802689,0.364105478989));
#3239 = CARTESIAN_POINT('',(44.920262757629,0.362692168746));
#3240 = CARTESIAN_POINT('',(45.13046067384,0.361131536864));
#3241 = CARTESIAN_POINT('',(45.328212140025,0.359414219883));
#3242 = CARTESIAN_POINT('',(45.510120945082,0.357532346425));
#3243 = CARTESIAN_POINT('',(45.788616607824,0.353997125858));
#3244 = CARTESIAN_POINT('',(45.89484219134,0.352426938154));
#3245 = CARTESIAN_POINT('',(45.988733919758,0.350768512494));
#3246 = CARTESIAN_POINT('',(46.068142611203,0.349027039519));
#3247 = CARTESIAN_POINT('',(46.130943770109,0.347212101361));
#3248 = CARTESIAN_POINT('',(46.175254869831,0.345338452748));
#3249 = CARTESIAN_POINT('',(46.199793020102,0.343427196698));
#3250 = CARTESIAN_POINT('',(46.207564845808,0.340277436888));
#3251 = CARTESIAN_POINT('',(46.202466293172,0.339043123967));
#3252 = CARTESIAN_POINT('',(46.1892134245,0.337812180559));
#3253 = CARTESIAN_POINT('',(46.16798901368,0.336591120557));
#3254 = CARTESIAN_POINT('',(46.13912569142,0.335385667015));
#3255 = CARTESIAN_POINT('',(46.103063492727,0.33420079561));
#3256 = CARTESIAN_POINT('',(46.060317879692,0.333040771457));
#3257 = CARTESIAN_POINT('',(45.869399378123,0.328619087551));
#3258 = CARTESIAN_POINT('',(45.676766512358,0.325595077067));
#3259 = CARTESIAN_POINT('',(45.446061090128,0.322852049278));
#3260 = CARTESIAN_POINT('',(45.187410133383,0.320392986472));
#3261 = CARTESIAN_POINT('',(44.90900084064,0.318207348062));
#3262 = CARTESIAN_POINT('',(44.616595432796,0.316277159734));
#3263 = CARTESIAN_POINT('',(44.313485121569,0.314579727707));
#3264 = CARTESIAN_POINT('',(43.9999994,0.313094398664));
#3265 = ( GEOMETRIC_REPRESENTATION_CONTEXT(2) 
PARAMETRIC_REPRESENTATION_CONTEXT() REPRESENTATION_CONTEXT('2D SPACE',''
  ) );
#3266 = PCURVE('',#1178,#3267);
#3267 = DEFINITIONAL_REPRESENTATION('',(#3268),#3299);
#3268 = B_SPLINE_CURVE_WITH_KNOTS('',8,(#3269,#3270,#3271,#3272,#3273,
    #3274,#3275,#3276,#3277,#3278,#3279,#3280,#3281,#3282,#3283,#3284,
    #3285,#3286,#3287,#3288,#3289,#3290,#3291,#3292,#3293,#3294,#3295,
    #3296,#3297,#3298),.UNSPECIFIED.,.F.,.F.,(9,7,7,7,9),(0.,
    0.283704566119,0.488089303842,0.619096891777,1.),.UNSPECIFIED.);
#3269 = CARTESIAN_POINT('',(-2.168256992844,-3.));
#3270 = CARTESIAN_POINT('',(-2.223161332823,-3.));
#3271 = CARTESIAN_POINT('',(-2.279326530681,-3.));
#3272 = CARTESIAN_POINT('',(-2.337079880125,-3.));
#3273 = CARTESIAN_POINT('',(-2.396694981604,-3.));
#3274 = CARTESIAN_POINT('',(-2.458411461834,-3.));
#3275 = CARTESIAN_POINT('',(-2.522469647539,-3.));
#3276 = CARTESIAN_POINT('',(-2.589116839643,-3.));
#3277 = CARTESIAN_POINT('',(-2.708864817847,-3.));
#3278 = CARTESIAN_POINT('',(-2.760545069726,-3.));
#3279 = CARTESIAN_POINT('',(-2.813737916014,-3.));
#3280 = CARTESIAN_POINT('',(-2.868353632777,-3.));
#3281 = CARTESIAN_POINT('',(-2.924231681003,-3.));
#3282 = CARTESIAN_POINT('',(-2.981134034576,-3.));
#3283 = CARTESIAN_POINT('',(-3.038702315423,-3.));
#3284 = CARTESIAN_POINT('',(-3.133291925283,-3.));
#3285 = CARTESIAN_POINT('',(-3.170288591363,-3.));
#3286 = CARTESIAN_POINT('',(-3.207190037402,-3.));
#3287 = CARTESIAN_POINT('',(-3.243879585358,-3.));
#3288 = CARTESIAN_POINT('',(-3.280260165924,-3.));
#3289 = CARTESIAN_POINT('',(-3.316248565466,-3.));
#3290 = CARTESIAN_POINT('',(-3.351771874098,-3.));
#3291 = CARTESIAN_POINT('',(-3.488511559925,-3.));
#3292 = CARTESIAN_POINT('',(-3.584988806108,-3.));
#3293 = CARTESIAN_POINT('',(-3.676804511895,-3.));
#3294 = CARTESIAN_POINT('',(-3.764314033943,-3.));
#3295 = CARTESIAN_POINT('',(-3.847923236692,-3.));
#3296 = CARTESIAN_POINT('',(-3.928088305528,-3.));
#3297 = CARTESIAN_POINT('',(-4.005447553278,-3.));
#3298 = CARTESIAN_POINT('',(-4.0809315959,-3.));
#3299 = ( GEOMETRIC_REPRESENTATION_CONTEXT(2) 
PARAMETRIC_REPRESENTATION_CONTEXT() REPRESENTATION_CONTEXT('2D SPACE',''
  ) );
#3300 = ORIENTED_EDGE('',*,*,#3301,.T.);
#3301 = EDGE_CURVE('',#3198,#578,#3302,.T.);
#3302 = SURFACE_CURVE('',#3303,(#3351,#3402),.PCURVE_S1.);
#3303 = B_SPLINE_CURVE_WITH_KNOTS('',6,(#3304,#3305,#3306,#3307,#3308,
    #3309,#3310,#3311,#3312,#3313,#3314,#3315,#3316,#3317,#3318,#3319,
    #3320,#3321,#3322,#3323,#3324,#3325,#3326,#3327,#3328,#3329,#3330,
    #3331,#3332,#3333,#3334,#3335,#3336,#3337,#3338,#3339,#3340,#3341,
    #3342,#3343,#3344,#3345,#3346,#3347,#3348,#3349,#3350),
  .UNSPECIFIED.,.F.,.F.,(7,5,5,5,5,5,5,5,5,7),(0.,9.226109152498E-02,
    0.225092907485,0.38125849766,0.536393865194,0.647810758972,
    0.758749613335,0.870102499251,0.981001253611,1.),.UNSPECIFIED.);
#3304 = CARTESIAN_POINT('',(-3.,-3.,168.));
#3305 = CARTESIAN_POINT('',(-3.,-3.,166.19614671724));
#3306 = CARTESIAN_POINT('',(-3.,-3.,164.38511138692));
#3307 = CARTESIAN_POINT('',(-3.,-3.,162.56838276652));
#3308 = CARTESIAN_POINT('',(-3.,-3.,160.74709965421));
#3309 = CARTESIAN_POINT('',(-3.,-3.,158.92208567869));
#3310 = CARTESIAN_POINT('',(-3.,-3.,154.4617524601));
#3311 = CARTESIAN_POINT('',(-3.,-3.,151.82315564798));
#3312 = CARTESIAN_POINT('',(-3.,-3.,149.17976218758));
#3313 = CARTESIAN_POINT('',(-3.,-3.,146.53274595903));
#3314 = CARTESIAN_POINT('',(-3.,-3.,143.88289616075));
#3315 = CARTESIAN_POINT('',(-3.,-3.,138.11249876759));
#3316 = CARTESIAN_POINT('',(-3.,-3.,134.99114668129));
#3317 = CARTESIAN_POINT('',(-3.,-3.,131.86740545905));
#3318 = CARTESIAN_POINT('',(-3.,-3.,128.74184558281));
#3319 = CARTESIAN_POINT('',(-3.,-3.,125.61485395808));
#3320 = CARTESIAN_POINT('',(-3.,-3.,119.37908205321));
#3321 = CARTESIAN_POINT('',(-3.,-3.,116.27035060977));
#3322 = CARTESIAN_POINT('',(-3.,-3.,113.16070314799));
#3323 = CARTESIAN_POINT('',(-3.,-3.,110.05032332325));
#3324 = CARTESIAN_POINT('',(-3.,-3.,106.93934359017));
#3325 = CARTESIAN_POINT('',(-3.,-3.,101.59320130613));
#3326 = CARTESIAN_POINT('',(-3.,-3.,99.35829131098));
#3327 = CARTESIAN_POINT('',(-3.,-3.,97.123154819359));
#3328 = CARTESIAN_POINT('',(-3.,-3.,94.887820874768));
#3329 = CARTESIAN_POINT('',(-3.,-3.,92.652312974146));
#3330 = CARTESIAN_POINT('',(-3.,-3.,88.190578527016));
#3331 = CARTESIAN_POINT('',(-3.,-3.,85.964353915545));
#3332 = CARTESIAN_POINT('',(-3.,-3.,83.737994417563));
#3333 = CARTESIAN_POINT('',(-3.,-3.,81.511515670427));
#3334 = CARTESIAN_POINT('',(-3.,-3.,79.284930593143));
#3335 = CARTESIAN_POINT('',(-3.,-3.,74.823258560648));
#3336 = CARTESIAN_POINT('',(-3.,-3.,72.588171208176));
#3337 = CARTESIAN_POINT('',(-3.,-3.,70.352998209855));
#3338 = CARTESIAN_POINT('',(-3.,-3.,68.11774872777));
#3339 = CARTESIAN_POINT('',(-3.,-3.,65.882430460141));
#3340 = CARTESIAN_POINT('',(-3.,-3.,61.420785397805));
#3341 = CARTESIAN_POINT('',(-3.,-3.,59.194459308172));
#3342 = CARTESIAN_POINT('',(-3.,-3.,56.968077633714));
#3343 = CARTESIAN_POINT('',(-3.,-3.,54.741645830855));
#3344 = CARTESIAN_POINT('',(-3.,-3.,52.515168551159));
#3345 = CARTESIAN_POINT('',(-3.,-3.,49.907211018841));
#3346 = CARTESIAN_POINT('',(-3.,-3.,49.525771176431));
#3347 = CARTESIAN_POINT('',(-3.,-3.,49.144330134093));
#3348 = CARTESIAN_POINT('',(-3.,-3.,48.762887911327));
#3349 = CARTESIAN_POINT('',(-3.,-3.,48.381444527131));
#3350 = CARTESIAN_POINT('',(-3.,-3.,48.));
#3351 = PCURVE('',#540,#3352);
#3352 = DEFINITIONAL_REPRESENTATION('',(#3353),#3401);
#3353 = B_SPLINE_CURVE_WITH_KNOTS('',6,(#3354,#3355,#3356,#3357,#3358,
    #3359,#3360,#3361,#3362,#3363,#3364,#3365,#3366,#3367,#3368,#3369,
    #3370,#3371,#3372,#3373,#3374,#3375,#3376,#3377,#3378,#3379,#3380,
    #3381,#3382,#3383,#3384,#3385,#3386,#3387,#3388,#3389,#3390,#3391,
    #3392,#3393,#3394,#3395,#3396,#3397,#3398,#3399,#3400),
  .UNSPECIFIED.,.F.,.F.,(7,5,5,5,5,5,5,5,5,7),(0.,9.226109152498E-02,
    0.225092907485,0.38125849766,0.536393865194,0.647810758972,
    0.758749613335,0.870102499251,0.981001253611,1.),.UNSPECIFIED.);
#3354 = CARTESIAN_POINT('',(50.375,1.));
#3355 = CARTESIAN_POINT('',(50.075532599718,0.98496788931));
#3356 = CARTESIAN_POINT('',(49.797828900024,0.969875928224));
#3357 = CARTESIAN_POINT('',(49.539186497184,0.954736523054));
#3358 = CARTESIAN_POINT('',(49.297411725012,0.939559163785));
#3359 = CARTESIAN_POINT('',(49.070695603411,0.924350713989));
#3360 = CARTESIAN_POINT('',(48.550529997857,0.887181270501));
#3361 = CARTESIAN_POINT('',(48.271595310771,0.865192963734));
#3362 = CARTESIAN_POINT('',(48.016090398503,0.843164684896));
#3363 = CARTESIAN_POINT('',(47.780680802514,0.821106216326));
#3364 = CARTESIAN_POINT('',(47.56271778561,0.799024134673));
#3365 = CARTESIAN_POINT('',(47.121822385922,0.75093748973));
#3366 = CARTESIAN_POINT('',(46.904749406725,0.724926222344));
#3367 = CARTESIAN_POINT('',(46.705388162978,0.698895045492));
#3368 = CARTESIAN_POINT('',(46.52124975311,0.67284871319));
#3369 = CARTESIAN_POINT('',(46.350358822965,0.646790449651));
#3370 = CARTESIAN_POINT('',(46.032949218184,0.594825683777));
#3371 = CARTESIAN_POINT('',(45.886277939068,0.568919588415));
#3372 = CARTESIAN_POINT('',(45.749558691932,0.543005859566));
#3373 = CARTESIAN_POINT('',(45.621602471936,0.517086027694));
#3374 = CARTESIAN_POINT('',(45.501437996405,0.491161196585));
#3375 = CARTESIAN_POINT('',(45.30697740434,0.446610010884));
#3376 = CARTESIAN_POINT('',(45.229298068002,0.427985760925));
#3377 = CARTESIAN_POINT('',(45.154924674216,0.409359623495));
#3378 = CARTESIAN_POINT('',(45.083601725017,0.390731840623));
#3379 = CARTESIAN_POINT('',(45.015107312631,0.372102608118));
#3380 = CARTESIAN_POINT('',(44.88366409213,0.334921487725));
#3381 = CARTESIAN_POINT('',(44.820692830727,0.316369615963));
#3382 = CARTESIAN_POINT('',(44.760136768477,0.297816620146));
#3383 = CARTESIAN_POINT('',(44.701826987321,0.279262630587));
#3384 = CARTESIAN_POINT('',(44.645614740236,0.260707754943));
#3385 = CARTESIAN_POINT('',(44.53691646829,0.223527154672));
#3386 = CARTESIAN_POINT('',(44.484444319487,0.204901426735));
#3387 = CARTESIAN_POINT('',(44.433817629896,0.186274985082));
#3388 = CARTESIAN_POINT('',(44.384916825008,0.167647906065));
#3389 = CARTESIAN_POINT('',(44.337635384315,0.149020253835));
#3390 = CARTESIAN_POINT('',(44.246310820973,0.111839878315));
#3391 = CARTESIAN_POINT('',(44.202253949219,9.328716090143E-02));
#3392 = CARTESIAN_POINT('',(44.159616373766,7.473398028095E-02));
#3393 = CARTESIAN_POINT('',(44.118313732831,5.618038192379E-02));
#3394 = CARTESIAN_POINT('',(44.078270155133,3.762640459299E-02));
#3395 = CARTESIAN_POINT('',(44.032762279824,1.589342515701E-02));
#3396 = CARTESIAN_POINT('',(44.026141260425,1.271475980359E-02));
#3397 = CARTESIAN_POINT('',(44.019554857858,9.536084450772E-03));
#3398 = CARTESIAN_POINT('',(44.013002734101,6.357399261055E-03));
#3399 = CARTESIAN_POINT('',(44.006484556946,3.178704392755E-03));
#3400 = CARTESIAN_POINT('',(44.,0.));
#3401 = ( GEOMETRIC_REPRESENTATION_CONTEXT(2) 
PARAMETRIC_REPRESENTATION_CONTEXT() REPRESENTATION_CONTEXT('2D SPACE',''
  ) );
#3402 = PCURVE('',#614,#3403);
#3403 = DEFINITIONAL_REPRESENTATION('',(#3404),#3452);
#3404 = B_SPLINE_CURVE_WITH_KNOTS('',6,(#3405,#3406,#3407,#3408,#3409,
    #3410,#3411,#3412,#3413,#3414,#3415,#3416,#3417,#3418,#3419,#3420,
    #3421,#3422,#3423,#3424,#3425,#3426,#3427,#3428,#3429,#3430,#3431,
    #3432,#3433,#3434,#3435,#3436,#3437,#3438,#3439,#3440,#3441,#3442,
    #3443,#3444,#3445,#3446,#3447,#3448,#3449,#3450,#3451),
  .UNSPECIFIED.,.F.,.F.,(7,5,5,5,5,5,5,5,5,7),(0.,9.226109152498E-02,
    0.225092907485,0.38125849766,0.536393865194,0.647810758972,
    0.758749613335,0.870102499251,0.981001253611,1.),.UNSPECIFIED.);
#3405 = CARTESIAN_POINT('',(13.625000000148,0.999999999993));
#3406 = CARTESIAN_POINT('',(13.924467400002,0.984967889324));
#3407 = CARTESIAN_POINT('',(14.202171100168,0.969875928215));
#3408 = CARTESIAN_POINT('',(14.46081350289,0.954736523051));
#3409 = CARTESIAN_POINT('',(14.702588274806,0.939559163794));
#3410 = CARTESIAN_POINT('',(14.929304396672,0.924350713985));
#3411 = CARTESIAN_POINT('',(15.449470002143,0.887181270501));
#3412 = CARTESIAN_POINT('',(15.728404689229,0.865192963733));
#3413 = CARTESIAN_POINT('',(15.983909601497,0.843164684896));
#3414 = CARTESIAN_POINT('',(16.219319197485,0.821106216325));
#3415 = CARTESIAN_POINT('',(16.43728221439,0.799024134673));
#3416 = CARTESIAN_POINT('',(16.878177614078,0.75093748973));
#3417 = CARTESIAN_POINT('',(17.095250593275,0.724926222344));
#3418 = CARTESIAN_POINT('',(17.294611837022,0.698895045492));
#3419 = CARTESIAN_POINT('',(17.478750246889,0.67284871319));
#3420 = CARTESIAN_POINT('',(17.649641177035,0.646790449651));
#3421 = CARTESIAN_POINT('',(17.967050781817,0.594825683777));
#3422 = CARTESIAN_POINT('',(18.113722060929,0.568919588415));
#3423 = CARTESIAN_POINT('',(18.250441308073,0.543005859567));
#3424 = CARTESIAN_POINT('',(18.378397528062,0.517086027694));
#3425 = CARTESIAN_POINT('',(18.498562003595,0.491161196585));
#3426 = CARTESIAN_POINT('',(18.69302259566,0.446610010884));
#3427 = CARTESIAN_POINT('',(18.770701931997,0.427985760925));
#3428 = CARTESIAN_POINT('',(18.845075325784,0.409359623495));
#3429 = CARTESIAN_POINT('',(18.916398274983,0.390731840623));
#3430 = CARTESIAN_POINT('',(18.984892687369,0.372102608118));
#3431 = CARTESIAN_POINT('',(19.11633590787,0.334921487725));
#3432 = CARTESIAN_POINT('',(19.179307169273,0.316369615963));
#3433 = CARTESIAN_POINT('',(19.239863231523,0.297816620146));
#3434 = CARTESIAN_POINT('',(19.298173012678,0.279262630587));
#3435 = CARTESIAN_POINT('',(19.354385259764,0.260707754943));
#3436 = CARTESIAN_POINT('',(19.46308353171,0.223527154672));
#3437 = CARTESIAN_POINT('',(19.515555680513,0.204901426735));
#3438 = CARTESIAN_POINT('',(19.566182370104,0.186274985082));
#3439 = CARTESIAN_POINT('',(19.615083174992,0.167647906065));
#3440 = CARTESIAN_POINT('',(19.662364615685,0.149020253835));
#3441 = CARTESIAN_POINT('',(19.753689179027,0.111839878315));
#3442 = CARTESIAN_POINT('',(19.797746050781,9.328716090143E-02));
#3443 = CARTESIAN_POINT('',(19.840383626234,7.473398028095E-02));
#3444 = CARTESIAN_POINT('',(19.881686267169,5.618038192379E-02));
#3445 = CARTESIAN_POINT('',(19.921729844867,3.762640459299E-02));
#3446 = CARTESIAN_POINT('',(19.967237720189,1.589342515064E-02));
#3447 = CARTESIAN_POINT('',(19.973858739564,1.271475980868E-02));
#3448 = CARTESIAN_POINT('',(19.980445142126,9.536084458411E-03));
#3449 = CARTESIAN_POINT('',(19.986997265908,6.357399257E-03));
#3450 = CARTESIAN_POINT('',(19.993515443083,3.178704378766E-03));
#3451 = CARTESIAN_POINT('',(19.999999999969,1.520801191925E-11));
#3452 = ( GEOMETRIC_REPRESENTATION_CONTEXT(2) 
PARAMETRIC_REPRESENTATION_CONTEXT() REPRESENTATION_CONTEXT('2D SPACE',''
  ) );
#3453 = ORIENTED_EDGE('',*,*,#577,.T.);
#3454 = ORIENTED_EDGE('',*,*,#526,.T.);
#3455 = ORIENTED_EDGE('',*,*,#2676,.T.);
#3456 = ADVANCED_FACE('',(#3457),#614,.T.);
#3457 = FACE_BOUND('',#3458,.T.);
#3458 = EDGE_LOOP('',(#3459,#3480,#3481,#3482,#3483,#3512,#3546,#3573,
    #3574,#3603,#3640,#3667,#3668));
#3459 = ORIENTED_EDGE('',*,*,#3460,.F.);
#3460 = EDGE_CURVE('',#632,#3461,#3463,.T.);
#3461 = VERTEX_POINT('',#3462);
#3462 = CARTESIAN_POINT('',(-7.36,-3.,168.));
#3463 = SURFACE_CURVE('',#3464,(#3467,#3474),.PCURVE_S1.);
#3464 = B_SPLINE_CURVE_WITH_KNOTS('',1,(#3465,#3466),.UNSPECIFIED.,.F.,
  .F.,(2,2),(0.,1.),.PIECEWISE_BEZIER_KNOTS.);
#3465 = CARTESIAN_POINT('',(-23.,-3.,48.));
#3466 = CARTESIAN_POINT('',(-7.36,-3.,168.));
#3467 = PCURVE('',#614,#3468);
#3468 = DEFINITIONAL_REPRESENTATION('',(#3469),#3473);
#3469 = LINE('',#3470,#3471);
#3470 = CARTESIAN_POINT('',(0.,0.));
#3471 = VECTOR('',#3472,1.);
#3472 = DIRECTION('',(0.,1.));
#3473 = ( GEOMETRIC_REPRESENTATION_CONTEXT(2) 
PARAMETRIC_REPRESENTATION_CONTEXT() REPRESENTATION_CONTEXT('2D SPACE',''
  ) );
#3474 = PCURVE('',#670,#3475);
#3475 = DEFINITIONAL_REPRESENTATION('',(#3476),#3479);
#3476 = B_SPLINE_CURVE_WITH_KNOTS('',1,(#3477,#3478),.UNSPECIFIED.,.F.,
  .F.,(2,2),(0.,1.),.PIECEWISE_BEZIER_KNOTS.);
#3477 = CARTESIAN_POINT('',(6.,-121.0149147832));
#3478 = CARTESIAN_POINT('',(6.,0.));
#3479 = ( GEOMETRIC_REPRESENTATION_CONTEXT(2) 
PARAMETRIC_REPRESENTATION_CONTEXT() REPRESENTATION_CONTEXT('2D SPACE',''
  ) );
#3480 = ORIENTED_EDGE('',*,*,#631,.T.);
#3481 = ORIENTED_EDGE('',*,*,#600,.T.);
#3482 = ORIENTED_EDGE('',*,*,#3301,.F.);
#3483 = ORIENTED_EDGE('',*,*,#3484,.T.);
#3484 = EDGE_CURVE('',#3198,#3485,#3487,.T.);
#3485 = VERTEX_POINT('',#3486);
#3486 = CARTESIAN_POINT('',(-6.,-3.,86.154248688935));
#3487 = SURFACE_CURVE('',#3488,(#3494,#3503),.PCURVE_S1.);
#3488 = B_SPLINE_CURVE_WITH_KNOTS('',4,(#3489,#3490,#3491,#3492,#3493),
  .UNSPECIFIED.,.F.,.F.,(5,5),(0.,1.),.PIECEWISE_BEZIER_KNOTS.);
#3489 = CARTESIAN_POINT('',(-2.351377302013,-3.,86.154248688935));
#3490 = CARTESIAN_POINT('',(-3.263533126509,-3.,86.154248688935));
#3491 = CARTESIAN_POINT('',(-4.175688951006,-3.,86.154248688935));
#3492 = CARTESIAN_POINT('',(-5.087844775503,-3.,86.154248688935));
#3493 = CARTESIAN_POINT('',(-6.0000006,-3.,86.154248688935));
#3494 = PCURVE('',#614,#3495);
#3495 = DEFINITIONAL_REPRESENTATION('',(#3496),#3502);
#3496 = B_SPLINE_CURVE_WITH_KNOTS('',4,(#3497,#3498,#3499,#3500,#3501),
  .UNSPECIFIED.,.F.,.F.,(5,5),(0.,1.),.PIECEWISE_BEZIER_KNOTS.);
#3497 = CARTESIAN_POINT('',(20.0000006,0.317952072408));
#3498 = CARTESIAN_POINT('',(18.836228659251,0.317952072408));
#3499 = CARTESIAN_POINT('',(17.672456718501,0.317952072408));
#3500 = CARTESIAN_POINT('',(16.508684777752,0.317952072408));
#3501 = CARTESIAN_POINT('',(15.344912837003,0.317952072408));
#3502 = ( GEOMETRIC_REPRESENTATION_CONTEXT(2) 
PARAMETRIC_REPRESENTATION_CONTEXT() REPRESENTATION_CONTEXT('2D SPACE',''
  ) );
#3503 = PCURVE('',#1178,#3504);
#3504 = DEFINITIONAL_REPRESENTATION('',(#3505),#3511);
#3505 = B_SPLINE_CURVE_WITH_KNOTS('',4,(#3506,#3507,#3508,#3509,#3510),
  .UNSPECIFIED.,.F.,.F.,(5,5),(0.,1.),.PIECEWISE_BEZIER_KNOTS.);
#3506 = CARTESIAN_POINT('',(-3.864326901403,-3.648622697987));
#3507 = CARTESIAN_POINT('',(-3.864326901403,-2.736466873491));
#3508 = CARTESIAN_POINT('',(-3.864326901403,-1.824311048994));
#3509 = CARTESIAN_POINT('',(-3.864326901403,-0.912155224497));
#3510 = CARTESIAN_POINT('',(-3.864326901403,5.999999999062E-07));
#3511 = ( GEOMETRIC_REPRESENTATION_CONTEXT(2) 
PARAMETRIC_REPRESENTATION_CONTEXT() REPRESENTATION_CONTEXT('2D SPACE',''
  ) );
#3512 = ORIENTED_EDGE('',*,*,#3513,.T.);
#3513 = EDGE_CURVE('',#3485,#3514,#3516,.T.);
#3514 = VERTEX_POINT('',#3515);
#3515 = CARTESIAN_POINT('',(-6.,-3.,91.445751311065));
#3516 = SURFACE_CURVE('',#3517,(#3523,#3532),.PCURVE_S1.);
#3517 = B_SPLINE_CURVE_WITH_KNOTS('',4,(#3518,#3519,#3520,#3521,#3522),
  .UNSPECIFIED.,.F.,.F.,(5,5),(0.,1.),.PIECEWISE_BEZIER_KNOTS.);
#3518 = CARTESIAN_POINT('',(-6.,-3.,84.8));
#3519 = CARTESIAN_POINT('',(-6.,-3.,86.800371550785));
#3520 = CARTESIAN_POINT('',(-6.,-3.,88.800518582415));
#3521 = CARTESIAN_POINT('',(-6.,-3.,90.800409676848));
#3522 = CARTESIAN_POINT('',(-6.,-3.,92.8));
#3523 = PCURVE('',#614,#3524);
#3524 = DEFINITIONAL_REPRESENTATION('',(#3525),#3531);
#3525 = B_SPLINE_CURVE_WITH_KNOTS('',4,(#3526,#3527,#3528,#3529,#3530),
  .UNSPECIFIED.,.F.,.F.,(5,5),(0.,1.),.PIECEWISE_BEZIER_KNOTS.);
#3526 = CARTESIAN_POINT('',(15.419137466307,0.306666666667));
#3527 = CARTESIAN_POINT('',(15.310563843654,0.32333642959));
#3528 = CARTESIAN_POINT('',(15.19785531213,0.34000432152));
#3529 = CARTESIAN_POINT('',(15.080661889512,0.35667008064));
#3530 = CARTESIAN_POINT('',(14.958541815583,0.373333333333));
#3531 = ( GEOMETRIC_REPRESENTATION_CONTEXT(2) 
PARAMETRIC_REPRESENTATION_CONTEXT() REPRESENTATION_CONTEXT('2D SPACE',''
  ) );
#3532 = PCURVE('',#3533,#3538);
#3533 = PLANE('',#3534);
#3534 = AXIS2_PLACEMENT_3D('',#3535,#3536,#3537);
#3535 = CARTESIAN_POINT('',(-6.,3.418600331349E-16,88.8));
#3536 = DIRECTION('',(1.,0.,0.));
#3537 = DIRECTION('',(-0.,0.,1.));
#3538 = DEFINITIONAL_REPRESENTATION('',(#3539),#3545);
#3539 = B_SPLINE_CURVE_WITH_KNOTS('',4,(#3540,#3541,#3542,#3543,#3544),
  .UNSPECIFIED.,.F.,.F.,(5,5),(0.,1.),.PIECEWISE_BEZIER_KNOTS.);
#3540 = CARTESIAN_POINT('',(-4.,3.));
#3541 = CARTESIAN_POINT('',(-1.999628449215,3.));
#3542 = CARTESIAN_POINT('',(5.185824152978E-04,3.));
#3543 = CARTESIAN_POINT('',(2.000409676848,3.));
#3544 = CARTESIAN_POINT('',(4.,3.));
#3545 = ( GEOMETRIC_REPRESENTATION_CONTEXT(2) 
PARAMETRIC_REPRESENTATION_CONTEXT() REPRESENTATION_CONTEXT('2D SPACE',''
  ) );
#3546 = ORIENTED_EDGE('',*,*,#3547,.F.);
#3547 = EDGE_CURVE('',#3043,#3514,#3548,.T.);
#3548 = SURFACE_CURVE('',#3549,(#3555,#3564),.PCURVE_S1.);
#3549 = B_SPLINE_CURVE_WITH_KNOTS('',4,(#3550,#3551,#3552,#3553,#3554),
  .UNSPECIFIED.,.F.,.F.,(5,5),(0.,1.),.PIECEWISE_BEZIER_KNOTS.);
#3550 = CARTESIAN_POINT('',(-2.261421775427,-3.,91.445751311065));
#3551 = CARTESIAN_POINT('',(-3.196066481571,-3.,91.445751311065));
#3552 = CARTESIAN_POINT('',(-4.130711187714,-3.,91.445751311065));
#3553 = CARTESIAN_POINT('',(-5.065355893857,-3.,91.445751311065));
#3554 = CARTESIAN_POINT('',(-6.0000006,-3.,91.445751311065));
#3555 = PCURVE('',#614,#3556);
#3556 = DEFINITIONAL_REPRESENTATION('',(#3557),#3563);
#3557 = B_SPLINE_CURVE_WITH_KNOTS('',4,(#3558,#3559,#3560,#3561,#3562),
  .UNSPECIFIED.,.F.,.F.,(5,5),(0.,1.),.PIECEWISE_BEZIER_KNOTS.);
#3558 = CARTESIAN_POINT('',(20.0000006,0.362047927592));
#3559 = CARTESIAN_POINT('',(18.760102060015,0.362047927592));
#3560 = CARTESIAN_POINT('',(17.52020352003,0.362047927592));
#3561 = CARTESIAN_POINT('',(16.280304980045,0.362047927592));
#3562 = CARTESIAN_POINT('',(15.04040644006,0.362047927592));
#3563 = ( GEOMETRIC_REPRESENTATION_CONTEXT(2) 
PARAMETRIC_REPRESENTATION_CONTEXT() REPRESENTATION_CONTEXT('2D SPACE',''
  ) );
#3564 = PCURVE('',#1178,#3565);
#3565 = DEFINITIONAL_REPRESENTATION('',(#3566),#3572);
#3566 = B_SPLINE_CURVE_WITH_KNOTS('',4,(#3567,#3568,#3569,#3570,#3571),
  .UNSPECIFIED.,.F.,.F.,(5,5),(0.,1.),.PIECEWISE_BEZIER_KNOTS.);
#3567 = CARTESIAN_POINT('',(-2.418858405776,-3.738578224573));
#3568 = CARTESIAN_POINT('',(-2.418858405776,-2.803933518429));
#3569 = CARTESIAN_POINT('',(-2.418858405776,-1.869288812286));
#3570 = CARTESIAN_POINT('',(-2.418858405776,-0.934644106143));
#3571 = CARTESIAN_POINT('',(-2.418858405776,5.999999999062E-07));
#3572 = ( GEOMETRIC_REPRESENTATION_CONTEXT(2) 
PARAMETRIC_REPRESENTATION_CONTEXT() REPRESENTATION_CONTEXT('2D SPACE',''
  ) );
#3573 = ORIENTED_EDGE('',*,*,#3042,.F.);
#3574 = ORIENTED_EDGE('',*,*,#3575,.T.);
#3575 = EDGE_CURVE('',#2876,#3576,#3578,.T.);
#3576 = VERTEX_POINT('',#3577);
#3577 = CARTESIAN_POINT('',(-6.,-3.,117.35424868893));
#3578 = SURFACE_CURVE('',#3579,(#3585,#3594),.PCURVE_S1.);
#3579 = B_SPLINE_CURVE_WITH_KNOTS('',4,(#3580,#3581,#3582,#3583,#3584),
  .UNSPECIFIED.,.F.,.F.,(5,5),(0.,1.),.PIECEWISE_BEZIER_KNOTS.);
#3580 = CARTESIAN_POINT('',(-1.820977408093,-3.,117.35424868893));
#3581 = CARTESIAN_POINT('',(-2.865733206069,-3.,117.35424868893));
#3582 = CARTESIAN_POINT('',(-3.910489004046,-3.,117.35424868893));
#3583 = CARTESIAN_POINT('',(-4.955244802023,-3.,117.35424868893));
#3584 = CARTESIAN_POINT('',(-6.0000006,-3.,117.35424868893));
#3585 = PCURVE('',#614,#3586);
#3586 = DEFINITIONAL_REPRESENTATION('',(#3587),#3593);
#3587 = B_SPLINE_CURVE_WITH_KNOTS('',4,(#3588,#3589,#3590,#3591,#3592),
  .UNSPECIFIED.,.F.,.F.,(5,5),(0.,1.),.PIECEWISE_BEZIER_KNOTS.);
#3588 = CARTESIAN_POINT('',(20.0000006,0.577952072408));
#3589 = CARTESIAN_POINT('',(18.278800351634,0.577952072408));
#3590 = CARTESIAN_POINT('',(16.557600103269,0.577952072408));
#3591 = CARTESIAN_POINT('',(14.836399854903,0.577952072408));
#3592 = CARTESIAN_POINT('',(13.115199606537,0.577952072408));
#3593 = ( GEOMETRIC_REPRESENTATION_CONTEXT(2) 
PARAMETRIC_REPRESENTATION_CONTEXT() REPRESENTATION_CONTEXT('2D SPACE',''
  ) );
#3594 = PCURVE('',#1430,#3595);
#3595 = DEFINITIONAL_REPRESENTATION('',(#3596),#3602);
#3596 = B_SPLINE_CURVE_WITH_KNOTS('',4,(#3597,#3598,#3599,#3600,#3601),
  .UNSPECIFIED.,.F.,.F.,(5,5),(0.,1.),.PIECEWISE_BEZIER_KNOTS.);
#3597 = CARTESIAN_POINT('',(-3.864326901403,-4.179022591907));
#3598 = CARTESIAN_POINT('',(-3.864326901403,-3.134266793931));
#3599 = CARTESIAN_POINT('',(-3.864326901403,-2.089510995954));
#3600 = CARTESIAN_POINT('',(-3.864326901403,-1.044755197977));
#3601 = CARTESIAN_POINT('',(-3.864326901403,5.999999999062E-07));
#3602 = ( GEOMETRIC_REPRESENTATION_CONTEXT(2) 
PARAMETRIC_REPRESENTATION_CONTEXT() REPRESENTATION_CONTEXT('2D SPACE',''
  ) );
#3603 = ORIENTED_EDGE('',*,*,#3604,.T.);
#3604 = EDGE_CURVE('',#3576,#3605,#3607,.T.);
#3605 = VERTEX_POINT('',#3606);
#3606 = CARTESIAN_POINT('',(-6.,-3.,122.64575131106));
#3607 = SURFACE_CURVE('',#3608,(#3615,#3625),.PCURVE_S1.);
#3608 = B_SPLINE_CURVE_WITH_KNOTS('',5,(#3609,#3610,#3611,#3612,#3613,
    #3614),.UNSPECIFIED.,.F.,.F.,(6,6),(0.,1.),
  .PIECEWISE_BEZIER_KNOTS.);
#3609 = CARTESIAN_POINT('',(-6.,-3.,116.));
#3610 = CARTESIAN_POINT('',(-6.,-3.,117.60107839169));
#3611 = CARTESIAN_POINT('',(-6.,-3.,119.20168174041));
#3612 = CARTESIAN_POINT('',(-6.,-3.,120.8017536479));
#3613 = CARTESIAN_POINT('',(-6.,-3.,122.40122265904));
#3614 = CARTESIAN_POINT('',(-6.,-3.,124.));
#3615 = PCURVE('',#614,#3616);
#3616 = DEFINITIONAL_REPRESENTATION('',(#3617),#3624);
#3617 = B_SPLINE_CURVE_WITH_KNOTS('',5,(#3618,#3619,#3620,#3621,#3622,
    #3623),.UNSPECIFIED.,.F.,.F.,(6,6),(0.,1.),
  .PIECEWISE_BEZIER_KNOTS.);
#3618 = CARTESIAN_POINT('',(13.238611713666,0.566666666667));
#3619 = CARTESIAN_POINT('',(13.094528897186,0.580008986597));
#3620 = CARTESIAN_POINT('',(12.945172036674,0.593347347837));
#3621 = CARTESIAN_POINT('',(12.790159891177,0.606681280399));
#3622 = CARTESIAN_POINT('',(12.629058551551,0.620010188825));
#3623 = CARTESIAN_POINT('',(12.461358313817,0.633333333333));
#3624 = ( GEOMETRIC_REPRESENTATION_CONTEXT(2) 
PARAMETRIC_REPRESENTATION_CONTEXT() REPRESENTATION_CONTEXT('2D SPACE',''
  ) );
#3625 = PCURVE('',#3626,#3631);
#3626 = PLANE('',#3627);
#3627 = AXIS2_PLACEMENT_3D('',#3628,#3629,#3630);
#3628 = CARTESIAN_POINT('',(-6.,3.418600331349E-16,120.));
#3629 = DIRECTION('',(1.,0.,0.));
#3630 = DIRECTION('',(-0.,0.,1.));
#3631 = DEFINITIONAL_REPRESENTATION('',(#3632),#3639);
#3632 = B_SPLINE_CURVE_WITH_KNOTS('',5,(#3633,#3634,#3635,#3636,#3637,
    #3638),.UNSPECIFIED.,.F.,.F.,(6,6),(0.,1.),
  .PIECEWISE_BEZIER_KNOTS.);
#3633 = CARTESIAN_POINT('',(-4.,3.));
#3634 = CARTESIAN_POINT('',(-2.398921608307,3.));
#3635 = CARTESIAN_POINT('',(-0.798318259588,3.));
#3636 = CARTESIAN_POINT('',(0.801753647905,3.));
#3637 = CARTESIAN_POINT('',(2.401222659048,3.));
#3638 = CARTESIAN_POINT('',(4.,3.));
#3639 = ( GEOMETRIC_REPRESENTATION_CONTEXT(2) 
PARAMETRIC_REPRESENTATION_CONTEXT() REPRESENTATION_CONTEXT('2D SPACE',''
  ) );
#3640 = ORIENTED_EDGE('',*,*,#3641,.F.);
#3641 = EDGE_CURVE('',#2721,#3605,#3642,.T.);
#3642 = SURFACE_CURVE('',#3643,(#3649,#3658),.PCURVE_S1.);
#3643 = B_SPLINE_CURVE_WITH_KNOTS('',4,(#3644,#3645,#3646,#3647,#3648),
  .UNSPECIFIED.,.F.,.F.,(5,5),(0.,1.),.PIECEWISE_BEZIER_KNOTS.);
#3644 = CARTESIAN_POINT('',(-1.731021881507,-3.,122.64575131106));
#3645 = CARTESIAN_POINT('',(-2.798266561131,-3.,122.64575131106));
#3646 = CARTESIAN_POINT('',(-3.865511240754,-3.,122.64575131106));
#3647 = CARTESIAN_POINT('',(-4.932755920377,-3.,122.64575131106));
#3648 = CARTESIAN_POINT('',(-6.0000006,-3.,122.64575131106));
#3649 = PCURVE('',#614,#3650);
#3650 = DEFINITIONAL_REPRESENTATION('',(#3651),#3657);
#3651 = B_SPLINE_CURVE_WITH_KNOTS('',4,(#3652,#3653,#3654,#3655,#3656),
  .UNSPECIFIED.,.F.,.F.,(5,5),(0.,1.),.PIECEWISE_BEZIER_KNOTS.);
#3652 = CARTESIAN_POINT('',(20.0000006,0.622047927592));
#3653 = CARTESIAN_POINT('',(18.15038019212,0.622047927592));
#3654 = CARTESIAN_POINT('',(16.30075978424,0.622047927592));
#3655 = CARTESIAN_POINT('',(14.451139376361,0.622047927592));
#3656 = CARTESIAN_POINT('',(12.601518968481,0.622047927592));
#3657 = ( GEOMETRIC_REPRESENTATION_CONTEXT(2) 
PARAMETRIC_REPRESENTATION_CONTEXT() REPRESENTATION_CONTEXT('2D SPACE',''
  ) );
#3658 = PCURVE('',#1430,#3659);
#3659 = DEFINITIONAL_REPRESENTATION('',(#3660),#3666);
#3660 = B_SPLINE_CURVE_WITH_KNOTS('',4,(#3661,#3662,#3663,#3664,#3665),
  .UNSPECIFIED.,.F.,.F.,(5,5),(0.,1.),.PIECEWISE_BEZIER_KNOTS.);
#3661 = CARTESIAN_POINT('',(-2.418858405776,-4.268978118493));
#3662 = CARTESIAN_POINT('',(-2.418858405776,-3.201733438869));
#3663 = CARTESIAN_POINT('',(-2.418858405776,-2.134488759246));
#3664 = CARTESIAN_POINT('',(-2.418858405776,-1.067244079623));
#3665 = CARTESIAN_POINT('',(-2.418858405776,5.999999999062E-07));
#3666 = ( GEOMETRIC_REPRESENTATION_CONTEXT(2) 
PARAMETRIC_REPRESENTATION_CONTEXT() REPRESENTATION_CONTEXT('2D SPACE',''
  ) );
#3667 = ORIENTED_EDGE('',*,*,#2720,.F.);
#3668 = ORIENTED_EDGE('',*,*,#3669,.F.);
#3669 = EDGE_CURVE('',#3461,#2699,#3670,.T.);
#3670 = SURFACE_CURVE('',#3671,(#3675,#3681),.PCURVE_S1.);
#3671 = LINE('',#3672,#3673);
#3672 = CARTESIAN_POINT('',(-7.36,-3.,168.));
#3673 = VECTOR('',#3674,1.);
#3674 = DIRECTION('',(1.,-1.110223024625E-16,0.));
#3675 = PCURVE('',#614,#3676);
#3676 = DEFINITIONAL_REPRESENTATION('',(#3677),#3680);
#3677 = B_SPLINE_CURVE_WITH_KNOTS('',1,(#3678,#3679),.UNSPECIFIED.,.F.,
  .F.,(2,2),(0.,14.72),.PIECEWISE_BEZIER_KNOTS.);
#3678 = CARTESIAN_POINT('',(0.,1.));
#3679 = CARTESIAN_POINT('',(46.,1.));
#3680 = ( GEOMETRIC_REPRESENTATION_CONTEXT(2) 
PARAMETRIC_REPRESENTATION_CONTEXT() REPRESENTATION_CONTEXT('2D SPACE',''
  ) );
#3681 = PCURVE('',#966,#3682);
#3682 = DEFINITIONAL_REPRESENTATION('',(#3683),#3687);
#3683 = LINE('',#3684,#3685);
#3684 = CARTESIAN_POINT('',(13.631120622171,-5.556163297081));
#3685 = VECTOR('',#3686,1.);
#3686 = DIRECTION('',(-0.92602721618,0.377456745726));
#3687 = ( GEOMETRIC_REPRESENTATION_CONTEXT(2) 
PARAMETRIC_REPRESENTATION_CONTEXT() REPRESENTATION_CONTEXT('2D SPACE',''
  ) );
#3688 = ADVANCED_FACE('',(#3689),#696,.T.);
#3689 = FACE_BOUND('',#3690,.T.);
#3690 = EDGE_LOOP('',(#3691,#3846,#3847,#3848,#3869,#3891,#4046,#4075,
    #4107,#4136,#4291,#4320,#4349));
#3691 = ORIENTED_EDGE('',*,*,#3692,.F.);
#3692 = EDGE_CURVE('',#712,#3693,#3695,.T.);
#3693 = VERTEX_POINT('',#3694);
#3694 = CARTESIAN_POINT('',(-3.,3.,86.154248688935));
#3695 = SURFACE_CURVE('',#3696,(#3744,#3795),.PCURVE_S1.);
#3696 = B_SPLINE_CURVE_WITH_KNOTS('',6,(#3697,#3698,#3699,#3700,#3701,
    #3702,#3703,#3704,#3705,#3706,#3707,#3708,#3709,#3710,#3711,#3712,
    #3713,#3714,#3715,#3716,#3717,#3718,#3719,#3720,#3721,#3722,#3723,
    #3724,#3725,#3726,#3727,#3728,#3729,#3730,#3731,#3732,#3733,#3734,
    #3735,#3736,#3737,#3738,#3739,#3740,#3741,#3742,#3743),
  .UNSPECIFIED.,.F.,.F.,(7,5,5,5,5,5,5,5,5,7),(0.,0.112527057671,
    0.225311870388,0.338120270754,0.450567984965,0.608193190935,
    0.765727787012,0.899467046896,0.992668158283,1.),.UNSPECIFIED.);
#3697 = CARTESIAN_POINT('',(-3.,3.,48.));
#3698 = CARTESIAN_POINT('',(-3.,3.,50.259245159691));
#3699 = CARTESIAN_POINT('',(-3.,3.,52.518450163164));
#3700 = CARTESIAN_POINT('',(-3.,3.,54.777611294536));
#3701 = CARTESIAN_POINT('',(-3.,3.,57.036724058691));
#3702 = CARTESIAN_POINT('',(-3.,3.,59.295783181275));
#3703 = CARTESIAN_POINT('',(-3.,3.,63.818956511614));
#3704 = CARTESIAN_POINT('',(-3.,3.,66.083070255276));
#3705 = CARTESIAN_POINT('',(-3.,3.,68.347117844115));
#3706 = CARTESIAN_POINT('',(-3.,3.,70.611091874739));
#3707 = CARTESIAN_POINT('',(-3.,3.,72.874983535942));
#3708 = CARTESIAN_POINT('',(-3.,3.,77.403055129053));
#3709 = CARTESIAN_POINT('',(-3.,3.,79.667234712381));
#3710 = CARTESIAN_POINT('',(-3.,3.,81.931311187234));
#3711 = CARTESIAN_POINT('',(-3.,3.,84.195271973228));
#3712 = CARTESIAN_POINT('',(-3.,3.,86.459101830422));
#3713 = CARTESIAN_POINT('',(-3.,3.,90.979225643014));
#3714 = CARTESIAN_POINT('',(-3.,3.,93.235519968703));
#3715 = CARTESIAN_POINT('',(-3.,3.,95.491647913371));
#3716 = CARTESIAN_POINT('',(-3.,3.,97.747587080044));
#3717 = CARTESIAN_POINT('',(-3.,3.,100.00330980385));
#3718 = CARTESIAN_POINT('',(-3.,3.,105.42042415846));
#3719 = CARTESIAN_POINT('',(-3.,3.,108.58156786629));
#3720 = CARTESIAN_POINT('',(-3.,3.,111.74213060961));
#3721 = CARTESIAN_POINT('',(-3.,3.,114.90198361569));
#3722 = CARTESIAN_POINT('',(-3.,3.,118.06094812185));
#3723 = CARTESIAN_POINT('',(-3.,3.,124.37480183355));
#3724 = CARTESIAN_POINT('',(-3.,3.,127.52966061576));
#3725 = CARTESIAN_POINT('',(-3.,3.,130.6831495903));
#3726 = CARTESIAN_POINT('',(-3.,3.,133.83489995729));
#3727 = CARTESIAN_POINT('',(-3.,3.,136.98436852746));
#3728 = CARTESIAN_POINT('',(-3.,3.,142.80193612664));
#3729 = CARTESIAN_POINT('',(-3.,3.,145.47081276113));
#3730 = CARTESIAN_POINT('',(-3.,3.,148.13699806315));
#3731 = CARTESIAN_POINT('',(-3.,3.,150.79974683388));
#3732 = CARTESIAN_POINT('',(-3.,3.,153.45795270619));
#3733 = CARTESIAN_POINT('',(-3.,3.,157.95825149403));
#3734 = CARTESIAN_POINT('',(-3.,3.,159.80342357543));
#3735 = CARTESIAN_POINT('',(-3.,3.,161.64504609963));
#3736 = CARTESIAN_POINT('',(-3.,3.,163.48233270721));
#3737 = CARTESIAN_POINT('',(-3.,3.,165.31420281582));
#3738 = CARTESIAN_POINT('',(-3.,3.,167.28280513037));
#3739 = CARTESIAN_POINT('',(-3.,3.,167.4263322204));
#3740 = CARTESIAN_POINT('',(-3.,3.,167.56981601792));
#3741 = CARTESIAN_POINT('',(-3.,3.,167.71325576733));
#3742 = CARTESIAN_POINT('',(-3.,3.,167.85665069315));
#3743 = CARTESIAN_POINT('',(-3.,3.,168.));
#3744 = PCURVE('',#696,#3745);
#3745 = DEFINITIONAL_REPRESENTATION('',(#3746),#3794);
#3746 = B_SPLINE_CURVE_WITH_KNOTS('',6,(#3747,#3748,#3749,#3750,#3751,
    #3752,#3753,#3754,#3755,#3756,#3757,#3758,#3759,#3760,#3761,#3762,
    #3763,#3764,#3765,#3766,#3767,#3768,#3769,#3770,#3771,#3772,#3773,
    #3774,#3775,#3776,#3777,#3778,#3779,#3780,#3781,#3782,#3783,#3784,
    #3785,#3786,#3787,#3788,#3789,#3790,#3791,#3792,#3793),
  .UNSPECIFIED.,.F.,.F.,(7,5,5,5,5,5,5,5,5,7),(0.,0.112527057671,
    0.225311870388,0.338120270754,0.450567984965,0.608193190935,
    0.765727787012,0.899467046896,0.992668158283,1.),.UNSPECIFIED.);
#3747 = CARTESIAN_POINT('',(26.000000000032,1.56521723619E-11));
#3748 = CARTESIAN_POINT('',(26.038407031665,1.882704298308E-02));
#3749 = CARTESIAN_POINT('',(26.077993952715,3.765375135552E-02));
#3750 = CARTESIAN_POINT('',(26.118827581149,5.648009412896E-02));
#3751 = CARTESIAN_POINT('',(26.160983172519,7.530603382764E-02));
#3752 = CARTESIAN_POINT('',(26.20454441996,9.41315265041E-02));
#3753 = CARTESIAN_POINT('',(26.294765619923,0.131824637597));
#3754 = CARTESIAN_POINT('',(26.341433766804,0.150692252127));
#3755 = CARTESIAN_POINT('',(26.389700139268,0.169559315368));
#3756 = CARTESIAN_POINT('',(26.439669867137,0.188425765623));
#3757 = CARTESIAN_POINT('',(26.491460965618,0.207291529466));
#3758 = CARTESIAN_POINT('',(26.598959198201,0.245025459409));
#3759 = CARTESIAN_POINT('',(26.65466795053,0.263893622603));
#3760 = CARTESIAN_POINT('',(26.712463743581,0.28276092656));
#3761 = CARTESIAN_POINT('',(26.772495191876,0.301627266444));
#3762 = CARTESIAN_POINT('',(26.834931159203,0.320492515254));
#3763 = CARTESIAN_POINT('',(26.9647920333,0.358160213692));
#3764 = CARTESIAN_POINT('',(27.032200275884,0.376962666406));
#3765 = CARTESIAN_POINT('',(27.102382997829,0.395763732611));
#3766 = CARTESIAN_POINT('',(27.175557176986,0.414563225667));
#3767 = CARTESIAN_POINT('',(27.251972529778,0.433360915032));
#3768 = CARTESIAN_POINT('',(27.44398752533,0.478503534654));
#3769 = CARTESIAN_POINT('',(27.562995694146,0.504846398886));
#3770 = CARTESIAN_POINT('',(27.689746634396,0.531184421747));
#3771 = CARTESIAN_POINT('',(27.825209155663,0.557516530131));
#3772 = CARTESIAN_POINT('',(27.970570067692,0.583841234349));
#3773 = CARTESIAN_POINT('',(28.284109819195,0.636456681946));
#3774 = CARTESIAN_POINT('',(28.452274844162,0.662747171798));
#3775 = CARTESIAN_POINT('',(28.63343211227,0.689026246586));
#3776 = CARTESIAN_POINT('',(28.829513252276,0.715290832977));
#3777 = CARTESIAN_POINT('',(29.042951207195,0.741536404396));
#3778 = CARTESIAN_POINT('',(29.475932961586,0.790016134389));
#3779 = CARTESIAN_POINT('',(29.689680594726,0.81225677301));
#3780 = CARTESIAN_POINT('',(29.920441807007,0.834474983859));
#3781 = CARTESIAN_POINT('',(30.170788298451,0.856664556949));
#3782 = CARTESIAN_POINT('',(30.443956287136,0.878816272552));
#3783 = CARTESIAN_POINT('',(30.953784420857,0.91631876245));
#3784 = CARTESIAN_POINT('',(31.176405660361,0.931695196462));
#3785 = CARTESIAN_POINT('',(31.413779576181,0.947042050831));
#3786 = CARTESIAN_POINT('',(31.667693031073,0.96235277256));
#3787 = CARTESIAN_POINT('',(31.940290816827,0.977618356799));
#3788 = CARTESIAN_POINT('',(32.257369598714,0.994023376088));
#3789 = CARTESIAN_POINT('',(32.280626197474,0.995219435169));
#3790 = CARTESIAN_POINT('',(32.30401621515,0.99641513348));
#3791 = CARTESIAN_POINT('',(32.327540963968,0.997610464729));
#3792 = CARTESIAN_POINT('',(32.351201775351,0.998805422447));
#3793 = CARTESIAN_POINT('',(32.374999999912,0.999999999996));
#3794 = ( GEOMETRIC_REPRESENTATION_CONTEXT(2) 
PARAMETRIC_REPRESENTATION_CONTEXT() REPRESENTATION_CONTEXT('2D SPACE',''
  ) );
#3795 = PCURVE('',#727,#3796);
#3796 = DEFINITIONAL_REPRESENTATION('',(#3797),#3845);
#3797 = B_SPLINE_CURVE_WITH_KNOTS('',6,(#3798,#3799,#3800,#3801,#3802,
    #3803,#3804,#3805,#3806,#3807,#3808,#3809,#3810,#3811,#3812,#3813,
    #3814,#3815,#3816,#3817,#3818,#3819,#3820,#3821,#3822,#3823,#3824,
    #3825,#3826,#3827,#3828,#3829,#3830,#3831,#3832,#3833,#3834,#3835,
    #3836,#3837,#3838,#3839,#3840,#3841,#3842,#3843,#3844),
  .UNSPECIFIED.,.F.,.F.,(7,5,5,5,5,5,5,5,5,7),(0.,0.112527057671,
    0.225311870388,0.338120270754,0.450567984965,0.608193190935,
    0.765727787012,0.899467046896,0.992668158283,1.),.UNSPECIFIED.);
#3798 = CARTESIAN_POINT('',(38.,0.));
#3799 = CARTESIAN_POINT('',(37.961592968305,1.882704299743E-02));
#3800 = CARTESIAN_POINT('',(37.922006047277,3.76537513597E-02));
#3801 = CARTESIAN_POINT('',(37.881172418867,5.648009412113E-02));
#3802 = CARTESIAN_POINT('',(37.839016827491,7.530603382242E-02));
#3803 = CARTESIAN_POINT('',(37.795455580027,9.413152651062E-02));
#3804 = CARTESIAN_POINT('',(37.705234380077,0.131824637597));
#3805 = CARTESIAN_POINT('',(37.658566233196,0.150692252127));
#3806 = CARTESIAN_POINT('',(37.610299860732,0.169559315368));
#3807 = CARTESIAN_POINT('',(37.560330132863,0.188425765623));
#3808 = CARTESIAN_POINT('',(37.508539034382,0.207291529466));
#3809 = CARTESIAN_POINT('',(37.401040801799,0.245025459409));
#3810 = CARTESIAN_POINT('',(37.345332049469,0.263893622603));
#3811 = CARTESIAN_POINT('',(37.287536256419,0.28276092656));
#3812 = CARTESIAN_POINT('',(37.227504808124,0.301627266444));
#3813 = CARTESIAN_POINT('',(37.165068840797,0.320492515254));
#3814 = CARTESIAN_POINT('',(37.0352079667,0.358160213692));
#3815 = CARTESIAN_POINT('',(36.967799724116,0.376962666406));
#3816 = CARTESIAN_POINT('',(36.897617002171,0.395763732611));
#3817 = CARTESIAN_POINT('',(36.824442823014,0.414563225667));
#3818 = CARTESIAN_POINT('',(36.748027470222,0.433360915032));
#3819 = CARTESIAN_POINT('',(36.55601247467,0.478503534654));
#3820 = CARTESIAN_POINT('',(36.437004305854,0.504846398886));
#3821 = CARTESIAN_POINT('',(36.310253365603,0.531184421746));
#3822 = CARTESIAN_POINT('',(36.174790844338,0.557516530131));
#3823 = CARTESIAN_POINT('',(36.029429932308,0.583841234349));
#3824 = CARTESIAN_POINT('',(35.715890180805,0.636456681946));
#3825 = CARTESIAN_POINT('',(35.547725155839,0.662747171798));
#3826 = CARTESIAN_POINT('',(35.366567887729,0.689026246586));
#3827 = CARTESIAN_POINT('',(35.170486747725,0.715290832977));
#3828 = CARTESIAN_POINT('',(34.957048792805,0.741536404396));
#3829 = CARTESIAN_POINT('',(34.524067038414,0.790016134389));
#3830 = CARTESIAN_POINT('',(34.310319405274,0.812256773009));
#3831 = CARTESIAN_POINT('',(34.079558192993,0.83447498386));
#3832 = CARTESIAN_POINT('',(33.829211701548,0.856664556949));
#3833 = CARTESIAN_POINT('',(33.556043712864,0.878816272552));
#3834 = CARTESIAN_POINT('',(33.046215579143,0.91631876245));
#3835 = CARTESIAN_POINT('',(32.823594339639,0.931695196462));
#3836 = CARTESIAN_POINT('',(32.586220423819,0.94704205083));
#3837 = CARTESIAN_POINT('',(32.332306968928,0.96235277256));
#3838 = CARTESIAN_POINT('',(32.059709183173,0.977618356799));
#3839 = CARTESIAN_POINT('',(31.742630401323,0.994023376086));
#3840 = CARTESIAN_POINT('',(31.719373802497,0.99521943517));
#3841 = CARTESIAN_POINT('',(31.695983784806,0.996415133483));
#3842 = CARTESIAN_POINT('',(31.672459036055,0.997610464728));
#3843 = CARTESIAN_POINT('',(31.64879822473,0.998805422443));
#3844 = CARTESIAN_POINT('',(31.625,1.));
#3845 = ( GEOMETRIC_REPRESENTATION_CONTEXT(2) 
PARAMETRIC_REPRESENTATION_CONTEXT() REPRESENTATION_CONTEXT('2D SPACE',''
  ) );
#3846 = ORIENTED_EDGE('',*,*,#740,.T.);
#3847 = ORIENTED_EDGE('',*,*,#682,.T.);
#3848 = ORIENTED_EDGE('',*,*,#3849,.T.);
#3849 = EDGE_CURVE('',#655,#3850,#3852,.T.);
#3850 = VERTEX_POINT('',#3851);
#3851 = CARTESIAN_POINT('',(-7.36,3.,168.));
#3852 = SURFACE_CURVE('',#3853,(#3856,#3863),.PCURVE_S1.);
#3853 = B_SPLINE_CURVE_WITH_KNOTS('',1,(#3854,#3855),.UNSPECIFIED.,.F.,
  .F.,(2,2),(0.,1.),.PIECEWISE_BEZIER_KNOTS.);
#3854 = CARTESIAN_POINT('',(-23.,3.,48.));
#3855 = CARTESIAN_POINT('',(-7.36,3.,168.));
#3856 = PCURVE('',#696,#3857);
#3857 = DEFINITIONAL_REPRESENTATION('',(#3858),#3862);
#3858 = LINE('',#3859,#3860);
#3859 = CARTESIAN_POINT('',(46.,0.));
#3860 = VECTOR('',#3861,1.);
#3861 = DIRECTION('',(0.,1.));
#3862 = ( GEOMETRIC_REPRESENTATION_CONTEXT(2) 
PARAMETRIC_REPRESENTATION_CONTEXT() REPRESENTATION_CONTEXT('2D SPACE',''
  ) );
#3863 = PCURVE('',#670,#3864);
#3864 = DEFINITIONAL_REPRESENTATION('',(#3865),#3868);
#3865 = B_SPLINE_CURVE_WITH_KNOTS('',1,(#3866,#3867),.UNSPECIFIED.,.F.,
  .F.,(2,2),(0.,1.),.PIECEWISE_BEZIER_KNOTS.);
#3866 = CARTESIAN_POINT('',(0.,-121.0149147832));
#3867 = CARTESIAN_POINT('',(0.,0.));
#3868 = ( GEOMETRIC_REPRESENTATION_CONTEXT(2) 
PARAMETRIC_REPRESENTATION_CONTEXT() REPRESENTATION_CONTEXT('2D SPACE',''
  ) );
#3869 = ORIENTED_EDGE('',*,*,#3870,.F.);
#3870 = EDGE_CURVE('',#3871,#3850,#3873,.T.);
#3871 = VERTEX_POINT('',#3872);
#3872 = CARTESIAN_POINT('',(-3.,3.,168.));
#3873 = SURFACE_CURVE('',#3874,(#3878,#3884),.PCURVE_S1.);
#3874 = LINE('',#3875,#3876);
#3875 = CARTESIAN_POINT('',(7.36,3.,168.));
#3876 = VECTOR('',#3877,1.);
#3877 = DIRECTION('',(-1.,1.110223024625E-16,0.));
#3878 = PCURVE('',#696,#3879);
#3879 = DEFINITIONAL_REPRESENTATION('',(#3880),#3883);
#3880 = B_SPLINE_CURVE_WITH_KNOTS('',1,(#3881,#3882),.UNSPECIFIED.,.F.,
  .F.,(2,2),(0.,14.72),.PIECEWISE_BEZIER_KNOTS.);
#3881 = CARTESIAN_POINT('',(0.,1.));
#3882 = CARTESIAN_POINT('',(46.,1.));
#3883 = ( GEOMETRIC_REPRESENTATION_CONTEXT(2) 
PARAMETRIC_REPRESENTATION_CONTEXT() REPRESENTATION_CONTEXT('2D SPACE',''
  ) );
#3884 = PCURVE('',#966,#3885);
#3885 = DEFINITIONAL_REPRESENTATION('',(#3886),#3890);
#3886 = LINE('',#3887,#3888);
#3887 = CARTESIAN_POINT('',(2.264740474353,5.556163297081));
#3888 = VECTOR('',#3889,1.);
#3889 = DIRECTION('',(0.92602721618,-0.377456745726));
#3890 = ( GEOMETRIC_REPRESENTATION_CONTEXT(2) 
PARAMETRIC_REPRESENTATION_CONTEXT() REPRESENTATION_CONTEXT('2D SPACE',''
  ) );
#3891 = ORIENTED_EDGE('',*,*,#3892,.F.);
#3892 = EDGE_CURVE('',#3893,#3871,#3895,.T.);
#3893 = VERTEX_POINT('',#3894);
#3894 = CARTESIAN_POINT('',(-3.,3.,122.64575131106));
#3895 = SURFACE_CURVE('',#3896,(#3944,#3995),.PCURVE_S1.);
#3896 = B_SPLINE_CURVE_WITH_KNOTS('',6,(#3897,#3898,#3899,#3900,#3901,
    #3902,#3903,#3904,#3905,#3906,#3907,#3908,#3909,#3910,#3911,#3912,
    #3913,#3914,#3915,#3916,#3917,#3918,#3919,#3920,#3921,#3922,#3923,
    #3924,#3925,#3926,#3927,#3928,#3929,#3930,#3931,#3932,#3933,#3934,
    #3935,#3936,#3937,#3938,#3939,#3940,#3941,#3942,#3943),
  .UNSPECIFIED.,.F.,.F.,(7,5,5,5,5,5,5,5,5,7),(0.,0.112527057671,
    0.225311870388,0.338120270754,0.450567984965,0.608193190935,
    0.765727787012,0.899467046896,0.992668158283,1.),.UNSPECIFIED.);
#3897 = CARTESIAN_POINT('',(-3.,3.,48.));
#3898 = CARTESIAN_POINT('',(-3.,3.,50.259245159691));
#3899 = CARTESIAN_POINT('',(-3.,3.,52.518450163164));
#3900 = CARTESIAN_POINT('',(-3.,3.,54.777611294536));
#3901 = CARTESIAN_POINT('',(-3.,3.,57.036724058691));
#3902 = CARTESIAN_POINT('',(-3.,3.,59.295783181275));
#3903 = CARTESIAN_POINT('',(-3.,3.,63.818956511614));
#3904 = CARTESIAN_POINT('',(-3.,3.,66.083070255276));
#3905 = CARTESIAN_POINT('',(-3.,3.,68.347117844115));
#3906 = CARTESIAN_POINT('',(-3.,3.,70.611091874739));
#3907 = CARTESIAN_POINT('',(-3.,3.,72.874983535942));
#3908 = CARTESIAN_POINT('',(-3.,3.,77.403055129053));
#3909 = CARTESIAN_POINT('',(-3.,3.,79.667234712381));
#3910 = CARTESIAN_POINT('',(-3.,3.,81.931311187234));
#3911 = CARTESIAN_POINT('',(-3.,3.,84.195271973228));
#3912 = CARTESIAN_POINT('',(-3.,3.,86.459101830422));
#3913 = CARTESIAN_POINT('',(-3.,3.,90.979225643014));
#3914 = CARTESIAN_POINT('',(-3.,3.,93.235519968703));
#3915 = CARTESIAN_POINT('',(-3.,3.,95.491647913371));
#3916 = CARTESIAN_POINT('',(-3.,3.,97.747587080044));
#3917 = CARTESIAN_POINT('',(-3.,3.,100.00330980385));
#3918 = CARTESIAN_POINT('',(-3.,3.,105.42042415846));
#3919 = CARTESIAN_POINT('',(-3.,3.,108.58156786629));
#3920 = CARTESIAN_POINT('',(-3.,3.,111.74213060961));
#3921 = CARTESIAN_POINT('',(-3.,3.,114.90198361569));
#3922 = CARTESIAN_POINT('',(-3.,3.,118.06094812185));
#3923 = CARTESIAN_POINT('',(-3.,3.,124.37480183355));
#3924 = CARTESIAN_POINT('',(-3.,3.,127.52966061576));
#3925 = CARTESIAN_POINT('',(-3.,3.,130.6831495903));
#3926 = CARTESIAN_POINT('',(-3.,3.,133.83489995729));
#3927 = CARTESIAN_POINT('',(-3.,3.,136.98436852746));
#3928 = CARTESIAN_POINT('',(-3.,3.,142.80193612664));
#3929 = CARTESIAN_POINT('',(-3.,3.,145.47081276113));
#3930 = CARTESIAN_POINT('',(-3.,3.,148.13699806315));
#3931 = CARTESIAN_POINT('',(-3.,3.,150.79974683388));
#3932 = CARTESIAN_POINT('',(-3.,3.,153.45795270619));
#3933 = CARTESIAN_POINT('',(-3.,3.,157.95825149403));
#3934 = CARTESIAN_POINT('',(-3.,3.,159.80342357543));
#3935 = CARTESIAN_POINT('',(-3.,3.,161.64504609963));
#3936 = CARTESIAN_POINT('',(-3.,3.,163.48233270721));
#3937 = CARTESIAN_POINT('',(-3.,3.,165.31420281582));
#3938 = CARTESIAN_POINT('',(-3.,3.,167.28280513037));
#3939 = CARTESIAN_POINT('',(-3.,3.,167.4263322204));
#3940 = CARTESIAN_POINT('',(-3.,3.,167.56981601792));
#3941 = CARTESIAN_POINT('',(-3.,3.,167.71325576733));
#3942 = CARTESIAN_POINT('',(-3.,3.,167.85665069315));
#3943 = CARTESIAN_POINT('',(-3.,3.,168.));
#3944 = PCURVE('',#696,#3945);
#3945 = DEFINITIONAL_REPRESENTATION('',(#3946),#3994);
#3946 = B_SPLINE_CURVE_WITH_KNOTS('',6,(#3947,#3948,#3949,#3950,#3951,
    #3952,#3953,#3954,#3955,#3956,#3957,#3958,#3959,#3960,#3961,#3962,
    #3963,#3964,#3965,#3966,#3967,#3968,#3969,#3970,#3971,#3972,#3973,
    #3974,#3975,#3976,#3977,#3978,#3979,#3980,#3981,#3982,#3983,#3984,
    #3985,#3986,#3987,#3988,#3989,#3990,#3991,#3992,#3993),
  .UNSPECIFIED.,.F.,.F.,(7,5,5,5,5,5,5,5,5,7),(0.,0.112527057671,
    0.225311870388,0.338120270754,0.450567984965,0.608193190935,
    0.765727787012,0.899467046896,0.992668158283,1.),.UNSPECIFIED.);
#3947 = CARTESIAN_POINT('',(26.000000000032,1.56521723619E-11));
#3948 = CARTESIAN_POINT('',(26.038407031665,1.882704298308E-02));
#3949 = CARTESIAN_POINT('',(26.077993952715,3.765375135552E-02));
#3950 = CARTESIAN_POINT('',(26.118827581149,5.648009412896E-02));
#3951 = CARTESIAN_POINT('',(26.160983172519,7.530603382764E-02));
#3952 = CARTESIAN_POINT('',(26.20454441996,9.41315265041E-02));
#3953 = CARTESIAN_POINT('',(26.294765619923,0.131824637597));
#3954 = CARTESIAN_POINT('',(26.341433766804,0.150692252127));
#3955 = CARTESIAN_POINT('',(26.389700139268,0.169559315368));
#3956 = CARTESIAN_POINT('',(26.439669867137,0.188425765623));
#3957 = CARTESIAN_POINT('',(26.491460965618,0.207291529466));
#3958 = CARTESIAN_POINT('',(26.598959198201,0.245025459409));
#3959 = CARTESIAN_POINT('',(26.65466795053,0.263893622603));
#3960 = CARTESIAN_POINT('',(26.712463743581,0.28276092656));
#3961 = CARTESIAN_POINT('',(26.772495191876,0.301627266444));
#3962 = CARTESIAN_POINT('',(26.834931159203,0.320492515254));
#3963 = CARTESIAN_POINT('',(26.9647920333,0.358160213692));
#3964 = CARTESIAN_POINT('',(27.032200275884,0.376962666406));
#3965 = CARTESIAN_POINT('',(27.102382997829,0.395763732611));
#3966 = CARTESIAN_POINT('',(27.175557176986,0.414563225667));
#3967 = CARTESIAN_POINT('',(27.251972529778,0.433360915032));
#3968 = CARTESIAN_POINT('',(27.44398752533,0.478503534654));
#3969 = CARTESIAN_POINT('',(27.562995694146,0.504846398886));
#3970 = CARTESIAN_POINT('',(27.689746634396,0.531184421747));
#3971 = CARTESIAN_POINT('',(27.825209155663,0.557516530131));
#3972 = CARTESIAN_POINT('',(27.970570067692,0.583841234349));
#3973 = CARTESIAN_POINT('',(28.284109819195,0.636456681946));
#3974 = CARTESIAN_POINT('',(28.452274844162,0.662747171798));
#3975 = CARTESIAN_POINT('',(28.63343211227,0.689026246586));
#3976 = CARTESIAN_POINT('',(28.829513252276,0.715290832977));
#3977 = CARTESIAN_POINT('',(29.042951207195,0.741536404396));
#3978 = CARTESIAN_POINT('',(29.475932961586,0.790016134389));
#3979 = CARTESIAN_POINT('',(29.689680594726,0.81225677301));
#3980 = CARTESIAN_POINT('',(29.920441807007,0.834474983859));
#3981 = CARTESIAN_POINT('',(30.170788298451,0.856664556949));
#3982 = CARTESIAN_POINT('',(30.443956287136,0.878816272552));
#3983 = CARTESIAN_POINT('',(30.953784420857,0.91631876245));
#3984 = CARTESIAN_POINT('',(31.176405660361,0.931695196462));
#3985 = CARTESIAN_POINT('',(31.413779576181,0.947042050831));
#3986 = CARTESIAN_POINT('',(31.667693031073,0.96235277256));
#3987 = CARTESIAN_POINT('',(31.940290816827,0.977618356799));
#3988 = CARTESIAN_POINT('',(32.257369598714,0.994023376088));
#3989 = CARTESIAN_POINT('',(32.280626197474,0.995219435169));
#3990 = CARTESIAN_POINT('',(32.30401621515,0.99641513348));
#3991 = CARTESIAN_POINT('',(32.327540963968,0.997610464729));
#3992 = CARTESIAN_POINT('',(32.351201775351,0.998805422447));
#3993 = CARTESIAN_POINT('',(32.374999999912,0.999999999996));
#3994 = ( GEOMETRIC_REPRESENTATION_CONTEXT(2) 
PARAMETRIC_REPRESENTATION_CONTEXT() REPRESENTATION_CONTEXT('2D SPACE',''
  ) );
#3995 = PCURVE('',#727,#3996);
#3996 = DEFINITIONAL_REPRESENTATION('',(#3997),#4045);
#3997 = B_SPLINE_CURVE_WITH_KNOTS('',6,(#3998,#3999,#4000,#4001,#4002,
    #4003,#4004,#4005,#4006,#4007,#4008,#4009,#4010,#4011,#4012,#4013,
    #4014,#4015,#4016,#4017,#4018,#4019,#4020,#4021,#4022,#4023,#4024,
    #4025,#4026,#4027,#4028,#4029,#4030,#4031,#4032,#4033,#4034,#4035,
    #4036,#4037,#4038,#4039,#4040,#4041,#4042,#4043,#4044),
  .UNSPECIFIED.,.F.,.F.,(7,5,5,5,5,5,5,5,5,7),(0.,0.112527057671,
    0.225311870388,0.338120270754,0.450567984965,0.608193190935,
    0.765727787012,0.899467046896,0.992668158283,1.),.UNSPECIFIED.);
#3998 = CARTESIAN_POINT('',(38.,0.));
#3999 = CARTESIAN_POINT('',(37.961592968305,1.882704299743E-02));
#4000 = CARTESIAN_POINT('',(37.922006047277,3.76537513597E-02));
#4001 = CARTESIAN_POINT('',(37.881172418867,5.648009412113E-02));
#4002 = CARTESIAN_POINT('',(37.839016827491,7.530603382242E-02));
#4003 = CARTESIAN_POINT('',(37.795455580027,9.413152651062E-02));
#4004 = CARTESIAN_POINT('',(37.705234380077,0.131824637597));
#4005 = CARTESIAN_POINT('',(37.658566233196,0.150692252127));
#4006 = CARTESIAN_POINT('',(37.610299860732,0.169559315368));
#4007 = CARTESIAN_POINT('',(37.560330132863,0.188425765623));
#4008 = CARTESIAN_POINT('',(37.508539034382,0.207291529466));
#4009 = CARTESIAN_POINT('',(37.401040801799,0.245025459409));
#4010 = CARTESIAN_POINT('',(37.345332049469,0.263893622603));
#4011 = CARTESIAN_POINT('',(37.287536256419,0.28276092656));
#4012 = CARTESIAN_POINT('',(37.227504808124,0.301627266444));
#4013 = CARTESIAN_POINT('',(37.165068840797,0.320492515254));
#4014 = CARTESIAN_POINT('',(37.0352079667,0.358160213692));
#4015 = CARTESIAN_POINT('',(36.967799724116,0.376962666406));
#4016 = CARTESIAN_POINT('',(36.897617002171,0.395763732611));
#4017 = CARTESIAN_POINT('',(36.824442823014,0.414563225667));
#4018 = CARTESIAN_POINT('',(36.748027470222,0.433360915032));
#4019 = CARTESIAN_POINT('',(36.55601247467,0.478503534654));
#4020 = CARTESIAN_POINT('',(36.437004305854,0.504846398886));
#4021 = CARTESIAN_POINT('',(36.310253365603,0.531184421746));
#4022 = CARTESIAN_POINT('',(36.174790844338,0.557516530131));
#4023 = CARTESIAN_POINT('',(36.029429932308,0.583841234349));
#4024 = CARTESIAN_POINT('',(35.715890180805,0.636456681946));
#4025 = CARTESIAN_POINT('',(35.547725155839,0.662747171798));
#4026 = CARTESIAN_POINT('',(35.366567887729,0.689026246586));
#4027 = CARTESIAN_POINT('',(35.170486747725,0.715290832977));
#4028 = CARTESIAN_POINT('',(34.957048792805,0.741536404396));
#4029 = CARTESIAN_POINT('',(34.524067038414,0.790016134389));
#4030 = CARTESIAN_POINT('',(34.310319405274,0.812256773009));
#4031 = CARTESIAN_POINT('',(34.079558192993,0.83447498386));
#4032 = CARTESIAN_POINT('',(33.829211701548,0.856664556949));
#4033 = CARTESIAN_POINT('',(33.556043712864,0.878816272552));
#4034 = CARTESIAN_POINT('',(33.046215579143,0.91631876245));
#4035 = CARTESIAN_POINT('',(32.823594339639,0.931695196462));
#4036 = CARTESIAN_POINT('',(32.586220423819,0.94704205083));
#4037 = CARTESIAN_POINT('',(32.332306968928,0.96235277256));
#4038 = CARTESIAN_POINT('',(32.059709183173,0.977618356799));
#4039 = CARTESIAN_POINT('',(31.742630401323,0.994023376086));
#4040 = CARTESIAN_POINT('',(31.719373802497,0.99521943517));
#4041 = CARTESIAN_POINT('',(31.695983784806,0.996415133483));
#4042 = CARTESIAN_POINT('',(31.672459036055,0.997610464728));
#4043 = CARTESIAN_POINT('',(31.64879822473,0.998805422443));
#4044 = CARTESIAN_POINT('',(31.625,1.));
#4045 = ( GEOMETRIC_REPRESENTATION_CONTEXT(2) 
PARAMETRIC_REPRESENTATION_CONTEXT() REPRESENTATION_CONTEXT('2D SPACE',''
  ) );
#4046 = ORIENTED_EDGE('',*,*,#4047,.F.);
#4047 = EDGE_CURVE('',#4048,#3893,#4050,.T.);
#4048 = VERTEX_POINT('',#4049);
#4049 = CARTESIAN_POINT('',(-6.,3.,122.64575131106));
#4050 = SURFACE_CURVE('',#4051,(#4057,#4066),.PCURVE_S1.);
#4051 = B_SPLINE_CURVE_WITH_KNOTS('',4,(#4052,#4053,#4054,#4055,#4056),
  .UNSPECIFIED.,.F.,.F.,(5,5),(0.,1.),.PIECEWISE_BEZIER_KNOTS.);
#4052 = CARTESIAN_POINT('',(-6.0000006,3.,122.64575131106));
#4053 = CARTESIAN_POINT('',(-4.932755920377,3.,122.64575131106));
#4054 = CARTESIAN_POINT('',(-3.865511240754,3.,122.64575131106));
#4055 = CARTESIAN_POINT('',(-2.798266561131,3.,122.64575131106));
#4056 = CARTESIAN_POINT('',(-1.731021881507,3.,122.64575131106));
#4057 = PCURVE('',#696,#4058);
#4058 = DEFINITIONAL_REPRESENTATION('',(#4059),#4065);
#4059 = B_SPLINE_CURVE_WITH_KNOTS('',4,(#4060,#4061,#4062,#4063,#4064),
  .UNSPECIFIED.,.F.,.F.,(5,5),(0.,1.),.PIECEWISE_BEZIER_KNOTS.);
#4060 = CARTESIAN_POINT('',(33.398481031519,0.622047927592));
#4061 = CARTESIAN_POINT('',(31.548860623639,0.622047927592));
#4062 = CARTESIAN_POINT('',(29.69924021576,0.622047927592));
#4063 = CARTESIAN_POINT('',(27.84961980788,0.622047927592));
#4064 = CARTESIAN_POINT('',(25.9999994,0.622047927592));
#4065 = ( GEOMETRIC_REPRESENTATION_CONTEXT(2) 
PARAMETRIC_REPRESENTATION_CONTEXT() REPRESENTATION_CONTEXT('2D SPACE',''
  ) );
#4066 = PCURVE('',#1430,#4067);
#4067 = DEFINITIONAL_REPRESENTATION('',(#4068),#4074);
#4068 = B_SPLINE_CURVE_WITH_KNOTS('',4,(#4069,#4070,#4071,#4072,#4073),
  .UNSPECIFIED.,.F.,.F.,(5,5),(0.,1.),.PIECEWISE_BEZIER_KNOTS.);
#4069 = CARTESIAN_POINT('',(-0.722734247813,5.999999999062E-07));
#4070 = CARTESIAN_POINT('',(-0.722734247813,-1.067244079623));
#4071 = CARTESIAN_POINT('',(-0.722734247813,-2.134488759246));
#4072 = CARTESIAN_POINT('',(-0.722734247813,-3.201733438869));
#4073 = CARTESIAN_POINT('',(-0.722734247813,-4.268978118493));
#4074 = ( GEOMETRIC_REPRESENTATION_CONTEXT(2) 
PARAMETRIC_REPRESENTATION_CONTEXT() REPRESENTATION_CONTEXT('2D SPACE',''
  ) );
#4075 = ORIENTED_EDGE('',*,*,#4076,.F.);
#4076 = EDGE_CURVE('',#4077,#4048,#4079,.T.);
#4077 = VERTEX_POINT('',#4078);
#4078 = CARTESIAN_POINT('',(-6.,3.,117.35424868893));
#4079 = SURFACE_CURVE('',#4080,(#4087,#4097),.PCURVE_S1.);
#4080 = B_SPLINE_CURVE_WITH_KNOTS('',5,(#4081,#4082,#4083,#4084,#4085,
    #4086),.UNSPECIFIED.,.F.,.F.,(6,6),(0.,1.),
  .PIECEWISE_BEZIER_KNOTS.);
#4081 = CARTESIAN_POINT('',(-6.,3.,116.));
#4082 = CARTESIAN_POINT('',(-6.,3.,117.60107839169));
#4083 = CARTESIAN_POINT('',(-6.,3.,119.20168174041));
#4084 = CARTESIAN_POINT('',(-6.,3.,120.8017536479));
#4085 = CARTESIAN_POINT('',(-6.,3.,122.40122265904));
#4086 = CARTESIAN_POINT('',(-6.,3.,124.));
#4087 = PCURVE('',#696,#4088);
#4088 = DEFINITIONAL_REPRESENTATION('',(#4089),#4096);
#4089 = B_SPLINE_CURVE_WITH_KNOTS('',5,(#4090,#4091,#4092,#4093,#4094,
    #4095),.UNSPECIFIED.,.F.,.F.,(6,6),(0.,1.),
  .PIECEWISE_BEZIER_KNOTS.);
#4090 = CARTESIAN_POINT('',(32.761388286334,0.566666666667));
#4091 = CARTESIAN_POINT('',(32.905471102814,0.580008986597));
#4092 = CARTESIAN_POINT('',(33.054827963326,0.593347347837));
#4093 = CARTESIAN_POINT('',(33.209840108823,0.606681280399));
#4094 = CARTESIAN_POINT('',(33.370941448449,0.620010188825));
#4095 = CARTESIAN_POINT('',(33.538641686183,0.633333333333));
#4096 = ( GEOMETRIC_REPRESENTATION_CONTEXT(2) 
PARAMETRIC_REPRESENTATION_CONTEXT() REPRESENTATION_CONTEXT('2D SPACE',''
  ) );
#4097 = PCURVE('',#3626,#4098);
#4098 = DEFINITIONAL_REPRESENTATION('',(#4099),#4106);
#4099 = B_SPLINE_CURVE_WITH_KNOTS('',5,(#4100,#4101,#4102,#4103,#4104,
    #4105),.UNSPECIFIED.,.F.,.F.,(6,6),(0.,1.),
  .PIECEWISE_BEZIER_KNOTS.);
#4100 = CARTESIAN_POINT('',(-4.,-3.));
#4101 = CARTESIAN_POINT('',(-2.398921608307,-3.));
#4102 = CARTESIAN_POINT('',(-0.798318259588,-3.));
#4103 = CARTESIAN_POINT('',(0.801753647905,-3.));
#4104 = CARTESIAN_POINT('',(2.401222659048,-3.));
#4105 = CARTESIAN_POINT('',(4.,-3.));
#4106 = ( GEOMETRIC_REPRESENTATION_CONTEXT(2) 
PARAMETRIC_REPRESENTATION_CONTEXT() REPRESENTATION_CONTEXT('2D SPACE',''
  ) );
#4107 = ORIENTED_EDGE('',*,*,#4108,.T.);
#4108 = EDGE_CURVE('',#4077,#4109,#4111,.T.);
#4109 = VERTEX_POINT('',#4110);
#4110 = CARTESIAN_POINT('',(-3.,3.,117.35424868893));
#4111 = SURFACE_CURVE('',#4112,(#4118,#4127),.PCURVE_S1.);
#4112 = B_SPLINE_CURVE_WITH_KNOTS('',4,(#4113,#4114,#4115,#4116,#4117),
  .UNSPECIFIED.,.F.,.F.,(5,5),(0.,1.),.PIECEWISE_BEZIER_KNOTS.);
#4113 = CARTESIAN_POINT('',(-6.0000006,3.,117.35424868893));
#4114 = CARTESIAN_POINT('',(-4.955244802023,3.,117.35424868893));
#4115 = CARTESIAN_POINT('',(-3.910489004046,3.,117.35424868893));
#4116 = CARTESIAN_POINT('',(-2.865733206069,3.,117.35424868893));
#4117 = CARTESIAN_POINT('',(-1.820977408093,3.,117.35424868893));
#4118 = PCURVE('',#696,#4119);
#4119 = DEFINITIONAL_REPRESENTATION('',(#4120),#4126);
#4120 = B_SPLINE_CURVE_WITH_KNOTS('',4,(#4121,#4122,#4123,#4124,#4125),
  .UNSPECIFIED.,.F.,.F.,(5,5),(0.,1.),.PIECEWISE_BEZIER_KNOTS.);
#4121 = CARTESIAN_POINT('',(32.884800393463,0.577952072408));
#4122 = CARTESIAN_POINT('',(31.163600145097,0.577952072408));
#4123 = CARTESIAN_POINT('',(29.442399896731,0.577952072408));
#4124 = CARTESIAN_POINT('',(27.721199648366,0.577952072408));
#4125 = CARTESIAN_POINT('',(25.9999994,0.577952072408));
#4126 = ( GEOMETRIC_REPRESENTATION_CONTEXT(2) 
PARAMETRIC_REPRESENTATION_CONTEXT() REPRESENTATION_CONTEXT('2D SPACE',''
  ) );
#4127 = PCURVE('',#1430,#4128);
#4128 = DEFINITIONAL_REPRESENTATION('',(#4129),#4135);
#4129 = B_SPLINE_CURVE_WITH_KNOTS('',4,(#4130,#4131,#4132,#4133,#4134),
  .UNSPECIFIED.,.F.,.F.,(5,5),(0.,1.),.PIECEWISE_BEZIER_KNOTS.);
#4130 = CARTESIAN_POINT('',(-5.560451059366,5.999999999062E-07));
#4131 = CARTESIAN_POINT('',(-5.560451059366,-1.044755197977));
#4132 = CARTESIAN_POINT('',(-5.560451059366,-2.089510995954));
#4133 = CARTESIAN_POINT('',(-5.560451059366,-3.134266793931));
#4134 = CARTESIAN_POINT('',(-5.560451059366,-4.179022591907));
#4135 = ( GEOMETRIC_REPRESENTATION_CONTEXT(2) 
PARAMETRIC_REPRESENTATION_CONTEXT() REPRESENTATION_CONTEXT('2D SPACE',''
  ) );
#4136 = ORIENTED_EDGE('',*,*,#4137,.F.);
#4137 = EDGE_CURVE('',#4138,#4109,#4140,.T.);
#4138 = VERTEX_POINT('',#4139);
#4139 = CARTESIAN_POINT('',(-3.,3.,91.445751311065));
#4140 = SURFACE_CURVE('',#4141,(#4189,#4240),.PCURVE_S1.);
#4141 = B_SPLINE_CURVE_WITH_KNOTS('',6,(#4142,#4143,#4144,#4145,#4146,
    #4147,#4148,#4149,#4150,#4151,#4152,#4153,#4154,#4155,#4156,#4157,
    #4158,#4159,#4160,#4161,#4162,#4163,#4164,#4165,#4166,#4167,#4168,
    #4169,#4170,#4171,#4172,#4173,#4174,#4175,#4176,#4177,#4178,#4179,
    #4180,#4181,#4182,#4183,#4184,#4185,#4186,#4187,#4188),
  .UNSPECIFIED.,.F.,.F.,(7,5,5,5,5,5,5,5,5,7),(0.,0.112527057671,
    0.225311870388,0.338120270754,0.450567984965,0.608193190935,
    0.765727787012,0.899467046896,0.992668158283,1.),.UNSPECIFIED.);
#4142 = CARTESIAN_POINT('',(-3.,3.,48.));
#4143 = CARTESIAN_POINT('',(-3.,3.,50.259245159691));
#4144 = CARTESIAN_POINT('',(-3.,3.,52.518450163164));
#4145 = CARTESIAN_POINT('',(-3.,3.,54.777611294536));
#4146 = CARTESIAN_POINT('',(-3.,3.,57.036724058691));
#4147 = CARTESIAN_POINT('',(-3.,3.,59.295783181275));
#4148 = CARTESIAN_POINT('',(-3.,3.,63.818956511614));
#4149 = CARTESIAN_POINT('',(-3.,3.,66.083070255276));
#4150 = CARTESIAN_POINT('',(-3.,3.,68.347117844115));
#4151 = CARTESIAN_POINT('',(-3.,3.,70.611091874739));
#4152 = CARTESIAN_POINT('',(-3.,3.,72.874983535942));
#4153 = CARTESIAN_POINT('',(-3.,3.,77.403055129053));
#4154 = CARTESIAN_POINT('',(-3.,3.,79.667234712381));
#4155 = CARTESIAN_POINT('',(-3.,3.,81.931311187234));
#4156 = CARTESIAN_POINT('',(-3.,3.,84.195271973228));
#4157 = CARTESIAN_POINT('',(-3.,3.,86.459101830422));
#4158 = CARTESIAN_POINT('',(-3.,3.,90.979225643014));
#4159 = CARTESIAN_POINT('',(-3.,3.,93.235519968703));
#4160 = CARTESIAN_POINT('',(-3.,3.,95.491647913371));
#4161 = CARTESIAN_POINT('',(-3.,3.,97.747587080044));
#4162 = CARTESIAN_POINT('',(-3.,3.,100.00330980385));
#4163 = CARTESIAN_POINT('',(-3.,3.,105.42042415846));
#4164 = CARTESIAN_POINT('',(-3.,3.,108.58156786629));
#4165 = CARTESIAN_POINT('',(-3.,3.,111.74213060961));
#4166 = CARTESIAN_POINT('',(-3.,3.,114.90198361569));
#4167 = CARTESIAN_POINT('',(-3.,3.,118.06094812185));
#4168 = CARTESIAN_POINT('',(-3.,3.,124.37480183355));
#4169 = CARTESIAN_POINT('',(-3.,3.,127.52966061576));
#4170 = CARTESIAN_POINT('',(-3.,3.,130.6831495903));
#4171 = CARTESIAN_POINT('',(-3.,3.,133.83489995729));
#4172 = CARTESIAN_POINT('',(-3.,3.,136.98436852746));
#4173 = CARTESIAN_POINT('',(-3.,3.,142.80193612664));
#4174 = CARTESIAN_POINT('',(-3.,3.,145.47081276113));
#4175 = CARTESIAN_POINT('',(-3.,3.,148.13699806315));
#4176 = CARTESIAN_POINT('',(-3.,3.,150.79974683388));
#4177 = CARTESIAN_POINT('',(-3.,3.,153.45795270619));
#4178 = CARTESIAN_POINT('',(-3.,3.,157.95825149403));
#4179 = CARTESIAN_POINT('',(-3.,3.,159.80342357543));
#4180 = CARTESIAN_POINT('',(-3.,3.,161.64504609963));
#4181 = CARTESIAN_POINT('',(-3.,3.,163.48233270721));
#4182 = CARTESIAN_POINT('',(-3.,3.,165.31420281582));
#4183 = CARTESIAN_POINT('',(-3.,3.,167.28280513037));
#4184 = CARTESIAN_POINT('',(-3.,3.,167.4263322204));
#4185 = CARTESIAN_POINT('',(-3.,3.,167.56981601792));
#4186 = CARTESIAN_POINT('',(-3.,3.,167.71325576733));
#4187 = CARTESIAN_POINT('',(-3.,3.,167.85665069315));
#4188 = CARTESIAN_POINT('',(-3.,3.,168.));
#4189 = PCURVE('',#696,#4190);
#4190 = DEFINITIONAL_REPRESENTATION('',(#4191),#4239);
#4191 = B_SPLINE_CURVE_WITH_KNOTS('',6,(#4192,#4193,#4194,#4195,#4196,
    #4197,#4198,#4199,#4200,#4201,#4202,#4203,#4204,#4205,#4206,#4207,
    #4208,#4209,#4210,#4211,#4212,#4213,#4214,#4215,#4216,#4217,#4218,
    #4219,#4220,#4221,#4222,#4223,#4224,#4225,#4226,#4227,#4228,#4229,
    #4230,#4231,#4232,#4233,#4234,#4235,#4236,#4237,#4238),
  .UNSPECIFIED.,.F.,.F.,(7,5,5,5,5,5,5,5,5,7),(0.,0.112527057671,
    0.225311870388,0.338120270754,0.450567984965,0.608193190935,
    0.765727787012,0.899467046896,0.992668158283,1.),.UNSPECIFIED.);
#4192 = CARTESIAN_POINT('',(26.000000000032,1.56521723619E-11));
#4193 = CARTESIAN_POINT('',(26.038407031665,1.882704298308E-02));
#4194 = CARTESIAN_POINT('',(26.077993952715,3.765375135552E-02));
#4195 = CARTESIAN_POINT('',(26.118827581149,5.648009412896E-02));
#4196 = CARTESIAN_POINT('',(26.160983172519,7.530603382764E-02));
#4197 = CARTESIAN_POINT('',(26.20454441996,9.41315265041E-02));
#4198 = CARTESIAN_POINT('',(26.294765619923,0.131824637597));
#4199 = CARTESIAN_POINT('',(26.341433766804,0.150692252127));
#4200 = CARTESIAN_POINT('',(26.389700139268,0.169559315368));
#4201 = CARTESIAN_POINT('',(26.439669867137,0.188425765623));
#4202 = CARTESIAN_POINT('',(26.491460965618,0.207291529466));
#4203 = CARTESIAN_POINT('',(26.598959198201,0.245025459409));
#4204 = CARTESIAN_POINT('',(26.65466795053,0.263893622603));
#4205 = CARTESIAN_POINT('',(26.712463743581,0.28276092656));
#4206 = CARTESIAN_POINT('',(26.772495191876,0.301627266444));
#4207 = CARTESIAN_POINT('',(26.834931159203,0.320492515254));
#4208 = CARTESIAN_POINT('',(26.9647920333,0.358160213692));
#4209 = CARTESIAN_POINT('',(27.032200275884,0.376962666406));
#4210 = CARTESIAN_POINT('',(27.102382997829,0.395763732611));
#4211 = CARTESIAN_POINT('',(27.175557176986,0.414563225667));
#4212 = CARTESIAN_POINT('',(27.251972529778,0.433360915032));
#4213 = CARTESIAN_POINT('',(27.44398752533,0.478503534654));
#4214 = CARTESIAN_POINT('',(27.562995694146,0.504846398886));
#4215 = CARTESIAN_POINT('',(27.689746634396,0.531184421747));
#4216 = CARTESIAN_POINT('',(27.825209155663,0.557516530131));
#4217 = CARTESIAN_POINT('',(27.970570067692,0.583841234349));
#4218 = CARTESIAN_POINT('',(28.284109819195,0.636456681946));
#4219 = CARTESIAN_POINT('',(28.452274844162,0.662747171798));
#4220 = CARTESIAN_POINT('',(28.63343211227,0.689026246586));
#4221 = CARTESIAN_POINT('',(28.829513252276,0.715290832977));
#4222 = CARTESIAN_POINT('',(29.042951207195,0.741536404396));
#4223 = CARTESIAN_POINT('',(29.475932961586,0.790016134389));
#4224 = CARTESIAN_POINT('',(29.689680594726,0.81225677301));
#4225 = CARTESIAN_POINT('',(29.920441807007,0.834474983859));
#4226 = CARTESIAN_POINT('',(30.170788298451,0.856664556949));
#4227 = CARTESIAN_POINT('',(30.443956287136,0.878816272552));
#4228 = CARTESIAN_POINT('',(30.953784420857,0.91631876245));
#4229 = CARTESIAN_POINT('',(31.176405660361,0.931695196462));
#4230 = CARTESIAN_POINT('',(31.413779576181,0.947042050831));
#4231 = CARTESIAN_POINT('',(31.667693031073,0.96235277256));
#4232 = CARTESIAN_POINT('',(31.940290816827,0.977618356799));
#4233 = CARTESIAN_POINT('',(32.257369598714,0.994023376088));
#4234 = CARTESIAN_POINT('',(32.280626197474,0.995219435169));
#4235 = CARTESIAN_POINT('',(32.30401621515,0.99641513348));
#4236 = CARTESIAN_POINT('',(32.327540963968,0.997610464729));
#4237 = CARTESIAN_POINT('',(32.351201775351,0.998805422447));
#4238 = CARTESIAN_POINT('',(32.374999999912,0.999999999996));
#4239 = ( GEOMETRIC_REPRESENTATION_CONTEXT(2) 
PARAMETRIC_REPRESENTATION_CONTEXT() REPRESENTATION_CONTEXT('2D SPACE',''
  ) );
#4240 = PCURVE('',#727,#4241);
#4241 = DEFINITIONAL_REPRESENTATION('',(#4242),#4290);
#4242 = B_SPLINE_CURVE_WITH_KNOTS('',6,(#4243,#4244,#4245,#4246,#4247,
    #4248,#4249,#4250,#4251,#4252,#4253,#4254,#4255,#4256,#4257,#4258,
    #4259,#4260,#4261,#4262,#4263,#4264,#4265,#4266,#4267,#4268,#4269,
    #4270,#4271,#4272,#4273,#4274,#4275,#4276,#4277,#4278,#4279,#4280,
    #4281,#4282,#4283,#4284,#4285,#4286,#4287,#4288,#4289),
  .UNSPECIFIED.,.F.,.F.,(7,5,5,5,5,5,5,5,5,7),(0.,0.112527057671,
    0.225311870388,0.338120270754,0.450567984965,0.608193190935,
    0.765727787012,0.899467046896,0.992668158283,1.),.UNSPECIFIED.);
#4243 = CARTESIAN_POINT('',(38.,0.));
#4244 = CARTESIAN_POINT('',(37.961592968305,1.882704299743E-02));
#4245 = CARTESIAN_POINT('',(37.922006047277,3.76537513597E-02));
#4246 = CARTESIAN_POINT('',(37.881172418867,5.648009412113E-02));
#4247 = CARTESIAN_POINT('',(37.839016827491,7.530603382242E-02));
#4248 = CARTESIAN_POINT('',(37.795455580027,9.413152651062E-02));
#4249 = CARTESIAN_POINT('',(37.705234380077,0.131824637597));
#4250 = CARTESIAN_POINT('',(37.658566233196,0.150692252127));
#4251 = CARTESIAN_POINT('',(37.610299860732,0.169559315368));
#4252 = CARTESIAN_POINT('',(37.560330132863,0.188425765623));
#4253 = CARTESIAN_POINT('',(37.508539034382,0.207291529466));
#4254 = CARTESIAN_POINT('',(37.401040801799,0.245025459409));
#4255 = CARTESIAN_POINT('',(37.345332049469,0.263893622603));
#4256 = CARTESIAN_POINT('',(37.287536256419,0.28276092656));
#4257 = CARTESIAN_POINT('',(37.227504808124,0.301627266444));
#4258 = CARTESIAN_POINT('',(37.165068840797,0.320492515254));
#4259 = CARTESIAN_POINT('',(37.0352079667,0.358160213692));
#4260 = CARTESIAN_POINT('',(36.967799724116,0.376962666406));
#4261 = CARTESIAN_POINT('',(36.897617002171,0.395763732611));
#4262 = CARTESIAN_POINT('',(36.824442823014,0.414563225667));
#4263 = CARTESIAN_POINT('',(36.748027470222,0.433360915032));
#4264 = CARTESIAN_POINT('',(36.55601247467,0.478503534654));
#4265 = CARTESIAN_POINT('',(36.437004305854,0.504846398886));
#4266 = CARTESIAN_POINT('',(36.310253365603,0.531184421746));
#4267 = CARTESIAN_POINT('',(36.174790844338,0.557516530131));
#4268 = CARTESIAN_POINT('',(36.029429932308,0.583841234349));
#4269 = CARTESIAN_POINT('',(35.715890180805,0.636456681946));
#4270 = CARTESIAN_POINT('',(35.547725155839,0.662747171798));
#4271 = CARTESIAN_POINT('',(35.366567887729,0.689026246586));
#4272 = CARTESIAN_POINT('',(35.170486747725,0.715290832977));
#4273 = CARTESIAN_POINT('',(34.957048792805,0.741536404396));
#4274 = CARTESIAN_POINT('',(34.524067038414,0.790016134389));
#4275 = CARTESIAN_POINT('',(34.310319405274,0.812256773009));
#4276 = CARTESIAN_POINT('',(34.079558192993,0.83447498386));
#4277 = CARTESIAN_POINT('',(33.829211701548,0.856664556949));
#4278 = CARTESIAN_POINT('',(33.556043712864,0.878816272552));
#4279 = CARTESIAN_POINT('',(33.046215579143,0.91631876245));
#4280 = CARTESIAN_POINT('',(32.823594339639,0.931695196462));
#4281 = CARTESIAN_POINT('',(32.586220423819,0.94704205083));
#4282 = CARTESIAN_POINT('',(32.332306968928,0.96235277256));
#4283 = CARTESIAN_POINT('',(32.059709183173,0.977618356799));
#4284 = CARTESIAN_POINT('',(31.742630401323,0.994023376086));
#4285 = CARTESIAN_POINT('',(31.719373802497,0.99521943517));
#4286 = CARTESIAN_POINT('',(31.695983784806,0.996415133483));
#4287 = CARTESIAN_POINT('',(31.672459036055,0.997610464728));
#4288 = CARTESIAN_POINT('',(31.64879822473,0.998805422443));
#4289 = CARTESIAN_POINT('',(31.625,1.));
#4290 = ( GEOMETRIC_REPRESENTATION_CONTEXT(2) 
PARAMETRIC_REPRESENTATION_CONTEXT() REPRESENTATION_CONTEXT('2D SPACE',''
  ) );
#4291 = ORIENTED_EDGE('',*,*,#4292,.F.);
#4292 = EDGE_CURVE('',#4293,#4138,#4295,.T.);
#4293 = VERTEX_POINT('',#4294);
#4294 = CARTESIAN_POINT('',(-6.,3.,91.445751311065));
#4295 = SURFACE_CURVE('',#4296,(#4302,#4311),.PCURVE_S1.);
#4296 = B_SPLINE_CURVE_WITH_KNOTS('',4,(#4297,#4298,#4299,#4300,#4301),
  .UNSPECIFIED.,.F.,.F.,(5,5),(0.,1.),.PIECEWISE_BEZIER_KNOTS.);
#4297 = CARTESIAN_POINT('',(-6.0000006,3.,91.445751311065));
#4298 = CARTESIAN_POINT('',(-5.065355893857,3.,91.445751311065));
#4299 = CARTESIAN_POINT('',(-4.130711187714,3.,91.445751311065));
#4300 = CARTESIAN_POINT('',(-3.196066481571,3.,91.445751311065));
#4301 = CARTESIAN_POINT('',(-2.261421775427,3.,91.445751311065));
#4302 = PCURVE('',#696,#4303);
#4303 = DEFINITIONAL_REPRESENTATION('',(#4304),#4310);
#4304 = B_SPLINE_CURVE_WITH_KNOTS('',4,(#4305,#4306,#4307,#4308,#4309),
  .UNSPECIFIED.,.F.,.F.,(5,5),(0.,1.),.PIECEWISE_BEZIER_KNOTS.);
#4305 = CARTESIAN_POINT('',(30.95959355994,0.362047927592));
#4306 = CARTESIAN_POINT('',(29.719695019955,0.362047927592));
#4307 = CARTESIAN_POINT('',(28.47979647997,0.362047927592));
#4308 = CARTESIAN_POINT('',(27.239897939985,0.362047927592));
#4309 = CARTESIAN_POINT('',(25.9999994,0.362047927592));
#4310 = ( GEOMETRIC_REPRESENTATION_CONTEXT(2) 
PARAMETRIC_REPRESENTATION_CONTEXT() REPRESENTATION_CONTEXT('2D SPACE',''
  ) );
#4311 = PCURVE('',#1178,#4312);
#4312 = DEFINITIONAL_REPRESENTATION('',(#4313),#4319);
#4313 = B_SPLINE_CURVE_WITH_KNOTS('',4,(#4314,#4315,#4316,#4317,#4318),
  .UNSPECIFIED.,.F.,.F.,(5,5),(0.,1.),.PIECEWISE_BEZIER_KNOTS.);
#4314 = CARTESIAN_POINT('',(-0.722734247813,5.999999999062E-07));
#4315 = CARTESIAN_POINT('',(-0.722734247813,-0.934644106143));
#4316 = CARTESIAN_POINT('',(-0.722734247813,-1.869288812286));
#4317 = CARTESIAN_POINT('',(-0.722734247813,-2.803933518429));
#4318 = CARTESIAN_POINT('',(-0.722734247813,-3.738578224573));
#4319 = ( GEOMETRIC_REPRESENTATION_CONTEXT(2) 
PARAMETRIC_REPRESENTATION_CONTEXT() REPRESENTATION_CONTEXT('2D SPACE',''
  ) );
#4320 = ORIENTED_EDGE('',*,*,#4321,.F.);
#4321 = EDGE_CURVE('',#4322,#4293,#4324,.T.);
#4322 = VERTEX_POINT('',#4323);
#4323 = CARTESIAN_POINT('',(-6.,3.,86.154248688935));
#4324 = SURFACE_CURVE('',#4325,(#4331,#4340),.PCURVE_S1.);
#4325 = B_SPLINE_CURVE_WITH_KNOTS('',4,(#4326,#4327,#4328,#4329,#4330),
  .UNSPECIFIED.,.F.,.F.,(5,5),(0.,1.),.PIECEWISE_BEZIER_KNOTS.);
#4326 = CARTESIAN_POINT('',(-6.,3.,84.8));
#4327 = CARTESIAN_POINT('',(-6.,3.,86.800371550785));
#4328 = CARTESIAN_POINT('',(-6.,3.,88.800518582415));
#4329 = CARTESIAN_POINT('',(-6.,3.,90.800409676848));
#4330 = CARTESIAN_POINT('',(-6.,3.,92.8));
#4331 = PCURVE('',#696,#4332);
#4332 = DEFINITIONAL_REPRESENTATION('',(#4333),#4339);
#4333 = B_SPLINE_CURVE_WITH_KNOTS('',4,(#4334,#4335,#4336,#4337,#4338),
  .UNSPECIFIED.,.F.,.F.,(5,5),(0.,1.),.PIECEWISE_BEZIER_KNOTS.);
#4334 = CARTESIAN_POINT('',(30.580862533693,0.306666666667));
#4335 = CARTESIAN_POINT('',(30.689436156346,0.32333642959));
#4336 = CARTESIAN_POINT('',(30.80214468787,0.34000432152));
#4337 = CARTESIAN_POINT('',(30.919338110488,0.35667008064));
#4338 = CARTESIAN_POINT('',(31.041458184417,0.373333333333));
#4339 = ( GEOMETRIC_REPRESENTATION_CONTEXT(2) 
PARAMETRIC_REPRESENTATION_CONTEXT() REPRESENTATION_CONTEXT('2D SPACE',''
  ) );
#4340 = PCURVE('',#3533,#4341);
#4341 = DEFINITIONAL_REPRESENTATION('',(#4342),#4348);
#4342 = B_SPLINE_CURVE_WITH_KNOTS('',4,(#4343,#4344,#4345,#4346,#4347),
  .UNSPECIFIED.,.F.,.F.,(5,5),(0.,1.),.PIECEWISE_BEZIER_KNOTS.);
#4343 = CARTESIAN_POINT('',(-4.,-3.));
#4344 = CARTESIAN_POINT('',(-1.999628449215,-3.));
#4345 = CARTESIAN_POINT('',(5.185824152605E-04,-3.));
#4346 = CARTESIAN_POINT('',(2.000409676848,-3.));
#4347 = CARTESIAN_POINT('',(4.,-3.));
#4348 = ( GEOMETRIC_REPRESENTATION_CONTEXT(2) 
PARAMETRIC_REPRESENTATION_CONTEXT() REPRESENTATION_CONTEXT('2D SPACE',''
  ) );
#4349 = ORIENTED_EDGE('',*,*,#4350,.T.);
#4350 = EDGE_CURVE('',#4322,#3693,#4351,.T.);
#4351 = SURFACE_CURVE('',#4352,(#4358,#4367),.PCURVE_S1.);
#4352 = B_SPLINE_CURVE_WITH_KNOTS('',4,(#4353,#4354,#4355,#4356,#4357),
  .UNSPECIFIED.,.F.,.F.,(5,5),(0.,1.),.PIECEWISE_BEZIER_KNOTS.);
#4353 = CARTESIAN_POINT('',(-6.0000006,3.,86.154248688935));
#4354 = CARTESIAN_POINT('',(-5.087844775503,3.,86.154248688935));
#4355 = CARTESIAN_POINT('',(-4.175688951006,3.,86.154248688935));
#4356 = CARTESIAN_POINT('',(-3.263533126509,3.,86.154248688935));
#4357 = CARTESIAN_POINT('',(-2.351377302013,3.,86.154248688935));
#4358 = PCURVE('',#696,#4359);
#4359 = DEFINITIONAL_REPRESENTATION('',(#4360),#4366);
#4360 = B_SPLINE_CURVE_WITH_KNOTS('',4,(#4361,#4362,#4363,#4364,#4365),
  .UNSPECIFIED.,.F.,.F.,(5,5),(0.,1.),.PIECEWISE_BEZIER_KNOTS.);
#4361 = CARTESIAN_POINT('',(30.655087162997,0.317952072408));
#4362 = CARTESIAN_POINT('',(29.491315222248,0.317952072408));
#4363 = CARTESIAN_POINT('',(28.327543281499,0.317952072408));
#4364 = CARTESIAN_POINT('',(27.163771340749,0.317952072408));
#4365 = CARTESIAN_POINT('',(25.9999994,0.317952072408));
#4366 = ( GEOMETRIC_REPRESENTATION_CONTEXT(2) 
PARAMETRIC_REPRESENTATION_CONTEXT() REPRESENTATION_CONTEXT('2D SPACE',''
  ) );
#4367 = PCURVE('',#1178,#4368);
#4368 = DEFINITIONAL_REPRESENTATION('',(#4369),#4375);
#4369 = B_SPLINE_CURVE_WITH_KNOTS('',4,(#4370,#4371,#4372,#4373,#4374),
  .UNSPECIFIED.,.F.,.F.,(5,5),(0.,1.),.PIECEWISE_BEZIER_KNOTS.);
#4370 = CARTESIAN_POINT('',(-5.560451059366,5.999999999062E-07));
#4371 = CARTESIAN_POINT('',(-5.560451059366,-0.912155224497));
#4372 = CARTESIAN_POINT('',(-5.560451059366,-1.824311048994));
#4373 = CARTESIAN_POINT('',(-5.560451059366,-2.736466873491));
#4374 = CARTESIAN_POINT('',(-5.560451059366,-3.648622697987));
#4375 = ( GEOMETRIC_REPRESENTATION_CONTEXT(2) 
PARAMETRIC_REPRESENTATION_CONTEXT() REPRESENTATION_CONTEXT('2D SPACE',''
  ) );
#4376 = ADVANCED_FACE('',(#4377),#670,.T.);
#4377 = FACE_BOUND('',#4378,.T.);
#4378 = EDGE_LOOP('',(#4379,#4380,#4381,#4402));
#4379 = ORIENTED_EDGE('',*,*,#654,.T.);
#4380 = ORIENTED_EDGE('',*,*,#3460,.T.);
#4381 = ORIENTED_EDGE('',*,*,#4382,.F.);
#4382 = EDGE_CURVE('',#3850,#3461,#4383,.T.);
#4383 = SURFACE_CURVE('',#4384,(#4388,#4395),.PCURVE_S1.);
#4384 = LINE('',#4385,#4386);
#4385 = CARTESIAN_POINT('',(-7.36,3.,168.));
#4386 = VECTOR('',#4387,1.);
#4387 = DIRECTION('',(-1.110223024625E-16,-1.,0.));
#4388 = PCURVE('',#670,#4389);
#4389 = DEFINITIONAL_REPRESENTATION('',(#4390),#4394);
#4390 = LINE('',#4391,#4392);
#4391 = CARTESIAN_POINT('',(0.,0.));
#4392 = VECTOR('',#4393,1.);
#4393 = DIRECTION('',(1.,0.));
#4394 = ( GEOMETRIC_REPRESENTATION_CONTEXT(2) 
PARAMETRIC_REPRESENTATION_CONTEXT() REPRESENTATION_CONTEXT('2D SPACE',''
  ) );
#4395 = PCURVE('',#966,#4396);
#4396 = DEFINITIONAL_REPRESENTATION('',(#4397),#4401);
#4397 = LINE('',#4398,#4399);
#4398 = CARTESIAN_POINT('',(15.895861096524,0.));
#4399 = VECTOR('',#4400,1.);
#4400 = DIRECTION('',(-0.377456745726,-0.92602721618));
#4401 = ( GEOMETRIC_REPRESENTATION_CONTEXT(2) 
PARAMETRIC_REPRESENTATION_CONTEXT() REPRESENTATION_CONTEXT('2D SPACE',''
  ) );
#4402 = ORIENTED_EDGE('',*,*,#3849,.F.);
#4403 = ADVANCED_FACE('',(#4404),#727,.T.);
#4404 = FACE_BOUND('',#4405,.T.);
#4405 = EDGE_LOOP('',(#4406,#4427,#4428,#4429,#4430,#4492,#4552,#4553,
    #4636,#4717,#4718));
#4406 = ORIENTED_EDGE('',*,*,#4407,.F.);
#4407 = EDGE_CURVE('',#766,#4408,#4410,.T.);
#4408 = VERTEX_POINT('',#4409);
#4409 = CARTESIAN_POINT('',(-3.,13.12,168.));
#4410 = SURFACE_CURVE('',#4411,(#4414,#4421),.PCURVE_S1.);
#4411 = B_SPLINE_CURVE_WITH_KNOTS('',1,(#4412,#4413),.UNSPECIFIED.,.F.,
  .F.,(2,2),(0.,1.),.PIECEWISE_BEZIER_KNOTS.);
#4412 = CARTESIAN_POINT('',(-3.,41.,48.));
#4413 = CARTESIAN_POINT('',(-3.,13.12,168.));
#4414 = PCURVE('',#727,#4415);
#4415 = DEFINITIONAL_REPRESENTATION('',(#4416),#4420);
#4416 = LINE('',#4417,#4418);
#4417 = CARTESIAN_POINT('',(0.,0.));
#4418 = VECTOR('',#4419,1.);
#4419 = DIRECTION('',(0.,1.));
#4420 = ( GEOMETRIC_REPRESENTATION_CONTEXT(2) 
PARAMETRIC_REPRESENTATION_CONTEXT() REPRESENTATION_CONTEXT('2D SPACE',''
  ) );
#4421 = PCURVE('',#804,#4422);
#4422 = DEFINITIONAL_REPRESENTATION('',(#4423),#4426);
#4423 = B_SPLINE_CURVE_WITH_KNOTS('',1,(#4424,#4425),.UNSPECIFIED.,.F.,
  .F.,(2,2),(0.,1.),.PIECEWISE_BEZIER_KNOTS.);
#4424 = CARTESIAN_POINT('',(6.,-123.1961622778));
#4425 = CARTESIAN_POINT('',(6.,0.));
#4426 = ( GEOMETRIC_REPRESENTATION_CONTEXT(2) 
PARAMETRIC_REPRESENTATION_CONTEXT() REPRESENTATION_CONTEXT('2D SPACE',''
  ) );
#4427 = ORIENTED_EDGE('',*,*,#765,.T.);
#4428 = ORIENTED_EDGE('',*,*,#711,.T.);
#4429 = ORIENTED_EDGE('',*,*,#3692,.T.);
#4430 = ORIENTED_EDGE('',*,*,#4431,.T.);
#4431 = EDGE_CURVE('',#3693,#4432,#4434,.T.);
#4432 = VERTEX_POINT('',#4433);
#4433 = CARTESIAN_POINT('',(-3.,4.,88.8));
#4434 = SURFACE_CURVE('',#4435,(#4452,#4472),.PCURVE_S1.);
#4435 = B_SPLINE_CURVE_WITH_KNOTS('',8,(#4436,#4437,#4438,#4439,#4440,
    #4441,#4442,#4443,#4444,#4445,#4446,#4447,#4448,#4449,#4450,#4451),
  .UNSPECIFIED.,.F.,.F.,(9,7,9),(0.,0.608507489962,1.),.UNSPECIFIED.);
#4436 = CARTESIAN_POINT('',(-3.,2.361286954468,85.571327839705));
#4437 = CARTESIAN_POINT('',(-3.,2.552686893588,85.71130804113));
#4438 = CARTESIAN_POINT('',(-3.,2.738665896089,85.867227182566));
#4439 = CARTESIAN_POINT('',(-3.,2.918648627686,86.040140869895));
#4440 = CARTESIAN_POINT('',(-3.,3.091376922483,86.231182521618));
#4441 = CARTESIAN_POINT('',(-3.,3.254994962195,86.441387392356));
#4442 = CARTESIAN_POINT('',(-3.,3.407044843232,86.671667748546));
#4443 = CARTESIAN_POINT('',(-3.,3.544567754039,86.922644348382));
#4444 = CARTESIAN_POINT('',(-3.,3.740646578277,87.370257415481));
#4445 = CARTESIAN_POINT('',(-3.,3.809843363481,87.554284258408));
#4446 = CARTESIAN_POINT('',(-3.,3.870299777733,87.746808302273));
#4447 = CARTESIAN_POINT('',(-3.,3.920733780296,87.94721091796));
#4448 = CARTESIAN_POINT('',(-3.,3.95987690676,88.1544847435));
#4449 = CARTESIAN_POINT('',(-3.,3.986578749016,88.367173624476));
#4450 = CARTESIAN_POINT('',(-3.,4.,88.583266917889));
#4451 = CARTESIAN_POINT('',(-3.,4.,88.8));
#4452 = PCURVE('',#727,#4453);
#4453 = DEFINITIONAL_REPRESENTATION('',(#4454),#4471);
#4454 = B_SPLINE_CURVE_WITH_KNOTS('',8,(#4455,#4456,#4457,#4458,#4459,
    #4460,#4461,#4462,#4463,#4464,#4465,#4466,#4467,#4468,#4469,#4470),
  .UNSPECIFIED.,.F.,.F.,(9,7,9),(0.,0.608507489962,1.),.UNSPECIFIED.);
#4455 = CARTESIAN_POINT('',(38.0000006,0.313094398664));
#4456 = CARTESIAN_POINT('',(37.753804901998,0.314260900343));
#4457 = CARTESIAN_POINT('',(37.513585102946,0.315560226521));
#4458 = CARTESIAN_POINT('',(37.279960427151,0.317001173916));
#4459 = CARTESIAN_POINT('',(37.054415728137,0.31859318768));
#4460 = CARTESIAN_POINT('',(36.839207457356,0.320344894936));
#4461 = CARTESIAN_POINT('',(36.637391720504,0.322263897905));
#4462 = CARTESIAN_POINT('',(36.452730038836,0.32435536957));
#4463 = CARTESIAN_POINT('',(36.185308803229,0.328085478462));
#4464 = CARTESIAN_POINT('',(36.089735386523,0.329619035487));
#4465 = CARTESIAN_POINT('',(36.004820538068,0.331223402519));
#4466 = CARTESIAN_POINT('',(35.932274190235,0.332893424316));
#4467 = CARTESIAN_POINT('',(35.873828726521,0.334620706196));
#4468 = CARTESIAN_POINT('',(35.831112160538,0.336393113537));
#4469 = CARTESIAN_POINT('',(35.805397996716,0.338193890982));
#4470 = CARTESIAN_POINT('',(35.797086368366,0.34));
#4471 = ( GEOMETRIC_REPRESENTATION_CONTEXT(2) 
PARAMETRIC_REPRESENTATION_CONTEXT() REPRESENTATION_CONTEXT('2D SPACE',''
  ) );
#4472 = PCURVE('',#1178,#4473);
#4473 = DEFINITIONAL_REPRESENTATION('',(#4474),#4491);
#4474 = B_SPLINE_CURVE_WITH_KNOTS('',8,(#4475,#4476,#4477,#4478,#4479,
    #4480,#4481,#4482,#4483,#4484,#4485,#4486,#4487,#4488,#4489,#4490),
  .UNSPECIFIED.,.F.,.F.,(9,7,9),(0.,0.608507489962,1.),.UNSPECIFIED.);
#4475 = CARTESIAN_POINT('',(-5.34384636487,-3.));
#4476 = CARTESIAN_POINT('',(-5.403127682271,-3.));
#4477 = CARTESIAN_POINT('',(-5.463667435365,-3.));
#4478 = CARTESIAN_POINT('',(-5.525822290804,-3.));
#4479 = CARTESIAN_POINT('',(-5.589881483139,-3.));
#4480 = CARTESIAN_POINT('',(-5.656091430832,-3.));
#4481 = CARTESIAN_POINT('',(-5.724701996172,-3.));
#4482 = CARTESIAN_POINT('',(-5.79596894848,-3.));
#4483 = CARTESIAN_POINT('',(-5.918137981778,-3.));
#4484 = CARTESIAN_POINT('',(-5.967220076571,-3.));
#4485 = CARTESIAN_POINT('',(-6.017537531629,-3.));
#4486 = CARTESIAN_POINT('',(-6.069024795238,-3.));
#4487 = CARTESIAN_POINT('',(-6.121563872108,-3.));
#4488 = CARTESIAN_POINT('',(-6.174978782807,-3.));
#4489 = CARTESIAN_POINT('',(-6.229002036652,-3.));
#4490 = CARTESIAN_POINT('',(-6.28318530718,-3.));
#4491 = ( GEOMETRIC_REPRESENTATION_CONTEXT(2) 
PARAMETRIC_REPRESENTATION_CONTEXT() REPRESENTATION_CONTEXT('2D SPACE',''
  ) );
#4492 = ORIENTED_EDGE('',*,*,#4493,.T.);
#4493 = EDGE_CURVE('',#4432,#4138,#4494,.T.);
#4494 = SURFACE_CURVE('',#4495,(#4512,#4532),.PCURVE_S1.);
#4495 = B_SPLINE_CURVE_WITH_KNOTS('',8,(#4496,#4497,#4498,#4499,#4500,
    #4501,#4502,#4503,#4504,#4505,#4506,#4507,#4508,#4509,#4510,#4511),
  .UNSPECIFIED.,.F.,.F.,(9,7,9),(0.,0.299534966882,1.),.UNSPECIFIED.);
#4496 = CARTESIAN_POINT('',(-3.,4.,88.8));
#4497 = CARTESIAN_POINT('',(-3.,4.,88.971832823951));
#4498 = CARTESIAN_POINT('',(-3.,3.991563653107,89.144155906519));
#4499 = CARTESIAN_POINT('',(-3.,3.97460777846,89.315521213961));
#4500 = CARTESIAN_POINT('',(-3.,3.949344228181,89.484682082686));
#4501 = CARTESIAN_POINT('',(-3.,3.916199604124,89.650574019203));
#4502 = CARTESIAN_POINT('',(-3.,3.875752781343,89.812298811635));
#4503 = CARTESIAN_POINT('',(-3.,3.828690238291,89.969111952781));
#4504 = CARTESIAN_POINT('',(-3.,3.652046272116,90.474233019368));
#4505 = CARTESIAN_POINT('',(-3.,3.496926466417,90.796201110403));
#4506 = CARTESIAN_POINT('',(-3.,3.318363239094,91.085964403489));
#4507 = CARTESIAN_POINT('',(-3.,3.122835573013,91.344318227086));
#4508 = CARTESIAN_POINT('',(-3.,2.915482617646,91.573139433947));
#4509 = CARTESIAN_POINT('',(-3.,2.699890544314,91.774822702979));
#4510 = CARTESIAN_POINT('',(-3.,2.478057774131,91.952015121269));
#4511 = CARTESIAN_POINT('',(-3.,2.250179409726,92.107067072807));
#4512 = PCURVE('',#727,#4513);
#4513 = DEFINITIONAL_REPRESENTATION('',(#4514),#4531);
#4514 = B_SPLINE_CURVE_WITH_KNOTS('',8,(#4515,#4516,#4517,#4518,#4519,
    #4520,#4521,#4522,#4523,#4524,#4525,#4526,#4527,#4528,#4529,#4530),
  .UNSPECIFIED.,.F.,.F.,(9,7,9),(0.,0.299534966882,1.),.UNSPECIFIED.);
#4515 = CARTESIAN_POINT('',(35.797086368366,0.34));
#4516 = CARTESIAN_POINT('',(35.790496647236,0.3414319402));
#4517 = CARTESIAN_POINT('',(35.794842435104,0.342867965888));
#4518 = CARTESIAN_POINT('',(35.810342808998,0.344296010116));
#4519 = CARTESIAN_POINT('',(35.836827924382,0.345705684022));
#4520 = CARTESIAN_POINT('',(35.873836056446,0.347088116827));
#4521 = CARTESIAN_POINT('',(35.92069018254,0.34843582343));
#4522 = CARTESIAN_POINT('',(35.976554105741,0.349742599607));
#4523 = CARTESIAN_POINT('',(36.189931577081,0.353951941828));
#4524 = CARTESIAN_POINT('',(36.382697596115,0.356635009253));
#4525 = CARTESIAN_POINT('',(36.608659774,0.359049703362));
#4526 = CARTESIAN_POINT('',(36.859305294992,0.361202651892));
#4527 = CARTESIAN_POINT('',(37.127671118265,0.363109495283));
#4528 = CARTESIAN_POINT('',(37.40876801006,0.364790189191));
#4529 = CARTESIAN_POINT('',(37.69970129622,0.366266792677));
#4530 = CARTESIAN_POINT('',(38.0000006,0.367558892273));
#4531 = ( GEOMETRIC_REPRESENTATION_CONTEXT(2) 
PARAMETRIC_REPRESENTATION_CONTEXT() REPRESENTATION_CONTEXT('2D SPACE',''
  ) );
#4532 = PCURVE('',#1178,#4533);
#4533 = DEFINITIONAL_REPRESENTATION('',(#4534),#4551);
#4534 = B_SPLINE_CURVE_WITH_KNOTS('',8,(#4535,#4536,#4537,#4538,#4539,
    #4540,#4541,#4542,#4543,#4544,#4545,#4546,#4547,#4548,#4549,#4550),
  .UNSPECIFIED.,.F.,.F.,(9,7,9),(0.,0.299534966882,1.),.UNSPECIFIED.);
#4535 = CARTESIAN_POINT('',(0.,-3.));
#4536 = CARTESIAN_POINT('',(-4.295820598766E-02,-3.));
#4537 = CARTESIAN_POINT('',(-8.603892875134E-02,-3.));
#4538 = CARTESIAN_POINT('',(-0.129001223019,-3.));
#4539 = CARTESIAN_POINT('',(-0.171656578704,-3.));
#4540 = CARTESIAN_POINT('',(-0.213850947289,-3.));
#4541 = CARTESIAN_POINT('',(-0.25545198003,-3.));
#4542 = CARTESIAN_POINT('',(-0.296341477958,-3.));
#4543 = CARTESIAN_POINT('',(-0.430120769773,-3.));
#4544 = CARTESIAN_POINT('',(-0.51890228906,-3.));
#4545 = CARTESIAN_POINT('',(-0.603271754288,-3.));
#4546 = CARTESIAN_POINT('',(-0.683585912863,-3.));
#4547 = CARTESIAN_POINT('',(-0.760235437266,-3.));
#4548 = CARTESIAN_POINT('',(-0.833658404233,-3.));
#4549 = CARTESIAN_POINT('',(-0.904429176727,-3.));
#4550 = CARTESIAN_POINT('',(-0.973335660746,-3.));
#4551 = ( GEOMETRIC_REPRESENTATION_CONTEXT(2) 
PARAMETRIC_REPRESENTATION_CONTEXT() REPRESENTATION_CONTEXT('2D SPACE',''
  ) );
#4552 = ORIENTED_EDGE('',*,*,#4137,.T.);
#4553 = ORIENTED_EDGE('',*,*,#4554,.T.);
#4554 = EDGE_CURVE('',#4109,#4555,#4557,.T.);
#4555 = VERTEX_POINT('',#4556);
#4556 = CARTESIAN_POINT('',(-3.,4.,120.));
#4557 = SURFACE_CURVE('',#4558,(#4582,#4609),.PCURVE_S1.);
#4558 = B_SPLINE_CURVE_WITH_KNOTS('',8,(#4559,#4560,#4561,#4562,#4563,
    #4564,#4565,#4566,#4567,#4568,#4569,#4570,#4571,#4572,#4573,#4574,
    #4575,#4576,#4577,#4578,#4579,#4580,#4581),.UNSPECIFIED.,.F.,.F.,(9,
    7,7,9),(0.,0.324401673266,0.711637693464,1.),.UNSPECIFIED.);
#4559 = CARTESIAN_POINT('',(-3.,1.836409700013,116.44646662971));
#4560 = CARTESIAN_POINT('',(-3.,1.958096073181,116.50935221788));
#4561 = CARTESIAN_POINT('',(-3.,2.078776556575,116.57775242736));
#4562 = CARTESIAN_POINT('',(-3.,2.19833437377,116.65185806668));
#4563 = CARTESIAN_POINT('',(-3.,2.316618985999,116.73189167952));
#4564 = CARTESIAN_POINT('',(-3.,2.433446865641,116.81810463992));
#4565 = CARTESIAN_POINT('',(-3.,2.548599515956,116.91078543486));
#4566 = CARTESIAN_POINT('',(-3.,2.661818737044,117.01027913408));
#4567 = CARTESIAN_POINT('',(-3.,2.90527567053,117.24443154515));
#4568 = CARTESIAN_POINT('',(-3.,3.034348937975,117.38196473718));
#4569 = CARTESIAN_POINT('',(-3.,3.15973100209,117.53050164361));
#4570 = CARTESIAN_POINT('',(-3.,3.280772830078,117.69097753478));
#4571 = CARTESIAN_POINT('',(-3.,3.396494160529,117.86431669089));
#4572 = CARTESIAN_POINT('',(-3.,3.505550461278,118.05149100983));
#4573 = CARTESIAN_POINT('',(-3.,3.606277799299,118.25344015223));
#4574 = CARTESIAN_POINT('',(-3.,3.76362931777,118.63398838327));
#4575 = CARTESIAN_POINT('',(-3.,3.82493754904,118.80535950023));
#4576 = CARTESIAN_POINT('',(-3.,3.879344001084,118.98591311494));
#4577 = CARTESIAN_POINT('',(-3.,3.925518802784,119.17548582124));
#4578 = CARTESIAN_POINT('',(-3.,3.961964042453,119.37341804117));
#4579 = CARTESIAN_POINT('',(-3.,3.987207593537,119.57841660125));
#4580 = CARTESIAN_POINT('',(-3.,4.,119.78840336428));
#4581 = CARTESIAN_POINT('',(-3.,4.,120.));
#4582 = PCURVE('',#727,#4583);
#4583 = DEFINITIONAL_REPRESENTATION('',(#4584),#4608);
#4584 = B_SPLINE_CURVE_WITH_KNOTS('',8,(#4585,#4586,#4587,#4588,#4589,
    #4590,#4591,#4592,#4593,#4594,#4595,#4596,#4597,#4598,#4599,#4600,
    #4601,#4602,#4603,#4604,#4605,#4606,#4607),.UNSPECIFIED.,.F.,.F.,(9,
    7,7,9),(0.,0.324401673266,0.711637693464,1.),.UNSPECIFIED.);
#4585 = CARTESIAN_POINT('',(38.0000006,0.570387221914));
#4586 = CARTESIAN_POINT('',(37.799464624719,0.570911268482));
#4587 = CARTESIAN_POINT('',(37.60015189974,0.571481270228));
#4588 = CARTESIAN_POINT('',(37.402209829335,0.572098817222));
#4589 = CARTESIAN_POINT('',(37.205838972971,0.572765763996));
#4590 = CARTESIAN_POINT('',(37.011292063953,0.573484205333));
#4591 = CARTESIAN_POINT('',(36.818877184251,0.574256545291));
#4592 = CARTESIAN_POINT('',(36.628965095513,0.575085659451));
#4593 = CARTESIAN_POINT('',(36.218822659592,0.577036929543));
#4594 = CARTESIAN_POINT('',(36.000203869529,0.578183039477));
#4595 = CARTESIAN_POINT('',(35.786517613233,0.57942084703));
#4596 = CARTESIAN_POINT('',(35.57872453425,0.580758146123));
#4597 = CARTESIAN_POINT('',(35.378333845072,0.582202639091));
#4598 = CARTESIAN_POINT('',(35.187469149697,0.583762425082));
#4599 = CARTESIAN_POINT('',(35.008816252024,0.585445334602));
#4600 = CARTESIAN_POINT('',(34.724758851253,0.588616569861));
#4601 = CARTESIAN_POINT('',(34.612316963175,0.590044662502));
#4602 = CARTESIAN_POINT('',(34.510420681751,0.591549275958));
#4603 = CARTESIAN_POINT('',(34.421330018155,0.59312904851));
#4604 = CARTESIAN_POINT('',(34.347655126375,0.594778483676));
#4605 = CARTESIAN_POINT('',(34.292055083941,0.59648680501));
#4606 = CARTESIAN_POINT('',(34.256928501671,0.598236694702));
#4607 = CARTESIAN_POINT('',(34.243243243243,0.6));
#4608 = ( GEOMETRIC_REPRESENTATION_CONTEXT(2) 
PARAMETRIC_REPRESENTATION_CONTEXT() REPRESENTATION_CONTEXT('2D SPACE',''
  ) );
#4609 = PCURVE('',#1430,#4610);
#4610 = DEFINITIONAL_REPRESENTATION('',(#4611),#4635);
#4611 = B_SPLINE_CURVE_WITH_KNOTS('',8,(#4612,#4613,#4614,#4615,#4616,
    #4617,#4618,#4619,#4620,#4621,#4622,#4623,#4624,#4625,#4626,#4627,
    #4628,#4629,#4630,#4631,#4632,#4633,#4634),.UNSPECIFIED.,.F.,.F.,(9,
    7,7,9),(0.,0.324401673266,0.711637693464,1.),.UNSPECIFIED.);
#4612 = CARTESIAN_POINT('',(-5.189373568332,-3.));
#4613 = CARTESIAN_POINT('',(-5.223617336573,-3.));
#4614 = CARTESIAN_POINT('',(-5.258270702077,-3.));
#4615 = CARTESIAN_POINT('',(-5.293390565132,-3.));
#4616 = CARTESIAN_POINT('',(-5.32903676337,-3.));
#4617 = CARTESIAN_POINT('',(-5.365272989791,-3.));
#4618 = CARTESIAN_POINT('',(-5.402170292246,-3.));
#4619 = CARTESIAN_POINT('',(-5.439813154395,-3.));
#4620 = CARTESIAN_POINT('',(-5.524259376215,-3.));
#4621 = CARTESIAN_POINT('',(-5.571351156959,-3.));
#4622 = CARTESIAN_POINT('',(-5.619832342372,-3.));
#4623 = CARTESIAN_POINT('',(-5.669927956808,-3.));
#4624 = CARTESIAN_POINT('',(-5.72184728782,-3.));
#4625 = CARTESIAN_POINT('',(-5.775820767399,-3.));
#4626 = CARTESIAN_POINT('',(-5.832099181809,-3.));
#4627 = CARTESIAN_POINT('',(-5.935048336892,-3.));
#4628 = CARTESIAN_POINT('',(-5.98049667609,-3.));
#4629 = CARTESIAN_POINT('',(-6.027536540326,-3.));
#4630 = CARTESIAN_POINT('',(-6.076169113393,-3.));
#4631 = CARTESIAN_POINT('',(-6.126314172206,-3.));
#4632 = CARTESIAN_POINT('',(-6.177789473381,-3.));
#4633 = CARTESIAN_POINT('',(-6.230286148252,-3.));
#4634 = CARTESIAN_POINT('',(-6.28318530718,-3.));
#4635 = ( GEOMETRIC_REPRESENTATION_CONTEXT(2) 
PARAMETRIC_REPRESENTATION_CONTEXT() REPRESENTATION_CONTEXT('2D SPACE',''
  ) );
#4636 = ORIENTED_EDGE('',*,*,#4637,.T.);
#4637 = EDGE_CURVE('',#4555,#3893,#4638,.T.);
#4638 = SURFACE_CURVE('',#4639,(#4663,#4690),.PCURVE_S1.);
#4639 = B_SPLINE_CURVE_WITH_KNOTS('',8,(#4640,#4641,#4642,#4643,#4644,
    #4645,#4646,#4647,#4648,#4649,#4650,#4651,#4652,#4653,#4654,#4655,
    #4656,#4657,#4658,#4659,#4660,#4661,#4662),.UNSPECIFIED.,.F.,.F.,(9,
    7,7,9),(0.,0.201466937563,0.487984375558,1.),.UNSPECIFIED.);
#4640 = CARTESIAN_POINT('',(-3.,4.,120.));
#4641 = CARTESIAN_POINT('',(-3.,4.,120.15241933428));
#4642 = CARTESIAN_POINT('',(-3.,3.993362254413,120.30563968207));
#4643 = CARTESIAN_POINT('',(-3.,3.979965311686,120.45817541415));
#4644 = CARTESIAN_POINT('',(-3.,3.959985777293,120.60877493572));
#4645 = CARTESIAN_POINT('',(-3.,3.933814393928,120.75639271273));
#4646 = CARTESIAN_POINT('',(-3.,3.901989085754,120.90016572153));
#4647 = CARTESIAN_POINT('',(-3.,3.865144966732,121.03939432183));
#4648 = CARTESIAN_POINT('',(-3.,3.765440170966,121.36428594864));
#4649 = CARTESIAN_POINT('',(-3.,3.698114371049,121.54489338426));
#4650 = CARTESIAN_POINT('',(-3.,3.623587479421,121.71504239909));
#4651 = CARTESIAN_POINT('',(-3.,3.543295916772,121.8748499297));
#4652 = CARTESIAN_POINT('',(-3.,3.458443987213,122.0246908779));
#4653 = CARTESIAN_POINT('',(-3.,3.369970875407,122.16511703));
#4654 = CARTESIAN_POINT('',(-3.,3.278537053684,122.29681189782));
#4655 = CARTESIAN_POINT('',(-3.,3.016445989867,122.64162383606));
#4656 = CARTESIAN_POINT('',(-3.,2.840660578822,122.83647890755));
#4657 = CARTESIAN_POINT('',(-3.,2.659536770116,123.00936595574));
#4658 = CARTESIAN_POINT('',(-3.,2.474645396342,123.16257012294));
#4659 = CARTESIAN_POINT('',(-3.,2.287167342139,123.29817019897));
#4660 = CARTESIAN_POINT('',(-3.,2.097821059401,123.41772581944));
#4661 = CARTESIAN_POINT('',(-3.,1.906965806315,123.52261729809));
#4662 = CARTESIAN_POINT('',(-3.,1.714563358784,123.6138999002));
#4663 = PCURVE('',#727,#4664);
#4664 = DEFINITIONAL_REPRESENTATION('',(#4665),#4689);
#4665 = B_SPLINE_CURVE_WITH_KNOTS('',8,(#4666,#4667,#4668,#4669,#4670,
    #4671,#4672,#4673,#4674,#4675,#4676,#4677,#4678,#4679,#4680,#4681,
    #4682,#4683,#4684,#4685,#4686,#4687,#4688),.UNSPECIFIED.,.F.,.F.,(9,
    7,7,9),(0.,0.201466937563,0.487984375558,1.),.UNSPECIFIED.);
#4666 = CARTESIAN_POINT('',(34.243243243243,0.6));
#4667 = CARTESIAN_POINT('',(34.233385345588,0.601270161119));
#4668 = CARTESIAN_POINT('',(34.234655161771,0.602546997351));
#4669 = CARTESIAN_POINT('',(34.24741863228,0.603818128451));
#4670 = CARTESIAN_POINT('',(34.271528211459,0.605073124464));
#4671 = CARTESIAN_POINT('',(34.306454508875,0.606303272606));
#4672 = CARTESIAN_POINT('',(34.351393353578,0.607501381013));
#4673 = CARTESIAN_POINT('',(34.40534828124,0.608661619349));
#4674 = CARTESIAN_POINT('',(34.555134810329,0.611369049572));
#4675 = CARTESIAN_POINT('',(34.659101881586,0.612874111536));
#4676 = CARTESIAN_POINT('',(34.776487700373,0.614292019992));
#4677 = CARTESIAN_POINT('',(34.904864181045,0.615623749414));
#4678 = CARTESIAN_POINT('',(35.042147294032,0.616872423983));
#4679 = CARTESIAN_POINT('',(35.186675182833,0.618042641917));
#4680 = CARTESIAN_POINT('',(35.337248985589,0.619140099149));
#4681 = CARTESIAN_POINT('',(35.771864628367,0.622013531967));
#4682 = CARTESIAN_POINT('',(36.06670771763,0.62363732423));
#4683 = CARTESIAN_POINT('',(36.373201203158,0.625078049631));
#4684 = CARTESIAN_POINT('',(36.688324546045,0.626354751025));
#4685 = CARTESIAN_POINT('',(37.009736365972,0.627484751658));
#4686 = CARTESIAN_POINT('',(37.335934439357,0.628481048495));
#4687 = CARTESIAN_POINT('',(37.666066124279,0.629355144151));
#4688 = CARTESIAN_POINT('',(38.0000006,0.630115832502));
#4689 = ( GEOMETRIC_REPRESENTATION_CONTEXT(2) 
PARAMETRIC_REPRESENTATION_CONTEXT() REPRESENTATION_CONTEXT('2D SPACE',''
  ) );
#4690 = PCURVE('',#1430,#4691);
#4691 = DEFINITIONAL_REPRESENTATION('',(#4692),#4716);
#4692 = B_SPLINE_CURVE_WITH_KNOTS('',8,(#4693,#4694,#4695,#4696,#4697,
    #4698,#4699,#4700,#4701,#4702,#4703,#4704,#4705,#4706,#4707,#4708,
    #4709,#4710,#4711,#4712,#4713,#4714,#4715),.UNSPECIFIED.,.F.,.F.,(9,
    7,7,9),(0.,0.201466937563,0.487984375558,1.),.UNSPECIFIED.);
#4693 = CARTESIAN_POINT('',(0.,-3.));
#4694 = CARTESIAN_POINT('',(-3.810483357214E-02,-3.));
#4695 = CARTESIAN_POINT('',(-7.640987979892E-02,-3.));
#4696 = CARTESIAN_POINT('',(-0.11462825072,-3.));
#4697 = CARTESIAN_POINT('',(-0.152534676228,-3.));
#4698 = CARTESIAN_POINT('',(-0.189946104024,-3.));
#4699 = CARTESIAN_POINT('',(-0.226707897431,-3.));
#4700 = CARTESIAN_POINT('',(-0.26268563105,-3.));
#4701 = CARTESIAN_POINT('',(-0.347647245717,-3.));
#4702 = CARTESIAN_POINT('',(-0.395750224125,-3.));
#4703 = CARTESIAN_POINT('',(-0.442071146121,-3.));
#4704 = CARTESIAN_POINT('',(-0.486664431057,-3.));
#4705 = CARTESIAN_POINT('',(-0.529615469964,-3.));
#4706 = CARTESIAN_POINT('',(-0.57103835603,-3.));
#4707 = CARTESIAN_POINT('',(-0.611082171058,-3.));
#4708 = CARTESIAN_POINT('',(-0.719360457918,-3.));
#4709 = CARTESIAN_POINT('',(-0.784736214539,-3.));
#4710 = CARTESIAN_POINT('',(-0.847056084007,-3.));
#4711 = CARTESIAN_POINT('',(-0.906802843319,-3.));
#4712 = CARTESIAN_POINT('',(-0.964412426549,-3.));
#4713 = CARTESIAN_POINT('',(-1.020220268616,-3.));
#4714 = CARTESIAN_POINT('',(-1.074568895359,-3.));
#4715 = CARTESIAN_POINT('',(-1.127808457284,-3.));
#4716 = ( GEOMETRIC_REPRESENTATION_CONTEXT(2) 
PARAMETRIC_REPRESENTATION_CONTEXT() REPRESENTATION_CONTEXT('2D SPACE',''
  ) );
#4717 = ORIENTED_EDGE('',*,*,#3892,.T.);
#4718 = ORIENTED_EDGE('',*,*,#4719,.F.);
#4719 = EDGE_CURVE('',#4408,#3871,#4720,.T.);
#4720 = SURFACE_CURVE('',#4721,(#4725,#4731),.PCURVE_S1.);
#4721 = LINE('',#4722,#4723);
#4722 = CARTESIAN_POINT('',(-3.,13.12,168.));
#4723 = VECTOR('',#4724,1.);
#4724 = DIRECTION('',(0.,-1.,0.));
#4725 = PCURVE('',#727,#4726);
#4726 = DEFINITIONAL_REPRESENTATION('',(#4727),#4730);
#4727 = B_SPLINE_CURVE_WITH_KNOTS('',1,(#4728,#4729),.UNSPECIFIED.,.F.,
  .F.,(2,2),(0.,26.24),.PIECEWISE_BEZIER_KNOTS.);
#4728 = CARTESIAN_POINT('',(0.,1.));
#4729 = CARTESIAN_POINT('',(82.,1.));
#4730 = ( GEOMETRIC_REPRESENTATION_CONTEXT(2) 
PARAMETRIC_REPRESENTATION_CONTEXT() REPRESENTATION_CONTEXT('2D SPACE',''
  ) );
#4731 = PCURVE('',#966,#4732);
#4732 = DEFINITIONAL_REPRESENTATION('',(#4733),#4737);
#4733 = LINE('',#4734,#4735);
#4734 = CARTESIAN_POINT('',(15.678244700722,11.017106839106));
#4735 = VECTOR('',#4736,1.);
#4736 = DIRECTION('',(-0.377456745726,-0.92602721618));
#4737 = ( GEOMETRIC_REPRESENTATION_CONTEXT(2) 
PARAMETRIC_REPRESENTATION_CONTEXT() REPRESENTATION_CONTEXT('2D SPACE',''
  ) );
#4738 = ADVANCED_FACE('',(#4739),#830,.T.);
#4739 = FACE_BOUND('',#4740,.T.);
#4740 = EDGE_LOOP('',(#4741,#4763,#4764,#4847,#4937,#4938,#5000,#5060,
    #5061,#5062,#5063));
#4741 = ORIENTED_EDGE('',*,*,#4742,.F.);
#4742 = EDGE_CURVE('',#1511,#4743,#4745,.T.);
#4743 = VERTEX_POINT('',#4744);
#4744 = CARTESIAN_POINT('',(3.,13.12,168.));
#4745 = SURFACE_CURVE('',#4746,(#4750,#4756),.PCURVE_S1.);
#4746 = LINE('',#4747,#4748);
#4747 = CARTESIAN_POINT('',(3.,-13.12,168.));
#4748 = VECTOR('',#4749,1.);
#4749 = DIRECTION('',(0.,1.,0.));
#4750 = PCURVE('',#830,#4751);
#4751 = DEFINITIONAL_REPRESENTATION('',(#4752),#4755);
#4752 = B_SPLINE_CURVE_WITH_KNOTS('',1,(#4753,#4754),.UNSPECIFIED.,.F.,
  .F.,(2,2),(0.,26.24),.PIECEWISE_BEZIER_KNOTS.);
#4753 = CARTESIAN_POINT('',(0.,1.));
#4754 = CARTESIAN_POINT('',(82.,1.));
#4755 = ( GEOMETRIC_REPRESENTATION_CONTEXT(2) 
PARAMETRIC_REPRESENTATION_CONTEXT() REPRESENTATION_CONTEXT('2D SPACE',''
  ) );
#4756 = PCURVE('',#966,#4757);
#4757 = DEFINITIONAL_REPRESENTATION('',(#4758),#4762);
#4758 = LINE('',#4759,#4760);
#4759 = CARTESIAN_POINT('',(0.217616395802,-11.0171068391));
#4760 = VECTOR('',#4761,1.);
#4761 = DIRECTION('',(0.377456745726,0.92602721618));
#4762 = ( GEOMETRIC_REPRESENTATION_CONTEXT(2) 
PARAMETRIC_REPRESENTATION_CONTEXT() REPRESENTATION_CONTEXT('2D SPACE',''
  ) );
#4763 = ORIENTED_EDGE('',*,*,#1510,.T.);
#4764 = ORIENTED_EDGE('',*,*,#4765,.T.);
#4765 = EDGE_CURVE('',#1482,#4766,#4768,.T.);
#4766 = VERTEX_POINT('',#4767);
#4767 = CARTESIAN_POINT('',(3.,4.,120.));
#4768 = SURFACE_CURVE('',#4769,(#4793,#4820),.PCURVE_S1.);
#4769 = B_SPLINE_CURVE_WITH_KNOTS('',8,(#4770,#4771,#4772,#4773,#4774,
    #4775,#4776,#4777,#4778,#4779,#4780,#4781,#4782,#4783,#4784,#4785,
    #4786,#4787,#4788,#4789,#4790,#4791,#4792),.UNSPECIFIED.,.F.,.F.,(9,
    7,7,9),(0.,0.292106305575,0.633286809731,1.),.UNSPECIFIED.);
#4770 = CARTESIAN_POINT('',(3.,1.714563358784,123.6138999002));
#4771 = CARTESIAN_POINT('',(3.,1.824189255109,123.56188945437));
#4772 = CARTESIAN_POINT('',(3.,1.933406934404,123.50541650269));
#4773 = CARTESIAN_POINT('',(3.,2.042164826658,123.44429909508));
#4774 = CARTESIAN_POINT('',(3.,2.150388453115,123.37832585424));
#4775 = CARTESIAN_POINT('',(3.,2.257980534769,123.3072566116));
#4776 = CARTESIAN_POINT('',(3.,2.364819668954,123.23081495109));
#4777 = CARTESIAN_POINT('',(3.,2.470757574028,123.14867266102));
#4778 = CARTESIAN_POINT('',(3.,2.698088383163,122.95735400088));
#4779 = CARTESIAN_POINT('',(3.,2.818953631332,122.84606743756));
#4780 = CARTESIAN_POINT('',(3.,2.938058146624,122.72584131942));
#4781 = CARTESIAN_POINT('',(3.,3.055039388435,122.59589715545));
#4782 = CARTESIAN_POINT('',(3.,3.169310475926,122.45538290669));
#4783 = CARTESIAN_POINT('',(3.,3.280064945067,122.30339858511));
#4784 = CARTESIAN_POINT('',(3.,3.386254949167,122.13894811772));
#4785 = CARTESIAN_POINT('',(3.,3.594241395753,121.76910830451));
#4786 = CARTESIAN_POINT('',(3.,3.695430908043,121.56101219741));
#4787 = CARTESIAN_POINT('',(3.,3.787893563178,121.33525733611));
#4788 = CARTESIAN_POINT('',(3.,3.868393158474,121.09174722144));
#4789 = CARTESIAN_POINT('',(3.,3.93302384391,120.83179114553));
#4790 = CARTESIAN_POINT('',(3.,3.977910638905,120.55864844857));
#4791 = CARTESIAN_POINT('',(3.,4.,120.27805181783));
#4792 = CARTESIAN_POINT('',(3.,4.,120.));
#4793 = PCURVE('',#830,#4794);
#4794 = DEFINITIONAL_REPRESENTATION('',(#4795),#4819);
#4795 = B_SPLINE_CURVE_WITH_KNOTS('',8,(#4796,#4797,#4798,#4799,#4800,
    #4801,#4802,#4803,#4804,#4805,#4806,#4807,#4808,#4809,#4810,#4811,
    #4812,#4813,#4814,#4815,#4816,#4817,#4818),.UNSPECIFIED.,.F.,.F.,(9,
    7,7,9),(0.,0.292106305575,0.633286809731,1.),.UNSPECIFIED.);
#4796 = CARTESIAN_POINT('',(43.9999994,0.630115832502));
#4797 = CARTESIAN_POINT('',(44.190266554522,0.62968241212));
#4798 = CARTESIAN_POINT('',(44.379462431155,0.629211804189));
#4799 = CARTESIAN_POINT('',(44.567459946987,0.628702492459));
#4800 = CARTESIAN_POINT('',(44.754089739295,0.628152715452));
#4801 = CARTESIAN_POINT('',(44.939140403897,0.627560471763));
#4802 = CARTESIAN_POINT('',(45.122355924145,0.626923457926));
#4803 = CARTESIAN_POINT('',(45.303430290547,0.626238938842));
#4804 = CARTESIAN_POINT('',(45.69056813433,0.624644616674));
#4805 = CARTESIAN_POINT('',(45.895490766941,0.623717228646));
#4806 = CARTESIAN_POINT('',(46.096417047726,0.622715344329));
#4807 = CARTESIAN_POINT('',(46.292624956057,0.621632476295));
#4808 = CARTESIAN_POINT('',(46.482999045995,0.620461524222));
#4809 = CARTESIAN_POINT('',(46.666046657933,0.619194988209));
#4810 = CARTESIAN_POINT('',(46.839868313137,0.617824567648));
#4811 = CARTESIAN_POINT('',(47.176262317837,0.614742569204));
#4812 = CARTESIAN_POINT('',(47.337531328697,0.613008434978));
#4813 = CARTESIAN_POINT('',(47.481983492481,0.611127144468));
#4814 = CARTESIAN_POINT('',(47.604083951279,0.609097893512));
#4815 = CARTESIAN_POINT('',(47.69735428123,0.606931592879));
#4816 = CARTESIAN_POINT('',(47.755684255814,0.604655403738));
#4817 = CARTESIAN_POINT('',(47.774740081352,0.602317098482));
#4818 = CARTESIAN_POINT('',(47.756756756757,0.6));
#4819 = ( GEOMETRIC_REPRESENTATION_CONTEXT(2) 
PARAMETRIC_REPRESENTATION_CONTEXT() REPRESENTATION_CONTEXT('2D SPACE',''
  ) );
#4820 = PCURVE('',#1430,#4821);
#4821 = DEFINITIONAL_REPRESENTATION('',(#4822),#4846);
#4822 = B_SPLINE_CURVE_WITH_KNOTS('',8,(#4823,#4824,#4825,#4826,#4827,
    #4828,#4829,#4830,#4831,#4832,#4833,#4834,#4835,#4836,#4837,#4838,
    #4839,#4840,#4841,#4842,#4843,#4844,#4845),.UNSPECIFIED.,.F.,.F.,(9,
    7,7,9),(0.,0.292106305575,0.633286809731,1.),.UNSPECIFIED.);
#4823 = CARTESIAN_POINT('',(-1.127808457284,-9.));
#4824 = CARTESIAN_POINT('',(-1.097473943504,-9.));
#4825 = CARTESIAN_POINT('',(-1.066753393778,-9.));
#4826 = CARTESIAN_POINT('',(-1.035596585261,-9.));
#4827 = CARTESIAN_POINT('',(-1.00395035713,-9.));
#4828 = CARTESIAN_POINT('',(-0.971757784059,-9.));
#4829 = CARTESIAN_POINT('',(-0.938955486504,-9.));
#4830 = CARTESIAN_POINT('',(-0.905469077788,-9.));
#4831 = CARTESIAN_POINT('',(-0.831188307018,-9.));
#4832 = CARTESIAN_POINT('',(-0.790155242616,-9.));
#4833 = CARTESIAN_POINT('',(-0.747921801592,-9.));
#4834 = CARTESIAN_POINT('',(-0.704314928347,-9.));
#4835 = CARTESIAN_POINT('',(-0.659157384711,-9.));
#4836 = CARTESIAN_POINT('',(-0.612263525582,-9.));
#4837 = CARTESIAN_POINT('',(-0.563415786937,-9.));
#4838 = CARTESIAN_POINT('',(-0.457338029669,-9.));
#4839 = CARTESIAN_POINT('',(-0.399592577735,-9.));
#4840 = CARTESIAN_POINT('',(-0.338815131371,-9.));
#4841 = CARTESIAN_POINT('',(-0.275023160022,-9.));
#4842 = CARTESIAN_POINT('',(-0.208459796919,-9.));
#4843 = CARTESIAN_POINT('',(-0.139662080445,-9.));
#4844 = CARTESIAN_POINT('',(-6.951295445905E-02,-9.));
#4845 = CARTESIAN_POINT('',(0.,-9.));
#4846 = ( GEOMETRIC_REPRESENTATION_CONTEXT(2) 
PARAMETRIC_REPRESENTATION_CONTEXT() REPRESENTATION_CONTEXT('2D SPACE',''
  ) );
#4847 = ORIENTED_EDGE('',*,*,#4848,.T.);
#4848 = EDGE_CURVE('',#4766,#1256,#4849,.T.);
#4849 = SURFACE_CURVE('',#4850,(#4877,#4907),.PCURVE_S1.);
#4850 = B_SPLINE_CURVE_WITH_KNOTS('',7,(#4851,#4852,#4853,#4854,#4855,
    #4856,#4857,#4858,#4859,#4860,#4861,#4862,#4863,#4864,#4865,#4866,
    #4867,#4868,#4869,#4870,#4871,#4872,#4873,#4874,#4875,#4876),
  .UNSPECIFIED.,.F.,.F.,(8,6,6,6,8),(0.,0.263950565641,0.448922289316,
    0.739840020376,1.),.UNSPECIFIED.);
#4851 = CARTESIAN_POINT('',(3.,4.,120.));
#4852 = CARTESIAN_POINT('',(3.,4.,119.77891618694));
#4853 = CARTESIAN_POINT('',(3.,3.985743514044,119.559412724));
#4854 = CARTESIAN_POINT('',(3.,3.957600329783,119.34573673063));
#4855 = CARTESIAN_POINT('',(3.,3.91724582987,119.14036008245));
#4856 = CARTESIAN_POINT('',(3.,3.866553029158,118.94468390169));
#4857 = CARTESIAN_POINT('',(3.,3.80731688758,118.75923322513));
#4858 = CARTESIAN_POINT('',(3.,3.694403600993,118.46095778739));
#4859 = CARTESIAN_POINT('',(3.,3.644340400113,118.34293525513));
#4860 = CARTESIAN_POINT('',(3.,3.591183729317,118.22968004613));
#4861 = CARTESIAN_POINT('',(3.,3.535322406927,118.12105240447));
#4862 = CARTESIAN_POINT('',(3.,3.477086250727,118.01688626523));
#4863 = CARTESIAN_POINT('',(3.,3.416743756953,117.91699261826));
#4864 = CARTESIAN_POINT('',(3.,3.256604401519,117.67044484949));
#4865 = CARTESIAN_POINT('',(3.,3.154062949472,117.52986844943));
#4866 = CARTESIAN_POINT('',(3.,3.047688661759,117.39861766108));
#4867 = CARTESIAN_POINT('',(3.,2.938112930792,117.27608772198));
#4868 = CARTESIAN_POINT('',(3.,2.825839230186,117.16173178096));
#4869 = CARTESIAN_POINT('',(3.,2.711241583345,117.05506060612));
#4870 = CARTESIAN_POINT('',(3.,2.490235256595,116.86670763145));
#4871 = CARTESIAN_POINT('',(3.,2.384274249883,116.78360385309));
#4872 = CARTESIAN_POINT('',(3.,2.276897539088,116.70601622919));
#4873 = CARTESIAN_POINT('',(3.,2.168283343169,116.6337021681));
#4874 = CARTESIAN_POINT('',(3.,2.058583158393,116.56645549968));
#4875 = CARTESIAN_POINT('',(3.,1.9479242308,116.50409557102));
#4876 = CARTESIAN_POINT('',(3.,1.836409700013,116.44646662971));
#4877 = PCURVE('',#830,#4878);
#4878 = DEFINITIONAL_REPRESENTATION('',(#4879),#4906);
#4879 = B_SPLINE_CURVE_WITH_KNOTS('',7,(#4880,#4881,#4882,#4883,#4884,
    #4885,#4886,#4887,#4888,#4889,#4890,#4891,#4892,#4893,#4894,#4895,
    #4896,#4897,#4898,#4899,#4900,#4901,#4902,#4903,#4904,#4905),
  .UNSPECIFIED.,.F.,.F.,(8,6,6,6,8),(0.,0.263950565641,0.448922289316,
    0.739840020376,1.),.UNSPECIFIED.);
#4880 = CARTESIAN_POINT('',(47.756756756757,0.6));
#4881 = CARTESIAN_POINT('',(47.742457904105,0.598157634891));
#4882 = CARTESIAN_POINT('',(47.70424992167,0.596328439367));
#4883 = CARTESIAN_POINT('',(47.643244071923,0.594547806089));
#4884 = CARTESIAN_POINT('',(47.562615587656,0.59283633402));
#4885 = CARTESIAN_POINT('',(47.465701562151,0.591205699181));
#4886 = CARTESIAN_POINT('',(47.355591937261,0.589660276876));
#4887 = CARTESIAN_POINT('',(47.149848416865,0.587174648228));
#4888 = CARTESIAN_POINT('',(47.059693649539,0.586191127126));
#4889 = CARTESIAN_POINT('',(46.964903309623,0.585247333718));
#4890 = CARTESIAN_POINT('',(46.86611863734,0.584342103371));
#4891 = CARTESIAN_POINT('',(46.76387532991,0.58347405221));
#4892 = CARTESIAN_POINT('',(46.658602408717,0.582641605152));
#4893 = CARTESIAN_POINT('',(46.380791446339,0.580587040412));
#4894 = CARTESIAN_POINT('',(46.204361881578,0.579415570412));
#4895 = CARTESIAN_POINT('',(46.022606909945,0.578321813842));
#4896 = CARTESIAN_POINT('',(45.836499765207,0.577300731017));
#4897 = CARTESIAN_POINT('',(45.646800512017,0.576347764841));
#4898 = CARTESIAN_POINT('',(45.454057758328,0.575458838384));
#4899 = CARTESIAN_POINT('',(45.083846578478,0.573889230262));
#4900 = CARTESIAN_POINT('',(44.906972155137,0.573196698776));
#4901 = CARTESIAN_POINT('',(44.728297413943,0.572550135243));
#4902 = CARTESIAN_POINT('',(44.548073080805,0.571947518068));
#4903 = CARTESIAN_POINT('',(44.366507903527,0.571387129164));
#4904 = CARTESIAN_POINT('',(44.183772443827,0.570867463092));
#4905 = CARTESIAN_POINT('',(43.9999994,0.570387221914));
#4906 = ( GEOMETRIC_REPRESENTATION_CONTEXT(2) 
PARAMETRIC_REPRESENTATION_CONTEXT() REPRESENTATION_CONTEXT('2D SPACE',''
  ) );
#4907 = PCURVE('',#1430,#4908);
#4908 = DEFINITIONAL_REPRESENTATION('',(#4909),#4936);
#4909 = B_SPLINE_CURVE_WITH_KNOTS('',7,(#4910,#4911,#4912,#4913,#4914,
    #4915,#4916,#4917,#4918,#4919,#4920,#4921,#4922,#4923,#4924,#4925,
    #4926,#4927,#4928,#4929,#4930,#4931,#4932,#4933,#4934,#4935),
  .UNSPECIFIED.,.F.,.F.,(8,6,6,6,8),(0.,0.263950565641,0.448922289316,
    0.739840020376,1.),.UNSPECIFIED.);
#4910 = CARTESIAN_POINT('',(-6.28318530718,-9.));
#4911 = CARTESIAN_POINT('',(-6.227914353916,-9.));
#4912 = CARTESIAN_POINT('',(-6.173038563729,-9.));
#4913 = CARTESIAN_POINT('',(-6.119343346681,-9.));
#4914 = CARTESIAN_POINT('',(-6.067190907143,-9.));
#4915 = CARTESIAN_POINT('',(-6.01678575545,-9.));
#4916 = CARTESIAN_POINT('',(-5.968182877618,-9.));
#4917 = CARTESIAN_POINT('',(-5.888449867263,-9.));
#4918 = CARTESIAN_POINT('',(-5.856424192271,-9.));
#4919 = CARTESIAN_POINT('',(-5.825181520482,-9.));
#4920 = CARTESIAN_POINT('',(-5.794678640036,-9.));
#4921 = CARTESIAN_POINT('',(-5.7648709914,-9.));
#4922 = CARTESIAN_POINT('',(-5.735710413823,-9.));
#4923 = CARTESIAN_POINT('',(-5.662212788247,-9.));
#4924 = CARTESIAN_POINT('',(-5.618776235344,-9.));
#4925 = CARTESIAN_POINT('',(-5.57662485821,-9.));
#4926 = CARTESIAN_POINT('',(-5.535613592124,-9.));
#4927 = CARTESIAN_POINT('',(-5.495614853375,-9.));
#4928 = CARTESIAN_POINT('',(-5.456512131807,-9.));
#4929 = CARTESIAN_POINT('',(-5.383917090856,-9.));
#4930 = CARTESIAN_POINT('',(-5.350279367279,-9.));
#4931 = CARTESIAN_POINT('',(-5.317201085859,-9.));
#4932 = CARTESIAN_POINT('',(-5.284621838971,-9.));
#4933 = CARTESIAN_POINT('',(-5.252489177186,-9.));
#4934 = CARTESIAN_POINT('',(-5.220754877909,-9.));
#4935 = CARTESIAN_POINT('',(-5.189373568332,-9.));
#4936 = ( GEOMETRIC_REPRESENTATION_CONTEXT(2) 
PARAMETRIC_REPRESENTATION_CONTEXT() REPRESENTATION_CONTEXT('2D SPACE',''
  ) );
#4937 = ORIENTED_EDGE('',*,*,#1255,.T.);
#4938 = ORIENTED_EDGE('',*,*,#4939,.T.);
#4939 = EDGE_CURVE('',#1227,#4940,#4942,.T.);
#4940 = VERTEX_POINT('',#4941);
#4941 = CARTESIAN_POINT('',(3.,4.,88.8));
#4942 = SURFACE_CURVE('',#4943,(#4960,#4980),.PCURVE_S1.);
#4943 = B_SPLINE_CURVE_WITH_KNOTS('',8,(#4944,#4945,#4946,#4947,#4948,
    #4949,#4950,#4951,#4952,#4953,#4954,#4955,#4956,#4957,#4958,#4959),
  .UNSPECIFIED.,.F.,.F.,(9,7,9),(0.,0.558485617802,1.),.UNSPECIFIED.);
#4944 = CARTESIAN_POINT('',(3.,2.250179409726,92.107067072807));
#4945 = CARTESIAN_POINT('',(3.,2.431751744626,91.983522457481));
#4946 = CARTESIAN_POINT('',(3.,2.609741446377,91.845747373001));
#4947 = CARTESIAN_POINT('',(3.,2.783775478416,91.692657478656));
#4948 = CARTESIAN_POINT('',(3.,2.952905080807,91.523060249466));
#4949 = CARTESIAN_POINT('',(3.,3.115650467573,91.335784423688));
#4950 = CARTESIAN_POINT('',(3.,3.26998657181,91.129706385992));
#4951 = CARTESIAN_POINT('',(3.,3.413385148295,90.903881571019));
#4952 = CARTESIAN_POINT('',(3.,3.644860490516,90.462359109005));
#4953 = CARTESIAN_POINT('',(3.,3.738346539057,90.254229576244));
#4954 = CARTESIAN_POINT('',(3.,3.821039308609,90.033263792545));
#4955 = CARTESIAN_POINT('',(3.,3.890627628737,89.800446050027));
#4956 = CARTESIAN_POINT('',(3.,3.944846678626,89.557524721736));
#4957 = CARTESIAN_POINT('',(3.,3.981721475224,89.307125855353));
#4958 = CARTESIAN_POINT('',(3.,4.,89.052930442605));
#4959 = CARTESIAN_POINT('',(3.,4.,88.8));
#4960 = PCURVE('',#830,#4961);
#4961 = DEFINITIONAL_REPRESENTATION('',(#4962),#4979);
#4962 = B_SPLINE_CURVE_WITH_KNOTS('',8,(#4963,#4964,#4965,#4966,#4967,
    #4968,#4969,#4970,#4971,#4972,#4973,#4974,#4975,#4976,#4977,#4978),
  .UNSPECIFIED.,.F.,.F.,(9,7,9),(0.,0.558485617802,1.),.UNSPECIFIED.);
#4963 = CARTESIAN_POINT('',(43.9999994,0.367558892273));
#4964 = CARTESIAN_POINT('',(44.239276375235,0.366529353812));
#4965 = CARTESIAN_POINT('',(44.472943878092,0.365381228108));
#4966 = CARTESIAN_POINT('',(44.700398026892,0.364105478989));
#4967 = CARTESIAN_POINT('',(44.920262757626,0.362692168746));
#4968 = CARTESIAN_POINT('',(45.130460673843,0.361131536864));
#4969 = CARTESIAN_POINT('',(45.328212140024,0.359414219883));
#4970 = CARTESIAN_POINT('',(45.510120945083,0.357532346425));
#4971 = CARTESIAN_POINT('',(45.799971060409,0.353852992575));
#4972 = CARTESIAN_POINT('',(45.915565988675,0.352118579802));
#4973 = CARTESIAN_POINT('',(46.016074221099,0.350277198271));
#4974 = CARTESIAN_POINT('',(46.098545267713,0.348337050417));
#4975 = CARTESIAN_POINT('',(46.160172676976,0.346312706014));
#4976 = CARTESIAN_POINT('',(46.198627641831,0.344226048795));
#4977 = CARTESIAN_POINT('',(46.212613414503,0.342107753688));
#4978 = CARTESIAN_POINT('',(46.202913631634,0.34));
#4979 = ( GEOMETRIC_REPRESENTATION_CONTEXT(2) 
PARAMETRIC_REPRESENTATION_CONTEXT() REPRESENTATION_CONTEXT('2D SPACE',''
  ) );
#4980 = PCURVE('',#1178,#4981);
#4981 = DEFINITIONAL_REPRESENTATION('',(#4982),#4999);
#4982 = B_SPLINE_CURVE_WITH_KNOTS('',8,(#4983,#4984,#4985,#4986,#4987,
    #4988,#4989,#4990,#4991,#4992,#4993,#4994,#4995,#4996,#4997,#4998),
  .UNSPECIFIED.,.F.,.F.,(9,7,9),(0.,0.558485617802,1.),.UNSPECIFIED.);
#4983 = CARTESIAN_POINT('',(-0.973335660746,-9.));
#4984 = CARTESIAN_POINT('',(-0.918431320767,-9.));
#4985 = CARTESIAN_POINT('',(-0.862266122909,-9.));
#4986 = CARTESIAN_POINT('',(-0.804512773464,-9.));
#4987 = CARTESIAN_POINT('',(-0.744897671987,-9.));
#4988 = CARTESIAN_POINT('',(-0.683181191755,-9.));
#4989 = CARTESIAN_POINT('',(-0.619123006051,-9.));
#4990 = CARTESIAN_POINT('',(-0.552475813947,-9.));
#4991 = CARTESIAN_POINT('',(-0.427845631377,-9.));
#4992 = CARTESIAN_POINT('',(-0.370910178477,-9.));
#4993 = CARTESIAN_POINT('',(-0.312132680088,-9.));
#4994 = CARTESIAN_POINT('',(-0.251668063085,-9.));
#4995 = CARTESIAN_POINT('',(-0.189766850843,-9.));
#4996 = CARTESIAN_POINT('',(-0.126781378774,-9.));
#4997 = CARTESIAN_POINT('',(-6.323261065126E-02,-9.));
#4998 = CARTESIAN_POINT('',(0.,-9.));
#4999 = ( GEOMETRIC_REPRESENTATION_CONTEXT(2) 
PARAMETRIC_REPRESENTATION_CONTEXT() REPRESENTATION_CONTEXT('2D SPACE',''
  ) );
#5000 = ORIENTED_EDGE('',*,*,#5001,.T.);
#5001 = EDGE_CURVE('',#4940,#1004,#5002,.T.);
#5002 = SURFACE_CURVE('',#5003,(#5020,#5040),.PCURVE_S1.);
#5003 = B_SPLINE_CURVE_WITH_KNOTS('',8,(#5004,#5005,#5006,#5007,#5008,
    #5009,#5010,#5011,#5012,#5013,#5014,#5015,#5016,#5017,#5018,#5019),
  .UNSPECIFIED.,.F.,.F.,(9,7,9),(0.,0.392692901423,1.),.UNSPECIFIED.);
#5004 = CARTESIAN_POINT('',(3.,4.,88.8));
#5005 = CARTESIAN_POINT('',(3.,4.,88.582663435154));
#5006 = CARTESIAN_POINT('',(3.,3.986503988107,88.365931705743));
#5007 = CARTESIAN_POINT('',(3.,3.959644990174,88.152601462576));
#5008 = CARTESIAN_POINT('',(3.,3.920267081863,87.944722923748));
#5009 = CARTESIAN_POINT('',(3.,3.869537272982,87.743780064827));
#5010 = CARTESIAN_POINT('',(3.,3.808743889968,87.550790050423));
#5011 = CARTESIAN_POINT('',(3.,3.73918101467,87.36636388979));
#5012 = CARTESIAN_POINT('',(3.,3.542685287865,86.919211445544));
#5013 = CARTESIAN_POINT('',(3.,3.405260689439,86.66896815397));
#5014 = CARTESIAN_POINT('',(3.,3.253396260444,86.439335227933));
#5015 = CARTESIAN_POINT('',(3.,3.090028008587,86.229691418056));
#5016 = CARTESIAN_POINT('',(3.,2.91759489723,86.039128658389));
#5017 = CARTESIAN_POINT('',(3.,2.737939424558,85.866617978824));
#5018 = CARTESIAN_POINT('',(3.,2.55231198554,85.711033852411));
#5019 = CARTESIAN_POINT('',(3.,2.361286954468,85.571327839705));
#5020 = PCURVE('',#830,#5021);
#5021 = DEFINITIONAL_REPRESENTATION('',(#5022),#5039);
#5022 = B_SPLINE_CURVE_WITH_KNOTS('',8,(#5023,#5024,#5025,#5026,#5027,
    #5028,#5029,#5030,#5031,#5032,#5033,#5034,#5035,#5036,#5037,#5038),
  .UNSPECIFIED.,.F.,.F.,(9,7,9),(0.,0.392692901423,1.),.UNSPECIFIED.);
#5023 = CARTESIAN_POINT('',(46.202913631634,0.34));
#5024 = CARTESIAN_POINT('',(46.194578859959,0.33818886196));
#5025 = CARTESIAN_POINT('',(46.168743143192,0.336382764215));
#5026 = CARTESIAN_POINT('',(46.125798834051,0.334605012188));
#5027 = CARTESIAN_POINT('',(46.067028268507,0.332872691031));
#5028 = CARTESIAN_POINT('',(45.994082690106,0.331198167207));
#5029 = CARTESIAN_POINT('',(45.90872064677,0.329589917087));
#5030 = CARTESIAN_POINT('',(45.812667164308,0.328053032415));
#5031 = CARTESIAN_POINT('',(45.544742373484,0.324326762046));
#5032 = CARTESIAN_POINT('',(45.360240299335,0.322241401283));
#5033 = CARTESIAN_POINT('',(45.158689849384,0.320327793566));
#5034 = CARTESIAN_POINT('',(44.943822935396,0.318580761817));
#5035 = CARTESIAN_POINT('',(44.718671794972,0.31699273882));
#5036 = CARTESIAN_POINT('',(44.485476542524,0.315555149824));
#5037 = CARTESIAN_POINT('',(44.245712857783,0.314258615437));
#5038 = CARTESIAN_POINT('',(43.9999994,0.313094398664));
#5039 = ( GEOMETRIC_REPRESENTATION_CONTEXT(2) 
PARAMETRIC_REPRESENTATION_CONTEXT() REPRESENTATION_CONTEXT('2D SPACE',''
  ) );
#5040 = PCURVE('',#1178,#5041);
#5041 = DEFINITIONAL_REPRESENTATION('',(#5042),#5059);
#5042 = B_SPLINE_CURVE_WITH_KNOTS('',8,(#5043,#5044,#5045,#5046,#5047,
    #5048,#5049,#5050,#5051,#5052,#5053,#5054,#5055,#5056,#5057,#5058),
  .UNSPECIFIED.,.F.,.F.,(9,7,9),(0.,0.392692901423,1.),.UNSPECIFIED.);
#5043 = CARTESIAN_POINT('',(-6.28318530718,-9.));
#5044 = CARTESIAN_POINT('',(-6.228851165968,-9.));
#5045 = CARTESIAN_POINT('',(-6.174668289284,-9.));
#5046 = CARTESIAN_POINT('',(-6.121091047912,-9.));
#5047 = CARTESIAN_POINT('',(-6.068394353943,-9.));
#5048 = CARTESIAN_POINT('',(-6.016759549192,-9.));
#5049 = CARTESIAN_POINT('',(-5.966306657667,-9.));
#5050 = CARTESIAN_POINT('',(-5.917099412341,-9.));
#5051 = CARTESIAN_POINT('',(-5.794993956114,-9.));
#5052 = CARTESIAN_POINT('',(-5.72389744915,-9.));
#5053 = CARTESIAN_POINT('',(-5.655444830433,-9.));
#5054 = CARTESIAN_POINT('',(-5.58938135448,-9.));
#5055 = CARTESIAN_POINT('',(-5.525458416429,-9.));
#5056 = CARTESIAN_POINT('',(-5.463430931728,-9.));
#5057 = CARTESIAN_POINT('',(-5.403011563933,-9.));
#5058 = CARTESIAN_POINT('',(-5.34384636487,-9.));
#5059 = ( GEOMETRIC_REPRESENTATION_CONTEXT(2) 
PARAMETRIC_REPRESENTATION_CONTEXT() REPRESENTATION_CONTEXT('2D SPACE',''
  ) );
#5060 = ORIENTED_EDGE('',*,*,#1003,.T.);
#5061 = ORIENTED_EDGE('',*,*,#845,.T.);
#5062 = ORIENTED_EDGE('',*,*,#816,.T.);
#5063 = ORIENTED_EDGE('',*,*,#5064,.T.);
#5064 = EDGE_CURVE('',#789,#4743,#5065,.T.);
#5065 = SURFACE_CURVE('',#5066,(#5069,#5076),.PCURVE_S1.);
#5066 = B_SPLINE_CURVE_WITH_KNOTS('',1,(#5067,#5068),.UNSPECIFIED.,.F.,
  .F.,(2,2),(0.,1.),.PIECEWISE_BEZIER_KNOTS.);
#5067 = CARTESIAN_POINT('',(3.,41.,48.));
#5068 = CARTESIAN_POINT('',(3.,13.12,168.));
#5069 = PCURVE('',#830,#5070);
#5070 = DEFINITIONAL_REPRESENTATION('',(#5071),#5075);
#5071 = LINE('',#5072,#5073);
#5072 = CARTESIAN_POINT('',(82.,0.));
#5073 = VECTOR('',#5074,1.);
#5074 = DIRECTION('',(0.,1.));
#5075 = ( GEOMETRIC_REPRESENTATION_CONTEXT(2) 
PARAMETRIC_REPRESENTATION_CONTEXT() REPRESENTATION_CONTEXT('2D SPACE',''
  ) );
#5076 = PCURVE('',#804,#5077);
#5077 = DEFINITIONAL_REPRESENTATION('',(#5078),#5081);
#5078 = B_SPLINE_CURVE_WITH_KNOTS('',1,(#5079,#5080),.UNSPECIFIED.,.F.,
  .F.,(2,2),(0.,1.),.PIECEWISE_BEZIER_KNOTS.);
#5079 = CARTESIAN_POINT('',(0.,-123.1961622778));
#5080 = CARTESIAN_POINT('',(0.,0.));
#5081 = ( GEOMETRIC_REPRESENTATION_CONTEXT(2) 
PARAMETRIC_REPRESENTATION_CONTEXT() REPRESENTATION_CONTEXT('2D SPACE',''
  ) );
#5082 = ADVANCED_FACE('',(#5083),#804,.T.);
#5083 = FACE_BOUND('',#5084,.T.);
#5084 = EDGE_LOOP('',(#5085,#5086,#5087,#5108));
#5085 = ORIENTED_EDGE('',*,*,#788,.T.);
#5086 = ORIENTED_EDGE('',*,*,#4407,.T.);
#5087 = ORIENTED_EDGE('',*,*,#5088,.F.);
#5088 = EDGE_CURVE('',#4743,#4408,#5089,.T.);
#5089 = SURFACE_CURVE('',#5090,(#5094,#5101),.PCURVE_S1.);
#5090 = LINE('',#5091,#5092);
#5091 = CARTESIAN_POINT('',(3.,13.12,168.));
#5092 = VECTOR('',#5093,1.);
#5093 = DIRECTION('',(-1.,0.,0.));
#5094 = PCURVE('',#804,#5095);
#5095 = DEFINITIONAL_REPRESENTATION('',(#5096),#5100);
#5096 = LINE('',#5097,#5098);
#5097 = CARTESIAN_POINT('',(0.,0.));
#5098 = VECTOR('',#5099,1.);
#5099 = DIRECTION('',(1.,0.));
#5100 = ( GEOMETRIC_REPRESENTATION_CONTEXT(2) 
PARAMETRIC_REPRESENTATION_CONTEXT() REPRESENTATION_CONTEXT('2D SPACE',''
  ) );
#5101 = PCURVE('',#966,#5102);
#5102 = DEFINITIONAL_REPRESENTATION('',(#5103),#5107);
#5103 = LINE('',#5104,#5105);
#5104 = CARTESIAN_POINT('',(10.122081403642,13.28184731346));
#5105 = VECTOR('',#5106,1.);
#5106 = DIRECTION('',(0.92602721618,-0.377456745726));
#5107 = ( GEOMETRIC_REPRESENTATION_CONTEXT(2) 
PARAMETRIC_REPRESENTATION_CONTEXT() REPRESENTATION_CONTEXT('2D SPACE',''
  ) );
#5108 = ORIENTED_EDGE('',*,*,#5064,.F.);
#5109 = ADVANCED_FACE('',(#5110),#913,.F.);
#5110 = FACE_BOUND('',#5111,.F.);
#5111 = EDGE_LOOP('',(#5112,#5141,#5162,#5163));
#5112 = ORIENTED_EDGE('',*,*,#5113,.F.);
#5113 = EDGE_CURVE('',#5114,#5114,#5116,.T.);
#5114 = VERTEX_POINT('',#5115);
#5115 = CARTESIAN_POINT('',(-8.55,2.094146026542E-15,42.));
#5116 = SURFACE_CURVE('',#5117,(#5122,#5129),.PCURVE_S1.);
#5117 = CIRCLE('',#5118,8.55);
#5118 = AXIS2_PLACEMENT_3D('',#5119,#5120,#5121);
#5119 = CARTESIAN_POINT('',(0.,0.,42.));
#5120 = DIRECTION('',(0.,0.,1.));
#5121 = DIRECTION('',(-1.,0.,0.));
#5122 = PCURVE('',#913,#5123);
#5123 = DEFINITIONAL_REPRESENTATION('',(#5124),#5128);
#5124 = LINE('',#5125,#5126);
#5125 = CARTESIAN_POINT('',(0.,42.));
#5126 = VECTOR('',#5127,1.);
#5127 = DIRECTION('',(1.,0.));
#5128 = ( GEOMETRIC_REPRESENTATION_CONTEXT(2) 
PARAMETRIC_REPRESENTATION_CONTEXT() REPRESENTATION_CONTEXT('2D SPACE',''
  ) );
#5129 = PCURVE('',#5130,#5135);
#5130 = PLANE('',#5131);
#5131 = AXIS2_PLACEMENT_3D('',#5132,#5133,#5134);
#5132 = CARTESIAN_POINT('',(0.,0.,42.));
#5133 = DIRECTION('',(0.,0.,1.));
#5134 = DIRECTION('',(-1.,0.,0.));
#5135 = DEFINITIONAL_REPRESENTATION('',(#5136),#5140);
#5136 = CIRCLE('',#5137,8.55);
#5137 = AXIS2_PLACEMENT_2D('',#5138,#5139);
#5138 = CARTESIAN_POINT('',(0.,0.));
#5139 = DIRECTION('',(1.,0.));
#5140 = ( GEOMETRIC_REPRESENTATION_CONTEXT(2) 
PARAMETRIC_REPRESENTATION_CONTEXT() REPRESENTATION_CONTEXT('2D SPACE',''
  ) );
#5141 = ORIENTED_EDGE('',*,*,#5142,.F.);
#5142 = EDGE_CURVE('',#897,#5114,#5143,.T.);
#5143 = SEAM_CURVE('',#5144,(#5148,#5155),.PCURVE_S1.);
#5144 = LINE('',#5145,#5146);
#5145 = CARTESIAN_POINT('',(-8.55,2.094146026542E-15,0.));
#5146 = VECTOR('',#5147,1.);
#5147 = DIRECTION('',(0.,0.,1.));
#5148 = PCURVE('',#913,#5149);
#5149 = DEFINITIONAL_REPRESENTATION('',(#5150),#5154);
#5150 = LINE('',#5151,#5152);
#5151 = CARTESIAN_POINT('',(6.28318530718,-0.));
#5152 = VECTOR('',#5153,1.);
#5153 = DIRECTION('',(0.,1.));
#5154 = ( GEOMETRIC_REPRESENTATION_CONTEXT(2) 
PARAMETRIC_REPRESENTATION_CONTEXT() REPRESENTATION_CONTEXT('2D SPACE',''
  ) );
#5155 = PCURVE('',#913,#5156);
#5156 = DEFINITIONAL_REPRESENTATION('',(#5157),#5161);
#5157 = LINE('',#5158,#5159);
#5158 = CARTESIAN_POINT('',(0.,-0.));
#5159 = VECTOR('',#5160,1.);
#5160 = DIRECTION('',(0.,1.));
#5161 = ( GEOMETRIC_REPRESENTATION_CONTEXT(2) 
PARAMETRIC_REPRESENTATION_CONTEXT() REPRESENTATION_CONTEXT('2D SPACE',''
  ) );
#5162 = ORIENTED_EDGE('',*,*,#896,.T.);
#5163 = ORIENTED_EDGE('',*,*,#5142,.T.);
#5164 = ADVANCED_FACE('',(#5165),#966,.F.);
#5165 = FACE_BOUND('',#5166,.F.);
#5166 = EDGE_LOOP('',(#5167,#5168,#5169,#5170,#5171,#5172,#5173,#5174,
    #5175,#5176,#5177,#5178));
#5167 = ORIENTED_EDGE('',*,*,#950,.F.);
#5168 = ORIENTED_EDGE('',*,*,#1846,.F.);
#5169 = ORIENTED_EDGE('',*,*,#2628,.F.);
#5170 = ORIENTED_EDGE('',*,*,#2653,.F.);
#5171 = ORIENTED_EDGE('',*,*,#2698,.F.);
#5172 = ORIENTED_EDGE('',*,*,#3669,.F.);
#5173 = ORIENTED_EDGE('',*,*,#4382,.F.);
#5174 = ORIENTED_EDGE('',*,*,#3870,.F.);
#5175 = ORIENTED_EDGE('',*,*,#4719,.F.);
#5176 = ORIENTED_EDGE('',*,*,#5088,.F.);
#5177 = ORIENTED_EDGE('',*,*,#4742,.F.);
#5178 = ORIENTED_EDGE('',*,*,#1665,.F.);
#5179 = ADVANCED_FACE('',(#5180),#1430,.F.);
#5180 = FACE_BOUND('',#5181,.T.);
#5181 = EDGE_LOOP('',(#5182,#5183,#5204,#5205,#5206,#5228,#5229,#5230,
    #5231,#5253,#5254,#5255,#5256,#5257,#5258,#5280,#5281,#5282,#5283,
    #5305));
#5182 = ORIENTED_EDGE('',*,*,#4637,.F.);
#5183 = ORIENTED_EDGE('',*,*,#5184,.T.);
#5184 = EDGE_CURVE('',#4555,#4766,#5185,.T.);
#5185 = SEAM_CURVE('',#5186,(#5190,#5197),.PCURVE_S1.);
#5186 = LINE('',#5187,#5188);
#5187 = CARTESIAN_POINT('',(-6.,4.,120.));
#5188 = VECTOR('',#5189,1.);
#5189 = DIRECTION('',(1.,0.,0.));
#5190 = PCURVE('',#1430,#5191);
#5191 = DEFINITIONAL_REPRESENTATION('',(#5192),#5196);
#5192 = LINE('',#5193,#5194);
#5193 = CARTESIAN_POINT('',(-6.28318530718,0.));
#5194 = VECTOR('',#5195,1.);
#5195 = DIRECTION('',(-0.,-1.));
#5196 = ( GEOMETRIC_REPRESENTATION_CONTEXT(2) 
PARAMETRIC_REPRESENTATION_CONTEXT() REPRESENTATION_CONTEXT('2D SPACE',''
  ) );
#5197 = PCURVE('',#1430,#5198);
#5198 = DEFINITIONAL_REPRESENTATION('',(#5199),#5203);
#5199 = LINE('',#5200,#5201);
#5200 = CARTESIAN_POINT('',(-0.,0.));
#5201 = VECTOR('',#5202,1.);
#5202 = DIRECTION('',(-0.,-1.));
#5203 = ( GEOMETRIC_REPRESENTATION_CONTEXT(2) 
PARAMETRIC_REPRESENTATION_CONTEXT() REPRESENTATION_CONTEXT('2D SPACE',''
  ) );
#5204 = ORIENTED_EDGE('',*,*,#4765,.F.);
#5205 = ORIENTED_EDGE('',*,*,#1481,.T.);
#5206 = ORIENTED_EDGE('',*,*,#5207,.T.);
#5207 = EDGE_CURVE('',#1445,#2024,#5208,.T.);
#5208 = SURFACE_CURVE('',#5209,(#5214,#5221),.PCURVE_S1.);
#5209 = CIRCLE('',#5210,4.);
#5210 = AXIS2_PLACEMENT_3D('',#5211,#5212,#5213);
#5211 = CARTESIAN_POINT('',(6.,0.,120.));
#5212 = DIRECTION('',(1.,0.,0.));
#5213 = DIRECTION('',(0.,1.,0.));
#5214 = PCURVE('',#1430,#5215);
#5215 = DEFINITIONAL_REPRESENTATION('',(#5216),#5220);
#5216 = LINE('',#5217,#5218);
#5217 = CARTESIAN_POINT('',(-0.,-12.));
#5218 = VECTOR('',#5219,1.);
#5219 = DIRECTION('',(-1.,0.));
#5220 = ( GEOMETRIC_REPRESENTATION_CONTEXT(2) 
PARAMETRIC_REPRESENTATION_CONTEXT() REPRESENTATION_CONTEXT('2D SPACE',''
  ) );
#5221 = PCURVE('',#1466,#5222);
#5222 = DEFINITIONAL_REPRESENTATION('',(#5223),#5227);
#5223 = CIRCLE('',#5224,4.);
#5224 = AXIS2_PLACEMENT_2D('',#5225,#5226);
#5225 = CARTESIAN_POINT('',(0.,3.418600331349E-16));
#5226 = DIRECTION('',(0.,-1.));
#5227 = ( GEOMETRIC_REPRESENTATION_CONTEXT(2) 
PARAMETRIC_REPRESENTATION_CONTEXT() REPRESENTATION_CONTEXT('2D SPACE',''
  ) );
#5228 = ORIENTED_EDGE('',*,*,#2023,.T.);
#5229 = ORIENTED_EDGE('',*,*,#2483,.F.);
#5230 = ORIENTED_EDGE('',*,*,#2084,.F.);
#5231 = ORIENTED_EDGE('',*,*,#5232,.T.);
#5232 = EDGE_CURVE('',#2053,#1411,#5233,.T.);
#5233 = SURFACE_CURVE('',#5234,(#5239,#5246),.PCURVE_S1.);
#5234 = CIRCLE('',#5235,4.);
#5235 = AXIS2_PLACEMENT_3D('',#5236,#5237,#5238);
#5236 = CARTESIAN_POINT('',(6.,0.,120.));
#5237 = DIRECTION('',(1.,0.,0.));
#5238 = DIRECTION('',(0.,1.,0.));
#5239 = PCURVE('',#1430,#5240);
#5240 = DEFINITIONAL_REPRESENTATION('',(#5241),#5245);
#5241 = LINE('',#5242,#5243);
#5242 = CARTESIAN_POINT('',(-0.,-12.));
#5243 = VECTOR('',#5244,1.);
#5244 = DIRECTION('',(-1.,0.));
#5245 = ( GEOMETRIC_REPRESENTATION_CONTEXT(2) 
PARAMETRIC_REPRESENTATION_CONTEXT() REPRESENTATION_CONTEXT('2D SPACE',''
  ) );
#5246 = PCURVE('',#1466,#5247);
#5247 = DEFINITIONAL_REPRESENTATION('',(#5248),#5252);
#5248 = CIRCLE('',#5249,4.);
#5249 = AXIS2_PLACEMENT_2D('',#5250,#5251);
#5250 = CARTESIAN_POINT('',(0.,3.418600331349E-16));
#5251 = DIRECTION('',(0.,-1.));
#5252 = ( GEOMETRIC_REPRESENTATION_CONTEXT(2) 
PARAMETRIC_REPRESENTATION_CONTEXT() REPRESENTATION_CONTEXT('2D SPACE',''
  ) );
#5253 = ORIENTED_EDGE('',*,*,#1410,.F.);
#5254 = ORIENTED_EDGE('',*,*,#4848,.F.);
#5255 = ORIENTED_EDGE('',*,*,#5184,.F.);
#5256 = ORIENTED_EDGE('',*,*,#4554,.F.);
#5257 = ORIENTED_EDGE('',*,*,#4108,.F.);
#5258 = ORIENTED_EDGE('',*,*,#5259,.F.);
#5259 = EDGE_CURVE('',#3576,#4077,#5260,.T.);
#5260 = SURFACE_CURVE('',#5261,(#5266,#5273),.PCURVE_S1.);
#5261 = CIRCLE('',#5262,4.);
#5262 = AXIS2_PLACEMENT_3D('',#5263,#5264,#5265);
#5263 = CARTESIAN_POINT('',(-6.,0.,120.));
#5264 = DIRECTION('',(1.,0.,0.));
#5265 = DIRECTION('',(0.,1.,0.));
#5266 = PCURVE('',#1430,#5267);
#5267 = DEFINITIONAL_REPRESENTATION('',(#5268),#5272);
#5268 = LINE('',#5269,#5270);
#5269 = CARTESIAN_POINT('',(-0.,0.));
#5270 = VECTOR('',#5271,1.);
#5271 = DIRECTION('',(-1.,0.));
#5272 = ( GEOMETRIC_REPRESENTATION_CONTEXT(2) 
PARAMETRIC_REPRESENTATION_CONTEXT() REPRESENTATION_CONTEXT('2D SPACE',''
  ) );
#5273 = PCURVE('',#3626,#5274);
#5274 = DEFINITIONAL_REPRESENTATION('',(#5275),#5279);
#5275 = CIRCLE('',#5276,4.);
#5276 = AXIS2_PLACEMENT_2D('',#5277,#5278);
#5277 = CARTESIAN_POINT('',(0.,3.418600331349E-16));
#5278 = DIRECTION('',(0.,-1.));
#5279 = ( GEOMETRIC_REPRESENTATION_CONTEXT(2) 
PARAMETRIC_REPRESENTATION_CONTEXT() REPRESENTATION_CONTEXT('2D SPACE',''
  ) );
#5280 = ORIENTED_EDGE('',*,*,#3575,.F.);
#5281 = ORIENTED_EDGE('',*,*,#2875,.F.);
#5282 = ORIENTED_EDGE('',*,*,#3641,.T.);
#5283 = ORIENTED_EDGE('',*,*,#5284,.F.);
#5284 = EDGE_CURVE('',#4048,#3605,#5285,.T.);
#5285 = SURFACE_CURVE('',#5286,(#5291,#5298),.PCURVE_S1.);
#5286 = CIRCLE('',#5287,4.);
#5287 = AXIS2_PLACEMENT_3D('',#5288,#5289,#5290);
#5288 = CARTESIAN_POINT('',(-6.,0.,120.));
#5289 = DIRECTION('',(1.,0.,0.));
#5290 = DIRECTION('',(0.,1.,0.));
#5291 = PCURVE('',#1430,#5292);
#5292 = DEFINITIONAL_REPRESENTATION('',(#5293),#5297);
#5293 = LINE('',#5294,#5295);
#5294 = CARTESIAN_POINT('',(-0.,0.));
#5295 = VECTOR('',#5296,1.);
#5296 = DIRECTION('',(-1.,0.));
#5297 = ( GEOMETRIC_REPRESENTATION_CONTEXT(2) 
PARAMETRIC_REPRESENTATION_CONTEXT() REPRESENTATION_CONTEXT('2D SPACE',''
  ) );
#5298 = PCURVE('',#3626,#5299);
#5299 = DEFINITIONAL_REPRESENTATION('',(#5300),#5304);
#5300 = CIRCLE('',#5301,4.);
#5301 = AXIS2_PLACEMENT_2D('',#5302,#5303);
#5302 = CARTESIAN_POINT('',(0.,3.418600331349E-16));
#5303 = DIRECTION('',(0.,-1.));
#5304 = ( GEOMETRIC_REPRESENTATION_CONTEXT(2) 
PARAMETRIC_REPRESENTATION_CONTEXT() REPRESENTATION_CONTEXT('2D SPACE',''
  ) );
#5305 = ORIENTED_EDGE('',*,*,#4047,.T.);
#5306 = ADVANCED_FACE('',(#5307),#1466,.F.);
#5307 = FACE_BOUND('',#5308,.F.);
#5308 = EDGE_LOOP('',(#5309,#5310,#5311,#5312));
#5309 = ORIENTED_EDGE('',*,*,#1444,.T.);
#5310 = ORIENTED_EDGE('',*,*,#5207,.T.);
#5311 = ORIENTED_EDGE('',*,*,#2052,.F.);
#5312 = ORIENTED_EDGE('',*,*,#5232,.T.);
#5313 = ADVANCED_FACE('',(#5314),#1178,.F.);
#5314 = FACE_BOUND('',#5315,.T.);
#5315 = EDGE_LOOP('',(#5316,#5317,#5338,#5339,#5340,#5362,#5363,#5364,
    #5365,#5387,#5388,#5389,#5390,#5391,#5392,#5414,#5415,#5416,#5417,
    #5439));
#5316 = ORIENTED_EDGE('',*,*,#4493,.F.);
#5317 = ORIENTED_EDGE('',*,*,#5318,.T.);
#5318 = EDGE_CURVE('',#4432,#4940,#5319,.T.);
#5319 = SEAM_CURVE('',#5320,(#5324,#5331),.PCURVE_S1.);
#5320 = LINE('',#5321,#5322);
#5321 = CARTESIAN_POINT('',(-6.,4.,88.8));
#5322 = VECTOR('',#5323,1.);
#5323 = DIRECTION('',(1.,0.,0.));
#5324 = PCURVE('',#1178,#5325);
#5325 = DEFINITIONAL_REPRESENTATION('',(#5326),#5330);
#5326 = LINE('',#5327,#5328);
#5327 = CARTESIAN_POINT('',(-6.28318530718,0.));
#5328 = VECTOR('',#5329,1.);
#5329 = DIRECTION('',(-0.,-1.));
#5330 = ( GEOMETRIC_REPRESENTATION_CONTEXT(2) 
PARAMETRIC_REPRESENTATION_CONTEXT() REPRESENTATION_CONTEXT('2D SPACE',''
  ) );
#5331 = PCURVE('',#1178,#5332);
#5332 = DEFINITIONAL_REPRESENTATION('',(#5333),#5337);
#5333 = LINE('',#5334,#5335);
#5334 = CARTESIAN_POINT('',(-0.,0.));
#5335 = VECTOR('',#5336,1.);
#5336 = DIRECTION('',(-0.,-1.));
#5337 = ( GEOMETRIC_REPRESENTATION_CONTEXT(2) 
PARAMETRIC_REPRESENTATION_CONTEXT() REPRESENTATION_CONTEXT('2D SPACE',''
  ) );
#5338 = ORIENTED_EDGE('',*,*,#4939,.F.);
#5339 = ORIENTED_EDGE('',*,*,#1226,.T.);
#5340 = ORIENTED_EDGE('',*,*,#5341,.T.);
#5341 = EDGE_CURVE('',#1193,#2269,#5342,.T.);
#5342 = SURFACE_CURVE('',#5343,(#5348,#5355),.PCURVE_S1.);
#5343 = CIRCLE('',#5344,4.);
#5344 = AXIS2_PLACEMENT_3D('',#5345,#5346,#5347);
#5345 = CARTESIAN_POINT('',(6.,0.,88.8));
#5346 = DIRECTION('',(1.,0.,0.));
#5347 = DIRECTION('',(0.,1.,0.));
#5348 = PCURVE('',#1178,#5349);
#5349 = DEFINITIONAL_REPRESENTATION('',(#5350),#5354);
#5350 = LINE('',#5351,#5352);
#5351 = CARTESIAN_POINT('',(-0.,-12.));
#5352 = VECTOR('',#5353,1.);
#5353 = DIRECTION('',(-1.,0.));
#5354 = ( GEOMETRIC_REPRESENTATION_CONTEXT(2) 
PARAMETRIC_REPRESENTATION_CONTEXT() REPRESENTATION_CONTEXT('2D SPACE',''
  ) );
#5355 = PCURVE('',#1212,#5356);
#5356 = DEFINITIONAL_REPRESENTATION('',(#5357),#5361);
#5357 = CIRCLE('',#5358,4.);
#5358 = AXIS2_PLACEMENT_2D('',#5359,#5360);
#5359 = CARTESIAN_POINT('',(0.,3.418600331349E-16));
#5360 = DIRECTION('',(0.,-1.));
#5361 = ( GEOMETRIC_REPRESENTATION_CONTEXT(2) 
PARAMETRIC_REPRESENTATION_CONTEXT() REPRESENTATION_CONTEXT('2D SPACE',''
  ) );
#5362 = ORIENTED_EDGE('',*,*,#2268,.T.);
#5363 = ORIENTED_EDGE('',*,*,#2380,.F.);
#5364 = ORIENTED_EDGE('',*,*,#2326,.F.);
#5365 = ORIENTED_EDGE('',*,*,#5366,.T.);
#5366 = EDGE_CURVE('',#2298,#1159,#5367,.T.);
#5367 = SURFACE_CURVE('',#5368,(#5373,#5380),.PCURVE_S1.);
#5368 = CIRCLE('',#5369,4.);
#5369 = AXIS2_PLACEMENT_3D('',#5370,#5371,#5372);
#5370 = CARTESIAN_POINT('',(6.,0.,88.8));
#5371 = DIRECTION('',(1.,0.,0.));
#5372 = DIRECTION('',(0.,1.,0.));
#5373 = PCURVE('',#1178,#5374);
#5374 = DEFINITIONAL_REPRESENTATION('',(#5375),#5379);
#5375 = LINE('',#5376,#5377);
#5376 = CARTESIAN_POINT('',(-0.,-12.));
#5377 = VECTOR('',#5378,1.);
#5378 = DIRECTION('',(-1.,0.));
#5379 = ( GEOMETRIC_REPRESENTATION_CONTEXT(2) 
PARAMETRIC_REPRESENTATION_CONTEXT() REPRESENTATION_CONTEXT('2D SPACE',''
  ) );
#5380 = PCURVE('',#1212,#5381);
#5381 = DEFINITIONAL_REPRESENTATION('',(#5382),#5386);
#5382 = CIRCLE('',#5383,4.);
#5383 = AXIS2_PLACEMENT_2D('',#5384,#5385);
#5384 = CARTESIAN_POINT('',(0.,3.418600331349E-16));
#5385 = DIRECTION('',(0.,-1.));
#5386 = ( GEOMETRIC_REPRESENTATION_CONTEXT(2) 
PARAMETRIC_REPRESENTATION_CONTEXT() REPRESENTATION_CONTEXT('2D SPACE',''
  ) );
#5387 = ORIENTED_EDGE('',*,*,#1158,.F.);
#5388 = ORIENTED_EDGE('',*,*,#5001,.F.);
#5389 = ORIENTED_EDGE('',*,*,#5318,.F.);
#5390 = ORIENTED_EDGE('',*,*,#4431,.F.);
#5391 = ORIENTED_EDGE('',*,*,#4350,.F.);
#5392 = ORIENTED_EDGE('',*,*,#5393,.F.);
#5393 = EDGE_CURVE('',#3485,#4322,#5394,.T.);
#5394 = SURFACE_CURVE('',#5395,(#5400,#5407),.PCURVE_S1.);
#5395 = CIRCLE('',#5396,4.);
#5396 = AXIS2_PLACEMENT_3D('',#5397,#5398,#5399);
#5397 = CARTESIAN_POINT('',(-6.,0.,88.8));
#5398 = DIRECTION('',(1.,0.,0.));
#5399 = DIRECTION('',(0.,1.,0.));
#5400 = PCURVE('',#1178,#5401);
#5401 = DEFINITIONAL_REPRESENTATION('',(#5402),#5406);
#5402 = LINE('',#5403,#5404);
#5403 = CARTESIAN_POINT('',(-0.,0.));
#5404 = VECTOR('',#5405,1.);
#5405 = DIRECTION('',(-1.,0.));
#5406 = ( GEOMETRIC_REPRESENTATION_CONTEXT(2) 
PARAMETRIC_REPRESENTATION_CONTEXT() REPRESENTATION_CONTEXT('2D SPACE',''
  ) );
#5407 = PCURVE('',#3533,#5408);
#5408 = DEFINITIONAL_REPRESENTATION('',(#5409),#5413);
#5409 = CIRCLE('',#5410,4.);
#5410 = AXIS2_PLACEMENT_2D('',#5411,#5412);
#5411 = CARTESIAN_POINT('',(0.,3.418600331349E-16));
#5412 = DIRECTION('',(0.,-1.));
#5413 = ( GEOMETRIC_REPRESENTATION_CONTEXT(2) 
PARAMETRIC_REPRESENTATION_CONTEXT() REPRESENTATION_CONTEXT('2D SPACE',''
  ) );
#5414 = ORIENTED_EDGE('',*,*,#3484,.F.);
#5415 = ORIENTED_EDGE('',*,*,#3197,.F.);
#5416 = ORIENTED_EDGE('',*,*,#3547,.T.);
#5417 = ORIENTED_EDGE('',*,*,#5418,.F.);
#5418 = EDGE_CURVE('',#4293,#3514,#5419,.T.);
#5419 = SURFACE_CURVE('',#5420,(#5425,#5432),.PCURVE_S1.);
#5420 = CIRCLE('',#5421,4.);
#5421 = AXIS2_PLACEMENT_3D('',#5422,#5423,#5424);
#5422 = CARTESIAN_POINT('',(-6.,0.,88.8));
#5423 = DIRECTION('',(1.,0.,0.));
#5424 = DIRECTION('',(0.,1.,0.));
#5425 = PCURVE('',#1178,#5426);
#5426 = DEFINITIONAL_REPRESENTATION('',(#5427),#5431);
#5427 = LINE('',#5428,#5429);
#5428 = CARTESIAN_POINT('',(-0.,0.));
#5429 = VECTOR('',#5430,1.);
#5430 = DIRECTION('',(-1.,0.));
#5431 = ( GEOMETRIC_REPRESENTATION_CONTEXT(2) 
PARAMETRIC_REPRESENTATION_CONTEXT() REPRESENTATION_CONTEXT('2D SPACE',''
  ) );
#5432 = PCURVE('',#3533,#5433);
#5433 = DEFINITIONAL_REPRESENTATION('',(#5434),#5438);
#5434 = CIRCLE('',#5435,4.);
#5435 = AXIS2_PLACEMENT_2D('',#5436,#5437);
#5436 = CARTESIAN_POINT('',(0.,3.418600331349E-16));
#5437 = DIRECTION('',(0.,-1.));
#5438 = ( GEOMETRIC_REPRESENTATION_CONTEXT(2) 
PARAMETRIC_REPRESENTATION_CONTEXT() REPRESENTATION_CONTEXT('2D SPACE',''
  ) );
#5439 = ORIENTED_EDGE('',*,*,#4292,.T.);
#5440 = ADVANCED_FACE('',(#5441),#1212,.F.);
#5441 = FACE_BOUND('',#5442,.F.);
#5442 = EDGE_LOOP('',(#5443,#5444,#5445,#5446));
#5443 = ORIENTED_EDGE('',*,*,#1192,.T.);
#5444 = ORIENTED_EDGE('',*,*,#5341,.T.);
#5445 = ORIENTED_EDGE('',*,*,#2297,.F.);
#5446 = ORIENTED_EDGE('',*,*,#5366,.T.);
#5447 = ADVANCED_FACE('',(#5448),#3626,.T.);
#5448 = FACE_BOUND('',#5449,.T.);
#5449 = EDGE_LOOP('',(#5450,#5451,#5452,#5453));
#5450 = ORIENTED_EDGE('',*,*,#4076,.T.);
#5451 = ORIENTED_EDGE('',*,*,#5284,.T.);
#5452 = ORIENTED_EDGE('',*,*,#3604,.F.);
#5453 = ORIENTED_EDGE('',*,*,#5259,.T.);
#5454 = ADVANCED_FACE('',(#5455),#3533,.T.);
#5455 = FACE_BOUND('',#5456,.T.);
#5456 = EDGE_LOOP('',(#5457,#5458,#5459,#5460));
#5457 = ORIENTED_EDGE('',*,*,#4321,.T.);
#5458 = ORIENTED_EDGE('',*,*,#5418,.T.);
#5459 = ORIENTED_EDGE('',*,*,#3513,.F.);
#5460 = ORIENTED_EDGE('',*,*,#5393,.T.);
#5461 = ADVANCED_FACE('',(#5462),#5130,.F.);
#5462 = FACE_BOUND('',#5463,.F.);
#5463 = EDGE_LOOP('',(#5464));
#5464 = ORIENTED_EDGE('',*,*,#5113,.T.);
#5465 = ( GEOMETRIC_REPRESENTATION_CONTEXT(3) 
GLOBAL_UNCERTAINTY_ASSIGNED_CONTEXT((#5469)) 
GLOBAL_UNIT_ASSIGNED_CONTEXT((#5466,#5467,#5468)) REPRESENTATION_CONTEXT
('Context #1','3D Context with UNIT and UNCERTAINTY') );
#5466 = ( LENGTH_UNIT() NAMED_UNIT(*) SI_UNIT(.MILLI.,.METRE.) );
#5467 = ( NAMED_UNIT(*) PLANE_ANGLE_UNIT() SI_UNIT($,.RADIAN.) );
#5468 = ( NAMED_UNIT(*) SI_UNIT($,.STERADIAN.) SOLID_ANGLE_UNIT() );
#5469 = UNCERTAINTY_MEASURE_WITH_UNIT(LENGTH_MEASURE(2.E-06),#5466,
  'distance_accuracy_value','confusion accuracy');
#5470 = PRODUCT_RELATED_PRODUCT_CATEGORY('part',$,(#7));
ENDSEC;
END-ISO-10303-21;
