ISO-10303-21;
HEADER;
FILE_DESCRIPTION(('FreeCAD Model'),'2;1');
FILE_NAME('Open CASCADE Shape Model','2026-07-24T14:58:27',('Author'),(
    ''),'Open CASCADE STEP processor 7.8','FreeCAD','Unknown');
FILE_SCHEMA(('AUTOMOTIVE_DESIGN { 1 0 10303 214 1 1 1 1 }'));
ENDSEC;
DATA;
#1 = APPLICATION_PROTOCOL_DEFINITION('international standard',
  'automotive_design',2000,#2);
#2 = APPLICATION_CONTEXT(
  'core data for automotive mechanical design processes');
#3 = SHAPE_DEFINITION_REPRESENTATION(#4,#10);
#4 = PRODUCT_DEFINITION_SHAPE('','',#5);
#5 = PRODUCT_DEFINITION('design','',#6,#9);
#6 = PRODUCT_DEFINITION_FORMATION('','',#7);
#7 = PRODUCT('drip_barrel','drip_barrel','',(#8));
#8 = PRODUCT_CONTEXT('',#2,'mechanical');
#9 = PRODUCT_DEFINITION_CONTEXT('part definition',#2,'design');
#10 = ADVANCED_BREP_SHAPE_REPRESENTATION('',(#11,#15),#7797);
#11 = AXIS2_PLACEMENT_3D('',#12,#13,#14);
#12 = CARTESIAN_POINT('',(0.,0.,0.));
#13 = DIRECTION('',(0.,0.,1.));
#14 = DIRECTION('',(1.,0.,-0.));
#15 = MANIFOLD_SOLID_BREP('',#16);
#16 = CLOSED_SHELL('',(#17,#60,#94,#136,#237,#376,#465,#490,#508,#613,
    #630,#647,#658,#675,#703,#753,#1466,#1491,#1588,#1614,#1695,#1791,
    #1817,#1842,#1938,#2040,#2065,#2091,#2180,#2205,#2271,#2288,#2305,
    #2316,#2387,#2403,#2421,#2432,#2517,#2539,#2639,#2746,#2853,#2946,
    #3113,#3144,#3202,#3255,#3472,#3489,#3506,#3517,#3535,#3553,#3571,
    #3583,#3601,#3619,#3637,#3649,#3722,#3739,#3756,#3767,#3827,#3844,
    #3861,#3872,#3889,#3906,#3917,#3935,#3953,#3971,#4012,#4689,#4706,
    #4723,#4734,#4754,#4847,#4869,#5225,#5773,#5790,#5814,#5834,#5979,
    #5996,#6013,#6025,#6051,#6082,#6228,#6281,#6426,#6451,#6476,#6501,
    #6526,#6551,#6666,#6695,#6865,#7184,#7314,#7682,#7707,#7724,#7741,
    #7758,#7785));
#17 = ADVANCED_FACE('',(#18),#55,.T.);
#18 = FACE_BOUND('',#19,.T.);
#19 = EDGE_LOOP('',(#20,#30,#39,#48));
#20 = ORIENTED_EDGE('',*,*,#21,.F.);
#21 = EDGE_CURVE('',#22,#24,#26,.T.);
#22 = VERTEX_POINT('',#23);
#23 = CARTESIAN_POINT('',(24.4,0.,21.4));
#24 = VERTEX_POINT('',#25);
#25 = CARTESIAN_POINT('',(26.4,0.,23.4));
#26 = LINE('',#27,#28);
#27 = CARTESIAN_POINT('',(11.,0.,8.));
#28 = VECTOR('',#29,1.);
#29 = DIRECTION('',(0.707106781187,0.,0.707106781187));
#30 = ORIENTED_EDGE('',*,*,#31,.T.);
#31 = EDGE_CURVE('',#22,#32,#34,.T.);
#32 = VERTEX_POINT('',#33);
#33 = CARTESIAN_POINT('',(23.882210952925,5.,21.4));
#34 = CIRCLE('',#35,24.4);
#35 = AXIS2_PLACEMENT_3D('',#36,#37,#38);
#36 = CARTESIAN_POINT('',(0.,0.,21.4));
#37 = DIRECTION('',(0.,0.,1.));
#38 = DIRECTION('',(1.,0.,-0.));
#39 = ORIENTED_EDGE('',*,*,#40,.T.);
#40 = EDGE_CURVE('',#32,#41,#43,.T.);
#41 = VERTEX_POINT('',#42);
#42 = CARTESIAN_POINT('',(25.9221912654,5.,23.4));
#43 = HYPERBOLA('',#44,5.,5.);
#44 = AXIS2_PLACEMENT_3D('',#45,#46,#47);
#45 = CARTESIAN_POINT('',(0.,5.,-3.));
#46 = DIRECTION('',(0.,1.,0.));
#47 = DIRECTION('',(0.,-0.,1.));
#48 = ORIENTED_EDGE('',*,*,#49,.F.);
#49 = EDGE_CURVE('',#24,#41,#50,.T.);
#50 = CIRCLE('',#51,26.4);
#51 = AXIS2_PLACEMENT_3D('',#52,#53,#54);
#52 = CARTESIAN_POINT('',(0.,0.,23.4));
#53 = DIRECTION('',(0.,0.,1.));
#54 = DIRECTION('',(1.,0.,-0.));
#55 = CONICAL_SURFACE('',#56,11.,0.785398163397);
#56 = AXIS2_PLACEMENT_3D('',#57,#58,#59);
#57 = CARTESIAN_POINT('',(0.,0.,8.));
#58 = DIRECTION('',(0.,0.,1.));
#59 = DIRECTION('',(1.,0.,-0.));
#60 = ADVANCED_FACE('',(#61),#89,.T.);
#61 = FACE_BOUND('',#62,.T.);
#62 = EDGE_LOOP('',(#63,#72,#73,#82));
#63 = ORIENTED_EDGE('',*,*,#64,.T.);
#64 = EDGE_CURVE('',#65,#22,#67,.T.);
#65 = VERTEX_POINT('',#66);
#66 = CARTESIAN_POINT('',(23.882210952925,-5.,21.4));
#67 = CIRCLE('',#68,24.4);
#68 = AXIS2_PLACEMENT_3D('',#69,#70,#71);
#69 = CARTESIAN_POINT('',(0.,0.,21.4));
#70 = DIRECTION('',(0.,0.,1.));
#71 = DIRECTION('',(1.,0.,-0.));
#72 = ORIENTED_EDGE('',*,*,#21,.T.);
#73 = ORIENTED_EDGE('',*,*,#74,.F.);
#74 = EDGE_CURVE('',#75,#24,#77,.T.);
#75 = VERTEX_POINT('',#76);
#76 = CARTESIAN_POINT('',(25.9221912654,-5.,23.4));
#77 = CIRCLE('',#78,26.4);
#78 = AXIS2_PLACEMENT_3D('',#79,#80,#81);
#79 = CARTESIAN_POINT('',(0.,0.,23.4));
#80 = DIRECTION('',(0.,0.,1.));
#81 = DIRECTION('',(1.,0.,-0.));
#82 = ORIENTED_EDGE('',*,*,#83,.F.);
#83 = EDGE_CURVE('',#65,#75,#84,.T.);
#84 = HYPERBOLA('',#85,5.,5.);
#85 = AXIS2_PLACEMENT_3D('',#86,#87,#88);
#86 = CARTESIAN_POINT('',(0.,-5.,-3.));
#87 = DIRECTION('',(0.,1.,0.));
#88 = DIRECTION('',(0.,-0.,1.));
#89 = CONICAL_SURFACE('',#90,11.,0.785398163397);
#90 = AXIS2_PLACEMENT_3D('',#91,#92,#93);
#91 = CARTESIAN_POINT('',(0.,0.,8.));
#92 = DIRECTION('',(0.,0.,1.));
#93 = DIRECTION('',(1.,0.,-0.));
#94 = ADVANCED_FACE('',(#95),#131,.F.);
#95 = FACE_BOUND('',#96,.F.);
#96 = EDGE_LOOP('',(#97,#108,#117,#123,#124,#125));
#97 = ORIENTED_EDGE('',*,*,#98,.T.);
#98 = EDGE_CURVE('',#99,#101,#103,.T.);
#99 = VERTEX_POINT('',#100);
#100 = CARTESIAN_POINT('',(29.580398915498,-5.,23.4));
#101 = VERTEX_POINT('',#102);
#102 = CARTESIAN_POINT('',(30.,-7.347880794884E-15,23.4));
#103 = CIRCLE('',#104,30.);
#104 = AXIS2_PLACEMENT_3D('',#105,#106,#107);
#105 = CARTESIAN_POINT('',(0.,0.,23.4));
#106 = DIRECTION('',(0.,0.,1.));
#107 = DIRECTION('',(1.,0.,-0.));
#108 = ORIENTED_EDGE('',*,*,#109,.T.);
#109 = EDGE_CURVE('',#101,#110,#112,.T.);
#110 = VERTEX_POINT('',#111);
#111 = CARTESIAN_POINT('',(29.580398915498,5.,23.4));
#112 = CIRCLE('',#113,30.);
#113 = AXIS2_PLACEMENT_3D('',#114,#115,#116);
#114 = CARTESIAN_POINT('',(0.,0.,23.4));
#115 = DIRECTION('',(0.,0.,1.));
#116 = DIRECTION('',(1.,0.,-0.));
#117 = ORIENTED_EDGE('',*,*,#118,.T.);
#118 = EDGE_CURVE('',#110,#41,#119,.T.);
#119 = LINE('',#120,#121);
#120 = CARTESIAN_POINT('',(4.75,5.,23.4));
#121 = VECTOR('',#122,1.);
#122 = DIRECTION('',(-1.,0.,0.));
#123 = ORIENTED_EDGE('',*,*,#49,.F.);
#124 = ORIENTED_EDGE('',*,*,#74,.F.);
#125 = ORIENTED_EDGE('',*,*,#126,.F.);
#126 = EDGE_CURVE('',#99,#75,#127,.T.);
#127 = LINE('',#128,#129);
#128 = CARTESIAN_POINT('',(4.75,-5.,23.4));
#129 = VECTOR('',#130,1.);
#130 = DIRECTION('',(-1.,0.,0.));
#131 = PLANE('',#132);
#132 = AXIS2_PLACEMENT_3D('',#133,#134,#135);
#133 = CARTESIAN_POINT('',(0.,0.,23.4));
#134 = DIRECTION('',(0.,0.,1.));
#135 = DIRECTION('',(1.,0.,-0.));
#136 = ADVANCED_FACE('',(#137),#232,.T.);
#137 = FACE_BOUND('',#138,.T.);
#138 = EDGE_LOOP('',(#139,#149,#162,#170,#178,#184,#185,#186,#194,#202,
    #210,#218,#226));
#139 = ORIENTED_EDGE('',*,*,#140,.F.);
#140 = EDGE_CURVE('',#141,#143,#145,.T.);
#141 = VERTEX_POINT('',#142);
#142 = CARTESIAN_POINT('',(18.878293597926,5.,26.5));
#143 = VERTEX_POINT('',#144);
#144 = CARTESIAN_POINT('',(17.291616465791,5.,26.5));
#145 = LINE('',#146,#147);
#146 = CARTESIAN_POINT('',(4.75,5.,26.5));
#147 = VECTOR('',#148,1.);
#148 = DIRECTION('',(-1.,0.,0.));
#149 = ORIENTED_EDGE('',*,*,#150,.T.);
#150 = EDGE_CURVE('',#141,#151,#153,.T.);
#151 = VERTEX_POINT('',#152);
#152 = CARTESIAN_POINT('',(18.658264852188,5.,26.4));
#153 = B_SPLINE_CURVE_WITH_KNOTS('',4,(#154,#155,#156,#157,#158,#159,
    #160,#161),.UNSPECIFIED.,.F.,.F.,(5,3,5),(0.,0.501441998945,1.),
  .UNSPECIFIED.);
#154 = CARTESIAN_POINT('',(18.878293597926,5.,26.5));
#155 = CARTESIAN_POINT('',(18.705763736813,5.,26.421524456554));
#156 = CARTESIAN_POINT('',(18.533142071418,5.,26.343137724348));
#157 = CARTESIAN_POINT('',(18.360423805291,5.,26.264844526887));
#158 = CARTESIAN_POINT('',(18.015776953227,5.,26.108905847187));
#159 = CARTESIAN_POINT('',(17.843849535231,5.,26.031259235003));
#160 = CARTESIAN_POINT('',(17.671815706065,5.,25.953715852248));
#161 = CARTESIAN_POINT('',(17.49966916709,5.,25.876281934162));
#162 = ORIENTED_EDGE('',*,*,#163,.F.);
#163 = EDGE_CURVE('',#164,#151,#166,.T.);
#164 = VERTEX_POINT('',#165);
#165 = CARTESIAN_POINT('',(28.971710339571,5.,26.4));
#166 = LINE('',#167,#168);
#167 = CARTESIAN_POINT('',(4.75,5.,26.4));
#168 = VECTOR('',#169,1.);
#169 = DIRECTION('',(-1.,0.,0.));
#170 = ORIENTED_EDGE('',*,*,#171,.F.);
#171 = EDGE_CURVE('',#172,#164,#174,.T.);
#172 = VERTEX_POINT('',#173);
#173 = CARTESIAN_POINT('',(29.580398915498,5.,26.4));
#174 = LINE('',#175,#176);
#175 = CARTESIAN_POINT('',(4.75,5.,26.4));
#176 = VECTOR('',#177,1.);
#177 = DIRECTION('',(-1.,0.,0.));
#178 = ORIENTED_EDGE('',*,*,#179,.F.);
#179 = EDGE_CURVE('',#110,#172,#180,.T.);
#180 = LINE('',#181,#182);
#181 = CARTESIAN_POINT('',(29.580398915498,5.,23.4));
#182 = VECTOR('',#183,1.);
#183 = DIRECTION('',(0.,0.,1.));
#184 = ORIENTED_EDGE('',*,*,#118,.T.);
#185 = ORIENTED_EDGE('',*,*,#40,.F.);
#186 = ORIENTED_EDGE('',*,*,#187,.T.);
#187 = EDGE_CURVE('',#32,#188,#190,.T.);
#188 = VERTEX_POINT('',#189);
#189 = CARTESIAN_POINT('',(9.797958971133,5.,21.4));
#190 = LINE('',#191,#192);
#191 = CARTESIAN_POINT('',(4.75,5.,21.4));
#192 = VECTOR('',#193,1.);
#193 = DIRECTION('',(-1.,0.,0.));
#194 = ORIENTED_EDGE('',*,*,#195,.T.);
#195 = EDGE_CURVE('',#188,#196,#198,.T.);
#196 = VERTEX_POINT('',#197);
#197 = CARTESIAN_POINT('',(9.797958971133,5.,26.5));
#198 = LINE('',#199,#200);
#199 = CARTESIAN_POINT('',(9.797958971133,5.,21.35));
#200 = VECTOR('',#201,1.);
#201 = DIRECTION('',(0.,0.,1.));
#202 = ORIENTED_EDGE('',*,*,#203,.F.);
#203 = EDGE_CURVE('',#204,#196,#206,.T.);
#204 = VERTEX_POINT('',#205);
#205 = CARTESIAN_POINT('',(10.5,5.,26.5));
#206 = LINE('',#207,#208);
#207 = CARTESIAN_POINT('',(4.75,5.,26.5));
#208 = VECTOR('',#209,1.);
#209 = DIRECTION('',(-1.,0.,0.));
#210 = ORIENTED_EDGE('',*,*,#211,.T.);
#211 = EDGE_CURVE('',#204,#212,#214,.T.);
#212 = VERTEX_POINT('',#213);
#213 = CARTESIAN_POINT('',(10.5,5.,22.999821433127));
#214 = LINE('',#215,#216);
#215 = CARTESIAN_POINT('',(10.5,5.,22.149910716563));
#216 = VECTOR('',#217,1.);
#217 = DIRECTION('',(0.,0.,-1.));
#218 = ORIENTED_EDGE('',*,*,#219,.T.);
#219 = EDGE_CURVE('',#212,#220,#222,.T.);
#220 = VERTEX_POINT('',#221);
#221 = CARTESIAN_POINT('',(17.291616465791,5.,22.999821433127));
#222 = LINE('',#223,#224);
#223 = CARTESIAN_POINT('',(10.5,5.,22.999821433127));
#224 = VECTOR('',#225,1.);
#225 = DIRECTION('',(1.,0.,0.));
#226 = ORIENTED_EDGE('',*,*,#227,.T.);
#227 = EDGE_CURVE('',#220,#143,#228,.T.);
#228 = LINE('',#229,#230);
#229 = CARTESIAN_POINT('',(17.291616465791,5.,21.4));
#230 = VECTOR('',#231,1.);
#231 = DIRECTION('',(0.,0.,1.));
#232 = PLANE('',#233);
#233 = AXIS2_PLACEMENT_3D('',#234,#235,#236);
#234 = CARTESIAN_POINT('',(9.5,5.,21.3));
#235 = DIRECTION('',(0.,1.,0.));
#236 = DIRECTION('',(0.,0.,1.));
#237 = ADVANCED_FACE('',(#238,#360),#371,.F.);
#238 = FACE_BOUND('',#239,.F.);
#239 = EDGE_LOOP('',(#240,#241,#242,#243,#252,#260,#269,#277,#286,#294,
    #303,#311,#320,#328,#337,#345,#354));
#240 = ORIENTED_EDGE('',*,*,#64,.T.);
#241 = ORIENTED_EDGE('',*,*,#31,.T.);
#242 = ORIENTED_EDGE('',*,*,#187,.T.);
#243 = ORIENTED_EDGE('',*,*,#244,.T.);
#244 = EDGE_CURVE('',#188,#245,#247,.T.);
#245 = VERTEX_POINT('',#246);
#246 = CARTESIAN_POINT('',(5.,9.797958971133,21.4));
#247 = CIRCLE('',#248,11.);
#248 = AXIS2_PLACEMENT_3D('',#249,#250,#251);
#249 = CARTESIAN_POINT('',(0.,0.,21.4));
#250 = DIRECTION('',(0.,0.,1.));
#251 = DIRECTION('',(1.,0.,-0.));
#252 = ORIENTED_EDGE('',*,*,#253,.F.);
#253 = EDGE_CURVE('',#254,#245,#256,.T.);
#254 = VERTEX_POINT('',#255);
#255 = CARTESIAN_POINT('',(5.,23.882210952925,21.4));
#256 = LINE('',#257,#258);
#257 = CARTESIAN_POINT('',(5.,4.75,21.4));
#258 = VECTOR('',#259,1.);
#259 = DIRECTION('',(-1.110223024625E-16,-1.,0.));
#260 = ORIENTED_EDGE('',*,*,#261,.T.);
#261 = EDGE_CURVE('',#254,#262,#264,.T.);
#262 = VERTEX_POINT('',#263);
#263 = CARTESIAN_POINT('',(-5.,23.882210952925,21.4));
#264 = CIRCLE('',#265,24.4);
#265 = AXIS2_PLACEMENT_3D('',#266,#267,#268);
#266 = CARTESIAN_POINT('',(0.,0.,21.4));
#267 = DIRECTION('',(0.,0.,1.));
#268 = DIRECTION('',(1.,0.,-0.));
#269 = ORIENTED_EDGE('',*,*,#270,.T.);
#270 = EDGE_CURVE('',#262,#271,#273,.T.);
#271 = VERTEX_POINT('',#272);
#272 = CARTESIAN_POINT('',(-5.,9.797958971133,21.4));
#273 = LINE('',#274,#275);
#274 = CARTESIAN_POINT('',(-5.,4.75,21.4));
#275 = VECTOR('',#276,1.);
#276 = DIRECTION('',(-1.110223024625E-16,-1.,0.));
#277 = ORIENTED_EDGE('',*,*,#278,.T.);
#278 = EDGE_CURVE('',#271,#279,#281,.T.);
#279 = VERTEX_POINT('',#280);
#280 = CARTESIAN_POINT('',(-9.797958971133,5.,21.4));
#281 = CIRCLE('',#282,11.);
#282 = AXIS2_PLACEMENT_3D('',#283,#284,#285);
#283 = CARTESIAN_POINT('',(0.,0.,21.4));
#284 = DIRECTION('',(0.,0.,1.));
#285 = DIRECTION('',(1.,0.,-0.));
#286 = ORIENTED_EDGE('',*,*,#287,.F.);
#287 = EDGE_CURVE('',#288,#279,#290,.T.);
#288 = VERTEX_POINT('',#289);
#289 = CARTESIAN_POINT('',(-23.88221095292,5.,21.4));
#290 = LINE('',#291,#292);
#291 = CARTESIAN_POINT('',(-4.75,5.,21.4));
#292 = VECTOR('',#293,1.);
#293 = DIRECTION('',(1.,-1.224646799147E-16,0.));
#294 = ORIENTED_EDGE('',*,*,#295,.T.);
#295 = EDGE_CURVE('',#288,#296,#298,.T.);
#296 = VERTEX_POINT('',#297);
#297 = CARTESIAN_POINT('',(-23.88221095292,-5.,21.4));
#298 = CIRCLE('',#299,24.4);
#299 = AXIS2_PLACEMENT_3D('',#300,#301,#302);
#300 = CARTESIAN_POINT('',(0.,0.,21.4));
#301 = DIRECTION('',(0.,0.,1.));
#302 = DIRECTION('',(1.,0.,-0.));
#303 = ORIENTED_EDGE('',*,*,#304,.T.);
#304 = EDGE_CURVE('',#296,#305,#307,.T.);
#305 = VERTEX_POINT('',#306);
#306 = CARTESIAN_POINT('',(-9.797958971133,-5.,21.4));
#307 = LINE('',#308,#309);
#308 = CARTESIAN_POINT('',(-4.75,-5.,21.4));
#309 = VECTOR('',#310,1.);
#310 = DIRECTION('',(1.,-1.224646799147E-16,0.));
#311 = ORIENTED_EDGE('',*,*,#312,.T.);
#312 = EDGE_CURVE('',#305,#313,#315,.T.);
#313 = VERTEX_POINT('',#314);
#314 = CARTESIAN_POINT('',(-5.,-9.797958971133,21.4));
#315 = CIRCLE('',#316,11.);
#316 = AXIS2_PLACEMENT_3D('',#317,#318,#319);
#317 = CARTESIAN_POINT('',(0.,0.,21.4));
#318 = DIRECTION('',(0.,0.,1.));
#319 = DIRECTION('',(1.,0.,-0.));
#320 = ORIENTED_EDGE('',*,*,#321,.F.);
#321 = EDGE_CURVE('',#322,#313,#324,.T.);
#322 = VERTEX_POINT('',#323);
#323 = CARTESIAN_POINT('',(-5.,-23.88221095292,21.4));
#324 = LINE('',#325,#326);
#325 = CARTESIAN_POINT('',(-5.,-4.75,21.4));
#326 = VECTOR('',#327,1.);
#327 = DIRECTION('',(2.22044604925E-16,1.,-0.));
#328 = ORIENTED_EDGE('',*,*,#329,.T.);
#329 = EDGE_CURVE('',#322,#330,#332,.T.);
#330 = VERTEX_POINT('',#331);
#331 = CARTESIAN_POINT('',(5.,-23.88221095292,21.4));
#332 = CIRCLE('',#333,24.4);
#333 = AXIS2_PLACEMENT_3D('',#334,#335,#336);
#334 = CARTESIAN_POINT('',(0.,0.,21.4));
#335 = DIRECTION('',(0.,0.,1.));
#336 = DIRECTION('',(1.,0.,-0.));
#337 = ORIENTED_EDGE('',*,*,#338,.T.);
#338 = EDGE_CURVE('',#330,#339,#341,.T.);
#339 = VERTEX_POINT('',#340);
#340 = CARTESIAN_POINT('',(5.,-9.797958971133,21.4));
#341 = LINE('',#342,#343);
#342 = CARTESIAN_POINT('',(5.,-4.75,21.4));
#343 = VECTOR('',#344,1.);
#344 = DIRECTION('',(2.22044604925E-16,1.,-0.));
#345 = ORIENTED_EDGE('',*,*,#346,.T.);
#346 = EDGE_CURVE('',#339,#347,#349,.T.);
#347 = VERTEX_POINT('',#348);
#348 = CARTESIAN_POINT('',(9.797958971133,-5.,21.4));
#349 = CIRCLE('',#350,11.);
#350 = AXIS2_PLACEMENT_3D('',#351,#352,#353);
#351 = CARTESIAN_POINT('',(0.,0.,21.4));
#352 = DIRECTION('',(0.,0.,1.));
#353 = DIRECTION('',(1.,0.,-0.));
#354 = ORIENTED_EDGE('',*,*,#355,.F.);
#355 = EDGE_CURVE('',#65,#347,#356,.T.);
#356 = LINE('',#357,#358);
#357 = CARTESIAN_POINT('',(4.75,-5.,21.4));
#358 = VECTOR('',#359,1.);
#359 = DIRECTION('',(-1.,0.,0.));
#360 = FACE_BOUND('',#361,.F.);
#361 = EDGE_LOOP('',(#362));
#362 = ORIENTED_EDGE('',*,*,#363,.F.);
#363 = EDGE_CURVE('',#364,#364,#366,.T.);
#364 = VERTEX_POINT('',#365);
#365 = CARTESIAN_POINT('',(10.395454545455,-2.546152026955E-15,21.4));
#366 = CIRCLE('',#367,10.395454545455);
#367 = AXIS2_PLACEMENT_3D('',#368,#369,#370);
#368 = CARTESIAN_POINT('',(0.,0.,21.4));
#369 = DIRECTION('',(0.,0.,1.));
#370 = DIRECTION('',(1.,0.,-0.));
#371 = PLANE('',#372);
#372 = AXIS2_PLACEMENT_3D('',#373,#374,#375);
#373 = CARTESIAN_POINT('',(0.,0.,21.4));
#374 = DIRECTION('',(0.,0.,1.));
#375 = DIRECTION('',(1.,0.,-0.));
#376 = ADVANCED_FACE('',(#377),#460,.F.);
#377 = FACE_BOUND('',#378,.F.);
#378 = EDGE_LOOP('',(#379,#389,#397,#405,#413,#419,#420,#421,#422,#430,
    #438,#446,#454));
#379 = ORIENTED_EDGE('',*,*,#380,.F.);
#380 = EDGE_CURVE('',#381,#383,#385,.T.);
#381 = VERTEX_POINT('',#382);
#382 = CARTESIAN_POINT('',(17.499714283382,-5.,26.5));
#383 = VERTEX_POINT('',#384);
#384 = CARTESIAN_POINT('',(17.291616465791,-5.,26.5));
#385 = LINE('',#386,#387);
#386 = CARTESIAN_POINT('',(4.75,-5.,26.5));
#387 = VECTOR('',#388,1.);
#388 = DIRECTION('',(-1.,0.,0.));
#389 = ORIENTED_EDGE('',*,*,#390,.F.);
#390 = EDGE_CURVE('',#391,#381,#393,.T.);
#391 = VERTEX_POINT('',#392);
#392 = CARTESIAN_POINT('',(17.499714283382,-5.,26.4));
#393 = LINE('',#394,#395);
#394 = CARTESIAN_POINT('',(17.499714283382,-5.,26.4));
#395 = VECTOR('',#396,1.);
#396 = DIRECTION('',(0.,0.,1.));
#397 = ORIENTED_EDGE('',*,*,#398,.F.);
#398 = EDGE_CURVE('',#399,#391,#401,.T.);
#399 = VERTEX_POINT('',#400);
#400 = CARTESIAN_POINT('',(28.971710339571,-5.,26.4));
#401 = LINE('',#402,#403);
#402 = CARTESIAN_POINT('',(4.75,-5.,26.4));
#403 = VECTOR('',#404,1.);
#404 = DIRECTION('',(-1.,0.,0.));
#405 = ORIENTED_EDGE('',*,*,#406,.F.);
#406 = EDGE_CURVE('',#407,#399,#409,.T.);
#407 = VERTEX_POINT('',#408);
#408 = CARTESIAN_POINT('',(29.580398915498,-5.,26.4));
#409 = LINE('',#410,#411);
#410 = CARTESIAN_POINT('',(4.75,-5.,26.4));
#411 = VECTOR('',#412,1.);
#412 = DIRECTION('',(-1.,0.,0.));
#413 = ORIENTED_EDGE('',*,*,#414,.F.);
#414 = EDGE_CURVE('',#99,#407,#415,.T.);
#415 = LINE('',#416,#417);
#416 = CARTESIAN_POINT('',(29.580398915498,-5.,23.4));
#417 = VECTOR('',#418,1.);
#418 = DIRECTION('',(0.,0.,1.));
#419 = ORIENTED_EDGE('',*,*,#126,.T.);
#420 = ORIENTED_EDGE('',*,*,#83,.F.);
#421 = ORIENTED_EDGE('',*,*,#355,.T.);
#422 = ORIENTED_EDGE('',*,*,#423,.T.);
#423 = EDGE_CURVE('',#347,#424,#426,.T.);
#424 = VERTEX_POINT('',#425);
#425 = CARTESIAN_POINT('',(9.797958971133,-5.,26.5));
#426 = LINE('',#427,#428);
#427 = CARTESIAN_POINT('',(9.797958971133,-5.,21.35));
#428 = VECTOR('',#429,1.);
#429 = DIRECTION('',(0.,0.,1.));
#430 = ORIENTED_EDGE('',*,*,#431,.F.);
#431 = EDGE_CURVE('',#432,#424,#434,.T.);
#432 = VERTEX_POINT('',#433);
#433 = CARTESIAN_POINT('',(10.5,-5.,26.5));
#434 = LINE('',#435,#436);
#435 = CARTESIAN_POINT('',(4.75,-5.,26.5));
#436 = VECTOR('',#437,1.);
#437 = DIRECTION('',(-1.,0.,0.));
#438 = ORIENTED_EDGE('',*,*,#439,.T.);
#439 = EDGE_CURVE('',#432,#440,#442,.T.);
#440 = VERTEX_POINT('',#441);
#441 = CARTESIAN_POINT('',(10.5,-5.,22.999821433127));
#442 = LINE('',#443,#444);
#443 = CARTESIAN_POINT('',(10.5,-5.,22.149910716563));
#444 = VECTOR('',#445,1.);
#445 = DIRECTION('',(0.,0.,-1.));
#446 = ORIENTED_EDGE('',*,*,#447,.T.);
#447 = EDGE_CURVE('',#440,#448,#450,.T.);
#448 = VERTEX_POINT('',#449);
#449 = CARTESIAN_POINT('',(17.291616465791,-5.,22.999821433127));
#450 = LINE('',#451,#452);
#451 = CARTESIAN_POINT('',(10.5,-5.,22.999821433127));
#452 = VECTOR('',#453,1.);
#453 = DIRECTION('',(1.,0.,0.));
#454 = ORIENTED_EDGE('',*,*,#455,.T.);
#455 = EDGE_CURVE('',#448,#383,#456,.T.);
#456 = LINE('',#457,#458);
#457 = CARTESIAN_POINT('',(17.291616465791,-5.,21.4));
#458 = VECTOR('',#459,1.);
#459 = DIRECTION('',(0.,0.,1.));
#460 = PLANE('',#461);
#461 = AXIS2_PLACEMENT_3D('',#462,#463,#464);
#462 = CARTESIAN_POINT('',(9.5,-5.,21.3));
#463 = DIRECTION('',(0.,1.,0.));
#464 = DIRECTION('',(0.,0.,1.));
#465 = ADVANCED_FACE('',(#466),#485,.T.);
#466 = FACE_BOUND('',#467,.T.);
#467 = EDGE_LOOP('',(#468,#476,#483,#484));
#468 = ORIENTED_EDGE('',*,*,#469,.T.);
#469 = EDGE_CURVE('',#101,#470,#472,.T.);
#470 = VERTEX_POINT('',#471);
#471 = CARTESIAN_POINT('',(30.,-7.347880794884E-15,26.4));
#472 = LINE('',#473,#474);
#473 = CARTESIAN_POINT('',(30.,-7.347880794884E-15,23.4));
#474 = VECTOR('',#475,1.);
#475 = DIRECTION('',(0.,0.,1.));
#476 = ORIENTED_EDGE('',*,*,#477,.F.);
#477 = EDGE_CURVE('',#407,#470,#478,.T.);
#478 = CIRCLE('',#479,30.);
#479 = AXIS2_PLACEMENT_3D('',#480,#481,#482);
#480 = CARTESIAN_POINT('',(0.,0.,26.4));
#481 = DIRECTION('',(0.,0.,1.));
#482 = DIRECTION('',(1.,0.,-0.));
#483 = ORIENTED_EDGE('',*,*,#414,.F.);
#484 = ORIENTED_EDGE('',*,*,#98,.T.);
#485 = CYLINDRICAL_SURFACE('',#486,30.);
#486 = AXIS2_PLACEMENT_3D('',#487,#488,#489);
#487 = CARTESIAN_POINT('',(0.,0.,23.4));
#488 = DIRECTION('',(0.,0.,1.));
#489 = DIRECTION('',(1.,0.,-0.));
#490 = ADVANCED_FACE('',(#491),#503,.T.);
#491 = FACE_BOUND('',#492,.T.);
#492 = EDGE_LOOP('',(#493,#500,#501,#502));
#493 = ORIENTED_EDGE('',*,*,#494,.F.);
#494 = EDGE_CURVE('',#470,#172,#495,.T.);
#495 = CIRCLE('',#496,30.);
#496 = AXIS2_PLACEMENT_3D('',#497,#498,#499);
#497 = CARTESIAN_POINT('',(0.,0.,26.4));
#498 = DIRECTION('',(0.,0.,1.));
#499 = DIRECTION('',(1.,0.,-0.));
#500 = ORIENTED_EDGE('',*,*,#469,.F.);
#501 = ORIENTED_EDGE('',*,*,#109,.T.);
#502 = ORIENTED_EDGE('',*,*,#179,.T.);
#503 = CYLINDRICAL_SURFACE('',#504,30.);
#504 = AXIS2_PLACEMENT_3D('',#505,#506,#507);
#505 = CARTESIAN_POINT('',(0.,0.,23.4));
#506 = DIRECTION('',(0.,0.,1.));
#507 = DIRECTION('',(1.,0.,-0.));
#508 = ADVANCED_FACE('',(#509),#608,.F.);
#509 = FACE_BOUND('',#510,.F.);
#510 = EDGE_LOOP('',(#511,#512,#527,#536,#544,#553,#561,#569,#577,#584,
    #585,#593,#601));
#511 = ORIENTED_EDGE('',*,*,#140,.F.);
#512 = ORIENTED_EDGE('',*,*,#513,.T.);
#513 = EDGE_CURVE('',#141,#514,#516,.T.);
#514 = VERTEX_POINT('',#515);
#515 = CARTESIAN_POINT('',(13.089365920691,12.645493249868,26.5));
#516 = B_SPLINE_CURVE_WITH_KNOTS('',5,(#517,#518,#519,#520,#521,#522,
    #523,#524,#525,#526),.UNSPECIFIED.,.F.,.F.,(6,4,6),(0.,
    0.507344637338,1.),.UNSPECIFIED.);
#517 = CARTESIAN_POINT('',(18.878293597926,5.,26.5));
#518 = CARTESIAN_POINT('',(18.502170530977,5.910421045563,26.5));
#519 = CARTESIAN_POINT('',(18.068233619213,6.796728022485,26.5));
#520 = CARTESIAN_POINT('',(17.577923657168,7.653725907895,26.5));
#521 = CARTESIAN_POINT('',(17.033350128269,8.476286083891,26.5));
#522 = CARTESIAN_POINT('',(15.858710002548,10.019883505743,26.5));
#523 = CARTESIAN_POINT('',(15.231563864004,10.743185539704,26.5));
#524 = CARTESIAN_POINT('',(14.558617399472,11.424758884365,26.5));
#525 = CARTESIAN_POINT('',(13.84314766399,12.060258520004,26.5));
#526 = CARTESIAN_POINT('',(13.08914397406,12.64566556633,26.5));
#527 = ORIENTED_EDGE('',*,*,#528,.T.);
#528 = EDGE_CURVE('',#514,#529,#531,.T.);
#529 = VERTEX_POINT('',#530);
#530 = CARTESIAN_POINT('',(5.,17.499714283382,26.5));
#531 = CIRCLE('',#532,18.2);
#532 = AXIS2_PLACEMENT_3D('',#533,#534,#535);
#533 = CARTESIAN_POINT('',(0.,0.,26.5));
#534 = DIRECTION('',(0.,0.,1.));
#535 = DIRECTION('',(1.,0.,-0.));
#536 = ORIENTED_EDGE('',*,*,#537,.T.);
#537 = EDGE_CURVE('',#529,#538,#540,.T.);
#538 = VERTEX_POINT('',#539);
#539 = CARTESIAN_POINT('',(5.,17.291616465791,26.5));
#540 = LINE('',#541,#542);
#541 = CARTESIAN_POINT('',(5.,4.75,26.5));
#542 = VECTOR('',#543,1.);
#543 = DIRECTION('',(-1.110223024625E-16,-1.,0.));
#544 = ORIENTED_EDGE('',*,*,#545,.F.);
#545 = EDGE_CURVE('',#546,#538,#548,.T.);
#546 = VERTEX_POINT('',#547);
#547 = CARTESIAN_POINT('',(8.500178566873,15.866535990293,26.5));
#548 = CIRCLE('',#549,18.);
#549 = AXIS2_PLACEMENT_3D('',#550,#551,#552);
#550 = CARTESIAN_POINT('',(0.,0.,26.5));
#551 = DIRECTION('',(0.,0.,1.));
#552 = DIRECTION('',(1.,0.,-0.));
#553 = ORIENTED_EDGE('',*,*,#554,.F.);
#554 = EDGE_CURVE('',#555,#546,#557,.T.);
#555 = VERTEX_POINT('',#556);
#556 = CARTESIAN_POINT('',(8.500178566873,10.5,26.5));
#557 = LINE('',#558,#559);
#558 = CARTESIAN_POINT('',(8.500178566873,10.5,26.5));
#559 = VECTOR('',#560,1.);
#560 = DIRECTION('',(1.110223024625E-16,1.,0.));
#561 = ORIENTED_EDGE('',*,*,#562,.T.);
#562 = EDGE_CURVE('',#555,#563,#565,.T.);
#563 = VERTEX_POINT('',#564);
#564 = CARTESIAN_POINT('',(5.,10.5,26.5));
#565 = LINE('',#566,#567);
#566 = CARTESIAN_POINT('',(2.5,10.5,26.5));
#567 = VECTOR('',#568,1.);
#568 = DIRECTION('',(-1.,1.110223024625E-16,0.));
#569 = ORIENTED_EDGE('',*,*,#570,.T.);
#570 = EDGE_CURVE('',#563,#571,#573,.T.);
#571 = VERTEX_POINT('',#572);
#572 = CARTESIAN_POINT('',(5.,9.797958971133,26.5));
#573 = LINE('',#574,#575);
#574 = CARTESIAN_POINT('',(5.,4.75,26.5));
#575 = VECTOR('',#576,1.);
#576 = DIRECTION('',(-1.110223024625E-16,-1.,0.));
#577 = ORIENTED_EDGE('',*,*,#578,.F.);
#578 = EDGE_CURVE('',#196,#571,#579,.T.);
#579 = CIRCLE('',#580,11.);
#580 = AXIS2_PLACEMENT_3D('',#581,#582,#583);
#581 = CARTESIAN_POINT('',(0.,0.,26.5));
#582 = DIRECTION('',(0.,0.,1.));
#583 = DIRECTION('',(1.,0.,-0.));
#584 = ORIENTED_EDGE('',*,*,#203,.F.);
#585 = ORIENTED_EDGE('',*,*,#586,.T.);
#586 = EDGE_CURVE('',#204,#587,#589,.T.);
#587 = VERTEX_POINT('',#588);
#588 = CARTESIAN_POINT('',(10.5,8.500178566873,26.5));
#589 = LINE('',#590,#591);
#590 = CARTESIAN_POINT('',(10.5,2.5,26.5));
#591 = VECTOR('',#592,1.);
#592 = DIRECTION('',(0.,1.,0.));
#593 = ORIENTED_EDGE('',*,*,#594,.T.);
#594 = EDGE_CURVE('',#587,#595,#597,.T.);
#595 = VERTEX_POINT('',#596);
#596 = CARTESIAN_POINT('',(15.866535990293,8.500178566873,26.5));
#597 = LINE('',#598,#599);
#598 = CARTESIAN_POINT('',(10.5,8.500178566873,26.5));
#599 = VECTOR('',#600,1.);
#600 = DIRECTION('',(1.,0.,0.));
#601 = ORIENTED_EDGE('',*,*,#602,.F.);
#602 = EDGE_CURVE('',#143,#595,#603,.T.);
#603 = CIRCLE('',#604,18.);
#604 = AXIS2_PLACEMENT_3D('',#605,#606,#607);
#605 = CARTESIAN_POINT('',(0.,0.,26.5));
#606 = DIRECTION('',(0.,0.,1.));
#607 = DIRECTION('',(1.,0.,-0.));
#608 = PLANE('',#609);
#609 = AXIS2_PLACEMENT_3D('',#610,#611,#612);
#610 = CARTESIAN_POINT('',(0.,0.,26.5));
#611 = DIRECTION('',(0.,0.,1.));
#612 = DIRECTION('',(1.,0.,-0.));
#613 = ADVANCED_FACE('',(#614),#625,.T.);
#614 = FACE_BOUND('',#615,.T.);
#615 = EDGE_LOOP('',(#616,#617,#624));
#616 = ORIENTED_EDGE('',*,*,#227,.F.);
#617 = ORIENTED_EDGE('',*,*,#618,.T.);
#618 = EDGE_CURVE('',#220,#595,#619,.T.);
#619 = ELLIPSE('',#620,25.455844122716,18.);
#620 = AXIS2_PLACEMENT_3D('',#621,#622,#623);
#621 = CARTESIAN_POINT('',(0.,0.,17.999821433127));
#622 = DIRECTION('',(0.,-0.707106781187,0.707106781187));
#623 = DIRECTION('',(0.,0.707106781187,0.707106781187));
#624 = ORIENTED_EDGE('',*,*,#602,.F.);
#625 = CYLINDRICAL_SURFACE('',#626,18.);
#626 = AXIS2_PLACEMENT_3D('',#627,#628,#629);
#627 = CARTESIAN_POINT('',(0.,0.,21.4));
#628 = DIRECTION('',(0.,0.,1.));
#629 = DIRECTION('',(1.,0.,-0.));
#630 = ADVANCED_FACE('',(#631),#642,.F.);
#631 = FACE_BOUND('',#632,.F.);
#632 = EDGE_LOOP('',(#633,#634,#640,#641));
#633 = ORIENTED_EDGE('',*,*,#594,.F.);
#634 = ORIENTED_EDGE('',*,*,#635,.F.);
#635 = EDGE_CURVE('',#212,#587,#636,.T.);
#636 = LINE('',#637,#638);
#637 = CARTESIAN_POINT('',(10.5,5.,22.999821433127));
#638 = VECTOR('',#639,1.);
#639 = DIRECTION('',(0.,0.707106781187,0.707106781187));
#640 = ORIENTED_EDGE('',*,*,#219,.T.);
#641 = ORIENTED_EDGE('',*,*,#618,.T.);
#642 = PLANE('',#643);
#643 = AXIS2_PLACEMENT_3D('',#644,#645,#646);
#644 = CARTESIAN_POINT('',(10.5,5.,22.999821433127));
#645 = DIRECTION('',(0.,-0.707106781187,0.707106781187));
#646 = DIRECTION('',(1.,0.,0.));
#647 = ADVANCED_FACE('',(#648),#653,.F.);
#648 = FACE_BOUND('',#649,.F.);
#649 = EDGE_LOOP('',(#650,#651,#652));
#650 = ORIENTED_EDGE('',*,*,#211,.T.);
#651 = ORIENTED_EDGE('',*,*,#635,.T.);
#652 = ORIENTED_EDGE('',*,*,#586,.F.);
#653 = PLANE('',#654);
#654 = AXIS2_PLACEMENT_3D('',#655,#656,#657);
#655 = CARTESIAN_POINT('',(10.5,5.,22.999821433127));
#656 = DIRECTION('',(1.,0.,0.));
#657 = DIRECTION('',(0.,-0.707106781187,0.707106781187));
#658 = ADVANCED_FACE('',(#659),#670,.T.);
#659 = FACE_BOUND('',#660,.T.);
#660 = EDGE_LOOP('',(#661,#662,#663,#664));
#661 = ORIENTED_EDGE('',*,*,#578,.F.);
#662 = ORIENTED_EDGE('',*,*,#195,.F.);
#663 = ORIENTED_EDGE('',*,*,#244,.T.);
#664 = ORIENTED_EDGE('',*,*,#665,.T.);
#665 = EDGE_CURVE('',#245,#571,#666,.T.);
#666 = LINE('',#667,#668);
#667 = CARTESIAN_POINT('',(5.,9.797958971133,21.35));
#668 = VECTOR('',#669,1.);
#669 = DIRECTION('',(0.,0.,1.));
#670 = CYLINDRICAL_SURFACE('',#671,11.);
#671 = AXIS2_PLACEMENT_3D('',#672,#673,#674);
#672 = CARTESIAN_POINT('',(0.,0.,21.35));
#673 = DIRECTION('',(0.,0.,1.));
#674 = DIRECTION('',(1.,0.,-0.));
#675 = ADVANCED_FACE('',(#676),#698,.T.);
#676 = FACE_BOUND('',#677,.T.);
#677 = EDGE_LOOP('',(#678,#679,#680,#681,#690,#697));
#678 = ORIENTED_EDGE('',*,*,#477,.T.);
#679 = ORIENTED_EDGE('',*,*,#494,.T.);
#680 = ORIENTED_EDGE('',*,*,#171,.T.);
#681 = ORIENTED_EDGE('',*,*,#682,.F.);
#682 = EDGE_CURVE('',#683,#164,#685,.T.);
#683 = VERTEX_POINT('',#684);
#684 = CARTESIAN_POINT('',(29.4,0.,26.4));
#685 = CIRCLE('',#686,29.4);
#686 = AXIS2_PLACEMENT_3D('',#687,#688,#689);
#687 = CARTESIAN_POINT('',(0.,0.,26.4));
#688 = DIRECTION('',(0.,0.,1.));
#689 = DIRECTION('',(1.,0.,-0.));
#690 = ORIENTED_EDGE('',*,*,#691,.F.);
#691 = EDGE_CURVE('',#399,#683,#692,.T.);
#692 = CIRCLE('',#693,29.4);
#693 = AXIS2_PLACEMENT_3D('',#694,#695,#696);
#694 = CARTESIAN_POINT('',(0.,0.,26.4));
#695 = DIRECTION('',(0.,0.,1.));
#696 = DIRECTION('',(1.,0.,-0.));
#697 = ORIENTED_EDGE('',*,*,#406,.F.);
#698 = PLANE('',#699);
#699 = AXIS2_PLACEMENT_3D('',#700,#701,#702);
#700 = CARTESIAN_POINT('',(0.,0.,26.4));
#701 = DIRECTION('',(0.,0.,1.));
#702 = DIRECTION('',(1.,0.,-0.));
#703 = ADVANCED_FACE('',(#704),#748,.T.);
#704 = FACE_BOUND('',#705,.T.);
#705 = EDGE_LOOP('',(#706,#707,#708,#709,#732,#740,#747));
#706 = ORIENTED_EDGE('',*,*,#691,.T.);
#707 = ORIENTED_EDGE('',*,*,#682,.T.);
#708 = ORIENTED_EDGE('',*,*,#163,.T.);
#709 = ORIENTED_EDGE('',*,*,#710,.F.);
#710 = EDGE_CURVE('',#711,#151,#713,.T.);
#711 = VERTEX_POINT('',#712);
#712 = CARTESIAN_POINT('',(20.,1.06581410364E-14,26.4));
#713 = B_SPLINE_CURVE_WITH_KNOTS('',5,(#714,#715,#716,#717,#718,#719,
    #720,#721,#722,#723,#724,#725,#726,#727,#728,#729,#730,#731),
  .UNSPECIFIED.,.F.,.F.,(6,4,4,4,6),(0.,0.27298514384,0.538835166809,
    0.772303473721,1.),.UNSPECIFIED.);
#714 = CARTESIAN_POINT('',(20.,2.6645352591E-15,26.4));
#715 = CARTESIAN_POINT('',(19.893561666195,0.815598816516,26.4));
#716 = CARTESIAN_POINT('',(19.744863902581,1.625543324553,26.4));
#717 = CARTESIAN_POINT('',(19.553945530211,2.426851022961,26.4));
#718 = CARTESIAN_POINT('',(19.32113992847,3.21648758977,26.4));
#719 = CARTESIAN_POINT('',(18.780274606918,4.746022291375,26.4));
#720 = CARTESIAN_POINT('',(18.474338614448,5.486687382444,26.4));
#721 = CARTESIAN_POINT('',(18.129947329969,6.21053838439,26.4));
#722 = CARTESIAN_POINT('',(17.748026975609,6.914745315111,26.4));
#723 = CARTESIAN_POINT('',(16.962597827171,8.195233804882,26.4));
#724 = CARTESIAN_POINT('',(16.567382560717,8.77665330746,26.4));
#725 = CARTESIAN_POINT('',(16.145056787959,9.338874671246,26.4));
#726 = CARTESIAN_POINT('',(15.696667668479,9.880046421708,26.4));
#727 = CARTESIAN_POINT('',(14.761976290411,10.903896082677,26.4));
#728 = CARTESIAN_POINT('',(14.276882756735,11.387692176725,26.4));
#729 = CARTESIAN_POINT('',(13.769360024461,11.848105529726,26.4));
#730 = CARTESIAN_POINT('',(13.240749805641,12.283549208037,26.4));
#731 = CARTESIAN_POINT('',(12.692585613435,12.692532440248,26.4));
#732 = ORIENTED_EDGE('',*,*,#733,.F.);
#733 = EDGE_CURVE('',#734,#711,#736,.T.);
#734 = VERTEX_POINT('',#735);
#735 = CARTESIAN_POINT('',(18.2,-4.457714348896E-15,26.4));
#736 = LINE('',#737,#738);
#737 = CARTESIAN_POINT('',(9.367782154166,-3.735972943381E-14,26.4));
#738 = VECTOR('',#739,1.);
#739 = DIRECTION('',(1.,3.550882622763E-15,-0.));
#740 = ORIENTED_EDGE('',*,*,#741,.F.);
#741 = EDGE_CURVE('',#391,#734,#742,.T.);
#742 = CIRCLE('',#743,18.2);
#743 = AXIS2_PLACEMENT_3D('',#744,#745,#746);
#744 = CARTESIAN_POINT('',(0.,0.,26.4));
#745 = DIRECTION('',(0.,0.,1.));
#746 = DIRECTION('',(1.,0.,-0.));
#747 = ORIENTED_EDGE('',*,*,#398,.F.);
#748 = PLANE('',#749);
#749 = AXIS2_PLACEMENT_3D('',#750,#751,#752);
#750 = CARTESIAN_POINT('',(0.,0.,26.4));
#751 = DIRECTION('',(0.,0.,1.));
#752 = DIRECTION('',(1.,0.,-0.));
#753 = ADVANCED_FACE('',(#754),#1327,.F.);
#754 = FACE_BOUND('',#755,.F.);
#755 = EDGE_LOOP('',(#756,#757,#831,#854,#865,#872,#914,#1019,#1103,
    #1187,#1250,#1325,#1326));
#756 = ORIENTED_EDGE('',*,*,#710,.F.);
#757 = ORIENTED_EDGE('',*,*,#758,.T.);
#758 = EDGE_CURVE('',#711,#759,#761,.T.);
#759 = VERTEX_POINT('',#760);
#760 = CARTESIAN_POINT('',(-14.14219063902,14.14206405065,69.4));
#761 = B_SPLINE_CURVE_WITH_KNOTS('',9,(#762,#763,#764,#765,#766,#767,
    #768,#769,#770,#771,#772,#773,#774,#775,#776,#777,#778,#779,#780,
    #781,#782,#783,#784,#785,#786,#787,#788,#789,#790,#791,#792,#793,
    #794,#795,#796,#797,#798,#799,#800,#801,#802,#803,#804,#805,#806,
    #807,#808,#809,#810,#811,#812,#813,#814,#815,#816,#817,#818,#819,
    #820,#821,#822,#823,#824,#825,#826,#827,#828,#829,#830),
  .UNSPECIFIED.,.F.,.F.,(10,8,9,8,9,8,9,8,10),(0.,6.993548514224,
    13.987097028449,20.980645542673,27.974194056897,34.967742571122,
    41.961291085346,48.95483959957,55.948388113795),.UNSPECIFIED.);
#762 = CARTESIAN_POINT('',(20.,-7.105427357601E-15,26.4));
#763 = CARTESIAN_POINT('',(19.999994978952,9.599342085495,
    27.011093054131));
#764 = CARTESIAN_POINT('',(14.816019035646,19.199995374581,
    27.622259933985));
#765 = CARTESIAN_POINT('',(4.45389622683,25.591103340254,28.23326776136)
  );
#766 = CARTESIAN_POINT('',(-8.805458207698,25.628452835836,
    28.844502919997));
#767 = CARTESIAN_POINT('',(-20.30795083295,17.942837753887,
    29.455513851252));
#768 = CARTESIAN_POINT('',(-25.34746292835,5.67836135567,30.066679381355
    ));
#769 = CARTESIAN_POINT('',(-23.408394214,-6.340653099804,30.677772213972
    ));
#770 = CARTESIAN_POINT('',(-16.52227063496,-14.80409424771,
    31.288885517104));
#771 = CARTESIAN_POINT('',(1.214934566912,-22.15108507785,
    32.511109079387));
#772 = CARTESIAN_POINT('',(12.068715077509,-21.03575370312,
    33.122220167178));
#773 = CARTESIAN_POINT('',(21.9385753912,-13.90815362215,33.733320634991
    ));
#774 = CARTESIAN_POINT('',(27.047381163985,-1.672383554496,
    34.344469950614));
#775 = CARTESIAN_POINT('',(24.348468070544,11.895642036516,
    34.955506363085));
#776 = CARTESIAN_POINT('',(14.946245351939,21.245039851989,
    35.566710096957));
#777 = CARTESIAN_POINT('',(3.099950516692,24.052942876109,
    36.177749038725));
#778 = CARTESIAN_POINT('',(-7.354377088613,20.929895278524,
    36.788891059126));
#779 = CARTESIAN_POINT('',(-14.14213562373,14.14213562373,
    37.399999999993));
#780 = CARTESIAN_POINT('',(-20.9298919569,7.354372189735,38.011093054143
    ));
#781 = CARTESIAN_POINT('',(-24.05295445837,-3.099939397835,
    38.622259933972));
#782 = CARTESIAN_POINT('',(-21.24502293468,-14.94626248522,
    39.233267761368));
#783 = CARTESIAN_POINT('',(-11.89565358137,-24.34845200168,
    39.844502919995));
#784 = CARTESIAN_POINT('',(1.67238749645,-27.04739199547,40.455513851251
    ));
#785 = CARTESIAN_POINT('',(13.908155101904,-21.93857074314,
    41.066679381355));
#786 = CARTESIAN_POINT('',(21.035753089431,-12.06871548138,
    41.677772213973));
#787 = CARTESIAN_POINT('',(22.151085038469,-1.214934174696,
    42.288885517103));
#788 = CARTESIAN_POINT('',(14.804093998233,16.522270940157,
    43.511109079389));
#789 = CARTESIAN_POINT('',(6.340653819323,23.408394362389,
    44.122220167165));
#790 = CARTESIAN_POINT('',(-5.678365688635,25.347465168571,
    44.733320635026));
#791 = CARTESIAN_POINT('',(-17.94283288235,20.307940386805,
    45.344469950553));
#792 = CARTESIAN_POINT('',(-25.62845603464,8.805477733219,
    45.955506363167));
#793 = CARTESIAN_POINT('',(-25.59110318766,-4.453920303988,
    46.566710096872));
#794 = CARTESIAN_POINT('',(-19.19999504682,-14.81600298362,
    47.177749038794));
#795 = CARTESIAN_POINT('',(-9.599340970232,-20.00000079174,
    47.788891059082));
#796 = CARTESIAN_POINT('',(-4.427936760889E-12,-20.,48.400000000015));
#797 = CARTESIAN_POINT('',(9.599342085493,-19.99999497894,
    49.011093054105));
#798 = CARTESIAN_POINT('',(19.199995374594,-14.81601903564,
    49.622259934008));
#799 = CARTESIAN_POINT('',(25.591103340233,-4.453896226833,
    50.233267761353));
#800 = CARTESIAN_POINT('',(25.628452835854,8.805458207703,
    50.844502919989));
#801 = CARTESIAN_POINT('',(17.942837753877,20.307950832955,
    51.455513851264));
#802 = CARTESIAN_POINT('',(5.678361355673,25.347462928353,
    52.066679381348));
#803 = CARTESIAN_POINT('',(-6.340653099804,23.408394214005,
    52.677772213975));
#804 = CARTESIAN_POINT('',(-14.80409424771,16.522270634964,
    53.288885517104));
#805 = CARTESIAN_POINT('',(-22.15108507785,-1.214934566912,
    54.511109079388));
#806 = CARTESIAN_POINT('',(-21.03575370313,-12.06871507751,
    55.122220167172));
#807 = CARTESIAN_POINT('',(-13.9081536221,-21.93857539117,
    55.733320635002));
#808 = CARTESIAN_POINT('',(-1.672383554607,-27.04738116404,
    56.344469950599));
#809 = CARTESIAN_POINT('',(11.895642036682,-24.34846807045,
    56.955506363109));
#810 = CARTESIAN_POINT('',(21.245039851839,-14.94624535201,
    57.56671009692));
#811 = CARTESIAN_POINT('',(24.052942876195,-3.099950516662,
    58.177749038772));
#812 = CARTESIAN_POINT('',(20.92989527851,7.354377088616,58.788891059084
    ));
#813 = CARTESIAN_POINT('',(14.142135623733,14.142135623732,
    59.400000000015));
#814 = CARTESIAN_POINT('',(7.354372193138,20.929891956038,
    60.011093041831));
#815 = CARTESIAN_POINT('',(-3.099939411853,24.052954461935,
    60.622259984509));
#816 = CARTESIAN_POINT('',(-14.94626245087,21.245022925999,
    61.233267637659));
#817 = CARTESIAN_POINT('',(-24.34845206263,11.895653596748,
    61.844503139458));
#818 = CARTESIAN_POINT('',(-27.04739191176,-1.672387517546,
    62.455513549902));
#819 = CARTESIAN_POINT('',(-21.93857083458,-13.90815507886,
    63.066679710567));
#820 = CARTESIAN_POINT('',(-12.0687154012,-21.03575310962,
    63.677771925335));
#821 = CARTESIAN_POINT('',(-1.214934230811,-22.15108502433,
    64.288885719118));
#822 = CARTESIAN_POINT('',(16.522271057635,-14.80409402782,
    65.511108656468));
#823 = CARTESIAN_POINT('',(23.408393728224,-6.340653659604,
    66.122222450245));
#824 = CARTESIAN_POINT('',(25.347466826787,5.678365270983,
    66.733314665043));
#825 = CARTESIAN_POINT('',(20.307937366191,17.94283364317,
    67.344480825631));
#826 = CARTESIAN_POINT('',(8.805481934853,25.628454976392,67.95549123621
    ));
#827 = CARTESIAN_POINT('',(-4.453924926256,25.591104351816,
    68.566726737825));
#828 = CARTESIAN_POINT('',(-14.81599891492,19.199994022135,
    69.17773439118));
#829 = CARTESIAN_POINT('',(-20.00000364579,9.599341689006,
    69.788901333675));
#830 = CARTESIAN_POINT('',(-19.99999843766,-3.934623471546E-07,
    70.399994375611));
#831 = ORIENTED_EDGE('',*,*,#832,.T.);
#832 = EDGE_CURVE('',#759,#833,#835,.T.);
#833 = VERTEX_POINT('',#834);
#834 = CARTESIAN_POINT('',(-18.12720146597,3.156670241251,69.4));
#835 = B_SPLINE_CURVE_WITH_KNOTS('',5,(#836,#837,#838,#839,#840,#841,
    #842,#843,#844,#845,#846,#847,#848,#849,#850,#851,#852,#853),
  .UNSPECIFIED.,.F.,.F.,(6,4,4,4,6),(0.,0.269666031839,0.533204366735,
    0.769163288517,1.),.UNSPECIFIED.);
#836 = CARTESIAN_POINT('',(-14.14219063902,14.14206405065,69.4));
#837 = CARTESIAN_POINT('',(-14.57986480544,13.572999682508,69.4));
#838 = CARTESIAN_POINT('',(-14.99173129901,12.984220496019,69.4));
#839 = CARTESIAN_POINT('',(-15.37640357741,12.377142491434,69.4));
#840 = CARTESIAN_POINT('',(-15.73259639858,11.7533276252,69.4));
#841 = CARTESIAN_POINT('',(-16.37827763904,10.490180284139,69.4));
#842 = CARTESIAN_POINT('',(-16.66909951074,9.851519346812,69.4));
#843 = CARTESIAN_POINT('',(-16.9305276902,9.200119301354,69.4));
#844 = CARTESIAN_POINT('',(-17.16159988896,8.537710109852,69.4));
#845 = CARTESIAN_POINT('',(-17.5404797812,7.264875060304,69.4));
#846 = CARTESIAN_POINT('',(-17.69447124101,6.65626126443,69.4));
#847 = CARTESIAN_POINT('',(-17.8228883092,6.041647961872,69.4));
#848 = CARTESIAN_POINT('',(-17.92524365623,5.422441362745,69.4));
#849 = CARTESIAN_POINT('',(-18.07543483401,4.191308286074,69.4));
#850 = CARTESIAN_POINT('',(-18.12440620309,3.57951348476,69.4));
#851 = CARTESIAN_POINT('',(-18.14772739688,2.966120591366,69.4));
#852 = CARTESIAN_POINT('',(-18.14515415626,2.352567235258,69.4));
#853 = CARTESIAN_POINT('',(-18.11656195009,1.740343698382,69.4));
#854 = ORIENTED_EDGE('',*,*,#855,.F.);
#855 = EDGE_CURVE('',#856,#833,#858,.T.);
#856 = VERTEX_POINT('',#857);
#857 = CARTESIAN_POINT('',(-18.72768528662,-1.153406740317E-07,
    69.779358735666));
#858 = B_SPLINE_CURVE_WITH_KNOTS('',5,(#859,#860,#861,#862,#863,#864),
  .UNSPECIFIED.,.F.,.F.,(6,6),(0.,1.),.PIECEWISE_BEZIER_KNOTS.);
#859 = CARTESIAN_POINT('',(-18.72768528662,-1.153406074424E-07,
    69.779358735666));
#860 = CARTESIAN_POINT('',(-18.66268138761,0.640498382394,
    69.704104217249));
#861 = CARTESIAN_POINT('',(-18.57003523245,1.278037078489,
    69.628548266714));
#862 = CARTESIAN_POINT('',(-18.449771422,1.910999384951,69.55268302261)
  );
#863 = CARTESIAN_POINT('',(-18.30205491824,2.537756547308,
    69.476501900581));
#864 = CARTESIAN_POINT('',(-18.12720146597,3.156670241252,69.4));
#865 = ORIENTED_EDGE('',*,*,#866,.F.);
#866 = EDGE_CURVE('',#867,#856,#869,.T.);
#867 = VERTEX_POINT('',#868);
#868 = CARTESIAN_POINT('',(-18.2,8.848747266874E-12,69.521953319959));
#869 = B_SPLINE_CURVE_WITH_KNOTS('',1,(#870,#871),.UNSPECIFIED.,.F.,.F.,
  (2,2),(0.,2.280898945591),.PIECEWISE_BEZIER_KNOTS.);
#870 = CARTESIAN_POINT('',(-17.949995313,5.465869794373E-08,
    69.400000781173));
#871 = CARTESIAN_POINT('',(-19.99999843766,-3.934623471546E-07,
    70.399994375611));
#872 = ORIENTED_EDGE('',*,*,#873,.F.);
#873 = EDGE_CURVE('',#874,#867,#876,.T.);
#874 = VERTEX_POINT('',#875);
#875 = CARTESIAN_POINT('',(18.2,-4.457714348896E-15,65.521948416585));
#876 = B_SPLINE_CURVE_WITH_KNOTS('',8,(#877,#878,#879,#880,#881,#882,
    #883,#884,#885,#886,#887,#888,#889,#890,#891,#892,#893,#894,#895,
    #896,#897,#898,#899,#900,#901,#902,#903,#904,#905,#906,#907,#908,
    #909,#910,#911,#912,#913),.UNSPECIFIED.,.F.,.F.,(9,7,7,7,7,9),(0.,
    0.142568216448,0.323404886287,0.574812501985,0.836113298854,1.),
  .UNSPECIFIED.);
#877 = CARTESIAN_POINT('',(18.2,-1.92662754241E-14,65.521948416585));
#878 = CARTESIAN_POINT('',(18.2,1.018767760191,65.593216508309));
#879 = CARTESIAN_POINT('',(18.134826366951,2.037648748121,
    65.664492475555));
#880 = CARTESIAN_POINT('',(18.004454585535,3.051639207885,
    65.735767236975));
#881 = CARTESIAN_POINT('',(17.809342874061,4.05584911781,65.807039250327
    ));
#882 = CARTESIAN_POINT('',(17.550374721525,5.04549377888,65.878310896494
    ));
#883 = CARTESIAN_POINT('',(17.228835095586,6.015892193762,
    65.949585063216));
#884 = CARTESIAN_POINT('',(16.846420321455,6.962472236437,
    66.020861928533));
#885 = CARTESIAN_POINT('',(15.845731589064,9.045587745121,
    66.182541476922));
#886 = CARTESIAN_POINT('',(15.191566062102,10.165189504837,
    66.272963733039));
#887 = CARTESIAN_POINT('',(14.447176609664,11.230308695667,
    66.363379930626));
#888 = CARTESIAN_POINT('',(13.617950843153,12.232517876985,
    66.453787570567));
#889 = CARTESIAN_POINT('',(12.710109650308,13.164114065177,
    66.544194422478));
#890 = CARTESIAN_POINT('',(11.730647170002,14.018084662277,
    66.634608352077));
#891 = CARTESIAN_POINT('',(10.687373518082,14.788166611514,
    66.725026989747));
#892 = CARTESIAN_POINT('',(8.062133691856,16.41552357625,66.941105906402
    ));
#893 = CARTESIAN_POINT('',(6.427386439621,17.190442052181,
    67.066866967567));
#894 = CARTESIAN_POINT('',(4.708822049217,17.778307229927,
    67.192581197321));
#895 = CARTESIAN_POINT('',(2.931653232512,18.169249170611,
    67.318261016294));
#896 = CARTESIAN_POINT('',(1.121738279392,18.35708172265,67.443942036931
    ));
#897 = CARTESIAN_POINT('',(-0.694444684639,18.339575410212,
    67.569658241992));
#898 = CARTESIAN_POINT('',(-2.489924224632,18.118164118121,
    67.695423117272));
#899 = CARTESIAN_POINT('',(-6.053050124087,17.26520185023,
    67.951742365061));
#900 = CARTESIAN_POINT('',(-7.819411240784,16.617234113705,
    68.082476561062));
#901 = CARTESIAN_POINT('',(-9.504747858289,15.762936764739,
    68.213154569247));
#902 = CARTESIAN_POINT('',(-11.08139604031,14.714877015754,
    68.343791290973));
#903 = CARTESIAN_POINT('',(-12.52418617692,13.489073732044,
    68.474422729151));
#904 = CARTESIAN_POINT('',(-13.81077198842,12.105294476611,
    68.605092142993));
#905 = CARTESIAN_POINT('',(-14.92144081487,10.586653719656,
    68.735820569019));
#906 = CARTESIAN_POINT('',(-16.41750188874,7.942114545917,
    68.948383970767));
#907 = CARTESIAN_POINT('',(-16.91929025107,6.880204104851,
    69.030330617777));
#908 = CARTESIAN_POINT('',(-17.34240806207,5.78233919173,69.112274463942
    ));
#909 = CARTESIAN_POINT('',(-17.6839042847,4.655379260881,69.194212278566
    ));
#910 = CARTESIAN_POINT('',(-17.9415640591,3.506369130063,69.276146840322
    ));
#911 = CARTESIAN_POINT('',(-18.11386340661,2.342518367816,
    69.358081383793));
#912 = CARTESIAN_POINT('',(-18.19999999999,1.171204494927,
    69.440017047007));
#913 = CARTESIAN_POINT('',(-18.2,8.916152647139E-12,69.521953319959));
#914 = ORIENTED_EDGE('',*,*,#915,.F.);
#915 = EDGE_CURVE('',#916,#874,#918,.T.);
#916 = VERTEX_POINT('',#917);
#917 = CARTESIAN_POINT('',(18.2,-4.457714348896E-15,57.521954593273));
#918 = B_SPLINE_CURVE_WITH_KNOTS('',8,(#919,#920,#921,#922,#923,#924,
    #925,#926,#927,#928,#929,#930,#931,#932,#933,#934,#935,#936,#937,
    #938,#939,#940,#941,#942,#943,#944,#945,#946,#947,#948,#949,#950,
    #951,#952,#953,#954,#955,#956,#957,#958,#959,#960,#961,#962,#963,
    #964,#965,#966,#967,#968,#969,#970,#971,#972,#973,#974,#975,#976,
    #977,#978,#979,#980,#981,#982,#983,#984,#985,#986,#987,#988,#989,
    #990,#991,#992,#993,#994,#995,#996,#997,#998,#999,#1000,#1001,#1002,
    #1003,#1004,#1005,#1006,#1007,#1008,#1009,#1010,#1011,#1012,#1013,
    #1014,#1015,#1016,#1017,#1018),.UNSPECIFIED.,.F.,.F.,(9,7,7,7,7,7,7,
    7,7,7,7,7,7,7,9),(0.,6.495642098851E-02,9.534168814209E-02,
    0.130514285327,0.215526880368,0.277538660518,0.387022341505,
    0.479107365748,0.596549881356,0.728955059842,0.744187818718,
    0.782690342035,0.816787138357,0.906944924231,1.),.UNSPECIFIED.);
#919 = CARTESIAN_POINT('',(18.2,-1.06581410364E-14,57.521954593273));
#920 = CARTESIAN_POINT('',(18.2,0.928363683579,57.586900620319));
#921 = CARTESIAN_POINT('',(18.145880047055,1.856793322795,
    57.651851159244));
#922 = CARTESIAN_POINT('',(18.037627082039,2.781525497859,
    57.716800805559));
#923 = CARTESIAN_POINT('',(17.875554042889,3.698865998661,57.78174887333
    ));
#924 = CARTESIAN_POINT('',(17.660267565103,4.60518563115,57.846697025805
    ));
#925 = CARTESIAN_POINT('',(17.392654883895,5.496919706254,
    57.911647062165));
#926 = CARTESIAN_POINT('',(17.073889937967,6.370571211374,
    57.976598860403));
#927 = CARTESIAN_POINT('',(16.53311416789,7.621334109658,58.071930560206
    ));
#928 = CARTESIAN_POINT('',(16.349902824651,8.015244680676,
    58.102312079757));
#929 = CARTESIAN_POINT('',(16.155970750711,8.404108987282,
    58.132693504366));
#930 = CARTESIAN_POINT('',(15.951478672384,8.787590409112,58.16307505096
    ));
#931 = CARTESIAN_POINT('',(15.736601936808,9.165356095633,
    58.193456684006));
#932 = CARTESIAN_POINT('',(15.511530511942,9.537076966138,
    58.223838115507));
#933 = CARTESIAN_POINT('',(15.276468986572,9.902427709755,
    58.254218805001));
#934 = CARTESIAN_POINT('',(14.748229749765,10.676254147041,
    58.319763481103));
#935 = CARTESIAN_POINT('',(14.451707168872,11.082490179143,
    58.354929490613));
#936 = CARTESIAN_POINT('',(14.142404818272,11.479302414913,
    58.39009572106));
#937 = CARTESIAN_POINT('',(13.820676866261,11.866217456102,
    58.425262060354));
#938 = CARTESIAN_POINT('',(13.486895658783,12.242780973039,
    58.460428551351));
#939 = CARTESIAN_POINT('',(13.141451719434,12.60855770463,
    58.495595391851));
#940 = CARTESIAN_POINT('',(12.784753749458,12.96313145836,
    58.530762934603));
#941 = CARTESIAN_POINT('',(11.528915940049,14.135076597043,
    58.650934990174));
#942 = CARTESIAN_POINT('',(10.57725671997,14.896364193221,
    58.735948695367));
#943 = CARTESIAN_POINT('',(9.568429779229,15.584155329487,
    58.820952416001));
#944 = CARTESIAN_POINT('',(8.509102690589,16.193511492321,
    58.905947395799));
#945 = CARTESIAN_POINT('',(7.406355624603,16.720249039743,
    58.990943430429));
#946 = CARTESIAN_POINT('',(6.267651103567,17.160904372339,
    59.075948364533));
#947 = CARTESIAN_POINT('',(5.100849672696,17.512783459573,
    59.160960164447));
#948 = CARTESIAN_POINT('',(3.048731206487,17.964707930402,
    59.307965182224));
#949 = CARTESIAN_POINT('',(2.172517279042,18.107164249837,
    59.369973877013));
#950 = CARTESIAN_POINT('',(1.288820104507,18.200748946141,
    59.431982855673));
#951 = CARTESIAN_POINT('',(0.400836129487,18.245021025621,
    59.493990774503));
#952 = CARTESIAN_POINT('',(-0.488234449626,18.239789964385,
    59.555998184523));
#953 = CARTESIAN_POINT('',(-1.375189370198,18.185106615237,
    59.618005947866));
#954 = CARTESIAN_POINT('',(-2.256825371928,18.081269291559,
    59.680013627457));
#955 = CARTESIAN_POINT('',(-4.671446657859,17.659735362451,
    59.851488187738));
#956 = CARTESIAN_POINT('',(-6.187111740715,17.239049235064,
    59.960999000812));
#957 = CARTESIAN_POINT('',(-7.658634306658,16.669769201062,
    60.070486987396));
#958 = CARTESIAN_POINT('',(-9.069112818362,15.957600930327,
    60.17995640773));
#959 = CARTESIAN_POINT('',(-10.40272895843,15.110223604675,
    60.289426782699));
#960 = CARTESIAN_POINT('',(-11.64480692152,14.137305246636,
    60.39891681903));
#961 = CARTESIAN_POINT('',(-12.78182089637,13.050430290019,
    60.508430895778));
#962 = CARTESIAN_POINT('',(-14.65979749926,10.865660925938,
    60.709986078718));
#963 = CARTESIAN_POINT('',(-15.43540662066,9.796473630573,
    60.802083212071));
#964 = CARTESIAN_POINT('',(-16.12155584619,8.664386605726,
    60.894173574564));
#965 = CARTESIAN_POINT('',(-16.71239422614,7.478204357811,
    60.986254396431));
#966 = CARTESIAN_POINT('',(-17.20314681913,6.247234074459,
    61.078334226521));
#967 = CARTESIAN_POINT('',(-17.59005244021,4.981239684386,61.17042178571
    ));
#968 = CARTESIAN_POINT('',(-17.87044287318,3.690458358391,
    61.262514642856));
#969 = CARTESIAN_POINT('',(-18.26299131017,0.721603035174,
    61.472014983403));
#970 = CARTESIAN_POINT('',(-18.30773074869,-0.966513928953,
    61.589499240857));
#971 = CARTESIAN_POINT('',(-18.17384612901,-2.655842387616,
    61.706949755269));
#972 = CARTESIAN_POINT('',(-17.86212015325,-4.32436438536,
    61.824375104574));
#973 = CARTESIAN_POINT('',(-17.37616890539,-5.950702739502,
    61.941802253894));
#974 = CARTESIAN_POINT('',(-16.72255793737,-7.514194404694,
    62.059256780859));
#975 = CARTESIAN_POINT('',(-15.910661722,-8.994910518217,62.176745514013
    ));
#976 = CARTESIAN_POINT('',(-13.87518576652,-11.92897592032,
    62.426570092885));
#977 = CARTESIAN_POINT('',(-12.61083811722,-13.35696021039,
    62.559073860855));
#978 = CARTESIAN_POINT('',(-11.1794611512,-14.63005556038,
    62.691517642266));
#979 = CARTESIAN_POINT('',(-9.603795087929,-15.72624738188,
    62.823917683631));
#980 = CARTESIAN_POINT('',(-7.908970044586,-16.62729187543,
    62.956311721414));
#981 = CARTESIAN_POINT('',(-6.12269574887,-17.3191793096,63.088745106801
    ));
#982 = CARTESIAN_POINT('',(-4.274919807073,-17.79174983222,
    63.221241765116));
#983 = CARTESIAN_POINT('',(-2.183181227557,-18.06989542829,
    63.368866352718));
#984 = CARTESIAN_POINT('',(-1.966970583342,-18.09564297458,
    63.384097770538));
#985 = CARTESIAN_POINT('',(-1.750414221567,-18.11843376776,
    63.399329247669));
#986 = CARTESIAN_POINT('',(-1.533558982223,-18.13826246422,
    63.414560805906));
#987 = CARTESIAN_POINT('',(-1.316451788296,-18.15512459981,
    63.429792465851));
#988 = CARTESIAN_POINT('',(-1.099139645773,-18.16901658982,
    63.445024246914));
#989 = CARTESIAN_POINT('',(-0.881669643635,-18.17993572899,
    63.460256167314));
#990 = CARTESIAN_POINT('',(-0.114129117349,-18.20796072035,
    63.513989043274));
#991 = CARTESIAN_POINT('',(0.436528011343,-18.20903599256,
    63.552490013126));
#992 = CARTESIAN_POINT('',(0.987111357881,-18.19107810656,
    63.590990993424));
#993 = CARTESIAN_POINT('',(1.536852977007,-18.15409616464,
    63.629491836586));
#994 = CARTESIAN_POINT('',(2.08498805254,-18.09813627299,63.667992407662
    ));
#995 = CARTESIAN_POINT('',(2.630754897374,-18.02328154171,
    63.706492584329));
#996 = CARTESIAN_POINT('',(3.173394953484,-17.92965208477,
    63.744992256892));
#997 = CARTESIAN_POINT('',(4.189262204542,-17.71800204662,
    63.817585067682));
#998 = CARTESIAN_POINT('',(4.663332850822,-17.60399774634,63.85167839557
    ));
#999 = CARTESIAN_POINT('',(5.133842536656,-17.47549993193,
    63.885771666853));
#1000 = CARTESIAN_POINT('',(5.600274563698,-17.33263905544,
    63.919865123863));
#1001 = CARTESIAN_POINT('',(6.062117729356,-17.17556820831,
    63.953958896357));
#1002 = CARTESIAN_POINT('',(6.518866326794,-17.0044631213,
    63.988053001523));
#1003 = CARTESIAN_POINT('',(6.970020144931,-16.81952216455,
    64.022147343977));
#1004 = CARTESIAN_POINT('',(8.59191098315,-16.0959506638,64.146393090751
    ));
#1005 = CARTESIAN_POINT('',(9.726479570862,-15.47560660367,
    64.236563844359));
#1006 = CARTESIAN_POINT('',(10.809453269095,-14.76402699281,
    64.32672414389));
#1007 = CARTESIAN_POINT('',(11.832315338727,-13.96631832695,
    64.416873724552));
#1008 = CARTESIAN_POINT('',(12.787248278279,-13.08843165008,
    64.507024251672));
#1009 = CARTESIAN_POINT('',(13.667100301579,-12.13709930784,
    64.597185252019));
#1010 = CARTESIAN_POINT('',(14.465439278809,-11.11987757613,
    64.687353614228));
#1011 = CARTESIAN_POINT('',(15.910805725893,-8.936180220452,
    64.870556839951));
#1012 = CARTESIAN_POINT('',(16.552435940355,-7.765521168054,
    64.963626950766));
#1013 = CARTESIAN_POINT('',(17.09532084074,-6.542642757395,
    65.056687614179));
#1014 = CARTESIAN_POINT('',(17.534615148447,-5.277337736616,
    65.149737757887));
#1015 = CARTESIAN_POINT('',(17.866660729776,-3.979762322035,
    65.242785354774));
#1016 = CARTESIAN_POINT('',(18.088909031927,-2.660401325383,
    65.335839555511));
#1017 = CARTESIAN_POINT('',(18.2,-1.330080041586,65.428902415221));
#1018 = CARTESIAN_POINT('',(18.2,-1.7763568394E-14,65.521948416585));
#1019 = ORIENTED_EDGE('',*,*,#1020,.F.);
#1020 = EDGE_CURVE('',#1021,#916,#1023,.T.);
#1021 = VERTEX_POINT('',#1022);
#1022 = CARTESIAN_POINT('',(18.2,-4.457714348896E-15,49.52193962992));
#1023 = B_SPLINE_CURVE_WITH_KNOTS('',8,(#1024,#1025,#1026,#1027,#1028,
    #1029,#1030,#1031,#1032,#1033,#1034,#1035,#1036,#1037,#1038,#1039,
    #1040,#1041,#1042,#1043,#1044,#1045,#1046,#1047,#1048,#1049,#1050,
    #1051,#1052,#1053,#1054,#1055,#1056,#1057,#1058,#1059,#1060,#1061,
    #1062,#1063,#1064,#1065,#1066,#1067,#1068,#1069,#1070,#1071,#1072,
    #1073,#1074,#1075,#1076,#1077,#1078,#1079,#1080,#1081,#1082,#1083,
    #1084,#1085,#1086,#1087,#1088,#1089,#1090,#1091,#1092,#1093,#1094,
    #1095,#1096,#1097,#1098,#1099,#1100,#1101,#1102),.UNSPECIFIED.,.F.,
  .F.,(9,7,7,7,7,7,7,7,7,7,7,9),(0.,0.104612554989,0.225354601542,
    0.322768481252,0.395388661106,0.430953046936,0.471846020655,
    0.583013478045,0.693235833353,0.786742264177,0.914513609019,1.),
  .UNSPECIFIED.);
#1024 = CARTESIAN_POINT('',(18.2,-3.552713678801E-15,49.52193962992));
#1025 = CARTESIAN_POINT('',(18.2,1.495212801079,49.626544219374));
#1026 = CARTESIAN_POINT('',(18.059613047492,2.990898834832,
    49.731184144129));
#1027 = CARTESIAN_POINT('',(17.778684168627,4.47095856516,
    49.835808663382));
#1028 = CARTESIAN_POINT('',(17.359455881449,5.920024150993,49.9404194644
    ));
#1029 = CARTESIAN_POINT('',(16.805961383117,7.3233055529,50.045029323035
    ));
#1030 = CARTESIAN_POINT('',(16.124041720017,8.666624630298,
    50.14965137932));
#1031 = CARTESIAN_POINT('',(15.321320816815,9.936434084073,
    50.25428730331));
#1032 = CARTESIAN_POINT('',(13.353363828243,12.486224233465,
    50.479613104603));
#1033 = CARTESIAN_POINT('',(12.150310394689,13.738890257485,
    50.600405878189));
#1034 = CARTESIAN_POINT('',(10.813683968836,14.857934867206,
    50.721160195673));
#1035 = CARTESIAN_POINT('',(9.361169831788,15.82718881261,
    50.841886170255));
#1036 = CARTESIAN_POINT('',(7.812133989727,16.633231047701,
    50.962614016165));
#1037 = CARTESIAN_POINT('',(6.187666714405,17.265566246664,
    51.083372355789));
#1038 = CARTESIAN_POINT('',(4.510434621989,17.716493872617,
    51.204170044048));
#1039 = CARTESIAN_POINT('',(1.429643650781,18.197105805902,
    51.422308677323));
#1040 = CARTESIAN_POINT('',(3.486634600758E-02,18.291492208,
    51.51973975046));
#1041 = CARTESIAN_POINT('',(-1.366266357116,18.263567271037,
    51.617160037081));
#1042 = CARTESIAN_POINT('',(-2.761209729836,18.113037320658,
    51.714568703961));
#1043 = CARTESIAN_POINT('',(-4.13763006433,17.841087573595,
    51.811974892817));
#1044 = CARTESIAN_POINT('',(-5.483409776084,17.450270598074,
    51.909389029408));
#1045 = CARTESIAN_POINT('',(-6.786680479564,16.944600158699,
    52.006813501394));
#1046 = CARTESIAN_POINT('',(-8.967197875962,15.871568009205,
    52.17682747016));
#1047 = CARTESIAN_POINT('',(-9.868673123372,15.352555813578,
    52.249444131477));
#1048 = CARTESIAN_POINT('',(-10.7356185734,14.77512223778,
    52.322058524292));
#1049 = CARTESIAN_POINT('',(-11.56363421068,14.141981543761,
    52.394670609261));
#1050 = CARTESIAN_POINT('',(-12.34861073471,13.456208134754,
    52.467283517692));
#1051 = CARTESIAN_POINT('',(-13.08672041496,12.721218959732,
    52.539899842037));
#1052 = CARTESIAN_POINT('',(-13.77443166585,11.940785031924,
    52.612518337449));
#1053 = CARTESIAN_POINT('',(-14.71909372953,10.716653378572,
    52.720691755632));
#1054 = CARTESIAN_POINT('',(-15.0167872789,10.304334173541,
    52.756251104996));
#1055 = CARTESIAN_POINT('',(-15.30126366648,9.882586516271,
    52.791809646021));
#1056 = CARTESIAN_POINT('',(-15.57217947454,9.451899424847,
    52.827367816726));
#1057 = CARTESIAN_POINT('',(-15.82921219076,9.012778865486,
    52.862925929632));
#1058 = CARTESIAN_POINT('',(-16.07206020822,8.565747752538,
    52.898484171758));
#1059 = CARTESIAN_POINT('',(-16.30044282543,8.111345948484,
    52.934042604623));
#1060 = CARTESIAN_POINT('',(-16.75976981411,7.119810945125,
    53.010487438829));
#1061 = CARTESIAN_POINT('',(-16.98597122441,6.580489434246,
    53.051374043821));
#1062 = CARTESIAN_POINT('',(-17.19232137555,6.032991720889,
    53.092261154824));
#1063 = CARTESIAN_POINT('',(-17.3784803609,5.478162843932,
    53.133148783019));
#1064 = CARTESIAN_POINT('',(-17.54415146885,4.916866891547,
    53.174036775172));
#1065 = CARTESIAN_POINT('',(-17.6890811828,4.349987001192,
    53.214924813633));
#1066 = CARTESIAN_POINT('',(-17.81305918117,3.778425359619,
    53.255812416334));
#1067 = CARTESIAN_POINT('',(-18.19554072297,1.639091209403,
    53.407848851003));
#1068 = CARTESIAN_POINT('',(-18.31923618363,4.655457433824E-02,
    53.519041410555));
#1069 = CARTESIAN_POINT('',(-18.28336737323,-1.555420540798,
    53.630210395591));
#1070 = CARTESIAN_POINT('',(-18.0875424043,-3.148187132206,
    53.741365428785));
#1071 = CARTESIAN_POINT('',(-17.73370523154,-4.713460459792,
    53.852522609139));
#1072 = CARTESIAN_POINT('',(-17.22619578321,-6.233370259288,
    53.963698702958));
#1073 = CARTESIAN_POINT('',(-16.57168821525,-7.690475804322,
    54.074895954375));
#1074 = CARTESIAN_POINT('',(-14.99520691595,-10.43385354112,
    54.296246981289));
#1075 = CARTESIAN_POINT('',(-14.07489951333,-11.72261237477,
    54.406493465848));
#1076 = CARTESIAN_POINT('',(-13.02840645645,-12.91775542638,
    54.516716121596));
#1077 = CARTESIAN_POINT('',(-11.86711469468,-14.00507947906,
    54.626919135354));
#1078 = CARTESIAN_POINT('',(-10.60391931125,-14.97212408067,
    54.737123056911));
#1079 = CARTESIAN_POINT('',(-9.253229402447,-15.80822788789,
    54.84734767126));
#1080 = CARTESIAN_POINT('',(-7.830899532153,-16.50450324367,
    54.957597773537));
#1081 = CARTESIAN_POINT('',(-5.10243345084,-17.52116316051,
    55.161303062286));
#1082 = CARTESIAN_POINT('',(-3.810724972064,-17.8827865665,
    55.254819121008));
#1083 = CARTESIAN_POINT('',(-2.490247406649,-18.13536690257,
    55.348326806688));
#1084 = CARTESIAN_POINT('',(-1.151784020106,-18.27636870216,
    55.441825799651));
#1085 = CARTESIAN_POINT('',(0.193791640554,-18.30451615195,
    55.535323811673));
#1086 = CARTESIAN_POINT('',(1.535531847142,-18.21970978449,
    55.628828840147));
#1087 = CARTESIAN_POINT('',(2.862420223828,-18.0231112095,
    55.722341277731));
#1088 = CARTESIAN_POINT('',(5.941096519529,-17.29965649169,
    55.943584351064));
#1089 = CARTESIAN_POINT('',(7.672164426248,-16.67776757999,
    56.071423021522));
#1090 = CARTESIAN_POINT('',(9.327259851354,-15.85809116681,56.1992108338
    ));
#1091 = CARTESIAN_POINT('',(10.880372577121,-14.85212503073,
    56.326962320755));
#1092 = CARTESIAN_POINT('',(12.307777361299,-13.67460985958,
    56.454715110498));
#1093 = CARTESIAN_POINT('',(13.588298987008,-12.34373399279,
    56.582505162147));
#1094 = CARTESIAN_POINT('',(14.703175058959,-10.88078663994,
    56.710347221751));
#1095 = CARTESIAN_POINT('',(16.262621833352,-8.261957882535,
    56.923583667168));
#1096 = CARTESIAN_POINT('',(16.807286997146,-7.164065703871,
    57.00907400728));
#1097 = CARTESIAN_POINT('',(17.267036159097,-6.0254711679,
    57.094559386347));
#1098 = CARTESIAN_POINT('',(17.638396728206,-4.853878418551,
    57.180037704493));
#1099 = CARTESIAN_POINT('',(17.91874561018,-3.657239780201,
    57.265514875232));
#1100 = CARTESIAN_POINT('',(18.106265860163,-2.443733103379,
    57.350997126703));
#1101 = CARTESIAN_POINT('',(18.2,-1.221765004549,57.436482935524));
#1102 = CARTESIAN_POINT('',(18.2,-1.06581410364E-14,57.521954593273));
#1103 = ORIENTED_EDGE('',*,*,#1104,.F.);
#1104 = EDGE_CURVE('',#1105,#1021,#1107,.T.);
#1105 = VERTEX_POINT('',#1106);
#1106 = CARTESIAN_POINT('',(18.2,-4.457714348896E-15,41.52195821064));
#1107 = B_SPLINE_CURVE_WITH_KNOTS('',8,(#1108,#1109,#1110,#1111,#1112,
    #1113,#1114,#1115,#1116,#1117,#1118,#1119,#1120,#1121,#1122,#1123,
    #1124,#1125,#1126,#1127,#1128,#1129,#1130,#1131,#1132,#1133,#1134,
    #1135,#1136,#1137,#1138,#1139,#1140,#1141,#1142,#1143,#1144,#1145,
    #1146,#1147,#1148,#1149,#1150,#1151,#1152,#1153,#1154,#1155,#1156,
    #1157,#1158,#1159,#1160,#1161,#1162,#1163,#1164,#1165,#1166,#1167,
    #1168,#1169,#1170,#1171,#1172,#1173,#1174,#1175,#1176,#1177,#1178,
    #1179,#1180,#1181,#1182,#1183,#1184,#1185,#1186),.UNSPECIFIED.,.F.,
  .F.,(9,7,7,7,7,7,7,7,7,7,7,9),(0.,6.363671194537E-02,0.119785220366,
    0.207205897605,0.324657524566,0.411940194825,0.539726820307,
    0.672676716502,0.728658300995,0.788655738784,0.898969275096,1.),
  .UNSPECIFIED.);
#1108 = CARTESIAN_POINT('',(18.2,0.,41.52195821064));
#1109 = CARTESIAN_POINT('',(18.2,0.909473185115,41.58558494538));
#1110 = CARTESIAN_POINT('',(18.148060166884,1.818995777347,
    41.649215231741));
#1111 = CARTESIAN_POINT('',(18.044170773916,2.725040070017,
    41.71284311364));
#1112 = CARTESIAN_POINT('',(17.888619653418,3.624137647403,
    41.77646918737));
#1113 = CARTESIAN_POINT('',(17.681963777464,4.512877353309,
    41.840092787523));
#1114 = CARTESIAN_POINT('',(17.425019291411,5.387903813283,
    41.90371463324));
#1115 = CARTESIAN_POINT('',(17.118868554286,6.24591946031,
    41.967339152441));
#1116 = CARTESIAN_POINT('',(16.452550834966,7.822884810202,
    42.087105243252));
#1117 = CARTESIAN_POINT('',(16.10295401706,8.546377430956,42.14324941828
    ));
#1118 = CARTESIAN_POINT('',(15.717030520365,9.251931457153,
    42.199392486365));
#1119 = CARTESIAN_POINT('',(15.295871082912,9.937412734953,
    42.255533039597));
#1120 = CARTESIAN_POINT('',(14.840705346991,10.600784937054,
    42.311671922575));
#1121 = CARTESIAN_POINT('',(14.352895214573,11.240106422045,
    42.367810578083));
#1122 = CARTESIAN_POINT('',(13.833935157864,11.853531391644,
    42.423949818417));
#1123 = CARTESIAN_POINT('',(12.431507775144,13.351354355032,
    42.567495213006));
#1124 = CARTESIAN_POINT('',(11.505884987048,14.196518296922,
    42.654913458487));
#1125 = CARTESIAN_POINT('',(10.514878126726,14.968028634171,
    42.742326784461));
#1126 = CARTESIAN_POINT('',(9.46538356461,15.660057853923,
    42.829734107391));
#1127 = CARTESIAN_POINT('',(8.364809944282,16.267593473728,
    42.917142221486));
#1128 = CARTESIAN_POINT('',(7.221040045204,16.786398802496,
    43.004557571104));
#1129 = CARTESIAN_POINT('',(6.042451599449,17.213070456437,
    43.091977808655));
#1130 = CARTESIAN_POINT('',(3.219785565533,17.991406167435,
    43.296814144696));
#1131 = CARTESIAN_POINT('',(1.55371767294,18.267275685233,
    43.414302379647));
#1132 = CARTESIAN_POINT('',(-0.138084237244,18.366375804133,
    43.531759024157));
#1133 = CARTESIAN_POINT('',(-1.83367773143,18.286434601764,
    43.649190404671));
#1134 = CARTESIAN_POINT('',(-3.511353152768,18.028109635855,
    43.766622226308));
#1135 = CARTESIAN_POINT('',(-5.149728887932,17.595093306106,
    43.884079278044));
#1136 = CARTESIAN_POINT('',(-6.727808446375,16.993951357969,
    44.001569794348));
#1137 = CARTESIAN_POINT('',(-9.338017435869,15.67155265253,
    44.20628095444));
#1138 = CARTESIAN_POINT('',(-10.40681328937,15.020531527903,
    44.293567943659));
#1139 = CARTESIAN_POINT('',(-11.42337351138,14.286377785354,
    44.380849759797));
#1140 = CARTESIAN_POINT('',(-12.38020033652,13.474060592374,
    44.468124187436));
#1141 = CARTESIAN_POINT('',(-13.27043581352,12.589265586815,
    44.555397721388));
#1142 = CARTESIAN_POINT('',(-14.08783312593,11.638346139429,
    44.642677010277));
#1143 = CARTESIAN_POINT('',(-14.82680444851,10.628357311743,
    44.729960173937));
#1144 = CARTESIAN_POINT('',(-16.44258603622,8.013539645854,
    44.944992879581));
#1145 = CARTESIAN_POINT('',(-17.22513555385,6.348699792528,
    45.072845203836));
#1146 = CARTESIAN_POINT('',(-17.81397041747,4.597919409263,
    45.200646714365));
#1147 = CARTESIAN_POINT('',(-18.19885462006,2.787740953314,
    45.328411931702));
#1148 = CARTESIAN_POINT('',(-18.37346363749,0.945380275714,
    45.456178475384));
#1149 = CARTESIAN_POINT('',(-18.33571696674,-0.901316676072,
    45.583982280535));
#1150 = CARTESIAN_POINT('',(-18.08743463429,-2.724022411044,
    45.711838110243));
#1151 = CARTESIAN_POINT('',(-17.16730641389,-6.335154113268,
    45.972545398642));
#1152 = CARTESIAN_POINT('',(-16.47803671222,-8.122024048831,
    46.105592181692));
#1153 = CARTESIAN_POINT('',(-15.57644453046,-9.821290225666,
    46.238576220582));
#1154 = CARTESIAN_POINT('',(-14.47633593688,-11.40405484305,
    46.371515581209));
#1155 = CARTESIAN_POINT('',(-13.19512673691,-12.84413474046,
    46.50444846336));
#1156 = CARTESIAN_POINT('',(-11.75419649084,-14.1184740392,
    46.637422519048));
#1157 = CARTESIAN_POINT('',(-10.1784297818,-15.20691397437,
    46.770460257931));
#1158 = CARTESIAN_POINT('',(-7.790580447879,-16.46775745422,
    46.959371200164));
#1159 = CARTESIAN_POINT('',(-7.064238936684,-16.80582414913,
    47.01534990348));
#1160 = CARTESIAN_POINT('',(-6.321208493845,-17.10723538482,
    47.071328734041));
#1161 = CARTESIAN_POINT('',(-5.563660788628,-17.37103686869,
    47.12730674221));
#1162 = CARTESIAN_POINT('',(-4.79381627884,-17.59643365457,
    47.183283965516));
#1163 = CARTESIAN_POINT('',(-4.013941818982,-17.78278526506,
    47.239260545955));
#1164 = CARTESIAN_POINT('',(-3.226350934541,-17.92960860824,
    47.295236105056));
#1165 = CARTESIAN_POINT('',(-1.583580537126,-18.15124301279,
    47.41119790531));
#1166 = CARTESIAN_POINT('',(-0.727556386626,-18.22013938905,
    47.471189349843));
#1167 = CARTESIAN_POINT('',(0.131753984323,-18.24287996957,
    47.531166603271));
#1168 = CARTESIAN_POINT('',(0.991438348328,-18.21930100099,
    47.591178386998));
#1169 = CARTESIAN_POINT('',(1.848612315256,-18.14945401457,
    47.651160621566));
#1170 = CARTESIAN_POINT('',(2.700382589885,-18.03360092129,
    47.711156591001));
#1171 = CARTESIAN_POINT('',(3.54387908933,-17.87222043488,
    47.771148864663));
#1172 = CARTESIAN_POINT('',(5.906653179158,-17.28691231125,
    47.94143878272));
#1173 = CARTESIAN_POINT('',(7.400148491935,-16.75612447319,
    48.051781564792));
#1174 = CARTESIAN_POINT('',(8.838249639408,-16.07801402611,
    48.162103567986));
#1175 = CARTESIAN_POINT('',(10.204128281967,-15.25963730333,
    48.272411679056));
#1176 = CARTESIAN_POINT('',(11.482221361469,-14.30998697404,
    48.382721083255));
#1177 = CARTESIAN_POINT('',(12.658282279159,-13.2400118405,
    48.493047975196));
#1178 = CARTESIAN_POINT('',(13.719370022093,-12.06254126365,
    48.603396107402));
#1179 = CARTESIAN_POINT('',(15.510735406403,-9.63028106062,
    48.814719268832));
#1180 = CARTESIAN_POINT('',(16.261883913892,-8.389592864073,
    48.915766136586));
#1181 = CARTESIAN_POINT('',(16.899162857353,-7.082496797968,
    49.016797062705));
#1182 = CARTESIAN_POINT('',(17.415918146616,-5.721293689461,
    49.117814897272));
#1183 = CARTESIAN_POINT('',(17.807056654376,-4.318822288713,
    49.218833803549));
#1184 = CARTESIAN_POINT('',(18.069062782532,-2.888442722948,
    49.319867251947));
#1185 = CARTESIAN_POINT('',(18.2,-1.444013404131,49.42091693322));
#1186 = CARTESIAN_POINT('',(18.2,-3.552713678801E-15,49.52193962992));
#1187 = ORIENTED_EDGE('',*,*,#1188,.F.);
#1188 = EDGE_CURVE('',#1189,#1105,#1191,.T.);
#1189 = VERTEX_POINT('',#1190);
#1190 = CARTESIAN_POINT('',(18.2,-4.457714348896E-15,33.521962639881));
#1191 = B_SPLINE_CURVE_WITH_KNOTS('',8,(#1192,#1193,#1194,#1195,#1196,
    #1197,#1198,#1199,#1200,#1201,#1202,#1203,#1204,#1205,#1206,#1207,
    #1208,#1209,#1210,#1211,#1212,#1213,#1214,#1215,#1216,#1217,#1218,
    #1219,#1220,#1221,#1222,#1223,#1224,#1225,#1226,#1227,#1228,#1229,
    #1230,#1231,#1232,#1233,#1234,#1235,#1236,#1237,#1238,#1239,#1240,
    #1241,#1242,#1243,#1244,#1245,#1246,#1247,#1248,#1249),
  .UNSPECIFIED.,.F.,.F.,(9,7,7,7,7,7,7,7,9),(0.,0.150309067717,
    0.297876358367,0.376974814729,0.466804449271,0.614873192031,
    0.728000395025,0.854788146951,1.),.UNSPECIFIED.);
#1192 = CARTESIAN_POINT('',(18.2,3.552713678801E-15,33.521962639881));
#1193 = CARTESIAN_POINT('',(18.2,2.14775520518,33.672221915156));
#1194 = CARTESIAN_POINT('',(17.91033741981,4.298325247704,
    33.822674310034));
#1195 = CARTESIAN_POINT('',(17.329698525472,6.40159700855,
    33.973003600001));
#1196 = CARTESIAN_POINT('',(16.468705789558,8.412449717836,
    34.123260652371));
#1197 = CARTESIAN_POINT('',(15.344127346904,10.288691244854,
    34.273517733721));
#1198 = CARTESIAN_POINT('',(13.980307518847,11.991963945294,
    34.423847708547));
#1199 = CARTESIAN_POINT('',(12.407609043007,13.487179457931,
    34.574299441652));
#1200 = CARTESIAN_POINT('',(8.959068831244,15.981899445769,
    34.872066862428));
#1201 = CARTESIAN_POINT('',(7.084886072663,16.993127453486,
    35.019768212016));
#1202 = CARTESIAN_POINT('',(5.082585679612,17.750958737813,
    35.167362234238));
#1203 = CARTESIAN_POINT('',(2.992566874407,18.23831191299,
    35.314890689231));
#1204 = CARTESIAN_POINT('',(0.856403712905,18.444394105869,
    35.462409922597));
#1205 = CARTESIAN_POINT('',(-1.283060537259,18.366150133326,
    35.609991634386));
#1206 = CARTESIAN_POINT('',(-3.382089478244,18.006873409801,
    35.757685823238));
#1207 = CARTESIAN_POINT('',(-6.475255815337,17.046655473013,
    35.984269540489));
#1208 = CARTESIAN_POINT('',(-7.531016557477,16.634923809253,
    36.063349676595));
#1209 = CARTESIAN_POINT('',(-8.556593680157,16.148535951719,
    36.142427807224));
#1210 = CARTESIAN_POINT('',(-9.545838243076,15.590134148722,
    36.221497449283));
#1211 = CARTESIAN_POINT('',(-10.49293564604,14.962912301613,
    36.300569975542));
#1212 = CARTESIAN_POINT('',(-11.39240856299,14.270595231331,
    36.379636394376));
#1213 = CARTESIAN_POINT('',(-12.239117648,13.517450467925,
    36.458707866288));
#1214 = CARTESIAN_POINT('',(-13.92461197847,11.789520213571,
    36.627578962375));
#1215 = CARTESIAN_POINT('',(-14.74700729062,10.798250321692,
    36.717398973952));
#1216 = CARTESIAN_POINT('',(-15.4884331991,9.741722992811,
    36.807206859144));
#1217 = CARTESIAN_POINT('',(-16.14292197805,8.627737931848,
    36.897005336557));
#1218 = CARTESIAN_POINT('',(-16.70545787377,7.464609369927,
    36.986804454211));
#1219 = CARTESIAN_POINT('',(-17.17191913283,6.261123714371,
    37.076612251829));
#1220 = CARTESIAN_POINT('',(-17.53913728746,5.026564638046,
    37.166429118057));
#1221 = CARTESIAN_POINT('',(-18.24345867055,1.700871664619,
    37.404253136405));
#1222 = CARTESIAN_POINT('',(-18.40736646832,-0.429899249829,
    37.552463639292));
#1223 = CARTESIAN_POINT('',(-18.28570085515,-2.57498146986,
    37.700565313051));
#1224 = CARTESIAN_POINT('',(-17.87926072416,-4.6900461876,
    37.848594929733));
#1225 = CARTESIAN_POINT('',(-17.19516627651,-6.73227907531,
    37.996618315169));
#1226 = CARTESIAN_POINT('',(-16.24823947894,-8.660886145302,
    38.144707124949));
#1227 = CARTESIAN_POINT('',(-15.05950197621,-10.43686707086,
    38.292911440804));
#1228 = CARTESIAN_POINT('',(-12.5934426181,-13.23852007463,
    38.554024002934));
#1229 = CARTESIAN_POINT('',(-11.40171169282,-14.34406964403,
    38.667168125062));
#1230 = CARTESIAN_POINT('',(-10.09969109615,-15.32617408534,
    38.780290224245));
#1231 = CARTESIAN_POINT('',(-8.702552600769,-16.17231072146,
    38.893393570912));
#1232 = CARTESIAN_POINT('',(-7.226698576977,-16.87217310639,
    39.006496385666));
#1233 = CARTESIAN_POINT('',(-5.689763705055,-17.41775394172,
    39.11961739091));
#1234 = CARTESIAN_POINT('',(-4.110541068476,-17.80327846921,
    39.232761598401));
#1235 = CARTESIAN_POINT('',(-0.714955567649,-18.27597717225,
    39.472598198905));
#1236 = CARTESIAN_POINT('',(1.109169592484,-18.3218026579,
    39.599428754408));
#1237 = CARTESIAN_POINT('',(2.934031349913,-18.15911883718,
    39.726211204093));
#1238 = CARTESIAN_POINT('',(4.731882773508,-17.78917579267,
    39.852958749841));
#1239 = CARTESIAN_POINT('',(6.475900789445,-17.21697628422,
    39.979707418736));
#1240 = CARTESIAN_POINT('',(8.14035332787,-16.45153232194,40.10649161934
    ));
#1241 = CARTESIAN_POINT('',(9.700605332474,-15.50551277778,
    40.233325500849));
#1242 = CARTESIAN_POINT('',(12.775351931911,-13.12769631464,
    40.505254020001));
#1243 = CARTESIAN_POINT('',(14.253375349381,-11.64286798888,
    40.65059985092));
#1244 = CARTESIAN_POINT('',(15.531649631429,-9.969303224958,
    40.795845959227));
#1245 = CARTESIAN_POINT('',(16.583511944982,-8.13920505845,
    40.941028256432));
#1246 = CARTESIAN_POINT('',(17.387722730048,-6.187570541131,
    41.086202984424));
#1247 = CARTESIAN_POINT('',(17.929601090981,-4.152615038637,
    41.231441327811));
#1248 = CARTESIAN_POINT('',(18.2,-2.075110844371,41.376783477165));
#1249 = CARTESIAN_POINT('',(18.2,0.,41.52195821064));
#1250 = ORIENTED_EDGE('',*,*,#1251,.F.);
#1251 = EDGE_CURVE('',#514,#1189,#1252,.T.);
#1252 = B_SPLINE_CURVE_WITH_KNOTS('',8,(#1253,#1254,#1255,#1256,#1257,
    #1258,#1259,#1260,#1261,#1262,#1263,#1264,#1265,#1266,#1267,#1268,
    #1269,#1270,#1271,#1272,#1273,#1274,#1275,#1276,#1277,#1278,#1279,
    #1280,#1281,#1282,#1283,#1284,#1285,#1286,#1287,#1288,#1289,#1290,
    #1291,#1292,#1293,#1294,#1295,#1296,#1297,#1298,#1299,#1300,#1301,
    #1302,#1303,#1304,#1305,#1306,#1307,#1308,#1309,#1310,#1311,#1312,
    #1313,#1314,#1315,#1316,#1317,#1318,#1319,#1320,#1321,#1322,#1323,
    #1324),.UNSPECIFIED.,.F.,.F.,(9,7,7,7,7,7,7,7,7,7,9),(0.,
    0.146283072149,0.267468622965,0.408168599877,0.55602012425,
    0.613621306853,0.644320434151,0.687572604008,0.811050569303,
    0.916013012369,1.),.UNSPECIFIED.);
#1253 = CARTESIAN_POINT('',(14.041156513158,11.579547649758,26.3999994)
  );
#1254 = CARTESIAN_POINT('',(12.857068297477,13.015352266447,
    26.530199843592));
#1255 = CARTESIAN_POINT('',(11.504295774895,14.313855834361,
    26.660497522897));
#1256 = CARTESIAN_POINT('',(10.00266247842,15.450128640765,
    26.790737644057));
#1257 = CARTESIAN_POINT('',(8.375351827841,16.405008974996,
    26.920934629441));
#1258 = CARTESIAN_POINT('',(6.647537748342,17.16304374607,
    27.051129287037));
#1259 = CARTESIAN_POINT('',(4.846502351763,17.712899545282,
    27.181363953513));
#1260 = CARTESIAN_POINT('',(3.001370425215,18.047032044563,
    27.311657043523));
#1261 = CARTESIAN_POINT('',(-0.394744598106,18.260921007016,
    27.549715302871));
#1262 = CARTESIAN_POINT('',(-1.943426953485,18.20889610777,
    27.657618484174));
#1263 = CARTESIAN_POINT('',(-3.484403867589,18.006628205725,
    27.765505160443));
#1264 = CARTESIAN_POINT('',(-5.000683063539,17.655601346536,
    27.873376822639));
#1265 = CARTESIAN_POINT('',(-6.47583032009,17.159351321997,
    27.981248137424));
#1266 = CARTESIAN_POINT('',(-7.894004352557,16.523487787543,
    28.089134143343));
#1267 = CARTESIAN_POINT('',(-9.239969688613,15.755638101759,
    28.197038092885));
#1268 = CARTESIAN_POINT('',(-11.96153765151,13.833510713609,
    28.430129964742));
#1269 = CARTESIAN_POINT('',(-13.30860734062,12.635790196297,
    28.555439676519));
#1270 = CARTESIAN_POINT('',(-14.5172594563,11.288917284884,
    28.680702946725));
#1271 = CARTESIAN_POINT('',(-15.56876463768,9.812018466621,
    28.805932578396));
#1272 = CARTESIAN_POINT('',(-16.44748079351,8.226223812986,
    28.931164472442));
#1273 = CARTESIAN_POINT('',(-17.14110644346,6.554761689157,
    29.056432490878));
#1274 = CARTESIAN_POINT('',(-17.64045521381,4.822739370561,
    29.18174962343));
#1275 = CARTESIAN_POINT('',(-18.25731434974,1.203737144856,
    29.438585685918));
#1276 = CARTESIAN_POINT('',(-18.35459738813,-0.689407425856,
    29.570291919533));
#1277 = CARTESIAN_POINT('',(-18.22695389214,-2.588972134027,
    29.701940330675));
#1278 = CARTESIAN_POINT('',(-17.87514250122,-4.463895120412,
    29.83354670385));
#1279 = CARTESIAN_POINT('',(-17.30418456041,-6.284089410347,
    29.965147887783));
#1280 = CARTESIAN_POINT('',(-16.52379542247,-8.020640053579,
    30.096787892619));
#1281 = CARTESIAN_POINT('',(-15.54790764996,-9.645780059217,
    30.22848887368));
#1282 = CARTESIAN_POINT('',(-13.94883253197,-11.71354520047,
    30.411358484842));
#1283 = CARTESIAN_POINT('',(-13.47381288918,-12.27266459852,
    30.46263095019));
#1284 = CARTESIAN_POINT('',(-12.97321350498,-12.80972331749,
    30.513904244593));
#1285 = CARTESIAN_POINT('',(-12.44823973033,-13.32335536107,
    30.565177729499));
#1286 = CARTESIAN_POINT('',(-11.90017711684,-13.81228039177,
    30.616451305353));
#1287 = CARTESIAN_POINT('',(-11.33038930175,-14.27530214302,
    30.667724796859));
#1288 = CARTESIAN_POINT('',(-10.74031932018,-14.71131038386,
    30.718997447129));
#1289 = CARTESIAN_POINT('',(-9.807014975162,-15.33672136033,
    30.797592420041));
#1290 = CARTESIAN_POINT('',(-9.477200391082,-15.5461995605,
    30.824917259762));
#1291 = CARTESIAN_POINT('',(-9.142276152111,-15.74756880507,
    30.852242199545));
#1292 = CARTESIAN_POINT('',(-8.802474047749,-15.94068441259,
    30.879567337431));
#1293 = CARTESIAN_POINT('',(-8.458032097445,-16.12540925184,
    30.906892709839));
#1294 = CARTESIAN_POINT('',(-8.109194550604,-16.30161374184,
    30.934218291564));
#1295 = CARTESIAN_POINT('',(-7.756211886579,-16.46917585186,
    30.96154399578));
#1296 = CARTESIAN_POINT('',(-6.89654319217,-16.85172269377,
    31.027368972919));
#1297 = CARTESIAN_POINT('',(-6.386010590882,-17.05808982955,
    31.065869771753));
#1298 = CARTESIAN_POINT('',(-5.868447981195,-17.24676908223,
    31.104371249175));
#1299 = CARTESIAN_POINT('',(-5.344571261098,-17.41748251513,
    31.142872799227));
#1300 = CARTESIAN_POINT('',(-4.815107256186,-17.56998768137,
    31.181374031354));
#1301 = CARTESIAN_POINT('',(-4.280793719661,-17.70407762389,
    31.219874770404));
#1302 = CARTESIAN_POINT('',(-3.742379332329,-17.81958087544,
    31.258375056631));
#1303 = CARTESIAN_POINT('',(-1.653998803369,-18.19265440583,
    31.406786687154));
#1304 = CARTESIAN_POINT('',(-7.95237942632E-02,-18.31646792083,
    31.516738416048));
#1305 = CARTESIAN_POINT('',(1.504370386154,-18.28429930502,
    31.626668143347));
#1306 = CARTESIAN_POINT('',(3.079653260496,-18.09573151349,
    31.736584538374));
#1307 = CARTESIAN_POINT('',(4.628637572278,-17.75259308231,
    31.846503051558));
#1308 = CARTESIAN_POINT('',(6.134025264193,-17.25900365873,
    31.956439579304));
#1309 = CARTESIAN_POINT('',(7.57892402496,-16.62131974946,
    32.066396276971));
#1310 = CARTESIAN_POINT('',(10.110070854916,-15.19243452787,
    32.269735956289));
#1311 = CARTESIAN_POINT('',(11.218268177868,-14.4382192229,
    32.363184667773));
#1312 = CARTESIAN_POINT('',(12.261715215611,-13.59184615775,
    32.456623167693));
#1313 = CARTESIAN_POINT('',(13.231530690569,-12.65991990677,
    32.550051949614));
#1314 = CARTESIAN_POINT('',(14.119743630568,-11.64992351456,
    32.643480671131));
#1315 = CARTESIAN_POINT('',(14.919237442601,-10.57014898588,
    32.736919271591));
#1316 = CARTESIAN_POINT('',(15.623814709911,-9.429746207192,
    32.830369168897));
#1317 = CARTESIAN_POINT('',(16.712165731629,-7.285982946318,
    32.998564422927));
#1318 = CARTESIAN_POINT('',(17.132044901866,-6.300514832961,
    33.073336331046));
#1319 = CARTESIAN_POINT('',(17.485400275149,-5.287599425904,
    33.148107921196));
#1320 = CARTESIAN_POINT('',(17.770174376928,-4.2525104921,
    33.222877340895));
#1321 = CARTESIAN_POINT('',(17.984820790121,-3.200643187068,
    33.297647078996));
#1322 = CARTESIAN_POINT('',(18.128280078861,-2.137503284162,
    33.372419868889));
#1323 = CARTESIAN_POINT('',(18.19999999966,-1.068708226277,
    33.447194657472));
#1324 = CARTESIAN_POINT('',(18.2,-7.105427357601E-15,33.521962639881));
#1325 = ORIENTED_EDGE('',*,*,#513,.F.);
#1326 = ORIENTED_EDGE('',*,*,#150,.T.);
#1327 = B_SPLINE_SURFACE_WITH_KNOTS('',1,9,(
    (#1328,#1329,#1330,#1331,#1332,#1333,#1334,#1335,#1336,#1337,#1338
      ,#1339,#1340,#1341,#1342,#1343,#1344,#1345,#1346,#1347,#1348,#1349
      ,#1350,#1351,#1352,#1353,#1354,#1355,#1356,#1357,#1358,#1359,#1360
      ,#1361,#1362,#1363,#1364,#1365,#1366,#1367,#1368,#1369,#1370,#1371
      ,#1372,#1373,#1374,#1375,#1376,#1377,#1378,#1379,#1380,#1381,#1382
      ,#1383,#1384,#1385,#1386,#1387,#1388,#1389,#1390,#1391,#1392,#1393
      ,#1394,#1395,#1396)
    ,(#1397,#1398,#1399,#1400,#1401,#1402,#1403,#1404,#1405,#1406,#1407
      ,#1408,#1409,#1410,#1411,#1412,#1413,#1414,#1415,#1416,#1417,#1418
      ,#1419,#1420,#1421,#1422,#1423,#1424,#1425,#1426,#1427,#1428,#1429
      ,#1430,#1431,#1432,#1433,#1434,#1435,#1436,#1437,#1438,#1439,#1440
      ,#1441,#1442,#1443,#1444,#1445,#1446,#1447,#1448,#1449,#1450,#1451
      ,#1452,#1453,#1454,#1455,#1456,#1457,#1458,#1459,#1460,#1461,#1462
      ,#1463,#1464,#1465
    )),.UNSPECIFIED.,.F.,.F.,.F.,(2,2),(10,8,9,8,9,8,9,8,10),(0.,
    2.280898945591),(0.,6.993548514224,13.987097028449,20.980645542673,
    27.974194056897,34.967742571122,41.961291085346,48.95483959957,
    55.948388113795),.UNSPECIFIED.);
#1328 = CARTESIAN_POINT('',(17.95,-1.7763568394E-15,25.4));
#1329 = CARTESIAN_POINT('',(17.949984934965,8.615376017541,
    26.011113619027));
#1330 = CARTESIAN_POINT('',(13.297395142604,17.232127553138,
    26.622216984495));
#1331 = CARTESIAN_POINT('',(3.997343895042,22.967741204547,
    27.233342440507));
#1332 = CARTESIAN_POINT('',(-7.902867525312,23.001873989147,
    27.844436322914));
#1333 = CARTESIAN_POINT('',(-18.22640263117,16.103427773755,
    28.455561347759));
#1334 = CARTESIAN_POINT('',(-22.74934153734,5.096451927894,
    29.06666490077));
#1335 = CARTESIAN_POINT('',(-21.00903294922,-5.690760332621,
    29.677778550523));
#1336 = CARTESIAN_POINT('',(-14.82873589018,-13.28667332272,
    30.288889357195));
#1337 = CARTESIAN_POINT('',(1.090402641553,-19.8805968135,
    31.511111393296));
#1338 = CARTESIAN_POINT('',(10.831652287166,-18.87960705434,
    32.122222507635));
#1339 = CARTESIAN_POINT('',(19.689961544846,-12.48247586511,
    32.733335097059));
#1340 = CARTESIAN_POINT('',(24.274824967795,-1.50115800782,
    33.344440901768));
#1341 = CARTESIAN_POINT('',(21.852998887222,10.67657132504,
    33.955562388066));
#1342 = CARTESIAN_POINT('',(13.414049076063,19.067246968723,
    34.566660634486));
#1343 = CARTESIAN_POINT('',(2.782308536783,21.587595301112,
    35.177781769423));
#1344 = CARTESIAN_POINT('',(-6.600577073927,18.784558891215,
    35.788888587441));
#1345 = CARTESIAN_POINT('',(-12.69256672229,12.692566722295,
    36.400000000001));
#1346 = CARTESIAN_POINT('',(-18.78454687419,6.600565265249,
    37.011113619022));
#1347 = CARTESIAN_POINT('',(-21.58763252452,-2.782275969673,
    37.622216984508));
#1348 = CARTESIAN_POINT('',(-19.06719452922,-13.4140965793,
    38.233342440487));
#1349 = CARTESIAN_POINT('',(-10.67660985972,-21.85295229573,
    38.844436322935));
#1350 = CARTESIAN_POINT('',(1.501169917952,-24.27485587628,
    39.455561347744));
#1351 = CARTESIAN_POINT('',(12.482477950389,-19.6899493868,
    40.066664900778));
#1352 = CARTESIAN_POINT('',(18.879604885873,-10.83165444326,
    40.677778550521));
#1353 = CARTESIAN_POINT('',(19.880596510284,-1.09040289847,
    41.288889357195));
#1354 = CARTESIAN_POINT('',(13.286673718802,14.828735922934,
    42.511111393296));
#1355 = CARTESIAN_POINT('',(5.690763390539,21.009032958008,
    43.122222507635));
#1356 = CARTESIAN_POINT('',(-5.096461999374,22.749348659738,
    43.733335097062));
#1357 = CARTESIAN_POINT('',(-16.10341434003,18.226372354123,
    44.344440901761));
#1358 = CARTESIAN_POINT('',(-23.00187968598,7.902927718237,
    44.955562388076));
#1359 = CARTESIAN_POINT('',(-22.96774469515,-3.997414564944,
    45.566660634477));
#1360 = CARTESIAN_POINT('',(-17.23212426056,-13.29734579338,
    46.177781769426));
#1361 = CARTESIAN_POINT('',(-8.615376164882,-17.95000178229,
    46.788888587441));
#1362 = CARTESIAN_POINT('',(-1.824628023337E-12,-17.95000000001,47.4));
#1363 = CARTESIAN_POINT('',(8.615376017533,-17.94998493494,
    48.011113619037));
#1364 = CARTESIAN_POINT('',(17.232127553156,-13.29739514263,
    48.622216984469));
#1365 = CARTESIAN_POINT('',(22.967741204526,-3.99734389501,
    49.233342440546));
#1366 = CARTESIAN_POINT('',(23.001873989162,7.902867525287,
    49.844436322874));
#1367 = CARTESIAN_POINT('',(16.103427773748,18.226402631193,
    50.455561347786));
#1368 = CARTESIAN_POINT('',(5.096451927895,22.749341537339,
    51.066664900759));
#1369 = CARTESIAN_POINT('',(-5.69076033262,21.009032949229,
    51.677778550526));
#1370 = CARTESIAN_POINT('',(-13.28667332272,14.828735890189,
    52.288889357195));
#1371 = CARTESIAN_POINT('',(-19.8805968135,-1.090402641554,
    53.511111393296));
#1372 = CARTESIAN_POINT('',(-18.87960705435,-10.83165228717,
    54.122222507635));
#1373 = CARTESIAN_POINT('',(-12.48247586507,-19.6899615448,
    54.733335097053));
#1374 = CARTESIAN_POINT('',(-1.501158007924,-24.27482496788,
    55.344440901787));
#1375 = CARTESIAN_POINT('',(10.676571325196,-21.85299888708,
    55.955562388033));
#1376 = CARTESIAN_POINT('',(19.067246968579,-13.41404907618,
    56.56666063452));
#1377 = CARTESIAN_POINT('',(21.587595301206,-2.782308536712,
    57.1777817694));
#1378 = CARTESIAN_POINT('',(18.784558891189,6.600577073909,
    57.788888587448));
#1379 = CARTESIAN_POINT('',(12.692566722303,12.692566722306,
    58.400000000003));
#1380 = CARTESIAN_POINT('',(6.600565275453,18.784546874284,
    59.011113620741));
#1381 = CARTESIAN_POINT('',(-2.782276011713,21.587632524078,
    59.62221697745));
#1382 = CARTESIAN_POINT('',(-13.41409647629,19.067194530384,
    60.233342457738));
#1383 = CARTESIAN_POINT('',(-21.85295247856,10.676609857621,
    60.844436292375));
#1384 = CARTESIAN_POINT('',(-24.27485562518,-1.501169915036,
    61.455561389656));
#1385 = CARTESIAN_POINT('',(-19.68994966113,-12.48247795358,
    62.066664855025));
#1386 = CARTESIAN_POINT('',(-10.83165420273,-18.87960488306,
    62.677778590619));
#1387 = CARTESIAN_POINT('',(-1.090403066815,-19.88059651224,
    63.288889329136));
#1388 = CARTESIAN_POINT('',(14.828736275368,-13.28667371469,
    64.511111452037));
#1389 = CARTESIAN_POINT('',(21.009031055468,-5.690763412719,
    65.122222190536));
#1390 = CARTESIAN_POINT('',(22.749353634597,5.096462057357,
    65.733335926224));
#1391 = CARTESIAN_POINT('',(18.226363291833,16.10341423442,
    66.344439391352));
#1392 = CARTESIAN_POINT('',(7.902940323683,23.001879832896,
    66.955564489005));
#1393 = CARTESIAN_POINT('',(-3.99742843213,22.967744533505,
    67.56665832327));
#1394 = CARTESIAN_POINT('',(-13.29733358716,17.232124402882,
    68.177783803798));
#1395 = CARTESIAN_POINT('',(-17.95001034441,8.615376065038,
    68.788887160415));
#1396 = CARTESIAN_POINT('',(-17.949995313,5.465869794373E-08,
    69.400000781173));
#1397 = CARTESIAN_POINT('',(20.,-7.105427357601E-15,26.4));
#1398 = CARTESIAN_POINT('',(19.999994978952,9.599342085495,
    27.011093054131));
#1399 = CARTESIAN_POINT('',(14.816019035646,19.199995374581,
    27.622259933985));
#1400 = CARTESIAN_POINT('',(4.45389622683,25.591103340254,28.23326776136
    ));
#1401 = CARTESIAN_POINT('',(-8.805458207698,25.628452835836,
    28.844502919997));
#1402 = CARTESIAN_POINT('',(-20.30795083295,17.942837753887,
    29.455513851252));
#1403 = CARTESIAN_POINT('',(-25.34746292835,5.67836135567,
    30.066679381355));
#1404 = CARTESIAN_POINT('',(-23.408394214,-6.340653099804,
    30.677772213972));
#1405 = CARTESIAN_POINT('',(-16.52227063496,-14.80409424771,
    31.288885517104));
#1406 = CARTESIAN_POINT('',(1.214934566912,-22.15108507785,
    32.511109079387));
#1407 = CARTESIAN_POINT('',(12.068715077509,-21.03575370312,
    33.122220167178));
#1408 = CARTESIAN_POINT('',(21.9385753912,-13.90815362215,
    33.733320634991));
#1409 = CARTESIAN_POINT('',(27.047381163985,-1.672383554496,
    34.344469950614));
#1410 = CARTESIAN_POINT('',(24.348468070544,11.895642036516,
    34.955506363085));
#1411 = CARTESIAN_POINT('',(14.946245351939,21.245039851989,
    35.566710096957));
#1412 = CARTESIAN_POINT('',(3.099950516692,24.052942876109,
    36.177749038725));
#1413 = CARTESIAN_POINT('',(-7.354377088613,20.929895278524,
    36.788891059126));
#1414 = CARTESIAN_POINT('',(-14.14213562373,14.14213562373,
    37.399999999993));
#1415 = CARTESIAN_POINT('',(-20.9298919569,7.354372189735,
    38.011093054143));
#1416 = CARTESIAN_POINT('',(-24.05295445837,-3.099939397835,
    38.622259933972));
#1417 = CARTESIAN_POINT('',(-21.24502293468,-14.94626248522,
    39.233267761368));
#1418 = CARTESIAN_POINT('',(-11.89565358137,-24.34845200168,
    39.844502919995));
#1419 = CARTESIAN_POINT('',(1.67238749645,-27.04739199547,
    40.455513851251));
#1420 = CARTESIAN_POINT('',(13.908155101904,-21.93857074314,
    41.066679381355));
#1421 = CARTESIAN_POINT('',(21.035753089431,-12.06871548138,
    41.677772213973));
#1422 = CARTESIAN_POINT('',(22.151085038469,-1.214934174696,
    42.288885517103));
#1423 = CARTESIAN_POINT('',(14.804093998233,16.522270940157,
    43.511109079389));
#1424 = CARTESIAN_POINT('',(6.340653819323,23.408394362389,
    44.122220167165));
#1425 = CARTESIAN_POINT('',(-5.678365688635,25.347465168571,
    44.733320635026));
#1426 = CARTESIAN_POINT('',(-17.94283288235,20.307940386805,
    45.344469950553));
#1427 = CARTESIAN_POINT('',(-25.62845603464,8.805477733219,
    45.955506363167));
#1428 = CARTESIAN_POINT('',(-25.59110318766,-4.453920303988,
    46.566710096872));
#1429 = CARTESIAN_POINT('',(-19.19999504682,-14.81600298362,
    47.177749038794));
#1430 = CARTESIAN_POINT('',(-9.599340970232,-20.00000079174,
    47.788891059082));
#1431 = CARTESIAN_POINT('',(-4.427936760889E-12,-20.,48.400000000015));
#1432 = CARTESIAN_POINT('',(9.599342085493,-19.99999497894,
    49.011093054105));
#1433 = CARTESIAN_POINT('',(19.199995374594,-14.81601903564,
    49.622259934008));
#1434 = CARTESIAN_POINT('',(25.591103340233,-4.453896226833,
    50.233267761353));
#1435 = CARTESIAN_POINT('',(25.628452835854,8.805458207703,
    50.844502919989));
#1436 = CARTESIAN_POINT('',(17.942837753877,20.307950832955,
    51.455513851264));
#1437 = CARTESIAN_POINT('',(5.678361355673,25.347462928353,
    52.066679381348));
#1438 = CARTESIAN_POINT('',(-6.340653099804,23.408394214005,
    52.677772213975));
#1439 = CARTESIAN_POINT('',(-14.80409424771,16.522270634964,
    53.288885517104));
#1440 = CARTESIAN_POINT('',(-22.15108507785,-1.214934566912,
    54.511109079388));
#1441 = CARTESIAN_POINT('',(-21.03575370313,-12.06871507751,
    55.122220167172));
#1442 = CARTESIAN_POINT('',(-13.9081536221,-21.93857539117,
    55.733320635002));
#1443 = CARTESIAN_POINT('',(-1.672383554607,-27.04738116404,
    56.344469950599));
#1444 = CARTESIAN_POINT('',(11.895642036682,-24.34846807045,
    56.955506363109));
#1445 = CARTESIAN_POINT('',(21.245039851839,-14.94624535201,
    57.56671009692));
#1446 = CARTESIAN_POINT('',(24.052942876195,-3.099950516662,
    58.177749038772));
#1447 = CARTESIAN_POINT('',(20.92989527851,7.354377088616,
    58.788891059084));
#1448 = CARTESIAN_POINT('',(14.142135623733,14.142135623732,
    59.400000000015));
#1449 = CARTESIAN_POINT('',(7.354372193138,20.929891956038,
    60.011093041831));
#1450 = CARTESIAN_POINT('',(-3.099939411853,24.052954461935,
    60.622259984509));
#1451 = CARTESIAN_POINT('',(-14.94626245087,21.245022925999,
    61.233267637659));
#1452 = CARTESIAN_POINT('',(-24.34845206263,11.895653596748,
    61.844503139458));
#1453 = CARTESIAN_POINT('',(-27.04739191176,-1.672387517546,
    62.455513549902));
#1454 = CARTESIAN_POINT('',(-21.93857083458,-13.90815507886,
    63.066679710567));
#1455 = CARTESIAN_POINT('',(-12.0687154012,-21.03575310962,
    63.677771925335));
#1456 = CARTESIAN_POINT('',(-1.214934230811,-22.15108502433,
    64.288885719118));
#1457 = CARTESIAN_POINT('',(16.522271057635,-14.80409402782,
    65.511108656468));
#1458 = CARTESIAN_POINT('',(23.408393728224,-6.340653659604,
    66.122222450245));
#1459 = CARTESIAN_POINT('',(25.347466826787,5.678365270983,
    66.733314665043));
#1460 = CARTESIAN_POINT('',(20.307937366191,17.94283364317,
    67.344480825631));
#1461 = CARTESIAN_POINT('',(8.805481934853,25.628454976392,
    67.95549123621));
#1462 = CARTESIAN_POINT('',(-4.453924926256,25.591104351816,
    68.566726737825));
#1463 = CARTESIAN_POINT('',(-14.81599891492,19.199994022135,
    69.17773439118));
#1464 = CARTESIAN_POINT('',(-20.00000364579,9.599341689006,
    69.788901333675));
#1465 = CARTESIAN_POINT('',(-19.99999843766,-3.934623471546E-07,
    70.399994375611));
#1466 = ADVANCED_FACE('',(#1467),#1486,.T.);
#1467 = FACE_BOUND('',#1468,.T.);
#1468 = EDGE_LOOP('',(#1469,#1478,#1484,#1485));
#1469 = ORIENTED_EDGE('',*,*,#1470,.F.);
#1470 = EDGE_CURVE('',#1471,#424,#1473,.T.);
#1471 = VERTEX_POINT('',#1472);
#1472 = CARTESIAN_POINT('',(5.,-9.797958971133,26.5));
#1473 = CIRCLE('',#1474,11.);
#1474 = AXIS2_PLACEMENT_3D('',#1475,#1476,#1477);
#1475 = CARTESIAN_POINT('',(0.,0.,26.5));
#1476 = DIRECTION('',(0.,0.,1.));
#1477 = DIRECTION('',(1.,0.,-0.));
#1478 = ORIENTED_EDGE('',*,*,#1479,.F.);
#1479 = EDGE_CURVE('',#339,#1471,#1480,.T.);
#1480 = LINE('',#1481,#1482);
#1481 = CARTESIAN_POINT('',(5.,-9.797958971133,21.35));
#1482 = VECTOR('',#1483,1.);
#1483 = DIRECTION('',(0.,0.,1.));
#1484 = ORIENTED_EDGE('',*,*,#346,.T.);
#1485 = ORIENTED_EDGE('',*,*,#423,.T.);
#1486 = CYLINDRICAL_SURFACE('',#1487,11.);
#1487 = AXIS2_PLACEMENT_3D('',#1488,#1489,#1490);
#1488 = CARTESIAN_POINT('',(0.,0.,21.35));
#1489 = DIRECTION('',(0.,0.,1.));
#1490 = DIRECTION('',(1.,0.,-0.));
#1491 = ADVANCED_FACE('',(#1492),#1583,.T.);
#1492 = FACE_BOUND('',#1493,.T.);
#1493 = EDGE_LOOP('',(#1494,#1504,#1512,#1520,#1528,#1536,#1544,#1551,
    #1552,#1553,#1561,#1569,#1577));
#1494 = ORIENTED_EDGE('',*,*,#1495,.F.);
#1495 = EDGE_CURVE('',#1496,#1498,#1500,.T.);
#1496 = VERTEX_POINT('',#1497);
#1497 = CARTESIAN_POINT('',(5.,-17.49971428338,26.5));
#1498 = VERTEX_POINT('',#1499);
#1499 = CARTESIAN_POINT('',(5.,-17.29161646579,26.5));
#1500 = LINE('',#1501,#1502);
#1501 = CARTESIAN_POINT('',(5.,-4.75,26.5));
#1502 = VECTOR('',#1503,1.);
#1503 = DIRECTION('',(2.22044604925E-16,1.,-0.));
#1504 = ORIENTED_EDGE('',*,*,#1505,.F.);
#1505 = EDGE_CURVE('',#1506,#1496,#1508,.T.);
#1506 = VERTEX_POINT('',#1507);
#1507 = CARTESIAN_POINT('',(5.,-17.49971428338,26.4));
#1508 = LINE('',#1509,#1510);
#1509 = CARTESIAN_POINT('',(5.,-17.49971428338,26.4));
#1510 = VECTOR('',#1511,1.);
#1511 = DIRECTION('',(0.,0.,1.));
#1512 = ORIENTED_EDGE('',*,*,#1513,.F.);
#1513 = EDGE_CURVE('',#1514,#1506,#1516,.T.);
#1514 = VERTEX_POINT('',#1515);
#1515 = CARTESIAN_POINT('',(5.,-28.97171033957,26.4));
#1516 = LINE('',#1517,#1518);
#1517 = CARTESIAN_POINT('',(5.,-4.75,26.4));
#1518 = VECTOR('',#1519,1.);
#1519 = DIRECTION('',(2.22044604925E-16,1.,-0.));
#1520 = ORIENTED_EDGE('',*,*,#1521,.F.);
#1521 = EDGE_CURVE('',#1522,#1514,#1524,.T.);
#1522 = VERTEX_POINT('',#1523);
#1523 = CARTESIAN_POINT('',(5.,-29.58039891549,26.4));
#1524 = LINE('',#1525,#1526);
#1525 = CARTESIAN_POINT('',(5.,-4.75,26.4));
#1526 = VECTOR('',#1527,1.);
#1527 = DIRECTION('',(2.22044604925E-16,1.,-0.));
#1528 = ORIENTED_EDGE('',*,*,#1529,.F.);
#1529 = EDGE_CURVE('',#1530,#1522,#1532,.T.);
#1530 = VERTEX_POINT('',#1531);
#1531 = CARTESIAN_POINT('',(5.,-29.58039891549,23.4));
#1532 = LINE('',#1533,#1534);
#1533 = CARTESIAN_POINT('',(5.,-29.58039891549,23.4));
#1534 = VECTOR('',#1535,1.);
#1535 = DIRECTION('',(0.,0.,1.));
#1536 = ORIENTED_EDGE('',*,*,#1537,.T.);
#1537 = EDGE_CURVE('',#1530,#1538,#1540,.T.);
#1538 = VERTEX_POINT('',#1539);
#1539 = CARTESIAN_POINT('',(5.,-25.9221912654,23.4));
#1540 = LINE('',#1541,#1542);
#1541 = CARTESIAN_POINT('',(5.,-4.75,23.4));
#1542 = VECTOR('',#1543,1.);
#1543 = DIRECTION('',(2.22044604925E-16,1.,-0.));
#1544 = ORIENTED_EDGE('',*,*,#1545,.F.);
#1545 = EDGE_CURVE('',#330,#1538,#1546,.T.);
#1546 = HYPERBOLA('',#1547,5.,5.);
#1547 = AXIS2_PLACEMENT_3D('',#1548,#1549,#1550);
#1548 = CARTESIAN_POINT('',(5.,-1.110223024625E-15,-3.));
#1549 = DIRECTION('',(1.,-2.22044604925E-16,0.));
#1550 = DIRECTION('',(0.,0.,1.));
#1551 = ORIENTED_EDGE('',*,*,#338,.T.);
#1552 = ORIENTED_EDGE('',*,*,#1479,.T.);
#1553 = ORIENTED_EDGE('',*,*,#1554,.F.);
#1554 = EDGE_CURVE('',#1555,#1471,#1557,.T.);
#1555 = VERTEX_POINT('',#1556);
#1556 = CARTESIAN_POINT('',(5.,-10.5,26.5));
#1557 = LINE('',#1558,#1559);
#1558 = CARTESIAN_POINT('',(5.,-4.75,26.5));
#1559 = VECTOR('',#1560,1.);
#1560 = DIRECTION('',(2.22044604925E-16,1.,-0.));
#1561 = ORIENTED_EDGE('',*,*,#1562,.T.);
#1562 = EDGE_CURVE('',#1555,#1563,#1565,.T.);
#1563 = VERTEX_POINT('',#1564);
#1564 = CARTESIAN_POINT('',(5.,-10.5,22.999821433127));
#1565 = LINE('',#1566,#1567);
#1566 = CARTESIAN_POINT('',(5.,-10.5,22.149910716563));
#1567 = VECTOR('',#1568,1.);
#1568 = DIRECTION('',(0.,-0.,-1.));
#1569 = ORIENTED_EDGE('',*,*,#1570,.T.);
#1570 = EDGE_CURVE('',#1563,#1571,#1573,.T.);
#1571 = VERTEX_POINT('',#1572);
#1572 = CARTESIAN_POINT('',(5.,-17.29161646579,22.999821433127));
#1573 = LINE('',#1574,#1575);
#1574 = CARTESIAN_POINT('',(5.,-10.5,22.999821433127));
#1575 = VECTOR('',#1576,1.);
#1576 = DIRECTION('',(-2.22044604925E-16,-1.,0.));
#1577 = ORIENTED_EDGE('',*,*,#1578,.T.);
#1578 = EDGE_CURVE('',#1571,#1498,#1579,.T.);
#1579 = LINE('',#1580,#1581);
#1580 = CARTESIAN_POINT('',(5.,-17.29161646579,21.4));
#1581 = VECTOR('',#1582,1.);
#1582 = DIRECTION('',(0.,0.,1.));
#1583 = PLANE('',#1584);
#1584 = AXIS2_PLACEMENT_3D('',#1585,#1586,#1587);
#1585 = CARTESIAN_POINT('',(5.,-9.5,21.3));
#1586 = DIRECTION('',(1.,-2.22044604925E-16,0.));
#1587 = DIRECTION('',(0.,0.,1.));
#1588 = ADVANCED_FACE('',(#1589),#1609,.T.);
#1589 = FACE_BOUND('',#1590,.T.);
#1590 = EDGE_LOOP('',(#1591,#1592,#1593,#1602));
#1591 = ORIENTED_EDGE('',*,*,#329,.T.);
#1592 = ORIENTED_EDGE('',*,*,#1545,.T.);
#1593 = ORIENTED_EDGE('',*,*,#1594,.F.);
#1594 = EDGE_CURVE('',#1595,#1538,#1597,.T.);
#1595 = VERTEX_POINT('',#1596);
#1596 = CARTESIAN_POINT('',(-5.,-25.9221912654,23.4));
#1597 = CIRCLE('',#1598,26.4);
#1598 = AXIS2_PLACEMENT_3D('',#1599,#1600,#1601);
#1599 = CARTESIAN_POINT('',(0.,0.,23.4));
#1600 = DIRECTION('',(0.,0.,1.));
#1601 = DIRECTION('',(1.,0.,-0.));
#1602 = ORIENTED_EDGE('',*,*,#1603,.F.);
#1603 = EDGE_CURVE('',#322,#1595,#1604,.T.);
#1604 = HYPERBOLA('',#1605,5.,5.);
#1605 = AXIS2_PLACEMENT_3D('',#1606,#1607,#1608);
#1606 = CARTESIAN_POINT('',(-5.,1.110223024625E-15,-3.));
#1607 = DIRECTION('',(1.,-2.22044604925E-16,0.));
#1608 = DIRECTION('',(0.,0.,1.));
#1609 = CONICAL_SURFACE('',#1610,11.,0.785398163397);
#1610 = AXIS2_PLACEMENT_3D('',#1611,#1612,#1613);
#1611 = CARTESIAN_POINT('',(0.,0.,8.));
#1612 = DIRECTION('',(0.,0.,1.));
#1613 = DIRECTION('',(1.,0.,-0.));
#1614 = ADVANCED_FACE('',(#1615),#1690,.F.);
#1615 = FACE_BOUND('',#1616,.F.);
#1616 = EDGE_LOOP('',(#1617,#1618,#1626,#1634,#1642,#1650,#1658,#1665,
    #1666,#1667,#1668,#1676,#1684));
#1617 = ORIENTED_EDGE('',*,*,#537,.F.);
#1618 = ORIENTED_EDGE('',*,*,#1619,.F.);
#1619 = EDGE_CURVE('',#1620,#529,#1622,.T.);
#1620 = VERTEX_POINT('',#1621);
#1621 = CARTESIAN_POINT('',(5.,17.499714283382,26.4));
#1622 = LINE('',#1623,#1624);
#1623 = CARTESIAN_POINT('',(5.,17.499714283382,26.4));
#1624 = VECTOR('',#1625,1.);
#1625 = DIRECTION('',(0.,0.,1.));
#1626 = ORIENTED_EDGE('',*,*,#1627,.F.);
#1627 = EDGE_CURVE('',#1628,#1620,#1630,.T.);
#1628 = VERTEX_POINT('',#1629);
#1629 = CARTESIAN_POINT('',(5.,28.971710339571,26.4));
#1630 = LINE('',#1631,#1632);
#1631 = CARTESIAN_POINT('',(5.,4.75,26.4));
#1632 = VECTOR('',#1633,1.);
#1633 = DIRECTION('',(-1.110223024625E-16,-1.,0.));
#1634 = ORIENTED_EDGE('',*,*,#1635,.F.);
#1635 = EDGE_CURVE('',#1636,#1628,#1638,.T.);
#1636 = VERTEX_POINT('',#1637);
#1637 = CARTESIAN_POINT('',(5.,29.580398915498,26.4));
#1638 = LINE('',#1639,#1640);
#1639 = CARTESIAN_POINT('',(5.,4.75,26.4));
#1640 = VECTOR('',#1641,1.);
#1641 = DIRECTION('',(-1.110223024625E-16,-1.,0.));
#1642 = ORIENTED_EDGE('',*,*,#1643,.F.);
#1643 = EDGE_CURVE('',#1644,#1636,#1646,.T.);
#1644 = VERTEX_POINT('',#1645);
#1645 = CARTESIAN_POINT('',(5.,29.580398915498,23.4));
#1646 = LINE('',#1647,#1648);
#1647 = CARTESIAN_POINT('',(5.,29.580398915498,23.4));
#1648 = VECTOR('',#1649,1.);
#1649 = DIRECTION('',(0.,0.,1.));
#1650 = ORIENTED_EDGE('',*,*,#1651,.T.);
#1651 = EDGE_CURVE('',#1644,#1652,#1654,.T.);
#1652 = VERTEX_POINT('',#1653);
#1653 = CARTESIAN_POINT('',(5.,25.9221912654,23.4));
#1654 = LINE('',#1655,#1656);
#1655 = CARTESIAN_POINT('',(5.,4.75,23.4));
#1656 = VECTOR('',#1657,1.);
#1657 = DIRECTION('',(-1.110223024625E-16,-1.,0.));
#1658 = ORIENTED_EDGE('',*,*,#1659,.F.);
#1659 = EDGE_CURVE('',#254,#1652,#1660,.T.);
#1660 = HYPERBOLA('',#1661,5.,5.);
#1661 = AXIS2_PLACEMENT_3D('',#1662,#1663,#1664);
#1662 = CARTESIAN_POINT('',(5.,-5.551115123126E-16,-3.));
#1663 = DIRECTION('',(-1.,1.110223024625E-16,0.));
#1664 = DIRECTION('',(0.,0.,1.));
#1665 = ORIENTED_EDGE('',*,*,#253,.T.);
#1666 = ORIENTED_EDGE('',*,*,#665,.T.);
#1667 = ORIENTED_EDGE('',*,*,#570,.F.);
#1668 = ORIENTED_EDGE('',*,*,#1669,.T.);
#1669 = EDGE_CURVE('',#563,#1670,#1672,.T.);
#1670 = VERTEX_POINT('',#1671);
#1671 = CARTESIAN_POINT('',(5.,10.5,22.999821433127));
#1672 = LINE('',#1673,#1674);
#1673 = CARTESIAN_POINT('',(5.,10.5,22.149910716563));
#1674 = VECTOR('',#1675,1.);
#1675 = DIRECTION('',(0.,0.,-1.));
#1676 = ORIENTED_EDGE('',*,*,#1677,.T.);
#1677 = EDGE_CURVE('',#1670,#1678,#1680,.T.);
#1678 = VERTEX_POINT('',#1679);
#1679 = CARTESIAN_POINT('',(5.,17.291616465791,22.999821433127));
#1680 = LINE('',#1681,#1682);
#1681 = CARTESIAN_POINT('',(5.,10.5,22.999821433127));
#1682 = VECTOR('',#1683,1.);
#1683 = DIRECTION('',(1.110223024625E-16,1.,0.));
#1684 = ORIENTED_EDGE('',*,*,#1685,.T.);
#1685 = EDGE_CURVE('',#1678,#538,#1686,.T.);
#1686 = LINE('',#1687,#1688);
#1687 = CARTESIAN_POINT('',(5.,17.291616465791,21.4));
#1688 = VECTOR('',#1689,1.);
#1689 = DIRECTION('',(0.,0.,1.));
#1690 = PLANE('',#1691);
#1691 = AXIS2_PLACEMENT_3D('',#1692,#1693,#1694);
#1692 = CARTESIAN_POINT('',(5.,9.5,21.3));
#1693 = DIRECTION('',(-1.,1.110223024625E-16,0.));
#1694 = DIRECTION('',(0.,0.,1.));
#1695 = ADVANCED_FACE('',(#1696),#1786,.F.);
#1696 = FACE_BOUND('',#1697,.F.);
#1697 = EDGE_LOOP('',(#1698,#1708,#1716,#1724,#1732,#1740,#1746,#1747,
    #1748,#1756,#1764,#1772,#1780));
#1698 = ORIENTED_EDGE('',*,*,#1699,.F.);
#1699 = EDGE_CURVE('',#1700,#1702,#1704,.T.);
#1700 = VERTEX_POINT('',#1701);
#1701 = CARTESIAN_POINT('',(-5.,-17.49971428338,26.5));
#1702 = VERTEX_POINT('',#1703);
#1703 = CARTESIAN_POINT('',(-5.,-17.29161646579,26.5));
#1704 = LINE('',#1705,#1706);
#1705 = CARTESIAN_POINT('',(-5.,-4.75,26.5));
#1706 = VECTOR('',#1707,1.);
#1707 = DIRECTION('',(2.22044604925E-16,1.,-0.));
#1708 = ORIENTED_EDGE('',*,*,#1709,.F.);
#1709 = EDGE_CURVE('',#1710,#1700,#1712,.T.);
#1710 = VERTEX_POINT('',#1711);
#1711 = CARTESIAN_POINT('',(-5.,-17.49971428338,26.4));
#1712 = LINE('',#1713,#1714);
#1713 = CARTESIAN_POINT('',(-5.,-17.49971428338,26.4));
#1714 = VECTOR('',#1715,1.);
#1715 = DIRECTION('',(0.,0.,1.));
#1716 = ORIENTED_EDGE('',*,*,#1717,.F.);
#1717 = EDGE_CURVE('',#1718,#1710,#1720,.T.);
#1718 = VERTEX_POINT('',#1719);
#1719 = CARTESIAN_POINT('',(-5.,-28.97171033957,26.4));
#1720 = LINE('',#1721,#1722);
#1721 = CARTESIAN_POINT('',(-5.,-4.75,26.4));
#1722 = VECTOR('',#1723,1.);
#1723 = DIRECTION('',(2.22044604925E-16,1.,-0.));
#1724 = ORIENTED_EDGE('',*,*,#1725,.F.);
#1725 = EDGE_CURVE('',#1726,#1718,#1728,.T.);
#1726 = VERTEX_POINT('',#1727);
#1727 = CARTESIAN_POINT('',(-5.,-29.58039891549,26.4));
#1728 = LINE('',#1729,#1730);
#1729 = CARTESIAN_POINT('',(-5.,-4.75,26.4));
#1730 = VECTOR('',#1731,1.);
#1731 = DIRECTION('',(2.22044604925E-16,1.,-0.));
#1732 = ORIENTED_EDGE('',*,*,#1733,.F.);
#1733 = EDGE_CURVE('',#1734,#1726,#1736,.T.);
#1734 = VERTEX_POINT('',#1735);
#1735 = CARTESIAN_POINT('',(-5.,-29.58039891549,23.4));
#1736 = LINE('',#1737,#1738);
#1737 = CARTESIAN_POINT('',(-5.,-29.58039891549,23.4));
#1738 = VECTOR('',#1739,1.);
#1739 = DIRECTION('',(0.,0.,1.));
#1740 = ORIENTED_EDGE('',*,*,#1741,.T.);
#1741 = EDGE_CURVE('',#1734,#1595,#1742,.T.);
#1742 = LINE('',#1743,#1744);
#1743 = CARTESIAN_POINT('',(-5.,-4.75,23.4));
#1744 = VECTOR('',#1745,1.);
#1745 = DIRECTION('',(2.22044604925E-16,1.,-0.));
#1746 = ORIENTED_EDGE('',*,*,#1603,.F.);
#1747 = ORIENTED_EDGE('',*,*,#321,.T.);
#1748 = ORIENTED_EDGE('',*,*,#1749,.T.);
#1749 = EDGE_CURVE('',#313,#1750,#1752,.T.);
#1750 = VERTEX_POINT('',#1751);
#1751 = CARTESIAN_POINT('',(-5.,-9.797958971133,26.5));
#1752 = LINE('',#1753,#1754);
#1753 = CARTESIAN_POINT('',(-5.,-9.797958971133,21.35));
#1754 = VECTOR('',#1755,1.);
#1755 = DIRECTION('',(0.,0.,1.));
#1756 = ORIENTED_EDGE('',*,*,#1757,.F.);
#1757 = EDGE_CURVE('',#1758,#1750,#1760,.T.);
#1758 = VERTEX_POINT('',#1759);
#1759 = CARTESIAN_POINT('',(-5.,-10.5,26.5));
#1760 = LINE('',#1761,#1762);
#1761 = CARTESIAN_POINT('',(-5.,-4.75,26.5));
#1762 = VECTOR('',#1763,1.);
#1763 = DIRECTION('',(2.22044604925E-16,1.,-0.));
#1764 = ORIENTED_EDGE('',*,*,#1765,.T.);
#1765 = EDGE_CURVE('',#1758,#1766,#1768,.T.);
#1766 = VERTEX_POINT('',#1767);
#1767 = CARTESIAN_POINT('',(-5.,-10.5,22.999821433127));
#1768 = LINE('',#1769,#1770);
#1769 = CARTESIAN_POINT('',(-5.,-10.5,22.149910716563));
#1770 = VECTOR('',#1771,1.);
#1771 = DIRECTION('',(0.,-0.,-1.));
#1772 = ORIENTED_EDGE('',*,*,#1773,.T.);
#1773 = EDGE_CURVE('',#1766,#1774,#1776,.T.);
#1774 = VERTEX_POINT('',#1775);
#1775 = CARTESIAN_POINT('',(-5.,-17.29161646579,22.999821433127));
#1776 = LINE('',#1777,#1778);
#1777 = CARTESIAN_POINT('',(-5.,-10.5,22.999821433127));
#1778 = VECTOR('',#1779,1.);
#1779 = DIRECTION('',(-2.22044604925E-16,-1.,0.));
#1780 = ORIENTED_EDGE('',*,*,#1781,.T.);
#1781 = EDGE_CURVE('',#1774,#1702,#1782,.T.);
#1782 = LINE('',#1783,#1784);
#1783 = CARTESIAN_POINT('',(-5.,-17.29161646579,21.4));
#1784 = VECTOR('',#1785,1.);
#1785 = DIRECTION('',(0.,0.,1.));
#1786 = PLANE('',#1787);
#1787 = AXIS2_PLACEMENT_3D('',#1788,#1789,#1790);
#1788 = CARTESIAN_POINT('',(-5.,-9.5,21.3));
#1789 = DIRECTION('',(1.,-2.22044604925E-16,0.));
#1790 = DIRECTION('',(0.,0.,1.));
#1791 = ADVANCED_FACE('',(#1792),#1812,.T.);
#1792 = FACE_BOUND('',#1793,.T.);
#1793 = EDGE_LOOP('',(#1794,#1795,#1796,#1805));
#1794 = ORIENTED_EDGE('',*,*,#1659,.F.);
#1795 = ORIENTED_EDGE('',*,*,#261,.T.);
#1796 = ORIENTED_EDGE('',*,*,#1797,.T.);
#1797 = EDGE_CURVE('',#262,#1798,#1800,.T.);
#1798 = VERTEX_POINT('',#1799);
#1799 = CARTESIAN_POINT('',(-5.,25.9221912654,23.4));
#1800 = HYPERBOLA('',#1801,5.,5.);
#1801 = AXIS2_PLACEMENT_3D('',#1802,#1803,#1804);
#1802 = CARTESIAN_POINT('',(-5.,5.551115123126E-16,-3.));
#1803 = DIRECTION('',(-1.,1.110223024625E-16,0.));
#1804 = DIRECTION('',(0.,0.,1.));
#1805 = ORIENTED_EDGE('',*,*,#1806,.F.);
#1806 = EDGE_CURVE('',#1652,#1798,#1807,.T.);
#1807 = CIRCLE('',#1808,26.4);
#1808 = AXIS2_PLACEMENT_3D('',#1809,#1810,#1811);
#1809 = CARTESIAN_POINT('',(0.,0.,23.4));
#1810 = DIRECTION('',(0.,0.,1.));
#1811 = DIRECTION('',(1.,0.,-0.));
#1812 = CONICAL_SURFACE('',#1813,11.,0.785398163397);
#1813 = AXIS2_PLACEMENT_3D('',#1814,#1815,#1816);
#1814 = CARTESIAN_POINT('',(0.,0.,8.));
#1815 = DIRECTION('',(0.,0.,1.));
#1816 = DIRECTION('',(1.,0.,-0.));
#1817 = ADVANCED_FACE('',(#1818),#1837,.T.);
#1818 = FACE_BOUND('',#1819,.T.);
#1819 = EDGE_LOOP('',(#1820,#1829,#1835,#1836));
#1820 = ORIENTED_EDGE('',*,*,#1821,.F.);
#1821 = EDGE_CURVE('',#1822,#1750,#1824,.T.);
#1822 = VERTEX_POINT('',#1823);
#1823 = CARTESIAN_POINT('',(-9.797958971133,-5.,26.5));
#1824 = CIRCLE('',#1825,11.);
#1825 = AXIS2_PLACEMENT_3D('',#1826,#1827,#1828);
#1826 = CARTESIAN_POINT('',(0.,0.,26.5));
#1827 = DIRECTION('',(0.,0.,1.));
#1828 = DIRECTION('',(1.,0.,-0.));
#1829 = ORIENTED_EDGE('',*,*,#1830,.F.);
#1830 = EDGE_CURVE('',#305,#1822,#1831,.T.);
#1831 = LINE('',#1832,#1833);
#1832 = CARTESIAN_POINT('',(-9.797958971133,-5.,21.35));
#1833 = VECTOR('',#1834,1.);
#1834 = DIRECTION('',(0.,0.,1.));
#1835 = ORIENTED_EDGE('',*,*,#312,.T.);
#1836 = ORIENTED_EDGE('',*,*,#1749,.T.);
#1837 = CYLINDRICAL_SURFACE('',#1838,11.);
#1838 = AXIS2_PLACEMENT_3D('',#1839,#1840,#1841);
#1839 = CARTESIAN_POINT('',(0.,0.,21.35));
#1840 = DIRECTION('',(0.,0.,1.));
#1841 = DIRECTION('',(1.,0.,-0.));
#1842 = ADVANCED_FACE('',(#1843),#1933,.T.);
#1843 = FACE_BOUND('',#1844,.T.);
#1844 = EDGE_LOOP('',(#1845,#1855,#1863,#1871,#1879,#1887,#1893,#1894,
    #1895,#1903,#1911,#1919,#1927));
#1845 = ORIENTED_EDGE('',*,*,#1846,.F.);
#1846 = EDGE_CURVE('',#1847,#1849,#1851,.T.);
#1847 = VERTEX_POINT('',#1848);
#1848 = CARTESIAN_POINT('',(-5.,17.499714283382,26.5));
#1849 = VERTEX_POINT('',#1850);
#1850 = CARTESIAN_POINT('',(-5.,17.291616465791,26.5));
#1851 = LINE('',#1852,#1853);
#1852 = CARTESIAN_POINT('',(-5.,4.75,26.5));
#1853 = VECTOR('',#1854,1.);
#1854 = DIRECTION('',(-1.110223024625E-16,-1.,0.));
#1855 = ORIENTED_EDGE('',*,*,#1856,.F.);
#1856 = EDGE_CURVE('',#1857,#1847,#1859,.T.);
#1857 = VERTEX_POINT('',#1858);
#1858 = CARTESIAN_POINT('',(-5.,17.499714283382,26.4));
#1859 = LINE('',#1860,#1861);
#1860 = CARTESIAN_POINT('',(-5.,17.499714283382,26.4));
#1861 = VECTOR('',#1862,1.);
#1862 = DIRECTION('',(0.,0.,1.));
#1863 = ORIENTED_EDGE('',*,*,#1864,.F.);
#1864 = EDGE_CURVE('',#1865,#1857,#1867,.T.);
#1865 = VERTEX_POINT('',#1866);
#1866 = CARTESIAN_POINT('',(-5.,28.971710339571,26.4));
#1867 = LINE('',#1868,#1869);
#1868 = CARTESIAN_POINT('',(-5.,4.75,26.4));
#1869 = VECTOR('',#1870,1.);
#1870 = DIRECTION('',(-1.110223024625E-16,-1.,0.));
#1871 = ORIENTED_EDGE('',*,*,#1872,.F.);
#1872 = EDGE_CURVE('',#1873,#1865,#1875,.T.);
#1873 = VERTEX_POINT('',#1874);
#1874 = CARTESIAN_POINT('',(-5.,29.580398915498,26.4));
#1875 = LINE('',#1876,#1877);
#1876 = CARTESIAN_POINT('',(-5.,4.75,26.4));
#1877 = VECTOR('',#1878,1.);
#1878 = DIRECTION('',(-1.110223024625E-16,-1.,0.));
#1879 = ORIENTED_EDGE('',*,*,#1880,.F.);
#1880 = EDGE_CURVE('',#1881,#1873,#1883,.T.);
#1881 = VERTEX_POINT('',#1882);
#1882 = CARTESIAN_POINT('',(-5.,29.580398915498,23.4));
#1883 = LINE('',#1884,#1885);
#1884 = CARTESIAN_POINT('',(-5.,29.580398915498,23.4));
#1885 = VECTOR('',#1886,1.);
#1886 = DIRECTION('',(0.,0.,1.));
#1887 = ORIENTED_EDGE('',*,*,#1888,.T.);
#1888 = EDGE_CURVE('',#1881,#1798,#1889,.T.);
#1889 = LINE('',#1890,#1891);
#1890 = CARTESIAN_POINT('',(-5.,4.75,23.4));
#1891 = VECTOR('',#1892,1.);
#1892 = DIRECTION('',(-1.110223024625E-16,-1.,0.));
#1893 = ORIENTED_EDGE('',*,*,#1797,.F.);
#1894 = ORIENTED_EDGE('',*,*,#270,.T.);
#1895 = ORIENTED_EDGE('',*,*,#1896,.T.);
#1896 = EDGE_CURVE('',#271,#1897,#1899,.T.);
#1897 = VERTEX_POINT('',#1898);
#1898 = CARTESIAN_POINT('',(-5.,9.797958971133,26.5));
#1899 = LINE('',#1900,#1901);
#1900 = CARTESIAN_POINT('',(-5.,9.797958971133,21.35));
#1901 = VECTOR('',#1902,1.);
#1902 = DIRECTION('',(0.,0.,1.));
#1903 = ORIENTED_EDGE('',*,*,#1904,.F.);
#1904 = EDGE_CURVE('',#1905,#1897,#1907,.T.);
#1905 = VERTEX_POINT('',#1906);
#1906 = CARTESIAN_POINT('',(-5.,10.5,26.5));
#1907 = LINE('',#1908,#1909);
#1908 = CARTESIAN_POINT('',(-5.,4.75,26.5));
#1909 = VECTOR('',#1910,1.);
#1910 = DIRECTION('',(-1.110223024625E-16,-1.,0.));
#1911 = ORIENTED_EDGE('',*,*,#1912,.T.);
#1912 = EDGE_CURVE('',#1905,#1913,#1915,.T.);
#1913 = VERTEX_POINT('',#1914);
#1914 = CARTESIAN_POINT('',(-5.,10.5,22.999821433127));
#1915 = LINE('',#1916,#1917);
#1916 = CARTESIAN_POINT('',(-5.,10.5,22.149910716563));
#1917 = VECTOR('',#1918,1.);
#1918 = DIRECTION('',(0.,0.,-1.));
#1919 = ORIENTED_EDGE('',*,*,#1920,.T.);
#1920 = EDGE_CURVE('',#1913,#1921,#1923,.T.);
#1921 = VERTEX_POINT('',#1922);
#1922 = CARTESIAN_POINT('',(-5.,17.291616465791,22.999821433127));
#1923 = LINE('',#1924,#1925);
#1924 = CARTESIAN_POINT('',(-5.,10.5,22.999821433127));
#1925 = VECTOR('',#1926,1.);
#1926 = DIRECTION('',(1.110223024625E-16,1.,0.));
#1927 = ORIENTED_EDGE('',*,*,#1928,.T.);
#1928 = EDGE_CURVE('',#1921,#1849,#1929,.T.);
#1929 = LINE('',#1930,#1931);
#1930 = CARTESIAN_POINT('',(-5.,17.291616465791,21.4));
#1931 = VECTOR('',#1932,1.);
#1932 = DIRECTION('',(0.,0.,1.));
#1933 = PLANE('',#1934);
#1934 = AXIS2_PLACEMENT_3D('',#1935,#1936,#1937);
#1935 = CARTESIAN_POINT('',(-5.,9.5,21.3));
#1936 = DIRECTION('',(-1.,1.110223024625E-16,0.));
#1937 = DIRECTION('',(0.,0.,1.));
#1938 = ADVANCED_FACE('',(#1939),#2035,.T.);
#1939 = FACE_BOUND('',#1940,.T.);
#1940 = EDGE_LOOP('',(#1941,#1951,#1964,#1972,#1980,#1988,#1996,#2003,
    #2004,#2005,#2013,#2021,#2029));
#1941 = ORIENTED_EDGE('',*,*,#1942,.F.);
#1942 = EDGE_CURVE('',#1943,#1945,#1947,.T.);
#1943 = VERTEX_POINT('',#1944);
#1944 = CARTESIAN_POINT('',(-18.87829359792,-5.,26.5));
#1945 = VERTEX_POINT('',#1946);
#1946 = CARTESIAN_POINT('',(-17.29161646579,-5.,26.5));
#1947 = LINE('',#1948,#1949);
#1948 = CARTESIAN_POINT('',(-4.75,-5.,26.5));
#1949 = VECTOR('',#1950,1.);
#1950 = DIRECTION('',(1.,-1.224646799147E-16,0.));
#1951 = ORIENTED_EDGE('',*,*,#1952,.T.);
#1952 = EDGE_CURVE('',#1943,#1953,#1955,.T.);
#1953 = VERTEX_POINT('',#1954);
#1954 = CARTESIAN_POINT('',(-18.65826485218,-5.,26.4));
#1955 = B_SPLINE_CURVE_WITH_KNOTS('',4,(#1956,#1957,#1958,#1959,#1960,
    #1961,#1962,#1963),.UNSPECIFIED.,.F.,.F.,(5,3,5),(0.,0.50144251821,
    1.),.UNSPECIFIED.);
#1956 = CARTESIAN_POINT('',(-18.87829359792,-5.,26.5));
#1957 = CARTESIAN_POINT('',(-18.70576286878,-5.,26.421524061731));
#1958 = CARTESIAN_POINT('',(-18.53314033444,-5.,26.343136935596));
#1959 = CARTESIAN_POINT('',(-18.36042119837,-5.,26.264843345171));
#1960 = CARTESIAN_POINT('',(-18.01577296616,-5.,26.108904045381));
#1961 = CARTESIAN_POINT('',(-17.84384503839,-5.,26.031257205653));
#1962 = CARTESIAN_POINT('',(-17.67181069875,-5.,25.953713596038));
#1963 = CARTESIAN_POINT('',(-17.49966364853,-5.,25.876279451839));
#1964 = ORIENTED_EDGE('',*,*,#1965,.F.);
#1965 = EDGE_CURVE('',#1966,#1953,#1968,.T.);
#1966 = VERTEX_POINT('',#1967);
#1967 = CARTESIAN_POINT('',(-28.97171033957,-5.,26.4));
#1968 = LINE('',#1969,#1970);
#1969 = CARTESIAN_POINT('',(-4.75,-5.,26.4));
#1970 = VECTOR('',#1971,1.);
#1971 = DIRECTION('',(1.,-1.224646799147E-16,0.));
#1972 = ORIENTED_EDGE('',*,*,#1973,.F.);
#1973 = EDGE_CURVE('',#1974,#1966,#1976,.T.);
#1974 = VERTEX_POINT('',#1975);
#1975 = CARTESIAN_POINT('',(-29.58039891549,-5.,26.4));
#1976 = LINE('',#1977,#1978);
#1977 = CARTESIAN_POINT('',(-4.75,-5.,26.4));
#1978 = VECTOR('',#1979,1.);
#1979 = DIRECTION('',(1.,-1.224646799147E-16,0.));
#1980 = ORIENTED_EDGE('',*,*,#1981,.F.);
#1981 = EDGE_CURVE('',#1982,#1974,#1984,.T.);
#1982 = VERTEX_POINT('',#1983);
#1983 = CARTESIAN_POINT('',(-29.58039891549,-5.,23.4));
#1984 = LINE('',#1985,#1986);
#1985 = CARTESIAN_POINT('',(-29.58039891549,-5.,23.4));
#1986 = VECTOR('',#1987,1.);
#1987 = DIRECTION('',(0.,0.,1.));
#1988 = ORIENTED_EDGE('',*,*,#1989,.T.);
#1989 = EDGE_CURVE('',#1982,#1990,#1992,.T.);
#1990 = VERTEX_POINT('',#1991);
#1991 = CARTESIAN_POINT('',(-25.9221912654,-5.,23.4));
#1992 = LINE('',#1993,#1994);
#1993 = CARTESIAN_POINT('',(-4.75,-5.,23.4));
#1994 = VECTOR('',#1995,1.);
#1995 = DIRECTION('',(1.,-1.224646799147E-16,0.));
#1996 = ORIENTED_EDGE('',*,*,#1997,.F.);
#1997 = EDGE_CURVE('',#296,#1990,#1998,.T.);
#1998 = HYPERBOLA('',#1999,5.,5.);
#1999 = AXIS2_PLACEMENT_3D('',#2000,#2001,#2002);
#2000 = CARTESIAN_POINT('',(-6.123233995737E-16,-5.,-3.));
#2001 = DIRECTION('',(-1.224646799147E-16,-1.,0.));
#2002 = DIRECTION('',(0.,0.,1.));
#2003 = ORIENTED_EDGE('',*,*,#304,.T.);
#2004 = ORIENTED_EDGE('',*,*,#1830,.T.);
#2005 = ORIENTED_EDGE('',*,*,#2006,.F.);
#2006 = EDGE_CURVE('',#2007,#1822,#2009,.T.);
#2007 = VERTEX_POINT('',#2008);
#2008 = CARTESIAN_POINT('',(-10.5,-5.,26.5));
#2009 = LINE('',#2010,#2011);
#2010 = CARTESIAN_POINT('',(-4.75,-5.,26.5));
#2011 = VECTOR('',#2012,1.);
#2012 = DIRECTION('',(1.,-1.224646799147E-16,0.));
#2013 = ORIENTED_EDGE('',*,*,#2014,.T.);
#2014 = EDGE_CURVE('',#2007,#2015,#2017,.T.);
#2015 = VERTEX_POINT('',#2016);
#2016 = CARTESIAN_POINT('',(-10.5,-5.,22.999821433127));
#2017 = LINE('',#2018,#2019);
#2018 = CARTESIAN_POINT('',(-10.5,-5.,22.149910716563));
#2019 = VECTOR('',#2020,1.);
#2020 = DIRECTION('',(-0.,0.,-1.));
#2021 = ORIENTED_EDGE('',*,*,#2022,.T.);
#2022 = EDGE_CURVE('',#2015,#2023,#2025,.T.);
#2023 = VERTEX_POINT('',#2024);
#2024 = CARTESIAN_POINT('',(-17.29161646579,-5.,22.999821433127));
#2025 = LINE('',#2026,#2027);
#2026 = CARTESIAN_POINT('',(-10.5,-5.,22.999821433127));
#2027 = VECTOR('',#2028,1.);
#2028 = DIRECTION('',(-1.,1.224646799147E-16,0.));
#2029 = ORIENTED_EDGE('',*,*,#2030,.T.);
#2030 = EDGE_CURVE('',#2023,#1945,#2031,.T.);
#2031 = LINE('',#2032,#2033);
#2032 = CARTESIAN_POINT('',(-17.29161646579,-5.,21.4));
#2033 = VECTOR('',#2034,1.);
#2034 = DIRECTION('',(0.,0.,1.));
#2035 = PLANE('',#2036);
#2036 = AXIS2_PLACEMENT_3D('',#2037,#2038,#2039);
#2037 = CARTESIAN_POINT('',(-9.5,-5.,21.3));
#2038 = DIRECTION('',(-1.224646799147E-16,-1.,0.));
#2039 = DIRECTION('',(0.,0.,1.));
#2040 = ADVANCED_FACE('',(#2041),#2060,.T.);
#2041 = FACE_BOUND('',#2042,.T.);
#2042 = EDGE_LOOP('',(#2043,#2052,#2053,#2054));
#2043 = ORIENTED_EDGE('',*,*,#2044,.F.);
#2044 = EDGE_CURVE('',#1897,#2045,#2047,.T.);
#2045 = VERTEX_POINT('',#2046);
#2046 = CARTESIAN_POINT('',(-9.797958971133,5.,26.5));
#2047 = CIRCLE('',#2048,11.);
#2048 = AXIS2_PLACEMENT_3D('',#2049,#2050,#2051);
#2049 = CARTESIAN_POINT('',(0.,0.,26.5));
#2050 = DIRECTION('',(0.,0.,1.));
#2051 = DIRECTION('',(1.,0.,-0.));
#2052 = ORIENTED_EDGE('',*,*,#1896,.F.);
#2053 = ORIENTED_EDGE('',*,*,#278,.T.);
#2054 = ORIENTED_EDGE('',*,*,#2055,.T.);
#2055 = EDGE_CURVE('',#279,#2045,#2056,.T.);
#2056 = LINE('',#2057,#2058);
#2057 = CARTESIAN_POINT('',(-9.797958971133,5.,21.35));
#2058 = VECTOR('',#2059,1.);
#2059 = DIRECTION('',(0.,0.,1.));
#2060 = CYLINDRICAL_SURFACE('',#2061,11.);
#2061 = AXIS2_PLACEMENT_3D('',#2062,#2063,#2064);
#2062 = CARTESIAN_POINT('',(0.,0.,21.35));
#2063 = DIRECTION('',(0.,0.,1.));
#2064 = DIRECTION('',(1.,0.,-0.));
#2065 = ADVANCED_FACE('',(#2066),#2086,.T.);
#2066 = FACE_BOUND('',#2067,.T.);
#2067 = EDGE_LOOP('',(#2068,#2077,#2078,#2079));
#2068 = ORIENTED_EDGE('',*,*,#2069,.F.);
#2069 = EDGE_CURVE('',#288,#2070,#2072,.T.);
#2070 = VERTEX_POINT('',#2071);
#2071 = CARTESIAN_POINT('',(-25.9221912654,5.,23.4));
#2072 = HYPERBOLA('',#2073,5.,5.);
#2073 = AXIS2_PLACEMENT_3D('',#2074,#2075,#2076);
#2074 = CARTESIAN_POINT('',(6.123233995737E-16,5.,-3.));
#2075 = DIRECTION('',(-1.224646799147E-16,-1.,0.));
#2076 = DIRECTION('',(0.,0.,1.));
#2077 = ORIENTED_EDGE('',*,*,#295,.T.);
#2078 = ORIENTED_EDGE('',*,*,#1997,.T.);
#2079 = ORIENTED_EDGE('',*,*,#2080,.F.);
#2080 = EDGE_CURVE('',#2070,#1990,#2081,.T.);
#2081 = CIRCLE('',#2082,26.4);
#2082 = AXIS2_PLACEMENT_3D('',#2083,#2084,#2085);
#2083 = CARTESIAN_POINT('',(0.,0.,23.4));
#2084 = DIRECTION('',(0.,0.,1.));
#2085 = DIRECTION('',(1.,0.,-0.));
#2086 = CONICAL_SURFACE('',#2087,11.,0.785398163397);
#2087 = AXIS2_PLACEMENT_3D('',#2088,#2089,#2090);
#2088 = CARTESIAN_POINT('',(0.,0.,8.));
#2089 = DIRECTION('',(0.,0.,1.));
#2090 = DIRECTION('',(1.,0.,-0.));
#2091 = ADVANCED_FACE('',(#2092),#2175,.F.);
#2092 = FACE_BOUND('',#2093,.F.);
#2093 = EDGE_LOOP('',(#2094,#2104,#2112,#2120,#2128,#2136,#2142,#2143,
    #2144,#2145,#2153,#2161,#2169));
#2094 = ORIENTED_EDGE('',*,*,#2095,.F.);
#2095 = EDGE_CURVE('',#2096,#2098,#2100,.T.);
#2096 = VERTEX_POINT('',#2097);
#2097 = CARTESIAN_POINT('',(-17.49971428338,5.,26.5));
#2098 = VERTEX_POINT('',#2099);
#2099 = CARTESIAN_POINT('',(-17.29161646579,5.,26.5));
#2100 = LINE('',#2101,#2102);
#2101 = CARTESIAN_POINT('',(-4.75,5.,26.5));
#2102 = VECTOR('',#2103,1.);
#2103 = DIRECTION('',(1.,-1.224646799147E-16,0.));
#2104 = ORIENTED_EDGE('',*,*,#2105,.F.);
#2105 = EDGE_CURVE('',#2106,#2096,#2108,.T.);
#2106 = VERTEX_POINT('',#2107);
#2107 = CARTESIAN_POINT('',(-17.49971428338,5.,26.4));
#2108 = LINE('',#2109,#2110);
#2109 = CARTESIAN_POINT('',(-17.49971428338,5.,26.4));
#2110 = VECTOR('',#2111,1.);
#2111 = DIRECTION('',(0.,0.,1.));
#2112 = ORIENTED_EDGE('',*,*,#2113,.F.);
#2113 = EDGE_CURVE('',#2114,#2106,#2116,.T.);
#2114 = VERTEX_POINT('',#2115);
#2115 = CARTESIAN_POINT('',(-28.97171033957,5.,26.4));
#2116 = LINE('',#2117,#2118);
#2117 = CARTESIAN_POINT('',(-4.75,5.,26.4));
#2118 = VECTOR('',#2119,1.);
#2119 = DIRECTION('',(1.,-1.224646799147E-16,0.));
#2120 = ORIENTED_EDGE('',*,*,#2121,.F.);
#2121 = EDGE_CURVE('',#2122,#2114,#2124,.T.);
#2122 = VERTEX_POINT('',#2123);
#2123 = CARTESIAN_POINT('',(-29.58039891549,5.,26.4));
#2124 = LINE('',#2125,#2126);
#2125 = CARTESIAN_POINT('',(-4.75,5.,26.4));
#2126 = VECTOR('',#2127,1.);
#2127 = DIRECTION('',(1.,-1.224646799147E-16,0.));
#2128 = ORIENTED_EDGE('',*,*,#2129,.F.);
#2129 = EDGE_CURVE('',#2130,#2122,#2132,.T.);
#2130 = VERTEX_POINT('',#2131);
#2131 = CARTESIAN_POINT('',(-29.58039891549,5.,23.4));
#2132 = LINE('',#2133,#2134);
#2133 = CARTESIAN_POINT('',(-29.58039891549,5.,23.4));
#2134 = VECTOR('',#2135,1.);
#2135 = DIRECTION('',(0.,0.,1.));
#2136 = ORIENTED_EDGE('',*,*,#2137,.T.);
#2137 = EDGE_CURVE('',#2130,#2070,#2138,.T.);
#2138 = LINE('',#2139,#2140);
#2139 = CARTESIAN_POINT('',(-4.75,5.,23.4));
#2140 = VECTOR('',#2141,1.);
#2141 = DIRECTION('',(1.,-1.224646799147E-16,0.));
#2142 = ORIENTED_EDGE('',*,*,#2069,.F.);
#2143 = ORIENTED_EDGE('',*,*,#287,.T.);
#2144 = ORIENTED_EDGE('',*,*,#2055,.T.);
#2145 = ORIENTED_EDGE('',*,*,#2146,.F.);
#2146 = EDGE_CURVE('',#2147,#2045,#2149,.T.);
#2147 = VERTEX_POINT('',#2148);
#2148 = CARTESIAN_POINT('',(-10.5,5.,26.5));
#2149 = LINE('',#2150,#2151);
#2150 = CARTESIAN_POINT('',(-4.75,5.,26.5));
#2151 = VECTOR('',#2152,1.);
#2152 = DIRECTION('',(1.,-1.224646799147E-16,0.));
#2153 = ORIENTED_EDGE('',*,*,#2154,.T.);
#2154 = EDGE_CURVE('',#2147,#2155,#2157,.T.);
#2155 = VERTEX_POINT('',#2156);
#2156 = CARTESIAN_POINT('',(-10.5,5.,22.999821433127));
#2157 = LINE('',#2158,#2159);
#2158 = CARTESIAN_POINT('',(-10.5,5.,22.149910716563));
#2159 = VECTOR('',#2160,1.);
#2160 = DIRECTION('',(-0.,0.,-1.));
#2161 = ORIENTED_EDGE('',*,*,#2162,.T.);
#2162 = EDGE_CURVE('',#2155,#2163,#2165,.T.);
#2163 = VERTEX_POINT('',#2164);
#2164 = CARTESIAN_POINT('',(-17.29161646579,5.,22.999821433127));
#2165 = LINE('',#2166,#2167);
#2166 = CARTESIAN_POINT('',(-10.5,5.,22.999821433127));
#2167 = VECTOR('',#2168,1.);
#2168 = DIRECTION('',(-1.,1.224646799147E-16,0.));
#2169 = ORIENTED_EDGE('',*,*,#2170,.T.);
#2170 = EDGE_CURVE('',#2163,#2098,#2171,.T.);
#2171 = LINE('',#2172,#2173);
#2172 = CARTESIAN_POINT('',(-17.29161646579,5.,21.4));
#2173 = VECTOR('',#2174,1.);
#2174 = DIRECTION('',(0.,0.,1.));
#2175 = PLANE('',#2176);
#2176 = AXIS2_PLACEMENT_3D('',#2177,#2178,#2179);
#2177 = CARTESIAN_POINT('',(-9.5,5.,21.3));
#2178 = DIRECTION('',(-1.224646799147E-16,-1.,0.));
#2179 = DIRECTION('',(0.,0.,1.));
#2180 = ADVANCED_FACE('',(#2181),#2200,.F.);
#2181 = FACE_BOUND('',#2182,.F.);
#2182 = EDGE_LOOP('',(#2183,#2191,#2198,#2199));
#2183 = ORIENTED_EDGE('',*,*,#2184,.T.);
#2184 = EDGE_CURVE('',#364,#2185,#2187,.T.);
#2185 = VERTEX_POINT('',#2186);
#2186 = CARTESIAN_POINT('',(8.2,-2.008420750602E-15,23.5));
#2187 = LINE('',#2188,#2189);
#2188 = CARTESIAN_POINT('',(10.5,-2.571758278209E-15,21.3));
#2189 = VECTOR('',#2190,1.);
#2190 = DIRECTION('',(-0.722641857148,1.769962074572E-16,0.691222645967)
  );
#2191 = ORIENTED_EDGE('',*,*,#2192,.F.);
#2192 = EDGE_CURVE('',#2185,#2185,#2193,.T.);
#2193 = CIRCLE('',#2194,8.2);
#2194 = AXIS2_PLACEMENT_3D('',#2195,#2196,#2197);
#2195 = CARTESIAN_POINT('',(0.,0.,23.5));
#2196 = DIRECTION('',(0.,0.,1.));
#2197 = DIRECTION('',(1.,0.,-0.));
#2198 = ORIENTED_EDGE('',*,*,#2184,.F.);
#2199 = ORIENTED_EDGE('',*,*,#363,.T.);
#2200 = CONICAL_SURFACE('',#2201,10.5,0.807616728724);
#2201 = AXIS2_PLACEMENT_3D('',#2202,#2203,#2204);
#2202 = CARTESIAN_POINT('',(0.,0.,21.3));
#2203 = DIRECTION('',(-0.,-0.,-1.));
#2204 = DIRECTION('',(1.,0.,-0.));
#2205 = ADVANCED_FACE('',(#2206),#2266,.F.);
#2206 = FACE_BOUND('',#2207,.F.);
#2207 = EDGE_LOOP('',(#2208,#2209,#2210,#2218,#2226,#2233,#2234,#2241,
    #2242,#2251,#2259,#2265));
#2208 = ORIENTED_EDGE('',*,*,#1470,.F.);
#2209 = ORIENTED_EDGE('',*,*,#1554,.F.);
#2210 = ORIENTED_EDGE('',*,*,#2211,.T.);
#2211 = EDGE_CURVE('',#1555,#2212,#2214,.T.);
#2212 = VERTEX_POINT('',#2213);
#2213 = CARTESIAN_POINT('',(8.500178566873,-10.5,26.5));
#2214 = LINE('',#2215,#2216);
#2215 = CARTESIAN_POINT('',(2.5,-10.5,26.5));
#2216 = VECTOR('',#2217,1.);
#2217 = DIRECTION('',(1.,-2.22044604925E-16,0.));
#2218 = ORIENTED_EDGE('',*,*,#2219,.T.);
#2219 = EDGE_CURVE('',#2212,#2220,#2222,.T.);
#2220 = VERTEX_POINT('',#2221);
#2221 = CARTESIAN_POINT('',(8.500178566873,-15.86653599029,26.5));
#2222 = LINE('',#2223,#2224);
#2223 = CARTESIAN_POINT('',(8.500178566873,-10.5,26.5));
#2224 = VECTOR('',#2225,1.);
#2225 = DIRECTION('',(-2.22044604925E-16,-1.,0.));
#2226 = ORIENTED_EDGE('',*,*,#2227,.F.);
#2227 = EDGE_CURVE('',#1498,#2220,#2228,.T.);
#2228 = CIRCLE('',#2229,18.);
#2229 = AXIS2_PLACEMENT_3D('',#2230,#2231,#2232);
#2230 = CARTESIAN_POINT('',(0.,0.,26.5));
#2231 = DIRECTION('',(0.,0.,1.));
#2232 = DIRECTION('',(1.,0.,-0.));
#2233 = ORIENTED_EDGE('',*,*,#1495,.F.);
#2234 = ORIENTED_EDGE('',*,*,#2235,.T.);
#2235 = EDGE_CURVE('',#1496,#381,#2236,.T.);
#2236 = CIRCLE('',#2237,18.2);
#2237 = AXIS2_PLACEMENT_3D('',#2238,#2239,#2240);
#2238 = CARTESIAN_POINT('',(0.,0.,26.5));
#2239 = DIRECTION('',(0.,0.,1.));
#2240 = DIRECTION('',(1.,0.,-0.));
#2241 = ORIENTED_EDGE('',*,*,#380,.T.);
#2242 = ORIENTED_EDGE('',*,*,#2243,.F.);
#2243 = EDGE_CURVE('',#2244,#383,#2246,.T.);
#2244 = VERTEX_POINT('',#2245);
#2245 = CARTESIAN_POINT('',(15.866535990293,-8.500178566873,26.5));
#2246 = CIRCLE('',#2247,18.);
#2247 = AXIS2_PLACEMENT_3D('',#2248,#2249,#2250);
#2248 = CARTESIAN_POINT('',(0.,0.,26.5));
#2249 = DIRECTION('',(0.,0.,1.));
#2250 = DIRECTION('',(1.,0.,-0.));
#2251 = ORIENTED_EDGE('',*,*,#2252,.F.);
#2252 = EDGE_CURVE('',#2253,#2244,#2255,.T.);
#2253 = VERTEX_POINT('',#2254);
#2254 = CARTESIAN_POINT('',(10.5,-8.500178566873,26.5));
#2255 = LINE('',#2256,#2257);
#2256 = CARTESIAN_POINT('',(10.5,-8.500178566873,26.5));
#2257 = VECTOR('',#2258,1.);
#2258 = DIRECTION('',(1.,0.,0.));
#2259 = ORIENTED_EDGE('',*,*,#2260,.T.);
#2260 = EDGE_CURVE('',#2253,#432,#2261,.T.);
#2261 = LINE('',#2262,#2263);
#2262 = CARTESIAN_POINT('',(10.5,-2.5,26.5));
#2263 = VECTOR('',#2264,1.);
#2264 = DIRECTION('',(0.,1.,0.));
#2265 = ORIENTED_EDGE('',*,*,#431,.T.);
#2266 = PLANE('',#2267);
#2267 = AXIS2_PLACEMENT_3D('',#2268,#2269,#2270);
#2268 = CARTESIAN_POINT('',(0.,0.,26.5));
#2269 = DIRECTION('',(0.,0.,1.));
#2270 = DIRECTION('',(1.,0.,-0.));
#2271 = ADVANCED_FACE('',(#2272),#2283,.T.);
#2272 = FACE_BOUND('',#2273,.T.);
#2273 = EDGE_LOOP('',(#2274,#2275,#2282));
#2274 = ORIENTED_EDGE('',*,*,#2243,.F.);
#2275 = ORIENTED_EDGE('',*,*,#2276,.T.);
#2276 = EDGE_CURVE('',#2244,#448,#2277,.T.);
#2277 = ELLIPSE('',#2278,25.455844122716,18.);
#2278 = AXIS2_PLACEMENT_3D('',#2279,#2280,#2281);
#2279 = CARTESIAN_POINT('',(0.,0.,17.999821433127));
#2280 = DIRECTION('',(0.,0.707106781187,0.707106781187));
#2281 = DIRECTION('',(0.,-0.707106781187,0.707106781187));
#2282 = ORIENTED_EDGE('',*,*,#455,.T.);
#2283 = CYLINDRICAL_SURFACE('',#2284,18.);
#2284 = AXIS2_PLACEMENT_3D('',#2285,#2286,#2287);
#2285 = CARTESIAN_POINT('',(0.,0.,21.4));
#2286 = DIRECTION('',(0.,0.,1.));
#2287 = DIRECTION('',(1.,0.,-0.));
#2288 = ADVANCED_FACE('',(#2289),#2300,.F.);
#2289 = FACE_BOUND('',#2290,.F.);
#2290 = EDGE_LOOP('',(#2291,#2292,#2298,#2299));
#2291 = ORIENTED_EDGE('',*,*,#447,.F.);
#2292 = ORIENTED_EDGE('',*,*,#2293,.T.);
#2293 = EDGE_CURVE('',#440,#2253,#2294,.T.);
#2294 = LINE('',#2295,#2296);
#2295 = CARTESIAN_POINT('',(10.5,-5.,22.999821433127));
#2296 = VECTOR('',#2297,1.);
#2297 = DIRECTION('',(0.,-0.707106781187,0.707106781187));
#2298 = ORIENTED_EDGE('',*,*,#2252,.T.);
#2299 = ORIENTED_EDGE('',*,*,#2276,.T.);
#2300 = PLANE('',#2301);
#2301 = AXIS2_PLACEMENT_3D('',#2302,#2303,#2304);
#2302 = CARTESIAN_POINT('',(10.5,-5.,22.999821433127));
#2303 = DIRECTION('',(0.,0.707106781187,0.707106781187));
#2304 = DIRECTION('',(0.,-0.707106781187,0.707106781187));
#2305 = ADVANCED_FACE('',(#2306),#2311,.F.);
#2306 = FACE_BOUND('',#2307,.F.);
#2307 = EDGE_LOOP('',(#2308,#2309,#2310));
#2308 = ORIENTED_EDGE('',*,*,#2293,.F.);
#2309 = ORIENTED_EDGE('',*,*,#439,.F.);
#2310 = ORIENTED_EDGE('',*,*,#2260,.F.);
#2311 = PLANE('',#2312);
#2312 = AXIS2_PLACEMENT_3D('',#2313,#2314,#2315);
#2313 = CARTESIAN_POINT('',(10.5,-5.,22.999821433127));
#2314 = DIRECTION('',(1.,0.,0.));
#2315 = DIRECTION('',(0.,-0.707106781187,0.707106781187));
#2316 = ADVANCED_FACE('',(#2317),#2382,.T.);
#2317 = FACE_BOUND('',#2318,.T.);
#2318 = EDGE_LOOP('',(#2319,#2327,#2335,#2363,#2370,#2371,#2378,#2379,
    #2380,#2381));
#2319 = ORIENTED_EDGE('',*,*,#2320,.T.);
#2320 = EDGE_CURVE('',#734,#2321,#2323,.T.);
#2321 = VERTEX_POINT('',#2322);
#2322 = CARTESIAN_POINT('',(18.2,-3.355327365287E-15,28.278048780488));
#2323 = LINE('',#2324,#2325);
#2324 = CARTESIAN_POINT('',(18.2,-4.457714348896E-15,26.4));
#2325 = VECTOR('',#2326,1.);
#2326 = DIRECTION('',(0.,0.,1.));
#2327 = ORIENTED_EDGE('',*,*,#2328,.T.);
#2328 = EDGE_CURVE('',#2321,#2329,#2331,.T.);
#2329 = VERTEX_POINT('',#2330);
#2330 = CARTESIAN_POINT('',(18.2,-4.457714348896E-15,29.521948841856));
#2331 = LINE('',#2332,#2333);
#2332 = CARTESIAN_POINT('',(18.2,-4.457714348896E-15,26.4));
#2333 = VECTOR('',#2334,1.);
#2334 = DIRECTION('',(0.,0.,1.));
#2335 = ORIENTED_EDGE('',*,*,#2336,.F.);
#2336 = EDGE_CURVE('',#2337,#2329,#2339,.T.);
#2337 = VERTEX_POINT('',#2338);
#2338 = CARTESIAN_POINT('',(-13.08936592068,-12.64549324986,26.5));
#2339 = B_SPLINE_CURVE_WITH_KNOTS('',8,(#2340,#2341,#2342,#2343,#2344,
    #2345,#2346,#2347,#2348,#2349,#2350,#2351,#2352,#2353,#2354,#2355,
    #2356,#2357,#2358,#2359,#2360,#2361,#2362),.UNSPECIFIED.,.F.,.F.,(9,
    7,7,9),(0.,0.333746831305,0.614538693266,1.),.UNSPECIFIED.);
#2340 = CARTESIAN_POINT('',(-14.04115651315,-11.57954764975,26.3999994)
  );
#2341 = CARTESIAN_POINT('',(-12.85706381998,-13.01535769578,
    26.53020033593));
#2342 = CARTESIAN_POINT('',(-11.50428553517,-14.31386566556,
    26.660498509295));
#2343 = CARTESIAN_POINT('',(-10.00264542203,-15.45014154799,
    26.790739123425));
#2344 = CARTESIAN_POINT('',(-8.375327182965,-16.40502343483,
    26.920936601131));
#2345 = CARTESIAN_POINT('',(-6.647505047189,-17.16305809041,
    27.051131751096));
#2346 = CARTESIAN_POINT('',(-4.846461457758,-17.71291202866,
    27.181366910597));
#2347 = CARTESIAN_POINT('',(-3.001321551096,-18.04704089799,
    27.311660494761));
#2348 = CARTESIAN_POINT('',(0.418767619176,-18.26242912935,
    27.551399228845));
#2349 = CARTESIAN_POINT('',(1.991754026618,-18.20723472885,
    27.660985498231));
#2350 = CARTESIAN_POINT('',(3.556504106932,-17.9970508808,
    27.770553436775));
#2351 = CARTESIAN_POINT('',(5.095224592305,-17.63348443788,
    27.880105347908));
#2352 = CARTESIAN_POINT('',(6.590718165077,-17.12031037948,
    27.98965689955));
#2353 = CARTESIAN_POINT('',(8.026429096695,-16.46350719066,
    28.099224297179));
#2354 = CARTESIAN_POINT('',(9.386451078378,-15.67119322543,
    28.208810911948));
#2355 = CARTESIAN_POINT('',(12.398382140349,-13.49594107725,
    28.468724458328));
#2356 = CARTESIAN_POINT('',(13.973447757376,-12.00052645789,
    28.619297446678));
#2357 = CARTESIAN_POINT('',(15.339429835736,-10.29653759073,
    28.769751292064));
#2358 = CARTESIAN_POINT('',(16.465825990472,-8.419170197361,
    28.920134993679));
#2359 = CARTESIAN_POINT('',(17.328234128554,-6.406875529365,
    29.070523952393));
#2360 = CARTESIAN_POINT('',(17.909864139102,-4.301928989141,
    29.220984440846));
#2361 = CARTESIAN_POINT('',(18.19999999895,-2.149507637456,
    29.371568626698));
#2362 = CARTESIAN_POINT('',(18.2,-3.552713678801E-15,29.521948841856));
#2363 = ORIENTED_EDGE('',*,*,#2364,.T.);
#2364 = EDGE_CURVE('',#2337,#1700,#2365,.T.);
#2365 = CIRCLE('',#2366,18.2);
#2366 = AXIS2_PLACEMENT_3D('',#2367,#2368,#2369);
#2367 = CARTESIAN_POINT('',(0.,0.,26.5));
#2368 = DIRECTION('',(0.,0.,1.));
#2369 = DIRECTION('',(1.,0.,-0.));
#2370 = ORIENTED_EDGE('',*,*,#1709,.F.);
#2371 = ORIENTED_EDGE('',*,*,#2372,.T.);
#2372 = EDGE_CURVE('',#1710,#1506,#2373,.T.);
#2373 = CIRCLE('',#2374,18.2);
#2374 = AXIS2_PLACEMENT_3D('',#2375,#2376,#2377);
#2375 = CARTESIAN_POINT('',(0.,0.,26.4));
#2376 = DIRECTION('',(0.,0.,1.));
#2377 = DIRECTION('',(1.,0.,-0.));
#2378 = ORIENTED_EDGE('',*,*,#1505,.T.);
#2379 = ORIENTED_EDGE('',*,*,#2235,.T.);
#2380 = ORIENTED_EDGE('',*,*,#390,.F.);
#2381 = ORIENTED_EDGE('',*,*,#741,.T.);
#2382 = CYLINDRICAL_SURFACE('',#2383,18.2);
#2383 = AXIS2_PLACEMENT_3D('',#2384,#2385,#2386);
#2384 = CARTESIAN_POINT('',(0.,0.,26.4));
#2385 = DIRECTION('',(0.,0.,1.));
#2386 = DIRECTION('',(1.,0.,-0.));
#2387 = ADVANCED_FACE('',(#2388),#2398,.F.);
#2388 = FACE_BOUND('',#2389,.F.);
#2389 = EDGE_LOOP('',(#2390,#2396,#2397));
#2390 = ORIENTED_EDGE('',*,*,#2391,.F.);
#2391 = EDGE_CURVE('',#1670,#555,#2392,.T.);
#2392 = LINE('',#2393,#2394);
#2393 = CARTESIAN_POINT('',(5.,10.5,22.999821433127));
#2394 = VECTOR('',#2395,1.);
#2395 = DIRECTION('',(0.707106781187,-7.850462293419E-17,0.707106781187)
  );
#2396 = ORIENTED_EDGE('',*,*,#1669,.F.);
#2397 = ORIENTED_EDGE('',*,*,#562,.F.);
#2398 = PLANE('',#2399);
#2399 = AXIS2_PLACEMENT_3D('',#2400,#2401,#2402);
#2400 = CARTESIAN_POINT('',(5.,10.5,22.999821433127));
#2401 = DIRECTION('',(1.110223024625E-16,1.,0.));
#2402 = DIRECTION('',(0.707106781187,-7.850462293419E-17,0.707106781187)
  );
#2403 = ADVANCED_FACE('',(#2404),#2416,.F.);
#2404 = FACE_BOUND('',#2405,.F.);
#2405 = EDGE_LOOP('',(#2406,#2407,#2408,#2409));
#2406 = ORIENTED_EDGE('',*,*,#1677,.F.);
#2407 = ORIENTED_EDGE('',*,*,#2391,.T.);
#2408 = ORIENTED_EDGE('',*,*,#554,.T.);
#2409 = ORIENTED_EDGE('',*,*,#2410,.T.);
#2410 = EDGE_CURVE('',#546,#1678,#2411,.T.);
#2411 = ELLIPSE('',#2412,25.455844122716,18.);
#2412 = AXIS2_PLACEMENT_3D('',#2413,#2414,#2415);
#2413 = CARTESIAN_POINT('',(0.,0.,17.999821433127));
#2414 = DIRECTION('',(-0.707106781187,7.850462293419E-17,0.707106781187)
  );
#2415 = DIRECTION('',(0.707106781187,-7.850462293419E-17,0.707106781187)
  );
#2416 = PLANE('',#2417);
#2417 = AXIS2_PLACEMENT_3D('',#2418,#2419,#2420);
#2418 = CARTESIAN_POINT('',(5.,10.5,22.999821433127));
#2419 = DIRECTION('',(-0.707106781187,7.850462293419E-17,0.707106781187)
  );
#2420 = DIRECTION('',(0.707106781187,-7.850462293419E-17,0.707106781187)
  );
#2421 = ADVANCED_FACE('',(#2422),#2427,.T.);
#2422 = FACE_BOUND('',#2423,.T.);
#2423 = EDGE_LOOP('',(#2424,#2425,#2426));
#2424 = ORIENTED_EDGE('',*,*,#545,.F.);
#2425 = ORIENTED_EDGE('',*,*,#2410,.T.);
#2426 = ORIENTED_EDGE('',*,*,#1685,.T.);
#2427 = CYLINDRICAL_SURFACE('',#2428,18.);
#2428 = AXIS2_PLACEMENT_3D('',#2429,#2430,#2431);
#2429 = CARTESIAN_POINT('',(0.,0.,21.4));
#2430 = DIRECTION('',(0.,0.,1.));
#2431 = DIRECTION('',(1.,0.,-0.));
#2432 = ADVANCED_FACE('',(#2433),#2512,.T.);
#2433 = FACE_BOUND('',#2434,.T.);
#2434 = EDGE_LOOP('',(#2435,#2445,#2480,#2486,#2487,#2488,#2489,#2496,
    #2497,#2504,#2505));
#2435 = ORIENTED_EDGE('',*,*,#2436,.T.);
#2436 = EDGE_CURVE('',#2437,#2439,#2441,.T.);
#2437 = VERTEX_POINT('',#2438);
#2438 = CARTESIAN_POINT('',(-18.2,1.031128079372E-14,26.4));
#2439 = VERTEX_POINT('',#2440);
#2440 = CARTESIAN_POINT('',(-18.2,4.481797556127E-15,28.278048780488));
#2441 = LINE('',#2442,#2443);
#2442 = CARTESIAN_POINT('',(-18.2,8.226417739035E-15,26.4));
#2443 = VECTOR('',#2444,1.);
#2444 = DIRECTION('',(0.,0.,1.));
#2445 = ORIENTED_EDGE('',*,*,#2446,.T.);
#2446 = EDGE_CURVE('',#2439,#2447,#2449,.T.);
#2447 = VERTEX_POINT('',#2448);
#2448 = CARTESIAN_POINT('',(18.2,-4.457714348896E-15,32.278053683833));
#2449 = B_SPLINE_CURVE_WITH_KNOTS('',8,(#2450,#2451,#2452,#2453,#2454,
    #2455,#2456,#2457,#2458,#2459,#2460,#2461,#2462,#2463,#2464,#2465,
    #2466,#2467,#2468,#2469,#2470,#2471,#2472,#2473,#2474,#2475,#2476,
    #2477,#2478,#2479),.UNSPECIFIED.,.F.,.F.,(9,7,7,7,9),(0.,
    0.290634713141,0.505823375769,0.730732083525,1.),.UNSPECIFIED.);
#2450 = CARTESIAN_POINT('',(-18.2,3.552713678801E-15,28.278048780488));
#2451 = CARTESIAN_POINT('',(-18.2,-2.076634105856,28.423327987251));
#2452 = CARTESIAN_POINT('',(-17.92920410857,-4.155677700312,
    28.568749681954));
#2453 = CARTESIAN_POINT('',(-17.38652262017,-6.192069728664,
    28.714112474907));
#2454 = CARTESIAN_POINT('',(-16.58114246032,-8.144945237112,
    28.859408992921));
#2455 = CARTESIAN_POINT('',(-15.52778387412,-9.976015589375,
    29.004696870178));
#2456 = CARTESIAN_POINT('',(-14.24775279146,-11.65023913352,
    29.150041701064));
#2457 = CARTESIAN_POINT('',(-12.76773352205,-13.13534235341,
    29.2954892342));
#2458 = CARTESIAN_POINT('',(-9.907296003439,-15.34436315932,
    29.548326703565));
#2459 = CARTESIAN_POINT('',(-8.599197925136,-16.16700499237,
    29.655932297255));
#2460 = CARTESIAN_POINT('',(-7.213694642494,-16.86161208591,
    29.76352077267));
#2461 = CARTESIAN_POINT('',(-5.765573423274,-17.41995602978,
    29.871093870987));
#2462 = CARTESIAN_POINT('',(-4.27029762151,-17.83580022973,
    29.978666159633));
#2463 = CARTESIAN_POINT('',(-2.74399464569,-18.10493488566,
    30.086252554088));
#2464 = CARTESIAN_POINT('',(-1.203416484448,-18.22514355208,
    30.193856217817));
#2465 = CARTESIAN_POINT('',(1.940611088569,-18.16745689864,
    30.413839565788));
#2466 = CARTESIAN_POINT('',(3.545053139842,-17.97582720232,
    30.526306051929));
#2467 = CARTESIAN_POINT('',(5.127066587091,-17.62217707685,
    30.638745641038));
#2468 = CARTESIAN_POINT('',(6.667635216866,-17.10989717116,
    30.751164302795));
#2469 = CARTESIAN_POINT('',(8.148606462936,-16.44469738603,
    30.863584270274));
#2470 = CARTESIAN_POINT('',(9.552754148944,-15.63465905773,
    30.976027107851));
#2471 = CARTESIAN_POINT('',(10.863789050204,-14.69015076357,
    31.088497950922));
#2472 = CARTESIAN_POINT('',(13.507089692799,-12.34909344822,
    31.335524025444));
#2473 = CARTESIAN_POINT('',(14.794506580578,-10.89838964345,
    31.470243132896));
#2474 = CARTESIAN_POINT('',(15.902114082339,-9.295513022147,
    31.604898876039));
#2475 = CARTESIAN_POINT('',(16.809868450289,-7.567000800977,
    31.739510067445));
#2476 = CARTESIAN_POINT('',(17.501994407972,-5.741425563084,
    31.874115541836));
#2477 = CARTESIAN_POINT('',(17.967563526845,-3.849537088582,
    32.008758716014));
#2478 = CARTESIAN_POINT('',(18.199999997787,-1.923939426381,
    32.143464135612));
#2479 = CARTESIAN_POINT('',(18.2,-3.552713678801E-15,32.278053683833));
#2480 = ORIENTED_EDGE('',*,*,#2481,.T.);
#2481 = EDGE_CURVE('',#2447,#1189,#2482,.T.);
#2482 = LINE('',#2483,#2484);
#2483 = CARTESIAN_POINT('',(18.2,-4.457714348896E-15,26.4));
#2484 = VECTOR('',#2485,1.);
#2485 = DIRECTION('',(0.,0.,1.));
#2486 = ORIENTED_EDGE('',*,*,#1251,.F.);
#2487 = ORIENTED_EDGE('',*,*,#528,.T.);
#2488 = ORIENTED_EDGE('',*,*,#1619,.F.);
#2489 = ORIENTED_EDGE('',*,*,#2490,.T.);
#2490 = EDGE_CURVE('',#1620,#1857,#2491,.T.);
#2491 = CIRCLE('',#2492,18.2);
#2492 = AXIS2_PLACEMENT_3D('',#2493,#2494,#2495);
#2493 = CARTESIAN_POINT('',(0.,0.,26.4));
#2494 = DIRECTION('',(0.,0.,1.));
#2495 = DIRECTION('',(1.,0.,-0.));
#2496 = ORIENTED_EDGE('',*,*,#1856,.T.);
#2497 = ORIENTED_EDGE('',*,*,#2498,.T.);
#2498 = EDGE_CURVE('',#1847,#2096,#2499,.T.);
#2499 = CIRCLE('',#2500,18.2);
#2500 = AXIS2_PLACEMENT_3D('',#2501,#2502,#2503);
#2501 = CARTESIAN_POINT('',(0.,0.,26.5));
#2502 = DIRECTION('',(0.,0.,1.));
#2503 = DIRECTION('',(1.,0.,-0.));
#2504 = ORIENTED_EDGE('',*,*,#2105,.F.);
#2505 = ORIENTED_EDGE('',*,*,#2506,.T.);
#2506 = EDGE_CURVE('',#2106,#2437,#2507,.T.);
#2507 = CIRCLE('',#2508,18.2);
#2508 = AXIS2_PLACEMENT_3D('',#2509,#2510,#2511);
#2509 = CARTESIAN_POINT('',(0.,0.,26.4));
#2510 = DIRECTION('',(0.,0.,1.));
#2511 = DIRECTION('',(1.,0.,-0.));
#2512 = CYLINDRICAL_SURFACE('',#2513,18.2);
#2513 = AXIS2_PLACEMENT_3D('',#2514,#2515,#2516);
#2514 = CARTESIAN_POINT('',(0.,0.,26.4));
#2515 = DIRECTION('',(0.,0.,1.));
#2516 = DIRECTION('',(1.,0.,-0.));
#2517 = ADVANCED_FACE('',(#2518),#2534,.T.);
#2518 = FACE_BOUND('',#2519,.T.);
#2519 = EDGE_LOOP('',(#2520,#2521,#2528,#2533));
#2520 = ORIENTED_EDGE('',*,*,#733,.T.);
#2521 = ORIENTED_EDGE('',*,*,#2522,.T.);
#2522 = EDGE_CURVE('',#711,#2523,#2525,.T.);
#2523 = VERTEX_POINT('',#2524);
#2524 = CARTESIAN_POINT('',(20.,7.105427357601E-15,27.4));
#2525 = B_SPLINE_CURVE_WITH_KNOTS('',1,(#2526,#2527),.UNSPECIFIED.,.F.,
  .F.,(2,2),(0.,1.),.PIECEWISE_BEZIER_KNOTS.);
#2526 = CARTESIAN_POINT('',(20.,1.06581410364E-14,26.4));
#2527 = CARTESIAN_POINT('',(20.,-3.552713678801E-15,27.4));
#2528 = ORIENTED_EDGE('',*,*,#2529,.T.);
#2529 = EDGE_CURVE('',#2523,#2321,#2530,.T.);
#2530 = B_SPLINE_CURVE_WITH_KNOTS('',1,(#2531,#2532),.UNSPECIFIED.,.F.,
  .F.,(2,2),(0.,2.280898945591),.PIECEWISE_BEZIER_KNOTS.);
#2531 = CARTESIAN_POINT('',(20.,7.105427357601E-15,27.4));
#2532 = CARTESIAN_POINT('',(17.95,-3.552713678801E-15,28.4));
#2533 = ORIENTED_EDGE('',*,*,#2320,.F.);
#2534 = PLANE('',#2535);
#2535 = AXIS2_PLACEMENT_3D('',#2536,#2537,#2538);
#2536 = CARTESIAN_POINT('',(18.735564308332,-3.407015085607E-15,26.9));
#2537 = DIRECTION('',(3.550882622763E-15,-1.,1.377638966306E-15));
#2538 = DIRECTION('',(-1.,-3.550882622763E-15,0.));
#2539 = ADVANCED_FACE('',(#2540),#2634,.T.);
#2540 = FACE_BOUND('',#2541,.T.);
#2541 = EDGE_LOOP('',(#2542,#2626,#2632,#2633));
#2542 = ORIENTED_EDGE('',*,*,#2543,.T.);
#2543 = EDGE_CURVE('',#2447,#2544,#2546,.T.);
#2544 = VERTEX_POINT('',#2545);
#2545 = CARTESIAN_POINT('',(18.2,-4.457714348896E-15,40.278047520078));
#2546 = B_SPLINE_CURVE_WITH_KNOTS('',8,(#2547,#2548,#2549,#2550,#2551,
    #2552,#2553,#2554,#2555,#2556,#2557,#2558,#2559,#2560,#2561,#2562,
    #2563,#2564,#2565,#2566,#2567,#2568,#2569,#2570,#2571,#2572,#2573,
    #2574,#2575,#2576,#2577,#2578,#2579,#2580,#2581,#2582,#2583,#2584,
    #2585,#2586,#2587,#2588,#2589,#2590,#2591,#2592,#2593,#2594,#2595,
    #2596,#2597,#2598,#2599,#2600,#2601,#2602,#2603,#2604,#2605,#2606,
    #2607,#2608,#2609,#2610,#2611,#2612,#2613,#2614,#2615,#2616,#2617,
    #2618,#2619,#2620,#2621,#2622,#2623,#2624,#2625),.UNSPECIFIED.,.F.,
  .F.,(9,7,7,7,7,7,7,7,7,7,7,9),(0.,0.145117314744,0.193082646237,
    0.244914586722,0.349127629193,0.432062962939,0.551912873589,
    0.643857739472,0.786848881158,0.830790042234,0.879334042144,1.),
  .UNSPECIFIED.);
#2547 = CARTESIAN_POINT('',(18.2,0.,32.278053683833));
#2548 = CARTESIAN_POINT('',(18.2,2.073959864706,32.423137939141));
#2549 = CARTESIAN_POINT('',(17.92990095829,4.150339182778,
    32.568390971874));
#2550 = CARTESIAN_POINT('',(17.388610993964,6.184270497064,
    32.713551502108));
#2551 = CARTESIAN_POINT('',(16.585243679927,8.135006965711,
    32.858658553323));
#2552 = CARTESIAN_POINT('',(15.534476131381,9.964365818736,
    33.003771543619));
#2553 = CARTESIAN_POINT('',(14.257528691903,11.637406857732,
    33.148932406721));
#2554 = CARTESIAN_POINT('',(12.781008292175,13.122013083601,
    33.294186301299));
#2555 = CARTESIAN_POINT('',(10.598950416781,14.811217796834,
    33.487233237164));
#2556 = CARTESIAN_POINT('',(10.038842429279,15.207499057855,
    33.535187982805));
#2557 = CARTESIAN_POINT('',(9.461852571311,15.579536616666,
    33.583143176701));
#2558 = CARTESIAN_POINT('',(8.869194529696,15.926503767663,
    33.631098216746));
#2559 = CARTESIAN_POINT('',(8.2621338516,16.2476420302,33.679055403898)
  );
#2560 = CARTESIAN_POINT('',(7.641988593364,16.542263613788,
    33.727015248901));
#2561 = CARTESIAN_POINT('',(7.010131352214,16.809756718752,
    33.774972633388));
#2562 = CARTESIAN_POINT('',(5.674091927442,17.308765129954,
    33.874743016158));
#2563 = CARTESIAN_POINT('',(4.968074673949,17.535683260231,
    33.926564061254));
#2564 = CARTESIAN_POINT('',(4.251744100285,17.72966427504,
    33.978386151082));
#2565 = CARTESIAN_POINT('',(3.526918276154,17.890163584858,
    34.030208267977));
#2566 = CARTESIAN_POINT('',(2.795427962042,18.016763573109,
    34.082030248368));
#2567 = CARTESIAN_POINT('',(2.059114492389,18.109166105376,
    34.13385251067));
#2568 = CARTESIAN_POINT('',(1.319828880616,18.167190075836,
    34.185675664697));
#2569 = CARTESIAN_POINT('',(-0.909205856429,18.238191693572,
    34.341697759357));
#2570 = CARTESIAN_POINT('',(-2.402728280837,18.146398115444,
    34.44592775573));
#2571 = CARTESIAN_POINT('',(-3.885254358576,17.914740501634,
    34.550139273529));
#2572 = CARTESIAN_POINT('',(-5.341532972512,17.544938391011,
    34.654333665634));
#2573 = CARTESIAN_POINT('',(-6.756824511638,17.040496045061,
    34.758527615549));
#2574 = CARTESIAN_POINT('',(-8.11693389973,16.406715066078,
    34.862736903498));
#2575 = CARTESIAN_POINT('',(-9.408229509971,15.650669224744,
    34.966964392763));
#2576 = CARTESIAN_POINT('',(-11.58054196744,14.090278040918,
    35.154081179076));
#2577 = CARTESIAN_POINT('',(-12.49185623353,13.327053222159,
    35.237013023072));
#2578 = CARTESIAN_POINT('',(-13.34540161669,12.496661770282,
    35.319941022928));
#2579 = CARTESIAN_POINT('',(-14.13544905039,11.604259668948,
    35.402863852542));
#2580 = CARTESIAN_POINT('',(-14.85686609379,10.655509745849,
    35.48578660602));
#2581 = CARTESIAN_POINT('',(-15.50509169706,9.65655109807,
    35.568714125864));
#2582 = CARTESIAN_POINT('',(-16.07617676181,8.614020675809,
    35.651644266572));
#2583 = CARTESIAN_POINT('',(-17.27602126882,5.976017030215,
    35.854384260323));
#2584 = CARTESIAN_POINT('',(-17.81785945851,4.339765145229,
    35.974271733679));
#2585 = CARTESIAN_POINT('',(-18.18190274837,2.648594949626,
    36.094121890365));
#2586 = CARTESIAN_POINT('',(-18.36222799541,0.925171254285,
    36.213943695478));
#2587 = CARTESIAN_POINT('',(-18.35603936425,-0.807639533574,
    36.333766473195));
#2588 = CARTESIAN_POINT('',(-18.1638306677,-2.526810099768,
    36.453618767209));
#2589 = CARTESIAN_POINT('',(-17.78921637502,-4.20921917257,
    36.573509779719));
#2590 = CARTESIAN_POINT('',(-16.81934411238,-7.076461276849,
    36.785268221649));
#2591 = CARTESIAN_POINT('',(-16.29551531876,-8.286684924169,
    36.877215595097));
#2592 = CARTESIAN_POINT('',(-15.67230162151,-9.452139410824,
    36.969156518968));
#2593 = CARTESIAN_POINT('',(-14.95427349901,-10.56334985847,
    37.061088323154));
#2594 = CARTESIAN_POINT('',(-14.14697619838,-11.61150632267,
    37.153019454404));
#2595 = CARTESIAN_POINT('',(-13.25685924612,-12.58843397758,
    37.244958422272));
#2596 = CARTESIAN_POINT('',(-12.29133060544,-13.48665233291,
    37.33690263482));
#2597 = CARTESIAN_POINT('',(-9.653371578644,-15.56368731365,
    37.571786576477));
#2598 = CARTESIAN_POINT('',(-7.883769839235,-16.62325455682,
    37.714903295574));
#2599 = CARTESIAN_POINT('',(-5.983197107665,-17.45087771725,
    37.857926152816));
#2600 = CARTESIAN_POINT('',(-3.987612302547,-18.02916552457,
    38.000891400853));
#2601 = CARTESIAN_POINT('',(-1.934310596852,-18.34638042733,
    38.143862453344));
#2602 = CARTESIAN_POINT('',(0.137948197533,-18.39747292461,
    38.286894709275));
#2603 = CARTESIAN_POINT('',(2.189296230599,-18.18304320816,
    38.430018465593));
#2604 = CARTESIAN_POINT('',(4.789469317035,-17.56972806201,
    38.616916415399));
#2605 = CARTESIAN_POINT('',(5.39498354574,-17.40145898533,
    38.660848624596));
#2606 = CARTESIAN_POINT('',(5.993701338916,-17.20935207181,
    38.704780288104));
#2607 = CARTESIAN_POINT('',(6.584535837395,-16.99372719819,
    38.748711951105));
#2608 = CARTESIAN_POINT('',(7.16641638548,-16.75496336919,
    38.792644081219));
#2609 = CARTESIAN_POINT('',(7.738289493793,-16.49350054838,
    38.836576776793));
#2610 = CARTESIAN_POINT('',(8.299119802103,-16.20984148907,
    38.880509475184));
#2611 = CARTESIAN_POINT('',(9.454146097248,-15.56728671578,
    38.972973640839));
#2612 = CARTESIAN_POINT('',(10.045711020271,-15.20360769003,
    39.021506913622));
#2613 = CARTESIAN_POINT('',(10.621234717519,-14.81426766471,
    39.070040132286));
#2614 = CARTESIAN_POINT('',(11.17942361848,-14.40009560738,
    39.118573602699));
#2615 = CARTESIAN_POINT('',(11.719039043402,-13.96199470684,
    39.167107918788));
#2616 = CARTESIAN_POINT('',(12.238896805497,-13.50094136597,
    39.215643345492));
#2617 = CARTESIAN_POINT('',(12.737869047799,-13.01798675688,
    39.264178949592));
#2618 = CARTESIAN_POINT('',(14.400616455328,-11.26214824637,
    39.433348922558));
#2619 = CARTESIAN_POINT('',(15.451439818912,-9.880918275999,
    39.554045048686));
#2620 = CARTESIAN_POINT('',(16.349832350263,-8.388533759613,
    39.674724241682));
#2621 = CARTESIAN_POINT('',(17.082571761994,-6.8049267541,
    39.795377634175));
#2622 = CARTESIAN_POINT('',(17.639412521335,-5.151258684812,
    39.916026567161));
#2623 = CARTESIAN_POINT('',(18.013262326487,-3.449932512932,
    40.036699147293));
#2624 = CARTESIAN_POINT('',(18.199999996787,-1.724468989975,
    40.157407942714));
#2625 = CARTESIAN_POINT('',(18.2,-3.552713678801E-15,40.278047520078));
#2626 = ORIENTED_EDGE('',*,*,#2627,.T.);
#2627 = EDGE_CURVE('',#2544,#1105,#2628,.T.);
#2628 = LINE('',#2629,#2630);
#2629 = CARTESIAN_POINT('',(18.2,-4.457714348896E-15,26.4));
#2630 = VECTOR('',#2631,1.);
#2631 = DIRECTION('',(0.,0.,1.));
#2632 = ORIENTED_EDGE('',*,*,#1188,.F.);
#2633 = ORIENTED_EDGE('',*,*,#2481,.F.);
#2634 = CYLINDRICAL_SURFACE('',#2635,18.2);
#2635 = AXIS2_PLACEMENT_3D('',#2636,#2637,#2638);
#2636 = CARTESIAN_POINT('',(0.,0.,26.4));
#2637 = DIRECTION('',(0.,0.,1.));
#2638 = DIRECTION('',(1.,0.,-0.));
#2639 = ADVANCED_FACE('',(#2640),#2741,.T.);
#2640 = FACE_BOUND('',#2641,.T.);
#2641 = EDGE_LOOP('',(#2642,#2733,#2739,#2740));
#2642 = ORIENTED_EDGE('',*,*,#2643,.T.);
#2643 = EDGE_CURVE('',#2544,#2644,#2646,.T.);
#2644 = VERTEX_POINT('',#2645);
#2645 = CARTESIAN_POINT('',(18.2,-4.457714348896E-15,48.278062470423));
#2646 = B_SPLINE_CURVE_WITH_KNOTS('',8,(#2647,#2648,#2649,#2650,#2651,
    #2652,#2653,#2654,#2655,#2656,#2657,#2658,#2659,#2660,#2661,#2662,
    #2663,#2664,#2665,#2666,#2667,#2668,#2669,#2670,#2671,#2672,#2673,
    #2674,#2675,#2676,#2677,#2678,#2679,#2680,#2681,#2682,#2683,#2684,
    #2685,#2686,#2687,#2688,#2689,#2690,#2691,#2692,#2693,#2694,#2695,
    #2696,#2697,#2698,#2699,#2700,#2701,#2702,#2703,#2704,#2705,#2706,
    #2707,#2708,#2709,#2710,#2711,#2712,#2713,#2714,#2715,#2716,#2717,
    #2718,#2719,#2720,#2721,#2722,#2723,#2724,#2725,#2726,#2727,#2728,
    #2729,#2730,#2731,#2732),.UNSPECIFIED.,.F.,.F.,(9,7,7,7,7,7,7,7,7,7,
    7,7,9),(0.,0.11674597938,0.24364207709,0.33384228473,0.448782170247,
    0.529178122109,0.544421855064,0.577423466662,0.615230708116,
    0.720652362511,0.813014229845,0.922326247719,1.),.UNSPECIFIED.);
#2647 = CARTESIAN_POINT('',(18.2,0.,40.278047520078));
#2648 = CARTESIAN_POINT('',(18.2,1.668517875224,40.394772894508));
#2649 = CARTESIAN_POINT('',(18.025183414924,3.33784488944,
    40.511555073629));
#2650 = CARTESIAN_POINT('',(17.67525489109,4.985363727736,
    40.628308644238));
#2651 = CARTESIAN_POINT('',(17.153777427858,6.589742781845,
    40.745041762454));
#2652 = CARTESIAN_POINT('',(16.466984804349,8.130618258963,
    40.861776556033));
#2653 = CARTESIAN_POINT('',(15.623877844652,9.588687824928,
    40.978534062259));
#2654 = CARTESIAN_POINT('',(14.63609521411,10.945713487246,
    41.095319491446));
#2655 = CARTESIAN_POINT('',(12.304803934918,13.532215274279,
    41.33891868869));
#2656 = CARTESIAN_POINT('',(10.93631985974,14.742024570198,
    41.465879637395));
#2657 = CARTESIAN_POINT('',(9.432859923009,15.792335940609,
    41.592791551205));
#2658 = CARTESIAN_POINT('',(7.816553609931,16.666208733303,
    41.719666479045));
#2659 = CARTESIAN_POINT('',(6.111221899126,17.350190276248,
    41.84654135889));
#2660 = CARTESIAN_POINT('',(4.342432567924,17.834610675348,
    41.973452448071));
#2661 = CARTESIAN_POINT('',(2.537273656319,18.113296720475,
    42.100415977028));
#2662 = CARTESIAN_POINT('',(-0.56306673129,18.236910625321,
    42.317489923123));
#2663 = CARTESIAN_POINT('',(-1.855589570754,18.184000067315,
    42.407697423442));
#2664 = CARTESIAN_POINT('',(-3.142310139187,18.02635458415,
    42.497899004993));
#2665 = CARTESIAN_POINT('',(-4.413329658616,17.764775903287,
    42.588092209447));
#2666 = CARTESIAN_POINT('',(-5.65899603598,17.401131443825,
    42.678284700806));
#2667 = CARTESIAN_POINT('',(-6.869901981983,16.938286219162,
    42.768484216371));
#2668 = CARTESIAN_POINT('',(-8.036916695766,16.380167350961,
    42.858688389386));
#2669 = CARTESIAN_POINT('',(-10.57121980476,14.905968179834,
    43.063796293205));
#2670 = CARTESIAN_POINT('',(-11.90667204207,13.933098597862,
    43.178771056438));
#2671 = CARTESIAN_POINT('',(-13.13881746401,12.823951089567,
    43.293717174449));
#2672 = CARTESIAN_POINT('',(-14.25169720047,11.591664927421,
    43.40863997852));
#2673 = CARTESIAN_POINT('',(-15.23142944196,10.251116158703,
    43.523563261062));
#2674 = CARTESIAN_POINT('',(-16.06631013385,8.818926564225,
    43.638510289048));
#2675 = CARTESIAN_POINT('',(-16.74675304063,7.313342408606,
    43.753487400619));
#2676 = CARTESIAN_POINT('',(-17.62953305392,4.664750612588,
    43.948802759004));
#2677 = CARTESIAN_POINT('',(-17.91424713529,3.548321087447,
    44.029198680457));
#2678 = CARTESIAN_POINT('',(-18.11805088666,2.412350810959,
    44.109590390052));
#2679 = CARTESIAN_POINT('',(-18.23944432329,1.26369750974,
    44.189976254919));
#2680 = CARTESIAN_POINT('',(-18.27761732466,0.109275722512,
    44.270360882687));
#2681 = CARTESIAN_POINT('',(-18.23241679928,-1.043952875648,
    44.350749696323));
#2682 = CARTESIAN_POINT('',(-18.10438266041,-2.188984317882,
    44.431142820589));
#2683 = CARTESIAN_POINT('',(-17.85512399426,-3.532989453134,
    44.526770023651));
#2684 = CARTESIAN_POINT('',(-17.81246464453,-3.746663160584,
    44.542011812709));
#2685 = CARTESIAN_POINT('',(-17.7668831817,-3.959746984267,
    44.557253675958));
#2686 = CARTESIAN_POINT('',(-17.7183890877,-4.172194626677,
    44.572495639618));
#2687 = CARTESIAN_POINT('',(-17.6669927082,-4.383959989815,
    44.587737727476));
#2688 = CARTESIAN_POINT('',(-17.61270525259,-4.59499717519,
    44.602979960885));
#2689 = CARTESIAN_POINT('',(-17.55553879399,-4.80526048382,
    44.618222358761));
#2690 = CARTESIAN_POINT('',(-17.36554006805,-5.468135825016,
    44.666464050576));
#2691 = CARTESIAN_POINT('',(-17.22213811467,-5.917731690196,
    44.699464678036));
#2692 = CARTESIAN_POINT('',(-17.06543830142,-6.363014832458,
    44.732465323346));
#2693 = CARTESIAN_POINT('',(-16.89559552602,-6.803519689357,
    44.765465033086));
#2694 = CARTESIAN_POINT('',(-16.71278169154,-7.238792315312,
    44.79846339704));
#2695 = CARTESIAN_POINT('',(-16.51718570647,-7.668390381607,
    44.831460548195));
#2696 = CARTESIAN_POINT('',(-16.30901348467,-8.091883176395,
    44.864457162739));
#2697 = CARTESIAN_POINT('',(-15.83584991027,-8.986538156468,
    44.93525675901));
#2698 = CARTESIAN_POINT('',(-15.56699907635,-9.45565754935,
    44.97305951273));
#2699 = CARTESIAN_POINT('',(-15.28227879871,-9.915561676601,
    45.010862701256));
#2700 = CARTESIAN_POINT('',(-14.98206017351,-10.36562305918,
    45.048666298418));
#2701 = CARTESIAN_POINT('',(-14.66674203795,-10.80523484576,
    45.086470271846));
#2702 = CARTESIAN_POINT('',(-14.33675097031,-11.23381081271,
    45.124274582967));
#2703 = CARTESIAN_POINT('',(-13.99254128992,-11.65078536411,
    45.162079187008));
#2704 = CARTESIAN_POINT('',(-12.63649832783,-13.1844357768,
    45.305299007877));
#2705 = CARTESIAN_POINT('',(-11.53127777987,-14.21917771593,
    45.410748848088));
#2706 = CARTESIAN_POINT('',(-10.32972922372,-15.14739137547,
    45.516179568629));
#2707 = CARTESIAN_POINT('',(-9.044003785435,-15.95882940872,
    45.621592002311));
#2708 = CARTESIAN_POINT('',(-7.687235720093,-16.644916375,
    45.727003597773));
#2709 = CARTESIAN_POINT('',(-6.2735313977,-17.19878622269,
    45.832431117024));
#2710 = CARTESIAN_POINT('',(-4.81793390476,-17.61527461353,
    45.937877963959));
#2711 = CARTESIAN_POINT('',(-2.038949863158,-18.13354337728,
    46.135645267551));
#2712 = CARTESIAN_POINT('',(-0.720894203945,-18.26803511589,
    46.22801796578));
#2713 = CARTESIAN_POINT('',(0.606706074864,-18.29291671751,
    46.320383901905));
#2714 = CARTESIAN_POINT('',(1.933200616374,-18.20754391027,
    46.412740479222));
#2715 = CARTESIAN_POINT('',(3.248048231586,-18.01247023514,
    46.50509648261));
#2716 = CARTESIAN_POINT('',(4.540825324433,-17.70936753393,
    46.597460781975));
#2717 = CARTESIAN_POINT('',(5.801251385433,-17.30110316226,
    46.689830927506));
#2718 = CARTESIAN_POINT('',(8.460734132824,-16.1894098439,
    46.891480448734));
#2719 = CARTESIAN_POINT('',(9.843662956261,-15.44519547794,
    47.000818261363));
#2720 = CARTESIAN_POINT('',(11.150922187917,-14.56625887876,
    47.110132613629));
#2721 = CARTESIAN_POINT('',(12.367378105662,-13.56185124259,
    47.21942852954));
#2722 = CARTESIAN_POINT('',(13.479370549793,-12.44289081722,
    47.328725736739));
#2723 = CARTESIAN_POINT('',(14.474770864882,-11.22197655913,
    47.438043396419));
#2724 = CARTESIAN_POINT('',(15.342975674883,-9.913329154284,
    47.547385523345));
#2725 = CARTESIAN_POINT('',(16.596035280754,-7.552754035831,
    47.734356261076));
#2726 = CARTESIAN_POINT('',(17.048245837404,-6.535792893818,
    47.812032234171));
#2727 = CARTESIAN_POINT('',(17.429099871766,-5.488139571462,
    47.889705903766));
#2728 = CARTESIAN_POINT('',(17.736215819687,-4.415660591278,
    47.967376051069));
#2729 = CARTESIAN_POINT('',(17.96779732635,-3.324375198718,
    48.045046215825));
#2730 = CARTESIAN_POINT('',(18.122607831391,-2.220443006282,
    48.122719887026));
#2731 = CARTESIAN_POINT('',(18.2,-1.110165298814,48.200395675795));
#2732 = CARTESIAN_POINT('',(18.2,0.,48.278062470423));
#2733 = ORIENTED_EDGE('',*,*,#2734,.T.);
#2734 = EDGE_CURVE('',#2644,#1021,#2735,.T.);
#2735 = LINE('',#2736,#2737);
#2736 = CARTESIAN_POINT('',(18.2,-4.457714348896E-15,26.4));
#2737 = VECTOR('',#2738,1.);
#2738 = DIRECTION('',(0.,0.,1.));
#2739 = ORIENTED_EDGE('',*,*,#1104,.F.);
#2740 = ORIENTED_EDGE('',*,*,#2627,.F.);
#2741 = CYLINDRICAL_SURFACE('',#2742,18.2);
#2742 = AXIS2_PLACEMENT_3D('',#2743,#2744,#2745);
#2743 = CARTESIAN_POINT('',(0.,0.,26.4));
#2744 = DIRECTION('',(0.,0.,1.));
#2745 = DIRECTION('',(1.,0.,-0.));
#2746 = ADVANCED_FACE('',(#2747),#2848,.T.);
#2747 = FACE_BOUND('',#2748,.T.);
#2748 = EDGE_LOOP('',(#2749,#2840,#2846,#2847));
#2749 = ORIENTED_EDGE('',*,*,#2750,.T.);
#2750 = EDGE_CURVE('',#2644,#2751,#2753,.T.);
#2751 = VERTEX_POINT('',#2752);
#2752 = CARTESIAN_POINT('',(18.2,-4.457714348896E-15,56.278043894915));
#2753 = B_SPLINE_CURVE_WITH_KNOTS('',8,(#2754,#2755,#2756,#2757,#2758,
    #2759,#2760,#2761,#2762,#2763,#2764,#2765,#2766,#2767,#2768,#2769,
    #2770,#2771,#2772,#2773,#2774,#2775,#2776,#2777,#2778,#2779,#2780,
    #2781,#2782,#2783,#2784,#2785,#2786,#2787,#2788,#2789,#2790,#2791,
    #2792,#2793,#2794,#2795,#2796,#2797,#2798,#2799,#2800,#2801,#2802,
    #2803,#2804,#2805,#2806,#2807,#2808,#2809,#2810,#2811,#2812,#2813,
    #2814,#2815,#2816,#2817,#2818,#2819,#2820,#2821,#2822,#2823,#2824,
    #2825,#2826,#2827,#2828,#2829,#2830,#2831,#2832,#2833,#2834,#2835,
    #2836,#2837,#2838,#2839),.UNSPECIFIED.,.F.,.F.,(9,7,7,7,7,7,7,7,7,7,
    7,7,9),(0.,0.117363950995,0.178035551236,0.216002810965,
    0.257842271403,0.399206097296,0.506908694997,0.615421185201,
    0.713442192804,0.858339364149,0.933238822221,0.971745759362,1.),
  .UNSPECIFIED.);
#2754 = CARTESIAN_POINT('',(18.2,0.,48.278062470423));
#2755 = CARTESIAN_POINT('',(18.2,1.67744954725,48.39541628217));
#2756 = CARTESIAN_POINT('',(18.023306779179,3.355600700144,
    48.512816297589));
#2757 = CARTESIAN_POINT('',(17.66966320197,5.011583802026,
    48.630181463252));
#2758 = CARTESIAN_POINT('',(17.142686653113,6.623783900664,
    48.747523016477));
#2759 = CARTESIAN_POINT('',(16.448713018931,8.171518572472,
    48.864867646773));
#2760 = CARTESIAN_POINT('',(15.596925609803,9.63515724055,
    48.982240881084));
#2761 = CARTESIAN_POINT('',(14.599242715242,10.996163584675,
    49.09964644441));
#2762 = CARTESIAN_POINT('',(12.888343145765,12.879537688556,
    49.27765370375));
#2763 = CARTESIAN_POINT('',(12.270324955124,13.489641144176,
    49.338318764183));
#2764 = CARTESIAN_POINT('',(11.619378102746,14.06576590584,
    49.398983632727));
#2765 = CARTESIAN_POINT('',(10.937696545751,14.60584702574,
    49.459647655901));
#2766 = CARTESIAN_POINT('',(10.227612859937,15.107999421818,
    49.52031146628));
#2767 = CARTESIAN_POINT('',(9.491593740278,15.570514136842,
    49.58097561049));
#2768 = CARTESIAN_POINT('',(8.732243365964,15.991865141257,
    49.641639159143));
#2769 = CARTESIAN_POINT('',(7.464248438055,16.607811813216,
    49.740257760766));
#2770 = CARTESIAN_POINT('',(6.968095774713,16.828270839803,
    49.778217482698));
#2771 = CARTESIAN_POINT('',(6.46452512849,17.031779293434,
    49.816177219774));
#2772 = CARTESIAN_POINT('',(5.954215372548,17.218046378364,
    49.854136830881));
#2773 = CARTESIAN_POINT('',(5.437855764686,17.386814969257,
    49.892096278532));
#2774 = CARTESIAN_POINT('',(4.916145947349,17.53786161118,
    49.930055628863));
#2775 = CARTESIAN_POINT('',(4.389795947618,17.670996519613,
    49.968015051634));
#2776 = CARTESIAN_POINT('',(3.275175311804,17.912866088005,
    50.047806025527));
#2777 = CARTESIAN_POINT('',(2.68606560511,18.017727562897,50.08963713963
    ));
#2778 = CARTESIAN_POINT('',(2.093158200079,18.100438873996,
    50.131468789407));
#2779 = CARTESIAN_POINT('',(1.497421490369,18.160842270834,
    50.173301208625));
#2780 = CARTESIAN_POINT('',(0.899831120348,18.198831383596,
    50.215134237957));
#2781 = CARTESIAN_POINT('',(0.301369985096,18.214351223121,
    50.256967324976));
#2782 = CARTESIAN_POINT('',(-0.296971769593,18.207398180898,
    50.298799524155));
#2783 = CARTESIAN_POINT('',(-2.91205278243,18.078759477032,
    50.48196126641));
#2784 = CARTESIAN_POINT('',(-4.919464275186,17.723400683046,
    50.623434802862));
#2785 = CARTESIAN_POINT('',(-6.875083165394,17.113030955116,
    50.76485021848));
#2786 = CARTESIAN_POINT('',(-8.741692178338,16.25765173754,
    50.906203505061));
#2787 = CARTESIAN_POINT('',(-10.4845897643,15.172208213396,
    51.047548472678));
#2788 = CARTESIAN_POINT('',(-12.0721672642,13.877408354856,
    51.188943826551));
#2789 = CARTESIAN_POINT('',(-13.47557391257,12.398812325654,
    51.330425134369));
#2790 = CARTESIAN_POINT('',(-15.58200774107,9.52944290681,
    51.579445119743));
#2791 = CARTESIAN_POINT('',(-16.37329656874,8.200147726642,
    51.687169462386));
#2792 = CARTESIAN_POINT('',(-17.03440535008,6.796445808404,
    51.794876123131));
#2793 = CARTESIAN_POINT('',(-17.5574468071,5.333367451452,
    51.902566888246));
#2794 = CARTESIAN_POINT('',(-17.93654820353,3.826577542731,
    52.010256240969));
#2795 = CARTESIAN_POINT('',(-18.16788899783,2.292357272102,
    52.11795929006));
#2796 = CARTESIAN_POINT('',(-18.2496694188,0.747560944967,
    52.225679518117));
#2797 = CARTESIAN_POINT('',(-18.11550026512,-2.339593555489,
    52.441849990713));
#2798 = CARTESIAN_POINT('',(-17.89725862366,-3.882964341644,
    52.550377886429));
#2799 = CARTESIAN_POINT('',(-17.52870063645,-5.402327970648,
    52.658883476545));
#2800 = CARTESIAN_POINT('',(-17.01318411595,-6.880665818386,
    52.767371521833));
#2801 = CARTESIAN_POINT('',(-16.35608606108,-8.301741501006,
    52.875861096151));
#2802 = CARTESIAN_POINT('',(-15.56482925157,-9.650146615949,
    52.984370591198));
#2803 = CARTESIAN_POINT('',(-14.6488302638,-10.9113153503,
    53.092903655543));
#2804 = CARTESIAN_POINT('',(-12.69100074772,-13.12024977264,
    53.299404915042));
#2805 = CARTESIAN_POINT('',(-11.66936738167,-14.08712564414,
    53.397435983811));
#2806 = CARTESIAN_POINT('',(-10.56394172275,-14.96260476324,
    53.495456226792));
#2807 = CARTESIAN_POINT('',(-9.384380971663,-15.73833582319,
    53.593465807482));
#2808 = CARTESIAN_POINT('',(-8.141134607978,-16.40726556518,
    53.691474365178));
#2809 = CARTESIAN_POINT('',(-6.845376676226,-16.96355145599,
    53.789491773003));
#2810 = CARTESIAN_POINT('',(-5.509051338975,-17.40266575378,
    53.887518720075));
#2811 = CARTESIAN_POINT('',(-2.128626637792,-18.1933267265,
    54.130386296822));
#2812 = CARTESIAN_POINT('',(-4.85674526212E-02,-18.40329746489,
    54.275418167889));
#2813 = CARTESIAN_POINT('',(2.051892493766,-18.34037635091,
    54.420349550013));
#2814 = CARTESIAN_POINT('',(4.131211660587,-18.00417736068,
    54.565222477025));
#2815 = CARTESIAN_POINT('',(6.149083442201,-17.40023584329,
    54.71010314316));
#2816 = CARTESIAN_POINT('',(8.066826387671,-16.54115374689,
    54.855047163767));
#2817 = CARTESIAN_POINT('',(9.84724900215,-15.44538543559,
    55.000086875274));
#2818 = CARTESIAN_POINT('',(12.288073591774,-13.46807592418,
    55.21984378339));
#2819 = CARTESIAN_POINT('',(13.074615946161,-12.73830047245,
    55.294736126984));
#2820 = CARTESIAN_POINT('',(13.811435860189,-11.95617672439,
    55.369625155599));
#2821 = CARTESIAN_POINT('',(14.494491785877,-11.12569761298,
    55.444509702334));
#2822 = CARTESIAN_POINT('',(15.120159508394,-10.2511768074,
    55.519394044974));
#2823 = CARTESIAN_POINT('',(15.685214935487,-9.337229494062,
    55.59428337724));
#2824 = CARTESIAN_POINT('',(16.186852894287,-8.388780990698,
    55.669177875906));
#2825 = CARTESIAN_POINT('',(16.846839043021,-6.908464343523,
    55.782566146875));
#2826 = CARTESIAN_POINT('',(17.053567333914,-6.39807789364,
    55.82106574667));
#2827 = CARTESIAN_POINT('',(17.242612791994,-5.880648745816,
    55.859564635056));
#2828 = CARTESIAN_POINT('',(17.413696908753,-5.356892722939,
    55.898063210752));
#2829 = CARTESIAN_POINT('',(17.566576683348,-4.827536568911,
    55.93656179931));
#2830 = CARTESIAN_POINT('',(17.701044622601,-4.293317948652,
    55.975060653122));
#2831 = CARTESIAN_POINT('',(17.816928740999,-3.754985448092,
    56.013559951413));
#2832 = CARTESIAN_POINT('',(17.985385946952,-2.815838988377,
    56.080308839878));
#2833 = CARTESIAN_POINT('',(18.046596614433,-2.416608817356,
    56.108555495097));
#2834 = CARTESIAN_POINT('',(18.09767493347,-2.015878530309,
    56.136801750979));
#2835 = CARTESIAN_POINT('',(18.138580642055,-1.613930142478,
    56.16504884084));
#2836 = CARTESIAN_POINT('',(18.169282845846,-1.211057215159,
    56.193297246242));
#2837 = CARTESIAN_POINT('',(18.189760018166,-0.807564855698,
    56.221546696985));
#2838 = CARTESIAN_POINT('',(18.2,-0.403769717495,56.249796171114));
#2839 = CARTESIAN_POINT('',(18.2,-1.06581410364E-14,56.278043894915));
#2840 = ORIENTED_EDGE('',*,*,#2841,.T.);
#2841 = EDGE_CURVE('',#2751,#916,#2842,.T.);
#2842 = LINE('',#2843,#2844);
#2843 = CARTESIAN_POINT('',(18.2,-4.457714348896E-15,26.4));
#2844 = VECTOR('',#2845,1.);
#2845 = DIRECTION('',(0.,0.,1.));
#2846 = ORIENTED_EDGE('',*,*,#1020,.F.);
#2847 = ORIENTED_EDGE('',*,*,#2734,.F.);
#2848 = CYLINDRICAL_SURFACE('',#2849,18.2);
#2849 = AXIS2_PLACEMENT_3D('',#2850,#2851,#2852);
#2850 = CARTESIAN_POINT('',(0.,0.,26.4));
#2851 = DIRECTION('',(0.,0.,1.));
#2852 = DIRECTION('',(1.,0.,-0.));
#2853 = ADVANCED_FACE('',(#2854),#2941,.T.);
#2854 = FACE_BOUND('',#2855,.T.);
#2855 = EDGE_LOOP('',(#2856,#2933,#2939,#2940));
#2856 = ORIENTED_EDGE('',*,*,#2857,.T.);
#2857 = EDGE_CURVE('',#2751,#2858,#2860,.T.);
#2858 = VERTEX_POINT('',#2859);
#2859 = CARTESIAN_POINT('',(18.2,-4.457714348896E-15,64.278039460688));
#2860 = B_SPLINE_CURVE_WITH_KNOTS('',8,(#2861,#2862,#2863,#2864,#2865,
    #2866,#2867,#2868,#2869,#2870,#2871,#2872,#2873,#2874,#2875,#2876,
    #2877,#2878,#2879,#2880,#2881,#2882,#2883,#2884,#2885,#2886,#2887,
    #2888,#2889,#2890,#2891,#2892,#2893,#2894,#2895,#2896,#2897,#2898,
    #2899,#2900,#2901,#2902,#2903,#2904,#2905,#2906,#2907,#2908,#2909,
    #2910,#2911,#2912,#2913,#2914,#2915,#2916,#2917,#2918,#2919,#2920,
    #2921,#2922,#2923,#2924,#2925,#2926,#2927,#2928,#2929,#2930,#2931,
    #2932),.UNSPECIFIED.,.F.,.F.,(9,7,7,7,7,7,7,7,7,7,9),(0.,
    7.866454549414E-02,0.175848573552,0.28328022753,0.391500325036,
    0.534801174804,0.594069052356,0.633093203389,0.717718936154,
    0.866819025449,1.),.UNSPECIFIED.);
#2861 = CARTESIAN_POINT('',(18.2,-1.06581410364E-14,56.278043894915));
#2862 = CARTESIAN_POINT('',(18.2,1.124135788749,56.356688419008));
#2863 = CARTESIAN_POINT('',(18.120647817122,2.24834969549,
    56.435338395204));
#2864 = CARTESIAN_POINT('',(17.961925137722,3.365961752245,
    56.513983250664));
#2865 = CARTESIAN_POINT('',(17.724512727556,4.47044867992,
    56.592622901047));
#2866 = CARTESIAN_POINT('',(17.409704750841,5.55542823017,
    56.671262573524));
#2867 = CARTESIAN_POINT('',(17.019382433036,6.614658356631,
    56.749907377889));
#2868 = CARTESIAN_POINT('',(16.55604706736,7.642051215532,
    56.828556625776));
#2869 = CARTESIAN_POINT('',(15.364265225548,9.85433982549,
    57.004353173645));
#2870 = CARTESIAN_POINT('',(14.598823803458,11.019857711943,
    57.101534657981));
#2871 = CARTESIAN_POINT('',(13.732581248361,12.116909279033,
    57.198707117881));
#2872 = CARTESIAN_POINT('',(12.772826191344,13.135395758076,
    57.295870605775));
#2873 = CARTESIAN_POINT('',(11.727882673788,14.066272595579,
    57.393034262429));
#2874 = CARTESIAN_POINT('',(10.60702168461,14.901478703452,
    57.490207431697));
#2875 = CARTESIAN_POINT('',(9.420526649074,15.634016088554,
    57.587390591094));
#2876 = CARTESIAN_POINT('',(6.808444677699,16.948217342429,
    57.791951495502));
#2877 = CARTESIAN_POINT('',(5.369961939182,17.506269914653,
    57.899392366544));
#2878 = CARTESIAN_POINT('',(3.87998240478,17.924333103777,
    58.006812364018));
#2879 = CARTESIAN_POINT('',(2.354509619313,18.197159576394,
    58.114214375597));
#2880 = CARTESIAN_POINT('',(0.809836840154,18.321574475376,
    58.221616233464));
#2881 = CARTESIAN_POINT('',(-0.737476941732,18.296507369096,
    58.329036100269));
#2882 = CARTESIAN_POINT('',(-2.270641110487,18.122949847524,
    58.436478584426));
#2883 = CARTESIAN_POINT('',(-5.285557108541,17.484128036408,
    58.652080200857));
#2884 = CARTESIAN_POINT('',(-6.767966742137,17.016495485887,
    58.760318679833));
#2885 = CARTESIAN_POINT('',(-8.202281040784,16.405321378004,
    58.86854033605));
#2886 = CARTESIAN_POINT('',(-9.572382824121,15.656661013323,
    58.976746834943));
#2887 = CARTESIAN_POINT('',(-10.86325821191,14.77841642267,
    59.084953208841));
#2888 = CARTESIAN_POINT('',(-12.06103710997,13.780349687364,
    59.193174617367));
#2889 = CARTESIAN_POINT('',(-13.15298879529,12.674022585158,
    59.301414428586));
#2890 = CARTESIAN_POINT('',(-15.41902243533,9.883714951546,
    59.552881111506));
#2891 = CARTESIAN_POINT('',(-16.50707152976,8.126164881672,
    59.696306737887));
#2892 = CARTESIAN_POINT('',(-17.3641425957,6.233639659657,
    59.839638505985));
#2893 = CARTESIAN_POINT('',(-17.97218976142,4.242065452145,
    59.982912470746));
#2894 = CARTESIAN_POINT('',(-18.31885520457,2.1888094195,60.126192912149
    ));
#2895 = CARTESIAN_POINT('',(-18.39851746058,0.112811775286,
    60.269535791992));
#2896 = CARTESIAN_POINT('',(-18.21120600921,-1.945797446296,
    60.412973029846));
#2897 = CARTESIAN_POINT('',(-17.58368405202,-4.771948745131,
    60.615504005611));
#2898 = CARTESIAN_POINT('',(-17.35609972844,-5.589076302702,
    60.674761370209));
#2899 = CARTESIAN_POINT('',(-17.08514109053,-6.393699110385,
    60.734017539405));
#2900 = CARTESIAN_POINT('',(-16.77161989669,-7.18314130599,
    60.793272807445));
#2901 = CARTESIAN_POINT('',(-16.41653823428,-7.954799135195,
    60.852528513486));
#2902 = CARTESIAN_POINT('',(-16.02108607375,-8.706141073328,
    60.911785803936));
#2903 = CARTESIAN_POINT('',(-15.58664916051,-9.434712604389,
    60.971044134339));
#2904 = CARTESIAN_POINT('',(-14.80416233674,-10.60131185855,
    61.069315430646));
#2905 = CARTESIAN_POINT('',(-14.47727316617,-11.05360405655,
    61.108332179525));
#2906 = CARTESIAN_POINT('',(-14.13460257893,-11.49436045139,
    61.147349695672));
#2907 = CARTESIAN_POINT('',(-13.77662572504,-11.92294085303,
    61.186368457052));
#2908 = CARTESIAN_POINT('',(-13.40384983487,-12.33872677918,
    61.225388341462));
#2909 = CARTESIAN_POINT('',(-13.0168148162,-12.74112212733,
    61.264408245092));
#2910 = CARTESIAN_POINT('',(-12.61609467208,-13.12955442081,
    61.303426459558));
#2911 = CARTESIAN_POINT('',(-11.30496569227,-14.31434477135,
    61.427048450015));
#2912 = CARTESIAN_POINT('',(-10.34594384058,-15.05716026645,
    61.511662108686));
#2913 = CARTESIAN_POINT('',(-9.331418323452,-15.72628637168,
    61.596274965916));
#2914 = CARTESIAN_POINT('',(-8.268039018195,-16.3169524808,
    61.680885578866));
#2915 = CARTESIAN_POINT('',(-7.162851115823,-16.8251347598,
    61.765497641676));
#2916 = CARTESIAN_POINT('',(-6.023267992312,-17.24752159532,
    61.85011577834));
#2917 = CARTESIAN_POINT('',(-4.857087375778,-17.58156385545,
    61.934738366132));
#2918 = CARTESIAN_POINT('',(-1.58554367793,-18.25558906305,
    62.168418039111));
#2919 = CARTESIAN_POINT('',(0.561691246548,-18.40687044291,
    62.317677710981));
#2920 = CARTESIAN_POINT('',(2.721490376477,-18.26833303573,
    62.466821557248));
#2921 = CARTESIAN_POINT('',(4.848594656463,-17.84115339087,
    62.61590517664));
#2922 = CARTESIAN_POINT('',(6.899333327364,-17.13294576195,
    62.764996691295));
#2923 = CARTESIAN_POINT('',(8.83219104517,-16.15924354013,
    62.914153366578));
#2924 = CARTESIAN_POINT('',(10.607522331969,-14.94191734082,
    63.063421474926));
#2925 = CARTESIAN_POINT('',(13.603156645643,-12.23996599263,
    63.34564199667));
#2926 = CARTESIAN_POINT('',(14.86532400952,-10.79519369642,
    63.478902075888));
#2927 = CARTESIAN_POINT('',(15.950519210081,-9.20281002515,
    63.612101874523));
#2928 = CARTESIAN_POINT('',(16.839421859186,-7.488644196935,
    63.745258253514));
#2929 = CARTESIAN_POINT('',(17.516896850497,-5.68050859527,
    63.878414476111));
#2930 = CARTESIAN_POINT('',(17.972502202676,-3.808250780111,
    64.011612896853));
#2931 = CARTESIAN_POINT('',(18.2,-1.903389763742,64.144876256152));
#2932 = CARTESIAN_POINT('',(18.2,1.7763568394E-14,64.278039460688));
#2933 = ORIENTED_EDGE('',*,*,#2934,.T.);
#2934 = EDGE_CURVE('',#2858,#874,#2935,.T.);
#2935 = LINE('',#2936,#2937);
#2936 = CARTESIAN_POINT('',(18.2,-4.457714348896E-15,26.4));
#2937 = VECTOR('',#2938,1.);
#2938 = DIRECTION('',(0.,0.,1.));
#2939 = ORIENTED_EDGE('',*,*,#915,.F.);
#2940 = ORIENTED_EDGE('',*,*,#2841,.F.);
#2941 = CYLINDRICAL_SURFACE('',#2942,18.2);
#2942 = AXIS2_PLACEMENT_3D('',#2943,#2944,#2945);
#2943 = CARTESIAN_POINT('',(0.,0.,26.4));
#2944 = DIRECTION('',(0.,0.,1.));
#2945 = DIRECTION('',(1.,0.,-0.));
#2946 = ADVANCED_FACE('',(#2947),#3108,.T.);
#2947 = FACE_BOUND('',#2948,.T.);
#2948 = EDGE_LOOP('',(#2949,#2959,#2966,#2967,#2975,#2983,#3025,#3031,
    #3032,#3033));
#2949 = ORIENTED_EDGE('',*,*,#2950,.T.);
#2950 = EDGE_CURVE('',#2951,#2953,#2955,.T.);
#2951 = VERTEX_POINT('',#2952);
#2952 = CARTESIAN_POINT('',(18.2,-3.153378965467E-12,72.278050880955));
#2953 = VERTEX_POINT('',#2954);
#2954 = CARTESIAN_POINT('',(18.2,-4.457714348896E-15,72.4));
#2955 = LINE('',#2956,#2957);
#2956 = CARTESIAN_POINT('',(18.2,-4.457714348896E-15,26.4));
#2957 = VECTOR('',#2958,1.);
#2958 = DIRECTION('',(0.,0.,1.));
#2959 = ORIENTED_EDGE('',*,*,#2960,.F.);
#2960 = EDGE_CURVE('',#2953,#2953,#2961,.T.);
#2961 = CIRCLE('',#2962,18.2);
#2962 = AXIS2_PLACEMENT_3D('',#2963,#2964,#2965);
#2963 = CARTESIAN_POINT('',(0.,0.,72.4));
#2964 = DIRECTION('',(0.,0.,1.));
#2965 = DIRECTION('',(1.,0.,-0.));
#2966 = ORIENTED_EDGE('',*,*,#2950,.F.);
#2967 = ORIENTED_EDGE('',*,*,#2968,.F.);
#2968 = EDGE_CURVE('',#2969,#2951,#2971,.T.);
#2969 = VERTEX_POINT('',#2970);
#2970 = CARTESIAN_POINT('',(18.2,-4.427716921563E-12,69.521953319959));
#2971 = LINE('',#2972,#2973);
#2972 = CARTESIAN_POINT('',(18.2,-4.457714348896E-15,26.4));
#2973 = VECTOR('',#2974,1.);
#2974 = DIRECTION('',(0.,0.,1.));
#2975 = ORIENTED_EDGE('',*,*,#2976,.F.);
#2976 = EDGE_CURVE('',#2977,#2969,#2979,.T.);
#2977 = VERTEX_POINT('',#2978);
#2978 = CARTESIAN_POINT('',(18.2,-4.457714348896E-15,68.278053258581));
#2979 = LINE('',#2980,#2981);
#2980 = CARTESIAN_POINT('',(18.2,-4.457714348896E-15,26.4));
#2981 = VECTOR('',#2982,1.);
#2982 = DIRECTION('',(0.,0.,1.));
#2983 = ORIENTED_EDGE('',*,*,#2984,.T.);
#2984 = EDGE_CURVE('',#2977,#2985,#2987,.T.);
#2985 = VERTEX_POINT('',#2986);
#2986 = CARTESIAN_POINT('',(-18.2,6.300071362019E-12,72.278050880955));
#2987 = B_SPLINE_CURVE_WITH_KNOTS('',8,(#2988,#2989,#2990,#2991,#2992,
    #2993,#2994,#2995,#2996,#2997,#2998,#2999,#3000,#3001,#3002,#3003,
    #3004,#3005,#3006,#3007,#3008,#3009,#3010,#3011,#3012,#3013,#3014,
    #3015,#3016,#3017,#3018,#3019,#3020,#3021,#3022,#3023,#3024),
  .UNSPECIFIED.,.F.,.F.,(9,7,7,7,7,9),(0.,0.123581356749,0.352751817231,
    0.539777820614,0.839128821428,1.),.UNSPECIFIED.);
#2988 = CARTESIAN_POINT('',(18.2,-1.913366394588E-14,68.278053258581));
#2989 = CARTESIAN_POINT('',(18.2,0.883099494139,68.339835170919));
#2990 = CARTESIAN_POINT('',(18.151028889006,1.766233497596,
    68.40161957712));
#2991 = CARTESIAN_POINT('',(18.0530800887,2.646187161698,68.46340313571)
  );
#2992 = CARTESIAN_POINT('',(17.906406924182,3.5197897243,68.525185324465
    ));
#2993 = CARTESIAN_POINT('',(17.711502665449,4.383912300197,
    68.586967003588));
#2994 = CARTESIAN_POINT('',(17.469094767401,5.23546852998,
    68.648748895283));
#2995 = CARTESIAN_POINT('',(17.180153308387,6.071418087329,
    68.710529979705));
#2996 = CARTESIAN_POINT('',(16.226096337328,8.404483965038,
    68.886863498121));
#2997 = CARTESIAN_POINT('',(15.450130575907,9.857169115542,
    69.001472387031));
#2998 = CARTESIAN_POINT('',(14.525848208624,11.22695045962,
    69.116051797059));
#2999 = CARTESIAN_POINT('',(13.463940721558,12.49639170727,
    69.230608152633));
#3000 = CARTESIAN_POINT('',(12.277070476343,13.649837836816,
    69.345165577437));
#3001 = CARTESIAN_POINT('',(10.979909848328,14.673504986879,
    69.459747506129));
#3002 = CARTESIAN_POINT('',(9.589037819192,15.555447027946,
    69.574360246694));
#3003 = CARTESIAN_POINT('',(6.927772908301,16.882889123903,
    69.78241933939));
#3004 = CARTESIAN_POINT('',(5.681582055231,17.379162820032,
    69.875935201899));
#3005 = CARTESIAN_POINT('',(4.395245430264,17.770049962985,
    69.969442741393));
#3006 = CARTESIAN_POINT('',(3.079217461785,18.051888313518,
    70.062941678103));
#3007 = CARTESIAN_POINT('',(1.744175621096,18.222258668165,
    70.156439703707));
#3008 = CARTESIAN_POINT('',(0.400995599003,18.279903707192,
    70.249944760808));
#3009 = CARTESIAN_POINT('',(-0.939245215683,18.224812822723,
    70.343457217605));
#3010 = CARTESIAN_POINT('',(-4.387660461458,17.792242641993,
    70.58659062274));
#3011 = CARTESIAN_POINT('',(-6.477122843176,17.240573526621,
    70.736426064369));
#3012 = CARTESIAN_POINT('',(-8.484285540219,16.408328746775,
    70.886141528913));
#3013 = CARTESIAN_POINT('',(-10.36619779001,15.311456769234,
    71.035790151311));
#3014 = CARTESIAN_POINT('',(-12.08355223731,13.971539923294,
    71.185447681156));
#3015 = CARTESIAN_POINT('',(-13.60171931393,12.417064910022,
    71.33517778067));
#3016 = CARTESIAN_POINT('',(-14.8899573183,10.681978206704,
    71.485021785608));
#3017 = CARTESIAN_POINT('',(-16.48188488385,7.804413170704,
    71.715085120604));
#3018 = CARTESIAN_POINT('',(-16.96581945997,6.758243625201,
    71.795514552828));
#3019 = CARTESIAN_POINT('',(-17.37370069776,5.678054756948,
    71.87593938808));
#3020 = CARTESIAN_POINT('',(-17.70279077533,4.57034617177,
    71.956357252351));
#3021 = CARTESIAN_POINT('',(-17.95103436429,3.441787190997,
    72.036774141326));
#3022 = CARTESIAN_POINT('',(-18.1170185205,2.299199098741,
    72.117197838237));
#3023 = CARTESIAN_POINT('',(-18.2,1.149555387202,72.197629138472));
#3024 = CARTESIAN_POINT('',(-18.2,6.342439824191E-12,72.278050880955));
#3025 = ORIENTED_EDGE('',*,*,#3026,.F.);
#3026 = EDGE_CURVE('',#867,#2985,#3027,.T.);
#3027 = LINE('',#3028,#3029);
#3028 = CARTESIAN_POINT('',(-18.2,4.866485507248E-11,26.4));
#3029 = VECTOR('',#3030,1.);
#3030 = DIRECTION('',(0.,0.,1.));
#3031 = ORIENTED_EDGE('',*,*,#873,.F.);
#3032 = ORIENTED_EDGE('',*,*,#2934,.F.);
#3033 = ORIENTED_EDGE('',*,*,#3034,.T.);
#3034 = EDGE_CURVE('',#2858,#2951,#3035,.T.);
#3035 = B_SPLINE_CURVE_WITH_KNOTS('',8,(#3036,#3037,#3038,#3039,#3040,
    #3041,#3042,#3043,#3044,#3045,#3046,#3047,#3048,#3049,#3050,#3051,
    #3052,#3053,#3054,#3055,#3056,#3057,#3058,#3059,#3060,#3061,#3062,
    #3063,#3064,#3065,#3066,#3067,#3068,#3069,#3070,#3071,#3072,#3073,
    #3074,#3075,#3076,#3077,#3078,#3079,#3080,#3081,#3082,#3083,#3084,
    #3085,#3086,#3087,#3088,#3089,#3090,#3091,#3092,#3093,#3094,#3095,
    #3096,#3097,#3098,#3099,#3100,#3101,#3102,#3103,#3104,#3105,#3106,
    #3107),.UNSPECIFIED.,.F.,.F.,(9,7,7,7,7,7,7,7,7,7,9),(0.,
    9.361128484107E-02,0.234032930415,0.304341263953,0.357249525178,
    0.472732371629,0.562012432168,0.67774405952,0.778011643809,
    0.919801725655,1.),.UNSPECIFIED.);
#3036 = CARTESIAN_POINT('',(18.2,1.7763568394E-14,64.278039460688));
#3037 = CARTESIAN_POINT('',(18.2,1.337911264855,64.371641178427));
#3038 = CARTESIAN_POINT('',(18.087597003677,2.676102190475,
    64.46526375353));
#3039 = CARTESIAN_POINT('',(17.86271310981,4.003143194931,
    64.558877637973));
#3040 = CARTESIAN_POINT('',(17.526744029623,5.308003985785,
    64.652482258067));
#3041 = CARTESIAN_POINT('',(17.082303450558,6.580012831372,
    64.746085315203));
#3042 = CARTESIAN_POINT('',(16.533138309654,7.808841775151,
    64.839694959281));
#3043 = CARTESIAN_POINT('',(15.88420682465,8.984541505445,64.93331181863
    ));
#3044 = CARTESIAN_POINT('',(14.028430176322,11.767367828467,
    65.167306665204));
#3045 = CARTESIAN_POINT('',(12.703391702936,13.298456874387,
    65.307844285955));
#3046 = CARTESIAN_POINT('',(11.188484086553,14.656787338806,
    65.448298031837));
#3047 = CARTESIAN_POINT('',(9.510779343938,15.816010504937,
    65.588702091913));
#3048 = CARTESIAN_POINT('',(7.700270723164,16.754385801255,
    65.729113922188));
#3049 = CARTESIAN_POINT('',(5.790219732268,17.455613785313,
    65.869581601883));
#3050 = CARTESIAN_POINT('',(3.816602545676,17.90813449133,66.01012887315
    ));
#3051 = CARTESIAN_POINT('',(0.819918250694,18.209268708773,
    66.220828686619));
#3052 = CARTESIAN_POINT('',(-0.186340616268,18.246661808654,
    66.29113326703));
#3053 = CARTESIAN_POINT('',(-1.194273038608,18.220476553412,
    66.361435717651));
#3054 = CARTESIAN_POINT('',(-2.199171381724,18.130674352952,
    66.431734501896));
#3055 = CARTESIAN_POINT('',(-3.196384065837,17.977626078399,
    66.502032482746));
#3056 = CARTESIAN_POINT('',(-4.181316443534,17.762090822246,
    66.572333584866));
#3057 = CARTESIAN_POINT('',(-5.149434978031,17.485225854306,
    66.642638623844));
#3058 = CARTESIAN_POINT('',(-6.808788331815,16.895331780015,
    66.765843555936));
#3059 = CARTESIAN_POINT('',(-7.509238416921,16.608214853476,
    66.818744789575));
#3060 = CARTESIAN_POINT('',(-8.195773913367,16.28794175862,
    66.871639525116));
#3061 = CARTESIAN_POINT('',(-8.866588468922,15.935295208346,
    66.924532807351));
#3062 = CARTESIAN_POINT('',(-9.519918898019,15.551176417963,
    66.977434431362));
#3063 = CARTESIAN_POINT('',(-10.15405440698,15.136604838805,
    67.03033439116));
#3064 = CARTESIAN_POINT('',(-10.76733341099,14.692729019421,
    67.083237502484));
#3065 = CARTESIAN_POINT('',(-12.64775137956,13.190842535575,
    67.251599396665));
#3066 = CARTESIAN_POINT('',(-13.83121339365,12.026703913341,
    67.367120374302));
#3067 = CARTESIAN_POINT('',(-14.89126778215,10.741856707816,
    67.482612822408));
#3068 = CARTESIAN_POINT('',(-15.81389648756,9.351856460617,
    67.598077382741));
#3069 = CARTESIAN_POINT('',(-16.58741407867,7.873684937574,
    67.713539848044));
#3070 = CARTESIAN_POINT('',(-17.2025775771,6.325763768192,
    67.829025096643));
#3071 = CARTESIAN_POINT('',(-17.65251632542,4.727857055678,
    67.944540861555));
#3072 = CARTESIAN_POINT('',(-18.1512201563,1.844257564833,
    68.149269962823));
#3073 = CARTESIAN_POINT('',(-18.26796109466,0.569323950304,
    68.23855102388));
#3074 = CARTESIAN_POINT('',(-18.28225990276,-0.713522582705,
    68.327826792406));
#3075 = CARTESIAN_POINT('',(-18.19361546491,-1.994662728376,
    68.417094727424));
#3076 = CARTESIAN_POINT('',(-18.00257414058,-3.264574939624,
    68.506361843046));
#3077 = CARTESIAN_POINT('',(-17.71066591742,-4.513843570079,
    68.595635359546));
#3078 = CARTESIAN_POINT('',(-17.32046796355,-5.733181064592,
    68.684912942342));
#3079 = CARTESIAN_POINT('',(-16.20752624929,-8.443437262532,
    68.889877616328));
#3080 = CARTESIAN_POINT('',(-15.42005199901,-9.908899706006,
    69.005636257235));
#3081 = CARTESIAN_POINT('',(-14.48147375476,-11.28936087625,
    69.12136395177));
#3082 = CARTESIAN_POINT('',(-13.40287057891,-12.56689066366,
    69.237067724099));
#3083 = CARTESIAN_POINT('',(-12.19735904188,-13.72541579358,
    69.352772722805));
#3084 = CARTESIAN_POINT('',(-10.88013845328,-14.7508220377,
    69.468503355562));
#3085 = CARTESIAN_POINT('',(-9.468375647215,-15.63091264509,
    69.584266386892));
#3086 = CARTESIAN_POINT('',(-6.694179452073,-16.98473780388,
    69.800227863227));
#3087 = CARTESIAN_POINT('',(-5.34948037926,-17.49748588017,
    69.900507659497));
#3088 = CARTESIAN_POINT('',(-3.96051758763,-17.88822186834,
    70.000775095901));
#3089 = CARTESIAN_POINT('',(-2.540286555449,-18.15269293653,
    70.101030145858));
#3090 = CARTESIAN_POINT('',(-1.102022224755,-18.28823688678,
    70.20128319082));
#3091 = CARTESIAN_POINT('',(0.340820176992,-18.29378690388,
    70.301545153388));
#3092 = CARTESIAN_POINT('',(1.774586288888,-18.16986923812,
    70.401817734603));
#3093 = CARTESIAN_POINT('',(5.18046478416,-17.5644194981,70.643817464138
    ));
#3094 = CARTESIAN_POINT('',(7.132516020721,-16.95553126319,
    70.785720008841));
#3095 = CARTESIAN_POINT('',(9.000346715921,-16.09877069965,
    70.927534444932));
#3096 = CARTESIAN_POINT('',(10.747967735981,-15.00891068208,
    71.069296743247));
#3097 = CARTESIAN_POINT('',(12.342574286432,-13.70538007781,
    71.211067181273));
#3098 = CARTESIAN_POINT('',(13.755211349259,-12.21298266614,
    71.352895729246));
#3099 = CARTESIAN_POINT('',(14.960310547701,-10.56102254471,
    71.494808585089));
#3100 = CARTESIAN_POINT('',(16.491894704081,-7.782738579389,
    71.716751001905));
#3101 = CARTESIAN_POINT('',(16.97304695936,-6.739068981433,
    71.796941878888));
#3102 = CARTESIAN_POINT('',(17.378556973743,-5.6616783367,
    71.877128128241));
#3103 = CARTESIAN_POINT('',(17.705721225461,-4.55700326965,
    71.957307975657));
#3104 = CARTESIAN_POINT('',(17.952505797229,-3.43165267591,
    72.037487486056));
#3105 = CARTESIAN_POINT('',(18.11751059281,-2.29239153307,
    72.117674104826));
#3106 = CARTESIAN_POINT('',(18.2,-1.146141742188,72.197867953655));
#3107 = CARTESIAN_POINT('',(18.2,-6.281197784119E-12,72.278050880955));
#3108 = CYLINDRICAL_SURFACE('',#3109,18.2);
#3109 = AXIS2_PLACEMENT_3D('',#3110,#3111,#3112);
#3110 = CARTESIAN_POINT('',(0.,0.,26.4));
#3111 = DIRECTION('',(0.,0.,1.));
#3112 = DIRECTION('',(1.,0.,-0.));
#3113 = ADVANCED_FACE('',(#3114),#3139,.F.);
#3114 = FACE_BOUND('',#3115,.F.);
#3115 = EDGE_LOOP('',(#3116,#3117,#3118,#3127,#3134));
#3116 = ORIENTED_EDGE('',*,*,#3026,.F.);
#3117 = ORIENTED_EDGE('',*,*,#866,.T.);
#3118 = ORIENTED_EDGE('',*,*,#3119,.F.);
#3119 = EDGE_CURVE('',#3120,#856,#3122,.T.);
#3120 = VERTEX_POINT('',#3121);
#3121 = CARTESIAN_POINT('',(-20.00000110085,-3.934637229294E-07,
    71.252308966759));
#3122 = HYPERBOLA('',#3123,4.605826538267E-06,3.978454817107E-06);
#3123 = AXIS2_PLACEMENT_3D('',#3124,#3125,#3126);
#3124 = CARTESIAN_POINT('',(-8.69669716326E-13,3.978454817107E-06,
    48.098461538462));
#3125 = DIRECTION('',(-2.185948455633E-07,1.,9.234294850261E-13));
#3126 = DIRECTION('',(2.018569256678E-19,-9.23429485026E-13,1.));
#3127 = ORIENTED_EDGE('',*,*,#3128,.T.);
#3128 = EDGE_CURVE('',#3120,#3129,#3131,.T.);
#3129 = VERTEX_POINT('',#3130);
#3130 = CARTESIAN_POINT('',(-20.00000156232,-3.934639458757E-07,
    71.399994375606));
#3131 = B_SPLINE_CURVE_WITH_KNOTS('',1,(#3132,#3133),.UNSPECIFIED.,.F.,
  .F.,(2,2),(0.,1.),.PIECEWISE_BEZIER_KNOTS.);
#3132 = CARTESIAN_POINT('',(-19.99999843766,-3.9346235426E-07,
    70.399994375611));
#3133 = CARTESIAN_POINT('',(-20.00000156232,-3.934639600866E-07,
    71.399994375606));
#3134 = ORIENTED_EDGE('',*,*,#3135,.T.);
#3135 = EDGE_CURVE('',#3129,#2985,#3136,.T.);
#3136 = B_SPLINE_CURVE_WITH_KNOTS('',1,(#3137,#3138),.UNSPECIFIED.,.F.,
  .F.,(2,2),(0.,2.280898945591),.PIECEWISE_BEZIER_KNOTS.);
#3137 = CARTESIAN_POINT('',(-20.00000156232,-3.934639458757E-07,
    71.399994375606));
#3138 = CARTESIAN_POINT('',(-17.95000468699,5.465387335857E-08,
    72.400000781158));
#3139 = PLANE('',#3140);
#3140 = AXIS2_PLACEMENT_3D('',#3141,#3142,#3143);
#3141 = CARTESIAN_POINT('',(-18.73556430832,-1.170640250238E-07,
    70.899998326543));
#3142 = DIRECTION('',(-2.185948455633E-07,1.,9.234294850261E-13));
#3143 = DIRECTION('',(1.,2.185948455633E-07,0.));
#3144 = ADVANCED_FACE('',(#3145),#3197,.T.);
#3145 = FACE_BOUND('',#3146,.T.);
#3146 = EDGE_LOOP('',(#3147,#3180,#3187,#3188,#3189));
#3147 = ORIENTED_EDGE('',*,*,#3148,.F.);
#3148 = EDGE_CURVE('',#3149,#3151,#3153,.T.);
#3149 = VERTEX_POINT('',#3150);
#3150 = CARTESIAN_POINT('',(10.585685214129,15.050025533113,69.4));
#3151 = VERTEX_POINT('',#3152);
#3152 = CARTESIAN_POINT('',(-19.86557644418,2.31486027109,
    71.252299169794));
#3153 = B_SPLINE_CURVE_WITH_KNOTS('',7,(#3154,#3155,#3156,#3157,#3158,
    #3159,#3160,#3161,#3162,#3163,#3164,#3165,#3166,#3167,#3168,#3169,
    #3170,#3171,#3172,#3173,#3174,#3175,#3176,#3177,#3178,#3179),
  .UNSPECIFIED.,.F.,.F.,(8,6,6,6,8),(0.,0.228736664131,0.470034475711,
    0.726519127036,1.),.UNSPECIFIED.);
#3154 = CARTESIAN_POINT('',(10.58568521413,15.050025533113,69.4));
#3155 = CARTESIAN_POINT('',(9.556841631657,15.840320821483,
    69.463103666529));
#3156 = CARTESIAN_POINT('',(8.462761342955,16.546042072649,
    69.526001275152));
#3157 = CARTESIAN_POINT('',(7.312243932071,17.160913273354,
    69.588683942404));
#3158 = CARTESIAN_POINT('',(6.114569453238,17.68006184359,69.65115648958
    ));
#3159 = CARTESIAN_POINT('',(4.879372363284,18.099774249747,
    69.713427173419));
#3160 = CARTESIAN_POINT('',(3.616610083647,18.417462258606,
    69.775498751774));
#3161 = CARTESIAN_POINT('',(0.98635157345,18.857990019193,
    69.902620195663));
#3162 = CARTESIAN_POINT('',(-0.383418032899,18.969226179229,
    69.967662127941));
#3163 = CARTESIAN_POINT('',(-1.760572577282,18.963945302008,
    70.032475185242));
#3164 = CARTESIAN_POINT('',(-3.133286024356,18.842264291599,
    70.097064798321));
#3165 = CARTESIAN_POINT('',(-4.490009499455,18.605680772193,
    70.161441410332));
#3166 = CARTESIAN_POINT('',(-5.819485970579,18.257020288972,
    70.225609554588));
#3167 = CARTESIAN_POINT('',(-8.483359035941,17.315597666709,
    70.357531086535));
#3168 = CARTESIAN_POINT('',(-9.813188598216,16.708714736579,
    70.425274946189));
#3169 = CARTESIAN_POINT('',(-11.08712475793,15.985166167476,
    70.49277655892));
#3170 = CARTESIAN_POINT('',(-12.29333747728,15.151745794374,
    70.560043444524));
#3171 = CARTESIAN_POINT('',(-13.42109438308,14.216520319359,
    70.627087740515));
#3172 = CARTESIAN_POINT('',(-14.46074625825,13.188763707917,
    70.69391295913));
#3173 = CARTESIAN_POINT('',(-16.40959561088,10.896113818139,
    70.831506417571));
#3174 = CARTESIAN_POINT('',(-17.30592075923,9.619621505752,
    70.902266185424));
#3175 = CARTESIAN_POINT('',(-18.08263186568,8.262603863326,
    70.972763040745));
#3176 = CARTESIAN_POINT('',(-18.73189565597,6.838870383088,
    71.043006817047));
#3177 = CARTESIAN_POINT('',(-19.24779218953,5.362855332391,
    71.113008470454));
#3178 = CARTESIAN_POINT('',(-19.62628291025,3.849600301943,
    71.182779995093));
#3179 = CARTESIAN_POINT('',(-19.86557644418,2.31486027109,
    71.252299169794));
#3180 = ORIENTED_EDGE('',*,*,#3181,.T.);
#3181 = EDGE_CURVE('',#3149,#833,#3182,.T.);
#3182 = CIRCLE('',#3183,18.4);
#3183 = AXIS2_PLACEMENT_3D('',#3184,#3185,#3186);
#3184 = CARTESIAN_POINT('',(0.,0.,69.4));
#3185 = DIRECTION('',(0.,0.,1.));
#3186 = DIRECTION('',(1.,0.,-0.));
#3187 = ORIENTED_EDGE('',*,*,#855,.F.);
#3188 = ORIENTED_EDGE('',*,*,#3119,.F.);
#3189 = ORIENTED_EDGE('',*,*,#3190,.F.);
#3190 = EDGE_CURVE('',#3151,#3120,#3191,.T.);
#3191 = B_SPLINE_CURVE_WITH_KNOTS('',4,(#3192,#3193,#3194,#3195,#3196),
  .UNSPECIFIED.,.F.,.F.,(5,5),(0.,1.),.PIECEWISE_BEZIER_KNOTS.);
#3192 = CARTESIAN_POINT('',(-19.86557644418,2.314860271091,
    71.252299169794));
#3193 = CARTESIAN_POINT('',(-19.93271150448,1.738743484641,
    71.252301879483));
#3194 = CARTESIAN_POINT('',(-19.9775700895,1.160030359292,
    71.252305275297));
#3195 = CARTESIAN_POINT('',(-20.00000101394,0.580014646928,
    71.252308852938));
#3196 = CARTESIAN_POINT('',(-20.00000110085,-3.934637406859E-07,
    71.252308966759));
#3197 = CONICAL_SURFACE('',#3198,18.4,0.712444088321);
#3198 = AXIS2_PLACEMENT_3D('',#3199,#3200,#3201);
#3199 = CARTESIAN_POINT('',(0.,0.,69.4));
#3200 = DIRECTION('',(0.,0.,1.));
#3201 = DIRECTION('',(1.,0.,-0.));
#3202 = ADVANCED_FACE('',(#3203),#3250,.T.);
#3203 = FACE_BOUND('',#3204,.T.);
#3204 = EDGE_LOOP('',(#3205,#3206,#3229,#3249));
#3205 = ORIENTED_EDGE('',*,*,#3181,.F.);
#3206 = ORIENTED_EDGE('',*,*,#3207,.T.);
#3207 = EDGE_CURVE('',#3149,#3208,#3210,.T.);
#3208 = VERTEX_POINT('',#3209);
#3209 = CARTESIAN_POINT('',(-2.118704171528E-05,20.000026752297,69.4));
#3210 = B_SPLINE_CURVE_WITH_KNOTS('',5,(#3211,#3212,#3213,#3214,#3215,
    #3216,#3217,#3218,#3219,#3220,#3221,#3222,#3223,#3224,#3225,#3226,
    #3227,#3228),.UNSPECIFIED.,.F.,.F.,(6,4,4,4,6),(0.,0.231809954779,
    0.466792443425,0.730333086937,1.),.UNSPECIFIED.);
#3211 = CARTESIAN_POINT('',(11.579796139914,14.040861940548,69.4));
#3212 = CARTESIAN_POINT('',(11.165363120743,14.495907841399,69.4));
#3213 = CARTESIAN_POINT('',(10.73142799538,14.933348458739,69.4));
#3214 = CARTESIAN_POINT('',(10.279146003919,15.352204740872,69.4));
#3215 = CARTESIAN_POINT('',(9.809721936485,15.751622740666,69.4));
#3216 = CARTESIAN_POINT('',(8.832433396276,16.515292381767,69.4));
#3217 = CARTESIAN_POINT('',(8.324129005371,16.878989294957,69.4));
#3218 = CARTESIAN_POINT('',(7.800779914227,17.22118297037,69.4));
#3219 = CARTESIAN_POINT('',(7.263708885796,17.541232493298,69.4));
#3220 = CARTESIAN_POINT('',(6.098030857556,18.172136987211,69.4));
#3221 = CARTESIAN_POINT('',(5.466229194648,18.477148721199,69.4));
#3222 = CARTESIAN_POINT('',(4.820746817572,18.752910347504,69.4));
#3223 = CARTESIAN_POINT('',(4.163487433707,18.998878798484,69.4));
#3224 = CARTESIAN_POINT('',(2.813712618381,19.435508037564,69.4));
#3225 = CARTESIAN_POINT('',(2.120729246396,19.62475137198,69.4));
#3226 = CARTESIAN_POINT('',(1.419442186532,19.782020603033,69.4));
#3227 = CARTESIAN_POINT('',(0.711864745443,19.907119467946,69.4));
#3228 = CARTESIAN_POINT('',(-2.11870412733E-05,20.000026752297,69.4));
#3229 = ORIENTED_EDGE('',*,*,#3230,.T.);
#3230 = EDGE_CURVE('',#3208,#759,#3231,.T.);
#3231 = B_SPLINE_CURVE_WITH_KNOTS('',6,(#3232,#3233,#3234,#3235,#3236,
    #3237,#3238,#3239,#3240,#3241,#3242,#3243,#3244,#3245,#3246,#3247,
    #3248),.UNSPECIFIED.,.F.,.F.,(7,5,5,7),(0.,0.397998012797,
    0.698999688309,1.),.UNSPECIFIED.);
#3232 = CARTESIAN_POINT('',(-2.118704145815E-05,20.000026752297,69.4));
#3233 = CARTESIAN_POINT('',(-1.041978425419,20.000028425462,69.4));
#3234 = CARTESIAN_POINT('',(-2.083960178457,19.934887670954,69.4));
#3235 = CARTESIAN_POINT('',(-3.120822061244,19.804598658222,69.4));
#3236 = CARTESIAN_POINT('',(-4.147503811376,19.609708045265,69.4));
#3237 = CARTESIAN_POINT('',(-5.159022507664,19.351252673056,69.4));
#3238 = CARTESIAN_POINT('',(-6.900317950977,18.788481171429,69.4));
#3239 = CARTESIAN_POINT('',(-7.638697946575,18.510686295264,69.4));
#3240 = CARTESIAN_POINT('',(-8.363518050375,18.198117950781,69.4));
#3241 = CARTESIAN_POINT('',(-9.072742835194,17.851616393863,69.4));
#3242 = CARTESIAN_POINT('',(-9.764409440801,17.472179633269,69.4));
#3243 = CARTESIAN_POINT('',(-11.10884433883,16.649748101279,69.4));
#3244 = CARTESIAN_POINT('',(-11.76162279867,16.206747504484,69.4));
#3245 = CARTESIAN_POINT('',(-12.39307504582,15.733117455818,69.4));
#3246 = CARTESIAN_POINT('',(-13.00141892849,15.230151188658,69.4));
#3247 = CARTESIAN_POINT('',(-13.58497966827,14.699278276567,69.4));
#3248 = CARTESIAN_POINT('',(-14.14219063902,14.14206405065,69.4));
#3249 = ORIENTED_EDGE('',*,*,#832,.T.);
#3250 = PLANE('',#3251);
#3251 = AXIS2_PLACEMENT_3D('',#3252,#3253,#3254);
#3252 = CARTESIAN_POINT('',(0.,0.,69.4));
#3253 = DIRECTION('',(0.,0.,1.));
#3254 = DIRECTION('',(1.,0.,-0.));
#3255 = ADVANCED_FACE('',(#3256),#3333,.F.);
#3256 = FACE_BOUND('',#3257,.F.);
#3257 = EDGE_LOOP('',(#3258,#3259,#3260,#3332));
#3258 = ORIENTED_EDGE('',*,*,#758,.F.);
#3259 = ORIENTED_EDGE('',*,*,#2522,.T.);
#3260 = ORIENTED_EDGE('',*,*,#3261,.T.);
#3261 = EDGE_CURVE('',#2523,#3208,#3262,.T.);
#3262 = B_SPLINE_CURVE_WITH_KNOTS('',9,(#3263,#3264,#3265,#3266,#3267,
    #3268,#3269,#3270,#3271,#3272,#3273,#3274,#3275,#3276,#3277,#3278,
    #3279,#3280,#3281,#3282,#3283,#3284,#3285,#3286,#3287,#3288,#3289,
    #3290,#3291,#3292,#3293,#3294,#3295,#3296,#3297,#3298,#3299,#3300,
    #3301,#3302,#3303,#3304,#3305,#3306,#3307,#3308,#3309,#3310,#3311,
    #3312,#3313,#3314,#3315,#3316,#3317,#3318,#3319,#3320,#3321,#3322,
    #3323,#3324,#3325,#3326,#3327,#3328,#3329,#3330,#3331),
  .UNSPECIFIED.,.F.,.F.,(10,8,9,8,9,8,9,8,10),(0.,6.993548514224,
    13.987097028449,20.980645542673,27.974194056897,34.967742571122,
    41.961291085346,48.95483959957,55.948388113795),.UNSPECIFIED.);
#3263 = CARTESIAN_POINT('',(20.,-3.552713678801E-15,27.4));
#3264 = CARTESIAN_POINT('',(20.000005022248,9.599342830569,
    28.011093054131));
#3265 = CARTESIAN_POINT('',(14.815999682165,19.199995820786,
    28.62225993397));
#3266 = CARTESIAN_POINT('',(4.453924801243,25.591106420547,
    29.233267761395));
#3267 = CARTESIAN_POINT('',(-8.805483181117,25.628456837178,
    29.844502919944));
#3268 = CARTESIAN_POINT('',(-20.30793923125,17.9428346012,
    30.455513851295));
#3269 = CARTESIAN_POINT('',(-25.34746899963,5.678365264159,
    31.066679381333));
#3270 = CARTESIAN_POINT('',(-23.40839536107,-6.340654657834,
    31.677772213976));
#3271 = CARTESIAN_POINT('',(-16.52227210672,-14.80409547963,
    32.288885517103));
#3272 = CARTESIAN_POINT('',(1.214934865498,-22.15108679295,
    33.511109079386));
#3273 = CARTESIAN_POINT('',(12.06871619644,-21.03575417992,
    34.122220167185));
#3274 = CARTESIAN_POINT('',(21.938574289971,-13.9081566111,
    34.733320634946));
#3275 = CARTESIAN_POINT('',(27.047391383368,-1.672385517729,
    35.344469950716));
#3276 = CARTESIAN_POINT('',(24.348457450332,11.895652781744,
    35.955506362938));
#3277 = CARTESIAN_POINT('',(14.946259108511,21.245027325371,
    36.566710097087));
#3278 = CARTESIAN_POINT('',(3.099942782551,24.052954249199,
    37.177749038652));
#3279 = CARTESIAN_POINT('',(-7.354375705805,20.929894956228,
    37.788891059144));
#3280 = CARTESIAN_POINT('',(-14.14213562373,14.142135623732,
    38.399999999993));
#3281 = CARTESIAN_POINT('',(-20.92989958543,7.354378764565,
    39.011093054143));
#3282 = CARTESIAN_POINT('',(-24.05294108892,-3.099953398315,
    39.622259933958));
#3283 = CARTESIAN_POINT('',(-21.24504531793,-14.94624445817,
    40.233267761402));
#3284 = CARTESIAN_POINT('',(-11.89563875187,-24.34847248991,
    40.844502919943));
#3285 = CARTESIAN_POINT('',(1.672381522093,-27.04738156255,
    41.455513851294));
#3286 = CARTESIAN_POINT('',(13.90815663123,-21.9385777999,
    42.066679381333));
#3287 = CARTESIAN_POINT('',(21.035755002223,-12.06871519079,
    42.677772213977));
#3288 = CARTESIAN_POINT('',(22.151086950258,-1.214934344293,
    43.288885517102));
#3289 = CARTESIAN_POINT('',(14.804094999858,16.522272364047,
    44.511109079388));
#3290 = CARTESIAN_POINT('',(6.340653365266,23.408395490736,
    45.122220167172));
#3291 = CARTESIAN_POINT('',(-5.678362796436,25.347466503408,
    45.73332063498));
#3292 = CARTESIAN_POINT('',(-17.94283872034,20.30794900119,
    46.344469950656));
#3293 = CARTESIAN_POINT('',(-25.62845612303,8.805462625605,
    46.955506363019));
#3294 = CARTESIAN_POINT('',(-25.59110405738,-4.453901719002,
    47.566710097003));
#3295 = CARTESIAN_POINT('',(-19.19999761994,-14.81601649444,
    48.177749038721));
#3296 = CARTESIAN_POINT('',(-9.599341720128,-19.99999958607,
    48.788891059099));
#3297 = CARTESIAN_POINT('',(-4.875578687824E-12,-19.99999999999,
    49.400000000015));
#3298 = CARTESIAN_POINT('',(9.599342830566,-20.00000502226,
    50.011093054105));
#3299 = CARTESIAN_POINT('',(19.19999582081,-14.81599968214,
    50.622259933993));
#3300 = CARTESIAN_POINT('',(25.591106420503,-4.453924801273,
    51.233267761387));
#3301 = CARTESIAN_POINT('',(25.628456837225,8.805483181143,
    51.844502919936));
#3302 = CARTESIAN_POINT('',(17.942834601169,20.307939231238,
    52.455513851306));
#3303 = CARTESIAN_POINT('',(5.678365264172,25.34746899964,
    53.066679381326));
#3304 = CARTESIAN_POINT('',(-6.340654657836,23.40839536107,
    53.677772213978));
#3305 = CARTESIAN_POINT('',(-14.80409547963,16.522272106726,
    54.288885517102));
#3306 = CARTESIAN_POINT('',(-22.15108679295,-1.214934865499,
    55.511109079387));
#3307 = CARTESIAN_POINT('',(-21.03575417993,-12.06871619644,
    56.122220167179));
#3308 = CARTESIAN_POINT('',(-13.90815661106,-21.93857428995,
    56.733320634958));
#3309 = CARTESIAN_POINT('',(-1.672385517836,-27.0473913834,
    57.344469950699));
#3310 = CARTESIAN_POINT('',(11.8956527819,-24.34845745028,
    57.955506362964));
#3311 = CARTESIAN_POINT('',(21.245027325239,-14.94625910854,
    58.566710097048));
#3312 = CARTESIAN_POINT('',(24.052954249264,-3.099942782551,
    59.1777490387));
#3313 = CARTESIAN_POINT('',(20.929894956231,7.354375705824,
    59.788891059101));
#3314 = CARTESIAN_POINT('',(14.142135623728,14.142135623728,
    60.400000000015));
#3315 = CARTESIAN_POINT('',(7.354378761169,20.92989958458,61.01109304183
    ));
#3316 = CARTESIAN_POINT('',(-3.099953384312,24.052941092459,
    61.622259984496));
#3317 = CARTESIAN_POINT('',(-14.9462444925,21.245045309263,
    62.233267637688));
#3318 = CARTESIAN_POINT('',(-24.34847242898,11.895638767252,
    62.844503139413));
#3319 = CARTESIAN_POINT('',(-27.04738164624,-1.672381543192,
    63.455513549937));
#3320 = CARTESIAN_POINT('',(-21.93857770845,-13.90815660819,
    64.06667971055));
#3321 = CARTESIAN_POINT('',(-12.06871527096,-21.03575502241,
    64.677771925335));
#3322 = CARTESIAN_POINT('',(-1.214934288178,-22.15108693612,
    65.288885719117));
#3323 = CARTESIAN_POINT('',(16.522272246569,-14.80409502944,
    66.511108656467));
#3324 = CARTESIAN_POINT('',(23.408396124948,-6.34065320555,
    67.122222450255));
#3325 = CARTESIAN_POINT('',(25.347464844975,5.678362378796,
    67.733314664993));
#3326 = CARTESIAN_POINT('',(20.307952022262,17.94283948113,
    68.344480825741));
#3327 = CARTESIAN_POINT('',(8.805458423412,25.628455064818,
    68.955491236052));
#3328 = CARTESIAN_POINT('',(-4.453897096332,25.591105221502,
    69.566726737968));
#3329 = CARTESIAN_POINT('',(-14.81602056329,19.199996595269,
    70.177734391095));
#3330 = CARTESIAN_POINT('',(-19.99999673202,9.599342438901,
    70.788901333702));
#3331 = CARTESIAN_POINT('',(-20.00000156232,-3.934639600866E-07,
    71.399994375606));
#3332 = ORIENTED_EDGE('',*,*,#3230,.T.);
#3333 = B_SPLINE_SURFACE_WITH_KNOTS('',1,9,(
    (#3334,#3335,#3336,#3337,#3338,#3339,#3340,#3341,#3342,#3343,#3344
      ,#3345,#3346,#3347,#3348,#3349,#3350,#3351,#3352,#3353,#3354,#3355
      ,#3356,#3357,#3358,#3359,#3360,#3361,#3362,#3363,#3364,#3365,#3366
      ,#3367,#3368,#3369,#3370,#3371,#3372,#3373,#3374,#3375,#3376,#3377
      ,#3378,#3379,#3380,#3381,#3382,#3383,#3384,#3385,#3386,#3387,#3388
      ,#3389,#3390,#3391,#3392,#3393,#3394,#3395,#3396,#3397,#3398,#3399
      ,#3400,#3401,#3402)
    ,(#3403,#3404,#3405,#3406,#3407,#3408,#3409,#3410,#3411,#3412,#3413
      ,#3414,#3415,#3416,#3417,#3418,#3419,#3420,#3421,#3422,#3423,#3424
      ,#3425,#3426,#3427,#3428,#3429,#3430,#3431,#3432,#3433,#3434,#3435
      ,#3436,#3437,#3438,#3439,#3440,#3441,#3442,#3443,#3444,#3445,#3446
      ,#3447,#3448,#3449,#3450,#3451,#3452,#3453,#3454,#3455,#3456,#3457
      ,#3458,#3459,#3460,#3461,#3462,#3463,#3464,#3465,#3466,#3467,#3468
      ,#3469,#3470,#3471
    )),.UNSPECIFIED.,.F.,.F.,.F.,(2,2),(10,8,9,8,9,8,9,8,10),(0.,1.),(0.
    ,6.993548514224,13.987097028449,20.980645542673,27.974194056897,
    34.967742571122,41.961291085346,48.95483959957,55.948388113795),
  .UNSPECIFIED.);
#3334 = CARTESIAN_POINT('',(20.,1.06581410364E-14,26.4));
#3335 = CARTESIAN_POINT('',(19.999994978952,9.599342085495,
    27.011093054131));
#3336 = CARTESIAN_POINT('',(14.816019035645,19.19999537458,
    27.622259933985));
#3337 = CARTESIAN_POINT('',(4.45389622683,25.591103340254,28.23326776136
    ));
#3338 = CARTESIAN_POINT('',(-8.805458207699,25.628452835836,
    28.844502919997));
#3339 = CARTESIAN_POINT('',(-20.30795083295,17.942837753887,
    29.455513851252));
#3340 = CARTESIAN_POINT('',(-25.34746292835,5.678361355669,
    30.066679381355));
#3341 = CARTESIAN_POINT('',(-23.408394214,-6.340653099804,
    30.677772213972));
#3342 = CARTESIAN_POINT('',(-16.52227063496,-14.80409424771,
    31.288885517104));
#3343 = CARTESIAN_POINT('',(1.214934566912,-22.15108507785,
    32.511109079387));
#3344 = CARTESIAN_POINT('',(12.068715077509,-21.03575370312,
    33.122220167178));
#3345 = CARTESIAN_POINT('',(21.938575391199,-13.90815362215,
    33.733320634991));
#3346 = CARTESIAN_POINT('',(27.047381163986,-1.672383554495,
    34.344469950614));
#3347 = CARTESIAN_POINT('',(24.348468070542,11.895642036515,
    34.955506363085));
#3348 = CARTESIAN_POINT('',(14.94624535194,21.245039851989,
    35.566710096957));
#3349 = CARTESIAN_POINT('',(3.099950516692,24.052942876109,
    36.177749038725));
#3350 = CARTESIAN_POINT('',(-7.354377088613,20.929895278524,
    36.788891059126));
#3351 = CARTESIAN_POINT('',(-14.14213562373,14.14213562373,
    37.399999999993));
#3352 = CARTESIAN_POINT('',(-20.9298919569,7.354372189735,
    38.011093054143));
#3353 = CARTESIAN_POINT('',(-24.05295445837,-3.099939397836,
    38.622259933972));
#3354 = CARTESIAN_POINT('',(-21.24502293468,-14.94626248522,
    39.233267761368));
#3355 = CARTESIAN_POINT('',(-11.89565358137,-24.34845200168,
    39.844502919995));
#3356 = CARTESIAN_POINT('',(1.672387496452,-27.04739199546,
    40.455513851251));
#3357 = CARTESIAN_POINT('',(13.908155101903,-21.93857074314,
    41.066679381355));
#3358 = CARTESIAN_POINT('',(21.035753089432,-12.06871548138,
    41.677772213973));
#3359 = CARTESIAN_POINT('',(22.151085038469,-1.214934174696,
    42.288885517103));
#3360 = CARTESIAN_POINT('',(14.804093998234,16.522270940157,
    43.511109079389));
#3361 = CARTESIAN_POINT('',(6.340653819322,23.408394362389,
    44.122220167165));
#3362 = CARTESIAN_POINT('',(-5.678365688634,25.347465168572,
    44.733320635026));
#3363 = CARTESIAN_POINT('',(-17.94283288236,20.307940386803,
    45.344469950553));
#3364 = CARTESIAN_POINT('',(-25.62845603464,8.80547773322,
    45.955506363167));
#3365 = CARTESIAN_POINT('',(-25.59110318766,-4.453920303989,
    46.566710096872));
#3366 = CARTESIAN_POINT('',(-19.19999504682,-14.81600298362,
    47.177749038794));
#3367 = CARTESIAN_POINT('',(-9.599340970232,-20.00000079174,
    47.788891059082));
#3368 = CARTESIAN_POINT('',(-4.42438404721E-12,-20.,48.400000000015));
#3369 = CARTESIAN_POINT('',(9.599342085493,-19.99999497894,
    49.011093054105));
#3370 = CARTESIAN_POINT('',(19.199995374594,-14.81601903564,
    49.622259934008));
#3371 = CARTESIAN_POINT('',(25.591103340233,-4.453896226832,
    50.233267761353));
#3372 = CARTESIAN_POINT('',(25.628452835854,8.805458207702,
    50.844502919989));
#3373 = CARTESIAN_POINT('',(17.942837753877,20.307950832955,
    51.455513851264));
#3374 = CARTESIAN_POINT('',(5.678361355672,25.347462928353,
    52.066679381348));
#3375 = CARTESIAN_POINT('',(-6.340653099804,23.408394214005,
    52.677772213975));
#3376 = CARTESIAN_POINT('',(-14.80409424771,16.522270634964,
    53.288885517104));
#3377 = CARTESIAN_POINT('',(-22.15108507785,-1.214934566912,
    54.511109079388));
#3378 = CARTESIAN_POINT('',(-21.03575370313,-12.06871507751,
    55.122220167172));
#3379 = CARTESIAN_POINT('',(-13.9081536221,-21.93857539117,
    55.733320635002));
#3380 = CARTESIAN_POINT('',(-1.672383554608,-27.04738116404,
    56.344469950599));
#3381 = CARTESIAN_POINT('',(11.895642036683,-24.34846807045,
    56.955506363109));
#3382 = CARTESIAN_POINT('',(21.245039851839,-14.94624535201,
    57.56671009692));
#3383 = CARTESIAN_POINT('',(24.052942876195,-3.099950516662,
    58.177749038772));
#3384 = CARTESIAN_POINT('',(20.92989527851,7.354377088616,
    58.788891059084));
#3385 = CARTESIAN_POINT('',(14.142135623733,14.142135623732,
    59.400000000015));
#3386 = CARTESIAN_POINT('',(7.354372193138,20.929891956038,
    60.011093041831));
#3387 = CARTESIAN_POINT('',(-3.099939411853,24.052954461935,
    60.622259984509));
#3388 = CARTESIAN_POINT('',(-14.94626245088,21.245022925998,
    61.233267637659));
#3389 = CARTESIAN_POINT('',(-24.34845206263,11.895653596749,
    61.844503139458));
#3390 = CARTESIAN_POINT('',(-27.04739191177,-1.672387517547,
    62.455513549902));
#3391 = CARTESIAN_POINT('',(-21.93857083458,-13.90815507886,
    63.066679710567));
#3392 = CARTESIAN_POINT('',(-12.0687154012,-21.03575310962,
    63.677771925335));
#3393 = CARTESIAN_POINT('',(-1.214934230811,-22.15108502433,
    64.288885719118));
#3394 = CARTESIAN_POINT('',(16.522271057635,-14.80409402782,
    65.511108656468));
#3395 = CARTESIAN_POINT('',(23.408393728224,-6.340653659604,
    66.122222450245));
#3396 = CARTESIAN_POINT('',(25.347466826788,5.678365270982,
    66.733314665043));
#3397 = CARTESIAN_POINT('',(20.30793736619,17.94283364317,
    67.344480825631));
#3398 = CARTESIAN_POINT('',(8.805481934854,25.628454976391,
    67.95549123621));
#3399 = CARTESIAN_POINT('',(-4.453924926256,25.591104351816,
    68.566726737825));
#3400 = CARTESIAN_POINT('',(-14.81599891492,19.199994022134,
    69.17773439118));
#3401 = CARTESIAN_POINT('',(-20.00000364579,9.599341689006,
    69.788901333675));
#3402 = CARTESIAN_POINT('',(-19.99999843766,-3.9346235426E-07,
    70.399994375611));
#3403 = CARTESIAN_POINT('',(20.,-3.552713678801E-15,27.4));
#3404 = CARTESIAN_POINT('',(20.000005022248,9.599342830569,
    28.011093054131));
#3405 = CARTESIAN_POINT('',(14.815999682165,19.199995820786,
    28.62225993397));
#3406 = CARTESIAN_POINT('',(4.453924801243,25.591106420547,
    29.233267761395));
#3407 = CARTESIAN_POINT('',(-8.805483181117,25.628456837178,
    29.844502919944));
#3408 = CARTESIAN_POINT('',(-20.30793923125,17.9428346012,
    30.455513851295));
#3409 = CARTESIAN_POINT('',(-25.34746899963,5.678365264159,
    31.066679381333));
#3410 = CARTESIAN_POINT('',(-23.40839536107,-6.340654657834,
    31.677772213976));
#3411 = CARTESIAN_POINT('',(-16.52227210672,-14.80409547963,
    32.288885517103));
#3412 = CARTESIAN_POINT('',(1.214934865498,-22.15108679295,
    33.511109079386));
#3413 = CARTESIAN_POINT('',(12.06871619644,-21.03575417992,
    34.122220167185));
#3414 = CARTESIAN_POINT('',(21.938574289971,-13.9081566111,
    34.733320634946));
#3415 = CARTESIAN_POINT('',(27.047391383368,-1.672385517729,
    35.344469950716));
#3416 = CARTESIAN_POINT('',(24.348457450332,11.895652781744,
    35.955506362938));
#3417 = CARTESIAN_POINT('',(14.946259108511,21.245027325371,
    36.566710097087));
#3418 = CARTESIAN_POINT('',(3.099942782551,24.052954249199,
    37.177749038652));
#3419 = CARTESIAN_POINT('',(-7.354375705805,20.929894956228,
    37.788891059144));
#3420 = CARTESIAN_POINT('',(-14.14213562373,14.142135623732,
    38.399999999993));
#3421 = CARTESIAN_POINT('',(-20.92989958543,7.354378764565,
    39.011093054143));
#3422 = CARTESIAN_POINT('',(-24.05294108892,-3.099953398315,
    39.622259933958));
#3423 = CARTESIAN_POINT('',(-21.24504531793,-14.94624445817,
    40.233267761402));
#3424 = CARTESIAN_POINT('',(-11.89563875187,-24.34847248991,
    40.844502919943));
#3425 = CARTESIAN_POINT('',(1.672381522093,-27.04738156255,
    41.455513851294));
#3426 = CARTESIAN_POINT('',(13.90815663123,-21.9385777999,
    42.066679381333));
#3427 = CARTESIAN_POINT('',(21.035755002223,-12.06871519079,
    42.677772213977));
#3428 = CARTESIAN_POINT('',(22.151086950258,-1.214934344293,
    43.288885517102));
#3429 = CARTESIAN_POINT('',(14.804094999858,16.522272364047,
    44.511109079388));
#3430 = CARTESIAN_POINT('',(6.340653365266,23.408395490736,
    45.122220167172));
#3431 = CARTESIAN_POINT('',(-5.678362796436,25.347466503408,
    45.73332063498));
#3432 = CARTESIAN_POINT('',(-17.94283872034,20.30794900119,
    46.344469950656));
#3433 = CARTESIAN_POINT('',(-25.62845612303,8.805462625605,
    46.955506363019));
#3434 = CARTESIAN_POINT('',(-25.59110405738,-4.453901719002,
    47.566710097003));
#3435 = CARTESIAN_POINT('',(-19.19999761994,-14.81601649444,
    48.177749038721));
#3436 = CARTESIAN_POINT('',(-9.599341720128,-19.99999958607,
    48.788891059099));
#3437 = CARTESIAN_POINT('',(-4.875578687824E-12,-19.99999999999,
    49.400000000015));
#3438 = CARTESIAN_POINT('',(9.599342830566,-20.00000502226,
    50.011093054105));
#3439 = CARTESIAN_POINT('',(19.19999582081,-14.81599968214,
    50.622259933993));
#3440 = CARTESIAN_POINT('',(25.591106420503,-4.453924801273,
    51.233267761387));
#3441 = CARTESIAN_POINT('',(25.628456837225,8.805483181143,
    51.844502919936));
#3442 = CARTESIAN_POINT('',(17.942834601169,20.307939231238,
    52.455513851306));
#3443 = CARTESIAN_POINT('',(5.678365264172,25.34746899964,
    53.066679381326));
#3444 = CARTESIAN_POINT('',(-6.340654657836,23.40839536107,
    53.677772213978));
#3445 = CARTESIAN_POINT('',(-14.80409547963,16.522272106726,
    54.288885517102));
#3446 = CARTESIAN_POINT('',(-22.15108679295,-1.214934865499,
    55.511109079387));
#3447 = CARTESIAN_POINT('',(-21.03575417993,-12.06871619644,
    56.122220167179));
#3448 = CARTESIAN_POINT('',(-13.90815661106,-21.93857428995,
    56.733320634958));
#3449 = CARTESIAN_POINT('',(-1.672385517836,-27.0473913834,
    57.344469950699));
#3450 = CARTESIAN_POINT('',(11.8956527819,-24.34845745028,
    57.955506362964));
#3451 = CARTESIAN_POINT('',(21.245027325239,-14.94625910854,
    58.566710097048));
#3452 = CARTESIAN_POINT('',(24.052954249264,-3.099942782551,
    59.1777490387));
#3453 = CARTESIAN_POINT('',(20.929894956231,7.354375705824,
    59.788891059101));
#3454 = CARTESIAN_POINT('',(14.142135623728,14.142135623728,
    60.400000000015));
#3455 = CARTESIAN_POINT('',(7.354378761169,20.92989958458,61.01109304183
    ));
#3456 = CARTESIAN_POINT('',(-3.099953384312,24.052941092459,
    61.622259984496));
#3457 = CARTESIAN_POINT('',(-14.9462444925,21.245045309263,
    62.233267637688));
#3458 = CARTESIAN_POINT('',(-24.34847242898,11.895638767252,
    62.844503139413));
#3459 = CARTESIAN_POINT('',(-27.04738164624,-1.672381543192,
    63.455513549937));
#3460 = CARTESIAN_POINT('',(-21.93857770845,-13.90815660819,
    64.06667971055));
#3461 = CARTESIAN_POINT('',(-12.06871527096,-21.03575502241,
    64.677771925335));
#3462 = CARTESIAN_POINT('',(-1.214934288178,-22.15108693612,
    65.288885719117));
#3463 = CARTESIAN_POINT('',(16.522272246569,-14.80409502944,
    66.511108656467));
#3464 = CARTESIAN_POINT('',(23.408396124948,-6.34065320555,
    67.122222450255));
#3465 = CARTESIAN_POINT('',(25.347464844975,5.678362378796,
    67.733314664993));
#3466 = CARTESIAN_POINT('',(20.307952022262,17.94283948113,
    68.344480825741));
#3467 = CARTESIAN_POINT('',(8.805458423412,25.628455064818,
    68.955491236052));
#3468 = CARTESIAN_POINT('',(-4.453897096332,25.591105221502,
    69.566726737968));
#3469 = CARTESIAN_POINT('',(-14.81602056329,19.199996595269,
    70.177734391095));
#3470 = CARTESIAN_POINT('',(-19.99999673202,9.599342438901,
    70.788901333702));
#3471 = CARTESIAN_POINT('',(-20.00000156232,-3.934639600866E-07,
    71.399994375606));
#3472 = ADVANCED_FACE('',(#3473),#3484,.T.);
#3473 = FACE_BOUND('',#3474,.T.);
#3474 = EDGE_LOOP('',(#3475,#3476,#3483));
#3475 = ORIENTED_EDGE('',*,*,#1578,.F.);
#3476 = ORIENTED_EDGE('',*,*,#3477,.T.);
#3477 = EDGE_CURVE('',#1571,#2220,#3478,.T.);
#3478 = ELLIPSE('',#3479,25.455844122716,18.);
#3479 = AXIS2_PLACEMENT_3D('',#3480,#3481,#3482);
#3480 = CARTESIAN_POINT('',(0.,0.,17.999821433127));
#3481 = DIRECTION('',(-0.707106781187,1.570092458684E-16,0.707106781187)
  );
#3482 = DIRECTION('',(0.707106781187,-1.570092458684E-16,0.707106781187)
  );
#3483 = ORIENTED_EDGE('',*,*,#2227,.F.);
#3484 = CYLINDRICAL_SURFACE('',#3485,18.);
#3485 = AXIS2_PLACEMENT_3D('',#3486,#3487,#3488);
#3486 = CARTESIAN_POINT('',(0.,0.,21.4));
#3487 = DIRECTION('',(0.,0.,1.));
#3488 = DIRECTION('',(1.,0.,-0.));
#3489 = ADVANCED_FACE('',(#3490),#3501,.F.);
#3490 = FACE_BOUND('',#3491,.F.);
#3491 = EDGE_LOOP('',(#3492,#3493,#3499,#3500));
#3492 = ORIENTED_EDGE('',*,*,#2219,.F.);
#3493 = ORIENTED_EDGE('',*,*,#3494,.F.);
#3494 = EDGE_CURVE('',#1563,#2212,#3495,.T.);
#3495 = LINE('',#3496,#3497);
#3496 = CARTESIAN_POINT('',(5.,-10.5,22.999821433127));
#3497 = VECTOR('',#3498,1.);
#3498 = DIRECTION('',(0.707106781187,-1.570092458684E-16,0.707106781187)
  );
#3499 = ORIENTED_EDGE('',*,*,#1570,.T.);
#3500 = ORIENTED_EDGE('',*,*,#3477,.T.);
#3501 = PLANE('',#3502);
#3502 = AXIS2_PLACEMENT_3D('',#3503,#3504,#3505);
#3503 = CARTESIAN_POINT('',(5.,-10.5,22.999821433127));
#3504 = DIRECTION('',(-0.707106781187,1.570092458684E-16,0.707106781187)
  );
#3505 = DIRECTION('',(-2.22044604925E-16,-1.,0.));
#3506 = ADVANCED_FACE('',(#3507),#3512,.F.);
#3507 = FACE_BOUND('',#3508,.F.);
#3508 = EDGE_LOOP('',(#3509,#3510,#3511));
#3509 = ORIENTED_EDGE('',*,*,#1562,.T.);
#3510 = ORIENTED_EDGE('',*,*,#3494,.T.);
#3511 = ORIENTED_EDGE('',*,*,#2211,.F.);
#3512 = PLANE('',#3513);
#3513 = AXIS2_PLACEMENT_3D('',#3514,#3515,#3516);
#3514 = CARTESIAN_POINT('',(5.,-10.5,22.999821433127));
#3515 = DIRECTION('',(-2.22044604925E-16,-1.,0.));
#3516 = DIRECTION('',(-0.707106781187,1.570092458684E-16,0.707106781187)
  );
#3517 = ADVANCED_FACE('',(#3518),#3530,.F.);
#3518 = FACE_BOUND('',#3519,.F.);
#3519 = EDGE_LOOP('',(#3520,#3527,#3528,#3529));
#3520 = ORIENTED_EDGE('',*,*,#3521,.T.);
#3521 = EDGE_CURVE('',#1734,#1530,#3522,.T.);
#3522 = CIRCLE('',#3523,30.);
#3523 = AXIS2_PLACEMENT_3D('',#3524,#3525,#3526);
#3524 = CARTESIAN_POINT('',(0.,0.,23.4));
#3525 = DIRECTION('',(0.,0.,1.));
#3526 = DIRECTION('',(1.,0.,-0.));
#3527 = ORIENTED_EDGE('',*,*,#1537,.T.);
#3528 = ORIENTED_EDGE('',*,*,#1594,.F.);
#3529 = ORIENTED_EDGE('',*,*,#1741,.F.);
#3530 = PLANE('',#3531);
#3531 = AXIS2_PLACEMENT_3D('',#3532,#3533,#3534);
#3532 = CARTESIAN_POINT('',(0.,0.,23.4));
#3533 = DIRECTION('',(0.,0.,1.));
#3534 = DIRECTION('',(1.,0.,-0.));
#3535 = ADVANCED_FACE('',(#3536),#3548,.T.);
#3536 = FACE_BOUND('',#3537,.T.);
#3537 = EDGE_LOOP('',(#3538,#3539,#3546,#3547));
#3538 = ORIENTED_EDGE('',*,*,#1529,.T.);
#3539 = ORIENTED_EDGE('',*,*,#3540,.F.);
#3540 = EDGE_CURVE('',#1726,#1522,#3541,.T.);
#3541 = CIRCLE('',#3542,30.);
#3542 = AXIS2_PLACEMENT_3D('',#3543,#3544,#3545);
#3543 = CARTESIAN_POINT('',(0.,0.,26.4));
#3544 = DIRECTION('',(0.,0.,1.));
#3545 = DIRECTION('',(1.,0.,-0.));
#3546 = ORIENTED_EDGE('',*,*,#1733,.F.);
#3547 = ORIENTED_EDGE('',*,*,#3521,.T.);
#3548 = CYLINDRICAL_SURFACE('',#3549,30.);
#3549 = AXIS2_PLACEMENT_3D('',#3550,#3551,#3552);
#3550 = CARTESIAN_POINT('',(0.,0.,23.4));
#3551 = DIRECTION('',(0.,0.,1.));
#3552 = DIRECTION('',(1.,0.,-0.));
#3553 = ADVANCED_FACE('',(#3554),#3566,.T.);
#3554 = FACE_BOUND('',#3555,.T.);
#3555 = EDGE_LOOP('',(#3556,#3557,#3558,#3565));
#3556 = ORIENTED_EDGE('',*,*,#3540,.T.);
#3557 = ORIENTED_EDGE('',*,*,#1521,.T.);
#3558 = ORIENTED_EDGE('',*,*,#3559,.F.);
#3559 = EDGE_CURVE('',#1718,#1514,#3560,.T.);
#3560 = CIRCLE('',#3561,29.4);
#3561 = AXIS2_PLACEMENT_3D('',#3562,#3563,#3564);
#3562 = CARTESIAN_POINT('',(0.,0.,26.4));
#3563 = DIRECTION('',(0.,0.,1.));
#3564 = DIRECTION('',(1.,0.,-0.));
#3565 = ORIENTED_EDGE('',*,*,#1725,.F.);
#3566 = PLANE('',#3567);
#3567 = AXIS2_PLACEMENT_3D('',#3568,#3569,#3570);
#3568 = CARTESIAN_POINT('',(0.,0.,26.4));
#3569 = DIRECTION('',(0.,0.,1.));
#3570 = DIRECTION('',(1.,0.,-0.));
#3571 = ADVANCED_FACE('',(#3572),#3578,.T.);
#3572 = FACE_BOUND('',#3573,.T.);
#3573 = EDGE_LOOP('',(#3574,#3575,#3576,#3577));
#3574 = ORIENTED_EDGE('',*,*,#3559,.T.);
#3575 = ORIENTED_EDGE('',*,*,#1513,.T.);
#3576 = ORIENTED_EDGE('',*,*,#2372,.F.);
#3577 = ORIENTED_EDGE('',*,*,#1717,.F.);
#3578 = PLANE('',#3579);
#3579 = AXIS2_PLACEMENT_3D('',#3580,#3581,#3582);
#3580 = CARTESIAN_POINT('',(0.,0.,26.4));
#3581 = DIRECTION('',(0.,0.,1.));
#3582 = DIRECTION('',(1.,0.,-0.));
#3583 = ADVANCED_FACE('',(#3584),#3596,.F.);
#3584 = FACE_BOUND('',#3585,.F.);
#3585 = EDGE_LOOP('',(#3586,#3587,#3594,#3595));
#3586 = ORIENTED_EDGE('',*,*,#1651,.F.);
#3587 = ORIENTED_EDGE('',*,*,#3588,.T.);
#3588 = EDGE_CURVE('',#1644,#1881,#3589,.T.);
#3589 = CIRCLE('',#3590,30.);
#3590 = AXIS2_PLACEMENT_3D('',#3591,#3592,#3593);
#3591 = CARTESIAN_POINT('',(0.,0.,23.4));
#3592 = DIRECTION('',(0.,0.,1.));
#3593 = DIRECTION('',(1.,0.,-0.));
#3594 = ORIENTED_EDGE('',*,*,#1888,.T.);
#3595 = ORIENTED_EDGE('',*,*,#1806,.F.);
#3596 = PLANE('',#3597);
#3597 = AXIS2_PLACEMENT_3D('',#3598,#3599,#3600);
#3598 = CARTESIAN_POINT('',(0.,0.,23.4));
#3599 = DIRECTION('',(0.,0.,1.));
#3600 = DIRECTION('',(1.,0.,-0.));
#3601 = ADVANCED_FACE('',(#3602),#3614,.T.);
#3602 = FACE_BOUND('',#3603,.T.);
#3603 = EDGE_LOOP('',(#3604,#3611,#3612,#3613));
#3604 = ORIENTED_EDGE('',*,*,#3605,.F.);
#3605 = EDGE_CURVE('',#1636,#1873,#3606,.T.);
#3606 = CIRCLE('',#3607,30.);
#3607 = AXIS2_PLACEMENT_3D('',#3608,#3609,#3610);
#3608 = CARTESIAN_POINT('',(0.,0.,26.4));
#3609 = DIRECTION('',(0.,0.,1.));
#3610 = DIRECTION('',(1.,0.,-0.));
#3611 = ORIENTED_EDGE('',*,*,#1643,.F.);
#3612 = ORIENTED_EDGE('',*,*,#3588,.T.);
#3613 = ORIENTED_EDGE('',*,*,#1880,.T.);
#3614 = CYLINDRICAL_SURFACE('',#3615,30.);
#3615 = AXIS2_PLACEMENT_3D('',#3616,#3617,#3618);
#3616 = CARTESIAN_POINT('',(0.,0.,23.4));
#3617 = DIRECTION('',(0.,0.,1.));
#3618 = DIRECTION('',(1.,0.,-0.));
#3619 = ADVANCED_FACE('',(#3620),#3632,.T.);
#3620 = FACE_BOUND('',#3621,.T.);
#3621 = EDGE_LOOP('',(#3622,#3623,#3624,#3625));
#3622 = ORIENTED_EDGE('',*,*,#1635,.F.);
#3623 = ORIENTED_EDGE('',*,*,#3605,.T.);
#3624 = ORIENTED_EDGE('',*,*,#1872,.T.);
#3625 = ORIENTED_EDGE('',*,*,#3626,.F.);
#3626 = EDGE_CURVE('',#1628,#1865,#3627,.T.);
#3627 = CIRCLE('',#3628,29.4);
#3628 = AXIS2_PLACEMENT_3D('',#3629,#3630,#3631);
#3629 = CARTESIAN_POINT('',(0.,0.,26.4));
#3630 = DIRECTION('',(0.,0.,1.));
#3631 = DIRECTION('',(1.,0.,-0.));
#3632 = PLANE('',#3633);
#3633 = AXIS2_PLACEMENT_3D('',#3634,#3635,#3636);
#3634 = CARTESIAN_POINT('',(0.,0.,26.4));
#3635 = DIRECTION('',(0.,0.,1.));
#3636 = DIRECTION('',(1.,0.,-0.));
#3637 = ADVANCED_FACE('',(#3638),#3644,.T.);
#3638 = FACE_BOUND('',#3639,.T.);
#3639 = EDGE_LOOP('',(#3640,#3641,#3642,#3643));
#3640 = ORIENTED_EDGE('',*,*,#1627,.F.);
#3641 = ORIENTED_EDGE('',*,*,#3626,.T.);
#3642 = ORIENTED_EDGE('',*,*,#1864,.T.);
#3643 = ORIENTED_EDGE('',*,*,#2490,.F.);
#3644 = PLANE('',#3645);
#3645 = AXIS2_PLACEMENT_3D('',#3646,#3647,#3648);
#3646 = CARTESIAN_POINT('',(0.,0.,26.4));
#3647 = DIRECTION('',(0.,0.,1.));
#3648 = DIRECTION('',(1.,0.,-0.));
#3649 = ADVANCED_FACE('',(#3650),#3717,.F.);
#3650 = FACE_BOUND('',#3651,.F.);
#3651 = EDGE_LOOP('',(#3652,#3653,#3654,#3662,#3670,#3677,#3678,#3691,
    #3692,#3693,#3702,#3710,#3716));
#3652 = ORIENTED_EDGE('',*,*,#1821,.F.);
#3653 = ORIENTED_EDGE('',*,*,#2006,.F.);
#3654 = ORIENTED_EDGE('',*,*,#3655,.T.);
#3655 = EDGE_CURVE('',#2007,#3656,#3658,.T.);
#3656 = VERTEX_POINT('',#3657);
#3657 = CARTESIAN_POINT('',(-10.5,-8.500178566873,26.5));
#3658 = LINE('',#3659,#3660);
#3659 = CARTESIAN_POINT('',(-10.5,-2.5,26.5));
#3660 = VECTOR('',#3661,1.);
#3661 = DIRECTION('',(-1.224646799147E-16,-1.,0.));
#3662 = ORIENTED_EDGE('',*,*,#3663,.T.);
#3663 = EDGE_CURVE('',#3656,#3664,#3666,.T.);
#3664 = VERTEX_POINT('',#3665);
#3665 = CARTESIAN_POINT('',(-15.86653599029,-8.500178566873,26.5));
#3666 = LINE('',#3667,#3668);
#3667 = CARTESIAN_POINT('',(-10.5,-8.500178566873,26.5));
#3668 = VECTOR('',#3669,1.);
#3669 = DIRECTION('',(-1.,1.224646799147E-16,0.));
#3670 = ORIENTED_EDGE('',*,*,#3671,.F.);
#3671 = EDGE_CURVE('',#1945,#3664,#3672,.T.);
#3672 = CIRCLE('',#3673,18.);
#3673 = AXIS2_PLACEMENT_3D('',#3674,#3675,#3676);
#3674 = CARTESIAN_POINT('',(0.,0.,26.5));
#3675 = DIRECTION('',(0.,0.,1.));
#3676 = DIRECTION('',(1.,0.,-0.));
#3677 = ORIENTED_EDGE('',*,*,#1942,.F.);
#3678 = ORIENTED_EDGE('',*,*,#3679,.T.);
#3679 = EDGE_CURVE('',#1943,#2337,#3680,.T.);
#3680 = B_SPLINE_CURVE_WITH_KNOTS('',5,(#3681,#3682,#3683,#3684,#3685,
    #3686,#3687,#3688,#3689,#3690),.UNSPECIFIED.,.F.,.F.,(6,4,6),(0.,
    0.507345194997,1.),.UNSPECIFIED.);
#3681 = CARTESIAN_POINT('',(-18.87829359792,-5.,26.5));
#3682 = CARTESIAN_POINT('',(-18.50216866647,-5.910425558678,26.5));
#3683 = CARTESIAN_POINT('',(-18.06822931692,-6.796736809811,26.5));
#3684 = CARTESIAN_POINT('',(-17.57791636538,-7.653738652978,26.5));
#3685 = CARTESIAN_POINT('',(-17.03333932998,-8.476302394317,26.5));
#3686 = CARTESIAN_POINT('',(-15.85869266439,-10.01990423082,26.5));
#3687 = CARTESIAN_POINT('',(-15.23154373508,-10.74320730673,26.5));
#3688 = CARTESIAN_POINT('',(-14.55859428448,-11.4247813855,26.5));
#3689 = CARTESIAN_POINT('',(-13.843121403,-12.06028141521,26.5));
#3690 = CARTESIAN_POINT('',(-13.08911445034,-12.64568848844,26.5));
#3691 = ORIENTED_EDGE('',*,*,#2364,.T.);
#3692 = ORIENTED_EDGE('',*,*,#1699,.T.);
#3693 = ORIENTED_EDGE('',*,*,#3694,.F.);
#3694 = EDGE_CURVE('',#3695,#1702,#3697,.T.);
#3695 = VERTEX_POINT('',#3696);
#3696 = CARTESIAN_POINT('',(-8.500178566873,-15.86653599029,26.5));
#3697 = CIRCLE('',#3698,18.);
#3698 = AXIS2_PLACEMENT_3D('',#3699,#3700,#3701);
#3699 = CARTESIAN_POINT('',(0.,0.,26.5));
#3700 = DIRECTION('',(0.,0.,1.));
#3701 = DIRECTION('',(1.,0.,-0.));
#3702 = ORIENTED_EDGE('',*,*,#3703,.F.);
#3703 = EDGE_CURVE('',#3704,#3695,#3706,.T.);
#3704 = VERTEX_POINT('',#3705);
#3705 = CARTESIAN_POINT('',(-8.500178566873,-10.5,26.5));
#3706 = LINE('',#3707,#3708);
#3707 = CARTESIAN_POINT('',(-8.500178566873,-10.5,26.5));
#3708 = VECTOR('',#3709,1.);
#3709 = DIRECTION('',(-2.22044604925E-16,-1.,0.));
#3710 = ORIENTED_EDGE('',*,*,#3711,.T.);
#3711 = EDGE_CURVE('',#3704,#1758,#3712,.T.);
#3712 = LINE('',#3713,#3714);
#3713 = CARTESIAN_POINT('',(-2.5,-10.5,26.5));
#3714 = VECTOR('',#3715,1.);
#3715 = DIRECTION('',(1.,-2.22044604925E-16,0.));
#3716 = ORIENTED_EDGE('',*,*,#1757,.T.);
#3717 = PLANE('',#3718);
#3718 = AXIS2_PLACEMENT_3D('',#3719,#3720,#3721);
#3719 = CARTESIAN_POINT('',(0.,0.,26.5));
#3720 = DIRECTION('',(0.,0.,1.));
#3721 = DIRECTION('',(1.,0.,-0.));
#3722 = ADVANCED_FACE('',(#3723),#3734,.T.);
#3723 = FACE_BOUND('',#3724,.T.);
#3724 = EDGE_LOOP('',(#3725,#3726,#3733));
#3725 = ORIENTED_EDGE('',*,*,#3694,.F.);
#3726 = ORIENTED_EDGE('',*,*,#3727,.T.);
#3727 = EDGE_CURVE('',#3695,#1774,#3728,.T.);
#3728 = ELLIPSE('',#3729,25.455844122716,18.);
#3729 = AXIS2_PLACEMENT_3D('',#3730,#3731,#3732);
#3730 = CARTESIAN_POINT('',(0.,0.,17.999821433127));
#3731 = DIRECTION('',(0.707106781187,-1.570092458684E-16,0.707106781187)
  );
#3732 = DIRECTION('',(-0.707106781187,1.570092458684E-16,0.707106781187)
  );
#3733 = ORIENTED_EDGE('',*,*,#1781,.T.);
#3734 = CYLINDRICAL_SURFACE('',#3735,18.);
#3735 = AXIS2_PLACEMENT_3D('',#3736,#3737,#3738);
#3736 = CARTESIAN_POINT('',(0.,0.,21.4));
#3737 = DIRECTION('',(0.,0.,1.));
#3738 = DIRECTION('',(1.,0.,-0.));
#3739 = ADVANCED_FACE('',(#3740),#3751,.F.);
#3740 = FACE_BOUND('',#3741,.F.);
#3741 = EDGE_LOOP('',(#3742,#3743,#3749,#3750));
#3742 = ORIENTED_EDGE('',*,*,#1773,.F.);
#3743 = ORIENTED_EDGE('',*,*,#3744,.T.);
#3744 = EDGE_CURVE('',#1766,#3704,#3745,.T.);
#3745 = LINE('',#3746,#3747);
#3746 = CARTESIAN_POINT('',(-5.,-10.5,22.999821433127));
#3747 = VECTOR('',#3748,1.);
#3748 = DIRECTION('',(-0.707106781187,1.570092458684E-16,0.707106781187)
  );
#3749 = ORIENTED_EDGE('',*,*,#3703,.T.);
#3750 = ORIENTED_EDGE('',*,*,#3727,.T.);
#3751 = PLANE('',#3752);
#3752 = AXIS2_PLACEMENT_3D('',#3753,#3754,#3755);
#3753 = CARTESIAN_POINT('',(-5.,-10.5,22.999821433127));
#3754 = DIRECTION('',(0.707106781187,-1.570092458684E-16,0.707106781187)
  );
#3755 = DIRECTION('',(-0.707106781187,1.570092458684E-16,0.707106781187)
  );
#3756 = ADVANCED_FACE('',(#3757),#3762,.F.);
#3757 = FACE_BOUND('',#3758,.F.);
#3758 = EDGE_LOOP('',(#3759,#3760,#3761));
#3759 = ORIENTED_EDGE('',*,*,#3744,.F.);
#3760 = ORIENTED_EDGE('',*,*,#1765,.F.);
#3761 = ORIENTED_EDGE('',*,*,#3711,.F.);
#3762 = PLANE('',#3763);
#3763 = AXIS2_PLACEMENT_3D('',#3764,#3765,#3766);
#3764 = CARTESIAN_POINT('',(-5.,-10.5,22.999821433127));
#3765 = DIRECTION('',(-2.22044604925E-16,-1.,0.));
#3766 = DIRECTION('',(-0.707106781187,1.570092458684E-16,0.707106781187)
  );
#3767 = ADVANCED_FACE('',(#3768),#3822,.F.);
#3768 = FACE_BOUND('',#3769,.F.);
#3769 = EDGE_LOOP('',(#3770,#3771,#3772,#3780,#3788,#3795,#3796,#3797,
    #3798,#3807,#3815,#3821));
#3770 = ORIENTED_EDGE('',*,*,#2044,.F.);
#3771 = ORIENTED_EDGE('',*,*,#1904,.F.);
#3772 = ORIENTED_EDGE('',*,*,#3773,.T.);
#3773 = EDGE_CURVE('',#1905,#3774,#3776,.T.);
#3774 = VERTEX_POINT('',#3775);
#3775 = CARTESIAN_POINT('',(-8.500178566873,10.5,26.5));
#3776 = LINE('',#3777,#3778);
#3777 = CARTESIAN_POINT('',(-2.5,10.5,26.5));
#3778 = VECTOR('',#3779,1.);
#3779 = DIRECTION('',(-1.,1.110223024625E-16,0.));
#3780 = ORIENTED_EDGE('',*,*,#3781,.T.);
#3781 = EDGE_CURVE('',#3774,#3782,#3784,.T.);
#3782 = VERTEX_POINT('',#3783);
#3783 = CARTESIAN_POINT('',(-8.500178566873,15.866535990293,26.5));
#3784 = LINE('',#3785,#3786);
#3785 = CARTESIAN_POINT('',(-8.500178566873,10.5,26.5));
#3786 = VECTOR('',#3787,1.);
#3787 = DIRECTION('',(1.110223024625E-16,1.,0.));
#3788 = ORIENTED_EDGE('',*,*,#3789,.F.);
#3789 = EDGE_CURVE('',#1849,#3782,#3790,.T.);
#3790 = CIRCLE('',#3791,18.);
#3791 = AXIS2_PLACEMENT_3D('',#3792,#3793,#3794);
#3792 = CARTESIAN_POINT('',(0.,0.,26.5));
#3793 = DIRECTION('',(0.,0.,1.));
#3794 = DIRECTION('',(1.,0.,-0.));
#3795 = ORIENTED_EDGE('',*,*,#1846,.F.);
#3796 = ORIENTED_EDGE('',*,*,#2498,.T.);
#3797 = ORIENTED_EDGE('',*,*,#2095,.T.);
#3798 = ORIENTED_EDGE('',*,*,#3799,.F.);
#3799 = EDGE_CURVE('',#3800,#2098,#3802,.T.);
#3800 = VERTEX_POINT('',#3801);
#3801 = CARTESIAN_POINT('',(-15.86653599029,8.500178566873,26.5));
#3802 = CIRCLE('',#3803,18.);
#3803 = AXIS2_PLACEMENT_3D('',#3804,#3805,#3806);
#3804 = CARTESIAN_POINT('',(0.,0.,26.5));
#3805 = DIRECTION('',(0.,0.,1.));
#3806 = DIRECTION('',(1.,0.,-0.));
#3807 = ORIENTED_EDGE('',*,*,#3808,.F.);
#3808 = EDGE_CURVE('',#3809,#3800,#3811,.T.);
#3809 = VERTEX_POINT('',#3810);
#3810 = CARTESIAN_POINT('',(-10.5,8.500178566873,26.5));
#3811 = LINE('',#3812,#3813);
#3812 = CARTESIAN_POINT('',(-10.5,8.500178566873,26.5));
#3813 = VECTOR('',#3814,1.);
#3814 = DIRECTION('',(-1.,1.224646799147E-16,0.));
#3815 = ORIENTED_EDGE('',*,*,#3816,.T.);
#3816 = EDGE_CURVE('',#3809,#2147,#3817,.T.);
#3817 = LINE('',#3818,#3819);
#3818 = CARTESIAN_POINT('',(-10.5,2.5,26.5));
#3819 = VECTOR('',#3820,1.);
#3820 = DIRECTION('',(-1.224646799147E-16,-1.,0.));
#3821 = ORIENTED_EDGE('',*,*,#2146,.T.);
#3822 = PLANE('',#3823);
#3823 = AXIS2_PLACEMENT_3D('',#3824,#3825,#3826);
#3824 = CARTESIAN_POINT('',(0.,0.,26.5));
#3825 = DIRECTION('',(0.,0.,1.));
#3826 = DIRECTION('',(1.,0.,-0.));
#3827 = ADVANCED_FACE('',(#3828),#3839,.T.);
#3828 = FACE_BOUND('',#3829,.T.);
#3829 = EDGE_LOOP('',(#3830,#3831,#3838));
#3830 = ORIENTED_EDGE('',*,*,#1928,.F.);
#3831 = ORIENTED_EDGE('',*,*,#3832,.T.);
#3832 = EDGE_CURVE('',#1921,#3782,#3833,.T.);
#3833 = ELLIPSE('',#3834,25.455844122716,18.);
#3834 = AXIS2_PLACEMENT_3D('',#3835,#3836,#3837);
#3835 = CARTESIAN_POINT('',(0.,0.,17.999821433127));
#3836 = DIRECTION('',(0.707106781187,-7.850462293419E-17,0.707106781187)
  );
#3837 = DIRECTION('',(-0.707106781187,7.850462293419E-17,0.707106781187)
  );
#3838 = ORIENTED_EDGE('',*,*,#3789,.F.);
#3839 = CYLINDRICAL_SURFACE('',#3840,18.);
#3840 = AXIS2_PLACEMENT_3D('',#3841,#3842,#3843);
#3841 = CARTESIAN_POINT('',(0.,0.,21.4));
#3842 = DIRECTION('',(0.,0.,1.));
#3843 = DIRECTION('',(1.,0.,-0.));
#3844 = ADVANCED_FACE('',(#3845),#3856,.F.);
#3845 = FACE_BOUND('',#3846,.F.);
#3846 = EDGE_LOOP('',(#3847,#3848,#3854,#3855));
#3847 = ORIENTED_EDGE('',*,*,#3781,.F.);
#3848 = ORIENTED_EDGE('',*,*,#3849,.F.);
#3849 = EDGE_CURVE('',#1913,#3774,#3850,.T.);
#3850 = LINE('',#3851,#3852);
#3851 = CARTESIAN_POINT('',(-5.,10.5,22.999821433127));
#3852 = VECTOR('',#3853,1.);
#3853 = DIRECTION('',(-0.707106781187,7.850462293419E-17,0.707106781187)
  );
#3854 = ORIENTED_EDGE('',*,*,#1920,.T.);
#3855 = ORIENTED_EDGE('',*,*,#3832,.T.);
#3856 = PLANE('',#3857);
#3857 = AXIS2_PLACEMENT_3D('',#3858,#3859,#3860);
#3858 = CARTESIAN_POINT('',(-5.,10.5,22.999821433127));
#3859 = DIRECTION('',(0.707106781187,-7.850462293419E-17,0.707106781187)
  );
#3860 = DIRECTION('',(1.110223024625E-16,1.,0.));
#3861 = ADVANCED_FACE('',(#3862),#3867,.F.);
#3862 = FACE_BOUND('',#3863,.F.);
#3863 = EDGE_LOOP('',(#3864,#3865,#3866));
#3864 = ORIENTED_EDGE('',*,*,#1912,.T.);
#3865 = ORIENTED_EDGE('',*,*,#3849,.T.);
#3866 = ORIENTED_EDGE('',*,*,#3773,.F.);
#3867 = PLANE('',#3868);
#3868 = AXIS2_PLACEMENT_3D('',#3869,#3870,#3871);
#3869 = CARTESIAN_POINT('',(-5.,10.5,22.999821433127));
#3870 = DIRECTION('',(1.110223024625E-16,1.,0.));
#3871 = DIRECTION('',(0.707106781187,-7.850462293419E-17,0.707106781187)
  );
#3872 = ADVANCED_FACE('',(#3873),#3884,.T.);
#3873 = FACE_BOUND('',#3874,.T.);
#3874 = EDGE_LOOP('',(#3875,#3876,#3883));
#3875 = ORIENTED_EDGE('',*,*,#2030,.F.);
#3876 = ORIENTED_EDGE('',*,*,#3877,.T.);
#3877 = EDGE_CURVE('',#2023,#3664,#3878,.T.);
#3878 = ELLIPSE('',#3879,25.455844122716,18.);
#3879 = AXIS2_PLACEMENT_3D('',#3880,#3881,#3882);
#3880 = CARTESIAN_POINT('',(0.,0.,17.999821433127));
#3881 = DIRECTION('',(8.659560562355E-17,0.707106781187,0.707106781187)
  );
#3882 = DIRECTION('',(-8.659560562355E-17,-0.707106781187,0.707106781187
    ));
#3883 = ORIENTED_EDGE('',*,*,#3671,.F.);
#3884 = CYLINDRICAL_SURFACE('',#3885,18.);
#3885 = AXIS2_PLACEMENT_3D('',#3886,#3887,#3888);
#3886 = CARTESIAN_POINT('',(0.,0.,21.4));
#3887 = DIRECTION('',(0.,0.,1.));
#3888 = DIRECTION('',(1.,0.,-0.));
#3889 = ADVANCED_FACE('',(#3890),#3901,.F.);
#3890 = FACE_BOUND('',#3891,.F.);
#3891 = EDGE_LOOP('',(#3892,#3893,#3899,#3900));
#3892 = ORIENTED_EDGE('',*,*,#3663,.F.);
#3893 = ORIENTED_EDGE('',*,*,#3894,.F.);
#3894 = EDGE_CURVE('',#2015,#3656,#3895,.T.);
#3895 = LINE('',#3896,#3897);
#3896 = CARTESIAN_POINT('',(-10.5,-5.,22.999821433127));
#3897 = VECTOR('',#3898,1.);
#3898 = DIRECTION('',(-8.659560562355E-17,-0.707106781187,0.707106781187
    ));
#3899 = ORIENTED_EDGE('',*,*,#2022,.T.);
#3900 = ORIENTED_EDGE('',*,*,#3877,.T.);
#3901 = PLANE('',#3902);
#3902 = AXIS2_PLACEMENT_3D('',#3903,#3904,#3905);
#3903 = CARTESIAN_POINT('',(-10.5,-5.,22.999821433127));
#3904 = DIRECTION('',(8.659560562355E-17,0.707106781187,0.707106781187)
  );
#3905 = DIRECTION('',(-1.,1.224646799147E-16,0.));
#3906 = ADVANCED_FACE('',(#3907),#3912,.F.);
#3907 = FACE_BOUND('',#3908,.F.);
#3908 = EDGE_LOOP('',(#3909,#3910,#3911));
#3909 = ORIENTED_EDGE('',*,*,#2014,.T.);
#3910 = ORIENTED_EDGE('',*,*,#3894,.T.);
#3911 = ORIENTED_EDGE('',*,*,#3655,.F.);
#3912 = PLANE('',#3913);
#3913 = AXIS2_PLACEMENT_3D('',#3914,#3915,#3916);
#3914 = CARTESIAN_POINT('',(-10.5,-5.,22.999821433127));
#3915 = DIRECTION('',(-1.,1.224646799147E-16,0.));
#3916 = DIRECTION('',(8.659560562355E-17,0.707106781187,0.707106781187)
  );
#3917 = ADVANCED_FACE('',(#3918),#3930,.F.);
#3918 = FACE_BOUND('',#3919,.F.);
#3919 = EDGE_LOOP('',(#3920,#3921,#3928,#3929));
#3920 = ORIENTED_EDGE('',*,*,#2137,.F.);
#3921 = ORIENTED_EDGE('',*,*,#3922,.T.);
#3922 = EDGE_CURVE('',#2130,#1982,#3923,.T.);
#3923 = CIRCLE('',#3924,30.);
#3924 = AXIS2_PLACEMENT_3D('',#3925,#3926,#3927);
#3925 = CARTESIAN_POINT('',(0.,0.,23.4));
#3926 = DIRECTION('',(0.,0.,1.));
#3927 = DIRECTION('',(1.,0.,-0.));
#3928 = ORIENTED_EDGE('',*,*,#1989,.T.);
#3929 = ORIENTED_EDGE('',*,*,#2080,.F.);
#3930 = PLANE('',#3931);
#3931 = AXIS2_PLACEMENT_3D('',#3932,#3933,#3934);
#3932 = CARTESIAN_POINT('',(0.,0.,23.4));
#3933 = DIRECTION('',(0.,0.,1.));
#3934 = DIRECTION('',(1.,0.,-0.));
#3935 = ADVANCED_FACE('',(#3936),#3948,.T.);
#3936 = FACE_BOUND('',#3937,.T.);
#3937 = EDGE_LOOP('',(#3938,#3945,#3946,#3947));
#3938 = ORIENTED_EDGE('',*,*,#3939,.F.);
#3939 = EDGE_CURVE('',#2122,#1974,#3940,.T.);
#3940 = CIRCLE('',#3941,30.);
#3941 = AXIS2_PLACEMENT_3D('',#3942,#3943,#3944);
#3942 = CARTESIAN_POINT('',(0.,0.,26.4));
#3943 = DIRECTION('',(0.,0.,1.));
#3944 = DIRECTION('',(1.,0.,-0.));
#3945 = ORIENTED_EDGE('',*,*,#2129,.F.);
#3946 = ORIENTED_EDGE('',*,*,#3922,.T.);
#3947 = ORIENTED_EDGE('',*,*,#1981,.T.);
#3948 = CYLINDRICAL_SURFACE('',#3949,30.);
#3949 = AXIS2_PLACEMENT_3D('',#3950,#3951,#3952);
#3950 = CARTESIAN_POINT('',(0.,0.,23.4));
#3951 = DIRECTION('',(0.,0.,1.));
#3952 = DIRECTION('',(1.,0.,-0.));
#3953 = ADVANCED_FACE('',(#3954),#3966,.T.);
#3954 = FACE_BOUND('',#3955,.T.);
#3955 = EDGE_LOOP('',(#3956,#3957,#3958,#3959));
#3956 = ORIENTED_EDGE('',*,*,#2121,.F.);
#3957 = ORIENTED_EDGE('',*,*,#3939,.T.);
#3958 = ORIENTED_EDGE('',*,*,#1973,.T.);
#3959 = ORIENTED_EDGE('',*,*,#3960,.F.);
#3960 = EDGE_CURVE('',#2114,#1966,#3961,.T.);
#3961 = CIRCLE('',#3962,29.4);
#3962 = AXIS2_PLACEMENT_3D('',#3963,#3964,#3965);
#3963 = CARTESIAN_POINT('',(0.,0.,26.4));
#3964 = DIRECTION('',(0.,0.,1.));
#3965 = DIRECTION('',(1.,0.,-0.));
#3966 = PLANE('',#3967);
#3967 = AXIS2_PLACEMENT_3D('',#3968,#3969,#3970);
#3968 = CARTESIAN_POINT('',(0.,0.,26.4));
#3969 = DIRECTION('',(0.,0.,1.));
#3970 = DIRECTION('',(1.,0.,-0.));
#3971 = ADVANCED_FACE('',(#3972),#4007,.T.);
#3972 = FACE_BOUND('',#3973,.T.);
#3973 = EDGE_LOOP('',(#3974,#3975,#3976,#3977,#4000,#4006));
#3974 = ORIENTED_EDGE('',*,*,#2113,.F.);
#3975 = ORIENTED_EDGE('',*,*,#3960,.T.);
#3976 = ORIENTED_EDGE('',*,*,#1965,.T.);
#3977 = ORIENTED_EDGE('',*,*,#3978,.F.);
#3978 = EDGE_CURVE('',#3979,#1953,#3981,.T.);
#3979 = VERTEX_POINT('',#3980);
#3980 = CARTESIAN_POINT('',(-20.,-8.208847438107E-15,26.4));
#3981 = B_SPLINE_CURVE_WITH_KNOTS('',5,(#3982,#3983,#3984,#3985,#3986,
    #3987,#3988,#3989,#3990,#3991,#3992,#3993,#3994,#3995,#3996,#3997,
    #3998,#3999),.UNSPECIFIED.,.F.,.F.,(6,4,4,4,6),(0.,0.27298514384,
    0.538835166809,0.772303473721,1.),.UNSPECIFIED.);
#3982 = CARTESIAN_POINT('',(-20.,7.105427357601E-15,26.4));
#3983 = CARTESIAN_POINT('',(-19.89356166619,-0.815598816516,26.4));
#3984 = CARTESIAN_POINT('',(-19.74486390258,-1.625543324553,26.4));
#3985 = CARTESIAN_POINT('',(-19.55394553021,-2.426851022961,26.4));
#3986 = CARTESIAN_POINT('',(-19.32113992847,-3.21648758977,26.4));
#3987 = CARTESIAN_POINT('',(-18.78027460691,-4.746022291375,26.4));
#3988 = CARTESIAN_POINT('',(-18.47433861444,-5.486687382444,26.4));
#3989 = CARTESIAN_POINT('',(-18.12994732996,-6.210538384391,26.4));
#3990 = CARTESIAN_POINT('',(-17.7480269756,-6.914745315111,26.4));
#3991 = CARTESIAN_POINT('',(-16.96259782717,-8.195233804882,26.4));
#3992 = CARTESIAN_POINT('',(-16.56738256071,-8.77665330746,26.4));
#3993 = CARTESIAN_POINT('',(-16.14505678795,-9.338874671246,26.4));
#3994 = CARTESIAN_POINT('',(-15.69666766847,-9.880046421708,26.4));
#3995 = CARTESIAN_POINT('',(-14.76197629041,-10.90389608267,26.4));
#3996 = CARTESIAN_POINT('',(-14.27688275673,-11.38769217672,26.4));
#3997 = CARTESIAN_POINT('',(-13.76936002446,-11.84810552972,26.4));
#3998 = CARTESIAN_POINT('',(-13.24074980564,-12.28354920803,26.4));
#3999 = CARTESIAN_POINT('',(-12.69258561343,-12.69253244024,26.4));
#4000 = ORIENTED_EDGE('',*,*,#4001,.F.);
#4001 = EDGE_CURVE('',#2437,#3979,#4002,.T.);
#4002 = LINE('',#4003,#4004);
#4003 = CARTESIAN_POINT('',(-9.367782154166,3.850695187683E-14,26.4));
#4004 = VECTOR('',#4005,1.);
#4005 = DIRECTION('',(-1.,-3.428417942848E-15,0.));
#4006 = ORIENTED_EDGE('',*,*,#2506,.F.);
#4007 = PLANE('',#4008);
#4008 = AXIS2_PLACEMENT_3D('',#4009,#4010,#4011);
#4009 = CARTESIAN_POINT('',(0.,0.,26.4));
#4010 = DIRECTION('',(0.,0.,1.));
#4011 = DIRECTION('',(1.,0.,-0.));
#4012 = ADVANCED_FACE('',(#4013),#4550,.F.);
#4013 = FACE_BOUND('',#4014,.F.);
#4014 = EDGE_LOOP('',(#4015,#4016,#4090,#4113,#4124,#4129,#4213,#4297,
    #4388,#4465,#4547,#4548,#4549));
#4015 = ORIENTED_EDGE('',*,*,#3978,.F.);
#4016 = ORIENTED_EDGE('',*,*,#4017,.T.);
#4017 = EDGE_CURVE('',#3979,#4018,#4020,.T.);
#4018 = VERTEX_POINT('',#4019);
#4019 = CARTESIAN_POINT('',(14.142190639028,-14.14206405065,69.4));
#4020 = B_SPLINE_CURVE_WITH_KNOTS('',9,(#4021,#4022,#4023,#4024,#4025,
    #4026,#4027,#4028,#4029,#4030,#4031,#4032,#4033,#4034,#4035,#4036,
    #4037,#4038,#4039,#4040,#4041,#4042,#4043,#4044,#4045,#4046,#4047,
    #4048,#4049,#4050,#4051,#4052,#4053,#4054,#4055,#4056,#4057,#4058,
    #4059,#4060,#4061,#4062,#4063,#4064,#4065,#4066,#4067,#4068,#4069,
    #4070,#4071,#4072,#4073,#4074,#4075,#4076,#4077,#4078,#4079,#4080,
    #4081,#4082,#4083,#4084,#4085,#4086,#4087,#4088,#4089),
  .UNSPECIFIED.,.F.,.F.,(10,8,9,8,9,8,9,8,10),(0.,6.993548514224,
    13.987097028449,20.980645542673,27.974194056897,34.967742571122,
    41.961291085346,48.95483959957,55.948388113795),.UNSPECIFIED.);
#4021 = CARTESIAN_POINT('',(-20.,9.554720955896E-15,26.4));
#4022 = CARTESIAN_POINT('',(-19.99999497895,-9.599342085495,
    27.011093054131));
#4023 = CARTESIAN_POINT('',(-14.81601903564,-19.19999537458,
    27.622259933985));
#4024 = CARTESIAN_POINT('',(-4.45389622683,-25.59110334025,
    28.23326776136));
#4025 = CARTESIAN_POINT('',(8.805458207698,-25.62845283583,
    28.844502919997));
#4026 = CARTESIAN_POINT('',(20.307950832958,-17.94283775388,
    29.455513851252));
#4027 = CARTESIAN_POINT('',(25.347462928352,-5.67836135567,
    30.066679381355));
#4028 = CARTESIAN_POINT('',(23.408394214005,6.340653099804,
    30.677772213972));
#4029 = CARTESIAN_POINT('',(16.522270634964,14.804094247719,
    31.288885517104));
#4030 = CARTESIAN_POINT('',(-1.214934566912,22.151085077859,
    32.511109079387));
#4031 = CARTESIAN_POINT('',(-12.0687150775,21.035753703125,
    33.122220167178));
#4032 = CARTESIAN_POINT('',(-21.9385753912,13.908153622152,
    33.733320634991));
#4033 = CARTESIAN_POINT('',(-27.04738116398,1.672383554496,
    34.344469950614));
#4034 = CARTESIAN_POINT('',(-24.34846807054,-11.89564203651,
    34.955506363085));
#4035 = CARTESIAN_POINT('',(-14.94624535193,-21.24503985198,
    35.566710096957));
#4036 = CARTESIAN_POINT('',(-3.099950516692,-24.0529428761,
    36.177749038725));
#4037 = CARTESIAN_POINT('',(7.354377088613,-20.92989527852,
    36.788891059126));
#4038 = CARTESIAN_POINT('',(14.142135623731,-14.14213562373,
    37.399999999993));
#4039 = CARTESIAN_POINT('',(20.929891956908,-7.354372189735,
    38.011093054143));
#4040 = CARTESIAN_POINT('',(24.052954458378,3.099939397835,
    38.622259933972));
#4041 = CARTESIAN_POINT('',(21.245022934682,14.946262485223,
    39.233267761368));
#4042 = CARTESIAN_POINT('',(11.89565358137,24.348452001685,
    39.844502919995));
#4043 = CARTESIAN_POINT('',(-1.67238749645,27.04739199547,
    40.455513851251));
#4044 = CARTESIAN_POINT('',(-13.9081551019,21.938570743144,
    41.066679381355));
#4045 = CARTESIAN_POINT('',(-21.03575308943,12.068715481386,
    41.677772213973));
#4046 = CARTESIAN_POINT('',(-22.15108503846,1.214934174696,
    42.288885517103));
#4047 = CARTESIAN_POINT('',(-14.80409399823,-16.52227094015,
    43.511109079389));
#4048 = CARTESIAN_POINT('',(-6.340653819323,-23.40839436238,
    44.122220167165));
#4049 = CARTESIAN_POINT('',(5.678365688635,-25.34746516857,
    44.733320635026));
#4050 = CARTESIAN_POINT('',(17.942832882359,-20.3079403868,
    45.344469950553));
#4051 = CARTESIAN_POINT('',(25.628456034648,-8.805477733219,
    45.955506363167));
#4052 = CARTESIAN_POINT('',(25.591103187663,4.453920303988,
    46.566710096872));
#4053 = CARTESIAN_POINT('',(19.199995046828,14.816002983622,
    47.177749038794));
#4054 = CARTESIAN_POINT('',(9.599340970232,20.000000791749,
    47.788891059082));
#4055 = CARTESIAN_POINT('',(4.430386054487E-12,20.000000000003,
    48.400000000015));
#4056 = CARTESIAN_POINT('',(-9.599342085493,19.999994978948,
    49.011093054105));
#4057 = CARTESIAN_POINT('',(-19.19999537459,14.816019035647,
    49.622259934008));
#4058 = CARTESIAN_POINT('',(-25.59110334023,4.453896226833,
    50.233267761353));
#4059 = CARTESIAN_POINT('',(-25.62845283585,-8.805458207703,
    50.844502919989));
#4060 = CARTESIAN_POINT('',(-17.94283775387,-20.30795083295,
    51.455513851264));
#4061 = CARTESIAN_POINT('',(-5.678361355673,-25.34746292835,
    52.066679381348));
#4062 = CARTESIAN_POINT('',(6.340653099804,-23.408394214,52.677772213975
    ));
#4063 = CARTESIAN_POINT('',(14.804094247719,-16.52227063496,
    53.288885517104));
#4064 = CARTESIAN_POINT('',(22.151085077859,1.214934566912,
    54.511109079388));
#4065 = CARTESIAN_POINT('',(21.035753703132,12.068715077513,
    55.122220167172));
#4066 = CARTESIAN_POINT('',(13.908153622108,21.938575391174,
    55.733320635002));
#4067 = CARTESIAN_POINT('',(1.672383554607,27.047381164049,
    56.344469950599));
#4068 = CARTESIAN_POINT('',(-11.89564203668,24.348468070453,
    56.955506363109));
#4069 = CARTESIAN_POINT('',(-21.24503985183,14.946245352013,
    57.56671009692));
#4070 = CARTESIAN_POINT('',(-24.05294287619,3.099950516662,
    58.177749038772));
#4071 = CARTESIAN_POINT('',(-20.92989527851,-7.354377088616,
    58.788891059084));
#4072 = CARTESIAN_POINT('',(-14.14213562373,-14.14213562373,
    59.400000000015));
#4073 = CARTESIAN_POINT('',(-7.354372193138,-20.92989195603,
    60.011093041831));
#4074 = CARTESIAN_POINT('',(3.099939411853,-24.05295446193,
    60.622259984509));
#4075 = CARTESIAN_POINT('',(14.946262450878,-21.24502292599,
    61.233267637659));
#4076 = CARTESIAN_POINT('',(24.348452062633,-11.89565359674,
    61.844503139458));
#4077 = CARTESIAN_POINT('',(27.047391911769,1.672387517546,
    62.455513549902));
#4078 = CARTESIAN_POINT('',(21.938570834589,13.908155078869,
    63.066679710567));
#4079 = CARTESIAN_POINT('',(12.068715401208,21.035753109624,
    63.677771925335));
#4080 = CARTESIAN_POINT('',(1.214934230811,22.151085024337,
    64.288885719118));
#4081 = CARTESIAN_POINT('',(-16.52227105763,14.80409402782,
    65.511108656468));
#4082 = CARTESIAN_POINT('',(-23.40839372822,6.340653659604,
    66.122222450245));
#4083 = CARTESIAN_POINT('',(-25.34746682678,-5.678365270983,
    66.733314665043));
#4084 = CARTESIAN_POINT('',(-20.30793736619,-17.94283364316,
    67.344480825631));
#4085 = CARTESIAN_POINT('',(-8.805481934853,-25.62845497639,
    67.95549123621));
#4086 = CARTESIAN_POINT('',(4.453924926256,-25.59110435181,
    68.566726737825));
#4087 = CARTESIAN_POINT('',(14.815998914926,-19.19999402213,
    69.17773439118));
#4088 = CARTESIAN_POINT('',(20.000003645792,-9.599341689006,
    69.788901333675));
#4089 = CARTESIAN_POINT('',(19.99999843766,3.934623447053E-07,
    70.399994375611));
#4090 = ORIENTED_EDGE('',*,*,#4091,.T.);
#4091 = EDGE_CURVE('',#4018,#4092,#4094,.T.);
#4092 = VERTEX_POINT('',#4093);
#4093 = CARTESIAN_POINT('',(18.127201465974,-3.156670241252,69.4));
#4094 = B_SPLINE_CURVE_WITH_KNOTS('',5,(#4095,#4096,#4097,#4098,#4099,
    #4100,#4101,#4102,#4103,#4104,#4105,#4106,#4107,#4108,#4109,#4110,
    #4111,#4112),.UNSPECIFIED.,.F.,.F.,(6,4,4,4,6),(0.,0.269666058471,
    0.533204401156,0.769163313598,1.),.UNSPECIFIED.);
#4095 = CARTESIAN_POINT('',(14.142190639028,-14.14206405065,69.4));
#4096 = CARTESIAN_POINT('',(14.579866080971,-13.57299802406,69.4));
#4097 = CARTESIAN_POINT('',(14.991733699653,-12.98421706421,69.4));
#4098 = CARTESIAN_POINT('',(15.376406940615,-12.37713718373,69.4));
#4099 = CARTESIAN_POINT('',(15.732600550847,-11.75332035317,69.4));
#4100 = CARTESIAN_POINT('',(16.378282967719,-10.49016902792,69.4));
#4101 = CARTESIAN_POINT('',(16.669105238929,-9.851506075923,69.4));
#4102 = CARTESIAN_POINT('',(16.930533638572,-9.200103963014,69.4));
#4103 = CARTESIAN_POINT('',(17.161605871117,-8.537692667169,69.4));
#4104 = CARTESIAN_POINT('',(17.54048545181,-7.264853633612,69.4));
#4105 = CARTESIAN_POINT('',(17.694476607761,-6.656237962937,69.4));
#4106 = CARTESIAN_POINT('',(17.822893218318,-6.041622783015,69.4));
#4107 = CARTESIAN_POINT('',(17.925247951526,-5.422414316802,69.4));
#4108 = CARTESIAN_POINT('',(18.075437598918,-4.191277635663,69.4));
#4109 = CARTESIAN_POINT('',(18.124408061678,-3.579481096327,69.4));
#4110 = CARTESIAN_POINT('',(18.147728201379,-2.966086500486,69.4));
#4111 = CARTESIAN_POINT('',(18.145153759335,-2.352531490335,69.4));
#4112 = CARTESIAN_POINT('',(18.116560206324,-1.740306361054,69.4));
#4113 = ORIENTED_EDGE('',*,*,#4114,.F.);
#4114 = EDGE_CURVE('',#4115,#4092,#4117,.T.);
#4115 = VERTEX_POINT('',#4116);
#4116 = CARTESIAN_POINT('',(18.727685286622,5.767033586909E-08,
    69.779358735666));
#4117 = B_SPLINE_CURVE_WITH_KNOTS('',5,(#4118,#4119,#4120,#4121,#4122,
    #4123),.UNSPECIFIED.,.F.,.F.,(6,6),(0.,1.),
  .PIECEWISE_BEZIER_KNOTS.);
#4118 = CARTESIAN_POINT('',(18.727685274916,-2.13162820728E-14,
    69.779358722114));
#4119 = CARTESIAN_POINT('',(18.662681374258,-0.640498474247,
    69.704104206388));
#4120 = CARTESIAN_POINT('',(18.570035219461,-1.278037146963,
    69.628548258471));
#4121 = CARTESIAN_POINT('',(18.449771411356,-1.910999430075,
    69.552683017143));
#4122 = CARTESIAN_POINT('',(18.30205491195,-2.537756569603,
    69.476501897825));
#4123 = CARTESIAN_POINT('',(18.127201465974,-3.156670241252,69.4));
#4124 = ORIENTED_EDGE('',*,*,#4125,.F.);
#4125 = EDGE_CURVE('',#2969,#4115,#4126,.T.);
#4126 = B_SPLINE_CURVE_WITH_KNOTS('',1,(#4127,#4128),.UNSPECIFIED.,.F.,
  .F.,(2,2),(0.,2.280898945591),.PIECEWISE_BEZIER_KNOTS.);
#4127 = CARTESIAN_POINT('',(17.949995313008,-5.465870014197E-08,
    69.400000781173));
#4128 = CARTESIAN_POINT('',(19.99999843766,3.934623447053E-07,
    70.399994375611));
#4129 = ORIENTED_EDGE('',*,*,#4130,.F.);
#4130 = EDGE_CURVE('',#4131,#2969,#4133,.T.);
#4131 = VERTEX_POINT('',#4132);
#4132 = CARTESIAN_POINT('',(18.2,-4.457714348896E-15,61.521962491297));
#4133 = B_SPLINE_CURVE_WITH_KNOTS('',8,(#4134,#4135,#4136,#4137,#4138,
    #4139,#4140,#4141,#4142,#4143,#4144,#4145,#4146,#4147,#4148,#4149,
    #4150,#4151,#4152,#4153,#4154,#4155,#4156,#4157,#4158,#4159,#4160,
    #4161,#4162,#4163,#4164,#4165,#4166,#4167,#4168,#4169,#4170,#4171,
    #4172,#4173,#4174,#4175,#4176,#4177,#4178,#4179,#4180,#4181,#4182,
    #4183,#4184,#4185,#4186,#4187,#4188,#4189,#4190,#4191,#4192,#4193,
    #4194,#4195,#4196,#4197,#4198,#4199,#4200,#4201,#4202,#4203,#4204,
    #4205,#4206,#4207,#4208,#4209,#4210,#4211,#4212),.UNSPECIFIED.,.F.,
  .F.,(9,7,7,7,7,7,7,7,7,7,7,9),(0.,0.102703715776,0.236310359652,
    0.302476292831,0.340914217295,0.371214541638,0.457641925944,
    0.571037091689,0.675986455715,0.779707181051,0.925743264675,1.),
  .UNSPECIFIED.);
#4134 = CARTESIAN_POINT('',(18.2,1.42108547152E-14,61.521962491297));
#4135 = CARTESIAN_POINT('',(18.2,1.467780803717,61.624641702186));
#4136 = CARTESIAN_POINT('',(18.064717050456,2.936016912219,
    61.727351429408));
#4137 = CARTESIAN_POINT('',(17.794004590858,4.389493980427,
    61.830046079763));
#4138 = CARTESIAN_POINT('',(17.389935502592,5.813649288007,
    61.932727950083));
#4139 = CARTESIAN_POINT('',(16.856267489215,7.194461246011,
    62.035410995807));
#4140 = CARTESIAN_POINT('',(16.198440260915,8.518480894794,
    62.138108611805));
#4141 = CARTESIAN_POINT('',(15.423544540015,9.772853959086,
    62.240822935435));
#4142 = CARTESIAN_POINT('',(13.392471617782,12.471072541199,
    62.477093417392));
#4143 = CARTESIAN_POINT('',(12.06025083781,13.86020195348,
    62.610791197269));
#4144 = CARTESIAN_POINT('',(10.564396540045,15.084917139025,
    62.744425243243));
#4145 = CARTESIAN_POINT('',(8.92916686637,16.123586538828,
    62.878014159389));
#4146 = CARTESIAN_POINT('',(7.181131533611,16.958552330445,
    63.011597497956));
#4147 = CARTESIAN_POINT('',(5.34935539664,17.576663344218,
    63.145223598974));
#4148 = CARTESIAN_POINT('',(3.465049384205,17.968844559025,
    63.278916076936));
#4149 = CARTESIAN_POINT('',(0.620549358501,18.213980715706,
    63.47865396294));
#4150 = CARTESIAN_POINT('',(-0.326466536079,18.23923624152,
    63.544814327716));
#4151 = CARTESIAN_POINT('',(-1.274409057288,18.208198345067,
    63.61097350633));
#4152 = CARTESIAN_POINT('',(-2.219354898159,18.120868913249,
    63.67712967743));
#4153 = CARTESIAN_POINT('',(-3.157428540245,17.977571707652,
    63.743283505271));
#4154 = CARTESIAN_POINT('',(-4.084802549092,17.77893586033,
    63.809436205885));
#4155 = CARTESIAN_POINT('',(-4.997700050228,17.525901189804,
    63.875588480108));
#4156 = CARTESIAN_POINT('',(-6.41215908401,17.041889528863,
    63.980170046887));
#4157 = CARTESIAN_POINT('',(-6.925786157497,16.846102999934,
    64.018600843042));
#4158 = CARTESIAN_POINT('',(-7.432554712216,16.632634454011,
    64.057032434469));
#4159 = CARTESIAN_POINT('',(-7.931754887835,16.401765775817,
    64.095464551212));
#4160 = CARTESIAN_POINT('',(-8.422692857578,16.153812031267,
    64.133896920831));
#4161 = CARTESIAN_POINT('',(-8.904690828221,15.889121467462,
    64.17232926839));
#4162 = CARTESIAN_POINT('',(-9.377087040094,15.608075512691,
    64.210761316466));
#4163 = CARTESIAN_POINT('',(-10.20354410364,15.076976384575,
    64.27948802044));
#4164 = CARTESIAN_POINT('',(-10.56148140895,14.832959764481,
    64.309782656909));
#4165 = CARTESIAN_POINT('',(-10.91273170881,14.579244166719,
    64.340076592951));
#4166 = CARTESIAN_POINT('',(-11.25698942519,14.316043907969,
    64.370369908592));
#4167 = CARTESIAN_POINT('',(-11.5939593762,14.043582371022,
    64.400662865476));
#4168 = CARTESIAN_POINT('',(-11.92335677612,13.762092004781,
    64.43095590687));
#4169 = CARTESIAN_POINT('',(-12.24490723534,13.471814324263,
    64.461249657661));
#4170 = CARTESIAN_POINT('',(-13.45238861905,12.32067411123,
    64.577957882451));
#4171 = CARTESIAN_POINT('',(-14.28044458694,11.398882634029,
    64.664383244667));
#4172 = CARTESIAN_POINT('',(-15.03601566814,10.41376018774,
    64.750804253968));
#4173 = CARTESIAN_POINT('',(-15.7135178784,9.37201606374,64.83721947533)
  );
#4174 = CARTESIAN_POINT('',(-16.3081526144,8.280843496239,
    64.923635126122));
#4175 = CARTESIAN_POINT('',(-16.81586811479,7.147883460457,
    65.010057253374));
#4176 = CARTESIAN_POINT('',(-17.23341201304,5.981242908778,
    65.096483757933));
#4177 = CARTESIAN_POINT('',(-17.98496676494,3.226055627096,
    65.296271912542));
#4178 = CARTESIAN_POINT('',(-18.2525362443,1.61843920405,65.409696181758
    ));
#4179 = CARTESIAN_POINT('',(-18.35549244942,-1.340004070453E-02,
    65.52309265482));
#4180 = CARTESIAN_POINT('',(-18.29172358739,-1.649746767597,
    65.636466867281));
#4181 = CARTESIAN_POINT('',(-18.0616737241,-3.271079738065,
    65.749841897624));
#4182 = CARTESIAN_POINT('',(-17.66841265145,-4.858124782055,
    65.863239914378));
#4183 = CARTESIAN_POINT('',(-17.11754037626,-6.391893737228,
    65.976666882069));
#4184 = CARTESIAN_POINT('',(-15.77090942126,-9.206966485105,
    66.194985056551));
#4185 = CARTESIAN_POINT('',(-14.99598097212,-10.49953810715,
    66.299958144605));
#4186 = CARTESIAN_POINT('',(-14.1002681866,-11.71684586786,
    66.40491506836));
#4187 = CARTESIAN_POINT('',(-13.0925224509,-12.84586395621,
    66.509856495237));
#4188 = CARTESIAN_POINT('',(-11.98287706263,-13.87488992381,
    66.614795339816));
#4189 = CARTESIAN_POINT('',(-10.78284163329,-14.79357731091,
    66.719745507316));
#4190 = CARTESIAN_POINT('',(-9.505264964177,-15.59293836406,
    66.824710054481));
#4191 = CARTESIAN_POINT('',(-6.839904366559,-16.9308336787,
    67.033340210477));
#4192 = CARTESIAN_POINT('',(-5.452763725644,-17.47272449008,
    67.137070943684));
#4193 = CARTESIAN_POINT('',(-4.017259011028,-17.88433362794,
    67.240784186972));
#4194 = CARTESIAN_POINT('',(-2.547749188456,-18.16087321126,
    67.34448361331));
#4195 = CARTESIAN_POINT('',(-1.058872242447,-18.2993591839,
    67.448184784874));
#4196 = CARTESIAN_POINT('',(0.434477073576,-18.29863244258,
    67.551902408892));
#4197 = CARTESIAN_POINT('',(1.917175467296,-18.15934584535,
    67.655638467377));
#4198 = CARTESIAN_POINT('',(5.424801848472,-17.4976466106,
    67.905358759872));
#4199 = CARTESIAN_POINT('',(7.427550203082,-16.8414710963,
    68.051553934622));
#4200 = CARTESIAN_POINT('',(9.336782561529,-15.92339690161,
    68.197645911612));
#4201 = CARTESIAN_POINT('',(11.113497776167,-14.7603697351,
    68.343674018668));
#4202 = CARTESIAN_POINT('',(12.722294618097,-13.3743445943,
    68.489692621461));
#4203 = CARTESIAN_POINT('',(14.132287706035,-11.79327945169,
    68.635771983737));
#4204 = CARTESIAN_POINT('',(15.316449666432,-10.05000384352,
    68.781957409818));
#4205 = CARTESIAN_POINT('',(16.732531516706,-7.23800415713,
    69.002221002451));
#4206 = CARTESIAN_POINT('',(17.146742435953,-6.258231490947,
    69.076475210741));
#4207 = CARTESIAN_POINT('',(17.495272628868,-5.251587586892,
    69.150726678288));
#4208 = CARTESIAN_POINT('',(17.776126375758,-4.223236247602,
    69.224973738974));
#4209 = CARTESIAN_POINT('',(17.987802827428,-3.178458293512,
    69.299218193354));
#4210 = CARTESIAN_POINT('',(18.129273118082,-2.122642052758,
    69.373462196785));
#4211 = CARTESIAN_POINT('',(18.2,-1.061284065122,69.447706968262));
#4212 = CARTESIAN_POINT('',(18.2,-8.88533691068E-12,69.521953319959));
#4213 = ORIENTED_EDGE('',*,*,#4214,.F.);
#4214 = EDGE_CURVE('',#4215,#4131,#4217,.T.);
#4215 = VERTEX_POINT('',#4216);
#4216 = CARTESIAN_POINT('',(18.2,-4.457714348896E-15,53.521953166323));
#4217 = B_SPLINE_CURVE_WITH_KNOTS('',8,(#4218,#4219,#4220,#4221,#4222,
    #4223,#4224,#4225,#4226,#4227,#4228,#4229,#4230,#4231,#4232,#4233,
    #4234,#4235,#4236,#4237,#4238,#4239,#4240,#4241,#4242,#4243,#4244,
    #4245,#4246,#4247,#4248,#4249,#4250,#4251,#4252,#4253,#4254,#4255,
    #4256,#4257,#4258,#4259,#4260,#4261,#4262,#4263,#4264,#4265,#4266,
    #4267,#4268,#4269,#4270,#4271,#4272,#4273,#4274,#4275,#4276,#4277,
    #4278,#4279,#4280,#4281,#4282,#4283,#4284,#4285,#4286,#4287,#4288,
    #4289,#4290,#4291,#4292,#4293,#4294,#4295,#4296),.UNSPECIFIED.,.F.,
  .F.,(9,7,7,7,7,7,7,7,7,7,7,9),(0.,8.313188899589E-02,0.19305928723,
    0.291143797537,0.406964744706,0.543539367669,0.592928532256,
    0.625589533423,0.66502112063,0.781006432728,0.879527666326,1.),
  .UNSPECIFIED.);
#4218 = CARTESIAN_POINT('',(18.2,1.42108547152E-14,53.521953166323));
#4219 = CARTESIAN_POINT('',(18.2,1.188123628085,53.60507152562));
#4220 = CARTESIAN_POINT('',(18.111356782046,2.376369155571,
    53.688198914539));
#4221 = CARTESIAN_POINT('',(17.934040630403,3.556818840622,
    53.771322604639));
#4222 = CARTESIAN_POINT('',(17.668904271122,4.721767344676,
    53.854442033083));
#4223 = CARTESIAN_POINT('',(17.317564225302,5.863694353889,
    53.937562484105));
#4224 = CARTESIAN_POINT('',(16.882364273436,6.975261659619,
    54.020688573536));
#4225 = CARTESIAN_POINT('',(16.366421030861,8.049334697942,
    54.103817536394));
#4226 = CARTESIAN_POINT('',(14.990049909686,10.440618755124,
    54.296837093631));
#4227 = CARTESIAN_POINT('',(14.071704128221,11.7254536783,
    54.406784786042));
#4228 = CARTESIAN_POINT('',(13.027895890747,12.917136872332,
    54.516708990422));
#4229 = CARTESIAN_POINT('',(11.869922290146,14.001582719687,
    54.626613778664));
#4230 = CARTESIAN_POINT('',(10.61057347577,14.966430785552,
    54.736519453619));
#4231 = CARTESIAN_POINT('',(9.264137581946,15.801099996588,
    54.846445572441));
#4232 = CARTESIAN_POINT('',(7.846334113863,16.496764597421,
    54.956396838497));
#4233 = CARTESIAN_POINT('',(5.061814303843,17.538046284087,
    55.16437840007));
#4234 = CARTESIAN_POINT('',(3.705283895565,17.913586514515,
    55.262474011314));
#4235 = CARTESIAN_POINT('',(2.317529724032,18.168958945097,
    55.360558697472));
#4236 = CARTESIAN_POINT('',(0.911021624143,18.301307253541,
    55.458632566909));
#4237 = CARTESIAN_POINT('',(-0.501679111685,18.309297102677,
    55.556705313413));
#4238 = CARTESIAN_POINT('',(-1.907938688039,18.193006793911,
    55.654786912837));
#4239 = CARTESIAN_POINT('',(-3.295059377434,17.954040909552,
    55.752878097242));
#4240 = CARTESIAN_POINT('',(-6.250635660908,17.172928208652,
    55.966740420683));
#4241 = CARTESIAN_POINT('',(-7.807769169937,16.58344401988,
    56.082591129712));
#4242 = CARTESIAN_POINT('',(-9.300286274673,15.832779460302,
    56.198410447448));
#4243 = CARTESIAN_POINT('',(-10.70892113302,14.929595621016,
    56.314206024078));
#4244 = CARTESIAN_POINT('',(-12.0159844158,13.884820268299,
    56.430003201739));
#4245 = CARTESIAN_POINT('',(-13.20545980714,12.71170972317,
    56.545826101821));
#4246 = CARTESIAN_POINT('',(-14.26297802192,11.425732093707,
    56.66168082194));
#4247 = CARTESIAN_POINT('',(-16.25392346616,8.41782345128,
    56.914034511721));
#4248 = CARTESIAN_POINT('',(-17.13274406118,6.65667163682,
    57.050713332269));
#4249 = CARTESIAN_POINT('',(-17.791987976,4.792444166381,57.187321606429
    ));
#4250 = CARTESIAN_POINT('',(-18.21871764357,2.857380452939,
    57.323880995547));
#4251 = CARTESIAN_POINT('',(-18.4048851007,0.884590410879,
    57.460434057167));
#4252 = CARTESIAN_POINT('',(-18.34801841409,-1.091940760483,
    57.597032486835));
#4253 = CARTESIAN_POINT('',(-18.05056698913,-3.037567765648,
    57.733705341974));
#4254 = CARTESIAN_POINT('',(-17.33256618303,-5.596460734698,
    57.919637452311));
#4255 = CARTESIAN_POINT('',(-17.11174580365,-6.267640253638,
    57.969020562189));
#4256 = CARTESIAN_POINT('',(-16.86123337892,-6.928817557843,
    58.018404551893));
#4257 = CARTESIAN_POINT('',(-16.58156456955,-7.578456794682,
    58.06778889201));
#4258 = CARTESIAN_POINT('',(-16.27336726416,-8.215062805586,
    58.117173415193));
#4259 = CARTESIAN_POINT('',(-15.93735997457,-8.83718076513,
    58.166557810861));
#4260 = CARTESIAN_POINT('',(-15.57435386114,-9.443397441305,
    58.215941201591));
#4261 = CARTESIAN_POINT('',(-14.92794997269,-10.42181385066,
    58.29797713833));
#4262 = CARTESIAN_POINT('',(-14.65921852636,-10.80375154371,
    58.330633025389));
#4263 = CARTESIAN_POINT('',(-14.37932454497,-11.17776154365,
    58.363288992546));
#4264 = CARTESIAN_POINT('',(-14.08854334025,-11.54346104748,
    58.395944809727));
#4265 = CARTESIAN_POINT('',(-13.78716504011,-11.90048006163,
    58.428600486601));
#4266 = CARTESIAN_POINT('',(-13.47549458858,-12.24846140199,
    58.46125627258));
#4267 = CARTESIAN_POINT('',(-13.15385174582,-12.58706069391,
    58.493912656816));
#4268 = CARTESIAN_POINT('',(-12.42261635082,-13.31300965378,
    58.565997983664));
#4269 = CARTESIAN_POINT('',(-12.00860847075,-13.69592019112,
    58.605426219298));
#4270 = CARTESIAN_POINT('',(-11.58113353308,-14.06409555871,
    58.644854683977));
#4271 = CARTESIAN_POINT('',(-11.14080391288,-14.41698489654,
    58.684283053299));
#4272 = CARTESIAN_POINT('',(-10.6882582752,-14.75406890997,
    58.723711069589));
#4273 = CARTESIAN_POINT('',(-10.22416157502,-15.07485986985,
    58.763138541895));
#4274 = CARTESIAN_POINT('',(-9.74920505727,-15.37890161243,
    58.802565345991));
#4275 = CARTESIAN_POINT('',(-7.837221372142,-16.50957189172,
    58.957960532653));
#4276 = CARTESIAN_POINT('',(-6.321797751096,-17.20525868939,
    59.073985166533));
#4277 = CARTESIAN_POINT('',(-4.736784269227,-17.74127967244,
    59.18998254973));
#4278 = CARTESIAN_POINT('',(-3.101969123028,-18.10996375232,
    59.30596232467));
#4279 = CARTESIAN_POINT('',(-1.437646925303,-18.3063722271,
    59.421942758014));
#4280 = CARTESIAN_POINT('',(0.235402917583,-18.32841239548,
    59.537944227483));
#4281 = CARTESIAN_POINT('',(1.895981788772,-18.17672475264,
    59.65397253588));
#4282 = CARTESIAN_POINT('',(4.903869434737,-17.58336930388,
    59.868449755446));
#4283 = CARTESIAN_POINT('',(6.261614931871,-17.18862174736,
    59.966980316341));
#4284 = CARTESIAN_POINT('',(7.582468701305,-16.6741380671,
    60.065497162989));
#4285 = CARTESIAN_POINT('',(8.854152473535,-16.04409849988,
    60.164002578852));
#4286 = CARTESIAN_POINT('',(10.06512613777,-15.30404995583,
    60.262509291463));
#4287 = CARTESIAN_POINT('',(11.204544506159,-14.46079920631,
    60.361029535327));
#4288 = CARTESIAN_POINT('',(12.262324950642,-13.52250663095,
    60.459564430687));
#4289 = CARTESIAN_POINT('',(14.411854409615,-11.24736592374,
    60.678537807377));
#4290 = CARTESIAN_POINT('',(15.459680061397,-9.867219802555,
    60.799068673269));
#4291 = CARTESIAN_POINT('',(16.355441008969,-8.376411051275,
    60.919566428214));
#4292 = CARTESIAN_POINT('',(17.085991019811,-6.794780494024,
    61.040036675142));
#4293 = CARTESIAN_POINT('',(17.641137284143,-5.143413943351,
    61.160502672061));
#4294 = CARTESIAN_POINT('',(18.013827656819,-3.444632265124,
    61.280990081452));
#4295 = CARTESIAN_POINT('',(18.2,-1.721857026677,61.401509273545));
#4296 = CARTESIAN_POINT('',(18.2,1.42108547152E-14,61.521962491297));
#4297 = ORIENTED_EDGE('',*,*,#4298,.F.);
#4298 = EDGE_CURVE('',#4299,#4215,#4301,.T.);
#4299 = VERTEX_POINT('',#4300);
#4300 = CARTESIAN_POINT('',(18.2,-4.457714348896E-15,45.52194188463));
#4301 = B_SPLINE_CURVE_WITH_KNOTS('',8,(#4302,#4303,#4304,#4305,#4306,
    #4307,#4308,#4309,#4310,#4311,#4312,#4313,#4314,#4315,#4316,#4317,
    #4318,#4319,#4320,#4321,#4322,#4323,#4324,#4325,#4326,#4327,#4328,
    #4329,#4330,#4331,#4332,#4333,#4334,#4335,#4336,#4337,#4338,#4339,
    #4340,#4341,#4342,#4343,#4344,#4345,#4346,#4347,#4348,#4349,#4350,
    #4351,#4352,#4353,#4354,#4355,#4356,#4357,#4358,#4359,#4360,#4361,
    #4362,#4363,#4364,#4365,#4366,#4367,#4368,#4369,#4370,#4371,#4372,
    #4373,#4374,#4375,#4376,#4377,#4378,#4379,#4380,#4381,#4382,#4383,
    #4384,#4385,#4386,#4387),.UNSPECIFIED.,.F.,.F.,(9,7,7,7,7,7,7,7,7,7,
    7,7,9),(0.,0.132324077299,0.207171034343,0.242378313916,
    0.282703333583,0.398743199532,0.50841899308,0.604297162917,
    0.721830706158,0.858570711022,0.924888785397,0.957382733645,1.),
  .UNSPECIFIED.);
#4302 = CARTESIAN_POINT('',(18.2,1.06581410364E-14,45.52194188463));
#4303 = CARTESIAN_POINT('',(18.2,1.891174938085,45.654243052398));
#4304 = CARTESIAN_POINT('',(17.975412944967,3.783920585729,
    45.786657127223));
#4305 = CARTESIAN_POINT('',(17.52558993401,5.644701063269,
    45.919016466175));
#4306 = CARTESIAN_POINT('',(16.856638734801,7.442488869085,
    46.051335777839));
#4307 = CARTESIAN_POINT('',(15.978803767849,9.14800928781,
    46.183650808019));
#4308 = CARTESIAN_POINT('',(14.906844499186,10.734007201127,
    46.315999422374));
#4309 = CARTESIAN_POINT('',(13.659528238132,12.175144068317,
    46.448405866823));
#4310 = CARTESIAN_POINT('',(11.471414262613,14.17007536405,
    46.655550992989));
#4311 = CARTESIAN_POINT('',(10.63240826589,14.837763862133,
    46.73039501004));
#4312 = CARTESIAN_POINT('',(9.749169471754,15.448508531616,
    46.805236562616));
#4313 = CARTESIAN_POINT('',(8.826239367071,15.998922863256,
    46.880075419224));
#4314 = CARTESIAN_POINT('',(7.868414230072,16.486077134521,
    46.954915143636));
#4315 = CARTESIAN_POINT('',(6.880729480653,16.907479714745,
    47.029758732009));
#4316 = CARTESIAN_POINT('',(5.868465867432,17.261097946312,
    47.104604744984));
#4317 = CARTESIAN_POINT('',(4.352069484453,17.679160268931,
    47.214647560688));
#4318 = CARTESIAN_POINT('',(3.862749241261,17.7975702478,47.249849833444
    ));
#4319 = CARTESIAN_POINT('',(3.369774720055,17.900494846001,
    47.285051277691));
#4320 = CARTESIAN_POINT('',(2.873711161892,17.987805088442,
    47.320252310137));
#4321 = CARTESIAN_POINT('',(2.375131090813,18.059396717423,
    47.355453239531));
#4322 = CARTESIAN_POINT('',(1.874614313842,18.115190192637,
    47.390654266667));
#4323 = CARTESIAN_POINT('',(1.37274792099,18.155130691169,
    47.425855484382));
#4324 = CARTESIAN_POINT('',(0.294443426693,18.20674251665,
    47.501375155182));
#4325 = CARTESIAN_POINT('',(-0.282219726141,18.213463007904,
    47.541693794117));
#4326 = CARTESIAN_POINT('',(-0.858993077657,18.199307454839,
    47.582013021595));
#4327 = CARTESIAN_POINT('',(-1.43500443454,18.164278355001,
    47.622332866387));
#4328 = CARTESIAN_POINT('',(-2.009379505762,18.108422829896,
    47.662653158801));
#4329 = CARTESIAN_POINT('',(-2.581241902576,18.031832624992,
    47.702973530685));
#4330 = CARTESIAN_POINT('',(-3.14971313852,17.934644109721,
    47.743293415423));
#4331 = CARTESIAN_POINT('',(-5.337461330233,17.478614015794,
    47.899633534129));
#4332 = CARTESIAN_POINT('',(-6.926500661152,16.970958556004,
    48.015704835218));
#4333 = CARTESIAN_POINT('',(-8.459274214037,16.298328766521,
    48.131745898022));
#4334 = CARTESIAN_POINT('',(-9.915991660612,15.468394089669,
    48.247770204636));
#4335 = CARTESIAN_POINT('',(-11.27831681722,14.49119056948,
    48.363797210566));
#4336 = CARTESIAN_POINT('',(-12.52946906726,13.379182965107,
    48.479847525771));
#4337 = CARTESIAN_POINT('',(-13.65419253276,12.147156054735,
    48.595925751028));
#4338 = CARTESIAN_POINT('',(-15.57079484709,9.55234590618,
    48.821601031714));
#4339 = CARTESIAN_POINT('',(-16.37834203033,8.199360850507,
    48.931298129638));
#4340 = CARTESIAN_POINT('',(-17.05090600104,6.769088047265,
    49.040971480164));
#4341 = CARTESIAN_POINT('',(-17.5801648063,5.277402081696,
    49.150625720827));
#4342 = CARTESIAN_POINT('',(-17.95995075689,3.740854255342,
    49.260281120499));
#4343 = CARTESIAN_POINT('',(-18.18630416591,2.176654337962,
    49.369956985374));
#4344 = CARTESIAN_POINT('',(-18.25743202481,0.602620536289,
    49.479657574732));
#4345 = CARTESIAN_POINT('',(-18.10204425581,-2.331021564677,
    49.685184248375));
#4346 = CARTESIAN_POINT('',(-17.91180689366,-3.693446980383,
    49.781072365288));
#4347 = CARTESIAN_POINT('',(-17.60437592037,-5.0376579326,
    49.876950791908));
#4348 = CARTESIAN_POINT('',(-17.1819154279,-6.351909898004,
    49.972819578044));
#4349 = CARTESIAN_POINT('',(-16.64790080502,-7.624926276326,
    50.068687436717));
#4350 = CARTESIAN_POINT('',(-16.0070258458,-8.845875817064,
    50.164563175223));
#4351 = CARTESIAN_POINT('',(-15.2652932879,-10.00441987194,
    50.26044695274));
#4352 = CARTESIAN_POINT('',(-13.40666173875,-12.42267934288,
    50.473816117235));
#4353 = CARTESIAN_POINT('',(-12.24204385869,-13.64721400992,
    50.591383434964));
#4354 = CARTESIAN_POINT('',(-10.95026204877,-14.74593705444,
    50.708916949481));
#4355 = CARTESIAN_POINT('',(-9.547495751478,-15.7038245007,
    50.826425261942));
#4356 = CARTESIAN_POINT('',(-8.051475202251,-16.50831822236,
    50.943935400453));
#4357 = CARTESIAN_POINT('',(-6.481511445397,-17.14946086578,
    51.061472994209));
#4358 = CARTESIAN_POINT('',(-4.858381816669,-17.61980931205,
    51.17904491574));
#4359 = CARTESIAN_POINT('',(-1.281179379804,-18.25972711448,
    51.433277567359));
#4360 = CARTESIAN_POINT('',(0.686537256993,-18.36810491503,
    51.570124368188));
#4361 = CARTESIAN_POINT('',(2.661790834333,-18.23342398082,
    51.706899594498));
#4362 = CARTESIAN_POINT('',(4.609728297401,-17.85661293049,
    51.843625553131));
#4363 = CARTESIAN_POINT('',(6.496642504523,-17.24344524683,
    51.980345032861));
#4364 = CARTESIAN_POINT('',(8.290247099763,-16.4051884531,
    52.117110583406));
#4365 = CARTESIAN_POINT('',(9.959603888443,-15.35790790377,
    52.25395100196));
#4366 = CARTESIAN_POINT('',(12.211966922122,-13.52797753819,
    52.456975739669));
#4367 = CARTESIAN_POINT('',(12.912079518772,-12.88649211247,
    52.523289540582));
#4368 = CARTESIAN_POINT('',(13.573560284111,-12.20369054682,
    52.589602722406));
#4369 = CARTESIAN_POINT('',(14.193567486906,-11.48232071118,
    52.655913355316));
#4370 = CARTESIAN_POINT('',(14.769520014568,-10.72533137337,
    52.722221979731));
#4371 = CARTESIAN_POINT('',(15.299086280011,-9.935859988196,
    52.788529585541));
#4372 = CARTESIAN_POINT('',(15.780190048044,-9.117234962595,
    52.854836405345));
#4373 = CARTESIAN_POINT('',(16.422133919743,-7.859337831104,
    52.953629120897));
#4374 = CARTESIAN_POINT('',(16.62117653435,-7.439513198415,
    52.986117970744));
#4375 = CARTESIAN_POINT('',(16.807945911631,-7.013945272489,
    53.018607239068));
#4376 = CARTESIAN_POINT('',(16.982246641709,-6.583060956645,
    53.051096435342));
#4377 = CARTESIAN_POINT('',(17.143903018293,-6.147287283634,
    53.083585410694));
#4378 = CARTESIAN_POINT('',(17.292759038683,-5.707051415648,
    53.116074357905));
#4379 = CARTESIAN_POINT('',(17.428678403767,-5.262780644313,
    53.148563811409));
#4380 = CARTESIAN_POINT('',(17.712688921813,-4.227490030592,
    53.223667831642));
#4381 = CARTESIAN_POINT('',(17.851366213583,-3.633909660812,
    53.266280672793));
#4382 = CARTESIAN_POINT('',(17.967299866727,-3.035171714474,
    53.308893187562));
#4383 = CARTESIAN_POINT('',(18.060268567184,-2.432294003359,
    53.35150541722));
#4384 = CARTESIAN_POINT('',(18.130106213438,-1.826301717914,
    53.394117427503));
#4385 = CARTESIAN_POINT('',(18.176701916519,-1.218227427248,
    53.436729308602));
#4386 = CARTESIAN_POINT('',(18.2,-0.609111079132,53.479341175172));
#4387 = CARTESIAN_POINT('',(18.2,1.42108547152E-14,53.521953166323));
#4388 = ORIENTED_EDGE('',*,*,#4389,.F.);
#4389 = EDGE_CURVE('',#4390,#4299,#4392,.T.);
#4390 = VERTEX_POINT('',#4391);
#4391 = CARTESIAN_POINT('',(18.2,-4.457714348896E-15,37.521958911652));
#4392 = B_SPLINE_CURVE_WITH_KNOTS('',8,(#4393,#4394,#4395,#4396,#4397,
    #4398,#4399,#4400,#4401,#4402,#4403,#4404,#4405,#4406,#4407,#4408,
    #4409,#4410,#4411,#4412,#4413,#4414,#4415,#4416,#4417,#4418,#4419,
    #4420,#4421,#4422,#4423,#4424,#4425,#4426,#4427,#4428,#4429,#4430,
    #4431,#4432,#4433,#4434,#4435,#4436,#4437,#4438,#4439,#4440,#4441,
    #4442,#4443,#4444,#4445,#4446,#4447,#4448,#4449,#4450,#4451,#4452,
    #4453,#4454,#4455,#4456,#4457,#4458,#4459,#4460,#4461,#4462,#4463,
    #4464),.UNSPECIFIED.,.F.,.F.,(9,7,7,7,7,7,7,7,7,7,9),(0.,
    0.134032375787,0.227489756571,0.353116242963,0.493817325243,
    0.558426821082,0.617799549898,0.707169611675,0.821585565412,
    0.912461286109,1.),.UNSPECIFIED.);
#4393 = CARTESIAN_POINT('',(18.2,-3.552713678801E-15,37.521958911652));
#4394 = CARTESIAN_POINT('',(18.2,1.915570372027,37.655970822807));
#4395 = CARTESIAN_POINT('',(17.969581292011,3.832714351374,
    37.790090498708));
#4396 = CARTESIAN_POINT('',(17.508086321621,5.716603492338,
    37.924142913465));
#4397 = CARTESIAN_POINT('',(16.821950679748,7.535073117017,
    38.058149532937));
#4398 = CARTESIAN_POINT('',(15.921905468964,9.257748979063,
    38.192158279545));
#4399 = CARTESIAN_POINT('',(14.823460601308,10.856371067851,
    38.326214171699));
#4400 = CARTESIAN_POINT('',(13.546357603545,12.304696156393,
    38.460337126759));
#4401 = CARTESIAN_POINT('',(11.120441238585,14.469270750167,
    38.687794409715));
#4402 = CARTESIAN_POINT('',(10.049041820884,15.275110968125,
    38.78125875219));
#4403 = CARTESIAN_POINT('',(8.911290946856,15.989917009903,38.8747144693
    ));
#4404 = CARTESIAN_POINT('',(7.716293631615,16.607423045604,
    38.968161625671));
#4405 = CARTESIAN_POINT('',(6.473696975635,17.122495931022,
    39.061608052467));
#4406 = CARTESIAN_POINT('',(5.193650152787,17.531065506744,
    39.155061437094));
#4407 = CARTESIAN_POINT('',(3.886831638353,17.830212174127,
    39.248521508968));
#4408 = CARTESIAN_POINT('',(0.787054852302,18.27139648047,
    39.467558988884));
#4409 = CARTESIAN_POINT('',(-1.020140142319,18.324160103564,
    39.593240829286));
#4410 = CARTESIAN_POINT('',(-2.828937427947,18.17221723052,
    39.718876293691));
#4411 = CARTESIAN_POINT('',(-4.612333911223,17.816653372978,
    39.844477750497));
#4412 = CARTESIAN_POINT('',(-6.344211150709,17.2621808524,
    39.970080585139));
#4413 = CARTESIAN_POINT('',(-7.999470596419,16.517376063876,
    40.095718450586));
#4414 = CARTESIAN_POINT('',(-9.5540325507,15.594358742687,40.22140471728
    ));
#4415 = CARTESIAN_POINT('',(-12.588749101,13.296879313838,40.48769339681
    ));
#4416 = CARTESIAN_POINT('',(-14.04037753516,11.879426352632,
    40.628520069139));
#4417 = CARTESIAN_POINT('',(-15.30740009363,10.282121313952,
    40.769262656056));
#4418 = CARTESIAN_POINT('',(-16.3650086174,8.533752848319,40.90994974427
    ));
#4419 = CARTESIAN_POINT('',(-17.19320204242,6.665755140462,
    41.050630234225));
#4420 = CARTESIAN_POINT('',(-17.77765306424,4.712523798227,
    41.191365406986));
#4421 = CARTESIAN_POINT('',(-18.10896824076,2.710884662132,
    41.332188156263));
#4422 = CARTESIAN_POINT('',(-18.22206674866,-0.221200335115,
    41.537469188939));
#4423 = CARTESIAN_POINT('',(-18.20415815297,-1.146015391828,
    41.602072997198));
#4424 = CARTESIAN_POINT('',(-18.1325978673,-2.069254120105,
    41.666675190838));
#4425 = CARTESIAN_POINT('',(-18.00755185003,-2.987279290785,
    41.731274704245));
#4426 = CARTESIAN_POINT('',(-17.82947405629,-3.896502549276,
    41.795872339625));
#4427 = CARTESIAN_POINT('',(-17.59909535642,-4.793384363429,
    41.86046925879));
#4428 = CARTESIAN_POINT('',(-17.31743128906,-5.674436945574,
    41.925066258047));
#4429 = CARTESIAN_POINT('',(-16.68106488207,-7.328172780077,
    42.049025594079));
#4430 = CARTESIAN_POINT('',(-16.33410849017,-8.103915033024,
    42.108393705373));
#4431 = CARTESIAN_POINT('',(-15.94596031951,-8.860782998973,
    42.167761696498));
#4432 = CARTESIAN_POINT('',(-15.51783624247,-9.596222711835,
    42.227125305173));
#4433 = CARTESIAN_POINT('',(-15.05112817693,-10.30779325075,
    42.286489344702));
#4434 = CARTESIAN_POINT('',(-14.54739948313,-10.99316330764,
    42.345852107769));
#4435 = CARTESIAN_POINT('',(-14.00838588005,-11.65011423094,
    42.405215946028));
#4436 = CARTESIAN_POINT('',(-12.57444542134,-13.21948327547,
    42.553932667749));
#4437 = CARTESIAN_POINT('',(-11.6371297369,-14.09345018282,
    42.643299987731));
#4438 = CARTESIAN_POINT('',(-10.63069523283,-14.89111859766,
    42.732661631077));
#4439 = CARTESIAN_POINT('',(-9.562451863919,-15.60619451568,
    42.822016615764));
#4440 = CARTESIAN_POINT('',(-8.440274800602,-16.23326802309,
    42.91137264844));
#4441 = CARTESIAN_POINT('',(-7.272561030011,-16.76776953652,
    43.000736955418));
#4442 = CARTESIAN_POINT('',(-6.068253852354,-17.20603576276,
    43.090106871941));
#4443 = CARTESIAN_POINT('',(-3.260540596041,-17.98006549133,
    43.293854706956));
#4444 = CARTESIAN_POINT('',(-1.638794493726,-18.25297994032,
    43.408299747047));
#4445 = CARTESIAN_POINT('',(7.89833991395E-03,-18.35832291108,
    43.522716850552));
#4446 = CARTESIAN_POINT('',(1.659275710545,-18.2938929139,
    43.637111082873));
#4447 = CARTESIAN_POINT('',(3.295268508536,-18.06014554986,
    43.751505578449));
#4448 = CARTESIAN_POINT('',(4.896074847347,-17.66026680312,
    43.865922775142));
#4449 = CARTESIAN_POINT('',(6.442211785376,-17.10005416238,
    43.980369579901));
#4450 = CARTESIAN_POINT('',(9.084258167394,-15.82413024542,
    44.185634718781));
#4451 = CARTESIAN_POINT('',(10.20794567959,-15.16383740482,
    44.276515805395));
#4452 = CARTESIAN_POINT('',(11.276360192904,-14.41253932212,
    44.367390644958));
#4453 = CARTESIAN_POINT('',(12.280960021548,-13.57572981675,
    44.458256683864));
#4454 = CARTESIAN_POINT('',(13.213945359038,-12.65975039055,
    44.549121901495));
#4455 = CARTESIAN_POINT('',(14.068222942754,-11.67172856191,
    44.639994375158));
#4456 = CARTESIAN_POINT('',(14.83746724282,-10.61962168375,
    44.730871682755));
#4457 = CARTESIAN_POINT('',(16.170162794288,-8.445769840156,
    44.909252230586));
#4458 = CARTESIAN_POINT('',(16.740365818659,-7.327622204017,
    44.996787357036));
#4459 = CARTESIAN_POINT('',(17.221974023651,-6.165831604734,
    45.084315698386));
#4460 = CARTESIAN_POINT('',(17.61117332106,-4.968640860583,
    45.171835968793));
#4461 = CARTESIAN_POINT('',(17.905084963306,-3.744567830727,
    45.259356170344));
#4462 = CARTESIAN_POINT('',(18.101712573283,-2.50237770809,
    45.346884358426));
#4463 = CARTESIAN_POINT('',(18.2,-1.251087114773,45.434419422837));
#4464 = CARTESIAN_POINT('',(18.2,1.06581410364E-14,45.52194188463));
#4465 = ORIENTED_EDGE('',*,*,#4466,.F.);
#4466 = EDGE_CURVE('',#2329,#4390,#4467,.T.);
#4467 = B_SPLINE_CURVE_WITH_KNOTS('',8,(#4468,#4469,#4470,#4471,#4472,
    #4473,#4474,#4475,#4476,#4477,#4478,#4479,#4480,#4481,#4482,#4483,
    #4484,#4485,#4486,#4487,#4488,#4489,#4490,#4491,#4492,#4493,#4494,
    #4495,#4496,#4497,#4498,#4499,#4500,#4501,#4502,#4503,#4504,#4505,
    #4506,#4507,#4508,#4509,#4510,#4511,#4512,#4513,#4514,#4515,#4516,
    #4517,#4518,#4519,#4520,#4521,#4522,#4523,#4524,#4525,#4526,#4527,
    #4528,#4529,#4530,#4531,#4532,#4533,#4534,#4535,#4536,#4537,#4538,
    #4539,#4540,#4541,#4542,#4543,#4544,#4545,#4546),.UNSPECIFIED.,.F.,
  .F.,(9,7,7,7,7,7,7,7,7,7,7,9),(0.,0.103995382312,0.17681238832,
    0.22810563381,0.279007754615,0.428051726376,0.545104470313,
    0.659487176299,0.759230380647,0.817205750845,0.877063850102,1.),
  .UNSPECIFIED.);
#4468 = CARTESIAN_POINT('',(18.2,0.,29.521948841856));
#4469 = CARTESIAN_POINT('',(18.2,1.486205329498,29.625924223977));
#4470 = CARTESIAN_POINT('',(18.061299403847,2.972872668327,
    29.729931611674));
#4471 = CARTESIAN_POINT('',(17.783747740902,4.444198402439,
    29.833921111745));
#4472 = CARTESIAN_POINT('',(17.369531731242,5.88508372254,
    29.937894458485));
#4473 = CARTESIAN_POINT('',(16.822592602773,7.280997808442,
    30.041866029415));
#4474 = CARTESIAN_POINT('',(16.148634626644,8.618008524068,
    30.145852113875));
#4475 = CARTESIAN_POINT('',(15.355098502463,9.882802178454,
    30.249856569686));
#4476 = CARTESIAN_POINT('',(13.819143830706,11.889246899611,
    30.426633237643));
#4477 = CARTESIAN_POINT('',(13.132506683516,12.674340933176,
    30.49944592282));
#4478 = CARTESIAN_POINT('',(12.395009902896,13.413950229688,
    30.572258033866));
#4479 = CARTESIAN_POINT('',(11.610219543416,14.104235459024,
    30.645066905783));
#4480 = CARTESIAN_POINT('',(10.781998277887,14.741731963879,
    30.71787358632));
#4481 = CARTESIAN_POINT('',(9.914484682726,15.32333209908,
    30.790679539975));
#4482 = CARTESIAN_POINT('',(9.012099072138,15.846296461706,
    30.863484642332));
#4483 = CARTESIAN_POINT('',(7.422694424611,16.63373109135,
    30.987569014728));
#4484 = CARTESIAN_POINT('',(6.750830691862,16.92893054158,
    31.038851947672));
#4485 = CARTESIAN_POINT('',(6.065617132231,17.193083414183,
    31.09013830652));
#4486 = CARTESIAN_POINT('',(5.368725705312,17.425493975834,31.1414252337
    ));
#4487 = CARTESIAN_POINT('',(4.661866946687,17.625574284175,
    31.19271058337));
#4488 = CARTESIAN_POINT('',(3.946789770625,17.792843644005,
    31.243995182505));
#4489 = CARTESIAN_POINT('',(3.225282009708,17.926932943895,
    31.295280740824));
#4490 = CARTESIAN_POINT('',(1.778598158021,18.127487236052,
    31.397455034288));
#4491 = CARTESIAN_POINT('',(1.053428141212,18.194468919391,
    31.448348761321));
#4492 = CARTESIAN_POINT('',(0.32544353602,18.228286535109,31.49924285033
    ));
#4493 = CARTESIAN_POINT('',(-0.403577325795,18.228809722846,
    31.550136961832));
#4494 = CARTESIAN_POINT('',(-1.131859958953,18.196022388648,
    31.601031412211));
#4495 = CARTESIAN_POINT('',(-1.857634087863,18.13001963975,
    31.651926503488));
#4496 = CARTESIAN_POINT('',(-2.57913408988,18.031009415464,
    31.702821927876));
#4497 = CARTESIAN_POINT('',(-5.389518305207,17.513722105317,
    31.902737375471));
#4498 = CARTESIAN_POINT('',(-7.435576270225,16.847410157093,
    32.051953099865));
#4499 = CARTESIAN_POINT('',(-9.384471207022,15.90797199486,
    32.201055564911));
#4500 = CARTESIAN_POINT('',(-11.19472452244,14.713483661706,
    32.350084292188));
#4501 = CARTESIAN_POINT('',(-12.82876210308,13.287388133656,
    32.499107358245));
#4502 = CARTESIAN_POINT('',(-14.25397837968,11.659651569923,
    32.648198297047));
#4503 = CARTESIAN_POINT('',(-15.44187841524,9.865382352923,
    32.797409462956));
#4504 = CARTESIAN_POINT('',(-17.10291430407,6.444293026147,
    33.063463990653));
#4505 = CARTESIAN_POINT('',(-17.67586456261,4.861883427129,
    33.180559993385));
#4506 = CARTESIAN_POINT('',(-18.08084873062,3.222358366778,
    33.297628014389));
#4507 = CARTESIAN_POINT('',(-18.31171916861,1.546640301256,
    33.414673356216));
#4508 = CARTESIAN_POINT('',(-18.36518201071,-0.144060939634,
    33.531717216075));
#4509 = CARTESIAN_POINT('',(-18.24092809388,-1.828282994242,
    33.648781598466));
#4510 = CARTESIAN_POINT('',(-17.94150941045,-3.484372747583,
    33.765873324667));
#4511 = CARTESIAN_POINT('',(-17.01636488475,-6.660008994968,
    33.997265550963));
#4512 = CARTESIAN_POINT('',(-16.39780904282,-8.183281230372,
    34.111676011895));
#4513 = CARTESIAN_POINT('',(-15.62361790965,-9.639867147103,
    34.226057346263));
#4514 = CARTESIAN_POINT('',(-14.7025448715,-11.01140983889,
    34.340416880815));
#4515 = CARTESIAN_POINT('',(-13.64547815087,-12.28109797406,
    34.454778543461));
#4516 = CARTESIAN_POINT('',(-12.46548832615,-13.43375580681,
    34.569164967832));
#4517 = CARTESIAN_POINT('',(-11.17772718382,-14.45582230712,
    34.683581317503));
#4518 = CARTESIAN_POINT('',(-8.599023327321,-16.10369199975,
    34.897676622495));
#4519 = CARTESIAN_POINT('',(-7.328784582728,-16.76397938932,
    34.997433732797));
#4520 = CARTESIAN_POINT('',(-6.001147781727,-17.30936854919,
    35.097178809813));
#4521 = CARTESIAN_POINT('',(-4.62834280074,-17.73421650581,
    35.196911203883));
#4522 = CARTESIAN_POINT('',(-3.223022017817,-18.03440921743,
    35.296640713424));
#4523 = CARTESIAN_POINT('',(-1.798227513244,-18.20736799414,
    35.396378713412));
#4524 = CARTESIAN_POINT('',(-0.367361838785,-18.25204400462,
    35.496128370741));
#4525 = CARTESIAN_POINT('',(1.882917427938,-18.12128995458,
    35.65381795867));
#4526 = CARTESIAN_POINT('',(2.707626866597,-18.03018682877,
    35.711785286136));
#4527 = CARTESIAN_POINT('',(3.527209988331,-17.89619243191,
    35.769752064773));
#4528 = CARTESIAN_POINT('',(4.339057859355,-17.7196564971,
    35.827717888522));
#4529 = CARTESIAN_POINT('',(5.140610869422,-17.50111325408,
    35.885683733591));
#4530 = CARTESIAN_POINT('',(5.929357959282,-17.241274166,35.943650703517
    ));
#4531 = CARTESIAN_POINT('',(6.702838134113,-16.94103033355,
    36.001618892152));
#4532 = CARTESIAN_POINT('',(8.238994920859,-16.25087152506,
    36.119436309621));
#4533 = CARTESIAN_POINT('',(9.000535736765,-15.85834732482,
    36.179288009547));
#4534 = CARTESIAN_POINT('',(9.740599701484,-15.42508482456,
    36.239137230292));
#4535 = CARTESIAN_POINT('',(10.456650026359,-14.952469259,36.29898520844
    ));
#4536 = CARTESIAN_POINT('',(11.146272255245,-14.44206167756,
    36.358831198559));
#4537 = CARTESIAN_POINT('',(11.807170948273,-13.89559430667,
    36.418675621975));
#4538 = CARTESIAN_POINT('',(12.43717343126,-13.31497565793,
    36.478522805266));
#4539 = CARTESIAN_POINT('',(14.260500666858,-11.44400075941,
    36.661290768042));
#4540 = CARTESIAN_POINT('',(15.348705948109,-10.04961020128,
    36.784292881108));
#4541 = CARTESIAN_POINT('',(16.279982786476,-8.537888156542,
    36.90724119659));
#4542 = CARTESIAN_POINT('',(17.040100018463,-6.929797949654,
    37.030162204946));
#4543 = CARTESIAN_POINT('',(17.618030468331,-5.247650203328,
    37.153087348774));
#4544 = CARTESIAN_POINT('',(18.006148674375,-3.515099758773,
    37.276043367969));
#4545 = CARTESIAN_POINT('',(18.199999992204,-1.757008166803,
    37.399039900757));
#4546 = CARTESIAN_POINT('',(18.2,-7.105427357601E-15,37.521958911652));
#4547 = ORIENTED_EDGE('',*,*,#2336,.F.);
#4548 = ORIENTED_EDGE('',*,*,#3679,.F.);
#4549 = ORIENTED_EDGE('',*,*,#1952,.T.);
#4550 = B_SPLINE_SURFACE_WITH_KNOTS('',1,9,(
    (#4551,#4552,#4553,#4554,#4555,#4556,#4557,#4558,#4559,#4560,#4561
      ,#4562,#4563,#4564,#4565,#4566,#4567,#4568,#4569,#4570,#4571,#4572
      ,#4573,#4574,#4575,#4576,#4577,#4578,#4579,#4580,#4581,#4582,#4583
      ,#4584,#4585,#4586,#4587,#4588,#4589,#4590,#4591,#4592,#4593,#4594
      ,#4595,#4596,#4597,#4598,#4599,#4600,#4601,#4602,#4603,#4604,#4605
      ,#4606,#4607,#4608,#4609,#4610,#4611,#4612,#4613,#4614,#4615,#4616
      ,#4617,#4618,#4619)
    ,(#4620,#4621,#4622,#4623,#4624,#4625,#4626,#4627,#4628,#4629,#4630
      ,#4631,#4632,#4633,#4634,#4635,#4636,#4637,#4638,#4639,#4640,#4641
      ,#4642,#4643,#4644,#4645,#4646,#4647,#4648,#4649,#4650,#4651,#4652
      ,#4653,#4654,#4655,#4656,#4657,#4658,#4659,#4660,#4661,#4662,#4663
      ,#4664,#4665,#4666,#4667,#4668,#4669,#4670,#4671,#4672,#4673,#4674
      ,#4675,#4676,#4677,#4678,#4679,#4680,#4681,#4682,#4683,#4684,#4685
      ,#4686,#4687,#4688
    )),.UNSPECIFIED.,.F.,.F.,.F.,(2,2),(10,8,9,8,9,8,9,8,10),(0.,
    2.280898945591),(0.,6.993548514224,13.987097028449,20.980645542673,
    27.974194056897,34.967742571122,41.961291085346,48.95483959957,
    55.948388113795),.UNSPECIFIED.);
#4551 = CARTESIAN_POINT('',(-17.95,3.97459784387E-15,25.4));
#4552 = CARTESIAN_POINT('',(-17.94998493496,-8.615376017541,
    26.011113619027));
#4553 = CARTESIAN_POINT('',(-13.2973951426,-17.23212755313,
    26.622216984495));
#4554 = CARTESIAN_POINT('',(-3.997343895042,-22.96774120454,
    27.233342440507));
#4555 = CARTESIAN_POINT('',(7.902867525312,-23.00187398914,
    27.844436322914));
#4556 = CARTESIAN_POINT('',(18.226402631178,-16.10342777375,
    28.455561347759));
#4557 = CARTESIAN_POINT('',(22.749341537346,-5.096451927894,
    29.06666490077));
#4558 = CARTESIAN_POINT('',(21.009032949227,5.690760332621,
    29.677778550523));
#4559 = CARTESIAN_POINT('',(14.828735890189,13.286673322722,
    30.288889357195));
#4560 = CARTESIAN_POINT('',(-1.090402641553,19.880596813509,
    31.511111393296));
#4561 = CARTESIAN_POINT('',(-10.83165228716,18.879607054347,
    32.122222507635));
#4562 = CARTESIAN_POINT('',(-19.68996154484,12.482475865113,
    32.733335097059));
#4563 = CARTESIAN_POINT('',(-24.27482496779,1.50115800782,
    33.344440901768));
#4564 = CARTESIAN_POINT('',(-21.85299888722,-10.67657132504,
    33.955562388066));
#4565 = CARTESIAN_POINT('',(-13.41404907606,-19.06724696872,
    34.566660634486));
#4566 = CARTESIAN_POINT('',(-2.782308536783,-21.58759530111,
    35.177781769423));
#4567 = CARTESIAN_POINT('',(6.600577073927,-18.78455889121,
    35.788888587441));
#4568 = CARTESIAN_POINT('',(12.692566722297,-12.69256672229,
    36.400000000001));
#4569 = CARTESIAN_POINT('',(18.784546874198,-6.600565265249,
    37.011113619022));
#4570 = CARTESIAN_POINT('',(21.58763252452,2.782275969673,
    37.622216984508));
#4571 = CARTESIAN_POINT('',(19.067194529229,13.414096579309,
    38.233342440487));
#4572 = CARTESIAN_POINT('',(10.676609859723,21.852952295735,
    38.844436322935));
#4573 = CARTESIAN_POINT('',(-1.501169917952,24.274855876283,
    39.455561347744));
#4574 = CARTESIAN_POINT('',(-12.48247795038,19.689949386802,
    40.066664900778));
#4575 = CARTESIAN_POINT('',(-18.87960488587,10.831654443265,
    40.677778550521));
#4576 = CARTESIAN_POINT('',(-19.88059651028,1.09040289847,
    41.288889357195));
#4577 = CARTESIAN_POINT('',(-13.2866737188,-14.82873592293,
    42.511111393296));
#4578 = CARTESIAN_POINT('',(-5.690763390539,-21.009032958,
    43.122222507635));
#4579 = CARTESIAN_POINT('',(5.096461999374,-22.74934865973,
    43.733335097062));
#4580 = CARTESIAN_POINT('',(16.103414340031,-18.22637235412,
    44.344440901761));
#4581 = CARTESIAN_POINT('',(23.001879685981,-7.902927718237,
    44.955562388076));
#4582 = CARTESIAN_POINT('',(22.967744695159,3.997414564944,
    45.566660634477));
#4583 = CARTESIAN_POINT('',(17.23212426056,13.297345793383,
    46.177781769426));
#4584 = CARTESIAN_POINT('',(8.615376164882,17.950001782293,
    46.788888587441));
#4585 = CARTESIAN_POINT('',(1.826826264342E-12,17.95000000001,47.4));
#4586 = CARTESIAN_POINT('',(-8.615376017533,17.949984934942,
    48.011113619037));
#4587 = CARTESIAN_POINT('',(-17.23212755315,13.297395142636,
    48.622216984469));
#4588 = CARTESIAN_POINT('',(-22.96774120452,3.99734389501,
    49.233342440546));
#4589 = CARTESIAN_POINT('',(-23.00187398916,-7.902867525287,
    49.844436322874));
#4590 = CARTESIAN_POINT('',(-16.10342777374,-18.22640263119,
    50.455561347786));
#4591 = CARTESIAN_POINT('',(-5.096451927895,-22.74934153733,
    51.066664900759));
#4592 = CARTESIAN_POINT('',(5.69076033262,-21.00903294922,
    51.677778550526));
#4593 = CARTESIAN_POINT('',(13.286673322723,-14.82873589018,
    52.288889357195));
#4594 = CARTESIAN_POINT('',(19.880596813509,1.090402641554,
    53.511111393296));
#4595 = CARTESIAN_POINT('',(18.879607054355,10.831652287173,
    54.122222507635));
#4596 = CARTESIAN_POINT('',(12.482475865071,19.689961544808,
    54.733335097053));
#4597 = CARTESIAN_POINT('',(1.501158007924,24.274824967887,
    55.344440901787));
#4598 = CARTESIAN_POINT('',(-10.67657132519,21.852998887086,
    55.955562388033));
#4599 = CARTESIAN_POINT('',(-19.06724696857,13.414049076187,
    56.56666063452));
#4600 = CARTESIAN_POINT('',(-21.5875953012,2.782308536712,57.1777817694)
  );
#4601 = CARTESIAN_POINT('',(-18.78455889118,-6.600577073909,
    57.788888587448));
#4602 = CARTESIAN_POINT('',(-12.6925667223,-12.6925667223,
    58.400000000003));
#4603 = CARTESIAN_POINT('',(-6.600565275453,-18.78454687428,
    59.011113620741));
#4604 = CARTESIAN_POINT('',(2.782276011713,-21.58763252407,
    59.62221697745));
#4605 = CARTESIAN_POINT('',(13.414096476292,-19.06719453038,
    60.233342457738));
#4606 = CARTESIAN_POINT('',(21.852952478568,-10.67660985762,
    60.844436292375));
#4607 = CARTESIAN_POINT('',(24.274855625186,1.501169915036,
    61.455561389656));
#4608 = CARTESIAN_POINT('',(19.689949661137,12.482477953585,
    62.066664855025));
#4609 = CARTESIAN_POINT('',(10.831654202733,18.879604883068,
    62.677778590619));
#4610 = CARTESIAN_POINT('',(1.090403066815,19.880596512247,
    63.288889329136));
#4611 = CARTESIAN_POINT('',(-14.82873627536,13.286673714692,
    64.511111452037));
#4612 = CARTESIAN_POINT('',(-21.00903105546,5.690763412719,
    65.122222190536));
#4613 = CARTESIAN_POINT('',(-22.74935363459,-5.096462057357,
    65.733335926224));
#4614 = CARTESIAN_POINT('',(-18.22636329183,-16.10341423442,
    66.344439391352));
#4615 = CARTESIAN_POINT('',(-7.902940323683,-23.00187983289,
    66.955564489005));
#4616 = CARTESIAN_POINT('',(3.99742843213,-22.9677445335,67.56665832327)
  );
#4617 = CARTESIAN_POINT('',(13.297333587165,-17.23212440288,
    68.177783803798));
#4618 = CARTESIAN_POINT('',(17.950010344419,-8.615376065038,
    68.788887160415));
#4619 = CARTESIAN_POINT('',(17.949995313008,-5.465870014197E-08,
    69.400000781173));
#4620 = CARTESIAN_POINT('',(-20.,9.554720955896E-15,26.4));
#4621 = CARTESIAN_POINT('',(-19.99999497895,-9.599342085495,
    27.011093054131));
#4622 = CARTESIAN_POINT('',(-14.81601903564,-19.19999537458,
    27.622259933985));
#4623 = CARTESIAN_POINT('',(-4.45389622683,-25.59110334025,
    28.23326776136));
#4624 = CARTESIAN_POINT('',(8.805458207698,-25.62845283583,
    28.844502919997));
#4625 = CARTESIAN_POINT('',(20.307950832958,-17.94283775388,
    29.455513851252));
#4626 = CARTESIAN_POINT('',(25.347462928352,-5.67836135567,
    30.066679381355));
#4627 = CARTESIAN_POINT('',(23.408394214005,6.340653099804,
    30.677772213972));
#4628 = CARTESIAN_POINT('',(16.522270634964,14.804094247719,
    31.288885517104));
#4629 = CARTESIAN_POINT('',(-1.214934566912,22.151085077859,
    32.511109079387));
#4630 = CARTESIAN_POINT('',(-12.0687150775,21.035753703125,
    33.122220167178));
#4631 = CARTESIAN_POINT('',(-21.9385753912,13.908153622152,
    33.733320634991));
#4632 = CARTESIAN_POINT('',(-27.04738116398,1.672383554496,
    34.344469950614));
#4633 = CARTESIAN_POINT('',(-24.34846807054,-11.89564203651,
    34.955506363085));
#4634 = CARTESIAN_POINT('',(-14.94624535193,-21.24503985198,
    35.566710096957));
#4635 = CARTESIAN_POINT('',(-3.099950516692,-24.0529428761,
    36.177749038725));
#4636 = CARTESIAN_POINT('',(7.354377088613,-20.92989527852,
    36.788891059126));
#4637 = CARTESIAN_POINT('',(14.142135623731,-14.14213562373,
    37.399999999993));
#4638 = CARTESIAN_POINT('',(20.929891956908,-7.354372189735,
    38.011093054143));
#4639 = CARTESIAN_POINT('',(24.052954458378,3.099939397835,
    38.622259933972));
#4640 = CARTESIAN_POINT('',(21.245022934682,14.946262485223,
    39.233267761368));
#4641 = CARTESIAN_POINT('',(11.89565358137,24.348452001685,
    39.844502919995));
#4642 = CARTESIAN_POINT('',(-1.67238749645,27.04739199547,
    40.455513851251));
#4643 = CARTESIAN_POINT('',(-13.9081551019,21.938570743144,
    41.066679381355));
#4644 = CARTESIAN_POINT('',(-21.03575308943,12.068715481386,
    41.677772213973));
#4645 = CARTESIAN_POINT('',(-22.15108503846,1.214934174696,
    42.288885517103));
#4646 = CARTESIAN_POINT('',(-14.80409399823,-16.52227094015,
    43.511109079389));
#4647 = CARTESIAN_POINT('',(-6.340653819323,-23.40839436238,
    44.122220167165));
#4648 = CARTESIAN_POINT('',(5.678365688635,-25.34746516857,
    44.733320635026));
#4649 = CARTESIAN_POINT('',(17.942832882359,-20.3079403868,
    45.344469950553));
#4650 = CARTESIAN_POINT('',(25.628456034648,-8.805477733219,
    45.955506363167));
#4651 = CARTESIAN_POINT('',(25.591103187663,4.453920303988,
    46.566710096872));
#4652 = CARTESIAN_POINT('',(19.199995046828,14.816002983622,
    47.177749038794));
#4653 = CARTESIAN_POINT('',(9.599340970232,20.000000791749,
    47.788891059082));
#4654 = CARTESIAN_POINT('',(4.430386054487E-12,20.000000000003,
    48.400000000015));
#4655 = CARTESIAN_POINT('',(-9.599342085493,19.999994978948,
    49.011093054105));
#4656 = CARTESIAN_POINT('',(-19.19999537459,14.816019035647,
    49.622259934008));
#4657 = CARTESIAN_POINT('',(-25.59110334023,4.453896226833,
    50.233267761353));
#4658 = CARTESIAN_POINT('',(-25.62845283585,-8.805458207703,
    50.844502919989));
#4659 = CARTESIAN_POINT('',(-17.94283775387,-20.30795083295,
    51.455513851264));
#4660 = CARTESIAN_POINT('',(-5.678361355673,-25.34746292835,
    52.066679381348));
#4661 = CARTESIAN_POINT('',(6.340653099804,-23.408394214,52.677772213975
    ));
#4662 = CARTESIAN_POINT('',(14.804094247719,-16.52227063496,
    53.288885517104));
#4663 = CARTESIAN_POINT('',(22.151085077859,1.214934566912,
    54.511109079388));
#4664 = CARTESIAN_POINT('',(21.035753703132,12.068715077513,
    55.122220167172));
#4665 = CARTESIAN_POINT('',(13.908153622108,21.938575391174,
    55.733320635002));
#4666 = CARTESIAN_POINT('',(1.672383554607,27.047381164049,
    56.344469950599));
#4667 = CARTESIAN_POINT('',(-11.89564203668,24.348468070453,
    56.955506363109));
#4668 = CARTESIAN_POINT('',(-21.24503985183,14.946245352013,
    57.56671009692));
#4669 = CARTESIAN_POINT('',(-24.05294287619,3.099950516662,
    58.177749038772));
#4670 = CARTESIAN_POINT('',(-20.92989527851,-7.354377088616,
    58.788891059084));
#4671 = CARTESIAN_POINT('',(-14.14213562373,-14.14213562373,
    59.400000000015));
#4672 = CARTESIAN_POINT('',(-7.354372193138,-20.92989195603,
    60.011093041831));
#4673 = CARTESIAN_POINT('',(3.099939411853,-24.05295446193,
    60.622259984509));
#4674 = CARTESIAN_POINT('',(14.946262450878,-21.24502292599,
    61.233267637659));
#4675 = CARTESIAN_POINT('',(24.348452062633,-11.89565359674,
    61.844503139458));
#4676 = CARTESIAN_POINT('',(27.047391911769,1.672387517546,
    62.455513549902));
#4677 = CARTESIAN_POINT('',(21.938570834589,13.908155078869,
    63.066679710567));
#4678 = CARTESIAN_POINT('',(12.068715401208,21.035753109624,
    63.677771925335));
#4679 = CARTESIAN_POINT('',(1.214934230811,22.151085024337,
    64.288885719118));
#4680 = CARTESIAN_POINT('',(-16.52227105763,14.80409402782,
    65.511108656468));
#4681 = CARTESIAN_POINT('',(-23.40839372822,6.340653659604,
    66.122222450245));
#4682 = CARTESIAN_POINT('',(-25.34746682678,-5.678365270983,
    66.733314665043));
#4683 = CARTESIAN_POINT('',(-20.30793736619,-17.94283364316,
    67.344480825631));
#4684 = CARTESIAN_POINT('',(-8.805481934853,-25.62845497639,
    67.95549123621));
#4685 = CARTESIAN_POINT('',(4.453924926256,-25.59110435181,
    68.566726737825));
#4686 = CARTESIAN_POINT('',(14.815998914926,-19.19999402213,
    69.17773439118));
#4687 = CARTESIAN_POINT('',(20.000003645792,-9.599341689006,
    69.788901333675));
#4688 = CARTESIAN_POINT('',(19.99999843766,3.934623447053E-07,
    70.399994375611));
#4689 = ADVANCED_FACE('',(#4690),#4701,.T.);
#4690 = FACE_BOUND('',#4691,.T.);
#4691 = EDGE_LOOP('',(#4692,#4693,#4700));
#4692 = ORIENTED_EDGE('',*,*,#3799,.F.);
#4693 = ORIENTED_EDGE('',*,*,#4694,.T.);
#4694 = EDGE_CURVE('',#3800,#2163,#4695,.T.);
#4695 = ELLIPSE('',#4696,25.455844122716,18.);
#4696 = AXIS2_PLACEMENT_3D('',#4697,#4698,#4699);
#4697 = CARTESIAN_POINT('',(0.,0.,17.999821433127));
#4698 = DIRECTION('',(-8.659560562355E-17,-0.707106781187,0.707106781187
    ));
#4699 = DIRECTION('',(8.659560562355E-17,0.707106781187,0.707106781187)
  );
#4700 = ORIENTED_EDGE('',*,*,#2170,.T.);
#4701 = CYLINDRICAL_SURFACE('',#4702,18.);
#4702 = AXIS2_PLACEMENT_3D('',#4703,#4704,#4705);
#4703 = CARTESIAN_POINT('',(0.,0.,21.4));
#4704 = DIRECTION('',(0.,0.,1.));
#4705 = DIRECTION('',(1.,0.,-0.));
#4706 = ADVANCED_FACE('',(#4707),#4718,.F.);
#4707 = FACE_BOUND('',#4708,.F.);
#4708 = EDGE_LOOP('',(#4709,#4710,#4716,#4717));
#4709 = ORIENTED_EDGE('',*,*,#2162,.F.);
#4710 = ORIENTED_EDGE('',*,*,#4711,.T.);
#4711 = EDGE_CURVE('',#2155,#3809,#4712,.T.);
#4712 = LINE('',#4713,#4714);
#4713 = CARTESIAN_POINT('',(-10.5,5.,22.999821433127));
#4714 = VECTOR('',#4715,1.);
#4715 = DIRECTION('',(8.659560562355E-17,0.707106781187,0.707106781187)
  );
#4716 = ORIENTED_EDGE('',*,*,#3808,.T.);
#4717 = ORIENTED_EDGE('',*,*,#4694,.T.);
#4718 = PLANE('',#4719);
#4719 = AXIS2_PLACEMENT_3D('',#4720,#4721,#4722);
#4720 = CARTESIAN_POINT('',(-10.5,5.,22.999821433127));
#4721 = DIRECTION('',(-8.659560562355E-17,-0.707106781187,0.707106781187
    ));
#4722 = DIRECTION('',(8.659560562355E-17,0.707106781187,0.707106781187)
  );
#4723 = ADVANCED_FACE('',(#4724),#4729,.F.);
#4724 = FACE_BOUND('',#4725,.F.);
#4725 = EDGE_LOOP('',(#4726,#4727,#4728));
#4726 = ORIENTED_EDGE('',*,*,#4711,.F.);
#4727 = ORIENTED_EDGE('',*,*,#2154,.F.);
#4728 = ORIENTED_EDGE('',*,*,#3816,.F.);
#4729 = PLANE('',#4730);
#4730 = AXIS2_PLACEMENT_3D('',#4731,#4732,#4733);
#4731 = CARTESIAN_POINT('',(-10.5,5.,22.999821433127));
#4732 = DIRECTION('',(-1.,1.224646799147E-16,0.));
#4733 = DIRECTION('',(8.659560562355E-17,0.707106781187,0.707106781187)
  );
#4734 = ADVANCED_FACE('',(#4735,#4738),#4749,.F.);
#4735 = FACE_BOUND('',#4736,.F.);
#4736 = EDGE_LOOP('',(#4737));
#4737 = ORIENTED_EDGE('',*,*,#2192,.T.);
#4738 = FACE_BOUND('',#4739,.F.);
#4739 = EDGE_LOOP('',(#4740));
#4740 = ORIENTED_EDGE('',*,*,#4741,.F.);
#4741 = EDGE_CURVE('',#4742,#4742,#4744,.T.);
#4742 = VERTEX_POINT('',#4743);
#4743 = CARTESIAN_POINT('',(8.,-1.959434878636E-15,23.5));
#4744 = CIRCLE('',#4745,8.);
#4745 = AXIS2_PLACEMENT_3D('',#4746,#4747,#4748);
#4746 = CARTESIAN_POINT('',(0.,0.,23.5));
#4747 = DIRECTION('',(0.,0.,1.));
#4748 = DIRECTION('',(1.,0.,-0.));
#4749 = PLANE('',#4750);
#4750 = AXIS2_PLACEMENT_3D('',#4751,#4752,#4753);
#4751 = CARTESIAN_POINT('',(0.,0.,23.5));
#4752 = DIRECTION('',(0.,0.,1.));
#4753 = DIRECTION('',(1.,0.,-0.));
#4754 = ADVANCED_FACE('',(#4755),#4842,.T.);
#4755 = FACE_BOUND('',#4756,.T.);
#4756 = EDGE_LOOP('',(#4757,#4765,#4766,#4767));
#4757 = ORIENTED_EDGE('',*,*,#4758,.T.);
#4758 = EDGE_CURVE('',#4759,#4390,#4761,.T.);
#4759 = VERTEX_POINT('',#4760);
#4760 = CARTESIAN_POINT('',(18.2,-4.457714348896E-15,36.278039609335));
#4761 = LINE('',#4762,#4763);
#4762 = CARTESIAN_POINT('',(18.2,-4.457714348896E-15,26.4));
#4763 = VECTOR('',#4764,1.);
#4764 = DIRECTION('',(0.,0.,1.));
#4765 = ORIENTED_EDGE('',*,*,#4466,.F.);
#4766 = ORIENTED_EDGE('',*,*,#2328,.F.);
#4767 = ORIENTED_EDGE('',*,*,#4768,.T.);
#4768 = EDGE_CURVE('',#2321,#4759,#4769,.T.);
#4769 = B_SPLINE_CURVE_WITH_KNOTS('',8,(#4770,#4771,#4772,#4773,#4774,
    #4775,#4776,#4777,#4778,#4779,#4780,#4781,#4782,#4783,#4784,#4785,
    #4786,#4787,#4788,#4789,#4790,#4791,#4792,#4793,#4794,#4795,#4796,
    #4797,#4798,#4799,#4800,#4801,#4802,#4803,#4804,#4805,#4806,#4807,
    #4808,#4809,#4810,#4811,#4812,#4813,#4814,#4815,#4816,#4817,#4818,
    #4819,#4820,#4821,#4822,#4823,#4824,#4825,#4826,#4827,#4828,#4829,
    #4830,#4831,#4832,#4833,#4834,#4835,#4836,#4837,#4838,#4839,#4840,
    #4841),.UNSPECIFIED.,.F.,.F.,(9,7,7,7,7,7,7,7,7,7,9),(0.,
    0.145315942369,0.252909394248,0.365359587467,0.463348652056,
    0.607506762271,0.676910569428,0.71494517338,0.744740257321,
    0.845707218493,1.),.UNSPECIFIED.);
#4770 = CARTESIAN_POINT('',(18.2,7.105427357601E-15,28.278048780488));
#4771 = CARTESIAN_POINT('',(18.2,2.076634097376,28.423327986658));
#4772 = CARTESIAN_POINT('',(17.929204110787,4.155677683306,
    28.568749680764));
#4773 = CARTESIAN_POINT('',(17.386522626829,6.192069703668,
    28.714112473123));
#4774 = CARTESIAN_POINT('',(16.581142473511,8.144945205157,
    28.859408990543));
#4775 = CARTESIAN_POINT('',(15.527783895668,9.976015551932,
    29.004696867207));
#4776 = CARTESIAN_POINT('',(14.247752822867,11.650239092457,
    29.150041697498));
#4777 = CARTESIAN_POINT('',(12.7677335644,13.135342310911,
    29.295489230037));
#4778 = CARTESIAN_POINT('',(9.907294169522,15.344364582855,
    29.548326865978));
#4779 = CARTESIAN_POINT('',(8.599193917729,16.167007518685,
    29.655932627131));
#4780 = CARTESIAN_POINT('',(7.213688241503,16.861615299743,
    29.763521269864));
#4781 = CARTESIAN_POINT('',(5.765564480311,17.419959481233,
    29.87109453538));
#4782 = CARTESIAN_POINT('',(4.270286062938,17.835803446427,
    29.978666991205));
#4783 = CARTESIAN_POINT('',(2.743980475555,18.104937385793,
    30.086253552929));
#4784 = CARTESIAN_POINT('',(1.203399786712,18.225144856258,
    30.193857384091));
#4785 = CARTESIAN_POINT('',(-1.940586298121,18.167455670242,
    30.41383783337));
#4786 = CARTESIAN_POINT('',(-3.544984409522,17.9758339423,
    30.526301247899));
#4787 = CARTESIAN_POINT('',(-5.126955523605,17.622200658347,
    30.638737769065));
#4788 = CARTESIAN_POINT('',(-6.667484975127,17.109946109224,
    30.751153365122));
#4789 = CARTESIAN_POINT('',(-8.148421642944,16.44477960837,
    30.863570266493));
#4790 = CARTESIAN_POINT('',(-9.552540674273,15.634781652054,
    30.976010035075));
#4791 = CARTESIAN_POINT('',(-10.86355405128,14.690319754513,
    31.088477805195));
#4792 = CARTESIAN_POINT('',(-13.11484878509,12.696518390999,
    31.298866101778));
#4793 = CARTESIAN_POINT('',(-14.08175929004,11.675722618567,
    31.396856744013));
#4794 = CARTESIAN_POINT('',(-14.95738528254,10.571164358009,
    31.494836589095));
#4795 = CARTESIAN_POINT('',(-15.7333814956,9.392484967978,
    31.592805802234));
#4796 = CARTESIAN_POINT('',(-16.40269812859,8.15011750222,
    31.690774003508));
#4797 = CARTESIAN_POINT('',(-16.95949380816,6.855219134034,
    31.788751040691));
#4798 = CARTESIAN_POINT('',(-17.39923943358,5.519716658849,
    31.886737587245));
#4799 = CARTESIAN_POINT('',(-18.18949676072,2.150821024545,
    32.128813472074));
#4800 = CARTESIAN_POINT('',(-18.40104896049,8.207593364838E-02,
    32.273087917287));
#4801 = CARTESIAN_POINT('',(-18.34263437218,-2.007262038665,
    32.41726512021));
#4802 = CARTESIAN_POINT('',(-18.01376984712,-4.076309966754,
    32.561385827086));
#4803 = CARTESIAN_POINT('',(-17.41980529437,-6.085365017422,
    32.705514510501));
#4804 = CARTESIAN_POINT('',(-16.57300671187,-7.996293786451,
    32.849705632624));
#4805 = CARTESIAN_POINT('',(-15.49141308987,-9.772405328336,
    32.993989251393));
#4806 = CARTESIAN_POINT('',(-13.58316468441,-12.15406475148,
    33.207491982556));
#4807 = CARTESIAN_POINT('',(-12.91475215177,-12.88951682114,
    33.276882818218));
#4808 = CARTESIAN_POINT('',(-12.20093663906,-13.58281746568,
    33.346271955609));
#4809 = CARTESIAN_POINT('',(-11.4448559726,-14.23070417082,
    33.415657859915));
#4810 = CARTESIAN_POINT('',(-10.64988982302,-14.83022343221,
    33.485043070893));
#4811 = CARTESIAN_POINT('',(-9.819645273561,-15.37871792282,
    33.554431117151));
#4812 = CARTESIAN_POINT('',(-8.957961020663,-15.87383604175,
    33.623822696588));
#4813 = CARTESIAN_POINT('',(-7.581724442852,-16.55454302892,
    33.731237297962));
#4814 = CARTESIAN_POINT('',(-7.086292215558,-16.77889368,33.769263196798
    ));
#4815 = CARTESIAN_POINT('',(-6.58329939195,-16.98628688915,
    33.807288422012));
#4816 = CARTESIAN_POINT('',(-6.073423630299,-17.17642696224,
    33.845312819483));
#4817 = CARTESIAN_POINT('',(-5.557354380291,-17.34905141986,
    33.883336478429));
#4818 = CARTESIAN_POINT('',(-5.035792883028,-17.50393099727,
    33.921359731413));
#4819 = CARTESIAN_POINT('',(-4.509452171032,-17.64086964441,
    33.959383154342));
#4820 = CARTESIAN_POINT('',(-3.563562624553,-17.85279594534,
    34.027194666449));
#4821 = CARTESIAN_POINT('',(-3.145581917904,-17.93477674818,
    34.056981818579));
#4822 = CARTESIAN_POINT('',(-2.725465969446,-18.00557002411,
    34.086768798838));
#4823 = CARTESIAN_POINT('',(-2.303564664777,-18.06511183175,
    34.116555562922));
#4824 = CARTESIAN_POINT('',(-1.880226753938,-18.11335119865,
    34.14634224624));
#4825 = CARTESIAN_POINT('',(-1.455799851412,-18.15025012133,
    34.17612916391));
#4826 = CARTESIAN_POINT('',(-1.030630436126,-18.17578356527,
    34.20591681076));
#4827 = CARTESIAN_POINT('',(0.837058779129,-18.23790973298,
    34.336652377147));
#4828 = CARTESIAN_POINT('',(2.283898172206,-18.15522554092,
    34.437625563682));
#4829 = CARTESIAN_POINT('',(3.721064382733,-17.94129097612,
    34.538582763895));
#4830 = CARTESIAN_POINT('',(5.134694831014,-17.5975749908,
    34.639525202339));
#4831 = CARTESIAN_POINT('',(6.511359737468,-17.1271303439,
    34.740467537278));
#4832 = CARTESIAN_POINT('',(7.838085582519,-16.53459919139,
    34.841423583626));
#4833 = CARTESIAN_POINT('',(9.102372748434,-15.82620464398,
    34.942395305412));
#4834 = CARTESIAN_POINT('',(12.110895526975,-13.76328663133,
    35.197595943332));
#4835 = CARTESIAN_POINT('',(13.759448359748,-12.2627114639,
    35.352083347361));
#4836 = CARTESIAN_POINT('',(15.19212972561,-10.53808856103,
    35.506436395391));
#4837 = CARTESIAN_POINT('',(16.375496139517,-8.626857982979,
    35.660713342554));
#4838 = CARTESIAN_POINT('',(17.282547775097,-6.570060192848,
    35.814981012127));
#4839 = CARTESIAN_POINT('',(17.894703037018,-4.413170371959,
    35.969318054261));
#4840 = CARTESIAN_POINT('',(18.199999998455,-2.204954143145,
    36.123791131995));
#4841 = CARTESIAN_POINT('',(18.2,-3.552713678801E-15,36.278039609335));
#4842 = CYLINDRICAL_SURFACE('',#4843,18.2);
#4843 = AXIS2_PLACEMENT_3D('',#4844,#4845,#4846);
#4844 = CARTESIAN_POINT('',(0.,0.,26.4));
#4845 = DIRECTION('',(0.,0.,1.));
#4846 = DIRECTION('',(1.,0.,-0.));
#4847 = ADVANCED_FACE('',(#4848),#4864,.T.);
#4848 = FACE_BOUND('',#4849,.T.);
#4849 = EDGE_LOOP('',(#4850,#4851,#4858,#4863));
#4850 = ORIENTED_EDGE('',*,*,#4001,.T.);
#4851 = ORIENTED_EDGE('',*,*,#4852,.T.);
#4852 = EDGE_CURVE('',#3979,#4853,#4855,.T.);
#4853 = VERTEX_POINT('',#4854);
#4854 = CARTESIAN_POINT('',(-20.,-4.656133759306E-15,27.4));
#4855 = B_SPLINE_CURVE_WITH_KNOTS('',1,(#4856,#4857),.UNSPECIFIED.,.F.,
  .F.,(2,2),(0.,1.),.PIECEWISE_BEZIER_KNOTS.);
#4856 = CARTESIAN_POINT('',(-20.,-8.208847438107E-15,26.4));
#4857 = CARTESIAN_POINT('',(-20.,6.002007277095E-15,27.4));
#4858 = ORIENTED_EDGE('',*,*,#4859,.T.);
#4859 = EDGE_CURVE('',#4853,#2439,#4860,.T.);
#4860 = B_SPLINE_CURVE_WITH_KNOTS('',1,(#4861,#4862),.UNSPECIFIED.,.F.,
  .F.,(2,2),(0.,2.280898945591),.PIECEWISE_BEZIER_KNOTS.);
#4861 = CARTESIAN_POINT('',(-20.,-4.656133759306E-15,27.4));
#4862 = CARTESIAN_POINT('',(-17.95,5.75095468327E-15,28.4));
#4863 = ORIENTED_EDGE('',*,*,#2436,.F.);
#4864 = PLANE('',#4865);
#4865 = AXIS2_PLACEMENT_3D('',#4866,#4867,#4868);
#4866 = CARTESIAN_POINT('',(-18.73556430833,5.701459971649E-15,26.9));
#4867 = DIRECTION('',(-3.428417942848E-15,1.,1.377638966306E-15));
#4868 = DIRECTION('',(1.,3.428417942848E-15,0.));
#4869 = ADVANCED_FACE('',(#4870),#5086,.F.);
#4870 = FACE_BOUND('',#4871,.F.);
#4871 = EDGE_LOOP('',(#4872,#4946,#4947,#4948,#4949,#4950,#4951,#4952,
    #4953,#4960,#5034,#5065));
#4872 = ORIENTED_EDGE('',*,*,#4873,.F.);
#4873 = EDGE_CURVE('',#4853,#4874,#4876,.T.);
#4874 = VERTEX_POINT('',#4875);
#4875 = CARTESIAN_POINT('',(2.11870417135E-05,-20.00002675229,69.4));
#4876 = B_SPLINE_CURVE_WITH_KNOTS('',9,(#4877,#4878,#4879,#4880,#4881,
    #4882,#4883,#4884,#4885,#4886,#4887,#4888,#4889,#4890,#4891,#4892,
    #4893,#4894,#4895,#4896,#4897,#4898,#4899,#4900,#4901,#4902,#4903,
    #4904,#4905,#4906,#4907,#4908,#4909,#4910,#4911,#4912,#4913,#4914,
    #4915,#4916,#4917,#4918,#4919,#4920,#4921,#4922,#4923,#4924,#4925,
    #4926,#4927,#4928,#4929,#4930,#4931,#4932,#4933,#4934,#4935,#4936,
    #4937,#4938,#4939,#4940,#4941,#4942,#4943,#4944,#4945),
  .UNSPECIFIED.,.F.,.F.,(10,8,9,8,9,8,9,8,10),(0.,6.993548514224,
    13.987097028449,20.980645542673,27.974194056897,34.967742571122,
    41.961291085346,48.95483959957,55.948388113795),.UNSPECIFIED.);
#4877 = CARTESIAN_POINT('',(-20.,6.002007277095E-15,27.4));
#4878 = CARTESIAN_POINT('',(-20.00000502224,-9.599342830569,
    28.011093054131));
#4879 = CARTESIAN_POINT('',(-14.81599968216,-19.19999582078,
    28.62225993397));
#4880 = CARTESIAN_POINT('',(-4.453924801243,-25.59110642054,
    29.233267761395));
#4881 = CARTESIAN_POINT('',(8.805483181117,-25.62845683717,
    29.844502919944));
#4882 = CARTESIAN_POINT('',(20.307939231253,-17.9428346012,
    30.455513851295));
#4883 = CARTESIAN_POINT('',(25.347468999635,-5.678365264159,
    31.066679381333));
#4884 = CARTESIAN_POINT('',(23.408395361071,6.340654657834,
    31.677772213976));
#4885 = CARTESIAN_POINT('',(16.522272106726,14.804095479635,
    32.288885517103));
#4886 = CARTESIAN_POINT('',(-1.214934865498,22.151086792957,
    33.511109079386));
#4887 = CARTESIAN_POINT('',(-12.06871619644,21.035754179925,
    34.122220167185));
#4888 = CARTESIAN_POINT('',(-21.93857428997,13.908156611103,
    34.733320634946));
#4889 = CARTESIAN_POINT('',(-27.04739138336,1.672385517729,
    35.344469950716));
#4890 = CARTESIAN_POINT('',(-24.34845745033,-11.89565278174,
    35.955506362938));
#4891 = CARTESIAN_POINT('',(-14.94625910851,-21.24502732537,
    36.566710097087));
#4892 = CARTESIAN_POINT('',(-3.099942782551,-24.05295424919,
    37.177749038652));
#4893 = CARTESIAN_POINT('',(7.354375705805,-20.92989495622,
    37.788891059144));
#4894 = CARTESIAN_POINT('',(14.142135623734,-14.14213562373,
    38.399999999993));
#4895 = CARTESIAN_POINT('',(20.929899585431,-7.354378764565,
    39.011093054143));
#4896 = CARTESIAN_POINT('',(24.052941088923,3.099953398315,
    39.622259933958));
#4897 = CARTESIAN_POINT('',(21.245045317933,14.946244458175,
    40.233267761402));
#4898 = CARTESIAN_POINT('',(11.895638751876,24.348472489918,
    40.844502919943));
#4899 = CARTESIAN_POINT('',(-1.672381522093,27.047381562551,
    41.455513851294));
#4900 = CARTESIAN_POINT('',(-13.90815663123,21.938577799905,
    42.066679381333));
#4901 = CARTESIAN_POINT('',(-21.03575500222,12.06871519079,
    42.677772213977));
#4902 = CARTESIAN_POINT('',(-22.15108695025,1.214934344293,
    43.288885517102));
#4903 = CARTESIAN_POINT('',(-14.80409499985,-16.52227236404,
    44.511109079388));
#4904 = CARTESIAN_POINT('',(-6.340653365266,-23.40839549073,
    45.122220167172));
#4905 = CARTESIAN_POINT('',(5.678362796436,-25.3474665034,45.73332063498
    ));
#4906 = CARTESIAN_POINT('',(17.942838720349,-20.30794900119,
    46.344469950656));
#4907 = CARTESIAN_POINT('',(25.628456123034,-8.805462625605,
    46.955506363019));
#4908 = CARTESIAN_POINT('',(25.591104057383,4.453901719002,
    47.566710097003));
#4909 = CARTESIAN_POINT('',(19.199997619947,14.816016494444,
    48.177749038721));
#4910 = CARTESIAN_POINT('',(9.599341720128,19.999999586079,
    48.788891059099));
#4911 = CARTESIAN_POINT('',(4.878027981423E-12,19.999999999996,
    49.400000000015));
#4912 = CARTESIAN_POINT('',(-9.599342830566,20.000005022261,
    50.011093054105));
#4913 = CARTESIAN_POINT('',(-19.19999582081,14.81599968214,
    50.622259933993));
#4914 = CARTESIAN_POINT('',(-25.5911064205,4.453924801273,
    51.233267761387));
#4915 = CARTESIAN_POINT('',(-25.62845683722,-8.805483181143,
    51.844502919936));
#4916 = CARTESIAN_POINT('',(-17.94283460116,-20.30793923123,
    52.455513851306));
#4917 = CARTESIAN_POINT('',(-5.678365264172,-25.34746899964,
    53.066679381326));
#4918 = CARTESIAN_POINT('',(6.340654657836,-23.40839536107,
    53.677772213978));
#4919 = CARTESIAN_POINT('',(14.804095479635,-16.52227210672,
    54.288885517102));
#4920 = CARTESIAN_POINT('',(22.151086792957,1.214934865499,
    55.511109079387));
#4921 = CARTESIAN_POINT('',(21.035754179931,12.06871619644,
    56.122220167179));
#4922 = CARTESIAN_POINT('',(13.908156611062,21.938574289958,
    56.733320634958));
#4923 = CARTESIAN_POINT('',(1.672385517836,27.047391383404,
    57.344469950699));
#4924 = CARTESIAN_POINT('',(-11.8956527819,24.348457450282,
    57.955506362964));
#4925 = CARTESIAN_POINT('',(-21.24502732523,14.946259108543,
    58.566710097048));
#4926 = CARTESIAN_POINT('',(-24.05295424926,3.099942782551,59.1777490387
    ));
#4927 = CARTESIAN_POINT('',(-20.92989495623,-7.354375705824,
    59.788891059101));
#4928 = CARTESIAN_POINT('',(-14.14213562372,-14.14213562372,
    60.400000000015));
#4929 = CARTESIAN_POINT('',(-7.354378761169,-20.92989958458,
    61.01109304183));
#4930 = CARTESIAN_POINT('',(3.099953384312,-24.05294109245,
    61.622259984496));
#4931 = CARTESIAN_POINT('',(14.946244492504,-21.24504530926,
    62.233267637688));
#4932 = CARTESIAN_POINT('',(24.34847242898,-11.89563876725,
    62.844503139413));
#4933 = CARTESIAN_POINT('',(27.047381646249,1.672381543192,
    63.455513549937));
#4934 = CARTESIAN_POINT('',(21.938577708458,13.908156608192,
    64.06667971055));
#4935 = CARTESIAN_POINT('',(12.068715270969,21.035755022416,
    64.677771925335));
#4936 = CARTESIAN_POINT('',(1.214934288178,22.151086936126,
    65.288885719117));
#4937 = CARTESIAN_POINT('',(-16.52227224656,14.804095029444,
    66.511108656467));
#4938 = CARTESIAN_POINT('',(-23.40839612494,6.34065320555,
    67.122222450255));
#4939 = CARTESIAN_POINT('',(-25.34746484497,-5.678362378796,
    67.733314664993));
#4940 = CARTESIAN_POINT('',(-20.30795202226,-17.94283948113,
    68.344480825741));
#4941 = CARTESIAN_POINT('',(-8.805458423412,-25.62845506481,
    68.955491236052));
#4942 = CARTESIAN_POINT('',(4.453897096332,-25.5911052215,
    69.566726737968));
#4943 = CARTESIAN_POINT('',(14.81602056329,-19.19999659526,
    70.177734391095));
#4944 = CARTESIAN_POINT('',(19.99999673202,-9.599342438901,
    70.788901333702));
#4945 = CARTESIAN_POINT('',(20.000001562322,3.934639576373E-07,
    71.399994375606));
#4946 = ORIENTED_EDGE('',*,*,#4859,.T.);
#4947 = ORIENTED_EDGE('',*,*,#2446,.T.);
#4948 = ORIENTED_EDGE('',*,*,#2543,.T.);
#4949 = ORIENTED_EDGE('',*,*,#2643,.T.);
#4950 = ORIENTED_EDGE('',*,*,#2750,.T.);
#4951 = ORIENTED_EDGE('',*,*,#2857,.T.);
#4952 = ORIENTED_EDGE('',*,*,#3034,.T.);
#4953 = ORIENTED_EDGE('',*,*,#4954,.F.);
#4954 = EDGE_CURVE('',#4955,#2951,#4957,.T.);
#4955 = VERTEX_POINT('',#4956);
#4956 = CARTESIAN_POINT('',(20.000001562322,3.934639434264E-07,
    71.399994375606));
#4957 = B_SPLINE_CURVE_WITH_KNOTS('',1,(#4958,#4959),.UNSPECIFIED.,.F.,
  .F.,(2,2),(0.,2.280898945591),.PIECEWISE_BEZIER_KNOTS.);
#4958 = CARTESIAN_POINT('',(20.000001562322,3.934639434264E-07,
    71.399994375606));
#4959 = CARTESIAN_POINT('',(17.950004686994,-5.465387555681E-08,
    72.400000781158));
#4960 = ORIENTED_EDGE('',*,*,#4961,.F.);
#4961 = EDGE_CURVE('',#4962,#4955,#4964,.T.);
#4962 = VERTEX_POINT('',#4963);
#4963 = CARTESIAN_POINT('',(19.865576444186,-2.314860271091,
    71.252299169794));
#4964 = B_SPLINE_CURVE_WITH_KNOTS('',9,(#4965,#4966,#4967,#4968,#4969,
    #4970,#4971,#4972,#4973,#4974,#4975,#4976,#4977,#4978,#4979,#4980,
    #4981,#4982,#4983,#4984,#4985,#4986,#4987,#4988,#4989,#4990,#4991,
    #4992,#4993,#4994,#4995,#4996,#4997,#4998,#4999,#5000,#5001,#5002,
    #5003,#5004,#5005,#5006,#5007,#5008,#5009,#5010,#5011,#5012,#5013,
    #5014,#5015,#5016,#5017,#5018,#5019,#5020,#5021,#5022,#5023,#5024,
    #5025,#5026,#5027,#5028,#5029,#5030,#5031,#5032,#5033),
  .UNSPECIFIED.,.F.,.F.,(10,8,9,8,9,8,9,8,10),(0.,6.993548514224,
    13.987097028449,20.980645542673,27.974194056897,34.967742571122,
    41.961291085346,48.95483959957,55.948388113795),.UNSPECIFIED.);
#4965 = CARTESIAN_POINT('',(-20.,6.002007277095E-15,27.4));
#4966 = CARTESIAN_POINT('',(-20.00000502224,-9.599342830569,
    28.011093054131));
#4967 = CARTESIAN_POINT('',(-14.81599968216,-19.19999582078,
    28.62225993397));
#4968 = CARTESIAN_POINT('',(-4.453924801243,-25.59110642054,
    29.233267761395));
#4969 = CARTESIAN_POINT('',(8.805483181117,-25.62845683717,
    29.844502919944));
#4970 = CARTESIAN_POINT('',(20.307939231253,-17.9428346012,
    30.455513851295));
#4971 = CARTESIAN_POINT('',(25.347468999635,-5.678365264159,
    31.066679381333));
#4972 = CARTESIAN_POINT('',(23.408395361071,6.340654657834,
    31.677772213976));
#4973 = CARTESIAN_POINT('',(16.522272106726,14.804095479635,
    32.288885517103));
#4974 = CARTESIAN_POINT('',(-1.214934865498,22.151086792957,
    33.511109079386));
#4975 = CARTESIAN_POINT('',(-12.06871619644,21.035754179925,
    34.122220167185));
#4976 = CARTESIAN_POINT('',(-21.93857428997,13.908156611103,
    34.733320634946));
#4977 = CARTESIAN_POINT('',(-27.04739138336,1.672385517729,
    35.344469950716));
#4978 = CARTESIAN_POINT('',(-24.34845745033,-11.89565278174,
    35.955506362938));
#4979 = CARTESIAN_POINT('',(-14.94625910851,-21.24502732537,
    36.566710097087));
#4980 = CARTESIAN_POINT('',(-3.099942782551,-24.05295424919,
    37.177749038652));
#4981 = CARTESIAN_POINT('',(7.354375705805,-20.92989495622,
    37.788891059144));
#4982 = CARTESIAN_POINT('',(14.142135623734,-14.14213562373,
    38.399999999993));
#4983 = CARTESIAN_POINT('',(20.929899585431,-7.354378764565,
    39.011093054143));
#4984 = CARTESIAN_POINT('',(24.052941088923,3.099953398315,
    39.622259933958));
#4985 = CARTESIAN_POINT('',(21.245045317933,14.946244458175,
    40.233267761402));
#4986 = CARTESIAN_POINT('',(11.895638751876,24.348472489918,
    40.844502919943));
#4987 = CARTESIAN_POINT('',(-1.672381522093,27.047381562551,
    41.455513851294));
#4988 = CARTESIAN_POINT('',(-13.90815663123,21.938577799905,
    42.066679381333));
#4989 = CARTESIAN_POINT('',(-21.03575500222,12.06871519079,
    42.677772213977));
#4990 = CARTESIAN_POINT('',(-22.15108695025,1.214934344293,
    43.288885517102));
#4991 = CARTESIAN_POINT('',(-14.80409499985,-16.52227236404,
    44.511109079388));
#4992 = CARTESIAN_POINT('',(-6.340653365266,-23.40839549073,
    45.122220167172));
#4993 = CARTESIAN_POINT('',(5.678362796436,-25.3474665034,45.73332063498
    ));
#4994 = CARTESIAN_POINT('',(17.942838720349,-20.30794900119,
    46.344469950656));
#4995 = CARTESIAN_POINT('',(25.628456123034,-8.805462625605,
    46.955506363019));
#4996 = CARTESIAN_POINT('',(25.591104057383,4.453901719002,
    47.566710097003));
#4997 = CARTESIAN_POINT('',(19.199997619947,14.816016494444,
    48.177749038721));
#4998 = CARTESIAN_POINT('',(9.599341720128,19.999999586079,
    48.788891059099));
#4999 = CARTESIAN_POINT('',(4.878027981423E-12,19.999999999996,
    49.400000000015));
#5000 = CARTESIAN_POINT('',(-9.599342830566,20.000005022261,
    50.011093054105));
#5001 = CARTESIAN_POINT('',(-19.19999582081,14.81599968214,
    50.622259933993));
#5002 = CARTESIAN_POINT('',(-25.5911064205,4.453924801273,
    51.233267761387));
#5003 = CARTESIAN_POINT('',(-25.62845683722,-8.805483181143,
    51.844502919936));
#5004 = CARTESIAN_POINT('',(-17.94283460116,-20.30793923123,
    52.455513851306));
#5005 = CARTESIAN_POINT('',(-5.678365264172,-25.34746899964,
    53.066679381326));
#5006 = CARTESIAN_POINT('',(6.340654657836,-23.40839536107,
    53.677772213978));
#5007 = CARTESIAN_POINT('',(14.804095479635,-16.52227210672,
    54.288885517102));
#5008 = CARTESIAN_POINT('',(22.151086792957,1.214934865499,
    55.511109079387));
#5009 = CARTESIAN_POINT('',(21.035754179931,12.06871619644,
    56.122220167179));
#5010 = CARTESIAN_POINT('',(13.908156611062,21.938574289958,
    56.733320634958));
#5011 = CARTESIAN_POINT('',(1.672385517836,27.047391383404,
    57.344469950699));
#5012 = CARTESIAN_POINT('',(-11.8956527819,24.348457450282,
    57.955506362964));
#5013 = CARTESIAN_POINT('',(-21.24502732523,14.946259108543,
    58.566710097048));
#5014 = CARTESIAN_POINT('',(-24.05295424926,3.099942782551,59.1777490387
    ));
#5015 = CARTESIAN_POINT('',(-20.92989495623,-7.354375705824,
    59.788891059101));
#5016 = CARTESIAN_POINT('',(-14.14213562372,-14.14213562372,
    60.400000000015));
#5017 = CARTESIAN_POINT('',(-7.354378761169,-20.92989958458,
    61.01109304183));
#5018 = CARTESIAN_POINT('',(3.099953384312,-24.05294109245,
    61.622259984496));
#5019 = CARTESIAN_POINT('',(14.946244492504,-21.24504530926,
    62.233267637688));
#5020 = CARTESIAN_POINT('',(24.34847242898,-11.89563876725,
    62.844503139413));
#5021 = CARTESIAN_POINT('',(27.047381646249,1.672381543192,
    63.455513549937));
#5022 = CARTESIAN_POINT('',(21.938577708458,13.908156608192,
    64.06667971055));
#5023 = CARTESIAN_POINT('',(12.068715270969,21.035755022416,
    64.677771925335));
#5024 = CARTESIAN_POINT('',(1.214934288178,22.151086936126,
    65.288885719117));
#5025 = CARTESIAN_POINT('',(-16.52227224656,14.804095029444,
    66.511108656467));
#5026 = CARTESIAN_POINT('',(-23.40839612494,6.34065320555,
    67.122222450255));
#5027 = CARTESIAN_POINT('',(-25.34746484497,-5.678362378796,
    67.733314664993));
#5028 = CARTESIAN_POINT('',(-20.30795202226,-17.94283948113,
    68.344480825741));
#5029 = CARTESIAN_POINT('',(-8.805458423412,-25.62845506481,
    68.955491236052));
#5030 = CARTESIAN_POINT('',(4.453897096332,-25.5911052215,
    69.566726737968));
#5031 = CARTESIAN_POINT('',(14.81602056329,-19.19999659526,
    70.177734391095));
#5032 = CARTESIAN_POINT('',(19.99999673202,-9.599342438901,
    70.788901333702));
#5033 = CARTESIAN_POINT('',(20.000001562322,3.934639576373E-07,
    71.399994375606));
#5034 = ORIENTED_EDGE('',*,*,#5035,.F.);
#5035 = EDGE_CURVE('',#5036,#4962,#5038,.T.);
#5036 = VERTEX_POINT('',#5037);
#5037 = CARTESIAN_POINT('',(-10.58568521412,-15.05002553311,69.4));
#5038 = B_SPLINE_CURVE_WITH_KNOTS('',7,(#5039,#5040,#5041,#5042,#5043,
    #5044,#5045,#5046,#5047,#5048,#5049,#5050,#5051,#5052,#5053,#5054,
    #5055,#5056,#5057,#5058,#5059,#5060,#5061,#5062,#5063,#5064),
  .UNSPECIFIED.,.F.,.F.,(8,6,6,6,8),(0.,0.22873885759,0.470035998363,
    0.726519921147,1.),.UNSPECIFIED.);
#5039 = CARTESIAN_POINT('',(-10.58568521413,-15.05002553311,69.4));
#5040 = CARTESIAN_POINT('',(-9.556831765303,-15.84032840019,
    69.463104271672));
#5041 = CARTESIAN_POINT('',(-8.462740355834,-16.54605561006,
    69.526002481838));
#5042 = CARTESIAN_POINT('',(-7.312210827043,-17.16093096567,
    69.588685746033));
#5043 = CARTESIAN_POINT('',(-6.114523505523,-17.68008175982,
    69.651158886212));
#5044 = CARTESIAN_POINT('',(-4.879313131813,-18.09979437573,
    69.713430159536));
#5045 = CARTESIAN_POINT('',(-3.61653742099,-18.41748053963,
    69.775502323527));
#5046 = CARTESIAN_POINT('',(-0.986268335654,-18.85799751322,
    69.90262415531));
#5047 = CARTESIAN_POINT('',(0.383497924483,-18.96922734376,
    69.967665895117));
#5048 = CARTESIAN_POINT('',(1.760648575571,-18.96394077706,
    70.032478761452));
#5049 = CARTESIAN_POINT('',(3.133357685217,-18.84225476592,
    70.097068184888));
#5050 = CARTESIAN_POINT('',(4.490076484311,-18.60566696635,
    70.161444608463));
#5051 = CARTESIAN_POINT('',(5.819548048531,-18.25700293921,
    70.225612565576));
#5052 = CARTESIAN_POINT('',(8.483410657039,-17.31557454577,
    70.357533710187));
#5053 = CARTESIAN_POINT('',(9.813234652808,-16.70868949887,
    70.425277369609));
#5054 = CARTESIAN_POINT('',(11.087165241469,-15.98513965169,
    70.492778783652));
#5055 = CARTESIAN_POINT('',(12.293372506882,-15.15171881142,
    70.56004547201));
#5056 = CARTESIAN_POINT('',(13.421124188249,-14.21649363537,
    70.627089572023));
#5057 = CARTESIAN_POINT('',(14.46077117154,-13.18873802827,
    70.693914595878));
#5058 = CARTESIAN_POINT('',(16.409611227386,-10.89609157751,
    70.831507650423));
#5059 = CARTESIAN_POINT('',(17.305932037123,-9.619601802234,
    70.902267209028));
#5060 = CARTESIAN_POINT('',(18.082639408287,-8.262587324243,
    70.972763856751));
#5061 = CARTESIAN_POINT('',(18.731900150911,-6.838857522581,
    71.043007426968));
#5062 = CARTESIAN_POINT('',(19.247794387668,-5.362846543009,
    71.113008875703));
#5063 = CARTESIAN_POINT('',(19.626283604984,-3.849595846204,
    71.182780196925));
#5064 = CARTESIAN_POINT('',(19.865576444186,-2.314860271091,
    71.252299169794));
#5065 = ORIENTED_EDGE('',*,*,#5066,.T.);
#5066 = EDGE_CURVE('',#5036,#4874,#5067,.T.);
#5067 = B_SPLINE_CURVE_WITH_KNOTS('',5,(#5068,#5069,#5070,#5071,#5072,
    #5073,#5074,#5075,#5076,#5077,#5078,#5079,#5080,#5081,#5082,#5083,
    #5084,#5085),.UNSPECIFIED.,.F.,.F.,(6,4,4,4,6),(0.,0.231809979832,
    0.466792477721,0.730333113469,1.),.UNSPECIFIED.);
#5068 = CARTESIAN_POINT('',(-11.57977108225,-14.0408894537,69.4));
#5069 = CARTESIAN_POINT('',(-11.16533823673,-14.49593327657,69.4));
#5070 = CARTESIAN_POINT('',(-10.73140343197,-14.93337187537,69.4));
#5071 = CARTESIAN_POINT('',(-10.27912190005,-15.35222620925,69.4));
#5072 = CARTESIAN_POINT('',(-9.809698422271,-15.75164234053,69.4));
#5073 = CARTESIAN_POINT('',(-8.832411346218,-16.51530836975,69.4));
#5074 = CARTESIAN_POINT('',(-8.324107835414,-16.87900354483,69.4));
#5075 = CARTESIAN_POINT('',(-7.80075974052,-17.22119558407,69.4));
#5076 = CARTESIAN_POINT('',(-7.263689813875,-17.54124358002,69.4));
#5077 = CARTESIAN_POINT('',(-6.098014366127,-18.17214505566,69.4));
#5078 = CARTESIAN_POINT('',(-5.46621420849,-18.47715533193,69.4));
#5079 = CARTESIAN_POINT('',(-4.820733441936,-18.75291565773,69.4));
#5080 = CARTESIAN_POINT('',(-4.163475757692,-18.9988829716,69.4));
#5081 = CARTESIAN_POINT('',(-2.81370457551,-19.43551023394,69.4));
#5082 = CARTESIAN_POINT('',(-2.12072314195,-19.62475274094,69.4));
#5083 = CARTESIAN_POINT('',(-1.419438080394,-19.78202132899,69.4));
#5084 = CARTESIAN_POINT('',(-0.711862679883,-19.90711973752,69.4));
#5085 = CARTESIAN_POINT('',(2.118704127163E-05,-20.00002675229,69.4));
#5086 = B_SPLINE_SURFACE_WITH_KNOTS('',1,9,(
    (#5087,#5088,#5089,#5090,#5091,#5092,#5093,#5094,#5095,#5096,#5097
      ,#5098,#5099,#5100,#5101,#5102,#5103,#5104,#5105,#5106,#5107,#5108
      ,#5109,#5110,#5111,#5112,#5113,#5114,#5115,#5116,#5117,#5118,#5119
      ,#5120,#5121,#5122,#5123,#5124,#5125,#5126,#5127,#5128,#5129,#5130
      ,#5131,#5132,#5133,#5134,#5135,#5136,#5137,#5138,#5139,#5140,#5141
      ,#5142,#5143,#5144,#5145,#5146,#5147,#5148,#5149,#5150,#5151,#5152
      ,#5153,#5154,#5155)
    ,(#5156,#5157,#5158,#5159,#5160,#5161,#5162,#5163,#5164,#5165,#5166
      ,#5167,#5168,#5169,#5170,#5171,#5172,#5173,#5174,#5175,#5176,#5177
      ,#5178,#5179,#5180,#5181,#5182,#5183,#5184,#5185,#5186,#5187,#5188
      ,#5189,#5190,#5191,#5192,#5193,#5194,#5195,#5196,#5197,#5198,#5199
      ,#5200,#5201,#5202,#5203,#5204,#5205,#5206,#5207,#5208,#5209,#5210
      ,#5211,#5212,#5213,#5214,#5215,#5216,#5217,#5218,#5219,#5220,#5221
      ,#5222,#5223,#5224
    )),.UNSPECIFIED.,.F.,.F.,.F.,(2,2),(10,8,9,8,9,8,9,8,10),(0.,
    2.280898945591),(0.,6.993548514224,13.987097028449,20.980645542673,
    27.974194056897,34.967742571122,41.961291085346,48.95483959957,
    55.948388113795),.UNSPECIFIED.);
#5087 = CARTESIAN_POINT('',(-20.,-4.656133759306E-15,27.4));
#5088 = CARTESIAN_POINT('',(-20.00000502224,-9.599342830569,
    28.011093054131));
#5089 = CARTESIAN_POINT('',(-14.81599968216,-19.19999582078,
    28.62225993397));
#5090 = CARTESIAN_POINT('',(-4.453924801243,-25.59110642054,
    29.233267761395));
#5091 = CARTESIAN_POINT('',(8.805483181117,-25.62845683717,
    29.844502919944));
#5092 = CARTESIAN_POINT('',(20.307939231252,-17.9428346012,
    30.455513851295));
#5093 = CARTESIAN_POINT('',(25.347468999636,-5.678365264158,
    31.066679381333));
#5094 = CARTESIAN_POINT('',(23.40839536107,6.340654657834,
    31.677772213976));
#5095 = CARTESIAN_POINT('',(16.522272106726,14.804095479635,
    32.288885517103));
#5096 = CARTESIAN_POINT('',(-1.214934865498,22.151086792957,
    33.511109079386));
#5097 = CARTESIAN_POINT('',(-12.06871619644,21.035754179925,
    34.122220167185));
#5098 = CARTESIAN_POINT('',(-21.93857428997,13.908156611103,
    34.733320634946));
#5099 = CARTESIAN_POINT('',(-27.04739138336,1.672385517731,
    35.344469950716));
#5100 = CARTESIAN_POINT('',(-24.34845745033,-11.89565278174,
    35.955506362938));
#5101 = CARTESIAN_POINT('',(-14.94625910851,-21.24502732537,
    36.566710097087));
#5102 = CARTESIAN_POINT('',(-3.099942782551,-24.05295424919,
    37.177749038652));
#5103 = CARTESIAN_POINT('',(7.354375705805,-20.92989495622,
    37.788891059144));
#5104 = CARTESIAN_POINT('',(14.142135623734,-14.14213562373,
    38.399999999993));
#5105 = CARTESIAN_POINT('',(20.929899585431,-7.354378764565,
    39.011093054143));
#5106 = CARTESIAN_POINT('',(24.052941088923,3.099953398315,
    39.622259933958));
#5107 = CARTESIAN_POINT('',(21.245045317933,14.946244458175,
    40.233267761402));
#5108 = CARTESIAN_POINT('',(11.895638751876,24.348472489918,
    40.844502919943));
#5109 = CARTESIAN_POINT('',(-1.672381522094,27.04738156255,
    41.455513851294));
#5110 = CARTESIAN_POINT('',(-13.90815663122,21.938577799905,
    42.066679381333));
#5111 = CARTESIAN_POINT('',(-21.03575500222,12.06871519079,
    42.677772213977));
#5112 = CARTESIAN_POINT('',(-22.15108695025,1.214934344294,
    43.288885517102));
#5113 = CARTESIAN_POINT('',(-14.80409499985,-16.52227236404,
    44.511109079388));
#5114 = CARTESIAN_POINT('',(-6.340653365266,-23.40839549073,
    45.122220167172));
#5115 = CARTESIAN_POINT('',(5.678362796435,-25.3474665034,45.73332063498
    ));
#5116 = CARTESIAN_POINT('',(17.94283872035,-20.30794900118,
    46.344469950656));
#5117 = CARTESIAN_POINT('',(25.628456123033,-8.805462625607,
    46.955506363019));
#5118 = CARTESIAN_POINT('',(25.591104057384,4.453901719003,
    47.566710097003));
#5119 = CARTESIAN_POINT('',(19.199997619947,14.816016494443,
    48.177749038721));
#5120 = CARTESIAN_POINT('',(9.599341720128,19.99999958608,
    48.788891059099));
#5121 = CARTESIAN_POINT('',(4.881580695101E-12,19.999999999996,
    49.400000000015));
#5122 = CARTESIAN_POINT('',(-9.599342830566,20.000005022261,
    50.011093054105));
#5123 = CARTESIAN_POINT('',(-19.1999958208,14.81599968214,
    50.622259933993));
#5124 = CARTESIAN_POINT('',(-25.5911064205,4.453924801274,
    51.233267761387));
#5125 = CARTESIAN_POINT('',(-25.62845683722,-8.805483181144,
    51.844502919936));
#5126 = CARTESIAN_POINT('',(-17.94283460116,-20.30793923123,
    52.455513851306));
#5127 = CARTESIAN_POINT('',(-5.678365264172,-25.34746899964,
    53.066679381326));
#5128 = CARTESIAN_POINT('',(6.340654657836,-23.40839536107,
    53.677772213978));
#5129 = CARTESIAN_POINT('',(14.804095479635,-16.52227210672,
    54.288885517102));
#5130 = CARTESIAN_POINT('',(22.151086792957,1.214934865499,
    55.511109079387));
#5131 = CARTESIAN_POINT('',(21.035754179931,12.06871619644,
    56.122220167179));
#5132 = CARTESIAN_POINT('',(13.908156611062,21.938574289958,
    56.733320634958));
#5133 = CARTESIAN_POINT('',(1.672385517835,27.047391383404,
    57.344469950699));
#5134 = CARTESIAN_POINT('',(-11.89565278189,24.348457450281,
    57.955506362964));
#5135 = CARTESIAN_POINT('',(-21.24502732523,14.946259108544,
    58.566710097048));
#5136 = CARTESIAN_POINT('',(-24.05295424926,3.099942782551,59.1777490387
    ));
#5137 = CARTESIAN_POINT('',(-20.92989495623,-7.354375705824,
    59.788891059101));
#5138 = CARTESIAN_POINT('',(-14.14213562372,-14.14213562372,
    60.400000000015));
#5139 = CARTESIAN_POINT('',(-7.354378761169,-20.92989958458,
    61.01109304183));
#5140 = CARTESIAN_POINT('',(3.099953384313,-24.05294109245,
    61.622259984496));
#5141 = CARTESIAN_POINT('',(14.946244492502,-21.24504530926,
    62.233267637688));
#5142 = CARTESIAN_POINT('',(24.348472428983,-11.89563876725,
    62.844503139413));
#5143 = CARTESIAN_POINT('',(27.047381646247,1.672381543193,
    63.455513549937));
#5144 = CARTESIAN_POINT('',(21.938577708459,13.908156608191,
    64.06667971055));
#5145 = CARTESIAN_POINT('',(12.068715270968,21.035755022417,
    64.677771925335));
#5146 = CARTESIAN_POINT('',(1.214934288178,22.151086936126,
    65.288885719117));
#5147 = CARTESIAN_POINT('',(-16.52227224656,14.804095029444,
    66.511108656467));
#5148 = CARTESIAN_POINT('',(-23.40839612494,6.34065320555,
    67.122222450255));
#5149 = CARTESIAN_POINT('',(-25.34746484497,-5.678362378796,
    67.733314664993));
#5150 = CARTESIAN_POINT('',(-20.30795202226,-17.94283948113,
    68.344480825741));
#5151 = CARTESIAN_POINT('',(-8.805458423411,-25.62845506481,
    68.955491236052));
#5152 = CARTESIAN_POINT('',(4.453897096332,-25.5911052215,
    69.566726737968));
#5153 = CARTESIAN_POINT('',(14.81602056329,-19.19999659526,
    70.177734391095));
#5154 = CARTESIAN_POINT('',(19.99999673202,-9.599342438901,
    70.788901333702));
#5155 = CARTESIAN_POINT('',(20.000001562322,3.934639434264E-07,
    71.399994375606));
#5156 = CARTESIAN_POINT('',(-17.95,5.75095468327E-15,28.4));
#5157 = CARTESIAN_POINT('',(-17.95001506485,-8.615378252761,
    29.011113619027));
#5158 = CARTESIAN_POINT('',(-13.29733708216,-17.23212889175,
    29.62221698445));
#5159 = CARTESIAN_POINT('',(-3.997429618279,-22.96775044542,
    30.233342440611));
#5160 = CARTESIAN_POINT('',(7.902942445566,-23.00188599317,
    30.844436322755));
#5161 = CARTESIAN_POINT('',(18.226367826065,-16.10341831569,
    31.455561347887));
#5162 = CARTESIAN_POINT('',(22.749359751193,-5.096463653359,
    32.066664900703));
#5163 = CARTESIAN_POINT('',(21.009036390424,5.69076500671,
    32.677778550534));
#5164 = CARTESIAN_POINT('',(14.828740305475,13.28667701847,
    33.28888935719));
#5165 = CARTESIAN_POINT('',(-1.090403537313,19.880601958801,
    34.511111393294));
#5166 = CARTESIAN_POINT('',(-10.83165564395,18.879608484748,
    35.122222507656));
#5167 = CARTESIAN_POINT('',(-19.68995824116,12.482484831968,
    35.733335096925));
#5168 = CARTESIAN_POINT('',(-24.27485562594,1.501163897519,
    36.344440902071));
#5169 = CARTESIAN_POINT('',(-21.85296702658,-10.67660356072,
    36.955562387626));
#5170 = CARTESIAN_POINT('',(-13.41409034578,-19.06720938886,
    37.566660634874));
#5171 = CARTESIAN_POINT('',(-2.782285334358,-21.58762942038,
    38.177781769205));
#5172 = CARTESIAN_POINT('',(6.600572925502,-18.78455792432,
    38.788888587494));
#5173 = CARTESIAN_POINT('',(12.692566722305,-12.6925667223,
    39.400000000001));
#5174 = CARTESIAN_POINT('',(18.784569759768,-6.600584989738,
    40.011113619022));
#5175 = CARTESIAN_POINT('',(21.587592416153,2.782317971113,
    40.622216984463));
#5176 = CARTESIAN_POINT('',(19.067261678988,13.414042498169,
    41.233342440591));
#5177 = CARTESIAN_POINT('',(10.676565371234,21.853013760431,
    41.844436322776));
#5178 = CARTESIAN_POINT('',(-1.501151994875,24.274824577527,
    42.455561347872));
#5179 = CARTESIAN_POINT('',(-12.48248253836,19.689970557082,
    43.06666490071));
#5180 = CARTESIAN_POINT('',(-18.87961062424,10.831653571479,
    43.677778550533));
#5181 = CARTESIAN_POINT('',(-19.88060224565,1.090403407262,
    44.28888935719));
#5182 = CARTESIAN_POINT('',(-13.28667672367,-14.8287401946,
    45.511111393294));
#5183 = CARTESIAN_POINT('',(-5.690762028371,-21.00903634304,
    46.122222507655));
#5184 = CARTESIAN_POINT('',(5.09645332278,-22.74935266424,
    46.733335096929));
#5185 = CARTESIAN_POINT('',(16.103431853994,-18.22639819728,
    47.344440902063));
#5186 = CARTESIAN_POINT('',(23.001879951146,-7.902882395394,
    47.955562387637));
#5187 = CARTESIAN_POINT('',(22.967747304316,3.997358809985,
    48.566660634865));
#5188 = CARTESIAN_POINT('',(17.232131979919,13.297386325849,
    49.177781769209));
#5189 = CARTESIAN_POINT('',(8.615378414571,17.949998165283,
    49.788888587494));
#5190 = CARTESIAN_POINT('',(3.166199331469E-12,17.949999999988,50.4));
#5191 = CARTESIAN_POINT('',(-8.615378252752,17.950015064882,
    51.011113619037));
#5192 = CARTESIAN_POINT('',(-17.23212889179,13.297337082115,
    51.622216984425));
#5193 = CARTESIAN_POINT('',(-22.96775044534,3.997429618334,
    52.233342440649));
#5194 = CARTESIAN_POINT('',(-23.00188599326,-7.902942445612,
    52.844436322716));
#5195 = CARTESIAN_POINT('',(-16.10341831563,-18.22636782603,
    53.455561347913));
#5196 = CARTESIAN_POINT('',(-5.096463653387,-22.7493597512,
    54.066664900693));
#5197 = CARTESIAN_POINT('',(5.690765006716,-21.00903639042,
    54.677778550537));
#5198 = CARTESIAN_POINT('',(13.286677018469,-14.82874030547,
    55.28888935719));
#5199 = CARTESIAN_POINT('',(19.880601958802,1.090403537314,
    56.511111393295));
#5200 = CARTESIAN_POINT('',(18.879608484752,10.831655643957,
    57.122222507656));
#5201 = CARTESIAN_POINT('',(12.482484831935,19.689958241159,
    57.733335096921));
#5202 = CARTESIAN_POINT('',(1.501163897606,24.274855625955,
    58.344440902088));
#5203 = CARTESIAN_POINT('',(-10.67660356084,21.852967026568,
    58.955562387596));
#5204 = CARTESIAN_POINT('',(-19.06720938878,13.414090345782,
    59.566660634906));
#5205 = CARTESIAN_POINT('',(-21.58762942041,2.782285334377,
    60.177781769183));
#5206 = CARTESIAN_POINT('',(-18.78455792435,-6.600572925533,
    60.788888587501));
#5207 = CARTESIAN_POINT('',(-12.69256672229,-12.69256672229,
    61.400000000003));
#5208 = CARTESIAN_POINT('',(-6.600584979545,-18.7845697599,
    62.011113620741));
#5209 = CARTESIAN_POINT('',(2.782317929093,-21.58759241565,
    62.622216977405));
#5210 = CARTESIAN_POINT('',(13.414042601161,-19.06726168017,
    63.233342457842));
#5211 = CARTESIAN_POINT('',(21.85301357762,-10.67656536913,
    63.844436292217));
#5212 = CARTESIAN_POINT('',(24.274824828613,1.501151991974,
    64.455561389783));
#5213 = CARTESIAN_POINT('',(19.689970282751,12.482482541555,
    65.066664854959));
#5214 = CARTESIAN_POINT('',(10.831653812011,18.879610621444,
    65.677778590629));
#5215 = CARTESIAN_POINT('',(1.090403238915,19.880602247614,
    66.288889329132));
#5216 = CARTESIAN_POINT('',(-14.82873984217,13.286676719566,
    67.511111452034));
#5217 = CARTESIAN_POINT('',(-21.00903824564,5.690762050558,
    68.122222190563));
#5218 = CARTESIAN_POINT('',(-22.74934768915,-5.096453380798,
    68.733335926075));
#5219 = CARTESIAN_POINT('',(-18.22640726005,-16.1034317483,
    69.344439391685));
#5220 = CARTESIAN_POINT('',(-7.902869789354,-23.00188009817,
    69.955564488525));
#5221 = CARTESIAN_POINT('',(3.997344942356,-22.96774714256,
    70.566658323702));
#5222 = CARTESIAN_POINT('',(13.29739853226,-17.23213212228,
    71.177783803542));
#5223 = CARTESIAN_POINT('',(17.949989603104,-8.615378314723,
    71.788887160495));
#5224 = CARTESIAN_POINT('',(17.950004686994,-5.465387555681E-08,
    72.400000781158));
#5225 = ADVANCED_FACE('',(#5226),#5634,.F.);
#5226 = FACE_BOUND('',#5227,.F.);
#5227 = EDGE_LOOP('',(#5228,#5229,#5230,#5231,#5308,#5399,#5483,#5558,
    #5559,#5560,#5632,#5633));
#5228 = ORIENTED_EDGE('',*,*,#3261,.F.);
#5229 = ORIENTED_EDGE('',*,*,#2529,.T.);
#5230 = ORIENTED_EDGE('',*,*,#4768,.T.);
#5231 = ORIENTED_EDGE('',*,*,#5232,.T.);
#5232 = EDGE_CURVE('',#4759,#5233,#5235,.T.);
#5233 = VERTEX_POINT('',#5234);
#5234 = CARTESIAN_POINT('',(18.2,-4.457714348896E-15,44.278048940499));
#5235 = B_SPLINE_CURVE_WITH_KNOTS('',8,(#5236,#5237,#5238,#5239,#5240,
    #5241,#5242,#5243,#5244,#5245,#5246,#5247,#5248,#5249,#5250,#5251,
    #5252,#5253,#5254,#5255,#5256,#5257,#5258,#5259,#5260,#5261,#5262,
    #5263,#5264,#5265,#5266,#5267,#5268,#5269,#5270,#5271,#5272,#5273,
    #5274,#5275,#5276,#5277,#5278,#5279,#5280,#5281,#5282,#5283,#5284,
    #5285,#5286,#5287,#5288,#5289,#5290,#5291,#5292,#5293,#5294,#5295,
    #5296,#5297,#5298,#5299,#5300,#5301,#5302,#5303,#5304,#5305,#5306,
    #5307),.UNSPECIFIED.,.F.,.F.,(9,7,7,7,7,7,7,7,7,7,9),(0.,
    0.140988883057,0.249761933374,0.314064895451,0.380472454174,
    0.520013616079,0.626926983932,0.736115302516,0.834603413123,
    0.928439314468,1.),.UNSPECIFIED.);
#5236 = CARTESIAN_POINT('',(18.2,0.,36.278039609335));
#5237 = CARTESIAN_POINT('',(18.2,2.014907072257,36.418993264318));
#5238 = CARTESIAN_POINT('',(17.945063536255,4.031900424811,
    36.560095066897));
#5239 = CARTESIAN_POINT('',(17.434274657148,6.010041524578,
    36.701118376663));
#5240 = CARTESIAN_POINT('',(16.675675367747,7.911942244312,
    36.842095399066));
#5241 = CARTESIAN_POINT('',(15.682359288534,9.702480862358,
    36.983075857703));
#5242 = CARTESIAN_POINT('',(14.47325133396,11.349297736357,
    37.124105978635));
#5243 = CARTESIAN_POINT('',(13.072217268398,12.822520157986,
    37.265215183629));
#5244 = CARTESIAN_POINT('',(10.307488986787,15.080191352033,
    37.51492502968));
#5245 = CARTESIAN_POINT('',(9.006985531435,15.94627111408,
    37.623715060872));
#5246 = CARTESIAN_POINT('',(7.623981991505,16.683545910417,
    37.732482890715));
#5247 = CARTESIAN_POINT('',(6.173536829954,17.283127407776,
    37.841232436063));
#5248 = CARTESIAN_POINT('',(4.671467463018,17.738184123177,
    37.949983135051));
#5249 = CARTESIAN_POINT('',(3.134336522481,18.043985785115,
    38.058754064335));
#5250 = CARTESIAN_POINT('',(1.579404808611,18.19785940488,
    38.167549096766));
#5251 = CARTESIAN_POINT('',(-0.894130617335,18.201238426664,
    38.34059597856));
#5252 = CARTESIAN_POINT('',(-1.813246403816,18.149460939991,
    38.404892097983));
#5253 = CARTESIAN_POINT('',(-2.728844418907,18.044635762607,
    38.469187212973));
#5254 = CARTESIAN_POINT('',(-3.637346556566,17.887058099227,
    38.53348033034));
#5255 = CARTESIAN_POINT('',(-4.535233172048,17.677304154729,
    38.597772602664));
#5256 = CARTESIAN_POINT('',(-5.419042745155,17.416220200523,
    38.662065500767));
#5257 = CARTESIAN_POINT('',(-6.285375134695,17.104929707301,
    38.726359004378));
#5258 = CARTESIAN_POINT('',(-8.004095174111,16.373002471946,
    38.857044816432));
#5259 = CARTESIAN_POINT('',(-8.855171088905,15.949089386566,
    38.923442407019));
#5260 = CARTESIAN_POINT('',(-9.680440789806,15.474679005107,
    38.989838248047));
#5261 = CARTESIAN_POINT('',(-10.47641836492,14.951626750858,
    39.056232506028));
#5262 = CARTESIAN_POINT('',(-11.23980139722,14.382054741816,
    39.122628333375));
#5263 = CARTESIAN_POINT('',(-11.96746608255,13.768342723608,
    39.189028070012));
#5264 = CARTESIAN_POINT('',(-12.65647546856,13.113136807737,
    39.255429281529));
#5265 = CARTESIAN_POINT('',(-14.66495209838,10.961580705742,
    39.461334315032));
#5266 = CARTESIAN_POINT('',(-15.84461484712,9.331901858983,
    39.600974103912));
#5267 = CARTESIAN_POINT('',(-16.81539743453,7.558723161248,
    39.740564673604));
#5268 = CARTESIAN_POINT('',(-17.55817142289,5.673814018841,
    39.880097986928));
#5269 = CARTESIAN_POINT('',(-18.05886404754,3.710682132315,
    40.019623478147));
#5270 = CARTESIAN_POINT('',(-18.30929108684,1.704737702981,
    40.159195857268));
#5271 = CARTESIAN_POINT('',(-18.30636047393,-0.307100911895,
    40.298849587676));
#5272 = CARTESIAN_POINT('',(-17.86402960595,-3.801466092309,
    40.545259816829));
#5273 = CARTESIAN_POINT('',(-17.52662828159,-5.299486896582,
    40.652194415742));
#5274 = CARTESIAN_POINT('',(-17.0456892935,-6.762530378753,
    40.759112522506));
#5275 = CARTESIAN_POINT('',(-16.42571149643,-8.174617913585,
    40.866016138973));
#5276 = CARTESIAN_POINT('',(-15.67304133299,-9.520665652439,
    40.972919407781));
#5277 = CARTESIAN_POINT('',(-14.79588685238,-10.78652071595,
    41.079836775687));
#5278 = CARTESIAN_POINT('',(-13.80426958863,-11.95896875691,
    41.186771031897));
#5279 = CARTESIAN_POINT('',(-11.59375424979,-14.11595103648,
    41.402834428762));
#5280 = CARTESIAN_POINT('',(-10.36964678734,-15.09675818529,
    41.512042161837));
#5281 = CARTESIAN_POINT('',(-9.05133842196,-15.95554992915,
    41.621226524492));
#5282 = CARTESIAN_POINT('',(-7.65320722885,-16.6820484495,
    41.730392493589));
#5283 = CARTESIAN_POINT('',(-6.190585802175,-17.26797461377,
    41.839559706491));
#5284 = CARTESIAN_POINT('',(-4.679751288154,-17.70710574558,
    41.948747238111));
#5285 = CARTESIAN_POINT('',(-3.13787411741,-17.99524770633,
    42.057959074897));
#5286 = CARTESIAN_POINT('',(-0.181031396521,-18.25345230775,
    42.265606669444));
#5287 = CARTESIAN_POINT('',(1.232384581156,-18.25198952756,
    42.364107264032));
#5288 = CARTESIAN_POINT('',(2.643675785107,-18.12535156849,
    42.462596981764));
#5289 = CARTESIAN_POINT('',(4.039902304526,-17.87413682121,
    42.561076060745));
#5290 = CARTESIAN_POINT('',(5.408451168363,-17.50045899664,
    42.659554349835));
#5291 = CARTESIAN_POINT('',(6.737024825156,-17.00783347568,
    42.758041890365));
#5292 = CARTESIAN_POINT('',(8.013680451539,-16.4012865379,
    42.856539373334));
#5293 = CARTESIAN_POINT('',(10.382921965046,-15.00777967349,
    43.048829444693));
#5294 = CARTESIAN_POINT('',(11.481871818075,-14.23039086785,
    43.142666530247));
#5295 = CARTESIAN_POINT('',(12.513845626464,-13.36128052544,
    43.236492652712));
#5296 = CARTESIAN_POINT('',(13.46998309591,-12.40729437563,
    43.330309126235));
#5297 = CARTESIAN_POINT('',(14.342358735698,-11.37615466915,
    43.424126082086));
#5298 = CARTESIAN_POINT('',(15.123926258112,-10.27639335135,
    43.517953456682));
#5299 = CARTESIAN_POINT('',(15.808589489094,-9.117401958022,
    43.611792039232));
#5300 = CARTESIAN_POINT('',(16.835889334008,-6.988477457378,
    43.77716131595));
#5301 = CARTESIAN_POINT('',(17.221260338274,-6.038718821593,
    43.84871952053));
#5302 = CARTESIAN_POINT('',(17.545306254963,-5.064850176489,
    43.920277482079));
#5303 = CARTESIAN_POINT('',(17.806293769962,-4.071528664322,
    43.991832800215));
#5304 = CARTESIAN_POINT('',(18.00292429996,-3.06350493527,
    44.063386952132));
#5305 = CARTESIAN_POINT('',(18.134312708106,-2.045614011481,
    44.134942095929));
#5306 = CARTESIAN_POINT('',(18.2,-1.022775049348,44.206497977431));
#5307 = CARTESIAN_POINT('',(18.2,7.105427357601E-15,44.278048940499));
#5308 = ORIENTED_EDGE('',*,*,#5309,.T.);
#5309 = EDGE_CURVE('',#5233,#5310,#5312,.T.);
#5310 = VERTEX_POINT('',#5311);
#5311 = CARTESIAN_POINT('',(18.2,-4.457714348896E-15,52.278060216167));
#5312 = B_SPLINE_CURVE_WITH_KNOTS('',8,(#5313,#5314,#5315,#5316,#5317,
    #5318,#5319,#5320,#5321,#5322,#5323,#5324,#5325,#5326,#5327,#5328,
    #5329,#5330,#5331,#5332,#5333,#5334,#5335,#5336,#5337,#5338,#5339,
    #5340,#5341,#5342,#5343,#5344,#5345,#5346,#5347,#5348,#5349,#5350,
    #5351,#5352,#5353,#5354,#5355,#5356,#5357,#5358,#5359,#5360,#5361,
    #5362,#5363,#5364,#5365,#5366,#5367,#5368,#5369,#5370,#5371,#5372,
    #5373,#5374,#5375,#5376,#5377,#5378,#5379,#5380,#5381,#5382,#5383,
    #5384,#5385,#5386,#5387,#5388,#5389,#5390,#5391,#5392,#5393,#5394,
    #5395,#5396,#5397,#5398),.UNSPECIFIED.,.F.,.F.,(9,7,7,7,7,7,7,7,7,7,
    7,7,9),(0.,5.026865037573E-02,0.101858762145,0.205103303251,
    0.304136374462,0.42200418404,0.518075736631,0.663275302115,
    0.737306662182,0.763503497836,0.800644503167,0.91795368241,1.),
  .UNSPECIFIED.);
#5313 = CARTESIAN_POINT('',(18.2,7.105427357601E-15,44.278048940499));
#5314 = CARTESIAN_POINT('',(18.2,0.718385784824,44.328305538752));
#5315 = CARTESIAN_POINT('',(18.167593185772,1.43681108016,
    44.378564638207));
#5316 = CARTESIAN_POINT('',(18.102773438447,2.153530059284,
    44.428823567825));
#5317 = CARTESIAN_POINT('',(18.005652168543,2.866822985114,
    44.479081531073));
#5318 = CARTESIAN_POINT('',(17.876448657031,3.574995285573,
    44.529338985575));
#5319 = CARTESIAN_POINT('',(17.715484615552,4.276377183231,
    44.57959693696));
#5320 = CARTESIAN_POINT('',(17.523182965764,4.96932387923,
    44.629856146888));
#5321 = CARTESIAN_POINT('',(17.07109354224,6.353060567401,
    44.731697600513));
#5322 = CARTESIAN_POINT('',(16.809670212862,7.043297682533,
    44.783279181491));
#5323 = CARTESIAN_POINT('',(16.516376238842,7.721170111045,
    44.834858193209));
#5324 = CARTESIAN_POINT('',(16.191897013562,8.384971526032,
    44.886432311419));
#5325 = CARTESIAN_POINT('',(15.837024641248,9.033042700072,
    44.938007553177));
#5326 = CARTESIAN_POINT('',(15.45265639445,9.663773369386,
    44.989587884659));
#5327 = CARTESIAN_POINT('',(15.039797550689,10.275606103401,
    45.041167508947));
#5328 = CARTESIAN_POINT('',(13.718569776746,12.050639798163,
    45.195969585671));
#5329 = CARTESIAN_POINT('',(12.727627082749,13.152987146596,
    45.299227975439));
#5330 = CARTESIAN_POINT('',(11.635854916574,14.161586967444,
    45.40247251841));
#5331 = CARTESIAN_POINT('',(10.453782591018,15.065843416871,
    45.505700371815));
#5332 = CARTESIAN_POINT('',(9.192981464607,15.856629215215,
    45.608925641067));
#5333 = CARTESIAN_POINT('',(7.866048666485,16.526308330044,
    45.71216373476));
#5334 = CARTESIAN_POINT('',(6.486575148494,17.068729700912,
    45.815418741364));
#5335 = CARTESIAN_POINT('',(3.710110374134,17.873955184916,
    46.017659181503));
#5336 = CARTESIAN_POINT('',(2.315370790821,18.147482606524,
    46.116702169222));
#5337 = CARTESIAN_POINT('',(0.898254610116,18.296401518089,
    46.215734434701));
#5338 = CARTESIAN_POINT('',(-0.528202164378,18.318785692499,
    46.314756568328));
#5339 = CARTESIAN_POINT('',(-1.950994569159,18.214245086085,
    46.413778551101));
#5340 = CARTESIAN_POINT('',(-3.357167253711,17.983922933561,
    46.51281054194));
#5341 = CARTESIAN_POINT('',(-4.733833567944,17.630488264643,
    46.611853731849));
#5342 = CARTESIAN_POINT('',(-7.656394129946,16.596908927292,
    46.828718499056));
#5343 = CARTESIAN_POINT('',(-9.186017511039,15.866938694073,
    46.946628304112));
#5344 = CARTESIAN_POINT('',(-10.63494100656,14.976138748656,
    47.064503262807));
#5345 = CARTESIAN_POINT('',(-11.98368532289,13.935354171068,
    47.182350225113));
#5346 = CARTESIAN_POINT('',(-13.21467863362,12.757684668955,
    47.30019653091));
#5347 = CARTESIAN_POINT('',(-14.31236398444,11.458551436627,
    47.418069350465));
#5348 = CARTESIAN_POINT('',(-15.26314680632,10.055558308487,
    47.535977920675));
#5349 = CARTESIAN_POINT('',(-16.70284609563,7.358009456649,
    47.749893983202));
#5350 = CARTESIAN_POINT('',(-17.24505492885,6.090633698106,
    47.845978432195));
#5351 = CARTESIAN_POINT('',(-17.67705997122,4.778114786415,
    47.94205354603));
#5352 = CARTESIAN_POINT('',(-17.9946195188,3.431698380966,48.03811936689
    ));
#5353 = CARTESIAN_POINT('',(-18.1948693934,2.062907812721,
    48.134184582766));
#5354 = CARTESIAN_POINT('',(-18.27622951006,0.683513616087,
    48.230257971977));
#5355 = CARTESIAN_POINT('',(-18.23850495606,-0.694460450383,
    48.326339738528));
#5356 = CARTESIAN_POINT('',(-17.84844452784,-4.120629332271,
    48.567575201718));
#5357 = CARTESIAN_POINT('',(-17.3447300204,-6.154396594915,
    48.71292108409));
#5358 = CARTESIAN_POINT('',(-16.57602709392,-8.115173658717,
    48.858165705804));
#5359 = CARTESIAN_POINT('',(-15.556061819,-9.963436548993,
    49.003349674772));
#5360 = CARTESIAN_POINT('',(-14.30376458411,-11.66287328743,
    49.14854053043));
#5361 = CARTESIAN_POINT('',(-12.84422033556,-13.18112786393,
    49.293796446199));
#5362 = CARTESIAN_POINT('',(-11.20753053951,-14.48923530451,
    49.439151587851));
#5363 = CARTESIAN_POINT('',(-8.527867925383,-16.11319392928,
    49.658357513385));
#5364 = CARTESIAN_POINT('',(-7.586466102084,-16.60150868194,
    49.732386115844));
#5365 = CARTESIAN_POINT('',(-6.613309714093,-17.02683952718,
    49.806411518926));
#5366 = CARTESIAN_POINT('',(-5.613340998123,-17.38681263714,
    49.880432637652));
#5367 = CARTESIAN_POINT('',(-4.591659635628,-17.67953001155,
    49.954453258919));
#5368 = CARTESIAN_POINT('',(-3.553511870804,-17.90355012844,
    50.0284780231));
#5369 = CARTESIAN_POINT('',(-2.504292610861,-18.05790907837,
    50.102507314325));
#5370 = CARTESIAN_POINT('',(-1.076331602397,-18.17200317493,
    50.202725200488));
#5371 = CARTESIAN_POINT('',(-0.702383905643,-18.1930491743,
    50.228920779496));
#5372 = CARTESIAN_POINT('',(-0.327973582297,-18.20530071228,
    50.255116397414));
#5373 = CARTESIAN_POINT('',(4.664867600247E-02,-18.20874635065,
    50.281311164444));
#5374 = CARTESIAN_POINT('',(0.421237649956,-18.20338268108,
    50.307504700056));
#5375 = CARTESIAN_POINT('',(0.795553592598,-18.18921432506,
    50.333697132994));
#5376 = CARTESIAN_POINT('',(1.169362229298,-18.16625393392,
    50.35988910127));
#5377 = CARTESIAN_POINT('',(2.071364623634,-18.08953397239,
    50.423216824499));
#5378 = CARTESIAN_POINT('',(2.598805812164,-18.02691277402,
    50.460352532741));
#5379 = CARTESIAN_POINT('',(3.124062421228,-17.94671836292,
    50.497488690699));
#5380 = CARTESIAN_POINT('',(3.646447225793,-17.8490416551,
    50.534625172509));
#5381 = CARTESIAN_POINT('',(4.165281677916,-17.73400471337,
    50.571761912643));
#5382 = CARTESIAN_POINT('',(4.679895906747,-17.60176074734,
    50.608898905909));
#5383 = CARTESIAN_POINT('',(5.189628718523,-17.45249411342,
    50.646036207451));
#5384 = CARTESIAN_POINT('',(7.286330438987,-16.76187928974,
    50.800472752062));
#5385 = CARTESIAN_POINT('',(8.824393986928,-16.06941197801,
    50.917831615163));
#5386 = CARTESIAN_POINT('',(10.28611260532,-15.21591360639,
    51.035157964981));
#5387 = CARTESIAN_POINT('',(11.652062086581,-14.21161235762,
    51.152454926587));
#5388 = CARTESIAN_POINT('',(12.904612919826,-13.06901028953,
    51.269750793859));
#5389 = CARTESIAN_POINT('',(14.028056757078,-11.80294493965,
    51.387071914419));
#5390 = CARTESIAN_POINT('',(15.008559818,-10.43045146248,51.504426519671
    ));
#5391 = CARTESIAN_POINT('',(16.413126575878,-7.951377605944,
    51.703763516812));
#5392 = CARTESIAN_POINT('',(16.916124417683,-6.888409750739,
    51.785812385832));
#5393 = CARTESIAN_POINT('',(17.340272766144,-5.789372191334,
    51.867857722562));
#5394 = CARTESIAN_POINT('',(17.68261718932,-4.66112026267,
    51.949898013654));
#5395 = CARTESIAN_POINT('',(17.940925896973,-3.510713140056,
    52.031937889424));
#5396 = CARTESIAN_POINT('',(18.113656595665,-2.3453974343,
    52.113981854221));
#5397 = CARTESIAN_POINT('',(18.2,-1.17261000614,52.196027787581));
#5398 = CARTESIAN_POINT('',(18.2,-7.105427357601E-15,52.278060216167));
#5399 = ORIENTED_EDGE('',*,*,#5400,.T.);
#5400 = EDGE_CURVE('',#5310,#5401,#5403,.T.);
#5401 = VERTEX_POINT('',#5402);
#5402 = CARTESIAN_POINT('',(18.2,-4.457714348896E-15,60.278043198478));
#5403 = B_SPLINE_CURVE_WITH_KNOTS('',8,(#5404,#5405,#5406,#5407,#5408,
    #5409,#5410,#5411,#5412,#5413,#5414,#5415,#5416,#5417,#5418,#5419,
    #5420,#5421,#5422,#5423,#5424,#5425,#5426,#5427,#5428,#5429,#5430,
    #5431,#5432,#5433,#5434,#5435,#5436,#5437,#5438,#5439,#5440,#5441,
    #5442,#5443,#5444,#5445,#5446,#5447,#5448,#5449,#5450,#5451,#5452,
    #5453,#5454,#5455,#5456,#5457,#5458,#5459,#5460,#5461,#5462,#5463,
    #5464,#5465,#5466,#5467,#5468,#5469,#5470,#5471,#5472,#5473,#5474,
    #5475,#5476,#5477,#5478,#5479,#5480,#5481,#5482),.UNSPECIFIED.,.F.,
  .F.,(9,7,7,7,7,7,7,7,7,7,7,9),(0.,0.116479482074,0.209988337914,
    0.35487362073,0.413713651969,0.444299167356,0.481849970055,
    0.601887311619,0.689324128519,0.782832903488,0.891231709429,1.),
  .UNSPECIFIED.);
#5404 = CARTESIAN_POINT('',(18.2,-7.105427357601E-15,52.278060216167));
#5405 = CARTESIAN_POINT('',(18.2,1.664676914924,52.394516232597));
#5406 = CARTESIAN_POINT('',(18.025987375198,3.330194947215,
    52.511028564897));
#5407 = CARTESIAN_POINT('',(17.677655553984,4.974061683063,
    52.627508994017));
#5408 = CARTESIAN_POINT('',(17.158539941496,6.575068955665,
    52.743964395311));
#5409 = CARTESIAN_POINT('',(16.474828589097,8.112987155494,
    52.860420526417));
#5410 = CARTESIAN_POINT('',(15.635447285475,9.568645069273,
    52.976902548168));
#5411 = CARTESIAN_POINT('',(14.651924852879,10.92393319205,
    53.093417993976));
#5412 = CARTESIAN_POINT('',(12.64640433807,13.156536036384,
    53.303376428059));
#5413 = CARTESIAN_POINT('',(11.669724640745,14.075979635847,
    53.396892390911));
#5414 = CARTESIAN_POINT('',(10.616985485841,14.912158746397,
    53.490399988802));
#5415 = CARTESIAN_POINT('',(9.496564444483,15.657826060864,
    53.583898931813));
#5416 = CARTESIAN_POINT('',(8.317503255108,16.306808408021,53.6773969202
    ));
#5417 = CARTESIAN_POINT('',(7.089454919741,16.853940399285,
    53.770901920478));
#5418 = CARTESIAN_POINT('',(5.822718106598,17.295142047204,
    53.864414327486));
#5419 = CARTESIAN_POINT('',(2.522787604424,18.142855533297,
    54.102764949539));
#5420 = CARTESIAN_POINT('',(0.447861547723,18.397895666899,
    54.24779140818));
#5421 = CARTESIAN_POINT('',(-1.653385292924,18.380566474452,
    54.392717080501));
#5422 = CARTESIAN_POINT('',(-3.739410732412,18.089585226804,
    54.537582509838));
#5423 = CARTESIAN_POINT('',(-5.7698086764,17.529623636739,
    54.682454466108));
#5424 = CARTESIAN_POINT('',(-7.705652318595,16.71244006665,
    54.827390198357));
#5425 = CARTESIAN_POINT('',(-9.509365501418,15.655659528382,
    54.972422953363));
#5426 = CARTESIAN_POINT('',(-11.81105894371,13.872492721001,
    55.176116034204));
#5427 = CARTESIAN_POINT('',(-12.44868242724,13.322340193872,
    55.234950141316));
#5428 = CARTESIAN_POINT('',(-13.05694417829,12.738748990212,
    55.293784058469));
#5429 = CARTESIAN_POINT('',(-13.63379915711,12.123565134158,
    55.352616946486));
#5430 = CARTESIAN_POINT('',(-14.17735423375,11.478769440268,
    55.411449610979));
#5431 = CARTESIAN_POINT('',(-14.68586427091,10.806472662801,
    55.470283182224));
#5432 = CARTESIAN_POINT('',(-15.15773648402,10.108918167724,
    55.529117566376));
#5433 = CARTESIAN_POINT('',(-15.8170391906,9.014008952077,
    55.618531061561));
#5434 = CARTESIAN_POINT('',(-16.03225452148,8.633340056833,
    55.649112359561));
#5435 = CARTESIAN_POINT('',(-16.23699258936,8.246809193488,
    55.679693973745));
#5436 = CARTESIAN_POINT('',(-16.4310689232,7.854750184857,
    55.710276002945));
#5437 = CARTESIAN_POINT('',(-16.61431106279,7.457506924822,
    55.740858233109));
#5438 = CARTESIAN_POINT('',(-16.78655855879,7.055433378331,
    55.771440137302));
#5439 = CARTESIAN_POINT('',(-16.94766297268,6.648893581397,
    55.802020875707));
#5440 = CARTESIAN_POINT('',(-17.28143264094,5.734115846021,
    55.870141386988));
#5441 = CARTESIAN_POINT('',(-17.44839397373,5.223754530137,
    55.907684050688));
#5442 = CARTESIAN_POINT('',(-17.59812365044,4.707854764204,
    55.945227375637));
#5443 = CARTESIAN_POINT('',(-17.73040701299,4.187100849267,
    55.982771348564));
#5444 = CARTESIAN_POINT('',(-17.84506296996,3.66218431666,
    56.020315854005));
#5445 = CARTESIAN_POINT('',(-17.94194399657,3.133803928008,
    56.05786067431));
#5446 = CARTESIAN_POINT('',(-18.02093613471,2.602665675227,
    56.095405489635));
#5447 = CARTESIAN_POINT('',(-18.27702863577,0.365075613541,
    56.252966714876));
#5448 = CARTESIAN_POINT('',(-18.28859779862,-1.361292184039,
    56.373053536447));
#5449 = CARTESIAN_POINT('',(-18.11350480979,-3.085141293678,
    56.493105850603));
#5450 = CARTESIAN_POINT('',(-17.75309782927,-4.782968312932,
    56.613125229167));
#5451 = CARTESIAN_POINT('',(-17.21179030316,-6.432040414107,
    56.733142186309));
#5452 = CARTESIAN_POINT('',(-16.49719953575,-8.010499989678,
    56.853185706693));
#5453 = CARTESIAN_POINT('',(-15.61995133752,-9.497380913448,
    56.97326645226));
#5454 = CARTESIAN_POINT('',(-13.84847655809,-11.8752380172,
    57.180709253041));
#5455 = CARTESIAN_POINT('',(-13.02316383093,-12.81892217374,
    57.268146999391));
#5456 = CARTESIAN_POINT('',(-12.12459602003,-13.69671684872,
    57.355579519552));
#5457 = CARTESIAN_POINT('',(-11.15898339081,-14.50204729577,
    57.443004688143));
#5458 = CARTESIAN_POINT('',(-10.13313630081,-15.22909818411,
    57.530429135801));
#5459 = CARTESIAN_POINT('',(-9.054421050338,-15.87277602357,
    57.617859647749));
#5460 = CARTESIAN_POINT('',(-7.930785117223,-16.42876191332,
    57.705294450414));
#5461 = CARTESIAN_POINT('',(-5.530368079409,-17.39083130173,
    57.886205107521));
#5462 = CARTESIAN_POINT('',(-4.247911564038,-17.78400764779,
    57.979713146689));
#5463 = CARTESIAN_POINT('',(-2.934021500373,-18.06887891296,
    58.073210410873));
#5464 = CARTESIAN_POINT('',(-1.599415975116,-18.24264592435,
    58.166698197081));
#5465 = CARTESIAN_POINT('',(-0.254934284728,-18.30376669624,
    58.260186418818));
#5466 = CARTESIAN_POINT('',(1.088481322255,-18.25187355304,
    58.353684911239));
#5467 = CARTESIAN_POINT('',(2.419789202648,-18.08785791509,
    58.447194771337));
#5468 = CARTESIAN_POINT('',(5.244227643956,-17.49680355266,
    58.649068114412));
#5469 = CARTESIAN_POINT('',(6.730307701634,-17.03184524271,
    58.757492818509));
#5470 = CARTESIAN_POINT('',(8.168457440192,-16.4227353135,
    58.865900488611));
#5471 = CARTESIAN_POINT('',(9.542462376942,-15.67552617529,
    58.974292835699));
#5472 = CARTESIAN_POINT('',(10.837213986211,-14.79813092108,
    59.082684888447));
#5473 = CARTESIAN_POINT('',(12.038752601766,-13.80033761409,
    59.191091915068));
#5474 = CARTESIAN_POINT('',(13.134265218948,-12.69374923533,
    59.299517274759));
#5475 = CARTESIAN_POINT('',(15.094161951161,-10.28702375836,
    59.516652213899));
#5476 = CARTESIAN_POINT('',(15.958492833652,-8.985322178904,
    59.625444234117));
#5477 = CARTESIAN_POINT('',(16.693901556503,-7.601292556872,
    59.734214027401));
#5478 = CARTESIAN_POINT('',(17.291520848051,-6.150005469224,
    59.842965611332));
#5479 = CARTESIAN_POINT('',(17.744539140867,-4.647289788378,
    59.951718293881));
#5480 = CARTESIAN_POINT('',(18.048247670546,-3.109717641826,
    60.06049103522));
#5481 = CARTESIAN_POINT('',(18.2,-1.554559246654,60.169287356433));
#5482 = CARTESIAN_POINT('',(18.2,1.06581410364E-14,60.278043198478));
#5483 = ORIENTED_EDGE('',*,*,#5484,.T.);
#5484 = EDGE_CURVE('',#5401,#2977,#5485,.T.);
#5485 = B_SPLINE_CURVE_WITH_KNOTS('',8,(#5486,#5487,#5488,#5489,#5490,
    #5491,#5492,#5493,#5494,#5495,#5496,#5497,#5498,#5499,#5500,#5501,
    #5502,#5503,#5504,#5505,#5506,#5507,#5508,#5509,#5510,#5511,#5512,
    #5513,#5514,#5515,#5516,#5517,#5518,#5519,#5520,#5521,#5522,#5523,
    #5524,#5525,#5526,#5527,#5528,#5529,#5530,#5531,#5532,#5533,#5534,
    #5535,#5536,#5537,#5538,#5539,#5540,#5541,#5542,#5543,#5544,#5545,
    #5546,#5547,#5548,#5549,#5550,#5551,#5552,#5553,#5554,#5555,#5556,
    #5557),.UNSPECIFIED.,.F.,.F.,(9,7,7,7,7,7,7,7,7,7,9),(0.,
    6.437155983965E-02,0.129787151108,0.214881585228,0.358450709032,
    0.486769009101,0.588549755931,0.732770965397,0.80583084016,
    0.869857048561,1.),.UNSPECIFIED.);
#5486 = CARTESIAN_POINT('',(18.2,1.06581410364E-14,60.278043198478));
#5487 = CARTESIAN_POINT('',(18.2,0.919894499803,60.342398353249));
#5488 = CARTESIAN_POINT('',(18.146862970651,1.839863873395,
    60.406759204737));
#5489 = CARTESIAN_POINT('',(18.040574219148,2.756237430002,
    60.471119391395));
#5490 = CARTESIAN_POINT('',(17.881436180054,3.665415364744,
    60.535477159378));
#5491 = CARTESIAN_POINT('',(17.67003565102,4.563864519351,
    60.599833389692));
#5492 = CARTESIAN_POINT('',(17.407229321679,5.448117465996,
    60.664189717461));
#5493 = CARTESIAN_POINT('',(17.094147595716,6.314774914253,
    60.728546743296));
#5494 = CARTESIAN_POINT('',(16.364415720728,8.019964825613,
    60.858301702725));
#5495 = CARTESIAN_POINT('',(15.946144713099,8.85786791211,
    60.923703747102));
#5496 = CARTESIAN_POINT('',(15.478900624687,9.670700104885,
    60.989103965292));
#5497 = CARTESIAN_POINT('',(14.964458807134,10.455129495082,
    61.054502984957));
#5498 = CARTESIAN_POINT('',(14.404845436511,11.207998378122,
    61.119903271255));
#5499 = CARTESIAN_POINT('',(13.802328740942,11.92631827954,
    61.185306863652));
#5500 = CARTESIAN_POINT('',(13.159426564249,12.607276826342,
    61.250712617913));
#5501 = CARTESIAN_POINT('',(11.593715912282,14.082066114262,
    61.401184029961));
#5502 = CARTESIAN_POINT('',(10.644700321616,14.848400441298,
    61.486264245712));
#5503 = CARTESIAN_POINT('',(9.638061577434,15.541376146709,
    61.571344117585));
#5504 = CARTESIAN_POINT('',(8.580475838815,16.155998887288,
    61.656421671938));
#5505 = CARTESIAN_POINT('',(7.479032303234,16.688040122385,
    61.741500295546));
#5506 = CARTESIAN_POINT('',(6.341200140876,17.133997024459,
    61.826584832953));
#5507 = CARTESIAN_POINT('',(5.174844922789,17.491137789729,
    61.911674403606));
#5508 = CARTESIAN_POINT('',(1.986377494366,18.20725506229,62.14029255104
    ));
#5509 = CARTESIAN_POINT('',(-7.569885556185E-02,18.39944939798,
    62.283989887692));
#5510 = CARTESIAN_POINT('',(-2.155854902335,18.323716847213,
    62.427593285221));
#5511 = CARTESIAN_POINT('',(-4.213677652387,17.979900593359,
    62.571143393985));
#5512 = CARTESIAN_POINT('',(-6.20998630115,17.373607712786,
    62.71470070018));
#5513 = CARTESIAN_POINT('',(-8.107197387421,16.517237756308,
    62.858314784893));
#5514 = CARTESIAN_POINT('',(-9.869198419183,15.428830712946,
    63.002021058172));
#5515 = CARTESIAN_POINT('',(-12.88731179931,12.981532665269,
    63.27385567837));
#5516 = CARTESIAN_POINT('',(-14.17972289026,11.661676114315,
    63.40223680906));
#5517 = CARTESIAN_POINT('',(-15.31619410213,10.195718913894,
    63.530563847297));
#5518 = CARTESIAN_POINT('',(-16.27813532843,8.605614817863,
    63.658852777204));
#5519 = CARTESIAN_POINT('',(-17.05045217206,6.915253171035,
    63.787142822556));
#5520 = CARTESIAN_POINT('',(-17.62189772401,5.150556946608,
    63.915473057005));
#5521 = CARTESIAN_POINT('',(-17.98477941481,3.339259127977,
    64.043858809762));
#5522 = CARTESIAN_POINT('',(-18.25792769978,6.22134648506E-02,
    64.27391577791));
#5523 = CARTESIAN_POINT('',(-18.24638457398,-1.398790342052,
    64.375709263144));
#5524 = CARTESIAN_POINT('',(-18.1011133568,-2.856514089462,
    64.477489123205));
#5525 = CARTESIAN_POINT('',(-17.82293221579,-4.296689412112,
    64.579256556865));
#5526 = CARTESIAN_POINT('',(-17.41430987526,-5.705421332845,
    64.681023005924));
#5527 = CARTESIAN_POINT('',(-16.87937785142,-7.069209273169,
    64.782800007978));
#5528 = CARTESIAN_POINT('',(-16.22392141582,-8.374967368647,
    64.884588615344));
#5529 = CARTESIAN_POINT('',(-14.36756403274,-11.36050524383,
    65.130530704577));
#5530 = CARTESIAN_POINT('',(-13.05147590527,-12.97196386345,
    65.274877807224));
#5531 = CARTESIAN_POINT('',(-11.52995533607,-14.40662789011,
    65.419127803451));
#5532 = CARTESIAN_POINT('',(-9.831668761165,-15.63523316435,
    65.563320560641));
#5533 = CARTESIAN_POINT('',(-7.988557057761,-16.63350586759,
    65.707521103845));
#5534 = CARTESIAN_POINT('',(-6.036341675001,-17.38319075573,
    65.851783722903));
#5535 = CARTESIAN_POINT('',(-4.013782129212,-17.87113941614,
    65.996139899612));
#5536 = CARTESIAN_POINT('',(-0.926735324892,-18.20635395712,
    66.213375280217));
#5537 = CARTESIAN_POINT('',(0.118762108401,-18.25102322705,
    66.286426077694));
#5538 = CARTESIAN_POINT('',(1.166411309091,-18.22704510901,
    66.359473976249));
#5539 = CARTESIAN_POINT('',(2.210937151823,-18.13435489204,
    66.432517644987));
#5540 = CARTESIAN_POINT('',(3.247125078657,-17.97336242269,
    66.505560742341));
#5541 = CARTESIAN_POINT('',(4.269822413338,-17.74492825245,
    66.578607931881));
#5542 = CARTESIAN_POINT('',(5.27394411705,-17.4503788054,66.651659782998
    ));
#5543 = CARTESIAN_POINT('',(7.113780734941,-16.77710928278,
    66.78872128352));
#5544 = CARTESIAN_POINT('',(7.955058877288,-16.41326643383,
    66.852740282741));
#5545 = CARTESIAN_POINT('',(8.774942141266,-16.00125603053,
    66.916745072092));
#5546 = CARTESIAN_POINT('',(9.570210602424,-15.54257032136,
    66.980761661146));
#5547 = CARTESIAN_POINT('',(10.337798153411,-15.03893872313,
    67.044771743159));
#5548 = CARTESIAN_POINT('',(11.074780951594,-14.49232373812,
    67.108788166197));
#5549 = CARTESIAN_POINT('',(11.778386634578,-13.90492248058,
    67.172805273162));
#5550 = CARTESIAN_POINT('',(13.803051055754,-12.00729229176,
    67.366939421746));
#5551 = CARTESIAN_POINT('',(15.012555697603,-10.57595623442,
    67.49715686951));
#5552 = CARTESIAN_POINT('',(16.05095426807,-9.006500338511,
    67.627316562548));
#5553 = CARTESIAN_POINT('',(16.900624614792,-7.323221604435,
    67.757433644331));
#5554 = CARTESIAN_POINT('',(17.547759152629,-5.552167262531,
    67.887553823838));
#5555 = CARTESIAN_POINT('',(17.982778406441,-3.721229130901,
    68.017715522496));
#5556 = CARTESIAN_POINT('',(18.2,-1.859905317759,68.147933710264));
#5557 = CARTESIAN_POINT('',(18.2,-1.7763568394E-14,68.278053258581));
#5558 = ORIENTED_EDGE('',*,*,#2984,.T.);
#5559 = ORIENTED_EDGE('',*,*,#3135,.F.);
#5560 = ORIENTED_EDGE('',*,*,#5561,.F.);
#5561 = EDGE_CURVE('',#3151,#3129,#5562,.T.);
#5562 = B_SPLINE_CURVE_WITH_KNOTS('',9,(#5563,#5564,#5565,#5566,#5567,
    #5568,#5569,#5570,#5571,#5572,#5573,#5574,#5575,#5576,#5577,#5578,
    #5579,#5580,#5581,#5582,#5583,#5584,#5585,#5586,#5587,#5588,#5589,
    #5590,#5591,#5592,#5593,#5594,#5595,#5596,#5597,#5598,#5599,#5600,
    #5601,#5602,#5603,#5604,#5605,#5606,#5607,#5608,#5609,#5610,#5611,
    #5612,#5613,#5614,#5615,#5616,#5617,#5618,#5619,#5620,#5621,#5622,
    #5623,#5624,#5625,#5626,#5627,#5628,#5629,#5630,#5631),
  .UNSPECIFIED.,.F.,.F.,(10,8,9,8,9,8,9,8,10),(0.,6.993548514224,
    13.987097028449,20.980645542673,27.974194056897,34.967742571122,
    41.961291085346,48.95483959957,55.948388113795),.UNSPECIFIED.);
#5563 = CARTESIAN_POINT('',(20.,-3.552713678801E-15,27.4));
#5564 = CARTESIAN_POINT('',(20.000005022248,9.599342830569,
    28.011093054131));
#5565 = CARTESIAN_POINT('',(14.815999682165,19.199995820786,
    28.62225993397));
#5566 = CARTESIAN_POINT('',(4.453924801243,25.591106420547,
    29.233267761395));
#5567 = CARTESIAN_POINT('',(-8.805483181117,25.628456837178,
    29.844502919944));
#5568 = CARTESIAN_POINT('',(-20.30793923125,17.9428346012,
    30.455513851295));
#5569 = CARTESIAN_POINT('',(-25.34746899963,5.678365264159,
    31.066679381333));
#5570 = CARTESIAN_POINT('',(-23.40839536107,-6.340654657834,
    31.677772213976));
#5571 = CARTESIAN_POINT('',(-16.52227210672,-14.80409547963,
    32.288885517103));
#5572 = CARTESIAN_POINT('',(1.214934865498,-22.15108679295,
    33.511109079386));
#5573 = CARTESIAN_POINT('',(12.06871619644,-21.03575417992,
    34.122220167185));
#5574 = CARTESIAN_POINT('',(21.938574289971,-13.9081566111,
    34.733320634946));
#5575 = CARTESIAN_POINT('',(27.047391383368,-1.672385517729,
    35.344469950716));
#5576 = CARTESIAN_POINT('',(24.348457450332,11.895652781744,
    35.955506362938));
#5577 = CARTESIAN_POINT('',(14.946259108511,21.245027325371,
    36.566710097087));
#5578 = CARTESIAN_POINT('',(3.099942782551,24.052954249199,
    37.177749038652));
#5579 = CARTESIAN_POINT('',(-7.354375705805,20.929894956228,
    37.788891059144));
#5580 = CARTESIAN_POINT('',(-14.14213562373,14.142135623732,
    38.399999999993));
#5581 = CARTESIAN_POINT('',(-20.92989958543,7.354378764565,
    39.011093054143));
#5582 = CARTESIAN_POINT('',(-24.05294108892,-3.099953398315,
    39.622259933958));
#5583 = CARTESIAN_POINT('',(-21.24504531793,-14.94624445817,
    40.233267761402));
#5584 = CARTESIAN_POINT('',(-11.89563875187,-24.34847248991,
    40.844502919943));
#5585 = CARTESIAN_POINT('',(1.672381522093,-27.04738156255,
    41.455513851294));
#5586 = CARTESIAN_POINT('',(13.90815663123,-21.9385777999,
    42.066679381333));
#5587 = CARTESIAN_POINT('',(21.035755002223,-12.06871519079,
    42.677772213977));
#5588 = CARTESIAN_POINT('',(22.151086950258,-1.214934344293,
    43.288885517102));
#5589 = CARTESIAN_POINT('',(14.804094999858,16.522272364047,
    44.511109079388));
#5590 = CARTESIAN_POINT('',(6.340653365266,23.408395490736,
    45.122220167172));
#5591 = CARTESIAN_POINT('',(-5.678362796436,25.347466503408,
    45.73332063498));
#5592 = CARTESIAN_POINT('',(-17.94283872034,20.30794900119,
    46.344469950656));
#5593 = CARTESIAN_POINT('',(-25.62845612303,8.805462625605,
    46.955506363019));
#5594 = CARTESIAN_POINT('',(-25.59110405738,-4.453901719002,
    47.566710097003));
#5595 = CARTESIAN_POINT('',(-19.19999761994,-14.81601649444,
    48.177749038721));
#5596 = CARTESIAN_POINT('',(-9.599341720128,-19.99999958607,
    48.788891059099));
#5597 = CARTESIAN_POINT('',(-4.875578687824E-12,-19.99999999999,
    49.400000000015));
#5598 = CARTESIAN_POINT('',(9.599342830566,-20.00000502226,
    50.011093054105));
#5599 = CARTESIAN_POINT('',(19.19999582081,-14.81599968214,
    50.622259933993));
#5600 = CARTESIAN_POINT('',(25.591106420503,-4.453924801273,
    51.233267761387));
#5601 = CARTESIAN_POINT('',(25.628456837225,8.805483181143,
    51.844502919936));
#5602 = CARTESIAN_POINT('',(17.942834601169,20.307939231238,
    52.455513851306));
#5603 = CARTESIAN_POINT('',(5.678365264172,25.34746899964,
    53.066679381326));
#5604 = CARTESIAN_POINT('',(-6.340654657836,23.40839536107,
    53.677772213978));
#5605 = CARTESIAN_POINT('',(-14.80409547963,16.522272106726,
    54.288885517102));
#5606 = CARTESIAN_POINT('',(-22.15108679295,-1.214934865499,
    55.511109079387));
#5607 = CARTESIAN_POINT('',(-21.03575417993,-12.06871619644,
    56.122220167179));
#5608 = CARTESIAN_POINT('',(-13.90815661106,-21.93857428995,
    56.733320634958));
#5609 = CARTESIAN_POINT('',(-1.672385517836,-27.0473913834,
    57.344469950699));
#5610 = CARTESIAN_POINT('',(11.8956527819,-24.34845745028,
    57.955506362964));
#5611 = CARTESIAN_POINT('',(21.245027325239,-14.94625910854,
    58.566710097048));
#5612 = CARTESIAN_POINT('',(24.052954249264,-3.099942782551,
    59.1777490387));
#5613 = CARTESIAN_POINT('',(20.929894956231,7.354375705824,
    59.788891059101));
#5614 = CARTESIAN_POINT('',(14.142135623728,14.142135623728,
    60.400000000015));
#5615 = CARTESIAN_POINT('',(7.354378761169,20.92989958458,61.01109304183
    ));
#5616 = CARTESIAN_POINT('',(-3.099953384312,24.052941092459,
    61.622259984496));
#5617 = CARTESIAN_POINT('',(-14.9462444925,21.245045309263,
    62.233267637688));
#5618 = CARTESIAN_POINT('',(-24.34847242898,11.895638767252,
    62.844503139413));
#5619 = CARTESIAN_POINT('',(-27.04738164624,-1.672381543192,
    63.455513549937));
#5620 = CARTESIAN_POINT('',(-21.93857770845,-13.90815660819,
    64.06667971055));
#5621 = CARTESIAN_POINT('',(-12.06871527096,-21.03575502241,
    64.677771925335));
#5622 = CARTESIAN_POINT('',(-1.214934288178,-22.15108693612,
    65.288885719117));
#5623 = CARTESIAN_POINT('',(16.522272246569,-14.80409502944,
    66.511108656467));
#5624 = CARTESIAN_POINT('',(23.408396124948,-6.34065320555,
    67.122222450255));
#5625 = CARTESIAN_POINT('',(25.347464844975,5.678362378796,
    67.733314664993));
#5626 = CARTESIAN_POINT('',(20.307952022262,17.94283948113,
    68.344480825741));
#5627 = CARTESIAN_POINT('',(8.805458423412,25.628455064818,
    68.955491236052));
#5628 = CARTESIAN_POINT('',(-4.453897096332,25.591105221502,
    69.566726737968));
#5629 = CARTESIAN_POINT('',(-14.81602056329,19.199996595269,
    70.177734391095));
#5630 = CARTESIAN_POINT('',(-19.99999673202,9.599342438901,
    70.788901333702));
#5631 = CARTESIAN_POINT('',(-20.00000156232,-3.934639600866E-07,
    71.399994375606));
#5632 = ORIENTED_EDGE('',*,*,#3148,.F.);
#5633 = ORIENTED_EDGE('',*,*,#3207,.T.);
#5634 = B_SPLINE_SURFACE_WITH_KNOTS('',1,9,(
    (#5635,#5636,#5637,#5638,#5639,#5640,#5641,#5642,#5643,#5644,#5645
      ,#5646,#5647,#5648,#5649,#5650,#5651,#5652,#5653,#5654,#5655,#5656
      ,#5657,#5658,#5659,#5660,#5661,#5662,#5663,#5664,#5665,#5666,#5667
      ,#5668,#5669,#5670,#5671,#5672,#5673,#5674,#5675,#5676,#5677,#5678
      ,#5679,#5680,#5681,#5682,#5683,#5684,#5685,#5686,#5687,#5688,#5689
      ,#5690,#5691,#5692,#5693,#5694,#5695,#5696,#5697,#5698,#5699,#5700
      ,#5701,#5702,#5703)
    ,(#5704,#5705,#5706,#5707,#5708,#5709,#5710,#5711,#5712,#5713,#5714
      ,#5715,#5716,#5717,#5718,#5719,#5720,#5721,#5722,#5723,#5724,#5725
      ,#5726,#5727,#5728,#5729,#5730,#5731,#5732,#5733,#5734,#5735,#5736
      ,#5737,#5738,#5739,#5740,#5741,#5742,#5743,#5744,#5745,#5746,#5747
      ,#5748,#5749,#5750,#5751,#5752,#5753,#5754,#5755,#5756,#5757,#5758
      ,#5759,#5760,#5761,#5762,#5763,#5764,#5765,#5766,#5767,#5768,#5769
      ,#5770,#5771,#5772
    )),.UNSPECIFIED.,.F.,.F.,.F.,(2,2),(10,8,9,8,9,8,9,8,10),(0.,
    2.280898945591),(0.,6.993548514224,13.987097028449,20.980645542673,
    27.974194056897,34.967742571122,41.961291085346,48.95483959957,
    55.948388113795),.UNSPECIFIED.);
#5635 = CARTESIAN_POINT('',(20.,7.105427357601E-15,27.4));
#5636 = CARTESIAN_POINT('',(20.000005022248,9.599342830569,
    28.011093054131));
#5637 = CARTESIAN_POINT('',(14.815999682165,19.199995820786,
    28.62225993397));
#5638 = CARTESIAN_POINT('',(4.453924801243,25.591106420547,
    29.233267761395));
#5639 = CARTESIAN_POINT('',(-8.805483181117,25.628456837178,
    29.844502919944));
#5640 = CARTESIAN_POINT('',(-20.30793923125,17.942834601201,
    30.455513851295));
#5641 = CARTESIAN_POINT('',(-25.34746899963,5.678365264158,
    31.066679381333));
#5642 = CARTESIAN_POINT('',(-23.40839536107,-6.340654657834,
    31.677772213976));
#5643 = CARTESIAN_POINT('',(-16.52227210672,-14.80409547963,
    32.288885517103));
#5644 = CARTESIAN_POINT('',(1.214934865498,-22.15108679295,
    33.511109079386));
#5645 = CARTESIAN_POINT('',(12.06871619644,-21.03575417992,
    34.122220167185));
#5646 = CARTESIAN_POINT('',(21.938574289971,-13.9081566111,
    34.733320634946));
#5647 = CARTESIAN_POINT('',(27.047391383367,-1.672385517731,
    35.344469950716));
#5648 = CARTESIAN_POINT('',(24.348457450332,11.895652781745,
    35.955506362938));
#5649 = CARTESIAN_POINT('',(14.946259108511,21.24502732537,
    36.566710097087));
#5650 = CARTESIAN_POINT('',(3.099942782551,24.052954249199,
    37.177749038652));
#5651 = CARTESIAN_POINT('',(-7.354375705805,20.929894956228,
    37.788891059144));
#5652 = CARTESIAN_POINT('',(-14.14213562373,14.142135623732,
    38.399999999993));
#5653 = CARTESIAN_POINT('',(-20.92989958543,7.354378764565,
    39.011093054143));
#5654 = CARTESIAN_POINT('',(-24.05294108892,-3.099953398315,
    39.622259933958));
#5655 = CARTESIAN_POINT('',(-21.24504531793,-14.94624445817,
    40.233267761402));
#5656 = CARTESIAN_POINT('',(-11.89563875187,-24.34847248991,
    40.844502919943));
#5657 = CARTESIAN_POINT('',(1.672381522094,-27.04738156255,
    41.455513851294));
#5658 = CARTESIAN_POINT('',(13.908156631229,-21.9385777999,
    42.066679381333));
#5659 = CARTESIAN_POINT('',(21.035755002223,-12.06871519079,
    42.677772213977));
#5660 = CARTESIAN_POINT('',(22.151086950258,-1.214934344294,
    43.288885517102));
#5661 = CARTESIAN_POINT('',(14.804094999858,16.522272364047,
    44.511109079388));
#5662 = CARTESIAN_POINT('',(6.340653365266,23.408395490735,
    45.122220167172));
#5663 = CARTESIAN_POINT('',(-5.678362796435,25.347466503409,
    45.73332063498));
#5664 = CARTESIAN_POINT('',(-17.94283872035,20.307949001188,
    46.344469950656));
#5665 = CARTESIAN_POINT('',(-25.62845612303,8.805462625607,
    46.955506363019));
#5666 = CARTESIAN_POINT('',(-25.59110405738,-4.453901719003,
    47.566710097003));
#5667 = CARTESIAN_POINT('',(-19.19999761994,-14.81601649444,
    48.177749038721));
#5668 = CARTESIAN_POINT('',(-9.599341720128,-19.99999958608,
    48.788891059099));
#5669 = CARTESIAN_POINT('',(-4.879131401503E-12,-19.99999999999,
    49.400000000015));
#5670 = CARTESIAN_POINT('',(9.599342830566,-20.00000502226,
    50.011093054105));
#5671 = CARTESIAN_POINT('',(19.199995820809,-14.81599968214,
    50.622259933993));
#5672 = CARTESIAN_POINT('',(25.591106420504,-4.453924801274,
    51.233267761387));
#5673 = CARTESIAN_POINT('',(25.628456837224,8.805483181144,
    51.844502919936));
#5674 = CARTESIAN_POINT('',(17.942834601169,20.307939231237,
    52.455513851306));
#5675 = CARTESIAN_POINT('',(5.678365264172,25.34746899964,
    53.066679381326));
#5676 = CARTESIAN_POINT('',(-6.340654657836,23.40839536107,
    53.677772213978));
#5677 = CARTESIAN_POINT('',(-14.80409547963,16.522272106726,
    54.288885517102));
#5678 = CARTESIAN_POINT('',(-22.15108679295,-1.214934865499,
    55.511109079387));
#5679 = CARTESIAN_POINT('',(-21.03575417993,-12.06871619644,
    56.122220167179));
#5680 = CARTESIAN_POINT('',(-13.90815661106,-21.93857428995,
    56.733320634958));
#5681 = CARTESIAN_POINT('',(-1.672385517835,-27.0473913834,
    57.344469950699));
#5682 = CARTESIAN_POINT('',(11.895652781899,-24.34845745028,
    57.955506362964));
#5683 = CARTESIAN_POINT('',(21.245027325239,-14.94625910854,
    58.566710097048));
#5684 = CARTESIAN_POINT('',(24.052954249263,-3.099942782551,
    59.1777490387));
#5685 = CARTESIAN_POINT('',(20.929894956231,7.354375705824,
    59.788891059101));
#5686 = CARTESIAN_POINT('',(14.142135623728,14.142135623728,
    60.400000000015));
#5687 = CARTESIAN_POINT('',(7.354378761169,20.92989958458,61.01109304183
    ));
#5688 = CARTESIAN_POINT('',(-3.099953384313,24.052941092459,
    61.622259984496));
#5689 = CARTESIAN_POINT('',(-14.9462444925,21.245045309262,
    62.233267637688));
#5690 = CARTESIAN_POINT('',(-24.34847242898,11.895638767254,
    62.844503139413));
#5691 = CARTESIAN_POINT('',(-27.04738164624,-1.672381543193,
    63.455513549937));
#5692 = CARTESIAN_POINT('',(-21.93857770845,-13.90815660819,
    64.06667971055));
#5693 = CARTESIAN_POINT('',(-12.06871527096,-21.03575502241,
    64.677771925335));
#5694 = CARTESIAN_POINT('',(-1.214934288178,-22.15108693612,
    65.288885719117));
#5695 = CARTESIAN_POINT('',(16.522272246569,-14.80409502944,
    66.511108656467));
#5696 = CARTESIAN_POINT('',(23.408396124949,-6.34065320555,
    67.122222450255));
#5697 = CARTESIAN_POINT('',(25.347464844975,5.678362378796,
    67.733314664993));
#5698 = CARTESIAN_POINT('',(20.307952022263,17.94283948113,
    68.344480825741));
#5699 = CARTESIAN_POINT('',(8.805458423411,25.628455064818,
    68.955491236052));
#5700 = CARTESIAN_POINT('',(-4.453897096332,25.591105221502,
    69.566726737968));
#5701 = CARTESIAN_POINT('',(-14.81602056329,19.199996595269,
    70.177734391095));
#5702 = CARTESIAN_POINT('',(-19.99999673202,9.599342438901,
    70.788901333702));
#5703 = CARTESIAN_POINT('',(-20.00000156232,-3.934639458757E-07,
    71.399994375606));
#5704 = CARTESIAN_POINT('',(17.95,-3.552713678801E-15,28.4));
#5705 = CARTESIAN_POINT('',(17.950015064852,8.615378252761,
    29.011113619027));
#5706 = CARTESIAN_POINT('',(13.297337082164,17.232128891754,
    29.62221698445));
#5707 = CARTESIAN_POINT('',(3.997429618279,22.967750445428,
    30.233342440611));
#5708 = CARTESIAN_POINT('',(-7.902942445566,23.00188599317,
    30.844436322755));
#5709 = CARTESIAN_POINT('',(-18.22636782606,16.103418315698,
    31.455561347887));
#5710 = CARTESIAN_POINT('',(-22.74935975119,5.096463653359,
    32.066664900703));
#5711 = CARTESIAN_POINT('',(-21.00903639042,-5.69076500671,
    32.677778550534));
#5712 = CARTESIAN_POINT('',(-14.82874030547,-13.28667701847,
    33.28888935719));
#5713 = CARTESIAN_POINT('',(1.090403537313,-19.8806019588,
    34.511111393294));
#5714 = CARTESIAN_POINT('',(10.831655643959,-18.87960848474,
    35.122222507656));
#5715 = CARTESIAN_POINT('',(19.68995824116,-12.48248483196,
    35.733335096925));
#5716 = CARTESIAN_POINT('',(24.274855625944,-1.501163897519,
    36.344440902071));
#5717 = CARTESIAN_POINT('',(21.852967026586,10.676603560724,
    36.955562387626));
#5718 = CARTESIAN_POINT('',(13.41409034578,19.067209388869,
    37.566660634874));
#5719 = CARTESIAN_POINT('',(2.782285334358,21.587629420382,
    38.177781769205));
#5720 = CARTESIAN_POINT('',(-6.600572925502,18.784557924326,
    38.788888587494));
#5721 = CARTESIAN_POINT('',(-12.6925667223,12.692566722302,
    39.400000000001));
#5722 = CARTESIAN_POINT('',(-18.78456975976,6.600584989738,
    40.011113619022));
#5723 = CARTESIAN_POINT('',(-21.58759241615,-2.782317971113,
    40.622216984463));
#5724 = CARTESIAN_POINT('',(-19.06726167898,-13.41404249816,
    41.233342440591));
#5725 = CARTESIAN_POINT('',(-10.67656537123,-21.85301376043,
    41.844436322776));
#5726 = CARTESIAN_POINT('',(1.501151994875,-24.27482457752,
    42.455561347872));
#5727 = CARTESIAN_POINT('',(12.482482538369,-19.68997055708,
    43.06666490071));
#5728 = CARTESIAN_POINT('',(18.879610624246,-10.83165357147,
    43.677778550533));
#5729 = CARTESIAN_POINT('',(19.880602245651,-1.090403407262,
    44.28888935719));
#5730 = CARTESIAN_POINT('',(13.286676723676,14.828740194606,
    45.511111393294));
#5731 = CARTESIAN_POINT('',(5.690762028371,21.009036343047,
    46.122222507655));
#5732 = CARTESIAN_POINT('',(-5.09645332278,22.749352664247,
    46.733335096929));
#5733 = CARTESIAN_POINT('',(-16.10343185399,18.22639819728,
    47.344440902063));
#5734 = CARTESIAN_POINT('',(-23.00187995114,7.902882395394,
    47.955562387637));
#5735 = CARTESIAN_POINT('',(-22.96774730431,-3.997358809985,
    48.566660634865));
#5736 = CARTESIAN_POINT('',(-17.23213197991,-13.29738632584,
    49.177781769209));
#5737 = CARTESIAN_POINT('',(-8.615378414571,-17.94999816528,
    49.788888587494));
#5738 = CARTESIAN_POINT('',(-3.164001090465E-12,-17.94999999998,50.4));
#5739 = CARTESIAN_POINT('',(8.615378252752,-17.95001506488,
    51.011113619037));
#5740 = CARTESIAN_POINT('',(17.232128891799,-13.29733708211,
    51.622216984425));
#5741 = CARTESIAN_POINT('',(22.967750445344,-3.997429618334,
    52.233342440649));
#5742 = CARTESIAN_POINT('',(23.001885993264,7.902942445612,
    52.844436322716));
#5743 = CARTESIAN_POINT('',(16.103418315633,18.226367826039,
    53.455561347913));
#5744 = CARTESIAN_POINT('',(5.096463653387,22.749359751202,
    54.066664900693));
#5745 = CARTESIAN_POINT('',(-5.690765006716,21.009036390423,
    54.677778550537));
#5746 = CARTESIAN_POINT('',(-13.28667701846,14.828740305475,
    55.28888935719));
#5747 = CARTESIAN_POINT('',(-19.8806019588,-1.090403537314,
    56.511111393295));
#5748 = CARTESIAN_POINT('',(-18.87960848475,-10.83165564395,
    57.122222507656));
#5749 = CARTESIAN_POINT('',(-12.48248483193,-19.68995824115,
    57.733335096921));
#5750 = CARTESIAN_POINT('',(-1.501163897606,-24.27485562595,
    58.344440902088));
#5751 = CARTESIAN_POINT('',(10.676603560845,-21.85296702656,
    58.955562387596));
#5752 = CARTESIAN_POINT('',(19.06720938878,-13.41409034578,
    59.566660634906));
#5753 = CARTESIAN_POINT('',(21.58762942041,-2.782285334377,
    60.177781769183));
#5754 = CARTESIAN_POINT('',(18.784557924352,6.600572925533,
    60.788888587501));
#5755 = CARTESIAN_POINT('',(12.69256672229,12.692566722293,
    61.400000000003));
#5756 = CARTESIAN_POINT('',(6.600584979545,18.784569759909,
    62.011113620741));
#5757 = CARTESIAN_POINT('',(-2.782317929093,21.587592415651,
    62.622216977405));
#5758 = CARTESIAN_POINT('',(-13.41404260116,19.067261680174,
    63.233342457842));
#5759 = CARTESIAN_POINT('',(-21.85301357762,10.676565369133,
    63.844436292217));
#5760 = CARTESIAN_POINT('',(-24.27482482861,-1.501151991974,
    64.455561389783));
#5761 = CARTESIAN_POINT('',(-19.68997028275,-12.48248254155,
    65.066664854959));
#5762 = CARTESIAN_POINT('',(-10.83165381201,-18.87961062144,
    65.677778590629));
#5763 = CARTESIAN_POINT('',(-1.090403238915,-19.88060224761,
    66.288889329132));
#5764 = CARTESIAN_POINT('',(14.82873984217,-13.28667671956,
    67.511111452034));
#5765 = CARTESIAN_POINT('',(21.009038245642,-5.690762050558,
    68.122222190563));
#5766 = CARTESIAN_POINT('',(22.749347689156,5.096453380798,
    68.733335926075));
#5767 = CARTESIAN_POINT('',(18.226407260053,16.1034317483,
    69.344439391685));
#5768 = CARTESIAN_POINT('',(7.902869789354,23.001880098176,
    69.955564488525));
#5769 = CARTESIAN_POINT('',(-3.997344942356,22.967747142563,
    70.566658323702));
#5770 = CARTESIAN_POINT('',(-13.29739853226,17.232132122286,
    71.177783803542));
#5771 = CARTESIAN_POINT('',(-17.9499896031,8.615378314723,
    71.788887160495));
#5772 = CARTESIAN_POINT('',(-17.95000468699,5.465387335857E-08,
    72.400000781158));
#5773 = ADVANCED_FACE('',(#5774),#5785,.T.);
#5774 = FACE_BOUND('',#5775,.T.);
#5775 = EDGE_LOOP('',(#5776,#5777,#5778,#5784));
#5776 = ORIENTED_EDGE('',*,*,#2976,.T.);
#5777 = ORIENTED_EDGE('',*,*,#4130,.F.);
#5778 = ORIENTED_EDGE('',*,*,#5779,.F.);
#5779 = EDGE_CURVE('',#5401,#4131,#5780,.T.);
#5780 = LINE('',#5781,#5782);
#5781 = CARTESIAN_POINT('',(18.2,-4.457714348896E-15,26.4));
#5782 = VECTOR('',#5783,1.);
#5783 = DIRECTION('',(0.,0.,1.));
#5784 = ORIENTED_EDGE('',*,*,#5484,.T.);
#5785 = CYLINDRICAL_SURFACE('',#5786,18.2);
#5786 = AXIS2_PLACEMENT_3D('',#5787,#5788,#5789);
#5787 = CARTESIAN_POINT('',(0.,0.,26.4));
#5788 = DIRECTION('',(0.,0.,1.));
#5789 = DIRECTION('',(1.,0.,-0.));
#5790 = ADVANCED_FACE('',(#5791),#5809,.F.);
#5791 = FACE_BOUND('',#5792,.F.);
#5792 = EDGE_LOOP('',(#5793,#5794,#5795,#5803,#5808));
#5793 = ORIENTED_EDGE('',*,*,#2968,.F.);
#5794 = ORIENTED_EDGE('',*,*,#4125,.T.);
#5795 = ORIENTED_EDGE('',*,*,#5796,.T.);
#5796 = EDGE_CURVE('',#4115,#5797,#5799,.T.);
#5797 = VERTEX_POINT('',#5798);
#5798 = CARTESIAN_POINT('',(20.000001100855,1.967318602401E-07,
    71.252308966759));
#5799 = LINE('',#5800,#5801);
#5800 = CARTESIAN_POINT('',(18.4,0.,69.4));
#5801 = VECTOR('',#5802,1.);
#5802 = DIRECTION('',(0.653685325695,0.,0.756766473208));
#5803 = ORIENTED_EDGE('',*,*,#5804,.T.);
#5804 = EDGE_CURVE('',#5797,#4955,#5805,.T.);
#5805 = B_SPLINE_CURVE_WITH_KNOTS('',1,(#5806,#5807),.UNSPECIFIED.,.F.,
  .F.,(2,2),(0.,1.),.PIECEWISE_BEZIER_KNOTS.);
#5806 = CARTESIAN_POINT('',(19.99999843766,3.934623518107E-07,
    70.399994375611));
#5807 = CARTESIAN_POINT('',(20.000001562322,3.934639576373E-07,
    71.399994375606));
#5808 = ORIENTED_EDGE('',*,*,#4954,.T.);
#5809 = PLANE('',#5810);
#5810 = AXIS2_PLACEMENT_3D('',#5811,#5812,#5813);
#5811 = CARTESIAN_POINT('',(18.735564308329,1.170640227293E-07,
    70.899998326543));
#5812 = DIRECTION('',(2.185948454408E-07,-1.,9.234294850261E-13));
#5813 = DIRECTION('',(-1.,-2.185948454408E-07,0.));
#5814 = ADVANCED_FACE('',(#5815,#5818),#5829,.T.);
#5815 = FACE_BOUND('',#5816,.T.);
#5816 = EDGE_LOOP('',(#5817));
#5817 = ORIENTED_EDGE('',*,*,#2960,.T.);
#5818 = FACE_BOUND('',#5819,.T.);
#5819 = EDGE_LOOP('',(#5820));
#5820 = ORIENTED_EDGE('',*,*,#5821,.F.);
#5821 = EDGE_CURVE('',#5822,#5822,#5824,.T.);
#5822 = VERTEX_POINT('',#5823);
#5823 = CARTESIAN_POINT('',(14.6,-3.57596865351E-15,72.4));
#5824 = CIRCLE('',#5825,14.6);
#5825 = AXIS2_PLACEMENT_3D('',#5826,#5827,#5828);
#5826 = CARTESIAN_POINT('',(0.,0.,72.4));
#5827 = DIRECTION('',(0.,0.,1.));
#5828 = DIRECTION('',(1.,0.,-0.));
#5829 = PLANE('',#5830);
#5830 = AXIS2_PLACEMENT_3D('',#5831,#5832,#5833);
#5831 = CARTESIAN_POINT('',(0.,0.,72.4));
#5832 = DIRECTION('',(0.,0.,1.));
#5833 = DIRECTION('',(1.,0.,-0.));
#5834 = ADVANCED_FACE('',(#5835),#5840,.F.);
#5835 = FACE_BOUND('',#5836,.F.);
#5836 = EDGE_LOOP('',(#5837,#5838,#5839));
#5837 = ORIENTED_EDGE('',*,*,#3128,.F.);
#5838 = ORIENTED_EDGE('',*,*,#3190,.F.);
#5839 = ORIENTED_EDGE('',*,*,#5561,.T.);
#5840 = B_SPLINE_SURFACE_WITH_KNOTS('',1,9,(
    (#5841,#5842,#5843,#5844,#5845,#5846,#5847,#5848,#5849,#5850,#5851
      ,#5852,#5853,#5854,#5855,#5856,#5857,#5858,#5859,#5860,#5861,#5862
      ,#5863,#5864,#5865,#5866,#5867,#5868,#5869,#5870,#5871,#5872,#5873
      ,#5874,#5875,#5876,#5877,#5878,#5879,#5880,#5881,#5882,#5883,#5884
      ,#5885,#5886,#5887,#5888,#5889,#5890,#5891,#5892,#5893,#5894,#5895
      ,#5896,#5897,#5898,#5899,#5900,#5901,#5902,#5903,#5904,#5905,#5906
      ,#5907,#5908,#5909)
    ,(#5910,#5911,#5912,#5913,#5914,#5915,#5916,#5917,#5918,#5919,#5920
      ,#5921,#5922,#5923,#5924,#5925,#5926,#5927,#5928,#5929,#5930,#5931
      ,#5932,#5933,#5934,#5935,#5936,#5937,#5938,#5939,#5940,#5941,#5942
      ,#5943,#5944,#5945,#5946,#5947,#5948,#5949,#5950,#5951,#5952,#5953
      ,#5954,#5955,#5956,#5957,#5958,#5959,#5960,#5961,#5962,#5963,#5964
      ,#5965,#5966,#5967,#5968,#5969,#5970,#5971,#5972,#5973,#5974,#5975
      ,#5976,#5977,#5978
    )),.UNSPECIFIED.,.F.,.F.,.F.,(2,2),(10,8,9,8,9,8,9,8,10),(0.,1.),(0.
    ,6.993548514224,13.987097028449,20.980645542673,27.974194056897,
    34.967742571122,41.961291085346,48.95483959957,55.948388113795),
  .UNSPECIFIED.);
#5841 = CARTESIAN_POINT('',(20.,1.06581410364E-14,26.4));
#5842 = CARTESIAN_POINT('',(19.999994978952,9.599342085495,
    27.011093054131));
#5843 = CARTESIAN_POINT('',(14.816019035645,19.19999537458,
    27.622259933985));
#5844 = CARTESIAN_POINT('',(4.45389622683,25.591103340254,28.23326776136
    ));
#5845 = CARTESIAN_POINT('',(-8.805458207699,25.628452835836,
    28.844502919997));
#5846 = CARTESIAN_POINT('',(-20.30795083295,17.942837753887,
    29.455513851252));
#5847 = CARTESIAN_POINT('',(-25.34746292835,5.678361355669,
    30.066679381355));
#5848 = CARTESIAN_POINT('',(-23.408394214,-6.340653099804,
    30.677772213972));
#5849 = CARTESIAN_POINT('',(-16.52227063496,-14.80409424771,
    31.288885517104));
#5850 = CARTESIAN_POINT('',(1.214934566912,-22.15108507785,
    32.511109079387));
#5851 = CARTESIAN_POINT('',(12.068715077509,-21.03575370312,
    33.122220167178));
#5852 = CARTESIAN_POINT('',(21.938575391199,-13.90815362215,
    33.733320634991));
#5853 = CARTESIAN_POINT('',(27.047381163986,-1.672383554495,
    34.344469950614));
#5854 = CARTESIAN_POINT('',(24.348468070542,11.895642036515,
    34.955506363085));
#5855 = CARTESIAN_POINT('',(14.94624535194,21.245039851989,
    35.566710096957));
#5856 = CARTESIAN_POINT('',(3.099950516692,24.052942876109,
    36.177749038725));
#5857 = CARTESIAN_POINT('',(-7.354377088613,20.929895278524,
    36.788891059126));
#5858 = CARTESIAN_POINT('',(-14.14213562373,14.14213562373,
    37.399999999993));
#5859 = CARTESIAN_POINT('',(-20.9298919569,7.354372189735,
    38.011093054143));
#5860 = CARTESIAN_POINT('',(-24.05295445837,-3.099939397836,
    38.622259933972));
#5861 = CARTESIAN_POINT('',(-21.24502293468,-14.94626248522,
    39.233267761368));
#5862 = CARTESIAN_POINT('',(-11.89565358137,-24.34845200168,
    39.844502919995));
#5863 = CARTESIAN_POINT('',(1.672387496452,-27.04739199546,
    40.455513851251));
#5864 = CARTESIAN_POINT('',(13.908155101903,-21.93857074314,
    41.066679381355));
#5865 = CARTESIAN_POINT('',(21.035753089432,-12.06871548138,
    41.677772213973));
#5866 = CARTESIAN_POINT('',(22.151085038469,-1.214934174696,
    42.288885517103));
#5867 = CARTESIAN_POINT('',(14.804093998234,16.522270940157,
    43.511109079389));
#5868 = CARTESIAN_POINT('',(6.340653819322,23.408394362389,
    44.122220167165));
#5869 = CARTESIAN_POINT('',(-5.678365688634,25.347465168572,
    44.733320635026));
#5870 = CARTESIAN_POINT('',(-17.94283288236,20.307940386803,
    45.344469950553));
#5871 = CARTESIAN_POINT('',(-25.62845603464,8.80547773322,
    45.955506363167));
#5872 = CARTESIAN_POINT('',(-25.59110318766,-4.453920303989,
    46.566710096872));
#5873 = CARTESIAN_POINT('',(-19.19999504682,-14.81600298362,
    47.177749038794));
#5874 = CARTESIAN_POINT('',(-9.599340970232,-20.00000079174,
    47.788891059082));
#5875 = CARTESIAN_POINT('',(-4.42438404721E-12,-20.,48.400000000015));
#5876 = CARTESIAN_POINT('',(9.599342085493,-19.99999497894,
    49.011093054105));
#5877 = CARTESIAN_POINT('',(19.199995374594,-14.81601903564,
    49.622259934008));
#5878 = CARTESIAN_POINT('',(25.591103340233,-4.453896226832,
    50.233267761353));
#5879 = CARTESIAN_POINT('',(25.628452835854,8.805458207702,
    50.844502919989));
#5880 = CARTESIAN_POINT('',(17.942837753877,20.307950832955,
    51.455513851264));
#5881 = CARTESIAN_POINT('',(5.678361355672,25.347462928353,
    52.066679381348));
#5882 = CARTESIAN_POINT('',(-6.340653099804,23.408394214005,
    52.677772213975));
#5883 = CARTESIAN_POINT('',(-14.80409424771,16.522270634964,
    53.288885517104));
#5884 = CARTESIAN_POINT('',(-22.15108507785,-1.214934566912,
    54.511109079388));
#5885 = CARTESIAN_POINT('',(-21.03575370313,-12.06871507751,
    55.122220167172));
#5886 = CARTESIAN_POINT('',(-13.9081536221,-21.93857539117,
    55.733320635002));
#5887 = CARTESIAN_POINT('',(-1.672383554608,-27.04738116404,
    56.344469950599));
#5888 = CARTESIAN_POINT('',(11.895642036683,-24.34846807045,
    56.955506363109));
#5889 = CARTESIAN_POINT('',(21.245039851839,-14.94624535201,
    57.56671009692));
#5890 = CARTESIAN_POINT('',(24.052942876195,-3.099950516662,
    58.177749038772));
#5891 = CARTESIAN_POINT('',(20.92989527851,7.354377088616,
    58.788891059084));
#5892 = CARTESIAN_POINT('',(14.142135623733,14.142135623732,
    59.400000000015));
#5893 = CARTESIAN_POINT('',(7.354372193138,20.929891956038,
    60.011093041831));
#5894 = CARTESIAN_POINT('',(-3.099939411853,24.052954461935,
    60.622259984509));
#5895 = CARTESIAN_POINT('',(-14.94626245088,21.245022925998,
    61.233267637659));
#5896 = CARTESIAN_POINT('',(-24.34845206263,11.895653596749,
    61.844503139458));
#5897 = CARTESIAN_POINT('',(-27.04739191177,-1.672387517547,
    62.455513549902));
#5898 = CARTESIAN_POINT('',(-21.93857083458,-13.90815507886,
    63.066679710567));
#5899 = CARTESIAN_POINT('',(-12.0687154012,-21.03575310962,
    63.677771925335));
#5900 = CARTESIAN_POINT('',(-1.214934230811,-22.15108502433,
    64.288885719118));
#5901 = CARTESIAN_POINT('',(16.522271057635,-14.80409402782,
    65.511108656468));
#5902 = CARTESIAN_POINT('',(23.408393728224,-6.340653659604,
    66.122222450245));
#5903 = CARTESIAN_POINT('',(25.347466826788,5.678365270982,
    66.733314665043));
#5904 = CARTESIAN_POINT('',(20.30793736619,17.94283364317,
    67.344480825631));
#5905 = CARTESIAN_POINT('',(8.805481934854,25.628454976391,
    67.95549123621));
#5906 = CARTESIAN_POINT('',(-4.453924926256,25.591104351816,
    68.566726737825));
#5907 = CARTESIAN_POINT('',(-14.81599891492,19.199994022134,
    69.17773439118));
#5908 = CARTESIAN_POINT('',(-20.00000364579,9.599341689006,
    69.788901333675));
#5909 = CARTESIAN_POINT('',(-19.99999843766,-3.9346235426E-07,
    70.399994375611));
#5910 = CARTESIAN_POINT('',(20.,-3.552713678801E-15,27.4));
#5911 = CARTESIAN_POINT('',(20.000005022248,9.599342830569,
    28.011093054131));
#5912 = CARTESIAN_POINT('',(14.815999682165,19.199995820786,
    28.62225993397));
#5913 = CARTESIAN_POINT('',(4.453924801243,25.591106420547,
    29.233267761395));
#5914 = CARTESIAN_POINT('',(-8.805483181117,25.628456837178,
    29.844502919944));
#5915 = CARTESIAN_POINT('',(-20.30793923125,17.9428346012,
    30.455513851295));
#5916 = CARTESIAN_POINT('',(-25.34746899963,5.678365264159,
    31.066679381333));
#5917 = CARTESIAN_POINT('',(-23.40839536107,-6.340654657834,
    31.677772213976));
#5918 = CARTESIAN_POINT('',(-16.52227210672,-14.80409547963,
    32.288885517103));
#5919 = CARTESIAN_POINT('',(1.214934865498,-22.15108679295,
    33.511109079386));
#5920 = CARTESIAN_POINT('',(12.06871619644,-21.03575417992,
    34.122220167185));
#5921 = CARTESIAN_POINT('',(21.938574289971,-13.9081566111,
    34.733320634946));
#5922 = CARTESIAN_POINT('',(27.047391383368,-1.672385517729,
    35.344469950716));
#5923 = CARTESIAN_POINT('',(24.348457450332,11.895652781744,
    35.955506362938));
#5924 = CARTESIAN_POINT('',(14.946259108511,21.245027325371,
    36.566710097087));
#5925 = CARTESIAN_POINT('',(3.099942782551,24.052954249199,
    37.177749038652));
#5926 = CARTESIAN_POINT('',(-7.354375705805,20.929894956228,
    37.788891059144));
#5927 = CARTESIAN_POINT('',(-14.14213562373,14.142135623732,
    38.399999999993));
#5928 = CARTESIAN_POINT('',(-20.92989958543,7.354378764565,
    39.011093054143));
#5929 = CARTESIAN_POINT('',(-24.05294108892,-3.099953398315,
    39.622259933958));
#5930 = CARTESIAN_POINT('',(-21.24504531793,-14.94624445817,
    40.233267761402));
#5931 = CARTESIAN_POINT('',(-11.89563875187,-24.34847248991,
    40.844502919943));
#5932 = CARTESIAN_POINT('',(1.672381522093,-27.04738156255,
    41.455513851294));
#5933 = CARTESIAN_POINT('',(13.90815663123,-21.9385777999,
    42.066679381333));
#5934 = CARTESIAN_POINT('',(21.035755002223,-12.06871519079,
    42.677772213977));
#5935 = CARTESIAN_POINT('',(22.151086950258,-1.214934344293,
    43.288885517102));
#5936 = CARTESIAN_POINT('',(14.804094999858,16.522272364047,
    44.511109079388));
#5937 = CARTESIAN_POINT('',(6.340653365266,23.408395490736,
    45.122220167172));
#5938 = CARTESIAN_POINT('',(-5.678362796436,25.347466503408,
    45.73332063498));
#5939 = CARTESIAN_POINT('',(-17.94283872034,20.30794900119,
    46.344469950656));
#5940 = CARTESIAN_POINT('',(-25.62845612303,8.805462625605,
    46.955506363019));
#5941 = CARTESIAN_POINT('',(-25.59110405738,-4.453901719002,
    47.566710097003));
#5942 = CARTESIAN_POINT('',(-19.19999761994,-14.81601649444,
    48.177749038721));
#5943 = CARTESIAN_POINT('',(-9.599341720128,-19.99999958607,
    48.788891059099));
#5944 = CARTESIAN_POINT('',(-4.875578687824E-12,-19.99999999999,
    49.400000000015));
#5945 = CARTESIAN_POINT('',(9.599342830566,-20.00000502226,
    50.011093054105));
#5946 = CARTESIAN_POINT('',(19.19999582081,-14.81599968214,
    50.622259933993));
#5947 = CARTESIAN_POINT('',(25.591106420503,-4.453924801273,
    51.233267761387));
#5948 = CARTESIAN_POINT('',(25.628456837225,8.805483181143,
    51.844502919936));
#5949 = CARTESIAN_POINT('',(17.942834601169,20.307939231238,
    52.455513851306));
#5950 = CARTESIAN_POINT('',(5.678365264172,25.34746899964,
    53.066679381326));
#5951 = CARTESIAN_POINT('',(-6.340654657836,23.40839536107,
    53.677772213978));
#5952 = CARTESIAN_POINT('',(-14.80409547963,16.522272106726,
    54.288885517102));
#5953 = CARTESIAN_POINT('',(-22.15108679295,-1.214934865499,
    55.511109079387));
#5954 = CARTESIAN_POINT('',(-21.03575417993,-12.06871619644,
    56.122220167179));
#5955 = CARTESIAN_POINT('',(-13.90815661106,-21.93857428995,
    56.733320634958));
#5956 = CARTESIAN_POINT('',(-1.672385517836,-27.0473913834,
    57.344469950699));
#5957 = CARTESIAN_POINT('',(11.8956527819,-24.34845745028,
    57.955506362964));
#5958 = CARTESIAN_POINT('',(21.245027325239,-14.94625910854,
    58.566710097048));
#5959 = CARTESIAN_POINT('',(24.052954249264,-3.099942782551,
    59.1777490387));
#5960 = CARTESIAN_POINT('',(20.929894956231,7.354375705824,
    59.788891059101));
#5961 = CARTESIAN_POINT('',(14.142135623728,14.142135623728,
    60.400000000015));
#5962 = CARTESIAN_POINT('',(7.354378761169,20.92989958458,61.01109304183
    ));
#5963 = CARTESIAN_POINT('',(-3.099953384312,24.052941092459,
    61.622259984496));
#5964 = CARTESIAN_POINT('',(-14.9462444925,21.245045309263,
    62.233267637688));
#5965 = CARTESIAN_POINT('',(-24.34847242898,11.895638767252,
    62.844503139413));
#5966 = CARTESIAN_POINT('',(-27.04738164624,-1.672381543192,
    63.455513549937));
#5967 = CARTESIAN_POINT('',(-21.93857770845,-13.90815660819,
    64.06667971055));
#5968 = CARTESIAN_POINT('',(-12.06871527096,-21.03575502241,
    64.677771925335));
#5969 = CARTESIAN_POINT('',(-1.214934288178,-22.15108693612,
    65.288885719117));
#5970 = CARTESIAN_POINT('',(16.522272246569,-14.80409502944,
    66.511108656467));
#5971 = CARTESIAN_POINT('',(23.408396124948,-6.34065320555,
    67.122222450255));
#5972 = CARTESIAN_POINT('',(25.347464844975,5.678362378796,
    67.733314664993));
#5973 = CARTESIAN_POINT('',(20.307952022262,17.94283948113,
    68.344480825741));
#5974 = CARTESIAN_POINT('',(8.805458423412,25.628455064818,
    68.955491236052));
#5975 = CARTESIAN_POINT('',(-4.453897096332,25.591105221502,
    69.566726737968));
#5976 = CARTESIAN_POINT('',(-14.81602056329,19.199996595269,
    70.177734391095));
#5977 = CARTESIAN_POINT('',(-19.99999673202,9.599342438901,
    70.788901333702));
#5978 = CARTESIAN_POINT('',(-20.00000156232,-3.934639600866E-07,
    71.399994375606));
#5979 = ADVANCED_FACE('',(#5980),#5991,.T.);
#5980 = FACE_BOUND('',#5981,.T.);
#5981 = EDGE_LOOP('',(#5982,#5988,#5989,#5990));
#5982 = ORIENTED_EDGE('',*,*,#5983,.T.);
#5983 = EDGE_CURVE('',#5233,#4299,#5984,.T.);
#5984 = LINE('',#5985,#5986);
#5985 = CARTESIAN_POINT('',(18.2,-4.457714348896E-15,26.4));
#5986 = VECTOR('',#5987,1.);
#5987 = DIRECTION('',(0.,0.,1.));
#5988 = ORIENTED_EDGE('',*,*,#4389,.F.);
#5989 = ORIENTED_EDGE('',*,*,#4758,.F.);
#5990 = ORIENTED_EDGE('',*,*,#5232,.T.);
#5991 = CYLINDRICAL_SURFACE('',#5992,18.2);
#5992 = AXIS2_PLACEMENT_3D('',#5993,#5994,#5995);
#5993 = CARTESIAN_POINT('',(0.,0.,26.4));
#5994 = DIRECTION('',(0.,0.,1.));
#5995 = DIRECTION('',(1.,0.,-0.));
#5996 = ADVANCED_FACE('',(#5997),#6008,.T.);
#5997 = FACE_BOUND('',#5998,.T.);
#5998 = EDGE_LOOP('',(#5999,#6005,#6006,#6007));
#5999 = ORIENTED_EDGE('',*,*,#6000,.T.);
#6000 = EDGE_CURVE('',#5310,#4215,#6001,.T.);
#6001 = LINE('',#6002,#6003);
#6002 = CARTESIAN_POINT('',(18.2,-4.457714348896E-15,26.4));
#6003 = VECTOR('',#6004,1.);
#6004 = DIRECTION('',(0.,0.,1.));
#6005 = ORIENTED_EDGE('',*,*,#4298,.F.);
#6006 = ORIENTED_EDGE('',*,*,#5983,.F.);
#6007 = ORIENTED_EDGE('',*,*,#5309,.T.);
#6008 = CYLINDRICAL_SURFACE('',#6009,18.2);
#6009 = AXIS2_PLACEMENT_3D('',#6010,#6011,#6012);
#6010 = CARTESIAN_POINT('',(0.,0.,26.4));
#6011 = DIRECTION('',(0.,0.,1.));
#6012 = DIRECTION('',(1.,0.,-0.));
#6013 = ADVANCED_FACE('',(#6014),#6020,.T.);
#6014 = FACE_BOUND('',#6015,.T.);
#6015 = EDGE_LOOP('',(#6016,#6017,#6018,#6019));
#6016 = ORIENTED_EDGE('',*,*,#5779,.T.);
#6017 = ORIENTED_EDGE('',*,*,#4214,.F.);
#6018 = ORIENTED_EDGE('',*,*,#6000,.F.);
#6019 = ORIENTED_EDGE('',*,*,#5400,.T.);
#6020 = CYLINDRICAL_SURFACE('',#6021,18.2);
#6021 = AXIS2_PLACEMENT_3D('',#6022,#6023,#6024);
#6022 = CARTESIAN_POINT('',(0.,0.,26.4));
#6023 = DIRECTION('',(0.,0.,1.));
#6024 = DIRECTION('',(1.,0.,-0.));
#6025 = ADVANCED_FACE('',(#6026),#6046,.T.);
#6026 = FACE_BOUND('',#6027,.T.);
#6027 = EDGE_LOOP('',(#6028,#6029,#6030,#6038,#6039));
#6028 = ORIENTED_EDGE('',*,*,#4114,.F.);
#6029 = ORIENTED_EDGE('',*,*,#5796,.T.);
#6030 = ORIENTED_EDGE('',*,*,#6031,.F.);
#6031 = EDGE_CURVE('',#4962,#5797,#6032,.T.);
#6032 = B_SPLINE_CURVE_WITH_KNOTS('',4,(#6033,#6034,#6035,#6036,#6037),
  .UNSPECIFIED.,.F.,.F.,(5,5),(0.,1.),.PIECEWISE_BEZIER_KNOTS.);
#6033 = CARTESIAN_POINT('',(19.865576444186,-2.31486027109,
    71.252299169794));
#6034 = CARTESIAN_POINT('',(19.932711493093,-1.738743582355,
    71.252301879483));
#6035 = CARTESIAN_POINT('',(19.977570074319,-1.160030555592,
    71.252305275311));
#6036 = CARTESIAN_POINT('',(20.000001002505,-0.580014942029,
    71.252308852918));
#6037 = CARTESIAN_POINT('',(20.000001100855,-1.376676550535E-14,
    71.252308966759));
#6038 = ORIENTED_EDGE('',*,*,#5035,.F.);
#6039 = ORIENTED_EDGE('',*,*,#6040,.T.);
#6040 = EDGE_CURVE('',#5036,#4092,#6041,.T.);
#6041 = CIRCLE('',#6042,18.4);
#6042 = AXIS2_PLACEMENT_3D('',#6043,#6044,#6045);
#6043 = CARTESIAN_POINT('',(0.,0.,69.4));
#6044 = DIRECTION('',(0.,0.,1.));
#6045 = DIRECTION('',(1.,0.,-0.));
#6046 = CONICAL_SURFACE('',#6047,18.4,0.712444088321);
#6047 = AXIS2_PLACEMENT_3D('',#6048,#6049,#6050);
#6048 = CARTESIAN_POINT('',(0.,0.,69.4));
#6049 = DIRECTION('',(0.,0.,1.));
#6050 = DIRECTION('',(1.,0.,-0.));
#6051 = ADVANCED_FACE('',(#6052),#6077,.T.);
#6052 = FACE_BOUND('',#6053,.T.);
#6053 = EDGE_LOOP('',(#6054,#6055,#6056,#6057));
#6054 = ORIENTED_EDGE('',*,*,#4091,.T.);
#6055 = ORIENTED_EDGE('',*,*,#6040,.F.);
#6056 = ORIENTED_EDGE('',*,*,#5066,.T.);
#6057 = ORIENTED_EDGE('',*,*,#6058,.T.);
#6058 = EDGE_CURVE('',#4874,#4018,#6059,.T.);
#6059 = B_SPLINE_CURVE_WITH_KNOTS('',6,(#6060,#6061,#6062,#6063,#6064,
    #6065,#6066,#6067,#6068,#6069,#6070,#6071,#6072,#6073,#6074,#6075,
    #6076),.UNSPECIFIED.,.F.,.F.,(7,5,5,7),(0.,0.397998012797,
    0.698999688309,1.),.UNSPECIFIED.);
#6060 = CARTESIAN_POINT('',(2.118704145225E-05,-20.00002675229,69.4));
#6061 = CARTESIAN_POINT('',(1.041978425421,-20.00002842546,69.4));
#6062 = CARTESIAN_POINT('',(2.083960178451,-19.93488767095,69.4));
#6063 = CARTESIAN_POINT('',(3.120822061252,-19.80459865822,69.4));
#6064 = CARTESIAN_POINT('',(4.14750381137,-19.60970804526,69.4));
#6065 = CARTESIAN_POINT('',(5.159022507666,-19.35125267305,69.4));
#6066 = CARTESIAN_POINT('',(6.900317950977,-18.78848117142,69.4));
#6067 = CARTESIAN_POINT('',(7.638697946575,-18.51068629526,69.4));
#6068 = CARTESIAN_POINT('',(8.363518050375,-18.19811795078,69.4));
#6069 = CARTESIAN_POINT('',(9.072742835194,-17.85161639386,69.4));
#6070 = CARTESIAN_POINT('',(9.764409440801,-17.47217963326,69.4));
#6071 = CARTESIAN_POINT('',(11.108844338837,-16.64974810127,69.4));
#6072 = CARTESIAN_POINT('',(11.76162279867,-16.20674750448,69.4));
#6073 = CARTESIAN_POINT('',(12.393075045826,-15.73311745581,69.4));
#6074 = CARTESIAN_POINT('',(13.001418928492,-15.23015118865,69.4));
#6075 = CARTESIAN_POINT('',(13.58497966827,-14.69927827656,69.4));
#6076 = CARTESIAN_POINT('',(14.142190639028,-14.14206405065,69.4));
#6077 = PLANE('',#6078);
#6078 = AXIS2_PLACEMENT_3D('',#6079,#6080,#6081);
#6079 = CARTESIAN_POINT('',(0.,0.,69.4));
#6080 = DIRECTION('',(0.,0.,1.));
#6081 = DIRECTION('',(1.,0.,-0.));
#6082 = ADVANCED_FACE('',(#6083),#6089,.F.);
#6083 = FACE_BOUND('',#6084,.F.);
#6084 = EDGE_LOOP('',(#6085,#6086,#6087,#6088));
#6085 = ORIENTED_EDGE('',*,*,#4017,.F.);
#6086 = ORIENTED_EDGE('',*,*,#4852,.T.);
#6087 = ORIENTED_EDGE('',*,*,#4873,.T.);
#6088 = ORIENTED_EDGE('',*,*,#6058,.T.);
#6089 = B_SPLINE_SURFACE_WITH_KNOTS('',1,9,(
    (#6090,#6091,#6092,#6093,#6094,#6095,#6096,#6097,#6098,#6099,#6100
      ,#6101,#6102,#6103,#6104,#6105,#6106,#6107,#6108,#6109,#6110,#6111
      ,#6112,#6113,#6114,#6115,#6116,#6117,#6118,#6119,#6120,#6121,#6122
      ,#6123,#6124,#6125,#6126,#6127,#6128,#6129,#6130,#6131,#6132,#6133
      ,#6134,#6135,#6136,#6137,#6138,#6139,#6140,#6141,#6142,#6143,#6144
      ,#6145,#6146,#6147,#6148,#6149,#6150,#6151,#6152,#6153,#6154,#6155
      ,#6156,#6157,#6158)
    ,(#6159,#6160,#6161,#6162,#6163,#6164,#6165,#6166,#6167,#6168,#6169
      ,#6170,#6171,#6172,#6173,#6174,#6175,#6176,#6177,#6178,#6179,#6180
      ,#6181,#6182,#6183,#6184,#6185,#6186,#6187,#6188,#6189,#6190,#6191
      ,#6192,#6193,#6194,#6195,#6196,#6197,#6198,#6199,#6200,#6201,#6202
      ,#6203,#6204,#6205,#6206,#6207,#6208,#6209,#6210,#6211,#6212,#6213
      ,#6214,#6215,#6216,#6217,#6218,#6219,#6220,#6221,#6222,#6223,#6224
      ,#6225,#6226,#6227
    )),.UNSPECIFIED.,.F.,.F.,.F.,(2,2),(10,8,9,8,9,8,9,8,10),(0.,1.),(0.
    ,6.993548514224,13.987097028449,20.980645542673,27.974194056897,
    34.967742571122,41.961291085346,48.95483959957,55.948388113795),
  .UNSPECIFIED.);
#6090 = CARTESIAN_POINT('',(-20.,-8.208847438107E-15,26.4));
#6091 = CARTESIAN_POINT('',(-19.99999497895,-9.599342085495,
    27.011093054131));
#6092 = CARTESIAN_POINT('',(-14.81601903564,-19.19999537458,
    27.622259933985));
#6093 = CARTESIAN_POINT('',(-4.45389622683,-25.59110334025,
    28.23326776136));
#6094 = CARTESIAN_POINT('',(8.805458207699,-25.62845283583,
    28.844502919997));
#6095 = CARTESIAN_POINT('',(20.307950832958,-17.94283775388,
    29.455513851252));
#6096 = CARTESIAN_POINT('',(25.347462928352,-5.678361355669,
    30.066679381355));
#6097 = CARTESIAN_POINT('',(23.408394214005,6.340653099804,
    30.677772213972));
#6098 = CARTESIAN_POINT('',(16.522270634964,14.804094247719,
    31.288885517104));
#6099 = CARTESIAN_POINT('',(-1.214934566912,22.151085077859,
    32.511109079387));
#6100 = CARTESIAN_POINT('',(-12.0687150775,21.035753703125,
    33.122220167178));
#6101 = CARTESIAN_POINT('',(-21.93857539119,13.908153622153,
    33.733320634991));
#6102 = CARTESIAN_POINT('',(-27.04738116398,1.672383554495,
    34.344469950614));
#6103 = CARTESIAN_POINT('',(-24.34846807054,-11.89564203651,
    34.955506363085));
#6104 = CARTESIAN_POINT('',(-14.94624535194,-21.24503985198,
    35.566710096957));
#6105 = CARTESIAN_POINT('',(-3.099950516692,-24.0529428761,
    36.177749038725));
#6106 = CARTESIAN_POINT('',(7.354377088613,-20.92989527852,
    36.788891059126));
#6107 = CARTESIAN_POINT('',(14.142135623731,-14.14213562373,
    37.399999999993));
#6108 = CARTESIAN_POINT('',(20.929891956908,-7.354372189735,
    38.011093054143));
#6109 = CARTESIAN_POINT('',(24.052954458379,3.099939397836,
    38.622259933972));
#6110 = CARTESIAN_POINT('',(21.245022934681,14.946262485221,
    39.233267761368));
#6111 = CARTESIAN_POINT('',(11.895653581372,24.348452001687,
    39.844502919995));
#6112 = CARTESIAN_POINT('',(-1.672387496452,27.047391995468,
    40.455513851251));
#6113 = CARTESIAN_POINT('',(-13.9081551019,21.938570743145,
    41.066679381355));
#6114 = CARTESIAN_POINT('',(-21.03575308943,12.068715481385,
    41.677772213973));
#6115 = CARTESIAN_POINT('',(-22.15108503846,1.214934174696,
    42.288885517103));
#6116 = CARTESIAN_POINT('',(-14.80409399823,-16.52227094015,
    43.511109079389));
#6117 = CARTESIAN_POINT('',(-6.340653819322,-23.40839436238,
    44.122220167165));
#6118 = CARTESIAN_POINT('',(5.678365688634,-25.34746516857,
    44.733320635026));
#6119 = CARTESIAN_POINT('',(17.942832882361,-20.3079403868,
    45.344469950553));
#6120 = CARTESIAN_POINT('',(25.628456034646,-8.80547773322,
    45.955506363167));
#6121 = CARTESIAN_POINT('',(25.591103187664,4.453920303989,
    46.566710096872));
#6122 = CARTESIAN_POINT('',(19.199995046827,14.816002983621,
    47.177749038794));
#6123 = CARTESIAN_POINT('',(9.599340970232,20.000000791749,
    47.788891059082));
#6124 = CARTESIAN_POINT('',(4.426833340808E-12,20.000000000003,
    48.400000000015));
#6125 = CARTESIAN_POINT('',(-9.599342085493,19.999994978948,
    49.011093054105));
#6126 = CARTESIAN_POINT('',(-19.19999537459,14.816019035647,
    49.622259934008));
#6127 = CARTESIAN_POINT('',(-25.59110334023,4.453896226832,
    50.233267761353));
#6128 = CARTESIAN_POINT('',(-25.62845283585,-8.805458207702,
    50.844502919989));
#6129 = CARTESIAN_POINT('',(-17.94283775387,-20.30795083295,
    51.455513851264));
#6130 = CARTESIAN_POINT('',(-5.678361355672,-25.34746292835,
    52.066679381348));
#6131 = CARTESIAN_POINT('',(6.340653099804,-23.408394214,52.677772213975
    ));
#6132 = CARTESIAN_POINT('',(14.804094247719,-16.52227063496,
    53.288885517104));
#6133 = CARTESIAN_POINT('',(22.151085077859,1.214934566912,
    54.511109079388));
#6134 = CARTESIAN_POINT('',(21.035753703132,12.068715077513,
    55.122220167172));
#6135 = CARTESIAN_POINT('',(13.908153622107,21.938575391174,
    55.733320635002));
#6136 = CARTESIAN_POINT('',(1.672383554608,27.047381164048,
    56.344469950599));
#6137 = CARTESIAN_POINT('',(-11.89564203668,24.348468070453,
    56.955506363109));
#6138 = CARTESIAN_POINT('',(-21.24503985183,14.946245352012,
    57.56671009692));
#6139 = CARTESIAN_POINT('',(-24.05294287619,3.099950516662,
    58.177749038772));
#6140 = CARTESIAN_POINT('',(-20.92989527851,-7.354377088616,
    58.788891059084));
#6141 = CARTESIAN_POINT('',(-14.14213562373,-14.14213562373,
    59.400000000015));
#6142 = CARTESIAN_POINT('',(-7.354372193138,-20.92989195603,
    60.011093041831));
#6143 = CARTESIAN_POINT('',(3.099939411853,-24.05295446193,
    60.622259984509));
#6144 = CARTESIAN_POINT('',(14.94626245088,-21.24502292599,
    61.233267637659));
#6145 = CARTESIAN_POINT('',(24.348452062631,-11.89565359674,
    61.844503139458));
#6146 = CARTESIAN_POINT('',(27.047391911772,1.672387517547,
    62.455513549902));
#6147 = CARTESIAN_POINT('',(21.938570834587,13.908155078868,
    63.066679710567));
#6148 = CARTESIAN_POINT('',(12.068715401209,21.035753109625,
    63.677771925335));
#6149 = CARTESIAN_POINT('',(1.214934230811,22.151085024337,
    64.288885719118));
#6150 = CARTESIAN_POINT('',(-16.52227105763,14.80409402782,
    65.511108656468));
#6151 = CARTESIAN_POINT('',(-23.40839372822,6.340653659604,
    66.122222450245));
#6152 = CARTESIAN_POINT('',(-25.34746682678,-5.678365270982,
    66.733314665043));
#6153 = CARTESIAN_POINT('',(-20.30793736619,-17.94283364317,
    67.344480825631));
#6154 = CARTESIAN_POINT('',(-8.805481934854,-25.62845497639,
    67.95549123621));
#6155 = CARTESIAN_POINT('',(4.453924926256,-25.59110435181,
    68.566726737825));
#6156 = CARTESIAN_POINT('',(14.815998914925,-19.19999402213,
    69.17773439118));
#6157 = CARTESIAN_POINT('',(20.000003645792,-9.599341689006,
    69.788901333675));
#6158 = CARTESIAN_POINT('',(19.99999843766,3.934623518107E-07,
    70.399994375611));
#6159 = CARTESIAN_POINT('',(-20.,6.002007277095E-15,27.4));
#6160 = CARTESIAN_POINT('',(-20.00000502224,-9.599342830569,
    28.011093054131));
#6161 = CARTESIAN_POINT('',(-14.81599968216,-19.19999582078,
    28.62225993397));
#6162 = CARTESIAN_POINT('',(-4.453924801243,-25.59110642054,
    29.233267761395));
#6163 = CARTESIAN_POINT('',(8.805483181117,-25.62845683717,
    29.844502919944));
#6164 = CARTESIAN_POINT('',(20.307939231253,-17.9428346012,
    30.455513851295));
#6165 = CARTESIAN_POINT('',(25.347468999635,-5.678365264159,
    31.066679381333));
#6166 = CARTESIAN_POINT('',(23.408395361071,6.340654657834,
    31.677772213976));
#6167 = CARTESIAN_POINT('',(16.522272106726,14.804095479635,
    32.288885517103));
#6168 = CARTESIAN_POINT('',(-1.214934865498,22.151086792957,
    33.511109079386));
#6169 = CARTESIAN_POINT('',(-12.06871619644,21.035754179925,
    34.122220167185));
#6170 = CARTESIAN_POINT('',(-21.93857428997,13.908156611103,
    34.733320634946));
#6171 = CARTESIAN_POINT('',(-27.04739138336,1.672385517729,
    35.344469950716));
#6172 = CARTESIAN_POINT('',(-24.34845745033,-11.89565278174,
    35.955506362938));
#6173 = CARTESIAN_POINT('',(-14.94625910851,-21.24502732537,
    36.566710097087));
#6174 = CARTESIAN_POINT('',(-3.099942782551,-24.05295424919,
    37.177749038652));
#6175 = CARTESIAN_POINT('',(7.354375705805,-20.92989495622,
    37.788891059144));
#6176 = CARTESIAN_POINT('',(14.142135623734,-14.14213562373,
    38.399999999993));
#6177 = CARTESIAN_POINT('',(20.929899585431,-7.354378764565,
    39.011093054143));
#6178 = CARTESIAN_POINT('',(24.052941088923,3.099953398315,
    39.622259933958));
#6179 = CARTESIAN_POINT('',(21.245045317933,14.946244458175,
    40.233267761402));
#6180 = CARTESIAN_POINT('',(11.895638751876,24.348472489918,
    40.844502919943));
#6181 = CARTESIAN_POINT('',(-1.672381522093,27.047381562551,
    41.455513851294));
#6182 = CARTESIAN_POINT('',(-13.90815663123,21.938577799905,
    42.066679381333));
#6183 = CARTESIAN_POINT('',(-21.03575500222,12.06871519079,
    42.677772213977));
#6184 = CARTESIAN_POINT('',(-22.15108695025,1.214934344293,
    43.288885517102));
#6185 = CARTESIAN_POINT('',(-14.80409499985,-16.52227236404,
    44.511109079388));
#6186 = CARTESIAN_POINT('',(-6.340653365266,-23.40839549073,
    45.122220167172));
#6187 = CARTESIAN_POINT('',(5.678362796436,-25.3474665034,45.73332063498
    ));
#6188 = CARTESIAN_POINT('',(17.942838720349,-20.30794900119,
    46.344469950656));
#6189 = CARTESIAN_POINT('',(25.628456123034,-8.805462625605,
    46.955506363019));
#6190 = CARTESIAN_POINT('',(25.591104057383,4.453901719002,
    47.566710097003));
#6191 = CARTESIAN_POINT('',(19.199997619947,14.816016494444,
    48.177749038721));
#6192 = CARTESIAN_POINT('',(9.599341720128,19.999999586079,
    48.788891059099));
#6193 = CARTESIAN_POINT('',(4.878027981423E-12,19.999999999996,
    49.400000000015));
#6194 = CARTESIAN_POINT('',(-9.599342830566,20.000005022261,
    50.011093054105));
#6195 = CARTESIAN_POINT('',(-19.19999582081,14.81599968214,
    50.622259933993));
#6196 = CARTESIAN_POINT('',(-25.5911064205,4.453924801273,
    51.233267761387));
#6197 = CARTESIAN_POINT('',(-25.62845683722,-8.805483181143,
    51.844502919936));
#6198 = CARTESIAN_POINT('',(-17.94283460116,-20.30793923123,
    52.455513851306));
#6199 = CARTESIAN_POINT('',(-5.678365264172,-25.34746899964,
    53.066679381326));
#6200 = CARTESIAN_POINT('',(6.340654657836,-23.40839536107,
    53.677772213978));
#6201 = CARTESIAN_POINT('',(14.804095479635,-16.52227210672,
    54.288885517102));
#6202 = CARTESIAN_POINT('',(22.151086792957,1.214934865499,
    55.511109079387));
#6203 = CARTESIAN_POINT('',(21.035754179931,12.06871619644,
    56.122220167179));
#6204 = CARTESIAN_POINT('',(13.908156611062,21.938574289958,
    56.733320634958));
#6205 = CARTESIAN_POINT('',(1.672385517836,27.047391383404,
    57.344469950699));
#6206 = CARTESIAN_POINT('',(-11.8956527819,24.348457450282,
    57.955506362964));
#6207 = CARTESIAN_POINT('',(-21.24502732523,14.946259108543,
    58.566710097048));
#6208 = CARTESIAN_POINT('',(-24.05295424926,3.099942782551,59.1777490387
    ));
#6209 = CARTESIAN_POINT('',(-20.92989495623,-7.354375705824,
    59.788891059101));
#6210 = CARTESIAN_POINT('',(-14.14213562372,-14.14213562372,
    60.400000000015));
#6211 = CARTESIAN_POINT('',(-7.354378761169,-20.92989958458,
    61.01109304183));
#6212 = CARTESIAN_POINT('',(3.099953384312,-24.05294109245,
    61.622259984496));
#6213 = CARTESIAN_POINT('',(14.946244492504,-21.24504530926,
    62.233267637688));
#6214 = CARTESIAN_POINT('',(24.34847242898,-11.89563876725,
    62.844503139413));
#6215 = CARTESIAN_POINT('',(27.047381646249,1.672381543192,
    63.455513549937));
#6216 = CARTESIAN_POINT('',(21.938577708458,13.908156608192,
    64.06667971055));
#6217 = CARTESIAN_POINT('',(12.068715270969,21.035755022416,
    64.677771925335));
#6218 = CARTESIAN_POINT('',(1.214934288178,22.151086936126,
    65.288885719117));
#6219 = CARTESIAN_POINT('',(-16.52227224656,14.804095029444,
    66.511108656467));
#6220 = CARTESIAN_POINT('',(-23.40839612494,6.34065320555,
    67.122222450255));
#6221 = CARTESIAN_POINT('',(-25.34746484497,-5.678362378796,
    67.733314664993));
#6222 = CARTESIAN_POINT('',(-20.30795202226,-17.94283948113,
    68.344480825741));
#6223 = CARTESIAN_POINT('',(-8.805458423412,-25.62845506481,
    68.955491236052));
#6224 = CARTESIAN_POINT('',(4.453897096332,-25.5911052215,
    69.566726737968));
#6225 = CARTESIAN_POINT('',(14.81602056329,-19.19999659526,
    70.177734391095));
#6226 = CARTESIAN_POINT('',(19.99999673202,-9.599342438901,
    70.788901333702));
#6227 = CARTESIAN_POINT('',(20.000001562322,3.934639576373E-07,
    71.399994375606));
#6228 = ADVANCED_FACE('',(#6229,#6232,#6243,#6254,#6265),#6276,.F.);
#6229 = FACE_BOUND('',#6230,.F.);
#6230 = EDGE_LOOP('',(#6231));
#6231 = ORIENTED_EDGE('',*,*,#4741,.T.);
#6232 = FACE_BOUND('',#6233,.F.);
#6233 = EDGE_LOOP('',(#6234));
#6234 = ORIENTED_EDGE('',*,*,#6235,.F.);
#6235 = EDGE_CURVE('',#6236,#6236,#6238,.T.);
#6236 = VERTEX_POINT('',#6237);
#6237 = CARTESIAN_POINT('',(-1.874873734153,-2.474873734153,23.5));
#6238 = CIRCLE('',#6239,0.6);
#6239 = AXIS2_PLACEMENT_3D('',#6240,#6241,#6242);
#6240 = CARTESIAN_POINT('',(-2.474873734153,-2.474873734153,23.5));
#6241 = DIRECTION('',(0.,0.,1.));
#6242 = DIRECTION('',(1.,0.,-0.));
#6243 = FACE_BOUND('',#6244,.F.);
#6244 = EDGE_LOOP('',(#6245));
#6245 = ORIENTED_EDGE('',*,*,#6246,.F.);
#6246 = EDGE_CURVE('',#6247,#6247,#6249,.T.);
#6247 = VERTEX_POINT('',#6248);
#6248 = CARTESIAN_POINT('',(3.074873734153,-2.474873734153,23.5));
#6249 = CIRCLE('',#6250,0.6);
#6250 = AXIS2_PLACEMENT_3D('',#6251,#6252,#6253);
#6251 = CARTESIAN_POINT('',(2.474873734153,-2.474873734153,23.5));
#6252 = DIRECTION('',(0.,0.,1.));
#6253 = DIRECTION('',(1.,0.,-0.));
#6254 = FACE_BOUND('',#6255,.F.);
#6255 = EDGE_LOOP('',(#6256));
#6256 = ORIENTED_EDGE('',*,*,#6257,.F.);
#6257 = EDGE_CURVE('',#6258,#6258,#6260,.T.);
#6258 = VERTEX_POINT('',#6259);
#6259 = CARTESIAN_POINT('',(-1.874873734153,2.474873734153,23.5));
#6260 = CIRCLE('',#6261,0.6);
#6261 = AXIS2_PLACEMENT_3D('',#6262,#6263,#6264);
#6262 = CARTESIAN_POINT('',(-2.474873734153,2.474873734153,23.5));
#6263 = DIRECTION('',(0.,0.,1.));
#6264 = DIRECTION('',(1.,0.,-0.));
#6265 = FACE_BOUND('',#6266,.F.);
#6266 = EDGE_LOOP('',(#6267));
#6267 = ORIENTED_EDGE('',*,*,#6268,.F.);
#6268 = EDGE_CURVE('',#6269,#6269,#6271,.T.);
#6269 = VERTEX_POINT('',#6270);
#6270 = CARTESIAN_POINT('',(3.074873734153,2.474873734153,23.5));
#6271 = CIRCLE('',#6272,0.6);
#6272 = AXIS2_PLACEMENT_3D('',#6273,#6274,#6275);
#6273 = CARTESIAN_POINT('',(2.474873734153,2.474873734153,23.5));
#6274 = DIRECTION('',(0.,0.,1.));
#6275 = DIRECTION('',(1.,0.,-0.));
#6276 = PLANE('',#6277);
#6277 = AXIS2_PLACEMENT_3D('',#6278,#6279,#6280);
#6278 = CARTESIAN_POINT('',(0.,0.,23.5));
#6279 = DIRECTION('',(0.,0.,1.));
#6280 = DIRECTION('',(1.,0.,-0.));
#6281 = ADVANCED_FACE('',(#6282),#6287,.F.);
#6282 = FACE_BOUND('',#6283,.F.);
#6283 = EDGE_LOOP('',(#6284,#6285,#6286));
#6284 = ORIENTED_EDGE('',*,*,#5804,.F.);
#6285 = ORIENTED_EDGE('',*,*,#6031,.F.);
#6286 = ORIENTED_EDGE('',*,*,#4961,.T.);
#6287 = B_SPLINE_SURFACE_WITH_KNOTS('',1,9,(
    (#6288,#6289,#6290,#6291,#6292,#6293,#6294,#6295,#6296,#6297,#6298
      ,#6299,#6300,#6301,#6302,#6303,#6304,#6305,#6306,#6307,#6308,#6309
      ,#6310,#6311,#6312,#6313,#6314,#6315,#6316,#6317,#6318,#6319,#6320
      ,#6321,#6322,#6323,#6324,#6325,#6326,#6327,#6328,#6329,#6330,#6331
      ,#6332,#6333,#6334,#6335,#6336,#6337,#6338,#6339,#6340,#6341,#6342
      ,#6343,#6344,#6345,#6346,#6347,#6348,#6349,#6350,#6351,#6352,#6353
      ,#6354,#6355,#6356)
    ,(#6357,#6358,#6359,#6360,#6361,#6362,#6363,#6364,#6365,#6366,#6367
      ,#6368,#6369,#6370,#6371,#6372,#6373,#6374,#6375,#6376,#6377,#6378
      ,#6379,#6380,#6381,#6382,#6383,#6384,#6385,#6386,#6387,#6388,#6389
      ,#6390,#6391,#6392,#6393,#6394,#6395,#6396,#6397,#6398,#6399,#6400
      ,#6401,#6402,#6403,#6404,#6405,#6406,#6407,#6408,#6409,#6410,#6411
      ,#6412,#6413,#6414,#6415,#6416,#6417,#6418,#6419,#6420,#6421,#6422
      ,#6423,#6424,#6425
    )),.UNSPECIFIED.,.F.,.F.,.F.,(2,2),(10,8,9,8,9,8,9,8,10),(0.,1.),(0.
    ,6.993548514224,13.987097028449,20.980645542673,27.974194056897,
    34.967742571122,41.961291085346,48.95483959957,55.948388113795),
  .UNSPECIFIED.);
#6288 = CARTESIAN_POINT('',(-20.,-8.208847438107E-15,26.4));
#6289 = CARTESIAN_POINT('',(-19.99999497895,-9.599342085495,
    27.011093054131));
#6290 = CARTESIAN_POINT('',(-14.81601903564,-19.19999537458,
    27.622259933985));
#6291 = CARTESIAN_POINT('',(-4.45389622683,-25.59110334025,
    28.23326776136));
#6292 = CARTESIAN_POINT('',(8.805458207699,-25.62845283583,
    28.844502919997));
#6293 = CARTESIAN_POINT('',(20.307950832958,-17.94283775388,
    29.455513851252));
#6294 = CARTESIAN_POINT('',(25.347462928352,-5.678361355669,
    30.066679381355));
#6295 = CARTESIAN_POINT('',(23.408394214005,6.340653099804,
    30.677772213972));
#6296 = CARTESIAN_POINT('',(16.522270634964,14.804094247719,
    31.288885517104));
#6297 = CARTESIAN_POINT('',(-1.214934566912,22.151085077859,
    32.511109079387));
#6298 = CARTESIAN_POINT('',(-12.0687150775,21.035753703125,
    33.122220167178));
#6299 = CARTESIAN_POINT('',(-21.93857539119,13.908153622153,
    33.733320634991));
#6300 = CARTESIAN_POINT('',(-27.04738116398,1.672383554495,
    34.344469950614));
#6301 = CARTESIAN_POINT('',(-24.34846807054,-11.89564203651,
    34.955506363085));
#6302 = CARTESIAN_POINT('',(-14.94624535194,-21.24503985198,
    35.566710096957));
#6303 = CARTESIAN_POINT('',(-3.099950516692,-24.0529428761,
    36.177749038725));
#6304 = CARTESIAN_POINT('',(7.354377088613,-20.92989527852,
    36.788891059126));
#6305 = CARTESIAN_POINT('',(14.142135623731,-14.14213562373,
    37.399999999993));
#6306 = CARTESIAN_POINT('',(20.929891956908,-7.354372189735,
    38.011093054143));
#6307 = CARTESIAN_POINT('',(24.052954458379,3.099939397836,
    38.622259933972));
#6308 = CARTESIAN_POINT('',(21.245022934681,14.946262485221,
    39.233267761368));
#6309 = CARTESIAN_POINT('',(11.895653581372,24.348452001687,
    39.844502919995));
#6310 = CARTESIAN_POINT('',(-1.672387496452,27.047391995468,
    40.455513851251));
#6311 = CARTESIAN_POINT('',(-13.9081551019,21.938570743145,
    41.066679381355));
#6312 = CARTESIAN_POINT('',(-21.03575308943,12.068715481385,
    41.677772213973));
#6313 = CARTESIAN_POINT('',(-22.15108503846,1.214934174696,
    42.288885517103));
#6314 = CARTESIAN_POINT('',(-14.80409399823,-16.52227094015,
    43.511109079389));
#6315 = CARTESIAN_POINT('',(-6.340653819322,-23.40839436238,
    44.122220167165));
#6316 = CARTESIAN_POINT('',(5.678365688634,-25.34746516857,
    44.733320635026));
#6317 = CARTESIAN_POINT('',(17.942832882361,-20.3079403868,
    45.344469950553));
#6318 = CARTESIAN_POINT('',(25.628456034646,-8.80547773322,
    45.955506363167));
#6319 = CARTESIAN_POINT('',(25.591103187664,4.453920303989,
    46.566710096872));
#6320 = CARTESIAN_POINT('',(19.199995046827,14.816002983621,
    47.177749038794));
#6321 = CARTESIAN_POINT('',(9.599340970232,20.000000791749,
    47.788891059082));
#6322 = CARTESIAN_POINT('',(4.426833340808E-12,20.000000000003,
    48.400000000015));
#6323 = CARTESIAN_POINT('',(-9.599342085493,19.999994978948,
    49.011093054105));
#6324 = CARTESIAN_POINT('',(-19.19999537459,14.816019035647,
    49.622259934008));
#6325 = CARTESIAN_POINT('',(-25.59110334023,4.453896226832,
    50.233267761353));
#6326 = CARTESIAN_POINT('',(-25.62845283585,-8.805458207702,
    50.844502919989));
#6327 = CARTESIAN_POINT('',(-17.94283775387,-20.30795083295,
    51.455513851264));
#6328 = CARTESIAN_POINT('',(-5.678361355672,-25.34746292835,
    52.066679381348));
#6329 = CARTESIAN_POINT('',(6.340653099804,-23.408394214,52.677772213975
    ));
#6330 = CARTESIAN_POINT('',(14.804094247719,-16.52227063496,
    53.288885517104));
#6331 = CARTESIAN_POINT('',(22.151085077859,1.214934566912,
    54.511109079388));
#6332 = CARTESIAN_POINT('',(21.035753703132,12.068715077513,
    55.122220167172));
#6333 = CARTESIAN_POINT('',(13.908153622107,21.938575391174,
    55.733320635002));
#6334 = CARTESIAN_POINT('',(1.672383554608,27.047381164048,
    56.344469950599));
#6335 = CARTESIAN_POINT('',(-11.89564203668,24.348468070453,
    56.955506363109));
#6336 = CARTESIAN_POINT('',(-21.24503985183,14.946245352012,
    57.56671009692));
#6337 = CARTESIAN_POINT('',(-24.05294287619,3.099950516662,
    58.177749038772));
#6338 = CARTESIAN_POINT('',(-20.92989527851,-7.354377088616,
    58.788891059084));
#6339 = CARTESIAN_POINT('',(-14.14213562373,-14.14213562373,
    59.400000000015));
#6340 = CARTESIAN_POINT('',(-7.354372193138,-20.92989195603,
    60.011093041831));
#6341 = CARTESIAN_POINT('',(3.099939411853,-24.05295446193,
    60.622259984509));
#6342 = CARTESIAN_POINT('',(14.94626245088,-21.24502292599,
    61.233267637659));
#6343 = CARTESIAN_POINT('',(24.348452062631,-11.89565359674,
    61.844503139458));
#6344 = CARTESIAN_POINT('',(27.047391911772,1.672387517547,
    62.455513549902));
#6345 = CARTESIAN_POINT('',(21.938570834587,13.908155078868,
    63.066679710567));
#6346 = CARTESIAN_POINT('',(12.068715401209,21.035753109625,
    63.677771925335));
#6347 = CARTESIAN_POINT('',(1.214934230811,22.151085024337,
    64.288885719118));
#6348 = CARTESIAN_POINT('',(-16.52227105763,14.80409402782,
    65.511108656468));
#6349 = CARTESIAN_POINT('',(-23.40839372822,6.340653659604,
    66.122222450245));
#6350 = CARTESIAN_POINT('',(-25.34746682678,-5.678365270982,
    66.733314665043));
#6351 = CARTESIAN_POINT('',(-20.30793736619,-17.94283364317,
    67.344480825631));
#6352 = CARTESIAN_POINT('',(-8.805481934854,-25.62845497639,
    67.95549123621));
#6353 = CARTESIAN_POINT('',(4.453924926256,-25.59110435181,
    68.566726737825));
#6354 = CARTESIAN_POINT('',(14.815998914925,-19.19999402213,
    69.17773439118));
#6355 = CARTESIAN_POINT('',(20.000003645792,-9.599341689006,
    69.788901333675));
#6356 = CARTESIAN_POINT('',(19.99999843766,3.934623518107E-07,
    70.399994375611));
#6357 = CARTESIAN_POINT('',(-20.,6.002007277095E-15,27.4));
#6358 = CARTESIAN_POINT('',(-20.00000502224,-9.599342830569,
    28.011093054131));
#6359 = CARTESIAN_POINT('',(-14.81599968216,-19.19999582078,
    28.62225993397));
#6360 = CARTESIAN_POINT('',(-4.453924801243,-25.59110642054,
    29.233267761395));
#6361 = CARTESIAN_POINT('',(8.805483181117,-25.62845683717,
    29.844502919944));
#6362 = CARTESIAN_POINT('',(20.307939231253,-17.9428346012,
    30.455513851295));
#6363 = CARTESIAN_POINT('',(25.347468999635,-5.678365264159,
    31.066679381333));
#6364 = CARTESIAN_POINT('',(23.408395361071,6.340654657834,
    31.677772213976));
#6365 = CARTESIAN_POINT('',(16.522272106726,14.804095479635,
    32.288885517103));
#6366 = CARTESIAN_POINT('',(-1.214934865498,22.151086792957,
    33.511109079386));
#6367 = CARTESIAN_POINT('',(-12.06871619644,21.035754179925,
    34.122220167185));
#6368 = CARTESIAN_POINT('',(-21.93857428997,13.908156611103,
    34.733320634946));
#6369 = CARTESIAN_POINT('',(-27.04739138336,1.672385517729,
    35.344469950716));
#6370 = CARTESIAN_POINT('',(-24.34845745033,-11.89565278174,
    35.955506362938));
#6371 = CARTESIAN_POINT('',(-14.94625910851,-21.24502732537,
    36.566710097087));
#6372 = CARTESIAN_POINT('',(-3.099942782551,-24.05295424919,
    37.177749038652));
#6373 = CARTESIAN_POINT('',(7.354375705805,-20.92989495622,
    37.788891059144));
#6374 = CARTESIAN_POINT('',(14.142135623734,-14.14213562373,
    38.399999999993));
#6375 = CARTESIAN_POINT('',(20.929899585431,-7.354378764565,
    39.011093054143));
#6376 = CARTESIAN_POINT('',(24.052941088923,3.099953398315,
    39.622259933958));
#6377 = CARTESIAN_POINT('',(21.245045317933,14.946244458175,
    40.233267761402));
#6378 = CARTESIAN_POINT('',(11.895638751876,24.348472489918,
    40.844502919943));
#6379 = CARTESIAN_POINT('',(-1.672381522093,27.047381562551,
    41.455513851294));
#6380 = CARTESIAN_POINT('',(-13.90815663123,21.938577799905,
    42.066679381333));
#6381 = CARTESIAN_POINT('',(-21.03575500222,12.06871519079,
    42.677772213977));
#6382 = CARTESIAN_POINT('',(-22.15108695025,1.214934344293,
    43.288885517102));
#6383 = CARTESIAN_POINT('',(-14.80409499985,-16.52227236404,
    44.511109079388));
#6384 = CARTESIAN_POINT('',(-6.340653365266,-23.40839549073,
    45.122220167172));
#6385 = CARTESIAN_POINT('',(5.678362796436,-25.3474665034,45.73332063498
    ));
#6386 = CARTESIAN_POINT('',(17.942838720349,-20.30794900119,
    46.344469950656));
#6387 = CARTESIAN_POINT('',(25.628456123034,-8.805462625605,
    46.955506363019));
#6388 = CARTESIAN_POINT('',(25.591104057383,4.453901719002,
    47.566710097003));
#6389 = CARTESIAN_POINT('',(19.199997619947,14.816016494444,
    48.177749038721));
#6390 = CARTESIAN_POINT('',(9.599341720128,19.999999586079,
    48.788891059099));
#6391 = CARTESIAN_POINT('',(4.878027981423E-12,19.999999999996,
    49.400000000015));
#6392 = CARTESIAN_POINT('',(-9.599342830566,20.000005022261,
    50.011093054105));
#6393 = CARTESIAN_POINT('',(-19.19999582081,14.81599968214,
    50.622259933993));
#6394 = CARTESIAN_POINT('',(-25.5911064205,4.453924801273,
    51.233267761387));
#6395 = CARTESIAN_POINT('',(-25.62845683722,-8.805483181143,
    51.844502919936));
#6396 = CARTESIAN_POINT('',(-17.94283460116,-20.30793923123,
    52.455513851306));
#6397 = CARTESIAN_POINT('',(-5.678365264172,-25.34746899964,
    53.066679381326));
#6398 = CARTESIAN_POINT('',(6.340654657836,-23.40839536107,
    53.677772213978));
#6399 = CARTESIAN_POINT('',(14.804095479635,-16.52227210672,
    54.288885517102));
#6400 = CARTESIAN_POINT('',(22.151086792957,1.214934865499,
    55.511109079387));
#6401 = CARTESIAN_POINT('',(21.035754179931,12.06871619644,
    56.122220167179));
#6402 = CARTESIAN_POINT('',(13.908156611062,21.938574289958,
    56.733320634958));
#6403 = CARTESIAN_POINT('',(1.672385517836,27.047391383404,
    57.344469950699));
#6404 = CARTESIAN_POINT('',(-11.8956527819,24.348457450282,
    57.955506362964));
#6405 = CARTESIAN_POINT('',(-21.24502732523,14.946259108543,
    58.566710097048));
#6406 = CARTESIAN_POINT('',(-24.05295424926,3.099942782551,59.1777490387
    ));
#6407 = CARTESIAN_POINT('',(-20.92989495623,-7.354375705824,
    59.788891059101));
#6408 = CARTESIAN_POINT('',(-14.14213562372,-14.14213562372,
    60.400000000015));
#6409 = CARTESIAN_POINT('',(-7.354378761169,-20.92989958458,
    61.01109304183));
#6410 = CARTESIAN_POINT('',(3.099953384312,-24.05294109245,
    61.622259984496));
#6411 = CARTESIAN_POINT('',(14.946244492504,-21.24504530926,
    62.233267637688));
#6412 = CARTESIAN_POINT('',(24.34847242898,-11.89563876725,
    62.844503139413));
#6413 = CARTESIAN_POINT('',(27.047381646249,1.672381543192,
    63.455513549937));
#6414 = CARTESIAN_POINT('',(21.938577708458,13.908156608192,
    64.06667971055));
#6415 = CARTESIAN_POINT('',(12.068715270969,21.035755022416,
    64.677771925335));
#6416 = CARTESIAN_POINT('',(1.214934288178,22.151086936126,
    65.288885719117));
#6417 = CARTESIAN_POINT('',(-16.52227224656,14.804095029444,
    66.511108656467));
#6418 = CARTESIAN_POINT('',(-23.40839612494,6.34065320555,
    67.122222450255));
#6419 = CARTESIAN_POINT('',(-25.34746484497,-5.678362378796,
    67.733314664993));
#6420 = CARTESIAN_POINT('',(-20.30795202226,-17.94283948113,
    68.344480825741));
#6421 = CARTESIAN_POINT('',(-8.805458423412,-25.62845506481,
    68.955491236052));
#6422 = CARTESIAN_POINT('',(4.453897096332,-25.5911052215,
    69.566726737968));
#6423 = CARTESIAN_POINT('',(14.81602056329,-19.19999659526,
    70.177734391095));
#6424 = CARTESIAN_POINT('',(19.99999673202,-9.599342438901,
    70.788901333702));
#6425 = CARTESIAN_POINT('',(20.000001562322,3.934639576373E-07,
    71.399994375606));
#6426 = ADVANCED_FACE('',(#6427),#6446,.F.);
#6427 = FACE_BOUND('',#6428,.F.);
#6428 = EDGE_LOOP('',(#6429,#6430,#6438,#6445));
#6429 = ORIENTED_EDGE('',*,*,#5821,.F.);
#6430 = ORIENTED_EDGE('',*,*,#6431,.F.);
#6431 = EDGE_CURVE('',#6432,#5822,#6434,.T.);
#6432 = VERTEX_POINT('',#6433);
#6433 = CARTESIAN_POINT('',(14.6,-3.57596865351E-15,70.4));
#6434 = LINE('',#6435,#6436);
#6435 = CARTESIAN_POINT('',(14.6,-3.57596865351E-15,70.4));
#6436 = VECTOR('',#6437,1.);
#6437 = DIRECTION('',(0.,0.,1.));
#6438 = ORIENTED_EDGE('',*,*,#6439,.T.);
#6439 = EDGE_CURVE('',#6432,#6432,#6440,.T.);
#6440 = CIRCLE('',#6441,14.6);
#6441 = AXIS2_PLACEMENT_3D('',#6442,#6443,#6444);
#6442 = CARTESIAN_POINT('',(0.,0.,70.4));
#6443 = DIRECTION('',(0.,0.,1.));
#6444 = DIRECTION('',(1.,0.,-0.));
#6445 = ORIENTED_EDGE('',*,*,#6431,.T.);
#6446 = CYLINDRICAL_SURFACE('',#6447,14.6);
#6447 = AXIS2_PLACEMENT_3D('',#6448,#6449,#6450);
#6448 = CARTESIAN_POINT('',(0.,0.,70.4));
#6449 = DIRECTION('',(0.,0.,1.));
#6450 = DIRECTION('',(1.,0.,-0.));
#6451 = ADVANCED_FACE('',(#6452),#6471,.F.);
#6452 = FACE_BOUND('',#6453,.F.);
#6453 = EDGE_LOOP('',(#6454,#6463,#6469,#6470));
#6454 = ORIENTED_EDGE('',*,*,#6455,.F.);
#6455 = EDGE_CURVE('',#6456,#6456,#6458,.T.);
#6456 = VERTEX_POINT('',#6457);
#6457 = CARTESIAN_POINT('',(-1.874873734153,-2.474873734153,26.5));
#6458 = CIRCLE('',#6459,0.6);
#6459 = AXIS2_PLACEMENT_3D('',#6460,#6461,#6462);
#6460 = CARTESIAN_POINT('',(-2.474873734153,-2.474873734153,26.5));
#6461 = DIRECTION('',(0.,0.,1.));
#6462 = DIRECTION('',(1.,0.,-0.));
#6463 = ORIENTED_EDGE('',*,*,#6464,.F.);
#6464 = EDGE_CURVE('',#6236,#6456,#6465,.T.);
#6465 = LINE('',#6466,#6467);
#6466 = CARTESIAN_POINT('',(-1.874873734153,-2.474873734153,23.));
#6467 = VECTOR('',#6468,1.);
#6468 = DIRECTION('',(0.,0.,1.));
#6469 = ORIENTED_EDGE('',*,*,#6235,.T.);
#6470 = ORIENTED_EDGE('',*,*,#6464,.T.);
#6471 = CYLINDRICAL_SURFACE('',#6472,0.6);
#6472 = AXIS2_PLACEMENT_3D('',#6473,#6474,#6475);
#6473 = CARTESIAN_POINT('',(-2.474873734153,-2.474873734153,23.));
#6474 = DIRECTION('',(0.,0.,1.));
#6475 = DIRECTION('',(1.,0.,-0.));
#6476 = ADVANCED_FACE('',(#6477),#6496,.F.);
#6477 = FACE_BOUND('',#6478,.F.);
#6478 = EDGE_LOOP('',(#6479,#6488,#6494,#6495));
#6479 = ORIENTED_EDGE('',*,*,#6480,.F.);
#6480 = EDGE_CURVE('',#6481,#6481,#6483,.T.);
#6481 = VERTEX_POINT('',#6482);
#6482 = CARTESIAN_POINT('',(3.074873734153,-2.474873734153,26.5));
#6483 = CIRCLE('',#6484,0.6);
#6484 = AXIS2_PLACEMENT_3D('',#6485,#6486,#6487);
#6485 = CARTESIAN_POINT('',(2.474873734153,-2.474873734153,26.5));
#6486 = DIRECTION('',(0.,0.,1.));
#6487 = DIRECTION('',(1.,0.,-0.));
#6488 = ORIENTED_EDGE('',*,*,#6489,.F.);
#6489 = EDGE_CURVE('',#6247,#6481,#6490,.T.);
#6490 = LINE('',#6491,#6492);
#6491 = CARTESIAN_POINT('',(3.074873734153,-2.474873734153,23.));
#6492 = VECTOR('',#6493,1.);
#6493 = DIRECTION('',(0.,0.,1.));
#6494 = ORIENTED_EDGE('',*,*,#6246,.T.);
#6495 = ORIENTED_EDGE('',*,*,#6489,.T.);
#6496 = CYLINDRICAL_SURFACE('',#6497,0.6);
#6497 = AXIS2_PLACEMENT_3D('',#6498,#6499,#6500);
#6498 = CARTESIAN_POINT('',(2.474873734153,-2.474873734153,23.));
#6499 = DIRECTION('',(0.,0.,1.));
#6500 = DIRECTION('',(1.,0.,-0.));
#6501 = ADVANCED_FACE('',(#6502),#6521,.F.);
#6502 = FACE_BOUND('',#6503,.F.);
#6503 = EDGE_LOOP('',(#6504,#6513,#6519,#6520));
#6504 = ORIENTED_EDGE('',*,*,#6505,.F.);
#6505 = EDGE_CURVE('',#6506,#6506,#6508,.T.);
#6506 = VERTEX_POINT('',#6507);
#6507 = CARTESIAN_POINT('',(-1.874873734153,2.474873734153,26.5));
#6508 = CIRCLE('',#6509,0.6);
#6509 = AXIS2_PLACEMENT_3D('',#6510,#6511,#6512);
#6510 = CARTESIAN_POINT('',(-2.474873734153,2.474873734153,26.5));
#6511 = DIRECTION('',(0.,0.,1.));
#6512 = DIRECTION('',(1.,0.,-0.));
#6513 = ORIENTED_EDGE('',*,*,#6514,.F.);
#6514 = EDGE_CURVE('',#6258,#6506,#6515,.T.);
#6515 = LINE('',#6516,#6517);
#6516 = CARTESIAN_POINT('',(-1.874873734153,2.474873734153,23.));
#6517 = VECTOR('',#6518,1.);
#6518 = DIRECTION('',(0.,0.,1.));
#6519 = ORIENTED_EDGE('',*,*,#6257,.T.);
#6520 = ORIENTED_EDGE('',*,*,#6514,.T.);
#6521 = CYLINDRICAL_SURFACE('',#6522,0.6);
#6522 = AXIS2_PLACEMENT_3D('',#6523,#6524,#6525);
#6523 = CARTESIAN_POINT('',(-2.474873734153,2.474873734153,23.));
#6524 = DIRECTION('',(0.,0.,1.));
#6525 = DIRECTION('',(1.,0.,-0.));
#6526 = ADVANCED_FACE('',(#6527),#6546,.F.);
#6527 = FACE_BOUND('',#6528,.F.);
#6528 = EDGE_LOOP('',(#6529,#6538,#6544,#6545));
#6529 = ORIENTED_EDGE('',*,*,#6530,.F.);
#6530 = EDGE_CURVE('',#6531,#6531,#6533,.T.);
#6531 = VERTEX_POINT('',#6532);
#6532 = CARTESIAN_POINT('',(3.074873734153,2.474873734153,26.5));
#6533 = CIRCLE('',#6534,0.6);
#6534 = AXIS2_PLACEMENT_3D('',#6535,#6536,#6537);
#6535 = CARTESIAN_POINT('',(2.474873734153,2.474873734153,26.5));
#6536 = DIRECTION('',(0.,0.,1.));
#6537 = DIRECTION('',(1.,0.,-0.));
#6538 = ORIENTED_EDGE('',*,*,#6539,.F.);
#6539 = EDGE_CURVE('',#6269,#6531,#6540,.T.);
#6540 = LINE('',#6541,#6542);
#6541 = CARTESIAN_POINT('',(3.074873734153,2.474873734153,23.));
#6542 = VECTOR('',#6543,1.);
#6543 = DIRECTION('',(0.,0.,1.));
#6544 = ORIENTED_EDGE('',*,*,#6268,.T.);
#6545 = ORIENTED_EDGE('',*,*,#6539,.T.);
#6546 = CYLINDRICAL_SURFACE('',#6547,0.6);
#6547 = AXIS2_PLACEMENT_3D('',#6548,#6549,#6550);
#6548 = CARTESIAN_POINT('',(2.474873734153,2.474873734153,23.));
#6549 = DIRECTION('',(0.,0.,1.));
#6550 = DIRECTION('',(1.,0.,-0.));
#6551 = ADVANCED_FACE('',(#6552,#6555),#6661,.T.);
#6552 = FACE_BOUND('',#6553,.T.);
#6553 = EDGE_LOOP('',(#6554));
#6554 = ORIENTED_EDGE('',*,*,#6439,.T.);
#6555 = FACE_BOUND('',#6556,.T.);
#6556 = EDGE_LOOP('',(#6557,#6568,#6591,#6640));
#6557 = ORIENTED_EDGE('',*,*,#6558,.F.);
#6558 = EDGE_CURVE('',#6559,#6561,#6563,.T.);
#6559 = VERTEX_POINT('',#6560);
#6560 = CARTESIAN_POINT('',(2.532845396243,12.874368817162,
    70.399999999569));
#6561 = VERTEX_POINT('',#6562);
#6562 = CARTESIAN_POINT('',(-12.23891519596,-4.730077494337,
    70.400000000364));
#6563 = CIRCLE('',#6564,13.121153846154);
#6564 = AXIS2_PLACEMENT_3D('',#6565,#6566,#6567);
#6565 = CARTESIAN_POINT('',(0.,0.,70.4));
#6566 = DIRECTION('',(0.,0.,1.));
#6567 = DIRECTION('',(1.,0.,-0.));
#6568 = ORIENTED_EDGE('',*,*,#6569,.T.);
#6569 = EDGE_CURVE('',#6559,#6570,#6572,.T.);
#6570 = VERTEX_POINT('',#6571);
#6571 = CARTESIAN_POINT('',(9.840680837119,10.430552525428,70.4));
#6572 = B_SPLINE_CURVE_WITH_KNOTS('',5,(#6573,#6574,#6575,#6576,#6577,
    #6578,#6579,#6580,#6581,#6582,#6583,#6584,#6585,#6586,#6587,#6588,
    #6589,#6590),.UNSPECIFIED.,.F.,.F.,(6,4,4,4,6),(0.,0.218271049678,
    0.442833585929,0.715824496788,1.),.UNSPECIFIED.);
#6573 = CARTESIAN_POINT('',(-2.94418591224,11.80850142309,70.4));
#6574 = CARTESIAN_POINT('',(-2.41016442446,12.047424007098,70.4));
#6575 = CARTESIAN_POINT('',(-1.861363049881,12.253876591761,70.4));
#6576 = CARTESIAN_POINT('',(-1.300635744925,12.427086357282,70.4));
#6577 = CARTESIAN_POINT('',(-0.730787578774,12.566658728969,70.4));
#6578 = CARTESIAN_POINT('',(0.438297581524,12.781411576418,70.4));
#6579 = CARTESIAN_POINT('',(1.037915355142,12.854621350636,70.4));
#6580 = CARTESIAN_POINT('',(1.641332500963,12.892049642973,70.4));
#6581 = CARTESIAN_POINT('',(2.245708904197,12.893961789785,70.4));
#6582 = CARTESIAN_POINT('',(3.580939945913,12.820728220782,70.4));
#6583 = CARTESIAN_POINT('',(4.310974379815,12.728874543178,70.4));
#6584 = CARTESIAN_POINT('',(5.033595082057,12.586342154175,70.4));
#6585 = CARTESIAN_POINT('',(5.744358154792,12.394737248525,70.4));
#6586 = CARTESIAN_POINT('',(7.162527516792,11.907746571706,70.4));
#6587 = CARTESIAN_POINT('',(7.868619931606,11.608424685247,70.4));
#6588 = CARTESIAN_POINT('',(8.552921494073,11.260500525592,70.4));
#6589 = CARTESIAN_POINT('',(9.211436637941,10.86681018393,70.4));
#6590 = CARTESIAN_POINT('',(9.84068083712,10.430552525428,70.4));
#6591 = ORIENTED_EDGE('',*,*,#6592,.T.);
#6592 = EDGE_CURVE('',#6570,#6593,#6595,.T.);
#6593 = VERTEX_POINT('',#6594);
#6594 = CARTESIAN_POINT('',(-8.563206604011,-11.50248367361,70.4));
#6595 = B_SPLINE_CURVE_WITH_KNOTS('',8,(#6596,#6597,#6598,#6599,#6600,
    #6601,#6602,#6603,#6604,#6605,#6606,#6607,#6608,#6609,#6610,#6611,
    #6612,#6613,#6614,#6615,#6616,#6617,#6618,#6619,#6620,#6621,#6622,
    #6623,#6624,#6625,#6626,#6627,#6628,#6629,#6630,#6631,#6632,#6633,
    #6634,#6635,#6636,#6637,#6638,#6639),.UNSPECIFIED.,.F.,.F.,(9,7,7,7,
    7,7,9),(0.,0.333944467972,0.667889843462,0.68689895502,
    0.715912875663,0.962983048601,1.),.UNSPECIFIED.);
#6596 = CARTESIAN_POINT('',(9.84068083712,10.430552525427,70.4));
#6597 = CARTESIAN_POINT('',(11.157243281731,9.188445647096,70.4));
#6598 = CARTESIAN_POINT('',(12.296961216681,7.754218023464,70.4));
#6599 = CARTESIAN_POINT('',(13.22296198029,6.160460399257,70.4));
#6600 = CARTESIAN_POINT('',(13.911552097545,4.445142028366,70.4));
#6601 = CARTESIAN_POINT('',(14.345176716058,2.648354584164,70.4));
#6602 = CARTESIAN_POINT('',(14.514893744279,0.812941875187,70.4));
#6603 = CARTESIAN_POINT('',(14.417990324103,-1.016422766395,70.4));
#6604 = CARTESIAN_POINT('',(13.713223245655,-4.567195816255,70.4));
#6605 = CARTESIAN_POINT('',(13.104107894553,-6.294903241225,70.4));
#6606 = CARTESIAN_POINT('',(12.24626933753,-7.926371148317,70.4));
#6607 = CARTESIAN_POINT('',(11.159276885748,-9.421346532454,70.4));
#6608 = CARTESIAN_POINT('',(9.867757648292,-10.74364630393,70.4));
#6609 = CARTESIAN_POINT('',(8.403247136341,-11.86292100642,70.4));
#6610 = CARTESIAN_POINT('',(6.802148032379,-12.75313197014,70.4));
#6611 = CARTESIAN_POINT('',(5.014724510424,-13.43496722737,70.4));
#6612 = CARTESIAN_POINT('',(4.918157501031,-13.47089845928,70.4));
#6613 = CARTESIAN_POINT('',(4.821296537664,-13.5060363525,70.4));
#6614 = CARTESIAN_POINT('',(4.724149226346,-13.54037810647,70.4));
#6615 = CARTESIAN_POINT('',(4.626723203746,-13.57392100855,70.4));
#6616 = CARTESIAN_POINT('',(4.529026137178,-13.60666243407,70.4));
#6617 = CARTESIAN_POINT('',(4.431065724604,-13.63859984627,70.4));
#6618 = CARTESIAN_POINT('',(4.182940947396,-13.71724647918,70.4));
#6619 = CARTESIAN_POINT('',(4.032436682801,-13.76288339999,70.4));
#6620 = CARTESIAN_POINT('',(3.88136439519,-13.80663284789,70.4));
#6621 = CARTESIAN_POINT('',(3.729751710212,-13.8484865999,70.4));
#6622 = CARTESIAN_POINT('',(3.577626384816,-13.888436921,70.4));
#6623 = CARTESIAN_POINT('',(3.425016307252,-13.9264765641,70.4));
#6624 = CARTESIAN_POINT('',(3.271949497068,-13.96259877005,70.4));
#6625 = CARTESIAN_POINT('',(1.811352817399,-14.2880170865,70.4));
#6626 = CARTESIAN_POINT('',(0.472472804076,-14.43989507905,70.4));
#6627 = CARTESIAN_POINT('',(-0.879796514067,-14.44806214057,70.4));
#6628 = CARTESIAN_POINT('',(-2.227458053893,-14.31162570838,70.4));
#6629 = CARTESIAN_POINT('',(-3.552841792699,-14.03205709247,70.4));
#6630 = CARTESIAN_POINT('',(-4.838664283391,-13.61331126123,70.4));
#6631 = CARTESIAN_POINT('',(-6.068052209841,-13.06170256702,70.4));
#6632 = CARTESIAN_POINT('',(-7.3981304435,-12.28591172728,70.4));
#6633 = CARTESIAN_POINT('',(-7.569825167054,-12.18205385759,70.4));
#6634 = CARTESIAN_POINT('',(-7.739851873253,-12.0754550504,70.4));
#6635 = CARTESIAN_POINT('',(-7.908159600844,-11.96614669252,70.4));
#6636 = CARTESIAN_POINT('',(-8.074698105829,-11.85416126173,70.4));
#6637 = CARTESIAN_POINT('',(-8.239417861467,-11.73953232673,70.4));
#6638 = CARTESIAN_POINT('',(-8.402270058272,-11.62229454716,70.4));
#6639 = CARTESIAN_POINT('',(-8.563206604011,-11.50248367361,70.4));
#6640 = ORIENTED_EDGE('',*,*,#6641,.T.);
#6641 = EDGE_CURVE('',#6593,#6561,#6642,.T.);
#6642 = B_SPLINE_CURVE_WITH_KNOTS('',5,(#6643,#6644,#6645,#6646,#6647,
    #6648,#6649,#6650,#6651,#6652,#6653,#6654,#6655,#6656,#6657,#6658,
    #6659,#6660),.UNSPECIFIED.,.F.,.F.,(6,4,4,4,6),(0.,0.284175702229,
    0.557166633609,0.782687479996,1.),.UNSPECIFIED.);
#6643 = CARTESIAN_POINT('',(-8.563206604012,-11.50248367361,70.4));
#6644 = CARTESIAN_POINT('',(-9.102111641355,-10.95855494834,70.4));
#6645 = CARTESIAN_POINT('',(-9.604184505686,-10.37841205231,70.4));
#6646 = CARTESIAN_POINT('',(-10.06566330546,-9.764925011478,70.4));
#6647 = CARTESIAN_POINT('',(-10.48305865784,-9.121534714098,70.4));
#6648 = CARTESIAN_POINT('',(-11.20892310851,-7.809468753183,70.4));
#6649 = CARTESIAN_POINT('',(-11.52104091931,-7.142770353464,70.4));
#6650 = CARTESIAN_POINT('',(-11.78688706468,-6.455871906001,70.4));
#6651 = CARTESIAN_POINT('',(-12.00411028351,-5.752872148443,70.4));
#6652 = CARTESIAN_POINT('',(-12.30866981514,-4.448124235742,70.4));
#6653 = CARTESIAN_POINT('',(-12.41202589231,-3.850018287111,70.4));
#6654 = CARTESIAN_POINT('',(-12.47993496226,-3.246656509922,70.4));
#6655 = CARTESIAN_POINT('',(-12.5116346067,-2.640825843185,70.4));
#6656 = CARTESIAN_POINT('',(-12.50193350542,-1.452219317869,70.4));
#6657 = CARTESIAN_POINT('',(-12.4631513724,-0.869400219133,70.4));
#6658 = CARTESIAN_POINT('',(-12.38996395226,-0.289719052372,70.4));
#6659 = CARTESIAN_POINT('',(-12.28227497494,0.284029935785,70.4));
#6660 = CARTESIAN_POINT('',(-12.1403456287,0.848940572842,70.4));
#6661 = PLANE('',#6662);
#6662 = AXIS2_PLACEMENT_3D('',#6663,#6664,#6665);
#6663 = CARTESIAN_POINT('',(0.,0.,70.4));
#6664 = DIRECTION('',(0.,0.,1.));
#6665 = DIRECTION('',(1.,0.,-0.));
#6666 = ADVANCED_FACE('',(#6667,#6678,#6681,#6684,#6687),#6690,.T.);
#6667 = FACE_BOUND('',#6668,.T.);
#6668 = EDGE_LOOP('',(#6669));
#6669 = ORIENTED_EDGE('',*,*,#6670,.T.);
#6670 = EDGE_CURVE('',#6671,#6671,#6673,.T.);
#6671 = VERTEX_POINT('',#6672);
#6672 = CARTESIAN_POINT('',(8.,-1.959434878636E-15,26.5));
#6673 = CIRCLE('',#6674,8.);
#6674 = AXIS2_PLACEMENT_3D('',#6675,#6676,#6677);
#6675 = CARTESIAN_POINT('',(0.,0.,26.5));
#6676 = DIRECTION('',(0.,0.,1.));
#6677 = DIRECTION('',(1.,0.,-0.));
#6678 = FACE_BOUND('',#6679,.T.);
#6679 = EDGE_LOOP('',(#6680));
#6680 = ORIENTED_EDGE('',*,*,#6455,.F.);
#6681 = FACE_BOUND('',#6682,.T.);
#6682 = EDGE_LOOP('',(#6683));
#6683 = ORIENTED_EDGE('',*,*,#6480,.F.);
#6684 = FACE_BOUND('',#6685,.T.);
#6685 = EDGE_LOOP('',(#6686));
#6686 = ORIENTED_EDGE('',*,*,#6505,.F.);
#6687 = FACE_BOUND('',#6688,.T.);
#6688 = EDGE_LOOP('',(#6689));
#6689 = ORIENTED_EDGE('',*,*,#6530,.F.);
#6690 = PLANE('',#6691);
#6691 = AXIS2_PLACEMENT_3D('',#6692,#6693,#6694);
#6692 = CARTESIAN_POINT('',(0.,0.,26.5));
#6693 = DIRECTION('',(0.,0.,1.));
#6694 = DIRECTION('',(1.,0.,-0.));
#6695 = ADVANCED_FACE('',(#6696),#6860,.F.);
#6696 = FACE_BOUND('',#6697,.F.);
#6697 = EDGE_LOOP('',(#6698,#6789,#6798,#6859));
#6698 = ORIENTED_EDGE('',*,*,#6699,.F.);
#6699 = EDGE_CURVE('',#6700,#6559,#6702,.T.);
#6700 = VERTEX_POINT('',#6701);
#6701 = CARTESIAN_POINT('',(12.650198318771,1.78132183947,69.8));
#6702 = B_SPLINE_CURVE_WITH_KNOTS('',7,(#6703,#6704,#6705,#6706,#6707,
    #6708,#6709,#6710,#6711,#6712,#6713,#6714,#6715,#6716,#6717,#6718,
    #6719,#6720,#6721,#6722,#6723,#6724,#6725,#6726,#6727,#6728,#6729,
    #6730,#6731,#6732,#6733,#6734,#6735,#6736,#6737,#6738,#6739,#6740,
    #6741,#6742,#6743,#6744,#6745,#6746,#6747,#6748,#6749,#6750,#6751,
    #6752,#6753,#6754,#6755,#6756,#6757,#6758,#6759,#6760,#6761,#6762,
    #6763,#6764,#6765,#6766,#6767,#6768,#6769,#6770,#6771,#6772,#6773,
    #6774,#6775,#6776,#6777,#6778,#6779,#6780,#6781,#6782,#6783,#6784,
    #6785,#6786,#6787,#6788),.UNSPECIFIED.,.F.,.F.,(8,6,6,6,6,6,6,6,6,6,
    6,6,6,6,8),(0.,0.109023081941,0.220620320895,0.278380246859,
    0.337930808941,0.397902126943,0.459739105732,0.521962822139,
    0.586100262889,0.652114270259,0.718615898312,0.78709009339,
    0.856025478394,0.926955841448,1.),.UNSPECIFIED.);
#6703 = CARTESIAN_POINT('',(12.650198318771,1.781321839469,69.8));
#6704 = CARTESIAN_POINT('',(12.517412614969,2.901526570119,
    69.842831944073));
#6705 = CARTESIAN_POINT('',(12.269157004816,4.008386537919,
    69.885580236752));
#6706 = CARTESIAN_POINT('',(11.907383295628,5.087098768319,
    69.928224560249));
#6707 = CARTESIAN_POINT('',(11.436456731051,6.123997975767,
    69.97077278194));
#6708 = CARTESIAN_POINT('',(10.862492670043,7.106355649648,
    70.01323233091));
#6709 = CARTESIAN_POINT('',(10.193341494279,8.022365950115,
    70.055609107199));
#6710 = CARTESIAN_POINT('',(8.666957003653,9.720347471309,
    70.141152696445));
#6711 = CARTESIAN_POINT('',(7.805210473313,10.499138609605,
    70.184339509049));
#6712 = CARTESIAN_POINT('',(6.864398429485,11.186345561209,
    70.227420528707));
#6713 = CARTESIAN_POINT('',(5.85649481048,11.772949002395,
    70.270403834823));
#6714 = CARTESIAN_POINT('',(4.79440635228,12.251801038519,
    70.313297445413));
#6715 = CARTESIAN_POINT('',(3.691969700028,12.617603821039,
    70.356108236087));
#6716 = CARTESIAN_POINT('',(1.980448278493,12.996793120893,
    70.420917757521));
#6717 = CARTESIAN_POINT('',(1.389828161431,13.095082767042,
    70.442997181487));
#6718 = CARTESIAN_POINT('',(0.794318950647,13.161932723902,
    70.465051850842));
#6719 = CARTESIAN_POINT('',(0.195932149652,13.197109483297,
    70.487082035112));
#6720 = CARTESIAN_POINT('',(-0.40332079459,13.200536556517,
    70.509088268433));
#6721 = CARTESIAN_POINT('',(-1.001429322876,13.1722925272,70.5310707428)
  );
#6722 = CARTESIAN_POINT('',(-2.2097826523,13.051101535477,
    70.575667457535));
#6723 = CARTESIAN_POINT('',(-2.819855741807,12.95617313044,
    70.59828114238));
#6724 = CARTESIAN_POINT('',(-3.424400005008,12.828099632304,
    70.620868992698));
#6725 = CARTESIAN_POINT('',(-4.021270905193,12.667325518242,
    70.643431212299));
#6726 = CARTESIAN_POINT('',(-4.608378807075,12.474460034681,70.665968301
    ));
#6727 = CARTESIAN_POINT('',(-5.183689196839,12.250274833465,
    70.688480391017));
#6728 = CARTESIAN_POINT('',(-6.310731834351,11.739358715949,
    70.733611737513));
#6729 = CARTESIAN_POINT('',(-6.862294503641,11.452185393515,
    70.756231651216));
#6730 = CARTESIAN_POINT('',(-7.397895938771,11.135157088379,
    70.778825525453));
#6731 = CARTESIAN_POINT('',(-7.915631749066,10.789389395742,
    70.801393559781));
#6732 = CARTESIAN_POINT('',(-8.413703079602,10.416137629565,
    70.823936310445));
#6733 = CARTESIAN_POINT('',(-8.890416066348,10.016794509655,
    70.846454023577));
#6734 = CARTESIAN_POINT('',(-9.812079726623,9.155819330644,
    70.89213765546));
#6735 = CARTESIAN_POINT('',(-10.25560352587,8.692614873593,
    70.915303059522));
#6736 = CARTESIAN_POINT('',(-10.67302350544,8.204971374962,
    70.938441406597));
#6737 = CARTESIAN_POINT('',(-11.06277791109,7.694694657752,
    70.961553116798));
#6738 = CARTESIAN_POINT('',(-11.42346546128,7.163699059507,
    70.984639002848));
#6739 = CARTESIAN_POINT('',(-11.75384391747,6.614005110675,
    71.007699457114));
#6740 = CARTESIAN_POINT('',(-12.35371109699,5.477949193736,
    71.053911891385));
#6741 = CARTESIAN_POINT('',(-12.62282111058,4.891350912741,
    71.077064694207));
#6742 = CARTESIAN_POINT('',(-12.85907659236,4.29012430287,
    71.100191237875));
#6743 = CARTESIAN_POINT('',(-13.06158823114,3.676498205289,
    71.123291793895));
#6744 = CARTESIAN_POINT('',(-13.22965456103,3.052751720438,
    71.146366790486));
#6745 = CARTESIAN_POINT('',(-13.362759877,2.421212504777,71.169416057683
    ));
#6746 = CARTESIAN_POINT('',(-13.56142665594,1.127719055964,
    71.216168497387));
#6747 = CARTESIAN_POINT('',(-13.62478966508,0.465391859072,
    71.239870292358));
#6748 = CARTESIAN_POINT('',(-13.65032645375,-0.200114867276,
    71.26354375231));
#6749 = CARTESIAN_POINT('',(-13.63792295337,-0.866210569993,
    71.287189961645));
#6750 = CARTESIAN_POINT('',(-13.58767916358,-1.53032105425,
    71.310809933363));
#6751 = CARTESIAN_POINT('',(-13.49990633695,-2.189889531892,
    71.334403868207));
#6752 = CARTESIAN_POINT('',(-13.24673264022,-3.513957009961,
    71.382227080475));
#6753 = CARTESIAN_POINT('',(-13.07912817676,-4.178074479734,
    71.406456131746));
#6754 = CARTESIAN_POINT('',(-12.87291228117,-4.831961143553,
    71.430656648026));
#6755 = CARTESIAN_POINT('',(-12.62890657832,-5.47295218389,71.4548287378
    ));
#6756 = CARTESIAN_POINT('',(-12.34814807558,-6.098478941632,
    71.47897296532));
#6757 = CARTESIAN_POINT('',(-12.0318858255,-6.706069015529,
    71.503089462625));
#6758 = CARTESIAN_POINT('',(-11.32872570386,-7.884978243506,
    71.551442505106));
#6759 = CARTESIAN_POINT('',(-10.94130214581,-8.456031789506,
    71.575680064616));
#6760 = CARTESIAN_POINT('',(-10.52083340377,-9.004091567036,
    71.599888508015));
#6761 = CARTESIAN_POINT('',(-10.06901627999,-9.526915730486,
    71.624068174595));
#6762 = CARTESIAN_POINT('',(-9.587718666091,-10.0224278216,
    71.648219913102));
#6763 = CARTESIAN_POINT('',(-9.078976308746,-10.48871569756,
    71.672344096864));
#6764 = CARTESIAN_POINT('',(-7.995200056577,-11.37228868791,
    71.721249975443));
#6765 = CARTESIAN_POINT('',(-7.418612583401,-11.78773840969,
    71.746031508081));
#6766 = CARTESIAN_POINT('',(-6.817660650566,-12.16849528893,
    71.770783126241));
#6767 = CARTESIAN_POINT('',(-6.194889792771,-12.51292113222,
    71.795505300164));
#6768 = CARTESIAN_POINT('',(-5.552959246053,-12.81961325538,
    71.820198969849));
#6769 = CARTESIAN_POINT('',(-4.894638939122,-13.08740213878,
    71.844864466787));
#6770 = CARTESIAN_POINT('',(-3.546475592819,-13.54487877181,
    71.894302472718));
#6771 = CARTESIAN_POINT('',(-2.856405787809,-13.73404335936,
    71.919076196139));
#6772 = CARTESIAN_POINT('',(-2.155555012365,-13.88192417644,
    71.943820424236));
#6773 = CARTESIAN_POINT('',(-1.446898664295,-13.9878709337,
    71.96853548899));
#6774 = CARTESIAN_POINT('',(-0.733436683974,-14.05149521244,
    71.993222203643));
#6775 = CARTESIAN_POINT('',(-1.819156025969E-02,-14.07266724184,
    72.017880811724));
#6776 = CARTESIAN_POINT('',(1.430433114801,-14.02980056223,
    72.067851925969));
#6777 = CARTESIAN_POINT('',(2.163789148326,-13.96327661104,
    72.093164439502));
#6778 = CARTESIAN_POINT('',(2.892537902418,-13.85212315871,
    72.118446079167));
#6779 = CARTESIAN_POINT('',(3.613441178687,-13.69680836317,
    72.14369721114));
#6780 = CARTESIAN_POINT('',(4.323336728558,-13.49807846325,
    72.168918780995));
#6781 = CARTESIAN_POINT('',(5.019139121018,-13.25695362911,
    72.194111126433));
#6782 = CARTESIAN_POINT('',(6.396781173887,-12.68414524048,
    72.245184393181));
#6783 = CARTESIAN_POINT('',(7.077639415782,-12.34995517215,
    72.271065397041));
#6784 = CARTESIAN_POINT('',(7.737139357539,-11.97361472256,
    72.296914305617));
#6785 = CARTESIAN_POINT('',(8.372206682469,-11.55684438869,
    72.322731603198));
#6786 = CARTESIAN_POINT('',(8.9799549204,-11.10161979773,72.348518392655
    ));
#6787 = CARTESIAN_POINT('',(9.557684740778,-10.61016700151,
    72.374275058151));
#6788 = CARTESIAN_POINT('',(10.102902804797,-10.08498784911,72.4));
#6789 = ORIENTED_EDGE('',*,*,#6790,.T.);
#6790 = EDGE_CURVE('',#6700,#6791,#6793,.T.);
#6791 = VERTEX_POINT('',#6792);
#6792 = CARTESIAN_POINT('',(-4.782443088015,11.846048417506,69.8));
#6793 = CIRCLE('',#6794,12.775);
#6794 = AXIS2_PLACEMENT_3D('',#6795,#6796,#6797);
#6795 = CARTESIAN_POINT('',(0.,0.,69.8));
#6796 = DIRECTION('',(0.,0.,1.));
#6797 = DIRECTION('',(1.,0.,-0.));
#6798 = ORIENTED_EDGE('',*,*,#6799,.F.);
#6799 = EDGE_CURVE('',#6561,#6791,#6800,.T.);
#6800 = B_SPLINE_CURVE_WITH_KNOTS('',8,(#6801,#6802,#6803,#6804,#6805,
    #6806,#6807,#6808,#6809,#6810,#6811,#6812,#6813,#6814,#6815,#6816,
    #6817,#6818,#6819,#6820,#6821,#6822,#6823,#6824,#6825,#6826,#6827,
    #6828,#6829,#6830,#6831,#6832,#6833,#6834,#6835,#6836,#6837,#6838,
    #6839,#6840,#6841,#6842,#6843,#6844,#6845,#6846,#6847,#6848,#6849,
    #6850,#6851,#6852,#6853,#6854,#6855,#6856,#6857,#6858),
  .UNSPECIFIED.,.F.,.F.,(9,7,7,7,7,7,7,7,9),(0.,0.136139112729,
    0.2696793232,0.399690991525,0.526291740023,0.649521801021,
    0.769437608035,0.886089032715,1.),.UNSPECIFIED.);
#6801 = CARTESIAN_POINT('',(13.738045448287,1.7763568394E-15,
    71.469278777031));
#6802 = CARTESIAN_POINT('',(13.72222468143,-0.976924409678,
    71.441856114478));
#6803 = CARTESIAN_POINT('',(13.626985873051,-1.952731012915,
    71.414392910771));
#6804 = CARTESIAN_POINT('',(13.452288105254,-2.919612279335,
    71.386896249967));
#6805 = CARTESIAN_POINT('',(13.199057402517,-3.869999208126,
    71.359366702108));
#6806 = CARTESIAN_POINT('',(12.869037508016,-4.796525526877,
    71.331801388358));
#6807 = CARTESIAN_POINT('',(12.464744283069,-5.692024772517,
    71.304197204013));
#6808 = CARTESIAN_POINT('',(11.989523729702,-6.549560254363,
    71.276554199361));
#6809 = CARTESIAN_POINT('',(10.916246723904,-8.159896716027,
    71.221732356091));
#6810 = CARTESIAN_POINT('',(10.320520839742,-8.914666540063,
    71.194545318481));
#6811 = CARTESIAN_POINT('',(9.664560588629,-9.620469574109,
    71.167324588455));
#6812 = CARTESIAN_POINT('',(8.953041721072,-10.27166280322,
    71.140070607253));
#6813 = CARTESIAN_POINT('',(8.191191993512,-10.86318500521,
    71.112780701607));
#6814 = CARTESIAN_POINT('',(7.384756954646,-11.39053168798,
    71.085452169154));
#6815 = CARTESIAN_POINT('',(6.540030657848,-11.84980795369,
    71.058085422133));
#6816 = CARTESIAN_POINT('',(4.811020646572,-12.61565711907,
    71.00401290201));
#6817 = CARTESIAN_POINT('',(3.928087959609,-12.92607036533,
    70.977300054392));
#6818 = CARTESIAN_POINT('',(3.021527068908,-13.16611245208,
    70.950554935955));
#6819 = CARTESIAN_POINT('',(2.097883546641,-13.33364791179,
    70.923778225089));
#6820 = CARTESIAN_POINT('',(1.163848785149,-13.42726763546,
    70.896967514863));
#6821 = CARTESIAN_POINT('',(0.226246128402,-13.44625390021,
    70.870120049025));
#6822 = CARTESIAN_POINT('',(-0.707970943159,-13.39063517507,
    70.843235668294));
#6823 = CARTESIAN_POINT('',(-2.531211496281,-13.13541860072,
    70.790110412185));
#6824 = CARTESIAN_POINT('',(-3.421056735064,-12.93959777686,
    70.7638629484));
#6825 = CARTESIAN_POINT('',(-4.294681241717,-12.67464476984,
    70.737584245277));
#6826 = CARTESIAN_POINT('',(-5.145794500554,-12.34209043626,
    70.711270455526));
#6827 = CARTESIAN_POINT('',(-5.968345729416,-11.94409933134,
    70.684925957753));
#6828 = CARTESIAN_POINT('',(-6.756514435095,-11.48345685975,
    70.658541065584));
#6829 = CARTESIAN_POINT('',(-7.504737972314,-10.96359147645,
    70.632123039242));
#6830 = CARTESIAN_POINT('',(-8.892089189399,-9.829117725433,
    70.579933009621));
#6831 = CARTESIAN_POINT('',(-9.533789185978,-9.217237913621,
    70.55415484074));
#6832 = CARTESIAN_POINT('',(-10.12799183676,-8.556884070487,
    70.528344877155));
#6833 = CARTESIAN_POINT('',(-10.6703882211,-7.852337762472,
    70.502503007325));
#6834 = CARTESIAN_POINT('',(-11.15716262354,-7.108276260282,
    70.476627326065));
#6835 = CARTESIAN_POINT('',(-11.58497302389,-6.329750131658,
    70.450716086716));
#6836 = CARTESIAN_POINT('',(-11.95099067375,-5.522202291808,
    70.424769857379));
#6837 = CARTESIAN_POINT('',(-12.54688438351,-3.883195577765,
    70.373516525069));
#6838 = CARTESIAN_POINT('',(-12.78023653918,-3.052746303769,
    70.34820430967));
#6839 = CARTESIAN_POINT('',(-12.95095769691,-2.205596253381,
    70.322862160284));
#6840 = CARTESIAN_POINT('',(-13.0576149224,-1.347258191132,
    70.297490522408));
#6841 = CARTESIAN_POINT('',(-13.09935145227,-0.483328646145,
    70.272087434028));
#6842 = CARTESIAN_POINT('',(-13.07586209553,0.380520393884,
    70.246650714215));
#6843 = CARTESIAN_POINT('',(-12.98743246108,1.238544658641,
    70.22118026807));
#6844 = CARTESIAN_POINT('',(-12.68679997782,2.908266198796,
    70.170874909709));
#6845 = CARTESIAN_POINT('',(-12.47799520804,3.720794432478,
    70.146035474254));
#6846 = CARTESIAN_POINT('',(-12.20947965148,4.517142752898,
    70.121166305509));
#6847 = CARTESIAN_POINT('',(-11.88267699561,5.292169804366,
    70.096267605332));
#6848 = CARTESIAN_POINT('',(-11.49950891954,6.040931738191,
    70.071337587572));
#6849 = CARTESIAN_POINT('',(-11.06237267419,6.758677758047,
    70.046374439876));
#6850 = CARTESIAN_POINT('',(-10.57416998872,7.440869937263,
    70.021378333322));
#6851 = CARTESIAN_POINT('',(-9.515191602072,8.710493967181,
    69.971916527883));
#6852 = CARTESIAN_POINT('',(-8.946502921752,9.299922351227,
    69.94744653661));
#6853 = CARTESIAN_POINT('',(-8.335534398699,9.847494349034,69.9229475063
    ));
#6854 = CARTESIAN_POINT('',(-7.685859122519,10.349636124187,
    69.898419788476));
#6855 = CARTESIAN_POINT('',(-7.00136477195,10.803162722911,
    69.87386180416));
#6856 = CARTESIAN_POINT('',(-6.286237994885,11.205264699448,
    69.849271848251));
#6857 = CARTESIAN_POINT('',(-5.544978532572,11.553536758897,
    69.824649980059));
#6858 = CARTESIAN_POINT('',(-4.782443088015,11.846048417506,69.8));
#6859 = ORIENTED_EDGE('',*,*,#6558,.F.);
#6860 = CONICAL_SURFACE('',#6861,12.775,0.523278322132);
#6861 = AXIS2_PLACEMENT_3D('',#6862,#6863,#6864);
#6862 = CARTESIAN_POINT('',(0.,0.,69.8));
#6863 = DIRECTION('',(0.,0.,1.));
#6864 = DIRECTION('',(1.,0.,-0.));
#6865 = ADVANCED_FACE('',(#6866),#7107,.T.);
#6866 = FACE_BOUND('',#6867,.T.);
#6867 = EDGE_LOOP('',(#6868,#6869,#6912,#6919,#7017,#7106));
#6868 = ORIENTED_EDGE('',*,*,#6641,.F.);
#6869 = ORIENTED_EDGE('',*,*,#6870,.T.);
#6870 = EDGE_CURVE('',#6593,#6871,#6873,.T.);
#6871 = VERTEX_POINT('',#6872);
#6872 = CARTESIAN_POINT('',(14.340000981698,1.003297293956E-07,
    65.949997100209));
#6873 = B_SPLINE_CURVE_WITH_KNOTS('',10,(#6874,#6875,#6876,#6877,#6878,
    #6879,#6880,#6881,#6882,#6883,#6884,#6885,#6886,#6887,#6888,#6889,
    #6890,#6891,#6892,#6893,#6894,#6895,#6896,#6897,#6898,#6899,#6900,
    #6901,#6902,#6903,#6904,#6905,#6906,#6907,#6908,#6909,#6910,#6911),
  .UNSPECIFIED.,.F.,.F.,(11,9,9,9,11),(0.,5.65146194117,11.302923882341,
    16.954385823511,22.605847764682),.UNSPECIFIED.);
#6874 = CARTESIAN_POINT('',(-4.90456885529,13.47519218207,74.875));
#6875 = CARTESIAN_POINT('',(2.092201985959,16.02181255536,
    74.651863669448));
#6876 = CARTESIAN_POINT('',(10.558847675175,14.532647497968,
    74.428778263886));
#6877 = CARTESIAN_POINT('',(17.8705255909,8.046267730718,74.205574279232
    ));
#6878 = CARTESIAN_POINT('',(20.718722354568,-2.411638103239,
    73.982541368052));
#6879 = CARTESIAN_POINT('',(16.704336006756,-13.40661777695,
    73.759369113537));
#6880 = CARTESIAN_POINT('',(6.838786256383,-19.70565176554,
    73.536214043565));
#6881 = CARTESIAN_POINT('',(-3.987615621064,-19.18844771534,
    73.313166015095));
#6882 = CARTESIAN_POINT('',(-11.90283112491,-13.45400132756,
    73.089973654459));
#6883 = CARTESIAN_POINT('',(-15.18919060568,-5.510364339965,
    72.866880539193));
#6884 = CARTESIAN_POINT('',(-13.2454489961,9.253855544476,
    72.420616511516));
#6885 = CARTESIAN_POINT('',(-8.015083933448,16.076242119719,
    72.197523921108));
#6886 = CARTESIAN_POINT('',(1.114565549345,19.566702738846,
    71.974329661644));
#6887 = CARTESIAN_POINT('',(11.705988630309,17.26416064987,
    71.751285911069));
#6888 = CARTESIAN_POINT('',(19.605020685788,8.626439814519,
    71.52812362721));
#6889 = CARTESIAN_POINT('',(20.636925668042,-3.032979868557,
    71.304961044706));
#6890 = CARTESIAN_POINT('',(15.179085522207,-12.39729738325,
    71.081917556816));
#6891 = CARTESIAN_POINT('',(6.437728977194,-16.77030660651,
    70.858723095407));
#6892 = CARTESIAN_POINT('',(-2.125834801535,-16.01737970726,
    70.635630638914));
#6893 = CARTESIAN_POINT('',(-14.32433783775,-7.475901784877,
    70.189366461298));
#6894 = CARTESIAN_POINT('',(-17.9607547869,0.313716226436,
    69.966274004784));
#6895 = CARTESIAN_POINT('',(-16.84122822361,10.02352957294,
    69.743079543447));
#6896 = CARTESIAN_POINT('',(-9.908273492221,18.355040965012,
    69.520036055413));
#6897 = CARTESIAN_POINT('',(1.40084554771,21.373112357059,
    69.296873473109));
#6898 = CARTESIAN_POINT('',(12.219357793947,16.904702379829,
    69.073711189052));
#6899 = CARTESIAN_POINT('',(18.005458793868,7.739578424163,
    68.850667438615));
#6900 = CARTESIAN_POINT('',(17.848056041086,-2.033330477468,
    68.627473179086));
#6901 = CARTESIAN_POINT('',(13.225988063943,-9.281641364564,
    68.404380588695));
#6902 = CARTESIAN_POINT('',(1.69627053108E-02,-16.15783012495,
    67.958116561019));
#6903 = CARTESIAN_POINT('',(-8.571623116487,-15.78652601911,
    67.735023445734));
#6904 = CARTESIAN_POINT('',(-16.66739362171,-10.31000104369,
    67.511831085164));
#6905 = CARTESIAN_POINT('',(-20.85625069907,-0.313331125993,
    67.288783056558));
#6906 = CARTESIAN_POINT('',(-18.31134525378,11.111570034995,
    67.065627986781));
#6907 = CARTESIAN_POINT('',(-9.352380760211,18.644425779341,
    66.842455732062));
#6908 = CARTESIAN_POINT('',(1.448903881122,19.544776452482,
    66.619422821038));
#6909 = CARTESIAN_POINT('',(10.044902772508,14.892531659206,
    66.396218836297));
#6910 = CARTESIAN_POINT('',(14.339997114919,7.445809579927,
    66.17313343077));
#6911 = CARTESIAN_POINT('',(14.340000981698,1.00329721402E-07,
    65.949997100209));
#6912 = ORIENTED_EDGE('',*,*,#6913,.F.);
#6913 = EDGE_CURVE('',#6914,#6871,#6916,.T.);
#6914 = VERTEX_POINT('',#6915);
#6915 = CARTESIAN_POINT('',(12.775,9.275278388653E-09,66.260114958556));
#6916 = B_SPLINE_CURVE_WITH_KNOTS('',1,(#6917,#6918),.UNSPECIFIED.,.F.,
  .F.,(2,2),(0.,2.212193481592),.PIECEWISE_BEZIER_KNOTS.);
#6917 = CARTESIAN_POINT('',(12.170001631133,-1.306364346538E-08,
    66.380000377576));
#6918 = CARTESIAN_POINT('',(14.340000981698,1.00329721402E-07,
    65.949997100209));
#6919 = ORIENTED_EDGE('',*,*,#6920,.F.);
#6920 = EDGE_CURVE('',#6921,#6914,#6923,.T.);
#6921 = VERTEX_POINT('',#6922);
#6922 = CARTESIAN_POINT('',(12.775,-3.128972571821E-15,68.960114041507)
  );
#6923 = B_SPLINE_CURVE_WITH_KNOTS('',8,(#6924,#6925,#6926,#6927,#6928,
    #6929,#6930,#6931,#6932,#6933,#6934,#6935,#6936,#6937,#6938,#6939,
    #6940,#6941,#6942,#6943,#6944,#6945,#6946,#6947,#6948,#6949,#6950,
    #6951,#6952,#6953,#6954,#6955,#6956,#6957,#6958,#6959,#6960,#6961,
    #6962,#6963,#6964,#6965,#6966,#6967,#6968,#6969,#6970,#6971,#6972,
    #6973,#6974,#6975,#6976,#6977,#6978,#6979,#6980,#6981,#6982,#6983,
    #6984,#6985,#6986,#6987,#6988,#6989,#6990,#6991,#6992,#6993,#6994,
    #6995,#6996,#6997,#6998,#6999,#7000,#7001,#7002,#7003,#7004,#7005,
    #7006,#7007,#7008,#7009,#7010,#7011,#7012,#7013,#7014,#7015,#7016),
  .UNSPECIFIED.,.F.,.F.,(9,7,7,7,7,7,7,7,7,7,7,7,7,9),(0.,
    5.004093246343E-02,0.135584868992,0.17816058509,0.222919066404,
    0.30698436554,0.40773147411,0.514281078077,0.591566113518,
    0.670167994012,0.766027348644,0.864863736436,0.953940814665,1.),
  .UNSPECIFIED.);
#6924 = CARTESIAN_POINT('',(12.775,3.552713678801E-15,68.960114041507));
#6925 = CARTESIAN_POINT('',(12.775,-0.502053470641,68.943225654008));
#6926 = CARTESIAN_POINT('',(12.752450804676,-1.004117228473,
    68.926336951246));
#6927 = CARTESIAN_POINT('',(12.707350818903,-1.504996703524,
    68.909448399001));
#6928 = CARTESIAN_POINT('',(12.639775926581,-2.003508923044,
    68.892560090363));
#6929 = CARTESIAN_POINT('',(12.54987514521,-2.49848208718,
    68.875671928172));
#6930 = CARTESIAN_POINT('',(12.437869198002,-2.98875559669,
    68.858783810192));
#6931 = CARTESIAN_POINT('',(12.304052003532,-3.473180532673,
    68.841895816995));
#6932 = CARTESIAN_POINT('',(11.883386596158,-4.766794464556,
    68.796139717768));
#6933 = CARTESIAN_POINT('',(11.555274994542,-5.562707228442,
    68.767267455578));
#6934 = CARTESIAN_POINT('',(11.166312907329,-6.332561101973,
    68.738397446472));
#6935 = CARTESIAN_POINT('',(10.718969273057,-7.070948014607,
    68.709529945652));
#6936 = CARTESIAN_POINT('',(10.216237104156,-7.772797026141,
    68.680662322581));
#6937 = CARTESIAN_POINT('',(9.661600173679,-8.433360754377,
    68.651791876333));
#6938 = CARTESIAN_POINT('',(9.05905862418,-9.048240807619,
    68.622918776816));
#6939 = CARTESIAN_POINT('',(8.091772613272,-9.894761239218,
    68.579680541149));
#6940 = CARTESIAN_POINT('',(7.759580539156,-10.16378824261,
    68.565311726823));
#6941 = CARTESIAN_POINT('',(7.417187477289,-10.42005139021,
    68.550942843495));
#6942 = CARTESIAN_POINT('',(7.065166524398,-10.66310153533,
    68.536573926684));
#6943 = CARTESIAN_POINT('',(6.704112914471,-10.89252108501,
    68.522204982724));
#6944 = CARTESIAN_POINT('',(6.334643822752,-11.10792382735,
    68.507836084385));
#6945 = CARTESIAN_POINT('',(5.957398732313,-11.30895572792,
    68.493467472204));
#6946 = CARTESIAN_POINT('',(5.168976768765,-11.69119096226,
    68.463995244085));
#6947 = CARTESIAN_POINT('',(4.757036322936,-11.87085685598,
    68.448890990842));
#6948 = CARTESIAN_POINT('',(4.337987550359,-12.03392051474,
    68.433786907033));
#6949 = CARTESIAN_POINT('',(3.912613944224,-12.18005590543,
    68.418682850419));
#6950 = CARTESIAN_POINT('',(3.481713071457,-12.30898248589,
    68.403578630301));
#6951 = CARTESIAN_POINT('',(3.046096154291,-12.42046430802,
    68.388474102257));
#6952 = CARTESIAN_POINT('',(2.606588128202,-12.51431056147,
    68.37336925856));
#6953 = CARTESIAN_POINT('',(1.332812870058,-12.73324645407,
    68.329894235066));
#6954 = CARTESIAN_POINT('',(0.490700705648,-12.81341901299,
    68.301519401573));
#6955 = CARTESIAN_POINT('',(-0.356623222039,-12.82988760496,
    68.273145451707));
#6956 = CARTESIAN_POINT('',(-1.203524979866,-12.78232206328,
    68.244773371017));
#6957 = CARTESIAN_POINT('',(-2.044420361429,-12.67097233299,
    68.216401584985));
#6958 = CARTESIAN_POINT('',(-2.873778234126,-12.49663535,68.188028257389
    ));
#6959 = CARTESIAN_POINT('',(-3.686128668406,-12.26068615067,
    68.15965379471));
#6960 = CARTESIAN_POINT('',(-5.422779128685,-11.61101906721,
    68.097283565072));
#6961 = CARTESIAN_POINT('',(-6.337716161878,-11.17116216578,
    68.063274971961));
#6962 = CARTESIAN_POINT('',(-7.211438317063,-10.64904968159,
    68.029271650304));
#6963 = CARTESIAN_POINT('',(-8.035372861552,-10.04930743277,
    67.995272723522));
#6964 = CARTESIAN_POINT('',(-8.801683203583,-9.377498343293,
    67.961273587001));
#6965 = CARTESIAN_POINT('',(-9.503219214152,-8.640042960173,
    67.927269784481));
#6966 = CARTESIAN_POINT('',(-10.13358229925,-7.844285129054,
    67.893260791583));
#6967 = CARTESIAN_POINT('',(-11.27297039074,-6.104384734857,
    67.823302505707));
#6968 = CARTESIAN_POINT('',(-11.77328611889,-5.153772137246,
    67.78733160029));
#6969 = CARTESIAN_POINT('',(-12.18162186426,-4.156788870697,
    67.751366782709));
#6970 = CARTESIAN_POINT('',(-12.49315504594,-3.1239041742,
    67.715407253263));
#6971 = CARTESIAN_POINT('',(-12.70443447021,-2.065950714426,
    67.679447884405));
#6972 = CARTESIAN_POINT('',(-12.81340686616,-0.994110056318,
    67.64348338352));
#6973 = CARTESIAN_POINT('',(-12.81939767685,8.011195323847E-02,
    67.607512640667));
#6974 = CARTESIAN_POINT('',(-12.65411704499,1.917074208445,
    67.545472378428));
#6975 = CARTESIAN_POINT('',(-12.53105603639,2.684594712047,
    67.519388007216));
#6976 = CARTESIAN_POINT('',(-12.35480170417,3.442923448801,
    67.493304739744));
#6977 = CARTESIAN_POINT('',(-12.12618747166,4.187762873019,
    67.467222756121));
#6978 = CARTESIAN_POINT('',(-11.84644120512,4.914946666297,
    67.441140630541));
#6979 = CARTESIAN_POINT('',(-11.51716642535,5.620436976385,
    67.415056991469));
#6980 = CARTESIAN_POINT('',(-11.14036086093,6.300333937154,
    67.388972200952));
#6981 = CARTESIAN_POINT('',(-10.28939534652,7.61254583076,
    67.336363496382));
#6982 = CARTESIAN_POINT('',(-9.813594334315,8.243994013361,
    67.309834083915));
#6983 = CARTESIAN_POINT('',(-9.293610892382,8.841286429566,
    67.283305776987));
#6984 = CARTESIAN_POINT('',(-8.732339716435,9.400836675781,
    67.256778967002));
#6985 = CARTESIAN_POINT('',(-8.132981492524,9.919382711405,
    67.230252250229));
#6986 = CARTESIAN_POINT('',(-7.499025093754,10.393973561308,
    67.203724201579));
#6987 = CARTESIAN_POINT('',(-6.834259092959,10.82198754208,
    67.177195147381));
#6988 = CARTESIAN_POINT('',(-5.299555216508,11.663630708501,
    67.118318751898));
#6989 = CARTESIAN_POINT('',(-4.416320229259,12.053630734674,
    67.085961687852));
#6990 = CARTESIAN_POINT('',(-3.500647295841,12.366978291948,
    67.053608025452));
#6991 = CARTESIAN_POINT('',(-2.56034099155,12.600625419676,
    67.021258477943));
#6992 = CARTESIAN_POINT('',(-1.603415115913,12.752479894557,
    66.988908938148));
#6993 = CARTESIAN_POINT('',(-0.638064510152,12.821340485052,
    66.956555257618));
#6994 = CARTESIAN_POINT('',(0.327335623061,12.806967560821,
    66.924198058167));
#6995 = CARTESIAN_POINT('',(2.270786892084,12.610608080743,
    66.858492408342));
#6996 = CARTESIAN_POINT('',(3.248778557791,12.423381418916,
    66.825128548769));
#6997 = CARTESIAN_POINT('',(4.208733551264,12.149490480432,
    66.791767888146));
#6998 = CARTESIAN_POINT('',(5.141715227827,11.791070630389,
    66.758411428873));
#6999 = CARTESIAN_POINT('',(6.039212017492,11.351276385128,
    66.725054829652));
#7000 = CARTESIAN_POINT('',(6.893120757726,10.834198385018,
    66.691693862196));
#7001 = CARTESIAN_POINT('',(7.695795983007,10.244932145168,
    66.658329779652));
#7002 = CARTESIAN_POINT('',(9.111033804558,8.999354267211,
    66.594912973632));
#7003 = CARTESIAN_POINT('',(9.734808170625,8.355174881057,
    66.564846934192));
#7004 = CARTESIAN_POINT('',(10.306291091925,7.66178177394,
    66.534783640981));
#7005 = CARTESIAN_POINT('',(10.821004258416,6.924179489787,
    66.504723557601));
#7006 = CARTESIAN_POINT('',(11.275079925552,6.147774330974,
    66.474663595285));
#7007 = CARTESIAN_POINT('',(11.665228302396,5.338342773359,
    66.444600485863));
#7008 = CARTESIAN_POINT('',(11.988780629769,4.502049733475,
    66.414534381094));
#7009 = CARTESIAN_POINT('',(12.375675211816,3.202628179712,
    66.368928639822));
#7010 = CARTESIAN_POINT('',(12.489236917865,2.754276765032,
    66.353383995365));
#7011 = CARTESIAN_POINT('',(12.584225173894,2.301356153095,
    66.337839136519));
#7012 = CARTESIAN_POINT('',(12.660428211369,1.844767646862,
    66.322294192691));
#7013 = CARTESIAN_POINT('',(12.717687399837,1.385419524751,
    66.306749181899));
#7014 = CARTESIAN_POINT('',(12.755896049059,0.92422671247,
    66.291204144936));
#7015 = CARTESIAN_POINT('',(12.774999999329,0.462110744976,
    66.275659262965));
#7016 = CARTESIAN_POINT('',(12.775,1.855045717036E-08,66.260114958556));
#7017 = ORIENTED_EDGE('',*,*,#7018,.F.);
#7018 = EDGE_CURVE('',#6791,#6921,#7019,.T.);
#7019 = B_SPLINE_CURVE_WITH_KNOTS('',8,(#7020,#7021,#7022,#7023,#7024,
    #7025,#7026,#7027,#7028,#7029,#7030,#7031,#7032,#7033,#7034,#7035,
    #7036,#7037,#7038,#7039,#7040,#7041,#7042,#7043,#7044,#7045,#7046,
    #7047,#7048,#7049,#7050,#7051,#7052,#7053,#7054,#7055,#7056,#7057,
    #7058,#7059,#7060,#7061,#7062,#7063,#7064,#7065,#7066,#7067,#7068,
    #7069,#7070,#7071,#7072,#7073,#7074,#7075,#7076,#7077,#7078,#7079,
    #7080,#7081,#7082,#7083,#7084,#7085,#7086,#7087,#7088,#7089,#7090,
    #7091,#7092,#7093,#7094,#7095,#7096,#7097,#7098,#7099,#7100,#7101,
    #7102,#7103,#7104,#7105),.UNSPECIFIED.,.F.,.F.,(9,7,7,7,7,7,7,7,7,7,
    7,7,9),(0.,0.114162526467,0.211095509466,0.301348610705,
    0.350479840065,0.409138226003,0.485168608959,0.580786797369,
    0.690576138578,0.765167136296,0.843723066578,0.93958348579,1.),
  .UNSPECIFIED.);
#7020 = CARTESIAN_POINT('',(12.775,3.552713678801E-15,71.660113557671));
#7021 = CARTESIAN_POINT('',(12.775,-1.145338571116,71.621587269918));
#7022 = CARTESIAN_POINT('',(12.657645678893,-2.291192074171,
    71.583043952422));
#7023 = CARTESIAN_POINT('',(12.422753110492,-3.422740453755,
    71.544510209749));
#7024 = CARTESIAN_POINT('',(12.072600184472,-4.525973704488,
    71.505984122795));
#7025 = CARTESIAN_POINT('',(11.61119329753,-5.587498182521,
    71.467458220929));
#7026 = CARTESIAN_POINT('',(11.044318536002,-6.594587625495,
    71.42892482528));
#7027 = CARTESIAN_POINT('',(10.379468748809,-7.535188028206,
    71.390381705527));
#7028 = CARTESIAN_POINT('',(8.987215918678,-9.131062427196,
    71.319143328156));
#7029 = CARTESIAN_POINT('',(8.284000525658,-9.808427432746,
    71.286423156131));
#7030 = CARTESIAN_POINT('',(7.522699905795,-10.42357355716,
    71.253706333526));
#7031 = CARTESIAN_POINT('',(6.709818635664,-10.97076664892,
    71.220992651176));
#7032 = CARTESIAN_POINT('',(5.852402209049,-11.44514236173,
    71.188278853209));
#7033 = CARTESIAN_POINT('',(4.957989169357,-11.8426462942,
    71.155561724267));
#7034 = CARTESIAN_POINT('',(4.034643014718,-12.16009943396,
    71.122841181205));
#7035 = CARTESIAN_POINT('',(2.212480689134,-12.61449312889,
    71.059671107707));
#7036 = CARTESIAN_POINT('',(1.316008693845,-12.76245320644,
    71.029208417993));
#7037 = CARTESIAN_POINT('',(0.408582193434,-12.83750700134,
    70.998748639848));
#7038 = CARTESIAN_POINT('',(-0.502865303392,-12.83879355209,
    70.968292302781));
#7039 = CARTESIAN_POINT('',(-1.411420567308,-12.76622206489,
    70.937836141218));
#7040 = CARTESIAN_POINT('',(-2.310198667159,-12.6204231561,
    70.907376687155));
#7041 = CARTESIAN_POINT('',(-3.192354190396,-12.4027974179,
    70.876914078799));
#7042 = CARTESIAN_POINT('',(-4.518570176081,-11.95935254977,
    70.82987561702));
#7043 = CARTESIAN_POINT('',(-4.979166199903,-11.78242512448,
    70.81329443453));
#7044 = CARTESIAN_POINT('',(-5.431807721069,-11.58523642909,
    70.796713000433));
#7045 = CARTESIAN_POINT('',(-5.875453332044,-11.36820900331,
    70.780131547918));
#7046 = CARTESIAN_POINT('',(-6.309094353457,-11.13182648701,
    70.763550098091));
#7047 = CARTESIAN_POINT('',(-6.731754188338,-10.87663191613,
    70.746968606801));
#7048 = CARTESIAN_POINT('',(-7.142488910492,-10.60322835603,
    70.73038724086));
#7049 = CARTESIAN_POINT('',(-8.01544705772,-9.964917246219,
    70.694011169492));
#7050 = CARTESIAN_POINT('',(-8.472234495096,-9.59252877361,
    70.67421567652));
#7051 = CARTESIAN_POINT('',(-8.909189107541,-9.196253932557,
    70.654420556465));
#7052 = CARTESIAN_POINT('',(-9.324857615976,-8.777334602157,
    70.63462551619));
#7053 = CARTESIAN_POINT('',(-9.717888131578,-8.337108536412,
    70.614830064057));
#7054 = CARTESIAN_POINT('',(-10.0870278873,-7.877006016173,
    70.595033856508));
#7055 = CARTESIAN_POINT('',(-10.4311263232,-7.398551679311,
    70.575237044846));
#7056 = CARTESIAN_POINT('',(-11.16134323553,-6.261541109587,
    70.529781382361));
#7057 = CARTESIAN_POINT('',(-11.52978129535,-5.591524715008,
    70.504119386205));
#7058 = CARTESIAN_POINT('',(-11.85215030068,-4.896886338112,
    70.478458153914));
#7059 = CARTESIAN_POINT('',(-12.12655947633,-4.181340719978,
    70.452798267376));
#7060 = CARTESIAN_POINT('',(-12.35148588359,-3.448732990306,
    70.427138724708));
#7061 = CARTESIAN_POINT('',(-12.52575888737,-2.7030297693,
    70.401478378207));
#7062 = CARTESIAN_POINT('',(-12.64857788291,-1.948321731138,
    70.37581745573));
#7063 = CARTESIAN_POINT('',(-12.80883674146,-0.233686659809,
    70.317890496964));
#7064 = CARTESIAN_POINT('',(-12.81615772317,0.729338895921,
    70.285615359048));
#7065 = CARTESIAN_POINT('',(-12.74066951265,1.691715897491,
    70.253343769944));
#7066 = CARTESIAN_POINT('',(-12.58266919211,2.645134215789,
    70.221076185463));
#7067 = CARTESIAN_POINT('',(-12.34340474776,3.581468973456,
    70.188808396952));
#7068 = CARTESIAN_POINT('',(-12.02500538346,4.492780725333,
    70.156536331021));
#7069 = CARTESIAN_POINT('',(-11.63054504116,5.371343579138,
    70.124260751111));
#7070 = CARTESIAN_POINT('',(-10.62882405827,7.172308252108,
    70.05494053985));
#7071 = CARTESIAN_POINT('',(-9.998349977116,8.082521996767,
    70.01787469779));
#7072 = CARTESIAN_POINT('',(-9.279069400455,8.928804608631,
    69.980816020946));
#7073 = CARTESIAN_POINT('',(-8.478728985639,9.701198761458,
    69.943763394033));
#7074 = CARTESIAN_POINT('',(-7.606137533054,10.390927110484,
    69.906710913065));
#7075 = CARTESIAN_POINT('',(-6.67117195595,10.990435601473,
    69.869652494832));
#7076 = CARTESIAN_POINT('',(-5.684734298686,11.493376022552,
    69.832586662954));
#7077 = CARTESIAN_POINT('',(-3.962308995212,12.168022080033,
    69.770362984268));
#7078 = CARTESIAN_POINT('',(-3.247173038427,12.394322659033,
    69.74518843147));
#7079 = CARTESIAN_POINT('',(-2.517431571912,12.572522524137,
    69.720014819312));
#7080 = CARTESIAN_POINT('',(-1.776871295473,12.701551945364,
    69.694842322964));
#7081 = CARTESIAN_POINT('',(-1.029332299246,12.780698836497,
    69.669669757696));
#7082 = CARTESIAN_POINT('',(-0.278703012424,12.80959380664,
    69.64449596687));
#7083 = CARTESIAN_POINT('',(0.47108051926,12.788226370159,
    69.619321205694));
#7084 = CARTESIAN_POINT('',(2.00057985979,12.641971767792,
    69.567637765463));
#7085 = CARTESIAN_POINT('',(2.779922735277,12.511627500448,
    69.541124161742));
#7086 = CARTESIAN_POINT('',(3.549385912218,12.326386599425,
    69.514611659993));
#7087 = CARTESIAN_POINT('',(4.304459602995,12.087158648218,
    69.488100650753));
#7088 = CARTESIAN_POINT('',(5.040780037208,11.795273449122,
    69.461589734538));
#7089 = CARTESIAN_POINT('',(5.754125896805,11.452459166975,
    69.435077490605));
#7090 = CARTESIAN_POINT('',(6.440429123042,11.06086089492,
    69.408564244596));
#7091 = CARTESIAN_POINT('',(7.895537758844,10.088907289626,
    69.349703648876));
#7092 = CARTESIAN_POINT('',(8.649493909877,9.485786913235,
    69.317346583868));
#7093 = CARTESIAN_POINT('',(9.350456813292,8.818482916734,
    69.284992920673));
#7094 = CARTESIAN_POINT('',(9.992117412038,8.092508671067,
    69.252643372804));
#7095 = CARTESIAN_POINT('',(10.568917592606,7.314004677518,
    69.220293833269));
#7096 = CARTESIAN_POINT('',(11.076005785474,6.489683659366,
    69.187940153634));
#7097 = CARTESIAN_POINT('',(11.509299900503,5.626862582082,
    69.155582955536));
#7098 = CARTESIAN_POINT('',(12.090253838705,4.170586744875,
    69.102843420363));
#7099 = CARTESIAN_POINT('',(12.284329313041,3.595392963048,
    69.082453490387));
#7100 = CARTESIAN_POINT('',(12.447098150549,3.009959441127,
    69.062063706085));
#7101 = CARTESIAN_POINT('',(12.577940798706,2.416279199103,
    69.041674147194));
#7102 = CARTESIAN_POINT('',(12.676391028958,1.816375823668,
    69.021284440436));
#7103 = CARTESIAN_POINT('',(12.742131803179,1.212301891587,
    69.000894243697));
#7104 = CARTESIAN_POINT('',(12.774999999855,0.606139085195,
    68.980503725746));
#7105 = CARTESIAN_POINT('',(12.775,-7.105427357601E-15,68.960114041507)
  );
#7106 = ORIENTED_EDGE('',*,*,#6799,.F.);
#7107 = B_SPLINE_SURFACE_WITH_KNOTS('',1,10,(
    (#7108,#7109,#7110,#7111,#7112,#7113,#7114,#7115,#7116,#7117,#7118
      ,#7119,#7120,#7121,#7122,#7123,#7124,#7125,#7126,#7127,#7128,#7129
      ,#7130,#7131,#7132,#7133,#7134,#7135,#7136,#7137,#7138,#7139,#7140
      ,#7141,#7142,#7143,#7144,#7145)
    ,(#7146,#7147,#7148,#7149,#7150,#7151,#7152,#7153,#7154,#7155,#7156
      ,#7157,#7158,#7159,#7160,#7161,#7162,#7163,#7164,#7165,#7166,#7167
      ,#7168,#7169,#7170,#7171,#7172,#7173,#7174,#7175,#7176,#7177,#7178
      ,#7179,#7180,#7181,#7182,#7183
    )),.UNSPECIFIED.,.F.,.F.,.F.,(2,2),(11,9,9,9,11),(0.,2.212193481592)
  ,(0.,5.65146194117,11.302923882341,16.954385823511,22.605847764682),
  .UNSPECIFIED.);
#7108 = CARTESIAN_POINT('',(-4.162385144273,11.436059194965,75.305));
#7109 = CARTESIAN_POINT('',(1.775623720445,13.597324411127,
    75.081876475332));
#7110 = CARTESIAN_POINT('',(8.960924879768,12.333469010818,
    74.858746319799));
#7111 = CARTESIAN_POINT('',(15.166501972276,6.828671483903,
    74.635631604295));
#7112 = CARTESIAN_POINT('',(17.583143751577,-2.04660941213,
    74.412494613468));
#7113 = CARTESIAN_POINT('',(14.176849365505,-11.37807576287,
    74.189375766565));
#7114 = CARTESIAN_POINT('',(5.803720687105,-16.72341921881,
    73.966254681728));
#7115 = CARTESIAN_POINT('',(-3.384116799884,-16.28497970964,
    73.743119659559));
#7116 = CARTESIAN_POINT('',(-10.10164814393,-11.41796639056,
    73.520003430381));
#7117 = CARTESIAN_POINT('',(-12.89068887117,-4.676535247013,
    73.296874278755));
#7118 = CARTESIAN_POINT('',(-11.24108068925,7.853542969648,
    72.850626105269));
#7119 = CARTESIAN_POINT('',(-6.80222839342,13.643399956141,
    72.627496885268));
#7120 = CARTESIAN_POINT('',(0.94600865345,16.605980766505,
    72.404380903456));
#7121 = CARTESIAN_POINT('',(9.934353940028,14.651420308469,
    72.181245324017));
#7122 = CARTESIAN_POINT('',(16.638619497078,7.321207950654,
    71.958125178843));
#7123 = CARTESIAN_POINT('',(17.513712333473,-2.574052303338,
    71.735005072208));
#7124 = CARTESIAN_POINT('',(12.882343033883,-10.52131516623,
    71.511869458812));
#7125 = CARTESIAN_POINT('',(5.46343755101,-14.23250144486,
    71.288753503176));
#7126 = CARTESIAN_POINT('',(-1.804120229721,-13.59356434774,
    71.065624265771));
#7127 = CARTESIAN_POINT('',(-12.15673113839,-6.344597769445,
    70.619376111808));
#7128 = CARTESIAN_POINT('',(-15.24276305425,0.266170729831,
    70.396246874373));
#7129 = CARTESIAN_POINT('',(-14.29286668788,8.506908520262,
    70.173130918848));
#7130 = CARTESIAN_POINT('',(-8.408794356731,15.577152568988,
    69.949995305219));
#7131 = CARTESIAN_POINT('',(1.188868714942,18.139193365814,
    69.726875198913));
#7132 = CARTESIAN_POINT('',(10.370144637292,14.346287485142,
    69.503755053407));
#7133 = CARTESIAN_POINT('',(15.280924599446,6.568575141001,
    69.280619474207));
#7134 = CARTESIAN_POINT('',(15.147117641479,-1.725709510605,
    69.057503492278));
#7135 = CARTESIAN_POINT('',(11.224588849856,-7.877083675111,
    68.83437427231));
#7136 = CARTESIAN_POINT('',(1.437315442759E-02,-13.71276143616,
    68.388126098823));
#7137 = CARTESIAN_POINT('',(-7.274420713125,-13.39759199831,
    68.164996947166));
#7138 = CARTESIAN_POINT('',(-14.14543224333,-8.749874357701,
    67.941880718103));
#7139 = CARTESIAN_POINT('',(-17.6998505439,-0.26596312952,
    67.718745695696));
#7140 = CARTESIAN_POINT('',(-15.54070505199,9.430286868554,
    67.495624611195));
#7141 = CARTESIAN_POINT('',(-7.936909472291,15.822808916894,
    67.272505763953));
#7142 = CARTESIAN_POINT('',(1.229545437578,16.587376191407,
    67.049368773373));
#7143 = CARTESIAN_POINT('',(8.524886014264,12.638813410819,
    66.826254057741));
#7144 = CARTESIAN_POINT('',(12.169995306733,6.319099480625,
    66.603123902252));
#7145 = CARTESIAN_POINT('',(12.170001631133,-1.306364346538E-08,
    66.380000377576));
#7146 = CARTESIAN_POINT('',(-4.90456885529,13.47519218207,74.875));
#7147 = CARTESIAN_POINT('',(2.092201985959,16.02181255536,
    74.651863669448));
#7148 = CARTESIAN_POINT('',(10.558847675175,14.532647497968,
    74.428778263886));
#7149 = CARTESIAN_POINT('',(17.8705255909,8.046267730718,74.205574279232
    ));
#7150 = CARTESIAN_POINT('',(20.718722354568,-2.411638103239,
    73.982541368052));
#7151 = CARTESIAN_POINT('',(16.704336006756,-13.40661777695,
    73.759369113537));
#7152 = CARTESIAN_POINT('',(6.838786256383,-19.70565176554,
    73.536214043565));
#7153 = CARTESIAN_POINT('',(-3.987615621064,-19.18844771534,
    73.313166015095));
#7154 = CARTESIAN_POINT('',(-11.90283112491,-13.45400132756,
    73.089973654459));
#7155 = CARTESIAN_POINT('',(-15.18919060568,-5.510364339965,
    72.866880539193));
#7156 = CARTESIAN_POINT('',(-13.2454489961,9.253855544476,
    72.420616511516));
#7157 = CARTESIAN_POINT('',(-8.015083933448,16.076242119719,
    72.197523921108));
#7158 = CARTESIAN_POINT('',(1.114565549345,19.566702738846,
    71.974329661644));
#7159 = CARTESIAN_POINT('',(11.705988630309,17.26416064987,
    71.751285911069));
#7160 = CARTESIAN_POINT('',(19.605020685788,8.626439814519,
    71.52812362721));
#7161 = CARTESIAN_POINT('',(20.636925668042,-3.032979868557,
    71.304961044706));
#7162 = CARTESIAN_POINT('',(15.179085522207,-12.39729738325,
    71.081917556816));
#7163 = CARTESIAN_POINT('',(6.437728977194,-16.77030660651,
    70.858723095407));
#7164 = CARTESIAN_POINT('',(-2.125834801535,-16.01737970726,
    70.635630638914));
#7165 = CARTESIAN_POINT('',(-14.32433783775,-7.475901784877,
    70.189366461298));
#7166 = CARTESIAN_POINT('',(-17.9607547869,0.313716226436,
    69.966274004784));
#7167 = CARTESIAN_POINT('',(-16.84122822361,10.02352957294,
    69.743079543447));
#7168 = CARTESIAN_POINT('',(-9.908273492221,18.355040965012,
    69.520036055413));
#7169 = CARTESIAN_POINT('',(1.40084554771,21.373112357059,
    69.296873473109));
#7170 = CARTESIAN_POINT('',(12.219357793947,16.904702379829,
    69.073711189052));
#7171 = CARTESIAN_POINT('',(18.005458793868,7.739578424163,
    68.850667438615));
#7172 = CARTESIAN_POINT('',(17.848056041086,-2.033330477468,
    68.627473179086));
#7173 = CARTESIAN_POINT('',(13.225988063943,-9.281641364564,
    68.404380588695));
#7174 = CARTESIAN_POINT('',(1.69627053108E-02,-16.15783012495,
    67.958116561019));
#7175 = CARTESIAN_POINT('',(-8.571623116487,-15.78652601911,
    67.735023445734));
#7176 = CARTESIAN_POINT('',(-16.66739362171,-10.31000104369,
    67.511831085164));
#7177 = CARTESIAN_POINT('',(-20.85625069907,-0.313331125993,
    67.288783056558));
#7178 = CARTESIAN_POINT('',(-18.31134525378,11.111570034995,
    67.065627986781));
#7179 = CARTESIAN_POINT('',(-9.352380760211,18.644425779341,
    66.842455732062));
#7180 = CARTESIAN_POINT('',(1.448903881122,19.544776452482,
    66.619422821038));
#7181 = CARTESIAN_POINT('',(10.044902772508,14.892531659206,
    66.396218836297));
#7182 = CARTESIAN_POINT('',(14.339997114919,7.445809579927,
    66.17313343077));
#7183 = CARTESIAN_POINT('',(14.340000981698,1.00329721402E-07,
    65.949997100209));
#7184 = ADVANCED_FACE('',(#7185),#7237,.T.);
#7185 = FACE_BOUND('',#7186,.T.);
#7186 = EDGE_LOOP('',(#7187,#7188,#7189,#7232));
#7187 = ORIENTED_EDGE('',*,*,#6870,.F.);
#7188 = ORIENTED_EDGE('',*,*,#6592,.F.);
#7189 = ORIENTED_EDGE('',*,*,#7190,.T.);
#7190 = EDGE_CURVE('',#6570,#7191,#7193,.T.);
#7191 = VERTEX_POINT('',#7192);
#7192 = CARTESIAN_POINT('',(14.339999018298,1.003296155495E-07,
    64.64999710021));
#7193 = B_SPLINE_CURVE_WITH_KNOTS('',10,(#7194,#7195,#7196,#7197,#7198,
    #7199,#7200,#7201,#7202,#7203,#7204,#7205,#7206,#7207,#7208,#7209,
    #7210,#7211,#7212,#7213,#7214,#7215,#7216,#7217,#7218,#7219,#7220,
    #7221,#7222,#7223,#7224,#7225,#7226,#7227,#7228,#7229,#7230,#7231),
  .UNSPECIFIED.,.F.,.F.,(11,9,9,9,11),(0.,5.65146194117,11.302923882341,
    16.954385823511,22.605847764682),.UNSPECIFIED.);
#7194 = CARTESIAN_POINT('',(-4.90456885529,13.47519218207,73.575));
#7195 = CARTESIAN_POINT('',(2.09220419419,16.021805248476,
    73.351863669448));
#7196 = CARTESIAN_POINT('',(10.55884219445,14.532665903427,
    73.128778263894));
#7197 = CARTESIAN_POINT('',(17.870526614638,8.046231102963,
    72.905574279201));
#7198 = CARTESIAN_POINT('',(20.718730530057,-2.41159369966,
    72.682541368127));
#7199 = CARTESIAN_POINT('',(16.704308245723,-13.40665420122,
    72.459369113427));
#7200 = CARTESIAN_POINT('',(6.838822576074,-19.70562903874,
    72.236214043676));
#7201 = CARTESIAN_POINT('',(-3.987647138494,-19.18845354311,
    72.013166015021));
#7202 = CARTESIAN_POINT('',(-11.90281333214,-13.45400004457,
    71.78997365449));
#7203 = CARTESIAN_POINT('',(-15.18919424485,-5.510363375207,
    71.566880539188));
#7204 = CARTESIAN_POINT('',(-13.24544339027,9.253854350315,
    71.120616511519));
#7205 = CARTESIAN_POINT('',(-8.015099894382,16.076245419177,
    70.897523921112));
#7206 = CARTESIAN_POINT('',(1.114594922783,19.566687152712,
    70.674329661618));
#7207 = CARTESIAN_POINT('',(11.70595665652,17.264187980531,
    70.451285911138));
#7208 = CARTESIAN_POINT('',(19.605037167859,8.62639872229,
    70.228123627104));
#7209 = CARTESIAN_POINT('',(20.636924277252,-3.032937391644,
    70.004961044814));
#7210 = CARTESIAN_POINT('',(15.17907511242,-12.39732791073,
    69.781917556744));
#7211 = CARTESIAN_POINT('',(6.437736426044,-16.77029027509,
    69.558723095437));
#7212 = CARTESIAN_POINT('',(-2.125837403055,-16.01738248209,
    69.335630638909));
#7213 = CARTESIAN_POINT('',(-14.3243341588,-7.475897367606,
    68.889366461301));
#7214 = CARTESIAN_POINT('',(-17.96076512655,0.313703598109,
    68.666274004788));
#7215 = CARTESIAN_POINT('',(-16.84120079177,10.023548423731,
    68.443079543421));
#7216 = CARTESIAN_POINT('',(-9.908312526439,18.355025230553,
    68.220036055481));
#7217 = CARTESIAN_POINT('',(1.400889607199,21.373107997323,
    67.996873473004));
#7218 = CARTESIAN_POINT('',(12.219319502677,16.904720762895,
    67.773711189159));
#7219 = CARTESIAN_POINT('',(18.005481021222,7.739555093413,
    67.550667438543));
#7220 = CARTESIAN_POINT('',(17.848045037857,-2.033316329241,
    67.327473179116));
#7221 = CARTESIAN_POINT('',(13.225989292543,-9.28164495306,
    67.10438058869));
#7222 = CARTESIAN_POINT('',(1.696055172152E-02,-16.15782482293,
    66.658116561021));
#7223 = CARTESIAN_POINT('',(-8.57161706292,-15.78654101616,
    66.43502344574));
#7224 = CARTESIAN_POINT('',(-16.66739664314,-10.30996802218,
    66.211831085132));
#7225 = CARTESIAN_POINT('',(-20.85625677733,-0.313372985519,
    65.988783056636));
#7226 = CARTESIAN_POINT('',(-18.31131801412,11.111607058466,
    65.765627986663));
#7227 = CARTESIAN_POINT('',(-9.352418409053,18.644400356994,
    65.542455732183));
#7228 = CARTESIAN_POINT('',(1.448938451633,19.544785342081,
    65.319422820954));
#7229 = CARTESIAN_POINT('',(10.044882227207,14.892528475219,
    65.096218836336));
#7230 = CARTESIAN_POINT('',(14.340002773005,7.445808984531,
    64.87313343076));
#7231 = CARTESIAN_POINT('',(14.339999018298,1.003296093323E-07,
    64.64999710021));
#7232 = ORIENTED_EDGE('',*,*,#7233,.F.);
#7233 = EDGE_CURVE('',#6871,#7191,#7234,.T.);
#7234 = B_SPLINE_CURVE_WITH_KNOTS('',1,(#7235,#7236),.UNSPECIFIED.,.F.,
  .F.,(2,2),(0.,1.3),.PIECEWISE_BEZIER_KNOTS.);
#7235 = CARTESIAN_POINT('',(14.340000981698,1.003297293956E-07,
    65.949997100209));
#7236 = CARTESIAN_POINT('',(14.339999018298,1.003296093323E-07,
    64.64999710021));
#7237 = B_SPLINE_SURFACE_WITH_KNOTS('',1,10,(
    (#7238,#7239,#7240,#7241,#7242,#7243,#7244,#7245,#7246,#7247,#7248
      ,#7249,#7250,#7251,#7252,#7253,#7254,#7255,#7256,#7257,#7258,#7259
      ,#7260,#7261,#7262,#7263,#7264,#7265,#7266,#7267,#7268,#7269,#7270
      ,#7271,#7272,#7273,#7274,#7275)
    ,(#7276,#7277,#7278,#7279,#7280,#7281,#7282,#7283,#7284,#7285,#7286
      ,#7287,#7288,#7289,#7290,#7291,#7292,#7293,#7294,#7295,#7296,#7297
      ,#7298,#7299,#7300,#7301,#7302,#7303,#7304,#7305,#7306,#7307,#7308
      ,#7309,#7310,#7311,#7312,#7313
    )),.UNSPECIFIED.,.F.,.F.,.F.,(2,2),(11,9,9,9,11),(0.,1.3),(0.,
    5.65146194117,11.302923882341,16.954385823511,22.605847764682),
  .UNSPECIFIED.);
#7238 = CARTESIAN_POINT('',(-4.90456885529,13.47519218207,74.875));
#7239 = CARTESIAN_POINT('',(2.092201985959,16.021812555359,
    74.651863669448));
#7240 = CARTESIAN_POINT('',(10.558847675175,14.532647497969,
    74.428778263886));
#7241 = CARTESIAN_POINT('',(17.8705255909,8.046267730717,74.205574279232
    ));
#7242 = CARTESIAN_POINT('',(20.718722354567,-2.411638103238,
    73.982541368052));
#7243 = CARTESIAN_POINT('',(16.704336006756,-13.40661777695,
    73.759369113537));
#7244 = CARTESIAN_POINT('',(6.838786256383,-19.70565176554,
    73.536214043565));
#7245 = CARTESIAN_POINT('',(-3.987615621063,-19.18844771534,
    73.313166015095));
#7246 = CARTESIAN_POINT('',(-11.90283112491,-13.45400132756,
    73.089973654459));
#7247 = CARTESIAN_POINT('',(-15.18919060568,-5.510364339965,
    72.866880539193));
#7248 = CARTESIAN_POINT('',(-13.2454489961,9.253855544476,
    72.420616511516));
#7249 = CARTESIAN_POINT('',(-8.015083933448,16.076242119719,
    72.197523921108));
#7250 = CARTESIAN_POINT('',(1.114565549346,19.566702738846,
    71.974329661644));
#7251 = CARTESIAN_POINT('',(11.705988630307,17.26416064987,
    71.751285911069));
#7252 = CARTESIAN_POINT('',(19.60502068579,8.626439814519,71.52812362721
    ));
#7253 = CARTESIAN_POINT('',(20.63692566804,-3.032979868557,
    71.304961044706));
#7254 = CARTESIAN_POINT('',(15.179085522208,-12.39729738325,
    71.081917556816));
#7255 = CARTESIAN_POINT('',(6.437728977193,-16.77030660651,
    70.858723095407));
#7256 = CARTESIAN_POINT('',(-2.125834801535,-16.01737970726,
    70.635630638914));
#7257 = CARTESIAN_POINT('',(-14.32433783775,-7.475901784876,
    70.189366461298));
#7258 = CARTESIAN_POINT('',(-17.9607547869,0.313716226436,
    69.966274004784));
#7259 = CARTESIAN_POINT('',(-16.84122822361,10.023529572941,
    69.743079543447));
#7260 = CARTESIAN_POINT('',(-9.90827349222,18.355040965011,
    69.520036055413));
#7261 = CARTESIAN_POINT('',(1.400845547709,21.373112357061,
    69.296873473109));
#7262 = CARTESIAN_POINT('',(12.219357793947,16.904702379827,
    69.073711189052));
#7263 = CARTESIAN_POINT('',(18.005458793867,7.739578424164,
    68.850667438615));
#7264 = CARTESIAN_POINT('',(17.848056041086,-2.033330477468,
    68.627473179086));
#7265 = CARTESIAN_POINT('',(13.225988063943,-9.281641364564,
    68.404380588695));
#7266 = CARTESIAN_POINT('',(1.696270531077E-02,-16.15783012495,
    67.958116561019));
#7267 = CARTESIAN_POINT('',(-8.571623116486,-15.78652601911,
    67.735023445734));
#7268 = CARTESIAN_POINT('',(-16.66739362171,-10.31000104369,
    67.511831085164));
#7269 = CARTESIAN_POINT('',(-20.85625069907,-0.313331125993,
    67.288783056558));
#7270 = CARTESIAN_POINT('',(-18.31134525378,11.111570034995,
    67.065627986781));
#7271 = CARTESIAN_POINT('',(-9.352380760211,18.644425779341,
    66.842455732062));
#7272 = CARTESIAN_POINT('',(1.448903881122,19.544776452483,
    66.619422821038));
#7273 = CARTESIAN_POINT('',(10.044902772508,14.892531659206,
    66.396218836297));
#7274 = CARTESIAN_POINT('',(14.339997114919,7.445809579927,
    66.17313343077));
#7275 = CARTESIAN_POINT('',(14.340000981698,1.003297293956E-07,
    65.949997100209));
#7276 = CARTESIAN_POINT('',(-4.90456885529,13.47519218207,73.575));
#7277 = CARTESIAN_POINT('',(2.09220419419,16.021805248476,
    73.351863669448));
#7278 = CARTESIAN_POINT('',(10.55884219445,14.532665903427,
    73.128778263894));
#7279 = CARTESIAN_POINT('',(17.870526614638,8.046231102963,
    72.905574279201));
#7280 = CARTESIAN_POINT('',(20.718730530057,-2.41159369966,
    72.682541368127));
#7281 = CARTESIAN_POINT('',(16.704308245723,-13.40665420122,
    72.459369113427));
#7282 = CARTESIAN_POINT('',(6.838822576074,-19.70562903874,
    72.236214043676));
#7283 = CARTESIAN_POINT('',(-3.987647138494,-19.18845354311,
    72.013166015021));
#7284 = CARTESIAN_POINT('',(-11.90281333214,-13.45400004457,
    71.78997365449));
#7285 = CARTESIAN_POINT('',(-15.18919424485,-5.510363375207,
    71.566880539188));
#7286 = CARTESIAN_POINT('',(-13.24544339027,9.253854350315,
    71.120616511519));
#7287 = CARTESIAN_POINT('',(-8.015099894382,16.076245419177,
    70.897523921112));
#7288 = CARTESIAN_POINT('',(1.114594922783,19.566687152712,
    70.674329661618));
#7289 = CARTESIAN_POINT('',(11.70595665652,17.264187980531,
    70.451285911138));
#7290 = CARTESIAN_POINT('',(19.605037167859,8.62639872229,
    70.228123627104));
#7291 = CARTESIAN_POINT('',(20.636924277252,-3.032937391644,
    70.004961044814));
#7292 = CARTESIAN_POINT('',(15.17907511242,-12.39732791073,
    69.781917556744));
#7293 = CARTESIAN_POINT('',(6.437736426044,-16.77029027509,
    69.558723095437));
#7294 = CARTESIAN_POINT('',(-2.125837403055,-16.01738248209,
    69.335630638909));
#7295 = CARTESIAN_POINT('',(-14.3243341588,-7.475897367606,
    68.889366461301));
#7296 = CARTESIAN_POINT('',(-17.96076512655,0.313703598109,
    68.666274004788));
#7297 = CARTESIAN_POINT('',(-16.84120079177,10.023548423731,
    68.443079543421));
#7298 = CARTESIAN_POINT('',(-9.908312526439,18.355025230553,
    68.220036055481));
#7299 = CARTESIAN_POINT('',(1.400889607199,21.373107997323,
    67.996873473004));
#7300 = CARTESIAN_POINT('',(12.219319502677,16.904720762895,
    67.773711189159));
#7301 = CARTESIAN_POINT('',(18.005481021222,7.739555093413,
    67.550667438543));
#7302 = CARTESIAN_POINT('',(17.848045037857,-2.033316329241,
    67.327473179116));
#7303 = CARTESIAN_POINT('',(13.225989292543,-9.28164495306,
    67.10438058869));
#7304 = CARTESIAN_POINT('',(1.696055172152E-02,-16.15782482293,
    66.658116561021));
#7305 = CARTESIAN_POINT('',(-8.57161706292,-15.78654101616,
    66.43502344574));
#7306 = CARTESIAN_POINT('',(-16.66739664314,-10.30996802218,
    66.211831085132));
#7307 = CARTESIAN_POINT('',(-20.85625677733,-0.313372985519,
    65.988783056636));
#7308 = CARTESIAN_POINT('',(-18.31131801412,11.111607058466,
    65.765627986663));
#7309 = CARTESIAN_POINT('',(-9.352418409053,18.644400356994,
    65.542455732183));
#7310 = CARTESIAN_POINT('',(1.448938451633,19.544785342081,
    65.319422820954));
#7311 = CARTESIAN_POINT('',(10.044882227207,14.892528475219,
    65.096218836336));
#7312 = CARTESIAN_POINT('',(14.340002773005,7.445808984531,
    64.87313343076));
#7313 = CARTESIAN_POINT('',(14.339999018298,1.003296093323E-07,
    64.64999710021));
#7314 = ADVANCED_FACE('',(#7315),#7605,.T.);
#7315 = FACE_BOUND('',#7316,.T.);
#7316 = EDGE_LOOP('',(#7317,#7318,#7319,#7320,#7411,#7502,#7600));
#7317 = ORIENTED_EDGE('',*,*,#7190,.F.);
#7318 = ORIENTED_EDGE('',*,*,#6569,.F.);
#7319 = ORIENTED_EDGE('',*,*,#6699,.F.);
#7320 = ORIENTED_EDGE('',*,*,#7321,.T.);
#7321 = EDGE_CURVE('',#6700,#7322,#7324,.T.);
#7322 = VERTEX_POINT('',#7323);
#7323 = CARTESIAN_POINT('',(12.775,-3.128972571821E-15,69.739885226213)
  );
#7324 = B_SPLINE_CURVE_WITH_KNOTS('',8,(#7325,#7326,#7327,#7328,#7329,
    #7330,#7331,#7332,#7333,#7334,#7335,#7336,#7337,#7338,#7339,#7340,
    #7341,#7342,#7343,#7344,#7345,#7346,#7347,#7348,#7349,#7350,#7351,
    #7352,#7353,#7354,#7355,#7356,#7357,#7358,#7359,#7360,#7361,#7362,
    #7363,#7364,#7365,#7366,#7367,#7368,#7369,#7370,#7371,#7372,#7373,
    #7374,#7375,#7376,#7377,#7378,#7379,#7380,#7381,#7382,#7383,#7384,
    #7385,#7386,#7387,#7388,#7389,#7390,#7391,#7392,#7393,#7394,#7395,
    #7396,#7397,#7398,#7399,#7400,#7401,#7402,#7403,#7404,#7405,#7406,
    #7407,#7408,#7409,#7410),.UNSPECIFIED.,.F.,.F.,(9,7,7,7,7,7,7,7,7,7,
    7,7,9),(0.,9.341441759799E-02,0.17453455459,0.274679343427,
    0.384385589991,0.470033906029,0.51541844708,0.562836327237,
    0.654809234974,0.751334225413,0.862305864919,0.945730331367,1.),
  .UNSPECIFIED.);
#7325 = CARTESIAN_POINT('',(12.720011220239,-1.184035285367,72.4000006)
  );
#7326 = CARTESIAN_POINT('',(12.634431703582,-2.103410264722,
    72.368941880827));
#7327 = CARTESIAN_POINT('',(12.47289195879,-3.015891539268,
    72.337877146991));
#7328 = CARTESIAN_POINT('',(12.236050389109,-3.913891538717,
    72.306814760589));
#7329 = CARTESIAN_POINT('',(11.925497598709,-4.790172673093,
    72.275755408005));
#7330 = CARTESIAN_POINT('',(11.543600950307,-5.637797041316,
    72.244695945308));
#7331 = CARTESIAN_POINT('',(11.093449992438,-6.450116683774,
    72.213633243675));
#7332 = CARTESIAN_POINT('',(10.578902756375,-7.220804378881,
    72.182568034845));
#7333 = CARTESIAN_POINT('',(9.506129636806,-8.571875615086,
    72.124537193007));
#7334 = CARTESIAN_POINT('',(8.962426423521,-9.164130603622,
    72.097562734048));
#7335 = CARTESIAN_POINT('',(8.376681555172,-9.716803877218,
    72.07058962517));
#7336 = CARTESIAN_POINT('',(7.752290475054,-10.22644054838,
    72.043618176663));
#7337 = CARTESIAN_POINT('',(7.092939687084,-10.68996194369,
    72.016646733719));
#7338 = CARTESIAN_POINT('',(6.402589488128,-11.10464909725,
    71.989673651348));
#7339 = CARTESIAN_POINT('',(5.685485543017,-11.46816470832,
    71.962699274167));
#7340 = CARTESIAN_POINT('',(4.033532395848,-12.16187025017,
    71.902431127423));
#7341 = CARTESIAN_POINT('',(3.086695194127,-12.46440238362,
    71.869125952068));
#7342 = CARTESIAN_POINT('',(2.114358662066,-12.68249073,71.835824203445)
  );
#7343 = CARTESIAN_POINT('',(1.125346345966,-12.81375028857,
    71.80252680653));
#7344 = CARTESIAN_POINT('',(0.128595094167,-12.85688703649,
    71.76922930899));
#7345 = CARTESIAN_POINT('',(-0.866869789965,-12.81161774716,
    71.735927331963));
#7346 = CARTESIAN_POINT('',(-1.851944962774,-12.67875288115,
    71.702621965465));
#7347 = CARTESIAN_POINT('',(-3.875127493046,-12.22128874798,
    71.632849189378));
#7348 = CARTESIAN_POINT('',(-4.909990146155,-11.87944377137,
    71.596360563512));
#7349 = CARTESIAN_POINT('',(-5.909809304995,-11.43753618944,
    71.559879338117));
#7350 = CARTESIAN_POINT('',(-6.863378714638,-10.8999519425,
    71.523404303854));
#7351 = CARTESIAN_POINT('',(-7.760271143241,-10.27235519758,
    71.486929469952));
#7352 = CARTESIAN_POINT('',(-8.590872692021,-9.561700800439,
    71.450448530421));
#7353 = CARTESIAN_POINT('',(-9.346382855415,-8.776196926456,
    71.413959844253));
#7354 = CARTESIAN_POINT('',(-10.54437158954,-7.261787222229,
    71.349006660942));
#7355 = CARTESIAN_POINT('',(-11.0193853577,-6.557964031067,
    71.320525284705));
#7356 = CARTESIAN_POINT('',(-11.44054143409,-5.818832114163,
    71.292045071073));
#7357 = CARTESIAN_POINT('',(-11.80482348411,-5.049233548286,
    71.263566517399));
#7358 = CARTESIAN_POINT('',(-12.10975500598,-4.254248767075,
    71.235087843294));
#7359 = CARTESIAN_POINT('',(-12.35337213683,-3.439177882534,
    71.206607468763));
#7360 = CARTESIAN_POINT('',(-12.53425639625,-2.6095475945,
    71.178126303434));
#7361 = CARTESIAN_POINT('',(-12.71382155715,-1.326878368355,
    71.134560339343));
#7362 = CARTESIAN_POINT('',(-12.75818774221,-0.880108952565,
    71.11947082609));
#7363 = CARTESIAN_POINT('',(-12.78460666321,-0.431679172601,
    71.104381485803));
#7364 = CARTESIAN_POINT('',(-12.79300897318,1.75677635414E-02,
    71.089292474325));
#7365 = CARTESIAN_POINT('',(-12.78337275435,0.46678923247,
    71.074203663402));
#7366 = CARTESIAN_POINT('',(-12.75572253487,0.915143300981,
    71.059114654102));
#7367 = CARTESIAN_POINT('',(-12.71012980491,1.361788876509,
    71.044025064926));
#7368 = CARTESIAN_POINT('',(-12.58045912177,2.269879567849,
    71.013169056482));
#7369 = CARTESIAN_POINT('',(-12.49474637241,2.731105743588,
    70.997402282811));
#7370 = CARTESIAN_POINT('',(-12.389712799,3.188600912059,70.98163535991)
  );
#7371 = CARTESIAN_POINT('',(-12.26555161691,3.641419105579,
    70.965868542108));
#7372 = CARTESIAN_POINT('',(-12.12251006211,4.088631146668,
    70.950101870946));
#7373 = CARTESIAN_POINT('',(-11.96088809562,4.529324430649,
    70.934335305738));
#7374 = CARTESIAN_POINT('',(-11.78103899248,4.962603250566,
    70.918568865501));
#7375 = CARTESIAN_POINT('',(-11.19997160818,6.211903954819,
    70.872222492361));
#7376 = CARTESIAN_POINT('',(-10.74946067689,7.00518449828,
    70.841637579289));
#7377 = CARTESIAN_POINT('',(-10.23486158414,7.760829072606,
    70.811055788582));
#7378 = CARTESIAN_POINT('',(-9.659910981722,8.472834065214,
    70.780477220885));
#7379 = CARTESIAN_POINT('',(-9.028940885569,9.135704174073,
    70.74989836357));
#7380 = CARTESIAN_POINT('',(-8.346834767367,9.744427500718,
    70.719315932386));
#7381 = CARTESIAN_POINT('',(-7.619058462411,10.294516035378,
    70.688730523149));
#7382 = CARTESIAN_POINT('',(-6.046497150359,11.293839955343,
    70.62605608309));
#7383 = CARTESIAN_POINT('',(-5.197372824434,11.736946328298,
    70.593954635633));
#7384 = CARTESIAN_POINT('',(-4.311471843695,12.106863111513,
    70.561855744757));
#7385 = CARTESIAN_POINT('',(-3.396202728898,12.400120970332,
    70.529760499806));
#7386 = CARTESIAN_POINT('',(-2.459237614612,12.6141615193,
    70.497665428971));
#7387 = CARTESIAN_POINT('',(-1.508481232931,12.747277201595,
    70.46556694085));
#7388 = CARTESIAN_POINT('',(-0.552074860224,12.7986783056,
    70.433465844398));
#7389 = CARTESIAN_POINT('',(1.497933217419,12.734207227181,
    70.364474638394));
#7390 = CARTESIAN_POINT('',(2.591331657161,12.592127546133,
    70.327563933872));
#7391 = CARTESIAN_POINT('',(3.668805525953,12.342713765421,
    70.290660988141));
#7392 = CARTESIAN_POINT('',(4.718106790743,11.988248477283,
    70.253764256067));
#7393 = CARTESIAN_POINT('',(5.727538436889,11.532476934416,
    70.216867362389));
#7394 = CARTESIAN_POINT('',(6.685989188815,10.980630576805,
    70.179964087299));
#7395 = CARTESIAN_POINT('',(7.582940064667,10.339383729912,
    70.143053045038));
#7396 = CARTESIAN_POINT('',(9.029519418023,9.074601776006,
    70.078417860899));
#7397 = CARTESIAN_POINT('',(9.610350556136,8.485960402169,
    70.050676323632));
#7398 = CARTESIAN_POINT('',(10.147145171529,7.854982282611,
    70.022936134517));
#7399 = CARTESIAN_POINT('',(10.636335668262,7.1855482778,69.995197755836
    ));
#7400 = CARTESIAN_POINT('',(11.074792550556,6.481841206348,
    69.967459414322));
#7401 = CARTESIAN_POINT('',(11.459803917068,5.748325751265,
    69.939719312827));
#7402 = CARTESIAN_POINT('',(11.789101516381,4.989759672592,
    69.911977848408));
#7403 = CARTESIAN_POINT('',(12.237766670564,3.704787729014,
    69.866195577624));
#7404 = CARTESIAN_POINT('',(12.390299504926,3.189842219812,
    69.848150974062));
#7405 = CARTESIAN_POINT('',(12.518049404522,2.667775880974,
    69.830106580655));
#7406 = CARTESIAN_POINT('',(12.620634808033,2.13998287118,
    69.812062426663));
#7407 = CARTESIAN_POINT('',(12.697768769217,1.607873991241,
    69.794018279845));
#7408 = CARTESIAN_POINT('',(12.749256965357,1.072875976551,69.775973912)
  );
#7409 = CARTESIAN_POINT('',(12.775,0.536431516381,69.757929366266));
#7410 = CARTESIAN_POINT('',(12.775,-5.329070518201E-15,69.739885226213)
  );
#7411 = ORIENTED_EDGE('',*,*,#7412,.T.);
#7412 = EDGE_CURVE('',#7322,#7413,#7415,.T.);
#7413 = VERTEX_POINT('',#7414);
#7414 = CARTESIAN_POINT('',(12.775,-3.128972571821E-15,67.039885747187)
  );
#7415 = B_SPLINE_CURVE_WITH_KNOTS('',8,(#7416,#7417,#7418,#7419,#7420,
    #7421,#7422,#7423,#7424,#7425,#7426,#7427,#7428,#7429,#7430,#7431,
    #7432,#7433,#7434,#7435,#7436,#7437,#7438,#7439,#7440,#7441,#7442,
    #7443,#7444,#7445,#7446,#7447,#7448,#7449,#7450,#7451,#7452,#7453,
    #7454,#7455,#7456,#7457,#7458,#7459,#7460,#7461,#7462,#7463,#7464,
    #7465,#7466,#7467,#7468,#7469,#7470,#7471,#7472,#7473,#7474,#7475,
    #7476,#7477,#7478,#7479,#7480,#7481,#7482,#7483,#7484,#7485,#7486,
    #7487,#7488,#7489,#7490,#7491,#7492,#7493,#7494,#7495,#7496,#7497,
    #7498,#7499,#7500,#7501),.UNSPECIFIED.,.F.,.F.,(9,7,7,7,7,7,7,7,7,7,
    7,7,9),(0.,0.112243566546,0.217972205333,0.303824019667,
    0.347853715238,0.393377815384,0.487190681658,0.582816259557,
    0.688247415605,0.759415496637,0.842979467668,0.938840309277,1.),
  .UNSPECIFIED.);
#7416 = CARTESIAN_POINT('',(12.775,-5.329070518201E-15,69.739885226213)
  );
#7417 = CARTESIAN_POINT('',(12.775,-1.12610003364,69.702006193942));
#7418 = CARTESIAN_POINT('',(12.661555041484,-2.252663960444,
    69.664111450408));
#7419 = CARTESIAN_POINT('',(12.434502149128,-3.365639954708,
    69.626224944304));
#7420 = CARTESIAN_POINT('',(12.095960309335,-4.451713173555,
    69.588344829775));
#7421 = CARTESIAN_POINT('',(11.649674100239,-5.498137197901,
    69.550464342184));
#7422 = CARTESIAN_POINT('',(11.10105286918,-6.492777682586,
    69.512576949809));
#7423 = CARTESIAN_POINT('',(10.457113782025,-7.424114512479,
    69.474681314185));
#7424 = CARTESIAN_POINT('',(9.039482889009,-9.089198006878,
    69.401122228132));
#7425 = CARTESIAN_POINT('',(8.274984496471,-9.831871488413,
    69.365430585354));
#7426 = CARTESIAN_POINT('',(7.441099492672,-10.50059333192,
    69.329745563249));
#7427 = CARTESIAN_POINT('',(6.54630185668,-11.08794973554,
    69.294066170704));
#7428 = CARTESIAN_POINT('',(5.599782811543,-11.58770296126,
    69.258386990734));
#7429 = CARTESIAN_POINT('',(4.611443583939,-11.99481836711,
    69.222702322597));
#7430 = CARTESIAN_POINT('',(3.591868911781,-12.30545588693,
    69.187010785372));
#7431 = CARTESIAN_POINT('',(1.708587192802,-12.68949223181,
    69.122357923803));
#7432 = CARTESIAN_POINT('',(0.851257870484,-12.79658462066,
    69.093380691548));
#7433 = CARTESIAN_POINT('',(-1.343293992425E-02,-12.83741190353,
    69.064404707145));
#7434 = CARTESIAN_POINT('',(-0.879497554541,-12.81145261292,
    69.035430527202));
#7435 = CARTESIAN_POINT('',(-1.740984626129,-12.71881661743,
    69.006456203291));
#7436 = CARTESIAN_POINT('',(-2.591983952831,-12.5602084624,
    68.977479991301));
#7437 = CARTESIAN_POINT('',(-3.426636021325,-12.3369628086,
    68.948502855794));
#7438 = CARTESIAN_POINT('',(-4.655847781134,-11.90457190708,
    68.904672234878));
#7439 = CARTESIAN_POINT('',(-5.06676465466,-11.7415218056,
    68.889813636215));
#7440 = CARTESIAN_POINT('',(-5.471129364327,-11.56227144412,
    68.874955295329));
#7441 = CARTESIAN_POINT('',(-5.868195478454,-11.36713061684,
    68.860097238255));
#7442 = CARTESIAN_POINT('',(-6.257237720704,-11.15644879575,
    68.845239298788));
#7443 = CARTESIAN_POINT('',(-6.637552016479,-10.93061479384,
    68.830381222138));
#7444 = CARTESIAN_POINT('',(-7.008455539309,-10.69005642828,
    68.815522768599));
#7445 = CARTESIAN_POINT('',(-7.742364887526,-10.17177526314,
    68.785300540612));
#7446 = CARTESIAN_POINT('',(-8.104683134153,-9.893063107005,
    68.769936673411));
#7447 = CARTESIAN_POINT('',(-8.45550763581,-9.599620892281,
    68.754572672818));
#7448 = CARTESIAN_POINT('',(-8.794141013109,-9.292004568734,
    68.739208732768));
#7449 = CARTESIAN_POINT('',(-9.119920710245,-8.970806917666,
    68.723844882956));
#7450 = CARTESIAN_POINT('',(-9.432218488191,-8.63665682547,
    68.708481100455));
#7451 = CARTESIAN_POINT('',(-9.730441069412,-8.290219771816,
    68.693117433882));
#7452 = CARTESIAN_POINT('',(-10.59843605804,-7.194416583904,
    68.64609454408));
#7453 = CARTESIAN_POINT('',(-11.12083889157,-6.407274544186,
    68.614429389026));
#7454 = CARTESIAN_POINT('',(-11.57618347745,-5.577071167797,
    68.582767912642));
#7455 = CARTESIAN_POINT('',(-11.96040873551,-4.710524856987,
    68.551110264792));
#7456 = CARTESIAN_POINT('',(-12.27028394881,-3.814694835802,
    68.519452284099));
#7457 = CARTESIAN_POINT('',(-12.50335700324,-2.896947245085,
    68.487790072025));
#7458 = CARTESIAN_POINT('',(-12.65801638052,-1.964967158473,
    68.456124364485));
#7459 = CARTESIAN_POINT('',(-12.81077919588,-7.053833939476E-02,
    68.392193289427));
#7460 = CARTESIAN_POINT('',(-12.80583370774,0.892571422907,
    68.359914270649));
#7461 = CARTESIAN_POINT('',(-12.71808215718,1.853977578363,
    68.327637916125));
#7462 = CARTESIAN_POINT('',(-12.54792757677,2.805372727571,
    68.295365330807));
#7463 = CARTESIAN_POINT('',(-12.29672171059,3.738646877503,
    68.263092934848));
#7464 = CARTESIAN_POINT('',(-11.96669530968,4.645886720071,
    68.230817027981));
#7465 = CARTESIAN_POINT('',(-11.56102132705,5.519404572649,
    68.198538436551));
#7466 = CARTESIAN_POINT('',(-10.55808740417,7.269544049669,
    68.13068691736));
#7467 = CARTESIAN_POINT('',(-9.945147384453,8.137824586865,
    68.095095422417));
#7468 = CARTESIAN_POINT('',(-9.250848472895,8.946536165583,
    68.059510386202));
#7469 = CARTESIAN_POINT('',(-8.482094304064,9.686904464245,
    68.023930647597));
#7470 = CARTESIAN_POINT('',(-7.646700761282,10.351167731834,
    67.988350795338));
#7471 = CARTESIAN_POINT('',(-6.753393614323,10.932603620417,
    67.952765540837));
#7472 = CARTESIAN_POINT('',(-5.811781353812,11.425527512812,
    67.917173894646));
#7473 = CARTESIAN_POINT('',(-4.171676142493,12.095765850583,
    67.857576253112));
#7474 = CARTESIAN_POINT('',(-3.493432945196,12.323664814512,
    67.833557287274));
#7475 = CARTESIAN_POINT('',(-2.801101117839,12.50804174659,
    67.809538940028));
#7476 = CARTESIAN_POINT('',(-2.097947017143,12.647904697613,
    67.785521344312));
#7477 = CARTESIAN_POINT('',(-1.387289751678,12.742555947927,
    67.761503604461));
#7478 = CARTESIAN_POINT('',(-0.672497375676,12.791581659966,
    67.737484877137));
#7479 = CARTESIAN_POINT('',(4.301239448776E-02,12.794865307278,
    67.71346548349));
#7480 = CARTESIAN_POINT('',(1.592667408658,12.703027113895,
    67.661247321646));
#7481 = CARTESIAN_POINT('',(2.425958015748,12.590654376227,
    67.633043024784));
#7482 = CARTESIAN_POINT('',(3.249981747617,12.415814293281,
    67.604840405123));
#7483 = CARTESIAN_POINT('',(4.059278662839,12.179444986692,
    67.576639849522));
#7484 = CARTESIAN_POINT('',(4.848562519566,11.883024867958,
    67.548439295244));
#7485 = CARTESIAN_POINT('',(5.612716529365,11.528541730487,
    67.520236669206));
#7486 = CARTESIAN_POINT('',(6.34680823868,11.118521139195,
    67.492032359771));
#7487 = CARTESIAN_POINT('',(7.848346700682,10.125661511063,
    67.431481212556));
#7488 = CARTESIAN_POINT('',(8.605110641296,9.526067882153,
    67.399123449026));
#7489 = CARTESIAN_POINT('',(9.309181555944,8.862043918486,67.36676865673
    ));
#7490 = CARTESIAN_POINT('',(9.95422472734,8.139073476902,67.334417636752
    ));
#7491 = CARTESIAN_POINT('',(10.534653447241,7.363271033156,
    67.302066533647));
#7492 = CARTESIAN_POINT('',(11.045584867929,6.541326566708,
    67.269711559154));
#7493 = CARTESIAN_POINT('',(11.482902782627,5.680537880682,
    67.237353670989));
#7494 = CARTESIAN_POINT('',(12.073443781024,4.220080350201,
    67.184363450654));
#7495 = CARTESIAN_POINT('',(12.272243882789,3.638581367268,67.1637230036
    ));
#7496 = CARTESIAN_POINT('',(12.439001766371,3.046463594437,
    67.143083020937));
#7497 = CARTESIAN_POINT('',(12.573066911236,2.445792940752,
    67.122443609485));
#7498 = CARTESIAN_POINT('',(12.673949972552,1.838667426197,
    67.101804335801));
#7499 = CARTESIAN_POINT('',(12.741318135291,1.227215436543,
    67.081164740539));
#7500 = CARTESIAN_POINT('',(12.774999999961,0.613595844908,
    67.060524858906));
#7501 = CARTESIAN_POINT('',(12.775,-1.7763568394E-15,67.039885747187));
#7502 = ORIENTED_EDGE('',*,*,#7503,.T.);
#7503 = EDGE_CURVE('',#7413,#7504,#7506,.T.);
#7504 = VERTEX_POINT('',#7505);
#7505 = CARTESIAN_POINT('',(12.775,9.275266928308E-09,64.339884543807));
#7506 = B_SPLINE_CURVE_WITH_KNOTS('',8,(#7507,#7508,#7509,#7510,#7511,
    #7512,#7513,#7514,#7515,#7516,#7517,#7518,#7519,#7520,#7521,#7522,
    #7523,#7524,#7525,#7526,#7527,#7528,#7529,#7530,#7531,#7532,#7533,
    #7534,#7535,#7536,#7537,#7538,#7539,#7540,#7541,#7542,#7543,#7544,
    #7545,#7546,#7547,#7548,#7549,#7550,#7551,#7552,#7553,#7554,#7555,
    #7556,#7557,#7558,#7559,#7560,#7561,#7562,#7563,#7564,#7565,#7566,
    #7567,#7568,#7569,#7570,#7571,#7572,#7573,#7574,#7575,#7576,#7577,
    #7578,#7579,#7580,#7581,#7582,#7583,#7584,#7585,#7586,#7587,#7588,
    #7589,#7590,#7591,#7592,#7593,#7594,#7595,#7596,#7597,#7598,#7599),
  .UNSPECIFIED.,.F.,.F.,(9,7,7,7,7,7,7,7,7,7,7,7,7,9),(0.,
    5.179201753357E-02,0.128006870523,0.176735164815,0.227338815157,
    0.310068978744,0.406811058712,0.424640859189,0.517197364507,
    0.59977650777,0.665603217141,0.763666690715,0.870065793744,1.),
  .UNSPECIFIED.);
#7507 = CARTESIAN_POINT('',(12.775,-1.7763568394E-15,67.039885747187));
#7508 = CARTESIAN_POINT('',(12.775000000033,-0.51960512329,
    67.022408138305));
#7509 = CARTESIAN_POINT('',(12.750846615933,-1.039220969165,
    67.004930155291));
#7510 = CARTESIAN_POINT('',(12.702538137614,-1.557522530379,
    66.987452257505));
#7511 = CARTESIAN_POINT('',(12.630161909424,-2.073198828713,
    66.969974447123));
#7512 = CARTESIAN_POINT('',(12.53388893645,-2.584952335377,
    66.952496501725));
#7513 = CARTESIAN_POINT('',(12.413972049486,-3.091498974427,
    66.935018207077));
#7514 = CARTESIAN_POINT('',(12.270747628647,-3.591568709181,
    66.917539590127));
#7515 = CARTESIAN_POINT('',(11.860205515106,-4.808409642082,
    66.874340652439));
#7516 = CARTESIAN_POINT('',(11.566189246286,-5.516257548356,
    66.84861745472));
#7517 = CARTESIAN_POINT('',(11.22394430914,-6.203393096553,
    66.822894886849));
#7518 = CARTESIAN_POINT('',(10.835204575203,-6.865992627931,
    66.797173304951));
#7519 = CARTESIAN_POINT('',(10.402038540396,-7.500440426568,
    66.771451687202));
#7520 = CARTESIAN_POINT('',(9.926832462294,-8.103322071771,
    66.745729122554));
#7521 = CARTESIAN_POINT('',(9.412303651871,-8.671436875218,
    66.720006194483));
#7522 = CARTESIAN_POINT('',(8.509413314465,-9.540938148208,
    66.677842108759));
#7523 = CARTESIAN_POINT('',(8.142441878249,-9.864656514096,
    66.661397819479));
#7524 = CARTESIAN_POINT('',(7.761424223735,-10.1722163254,
    66.644953664476));
#7525 = CARTESIAN_POINT('',(7.367195519219,-10.4629077825,
    66.628509955066));
#7526 = CARTESIAN_POINT('',(6.960629015023,-10.73607619073,
    66.612066547941));
#7527 = CARTESIAN_POINT('',(6.542634984204,-10.99112077894,
    66.59562285542));
#7528 = CARTESIAN_POINT('',(6.114161077575,-11.22749560687,
    66.57917835933));
#7529 = CARTESIAN_POINT('',(5.221371520877,-11.67028932325,
    66.545656006133));
#7530 = CARTESIAN_POINT('',(4.756291092785,-11.87521513847,
    66.528577512379));
#7531 = CARTESIAN_POINT('',(4.282060681855,-12.05893808464,
    66.511498922832));
#7532 = CARTESIAN_POINT('',(3.799812557238,-12.22098524627,
    66.494420537718));
#7533 = CARTESIAN_POINT('',(3.310701631104,-12.36095800286,
    66.477342363394));
#7534 = CARTESIAN_POINT('',(2.815904665846,-12.47853033273,
    66.460264310907));
#7535 = CARTESIAN_POINT('',(2.316620441544,-12.5734501331,
    66.443186411598));
#7536 = CARTESIAN_POINT('',(0.992469934919,-12.7634066082,
    66.398189859588));
#7537 = CARTESIAN_POINT('',(0.162013422622,-12.8202778019,
    66.370267815307));
#7538 = CARTESIAN_POINT('',(-0.671863214567,-12.81535126982,
    66.342347785829));
#7539 = CARTESIAN_POINT('',(-1.503787195854,-12.74845096754,
    66.314429792499));
#7540 = CARTESIAN_POINT('',(-2.3284440316,-12.61994359792,66.28651156441
    ));
#7541 = CARTESIAN_POINT('',(-3.14057987371,-12.43070911664,
    66.258590978243));
#7542 = CARTESIAN_POINT('',(-3.935010583118,-12.18216881894,
    66.230668382645));
#7543 = CARTESIAN_POINT('',(-5.60895404619,-11.51878055874,66.170100524)
  );
#7544 = CARTESIAN_POINT('',(-6.480435927842,-11.08275660649,
    66.137444027609));
#7545 = CARTESIAN_POINT('',(-7.312801633993,-10.57151030399,
    66.104790232537));
#7546 = CARTESIAN_POINT('',(-8.098523052196,-9.989232563396,
    66.072140368105));
#7547 = CARTESIAN_POINT('',(-8.830700369213,-9.340911549592,
    66.039490669544));
#7548 = CARTESIAN_POINT('',(-9.503027923108,-8.632265388399,
    66.006837206803));
#7549 = CARTESIAN_POINT('',(-10.1098510211,-7.86979008904,
    65.974180850986));
#7550 = CARTESIAN_POINT('',(-10.74518510312,-6.911846451668,
    65.935515185582));
#7551 = CARTESIAN_POINT('',(-10.84166768699,-6.76119270424,
    65.929498196793));
#7552 = CARTESIAN_POINT('',(-10.93573434951,-6.609002916014,
    65.923481281441));
#7553 = CARTESIAN_POINT('',(-11.02735796461,-6.455320093926,
    65.917464351343));
#7554 = CARTESIAN_POINT('',(-11.11651156536,-6.300188865762,
    65.911447361644));
#7555 = CARTESIAN_POINT('',(-11.20316850401,-6.143655571389,
    65.905430311707));
#7556 = CARTESIAN_POINT('',(-11.28730261196,-5.985768353972,
    65.89941324601));
#7557 = CARTESIAN_POINT('',(-11.79240917843,-5.000198281452,
    65.862161376223));
#7558 = CARTESIAN_POINT('',(-12.14736350972,-4.138475031122,
    65.830920797471));
#7559 = CARTESIAN_POINT('',(-12.43017295717,-3.248281589569,
    65.799683055921));
#7560 = CARTESIAN_POINT('',(-12.63825778145,-2.336700630153,
    65.768448643183));
#7561 = CARTESIAN_POINT('',(-12.76987333673,-1.410981195514,
    65.737214081738));
#7562 = CARTESIAN_POINT('',(-12.82405697542,-0.478516909343,
    65.705975962653));
#7563 = CARTESIAN_POINT('',(-12.80068542089,0.453155385329,
    65.67473494464));
#7564 = CARTESIAN_POINT('',(-12.6113841636,2.200001092848,
    65.615631564688));
#7565 = CARTESIAN_POINT('',(-12.4610668004,3.017154461147,
    65.587759785502));
#7566 = CARTESIAN_POINT('',(-12.25025367654,3.822360253141,
    65.559889388047));
#7567 = CARTESIAN_POINT('',(-11.98009842247,4.61039807282,
    65.532020843975));
#7568 = CARTESIAN_POINT('',(-11.65226237743,5.376237379747,
    65.504152338415));
#7569 = CARTESIAN_POINT('',(-11.26888558616,6.1150321044,65.476282031133
    ));
#7570 = CARTESIAN_POINT('',(-10.83261155659,6.822136040355,
    65.448410325872));
#7571 = CARTESIAN_POINT('',(-9.959301484366,8.028018838218,
    65.398327453185));
#7572 = CARTESIAN_POINT('',(-9.540316752775,8.540039254264,
    65.376111726256));
#7573 = CARTESIAN_POINT('',(-9.091312197181,9.026978999487,
    65.353896537104));
#7574 = CARTESIAN_POINT('',(-8.614053316994,9.486794156647,
    65.33168197663));
#7575 = CARTESIAN_POINT('',(-8.110454890332,9.917602174076,
    65.309467405169));
#7576 = CARTESIAN_POINT('',(-7.582575399381,10.317677278141,
    65.287252205962));
#7577 = CARTESIAN_POINT('',(-7.032621488116,10.685457277341,
    65.265036543552));
#7578 = CARTESIAN_POINT('',(-5.614329058301,11.517284433601,
    65.209728830125));
#7579 = CARTESIAN_POINT('',(-4.721678617695,11.940438854681,
    65.176627363074));
#7580 = CARTESIAN_POINT('',(-3.79296233951,12.284280753972,
    65.14352920445));
#7581 = CARTESIAN_POINT('',(-2.836452891049,12.545334102709,
    65.110435264269));
#7582 = CARTESIAN_POINT('',(-1.860675155288,12.721163493692,
    65.077341226963));
#7583 = CARTESIAN_POINT('',(-0.874372068076,12.810300553697,
    65.044242842245));
#7584 = CARTESIAN_POINT('',(0.113494464759,12.812324385273,
    65.011141163912));
#7585 = CARTESIAN_POINT('',(2.157241131047,12.636708079876,
    64.942141288914));
#7586 = CARTESIAN_POINT('',(3.212386999773,12.443729022072,
    64.906223773463));
#7587 = CARTESIAN_POINT('',(4.247288615444,12.150063629417,
    64.870313194488));
#7588 = CARTESIAN_POINT('',(5.250787931407,11.758365384367,
    64.834408346468));
#7589 = CARTESIAN_POINT('',(6.212282195057,11.272583217399,
    64.798503489663));
#7590 = CARTESIAN_POINT('',(7.121750088496,10.697973120633,
    64.762592703055));
#7591 = CARTESIAN_POINT('',(7.969752474345,10.041069065667,
    64.726674562367));
#7592 = CARTESIAN_POINT('',(9.69765954589,8.417554956605,64.646921072563
    ));
#7593 = CARTESIAN_POINT('',(10.544279812045,7.413499333761,
    64.603038852535));
#7594 = CARTESIAN_POINT('',(11.271058816113,6.312909804773,
    64.559173572212));
#7595 = CARTESIAN_POINT('',(11.865697087036,5.132786127951,
    64.515320456041));
#7596 = CARTESIAN_POINT('',(12.318564354382,3.891339671725,
    64.471468142282));
#7597 = CARTESIAN_POINT('',(12.622987546859,2.608058411506,
    64.427607943082));
#7598 = CARTESIAN_POINT('',(12.774999998107,1.303537887437,
    64.383732449513));
#7599 = CARTESIAN_POINT('',(12.775,1.855063125333E-08,64.339884543807));
#7600 = ORIENTED_EDGE('',*,*,#7601,.F.);
#7601 = EDGE_CURVE('',#7191,#7504,#7602,.T.);
#7602 = B_SPLINE_CURVE_WITH_KNOTS('',1,(#7603,#7604),.UNSPECIFIED.,.F.,
  .F.,(2,2),(0.,2.212193481592),.PIECEWISE_BEZIER_KNOTS.);
#7603 = CARTESIAN_POINT('',(14.339999018298,1.003296155495E-07,
    64.64999710021));
#7604 = CARTESIAN_POINT('',(12.169998368868,-1.306384445823E-08,
    64.220000377578));
#7605 = B_SPLINE_SURFACE_WITH_KNOTS('',1,10,(
    (#7606,#7607,#7608,#7609,#7610,#7611,#7612,#7613,#7614,#7615,#7616
      ,#7617,#7618,#7619,#7620,#7621,#7622,#7623,#7624,#7625,#7626,#7627
      ,#7628,#7629,#7630,#7631,#7632,#7633,#7634,#7635,#7636,#7637,#7638
      ,#7639,#7640,#7641,#7642,#7643)
    ,(#7644,#7645,#7646,#7647,#7648,#7649,#7650,#7651,#7652,#7653,#7654
      ,#7655,#7656,#7657,#7658,#7659,#7660,#7661,#7662,#7663,#7664,#7665
      ,#7666,#7667,#7668,#7669,#7670,#7671,#7672,#7673,#7674,#7675,#7676
      ,#7677,#7678,#7679,#7680,#7681
    )),.UNSPECIFIED.,.F.,.F.,.F.,(2,2),(11,9,9,9,11),(0.,2.212193481592)
  ,(0.,5.65146194117,11.302923882341,16.954385823511,22.605847764682),
  .UNSPECIFIED.);
#7606 = CARTESIAN_POINT('',(-4.90456885529,13.47519218207,73.575));
#7607 = CARTESIAN_POINT('',(2.092204194189,16.021805248477,
    73.351863669448));
#7608 = CARTESIAN_POINT('',(10.55884219445,14.532665903427,
    73.128778263894));
#7609 = CARTESIAN_POINT('',(17.870526614636,8.046231102964,
    72.905574279201));
#7610 = CARTESIAN_POINT('',(20.718730530059,-2.411593699662,
    72.682541368127));
#7611 = CARTESIAN_POINT('',(16.70430824572,-13.40665420122,
    72.459369113427));
#7612 = CARTESIAN_POINT('',(6.838822576076,-19.70562903874,
    72.236214043676));
#7613 = CARTESIAN_POINT('',(-3.987647138496,-19.18845354311,
    72.013166015021));
#7614 = CARTESIAN_POINT('',(-11.90281333214,-13.45400004457,
    71.78997365449));
#7615 = CARTESIAN_POINT('',(-15.18919424485,-5.510363375207,
    71.566880539188));
#7616 = CARTESIAN_POINT('',(-13.24544339027,9.253854350315,
    71.120616511519));
#7617 = CARTESIAN_POINT('',(-8.015099894382,16.076245419177,
    70.897523921112));
#7618 = CARTESIAN_POINT('',(1.114594922783,19.566687152711,
    70.674329661618));
#7619 = CARTESIAN_POINT('',(11.70595665652,17.264187980532,
    70.451285911138));
#7620 = CARTESIAN_POINT('',(19.605037167858,8.626398722289,
    70.228123627104));
#7621 = CARTESIAN_POINT('',(20.636924277252,-3.032937391644,
    70.004961044814));
#7622 = CARTESIAN_POINT('',(15.17907511242,-12.39732791073,
    69.781917556744));
#7623 = CARTESIAN_POINT('',(6.437736426044,-16.77029027509,
    69.558723095437));
#7624 = CARTESIAN_POINT('',(-2.125837403055,-16.01738248209,
    69.335630638909));
#7625 = CARTESIAN_POINT('',(-14.3243341588,-7.475897367606,
    68.889366461301));
#7626 = CARTESIAN_POINT('',(-17.96076512655,0.313703598109,
    68.666274004788));
#7627 = CARTESIAN_POINT('',(-16.84120079177,10.023548423731,
    68.443079543421));
#7628 = CARTESIAN_POINT('',(-9.90831252644,18.355025230553,
    68.220036055481));
#7629 = CARTESIAN_POINT('',(1.4008896072,21.373107997324,67.996873473004
    ));
#7630 = CARTESIAN_POINT('',(12.219319502676,16.904720762895,
    67.773711189159));
#7631 = CARTESIAN_POINT('',(18.005481021223,7.739555093413,
    67.550667438543));
#7632 = CARTESIAN_POINT('',(17.848045037857,-2.033316329241,
    67.327473179116));
#7633 = CARTESIAN_POINT('',(13.225989292543,-9.28164495306,
    67.10438058869));
#7634 = CARTESIAN_POINT('',(1.696055172126E-02,-16.15782482293,
    66.658116561021));
#7635 = CARTESIAN_POINT('',(-8.571617062919,-15.78654101616,
    66.43502344574));
#7636 = CARTESIAN_POINT('',(-16.66739664315,-10.30996802218,
    66.211831085132));
#7637 = CARTESIAN_POINT('',(-20.85625677733,-0.313372985517,
    65.988783056636));
#7638 = CARTESIAN_POINT('',(-18.31131801413,11.111607058465,
    65.765627986663));
#7639 = CARTESIAN_POINT('',(-9.352418409049,18.644400356995,
    65.542455732183));
#7640 = CARTESIAN_POINT('',(1.448938451631,19.54478534208,
    65.319422820954));
#7641 = CARTESIAN_POINT('',(10.044882227208,14.892528475219,
    65.096218836336));
#7642 = CARTESIAN_POINT('',(14.340002773005,7.445808984531,
    64.87313343076));
#7643 = CARTESIAN_POINT('',(14.339999018298,1.003296155495E-07,
    64.64999710021));
#7644 = CARTESIAN_POINT('',(-4.162385144273,11.436059194965,73.145));
#7645 = CARTESIAN_POINT('',(1.775627389504,13.59731227046,
    72.921876475332));
#7646 = CARTESIAN_POINT('',(8.960915773332,12.333499592195,
    72.698746319813));
#7647 = CARTESIAN_POINT('',(15.166503673256,6.828610625481,
    72.475631604242));
#7648 = CARTESIAN_POINT('',(17.583157335467,-2.04653563388,
    72.252494613593));
#7649 = CARTESIAN_POINT('',(14.176803239481,-11.3781362832,
    72.029375766381));
#7650 = CARTESIAN_POINT('',(5.803781033668,-16.72338145735,
    71.806254681913));
#7651 = CARTESIAN_POINT('',(-3.384169167307,-16.28498939269,
    71.583119659436));
#7652 = CARTESIAN_POINT('',(-10.10161858056,-11.41796425882,
    71.360003430433));
#7653 = CARTESIAN_POINT('',(-12.89069491779,-4.676533644029,
    71.136874278747));
#7654 = CARTESIAN_POINT('',(-11.24107137495,7.853540985505,
    70.690626105273));
#7655 = CARTESIAN_POINT('',(-6.802254913126,13.643405438317,
    70.467496885275));
#7656 = CARTESIAN_POINT('',(0.946057458547,16.605954869543,
    70.244380903412));
#7657 = CARTESIAN_POINT('',(9.934300814347,14.651465719413,
    70.021245324132));
#7658 = CARTESIAN_POINT('',(16.638646882673,7.321139674335,
    69.798125178668));
#7659 = CARTESIAN_POINT('',(17.513710022621,-2.573981726313,
    69.575005072387));
#7660 = CARTESIAN_POINT('',(12.882325737622,-10.52136588882,
    69.351869458692));
#7661 = CARTESIAN_POINT('',(5.46344992756,-14.23247430957,
    69.128753503226));
#7662 = CARTESIAN_POINT('',(-1.804124552246,-13.59356895821,
    68.905624265763));
#7663 = CARTESIAN_POINT('',(-12.15672502568,-6.344590429981,
    68.459376111812));
#7664 = CARTESIAN_POINT('',(-15.24278023398,0.266149747382,
    68.23624687438));
#7665 = CARTESIAN_POINT('',(-14.29282110882,8.506939841575,
    68.013130918803));
#7666 = CARTESIAN_POINT('',(-8.408859213588,15.577126425581,
    67.789995305335));
#7667 = CARTESIAN_POINT('',(1.188941921478,18.139186121943,
    67.566875198737));
#7668 = CARTESIAN_POINT('',(10.370081014873,14.346318029315,
    67.343755053587));
#7669 = CARTESIAN_POINT('',(15.280961531051,6.568536376062,
    67.120619474087));
#7670 = CARTESIAN_POINT('',(15.147099359191,-1.725686002781,
    66.897503492328));
#7671 = CARTESIAN_POINT('',(11.224590891223,-7.877089637536,
    66.674374272302));
#7672 = CARTESIAN_POINT('',(1.4369576156E-02,-13.71275262666,
    66.228126098827));
#7673 = CARTESIAN_POINT('',(-7.27441065489,-13.3976169165,
    66.004996947174));
#7674 = CARTESIAN_POINT('',(-14.14543726356,-8.749819491192,
    65.781880718054));
#7675 = CARTESIAN_POINT('',(-17.69986064316,-0.266032680729,
    65.558745695821));
#7676 = CARTESIAN_POINT('',(-15.54065979226,9.430348384473,
    65.335624611006));
#7677 = CARTESIAN_POINT('',(-7.936972027284,15.822766676689,
    65.112505764148));
#7678 = CARTESIAN_POINT('',(1.229602877808,16.587390961816,
    64.889368773237));
#7679 = CARTESIAN_POINT('',(8.524851877458,12.638808120502,
    64.666254057804));
#7680 = CARTESIAN_POINT('',(12.17000470786,6.319098491353,
    64.443123902236));
#7681 = CARTESIAN_POINT('',(12.169998368868,-1.306384445823E-08,
    64.220000377578));
#7682 = ADVANCED_FACE('',(#7683),#7702,.F.);
#7683 = FACE_BOUND('',#7684,.F.);
#7684 = EDGE_LOOP('',(#7685,#7686,#7694,#7701));
#7685 = ORIENTED_EDGE('',*,*,#6670,.T.);
#7686 = ORIENTED_EDGE('',*,*,#7687,.T.);
#7687 = EDGE_CURVE('',#6671,#7688,#7690,.T.);
#7688 = VERTEX_POINT('',#7689);
#7689 = CARTESIAN_POINT('',(8.,-1.959434878636E-15,62.4));
#7690 = LINE('',#7691,#7692);
#7691 = CARTESIAN_POINT('',(8.,-1.959434878636E-15,6.9));
#7692 = VECTOR('',#7693,1.);
#7693 = DIRECTION('',(0.,0.,1.));
#7694 = ORIENTED_EDGE('',*,*,#7695,.F.);
#7695 = EDGE_CURVE('',#7688,#7688,#7696,.T.);
#7696 = CIRCLE('',#7697,8.);
#7697 = AXIS2_PLACEMENT_3D('',#7698,#7699,#7700);
#7698 = CARTESIAN_POINT('',(0.,0.,62.4));
#7699 = DIRECTION('',(0.,0.,1.));
#7700 = DIRECTION('',(1.,0.,-0.));
#7701 = ORIENTED_EDGE('',*,*,#7687,.F.);
#7702 = CYLINDRICAL_SURFACE('',#7703,8.);
#7703 = AXIS2_PLACEMENT_3D('',#7704,#7705,#7706);
#7704 = CARTESIAN_POINT('',(0.,0.,6.9));
#7705 = DIRECTION('',(0.,0.,1.));
#7706 = DIRECTION('',(1.,0.,-0.));
#7707 = ADVANCED_FACE('',(#7708),#7719,.F.);
#7708 = FACE_BOUND('',#7709,.F.);
#7709 = EDGE_LOOP('',(#7710,#7711,#7712,#7718));
#7710 = ORIENTED_EDGE('',*,*,#6790,.F.);
#7711 = ORIENTED_EDGE('',*,*,#7321,.T.);
#7712 = ORIENTED_EDGE('',*,*,#7713,.F.);
#7713 = EDGE_CURVE('',#6921,#7322,#7714,.T.);
#7714 = LINE('',#7715,#7716);
#7715 = CARTESIAN_POINT('',(12.775,-3.128972571821E-15,62.4));
#7716 = VECTOR('',#7717,1.);
#7717 = DIRECTION('',(0.,0.,1.));
#7718 = ORIENTED_EDGE('',*,*,#7018,.F.);
#7719 = CYLINDRICAL_SURFACE('',#7720,12.775);
#7720 = AXIS2_PLACEMENT_3D('',#7721,#7722,#7723);
#7721 = CARTESIAN_POINT('',(0.,0.,62.4));
#7722 = DIRECTION('',(0.,0.,1.));
#7723 = DIRECTION('',(1.,0.,-0.));
#7724 = ADVANCED_FACE('',(#7725),#7736,.F.);
#7725 = FACE_BOUND('',#7726,.F.);
#7726 = EDGE_LOOP('',(#7727,#7728,#7729,#7735));
#7727 = ORIENTED_EDGE('',*,*,#7713,.T.);
#7728 = ORIENTED_EDGE('',*,*,#7412,.T.);
#7729 = ORIENTED_EDGE('',*,*,#7730,.F.);
#7730 = EDGE_CURVE('',#6914,#7413,#7731,.T.);
#7731 = LINE('',#7732,#7733);
#7732 = CARTESIAN_POINT('',(12.775,-3.128972571821E-15,62.4));
#7733 = VECTOR('',#7734,1.);
#7734 = DIRECTION('',(0.,0.,1.));
#7735 = ORIENTED_EDGE('',*,*,#6920,.F.);
#7736 = CYLINDRICAL_SURFACE('',#7737,12.775);
#7737 = AXIS2_PLACEMENT_3D('',#7738,#7739,#7740);
#7738 = CARTESIAN_POINT('',(0.,0.,62.4));
#7739 = DIRECTION('',(0.,0.,1.));
#7740 = DIRECTION('',(1.,0.,-0.));
#7741 = ADVANCED_FACE('',(#7742),#7753,.T.);
#7742 = FACE_BOUND('',#7743,.T.);
#7743 = EDGE_LOOP('',(#7744,#7750,#7751,#7752));
#7744 = ORIENTED_EDGE('',*,*,#7745,.T.);
#7745 = EDGE_CURVE('',#7504,#6914,#7746,.T.);
#7746 = LINE('',#7747,#7748);
#7747 = CARTESIAN_POINT('',(12.775,-3.128972571821E-15,62.4));
#7748 = VECTOR('',#7749,1.);
#7749 = DIRECTION('',(0.,0.,1.));
#7750 = ORIENTED_EDGE('',*,*,#6913,.T.);
#7751 = ORIENTED_EDGE('',*,*,#7233,.T.);
#7752 = ORIENTED_EDGE('',*,*,#7601,.T.);
#7753 = PLANE('',#7754);
#7754 = AXIS2_PLACEMENT_3D('',#7755,#7756,#7757);
#7755 = CARTESIAN_POINT('',(13.136652181157,3.744869382628E-08,
    65.299998917635));
#7756 = DIRECTION('',(-5.225502852646E-08,1.,-1.109428574421E-14));
#7757 = DIRECTION('',(1.,5.225502852646E-08,-6.399395346085E-24));
#7758 = ADVANCED_FACE('',(#7759),#7780,.F.);
#7759 = FACE_BOUND('',#7760,.F.);
#7760 = EDGE_LOOP('',(#7761,#7762,#7763,#7771,#7778,#7779));
#7761 = ORIENTED_EDGE('',*,*,#7730,.T.);
#7762 = ORIENTED_EDGE('',*,*,#7503,.T.);
#7763 = ORIENTED_EDGE('',*,*,#7764,.F.);
#7764 = EDGE_CURVE('',#7765,#7504,#7767,.T.);
#7765 = VERTEX_POINT('',#7766);
#7766 = CARTESIAN_POINT('',(12.775,-3.128972571821E-15,62.4));
#7767 = LINE('',#7768,#7769);
#7768 = CARTESIAN_POINT('',(12.775,-3.128972571821E-15,62.4));
#7769 = VECTOR('',#7770,1.);
#7770 = DIRECTION('',(0.,0.,1.));
#7771 = ORIENTED_EDGE('',*,*,#7772,.T.);
#7772 = EDGE_CURVE('',#7765,#7765,#7773,.T.);
#7773 = CIRCLE('',#7774,12.775);
#7774 = AXIS2_PLACEMENT_3D('',#7775,#7776,#7777);
#7775 = CARTESIAN_POINT('',(0.,0.,62.4));
#7776 = DIRECTION('',(0.,0.,1.));
#7777 = DIRECTION('',(1.,0.,-0.));
#7778 = ORIENTED_EDGE('',*,*,#7764,.T.);
#7779 = ORIENTED_EDGE('',*,*,#7745,.T.);
#7780 = CYLINDRICAL_SURFACE('',#7781,12.775);
#7781 = AXIS2_PLACEMENT_3D('',#7782,#7783,#7784);
#7782 = CARTESIAN_POINT('',(0.,0.,62.4));
#7783 = DIRECTION('',(0.,0.,1.));
#7784 = DIRECTION('',(1.,0.,-0.));
#7785 = ADVANCED_FACE('',(#7786,#7789),#7792,.T.);
#7786 = FACE_BOUND('',#7787,.T.);
#7787 = EDGE_LOOP('',(#7788));
#7788 = ORIENTED_EDGE('',*,*,#7772,.T.);
#7789 = FACE_BOUND('',#7790,.T.);
#7790 = EDGE_LOOP('',(#7791));
#7791 = ORIENTED_EDGE('',*,*,#7695,.F.);
#7792 = PLANE('',#7793);
#7793 = AXIS2_PLACEMENT_3D('',#7794,#7795,#7796);
#7794 = CARTESIAN_POINT('',(0.,0.,62.4));
#7795 = DIRECTION('',(0.,0.,1.));
#7796 = DIRECTION('',(1.,0.,-0.));
#7797 = ( GEOMETRIC_REPRESENTATION_CONTEXT(3) 
GLOBAL_UNCERTAINTY_ASSIGNED_CONTEXT((#7801)) 
GLOBAL_UNIT_ASSIGNED_CONTEXT((#7798,#7799,#7800)) REPRESENTATION_CONTEXT
('Context #1','3D Context with UNIT and UNCERTAINTY') );
#7798 = ( LENGTH_UNIT() NAMED_UNIT(*) SI_UNIT(.MILLI.,.METRE.) );
#7799 = ( NAMED_UNIT(*) PLANE_ANGLE_UNIT() SI_UNIT($,.RADIAN.) );
#7800 = ( NAMED_UNIT(*) SI_UNIT($,.STERADIAN.) SOLID_ANGLE_UNIT() );
#7801 = UNCERTAINTY_MEASURE_WITH_UNIT(LENGTH_MEASURE(2.E-06),#7798,
  'distance_accuracy_value','confusion accuracy');
#7802 = PRODUCT_RELATED_PRODUCT_CATEGORY('part',$,(#7));
#7803 = MECHANICAL_DESIGN_GEOMETRIC_PRESENTATION_REPRESENTATION('',(
    #7804),#7797);
#7804 = STYLED_ITEM('color',(#7805),#15);
#7805 = PRESENTATION_STYLE_ASSIGNMENT((#7806,#7812));
#7806 = SURFACE_STYLE_USAGE(.BOTH.,#7807);
#7807 = SURFACE_SIDE_STYLE('',(#7808));
#7808 = SURFACE_STYLE_FILL_AREA(#7809);
#7809 = FILL_AREA_STYLE('',(#7810));
#7810 = FILL_AREA_STYLE_COLOUR('',#7811);
#7811 = COLOUR_RGB('',0.447058818107,0.474509808674,0.501960817233);
#7812 = CURVE_STYLE('',#7813,POSITIVE_LENGTH_MEASURE(0.1),#7814);
#7813 = DRAUGHTING_PRE_DEFINED_CURVE_FONT('continuous');
#7814 = COLOUR_RGB('',9.803921802644E-02,9.803921802644E-02,
  9.803921802644E-02);
ENDSEC;
END-ISO-10303-21;
